# Blender 4.3.0
# www.blender.org
mtllib Vic.mtl
o Face
v -0.042108 1.737478 0.088389
v -0.041285 1.731566 0.084578
v -0.035558 1.737765 0.089475
v -0.034910 1.731326 0.085345
v -0.042969 1.743473 0.089123
v -0.036229 1.744211 0.090273
v -0.049774 1.742700 0.084652
v -0.048425 1.736712 0.084183
v -0.046378 1.732254 0.082289
v -0.028966 1.738830 0.088492
v -0.023455 1.739488 0.084956
v -0.029359 1.744857 0.089228
v -0.023373 1.745463 0.085449
v -0.028597 1.732857 0.084668
v -0.024609 1.734714 0.083072
v -0.030324 1.751337 0.088433
v -0.031018 1.756815 0.084785
v -0.036934 1.751026 0.089409
v -0.037505 1.756995 0.085470
v -0.024900 1.751795 0.084945
v -0.026737 1.755769 0.083174
v -0.049533 1.749056 0.084182
v -0.043346 1.749962 0.088331
v -0.043700 1.755458 0.084693
v -0.048506 1.753310 0.082392
v -0.049598 1.755129 0.077982
v -0.044372 1.758691 0.078816
v -0.037852 1.760542 0.079227
v -0.045057 1.760834 0.070580
v -0.038765 1.762850 0.070581
v -0.051110 1.756425 0.070582
v -0.023977 1.759163 0.070687
v -0.030680 1.762369 0.070656
v -0.025251 1.757588 0.078061
v -0.030984 1.760127 0.078895
v -0.022791 1.733242 0.077942
v -0.027904 1.729654 0.079324
v -0.034544 1.727819 0.079644
v -0.027164 1.727595 0.070404
v -0.034284 1.725544 0.070576
v -0.021236 1.732038 0.070428
v -0.048367 1.729290 0.070576
v -0.041551 1.726144 0.070575
v -0.047137 1.730783 0.079095
v -0.041299 1.728295 0.079901
v -0.017849 1.739277 0.070479
v -0.020100 1.739477 0.078977
v -0.019837 1.745836 0.079200
v -0.017488 1.746115 0.070518
v -0.021662 1.752498 0.079051
v -0.019541 1.753259 0.070448
v -0.050994 1.736360 0.079533
v -0.052546 1.742422 0.079749
v -0.053101 1.735706 0.070574
v -0.054839 1.742177 0.070578
v -0.054319 1.749750 0.070576
v -0.052140 1.749417 0.079608
v 0.029013 1.738873 0.088302
v 0.028644 1.732900 0.084478
v 0.035605 1.737808 0.089285
v 0.034957 1.731369 0.085154
v 0.029405 1.744900 0.089038
v 0.036276 1.744254 0.090083
v 0.023420 1.745506 0.085259
v 0.023501 1.739531 0.084766
v 0.024656 1.734757 0.082882
v 0.042155 1.737522 0.088199
v 0.048472 1.736755 0.083993
v 0.043016 1.743516 0.088932
v 0.049821 1.742743 0.084462
v 0.041332 1.731609 0.084387
v 0.046425 1.732297 0.082099
v 0.043393 1.750005 0.088141
v 0.043747 1.755501 0.084503
v 0.036981 1.751069 0.089219
v 0.037552 1.757038 0.085280
v 0.049580 1.749099 0.083992
v 0.048553 1.753353 0.082202
v 0.024947 1.751838 0.084755
v 0.030371 1.751381 0.088243
v 0.031065 1.756858 0.084595
v 0.026784 1.755813 0.082984
v 0.025298 1.757631 0.077871
v 0.031031 1.760170 0.078705
v 0.037899 1.760585 0.079037
v 0.038812 1.762893 0.070391
v 0.030727 1.762412 0.070466
v 0.024024 1.759206 0.070497
v 0.051157 1.756468 0.070392
v 0.045104 1.760877 0.070390
v 0.049645 1.755173 0.077792
v 0.044419 1.758735 0.078626
v 0.047184 1.730826 0.078905
v 0.041346 1.728338 0.079711
v 0.034590 1.727862 0.079454
v 0.034331 1.725587 0.070386
v 0.041598 1.726187 0.070385
v 0.048414 1.729333 0.070385
v 0.021283 1.732081 0.070238
v 0.027211 1.727638 0.070214
v 0.022838 1.733285 0.077752
v 0.027951 1.729697 0.079134
v 0.053148 1.735749 0.070384
v 0.051041 1.736403 0.079342
v 0.052593 1.742465 0.079559
v 0.054886 1.742221 0.070388
v 0.052187 1.749461 0.079417
v 0.054366 1.749793 0.070386
v 0.020147 1.739520 0.078787
v 0.019884 1.745879 0.079009
v 0.017896 1.739320 0.070289
v 0.017535 1.746158 0.070328
v 0.019588 1.753302 0.070258
v 0.021709 1.752541 0.078861
v 0.044993 1.667060 -0.061731
v 0.059687 1.684060 -0.052204
v 0.059603 1.665990 -0.047644
v 0.045566 1.682710 -0.065888
v 0.066237 1.660740 -0.019444
v 0.067304 1.679970 -0.019143
v 0.025023 1.681420 -0.076284
v 0.024845 1.667940 -0.073053
v 0.000000 1.680440 -0.080241
v 0.000000 1.667140 -0.077559
v 0.070457 1.698010 -0.016669
v 0.080625 1.749480 0.014347
v 0.080537 1.763390 0.017637
v 0.078452 1.747380 0.026055
v 0.077822 1.760990 0.029447
v -0.045566 1.682710 -0.065888
v -0.044993 1.667060 -0.061731
v -0.059687 1.684060 -0.052204
v -0.059603 1.665990 -0.047644
v -0.066237 1.660740 -0.019444
v -0.067304 1.679970 -0.019143
v -0.025023 1.681420 -0.076284
v -0.024845 1.667940 -0.073053
v -0.070457 1.698010 -0.016669
v -0.080625 1.749480 0.014347
v -0.078452 1.747380 0.026055
v -0.080537 1.763390 0.017637
v -0.077822 1.760990 0.029447
v 0.062005 1.647440 -0.047026
v 0.068652 1.642730 -0.018787
v 0.026349 1.651629 -0.071473
v 0.045941 1.649902 -0.061310
v 0.000000 1.651489 -0.076798
v -0.062005 1.647440 -0.047026
v -0.068652 1.642730 -0.018787
v -0.026349 1.651629 -0.071473
v -0.045941 1.649902 -0.061310
v 0.007736 1.618765 0.051520
v 0.016347 1.619740 0.040227
v 0.027389 1.624752 0.048865
v 0.042953 1.635112 0.034723
v 0.035934 1.625350 0.028984
v 0.026257 1.657322 0.059530
v 0.015862 1.653822 0.057220
v 0.020991 1.659242 0.088543
v 0.013386 1.657992 0.090340
v 0.000000 1.653442 0.063298
v 0.000000 1.658182 0.092418
v 0.000000 1.617915 0.051758
v 0.000000 1.617070 0.042679
v -0.016347 1.619740 0.040227
v -0.027389 1.624752 0.048865
v -0.035934 1.625350 0.028984
v -0.042953 1.635112 0.034723
v -0.026257 1.657322 0.059530
v -0.020991 1.659242 0.088543
v -0.015862 1.653822 0.057220
v -0.013386 1.657992 0.090340
v -0.007736 1.618765 0.051520
v -0.005967 1.615130 0.073681
v -0.019322 1.618282 0.072722
v -0.006779 1.617284 0.060025
v 0.000000 1.614842 0.073927
v 0.000000 1.616707 0.060590
v 0.005967 1.615130 0.073681
v 0.006779 1.617284 0.060025
v 0.031058 1.644254 0.087215
v 0.019475 1.648257 0.097149
v 0.020076 1.637935 0.097981
v 0.009190 1.636802 0.102214
v 0.008549 1.647592 0.100022
v 0.000000 1.636895 0.103271
v 0.000000 1.647544 0.100913
v 0.008982 1.627025 0.101022
v 0.000000 1.627007 0.101495
v 0.008165 1.619925 0.094351
v 0.000000 1.620107 0.094718
v 0.000000 1.615872 0.085817
v 0.006764 1.615880 0.085424
v 0.019436 1.629207 0.096516
v 0.017679 1.621777 0.089856
v 0.017311 1.618432 0.082193
v 0.019322 1.618282 0.072722
v 0.024320 1.622660 0.059874
v -0.020076 1.637935 0.097981
v -0.019475 1.648257 0.097149
v -0.031058 1.644254 0.087215
v -0.008549 1.647592 0.100022
v -0.009190 1.636802 0.102214
v -0.008982 1.627025 0.101022
v -0.008165 1.619925 0.094351
v -0.006764 1.615880 0.085424
v -0.019436 1.629207 0.096516
v -0.017679 1.621777 0.089856
v -0.017311 1.618432 0.082193
v -0.024320 1.622660 0.059874
v -0.070372 1.697666 -0.000862
v 0.064499 1.676406 -0.000545
v 0.027874 1.662088 0.033265
v 0.033631 1.665308 0.034123
v 0.027271 1.667308 0.031253
v 0.032646 1.667418 0.057921
v 0.026585 1.665648 0.085632
v 0.022043 1.660428 0.031098
v 0.029527 1.676650 0.030900
v 0.023575 1.692600 0.051829
v 0.023389 1.686080 0.031262
v 0.031215 1.682020 0.052839
v 0.027384 1.677860 0.080981
v 0.023143 1.686440 0.083589
v 0.000000 1.695480 0.049915
v 0.000000 1.689540 0.028432
v 0.000000 1.688400 0.086930
v 0.023582 1.676120 0.029560
v 0.000000 1.682170 0.027037
v 0.070372 1.697666 -0.000862
v 0.071441 1.696156 0.004318
v -0.064499 1.676406 -0.000545
v -0.027874 1.662088 0.033265
v -0.027271 1.667308 0.031253
v -0.033631 1.665308 0.034123
v -0.026585 1.665648 0.085632
v -0.032646 1.667418 0.057921
v -0.022043 1.660428 0.031098
v -0.029527 1.676650 0.030900
v -0.023389 1.686080 0.031262
v -0.031215 1.682020 0.052839
v -0.023575 1.692600 0.051829
v -0.027384 1.677860 0.080981
v -0.023143 1.686440 0.083589
v -0.023582 1.676120 0.029560
v -0.071441 1.696156 0.004318
v -0.049833 1.641893 0.021157
v 0.059091 1.651731 0.003805
v 0.057493 1.631740 0.011944
v 0.049833 1.641893 0.021157
v -0.059091 1.651731 0.003805
v -0.057493 1.631740 0.011944
v 0.074976 1.711420 -0.019086
v 0.084636 1.730050 -0.033627
v 0.079915 1.711710 -0.022771
v 0.079041 1.732030 -0.031216
v 0.081903 1.746080 -0.021314
v 0.087618 1.744510 -0.031488
v 0.077149 1.697750 -0.009172
v 0.094856 1.740380 -0.034631
v 0.093405 1.726420 -0.035100
v 0.099409 1.726400 -0.032357
v 0.100953 1.739140 -0.031675
v 0.090117 1.714770 -0.030549
v 0.095552 1.715540 -0.028747
v 0.086614 1.706240 -0.016860
v 0.091227 1.705950 -0.015030
v 0.100153 1.739100 -0.026829
v 0.098552 1.727770 -0.027755
v 0.089636 1.740340 -0.002372
v 0.092992 1.747370 -0.003939
v 0.087425 1.742420 0.002187
v 0.092060 1.750430 -0.000814
v 0.095002 1.717810 -0.025586
v 0.091862 1.710810 -0.011441
v 0.090841 1.757860 -0.011272
v 0.086176 1.752950 -0.002251
v 0.096471 1.754890 -0.009165
v 0.094650 1.750070 -0.030814
v 0.100956 1.749750 -0.027701
v 0.080713 1.709540 0.006601
v 0.086473 1.705740 0.001423
v 0.083548 1.709640 0.002006
v 0.099940 1.746890 -0.023746
v 0.085751 1.696510 -0.000968
v 0.088507 1.698770 -0.007973
v 0.088182 1.713310 -0.009148
v 0.069092 1.710810 -0.002173
v 0.094959 1.729860 -0.026976
v 0.092221 1.718010 -0.024898
v 0.095420 1.740100 -0.025916
v 0.080813 1.724210 -0.007857
v 0.082740 1.724530 0.000451
v 0.084138 1.698260 -0.010624
v 0.078853 1.696320 0.004814
v 0.076938 1.697476 0.009067
v 0.079007 1.712830 0.010963
v 0.078452 1.694490 0.001754
v 0.082713 1.694650 -0.003060
v 0.079710 1.743520 0.005756
v 0.084350 1.735690 0.003258
v 0.096758 1.750990 -0.011334
v 0.092408 1.750320 -0.012872
v 0.088718 1.747240 -0.006721
v 0.091224 1.721180 -0.018040
v 0.083727 1.739150 -0.005786
v 0.086671 1.734080 -0.001695
v 0.095393 1.736170 -0.020728
v 0.081561 1.747170 0.002941
v 0.095249 1.749990 -0.020155
v 0.099168 1.751030 -0.019435
v 0.099394 1.755500 -0.020929
v 0.093455 1.758140 -0.023136
v -0.074976 1.711420 -0.019086
v -0.084636 1.730050 -0.033627
v -0.079041 1.732030 -0.031216
v -0.079915 1.711710 -0.022771
v -0.081903 1.746080 -0.021314
v -0.087618 1.744510 -0.031488
v -0.077149 1.697750 -0.009172
v -0.094856 1.740380 -0.034631
v -0.093405 1.726420 -0.035100
v -0.099409 1.726400 -0.032357
v -0.100953 1.739140 -0.031675
v -0.091227 1.705950 -0.015030
v -0.095552 1.715540 -0.028747
v -0.086614 1.706240 -0.016860
v -0.090117 1.714770 -0.030549
v -0.098552 1.727770 -0.027755
v -0.100153 1.739100 -0.026829
v -0.092060 1.750430 -0.000814
v -0.092992 1.747370 -0.003939
v -0.087425 1.742420 0.002187
v -0.089636 1.740340 -0.002372
v -0.095002 1.717810 -0.025586
v -0.091862 1.710810 -0.011441
v -0.090841 1.757860 -0.011272
v -0.096471 1.754890 -0.009165
v -0.086176 1.752950 -0.002251
v -0.100956 1.749750 -0.027701
v -0.094650 1.750070 -0.030814
v -0.080713 1.709540 0.006601
v -0.083548 1.709640 0.002006
v -0.086473 1.705740 0.001423
v -0.099940 1.746890 -0.023746
v -0.088507 1.698770 -0.007973
v -0.085751 1.696510 -0.000968
v -0.069092 1.710810 -0.002173
v -0.088182 1.713310 -0.009148
v -0.094959 1.729860 -0.026976
v -0.092221 1.718010 -0.024898
v -0.095420 1.740100 -0.025916
v -0.082740 1.724530 0.000451
v -0.080813 1.724210 -0.007857
v -0.084138 1.698260 -0.010624
v -0.078853 1.696320 0.004814
v -0.076938 1.697476 0.009067
v -0.079007 1.712830 0.010963
v -0.078452 1.694490 0.001754
v -0.082713 1.694650 -0.003060
v -0.096758 1.750990 -0.011334
v -0.088718 1.747240 -0.006721
v -0.092408 1.750320 -0.012872
v -0.091224 1.721180 -0.018040
v -0.086671 1.734080 -0.001695
v -0.083727 1.739150 -0.005786
v -0.095393 1.736170 -0.020728
v -0.084350 1.735690 0.003258
v -0.081561 1.747170 0.002941
v -0.079710 1.743520 0.005756
v -0.095249 1.749990 -0.020155
v -0.099168 1.751030 -0.019435
v -0.099394 1.755500 -0.020929
v -0.093455 1.758140 -0.023136
v 0.077920 1.732614 0.025072
v 0.077166 1.712036 0.023832
v 0.063023 1.660166 0.013557
v 0.067292 1.677221 0.005301
v 0.067265 1.663757 0.019335
v 0.075055 1.693817 0.022263
v 0.071430 1.677697 0.011330
v 0.071220 1.674716 0.022715
v 0.070536 1.689783 0.040154
v 0.031413 1.638013 0.083427
v 0.031611 1.630534 0.079865
v 0.039373 1.646875 0.076853
v 0.043890 1.641776 0.065655
v 0.057991 1.651806 0.026207
v 0.062828 1.657591 0.030284
v 0.050658 1.646772 0.055423
v 0.056199 1.650767 0.044843
v 0.054809 1.663657 0.061689
v 0.060973 1.666833 0.049631
v 0.044509 1.662992 0.078544
v 0.049047 1.661616 0.070253
v 0.037316 1.652114 0.082347
v 0.050947 1.679403 0.078155
v 0.045281 1.678011 0.084038
v 0.064065 1.685642 0.056185
v 0.057501 1.682010 0.069106
v 0.028553 1.625303 0.075403
v 0.039340 1.633090 0.061982
v 0.067734 1.671575 0.034788
v 0.045681 1.637642 0.051934
v 0.051389 1.643050 0.041853
v -0.067292 1.677219 0.005301
v -0.071430 1.677695 0.011330
v -0.031413 1.638012 0.083427
v -0.039373 1.646874 0.076853
v -0.031610 1.630534 0.079865
v -0.043889 1.641775 0.065654
v -0.057989 1.651803 0.026206
v -0.063022 1.660163 0.013557
v -0.062827 1.657588 0.030284
v -0.067264 1.663754 0.019335
v -0.037316 1.652114 0.082347
v -0.028552 1.625302 0.075403
v -0.039338 1.633088 0.061982
v -0.045679 1.637639 0.051934
v -0.051388 1.643048 0.041853
v -0.056198 1.650765 0.044843
v -0.050657 1.646770 0.055423
v 0.000000 1.679221 0.110673
v 0.002553 1.679617 0.110596
v 0.000000 1.682708 0.109201
v 0.002283 1.678609 0.111327
v 0.000000 1.677694 0.111042
v 0.000000 1.674750 0.110598
v 0.002494 1.674984 0.110706
v 0.003474 1.683604 0.109415
v 0.000000 1.671543 0.106786
v 0.002140 1.671586 0.106833
v 0.000000 1.670237 0.098648
v -0.002250 1.678609 0.111327
v -0.002553 1.679617 0.110596
v -0.002494 1.674984 0.110706
v -0.003474 1.683604 0.109415
v -0.002140 1.671586 0.106833
v 0.019725 1.700700 0.101400
v 0.019366 1.700297 0.100496
v 0.020126 1.704183 0.101850
v 0.019908 1.706726 0.101030
v 0.017829 1.702229 0.106477
v 0.019282 1.706810 0.104401
v 0.020139 1.707663 0.100601
v 0.018235 1.710315 0.102807
v 0.016696 1.711451 0.103121
v 0.013808 1.713676 0.109350
v 0.008887 1.717207 0.117226
v 0.014829 1.712216 0.110532
v 0.009473 1.712074 0.118686
v 0.014926 1.708140 0.112137
v 0.010856 1.708608 0.119885
v 0.013318 1.703704 0.114180
v 0.010751 1.704146 0.119645
v -0.040447 1.664764 0.083475
v -0.033334 1.660385 0.088238
v -0.035664 1.666510 0.088186
v -0.029831 1.654748 0.089432
v -0.028008 1.665768 0.093713
v -0.041206 1.677249 0.088263
v 0.008132 1.699247 0.115633
v 0.009990 1.701550 0.118299
v 0.005632 1.697317 0.116498
v 0.013532 1.698347 0.109475
v 0.013419 1.696316 0.105666
v 0.016320 1.699685 0.108635
v 0.017410 1.696979 0.103625
v 0.017254 1.696451 0.102716
v 0.013290 1.695314 0.104800
v -0.000008 1.690900 0.110382
v 0.003969 1.691741 0.110445
v -0.000010 1.692299 0.112908
v 0.004101 1.693368 0.112064
v -0.000001 1.688312 0.107893
v 0.003741 1.688421 0.108515
v 0.001975 1.685765 0.108357
v -0.000001 1.685493 0.108203
v 0.012595 1.700939 0.114860
v 0.010185 1.699393 0.115005
v 0.007597 1.711728 0.121821
v 0.004772 1.710052 0.126643
v 0.008512 1.707574 0.123362
v 0.004998 1.706680 0.127329
v 0.005511 1.718176 0.118704
v 0.004742 1.699208 0.126051
v 0.007916 1.700340 0.122947
v 0.009910 1.695859 0.108474
v 0.009478 1.701402 0.108074
v 0.006939 1.695528 0.110148
v 0.009410 1.702530 0.111597
v 0.008466 1.703004 0.123663
v 0.007136 1.702259 0.113906
v 0.005244 1.701841 0.127470
v -0.000010 1.701181 0.127580
v -0.000010 1.698609 0.126385
v -0.000010 1.694167 0.118473
v 0.003649 1.694996 0.117509
v 0.006829 1.688181 0.109207
v 0.007176 1.693080 0.109696
v 0.009943 1.694180 0.107645
v -0.000010 1.706679 0.127704
v -0.003743 1.688421 0.108515
v -0.001977 1.685765 0.108357
v -0.006830 1.688181 0.109207
v -0.004762 1.699208 0.126051
v -0.007935 1.700347 0.122945
v -0.005651 1.697324 0.116496
v -0.000010 1.710225 0.127123
v -0.000009 1.718485 0.119974
v -0.013549 1.698347 0.109475
v -0.016337 1.699685 0.108635
v -0.013437 1.696316 0.105666
v -0.017427 1.696978 0.103625
v -0.017271 1.696451 0.102715
v -0.013305 1.695314 0.104799
v -0.003984 1.691741 0.110445
v -0.004121 1.693368 0.112064
v -0.019742 1.700700 0.101400
v -0.020143 1.704183 0.101850
v -0.019383 1.700297 0.100496
v -0.019925 1.706726 0.101030
v -0.019299 1.706810 0.104401
v -0.017846 1.702229 0.106476
v -0.016711 1.711452 0.103121
v -0.020150 1.707663 0.100601
v -0.018252 1.710315 0.102807
v -0.012612 1.700939 0.114860
v -0.010202 1.699393 0.115005
v -0.004792 1.710052 0.126643
v -0.005528 1.718176 0.118704
v -0.005018 1.706680 0.127329
v -0.009490 1.712074 0.118686
v -0.008904 1.717207 0.117226
v -0.014846 1.712216 0.110532
v -0.013825 1.713676 0.109349
v -0.008149 1.699247 0.115633
v -0.010007 1.701550 0.118299
v -0.010873 1.708608 0.119885
v -0.014943 1.708140 0.112137
v -0.007616 1.711730 0.121819
v -0.008530 1.707578 0.123360
v -0.009496 1.701402 0.108074
v -0.009928 1.695859 0.108474
v -0.009428 1.702530 0.111596
v -0.006958 1.695536 0.110147
v -0.008485 1.703009 0.123662
v -0.010768 1.704146 0.119645
v -0.007154 1.702259 0.113906
v -0.005264 1.701841 0.127470
v -0.003669 1.694996 0.117509
v -0.007190 1.693080 0.109696
v -0.009956 1.694180 0.107645
v -0.013335 1.703704 0.114180
v -0.005791 1.723585 0.115418
v -0.000035 1.730898 0.111912
v -0.005440 1.730314 0.111724
v -0.000018 1.724292 0.116270
v 0.005756 1.723585 0.115418
v 0.005369 1.730314 0.111724
v 0.008877 1.722303 0.113582
v 0.008296 1.729161 0.109891
v 0.005277 1.738069 0.107110
v 0.007662 1.737291 0.105877
v 0.005080 1.744494 0.104435
v -0.000051 1.738929 0.107690
v -0.000051 1.744474 0.105612
v -0.008913 1.722303 0.113582
v -0.008362 1.729161 0.109891
v -0.005379 1.738069 0.107110
v -0.005182 1.744494 0.104435
v -0.007756 1.737291 0.105877
v -0.028846 1.672850 0.094443
v -0.027349 1.679777 0.096472
v -0.031669 1.674122 0.093071
v -0.024094 1.673795 0.097561
v -0.023580 1.672635 0.097295
v -0.016395 1.677037 0.104571
v -0.015938 1.676103 0.104901
v -0.004968 1.671700 0.106068
v -0.009332 1.671580 0.104410
v -0.005624 1.670804 0.097363
v -0.022325 1.669727 0.088867
v -0.020007 1.670753 0.090724
v -0.023216 1.671595 0.093099
v -0.021801 1.670946 0.096332
v -0.026679 1.672017 0.094524
v -0.025145 1.671283 0.093991
v -0.004812 1.679846 0.111726
v -0.005149 1.680986 0.111144
v -0.010517 1.678562 0.109218
v -0.010775 1.679715 0.108648
v -0.035907 1.675808 0.091347
v -0.038107 1.687865 0.092723
v -0.032633 1.684766 0.094440
v -0.005750 1.673409 0.094005
v 0.000000 1.673390 0.094848
v -0.011666 1.672364 0.092048
v -0.012659 1.669968 0.095256
v -0.021729 1.671139 0.087279
v -0.019592 1.672335 0.088501
v -0.020374 1.684891 0.100776
v -0.017466 1.679991 0.103200
v -0.013555 1.686525 0.104741
v -0.011362 1.682240 0.106940
v -0.025330 1.675897 0.097351
v -0.005684 1.683572 0.109913
v -0.010175 1.687451 0.107412
v -0.012310 1.692940 0.104383
v -0.016949 1.693954 0.102094
v -0.023987 1.671077 0.093557
v -0.022611 1.671577 0.096956
v -0.015079 1.672683 0.103584
v -0.010167 1.674291 0.107961
v -0.005259 1.675091 0.110243
v -0.013928 1.671286 0.101573
v -0.003722 1.750584 0.104764
v -0.067786 1.741525 0.063000
v -0.063704 1.742220 0.070811
v -0.065912 1.749175 0.067110
v -0.062299 1.747365 0.073944
v -0.021141 1.699343 0.099451
v -0.026841 1.691715 0.096948
v -0.000037 1.750424 0.105058
v -0.073173 1.743623 0.047595
v -0.072462 1.754042 0.048873
v 0.013551 1.720385 0.105850
v 0.014039 1.717254 0.107049
v 0.017298 1.714879 0.103172
v 0.012423 1.726594 0.103430
v 0.015377 1.724180 0.098932
v 0.016689 1.718187 0.101999
v 0.011708 1.733811 0.101166
v 0.014924 1.728856 0.097259
v 0.011457 1.736449 0.100382
v 0.005681 1.683571 0.109908
v 0.010766 1.679712 0.108625
v 0.011351 1.682237 0.106917
v 0.004963 1.671699 0.106062
v 0.005616 1.670803 0.097358
v 0.009317 1.671578 0.104389
v 0.005147 1.680986 0.111139
v 0.010508 1.678560 0.109196
v 0.004810 1.679845 0.111721
v 0.015921 1.676098 0.104863
v 0.016377 1.677032 0.104533
v 0.005741 1.673409 0.094000
v 0.012625 1.669964 0.095223
v 0.011628 1.672361 0.092016
v 0.020354 1.684886 0.100735
v 0.013543 1.686522 0.104714
v 0.017447 1.679986 0.103160
v 0.010171 1.687450 0.107405
v 0.012294 1.692938 0.104371
v 0.016934 1.693953 0.102081
v 0.010156 1.674289 0.107939
v 0.015058 1.672679 0.103547
v 0.005256 1.675091 0.110238
v 0.013904 1.671283 0.101538
v -0.017308 1.714879 0.103172
v -0.023505 1.714504 0.099114
v -0.021357 1.710211 0.100343
v -0.027134 1.703986 0.098518
v -0.030394 1.707404 0.097777
v -0.014055 1.717254 0.107049
v -0.034475 1.713715 0.096194
v -0.025242 1.719600 0.097523
v -0.033087 1.696077 0.096146
v -0.011536 1.736449 0.100382
v -0.015111 1.732306 0.095743
v -0.011784 1.733811 0.101166
v -0.014943 1.728856 0.097259
v -0.012487 1.726564 0.103421
v -0.015394 1.724180 0.098932
v -0.013583 1.720385 0.105850
v -0.016704 1.718187 0.101999
v -0.036303 1.718722 0.094584
v -0.025909 1.723889 0.096025
v -0.036204 1.724612 0.092477
v -0.026120 1.727381 0.094174
v 0.023572 1.672633 0.097292
v 0.024086 1.673794 0.097557
v 0.022325 1.669728 0.088885
v 0.023217 1.671596 0.093117
v 0.019995 1.670752 0.090722
v 0.021792 1.670945 0.096329
v 0.025146 1.671284 0.094008
v 0.026680 1.672018 0.094541
v 0.041207 1.677250 0.088269
v 0.038105 1.687864 0.092721
v 0.035908 1.675808 0.091356
v 0.032630 1.684765 0.094438
v 0.019579 1.672334 0.088500
v 0.021729 1.671141 0.087297
v 0.035668 1.666512 0.088204
v 0.033337 1.660387 0.088249
v 0.040448 1.664764 0.083481
v 0.029831 1.654749 0.089434
v 0.028010 1.665769 0.093724
v 0.027341 1.679775 0.096465
v 0.025322 1.675896 0.097347
v 0.031670 1.674123 0.093085
v 0.028848 1.672851 0.094460
v 0.022603 1.671576 0.096953
v 0.023988 1.671079 0.093575
v -0.057009 1.733927 0.081054
v -0.056586 1.738181 0.080431
v -0.058959 1.736637 0.078337
v -0.052170 1.741802 0.083377
v -0.053341 1.742909 0.082428
v -0.054542 1.739828 0.081710
v -0.055219 1.742114 0.081064
v -0.052140 1.743018 0.082279
v -0.051289 1.741895 0.083347
v -0.057855 1.745193 0.080483
v -0.059917 1.746749 0.077939
v -0.058819 1.741614 0.078280
v -0.061365 1.742271 0.074582
v -0.056879 1.741858 0.079940
v -0.021306 1.742847 0.085514
v -0.023322 1.744447 0.085332
v -0.021588 1.743035 0.084197
v -0.016489 1.738572 0.092602
v -0.024842 1.734244 0.091388
v -0.015684 1.735489 0.094122
v -0.025700 1.730678 0.092590
v -0.037306 1.745967 0.070018
v -0.008914 1.744438 0.103399
v -0.010428 1.748442 0.102495
v -0.062175 1.735158 0.075323
v -0.035555 1.730346 0.091135
v -0.036175 1.727814 0.091427
v -0.060657 1.731367 0.079310
v -0.055744 1.729082 0.084175
v -0.048614 1.727289 0.088790
v -0.052836 1.731811 0.085294
v -0.046730 1.730562 0.088965
v -0.011698 1.740126 0.099318
v -0.012685 1.745015 0.095865
v -0.045906 1.733078 0.089617
v -0.035679 1.733070 0.091408
v -0.050282 1.741391 0.084365
v -0.026356 1.740819 0.088648
v -0.051298 1.740958 0.085355
v -0.025989 1.740639 0.089809
v -0.020495 1.742927 0.086516
v -0.051257 1.733883 0.086263
v -0.025030 1.737040 0.090846
v -0.033835 1.738961 0.091531
v -0.034241 1.739375 0.090228
v -0.038834 1.738442 0.091767
v -0.038779 1.738882 0.090116
v -0.054797 1.735964 0.082428
v -0.035836 1.735735 0.091649
v -0.053224 1.738497 0.083659
v -0.045201 1.735597 0.090195
v -0.050022 1.736647 0.087066
v -0.025274 1.739262 0.090425
v -0.049012 1.739645 0.087303
v -0.047620 1.740000 0.086239
v -0.019299 1.742424 0.088348
v -0.017767 1.741443 0.090345
v -0.044779 1.738590 0.090489
v -0.044408 1.739004 0.088826
v -0.051085 1.720861 0.089459
v -0.059498 1.723149 0.082458
v -0.077166 1.712036 0.023832
v -0.077920 1.732614 0.025072
v -0.075055 1.693816 0.022263
v -0.071220 1.674714 0.022714
v -0.064100 1.727978 0.075854
v -0.065719 1.732522 0.071219
v -0.072742 1.711068 0.047672
v -0.070536 1.689782 0.040154
v -0.073151 1.728989 0.047456
v -0.060972 1.666831 0.049631
v -0.054809 1.663656 0.061689
v -0.044508 1.662991 0.078544
v -0.049047 1.661615 0.070253
v -0.045281 1.678011 0.084038
v -0.043006 1.690694 0.090525
v -0.052762 1.712162 0.089887
v -0.037428 1.699916 0.095181
v -0.045003 1.705587 0.093379
v -0.050267 1.694485 0.086880
v -0.064066 1.685641 0.056184
v -0.057501 1.682009 0.069106
v -0.064976 1.703650 0.066806
v -0.057391 1.698380 0.079068
v -0.069266 1.730968 0.064223
v -0.067234 1.722343 0.069472
v -0.050947 1.679402 0.078155
v -0.067734 1.671573 0.034788
v -0.063211 1.715522 0.076304
v 0.025455 1.670943 0.093535
v 0.026751 1.671030 0.093634
v 0.025447 1.669529 0.094190
v 0.024297 1.670212 0.093881
v 0.020285 1.667373 0.099249
v 0.020250 1.666054 0.099270
v 0.023406 1.671591 0.092552
v 0.022929 1.668231 0.088508
v 0.022718 1.671402 0.092876
v 0.022791 1.666952 0.089634
v 0.018513 1.667664 0.093289
v 0.029687 1.670037 0.092829
v 0.018857 1.657843 0.098961
v 0.032374 1.669756 0.091529
v 0.018966 1.671031 0.097028
v 0.023317 1.670796 0.093952
v 0.020273 1.669533 0.098868
v 0.024354 1.670969 0.093403
v 0.000000 1.675583 0.084869
v -0.006562 1.676323 0.084009
v 0.000000 1.671123 0.088720
v 0.000000 1.665653 0.089464
v 0.009005 1.666633 0.087829
v 0.008898 1.672243 0.087483
v 0.006562 1.676323 0.084009
v -0.008898 1.672243 0.087483
v -0.009005 1.666633 0.087829
v 0.008615 1.656503 0.101218
v 0.007938 1.661180 0.106605
v 0.000000 1.655937 0.102472
v 0.008475 1.662881 0.107144
v 0.000000 1.660711 0.107901
v 0.000000 1.662659 0.108530
v 0.016443 1.662985 0.103440
v 0.016775 1.664574 0.103955
v 0.012127 1.669255 0.095930
v 0.004015 1.669952 0.097529
v 0.013896 1.671093 0.100551
v 0.005670 1.671624 0.104417
v 0.000000 1.669532 0.097644
v 0.000000 1.671344 0.105157
v 0.007653 1.667376 0.107136
v 0.000000 1.667238 0.108270
v 0.016041 1.668043 0.103737
v -0.008615 1.656503 0.101218
v 0.000000 1.664712 0.059776
v 0.018771 1.670094 0.039651
v 0.017748 1.673805 0.056360
v 0.011801 1.667862 0.054562
v 0.011715 1.671395 0.059365
v 0.017694 1.679425 0.056368
v 0.019039 1.677394 0.034989
v 0.013031 1.683675 0.055543
v 0.013902 1.678624 0.033630
v 0.000000 1.683915 0.053556
v 0.000000 1.679264 0.032713
v 0.000000 1.669085 0.060620
v 0.016570 1.671912 0.068889
v 0.015819 1.676802 0.070748
v 0.000000 1.680292 0.068576
v 0.010494 1.680912 0.069600
v -0.011715 1.671395 0.059365
v -0.017748 1.673805 0.056360
v -0.011801 1.667862 0.054562
v -0.018771 1.670094 0.039651
v -0.019039 1.677394 0.034989
v -0.017694 1.679425 0.056368
v -0.013902 1.678624 0.033630
v -0.013031 1.683675 0.055543
v -0.016570 1.671912 0.068889
v -0.015819 1.676802 0.070748
v -0.010494 1.680912 0.069600
v -0.066676 1.817730 0.055258
v -0.062267 1.803450 0.070626
v -0.053808 1.825520 0.068825
v 0.066676 1.817730 0.055258
v 0.062267 1.803450 0.070626
v 0.074318 1.794360 0.047841
v 0.037684 1.832480 0.076145
v 0.023921 1.834600 0.080002
v 0.034837 1.813970 0.088051
v 0.021754 1.814980 0.091997
v 0.009279 1.815300 0.094423
v 0.010906 1.836190 0.082092
v -0.000000 1.836620 0.083211
v -0.000000 1.815340 0.095387
v 0.053808 1.825520 0.068825
v 0.050789 1.810070 0.082102
v 0.077364 1.775420 0.037793
v -0.074318 1.794360 0.047841
v -0.021754 1.814980 0.091997
v -0.023921 1.834600 0.080002
v -0.034837 1.813970 0.088051
v -0.037684 1.832480 0.076145
v -0.009279 1.815300 0.094423
v -0.010906 1.836190 0.082092
v -0.050789 1.810070 0.082102
v -0.077364 1.775420 0.037793
v 0.057369 1.698380 0.079033
v 0.052723 1.712162 0.089826
v 0.050253 1.694485 0.086857
v 0.072728 1.711068 0.047649
v 0.003640 1.750584 0.104753
v -0.000017 1.758127 0.106228
v 0.067742 1.741525 0.062929
v 0.065867 1.749175 0.067039
v 0.063644 1.742220 0.070715
v 0.062239 1.747365 0.073848
v 0.073140 1.728989 0.047439
v 0.073166 1.743623 0.047584
v 0.021344 1.710211 0.100332
v 0.021129 1.699343 0.099446
v 0.027122 1.703986 0.098507
v 0.030378 1.707404 0.097754
v 0.023486 1.714504 0.099091
v 0.034437 1.713715 0.096136
v 0.025210 1.719600 0.097476
v 0.043003 1.690694 0.090519
v 0.033077 1.696075 0.096128
v 0.026828 1.691711 0.096923
v 0.051025 1.720861 0.089363
v 0.036259 1.718722 0.094513
v 0.036152 1.724612 0.092394
v 0.015071 1.732306 0.095708
v 0.025864 1.723889 0.095954
v 0.026061 1.727381 0.094079
v 0.037413 1.699916 0.095157
v 0.044974 1.705587 0.093332
v 0.064954 1.703650 0.066771
v 0.067190 1.722343 0.069401
v 0.069222 1.730968 0.064152
v 0.065659 1.732522 0.071123
v 0.064039 1.727978 0.075757
v 0.072455 1.754042 0.048862
v 0.063167 1.715522 0.076233
v 0.059437 1.723149 0.082361
v -0.026640 1.746555 0.089283
v -0.051028 1.749607 0.086899
v -0.053538 1.743796 0.083473
v -0.050087 1.748555 0.086751
v -0.052411 1.743676 0.083453
v -0.054966 1.743979 0.082942
v -0.051505 1.749382 0.088336
v -0.031170 1.752762 0.093021
v -0.030897 1.749778 0.091302
v -0.023607 1.749888 0.090681
v -0.025280 1.747051 0.089454
v -0.019499 1.745943 0.088359
v -0.018133 1.745986 0.090766
v -0.052237 1.750065 0.087861
v -0.056222 1.744383 0.081653
v -0.023342 1.744933 0.087124
v -0.022569 1.744903 0.087683
v -0.031910 1.748977 0.091346
v -0.031297 1.753643 0.092913
v -0.022726 1.750299 0.092656
v -0.038574 1.751593 0.092535
v -0.039111 1.753552 0.092942
v -0.038232 1.750580 0.091745
v -0.042224 1.753597 0.092661
v -0.044284 1.750131 0.089843
v -0.044740 1.751553 0.091274
v -0.044473 1.753034 0.092079
v -0.016440 1.662985 0.103440
v -0.016772 1.664574 0.103955
v -0.020246 1.666054 0.099265
v -0.008475 1.662881 0.107144
v -0.007936 1.661180 0.106605
v -0.024291 1.670210 0.093863
v -0.025449 1.670941 0.093511
v -0.025441 1.669527 0.094172
v -0.026745 1.671028 0.093610
v -0.020281 1.667373 0.099244
v -0.023400 1.671588 0.092528
v -0.022712 1.671401 0.092857
v -0.022923 1.668228 0.088484
v -0.022786 1.666951 0.089616
v -0.018509 1.667664 0.093284
v -0.012124 1.669255 0.095930
v -0.004015 1.669952 0.097529
v -0.029681 1.670035 0.092805
v -0.018855 1.657843 0.098961
v -0.032368 1.669753 0.091505
v -0.018962 1.671031 0.097023
v -0.013893 1.671093 0.100551
v -0.005670 1.671624 0.104417
v -0.007652 1.667419 0.107136
v -0.016038 1.668043 0.103737
v -0.020269 1.669532 0.098863
v -0.023311 1.670794 0.093934
v -0.024348 1.670967 0.093379
v 0.048560 1.727294 0.088670
v 0.052830 1.731832 0.085149
v 0.046732 1.730582 0.088832
v 0.060587 1.731372 0.079166
v 0.062106 1.735163 0.075179
v 0.053387 1.742952 0.082238
v 0.054587 1.739870 0.081525
v 0.055264 1.742156 0.080878
v 0.061296 1.742276 0.074439
v 0.059848 1.746754 0.077795
v 0.058798 1.741636 0.078112
v 0.057835 1.745215 0.080315
v 0.056610 1.738216 0.080252
v 0.056902 1.741893 0.079761
v 0.023368 1.744491 0.085142
v 0.021352 1.742890 0.085323
v 0.021634 1.743078 0.084006
v 0.025645 1.730683 0.092471
v 0.024837 1.734265 0.091243
v 0.015658 1.735494 0.094043
v 0.016488 1.738593 0.092464
v 0.037352 1.746010 0.069827
v 0.010356 1.748446 0.102406
v 0.008835 1.744442 0.103376
v 0.056993 1.733949 0.080893
v 0.058939 1.736658 0.078170
v 0.051335 1.741939 0.083157
v 0.052186 1.743061 0.082089
v 0.036126 1.727819 0.091317
v 0.035557 1.730367 0.091002
v 0.055682 1.729087 0.084044
v 0.011624 1.740131 0.099273
v 0.012645 1.745037 0.095712
v -0.032655 1.797003 0.096056
v -0.019567 1.796574 0.099631
v -0.017742 1.746515 0.095404
v -0.022228 1.748456 0.095070
v -0.030462 1.751498 0.095666
v -0.008649 1.795683 0.101698
v -0.000022 1.794995 0.102379
v 0.031215 1.752803 0.092836
v 0.038620 1.751636 0.092345
v 0.039156 1.753594 0.092757
v 0.051074 1.749650 0.086709
v 0.050133 1.748598 0.086561
v 0.053584 1.743839 0.083282
v 0.052457 1.743720 0.083263
v 0.051550 1.749424 0.088151
v 0.055011 1.744021 0.082757
v 0.025326 1.747095 0.089264
v 0.030943 1.749821 0.091112
v 0.023651 1.749930 0.090496
v 0.019344 1.742465 0.088163
v 0.019544 1.745985 0.088174
v 0.017790 1.741478 0.090166
v 0.018157 1.746021 0.090586
v 0.052260 1.750100 0.087681
v 0.056245 1.744418 0.081474
v 0.052276 1.741838 0.083277
v 0.023388 1.744976 0.086934
v 0.020541 1.742970 0.086326
v 0.022615 1.744947 0.087493
v 0.026686 1.746599 0.089093
v 0.031956 1.749020 0.091156
v 0.022750 1.750334 0.092476
v 0.031320 1.753679 0.092734
v 0.038278 1.750623 0.091555
v 0.042247 1.753632 0.092481
v 0.044330 1.750174 0.089653
v 0.044786 1.751596 0.091084
v 0.044518 1.753076 0.091894
v 0.017726 1.746536 0.095244
v 0.022179 1.748470 0.094902
v 0.030420 1.751514 0.095498
v 0.008601 1.795682 0.101622
v 0.019516 1.796574 0.099549
v 0.032603 1.797003 0.095973
v -0.042476 1.752318 0.096921
v -0.057423 1.753337 0.088105
v -0.054692 1.747235 0.087663
v -0.032817 1.780827 0.099776
v -0.070562 1.787004 0.059414
v -0.060736 1.793604 0.076957
v -0.058589 1.758855 0.088027
v -0.042035 1.751710 0.093828
v -0.030871 1.753726 0.099672
v -0.052578 1.747918 0.087248
v -0.065358 1.774542 0.071876
v -0.059585 1.776418 0.082329
v -0.044946 1.764010 0.100163
v -0.043761 1.758080 0.099123
v -0.072372 1.770447 0.051316
v -0.066186 1.767044 0.068654
v -0.059156 1.767926 0.084721
v -0.045809 1.778834 0.094819
v -0.045255 1.770026 0.098077
v -0.047687 1.796376 0.089591
v 0.033881 1.739005 0.091341
v 0.025319 1.739303 0.090240
v 0.035881 1.735776 0.091464
v 0.050328 1.741435 0.084175
v 0.026402 1.740862 0.088458
v 0.051344 1.741001 0.085165
v 0.026035 1.740682 0.089619
v 0.051281 1.733918 0.086083
v 0.045927 1.733110 0.089449
v 0.025054 1.737075 0.090667
v 0.035700 1.733102 0.091240
v 0.038825 1.738925 0.089926
v 0.034287 1.739418 0.090038
v 0.038880 1.738485 0.091577
v 0.054821 1.736000 0.082246
v 0.053269 1.738539 0.083474
v 0.050067 1.736689 0.086881
v 0.045245 1.735638 0.090010
v 0.049058 1.739688 0.087112
v 0.047666 1.740043 0.086049
v 0.044825 1.738633 0.090298
v 0.044454 1.739047 0.088635
v 0.059066 1.767925 0.084578
v 0.045720 1.778834 0.094676
v 0.045166 1.770025 0.097934
v 0.032729 1.780827 0.099635
v 0.060700 1.793604 0.076899
v 0.070541 1.787004 0.059379
v 0.054608 1.747241 0.087496
v 0.057333 1.753336 0.087962
v 0.058499 1.758854 0.087884
v 0.041995 1.751726 0.093660
v 0.042392 1.752324 0.096753
v 0.030792 1.753732 0.099507
v 0.052536 1.747934 0.087080
v 0.059495 1.776418 0.082186
v 0.065299 1.774542 0.071782
v 0.043672 1.758079 0.098980
v 0.044857 1.764010 0.100020
v 0.072358 1.770447 0.051294
v 0.066137 1.767044 0.068577
v 0.047644 1.796375 0.089521
v -0.003862 1.758322 0.106242
v 0.003822 1.758322 0.106207
v 0.004620 1.768166 0.106809
v -0.000019 1.768543 0.106695
v -0.000029 1.779436 0.104905
v -0.004665 1.768166 0.106880
v 0.008384 1.777664 0.104920
v 0.012652 1.769264 0.105823
v 0.019859 1.781195 0.103327
v 0.021959 1.752596 0.100587
v 0.022281 1.759437 0.104427
v 0.031612 1.759949 0.102959
v 0.015164 1.757445 0.105429
v 0.014484 1.751878 0.101752
v 0.032553 1.771889 0.101969
v 0.032626 1.765507 0.104299
v 0.008217 1.765268 0.106894
v 0.006990 1.757493 0.106259
v 0.010822 1.753426 0.104337
v 0.007296 1.749840 0.104372
v 0.010635 1.757165 0.106054
v 0.014604 1.764376 0.106601
v 0.022285 1.765797 0.106065
v 0.010856 1.762517 0.106882
v 0.021558 1.772112 0.104933
v -0.019944 1.781196 0.103464
v -0.021647 1.772112 0.105076
v -0.031702 1.759950 0.103102
v -0.022371 1.759437 0.104570
v -0.022043 1.752591 0.100754
v -0.015254 1.757445 0.105572
v -0.014568 1.751873 0.101919
v -0.032715 1.765508 0.104442
v -0.032642 1.771889 0.102112
v -0.007056 1.757493 0.106347
v -0.008293 1.765267 0.107014
v -0.010912 1.753426 0.104480
v -0.007407 1.749818 0.104442
v -0.010725 1.757165 0.106197
v -0.008458 1.777664 0.105038
v -0.014694 1.764376 0.106744
v -0.022374 1.765797 0.106208
v -0.010945 1.762516 0.107025
v -0.012739 1.769264 0.105962
v 0.022188 1.671546 0.092354
v 0.030031 1.674116 0.082688
v 0.022188 1.685806 0.092352
v 0.030031 1.686326 0.082686
v 0.011660 1.671876 0.097304
v 0.012170 1.686096 0.097302
v 0.000000 1.671786 0.098223
v 0.000000 1.685966 0.098221
v 0.000000 1.671136 0.094999
v 0.011136 1.671166 0.094700
v 0.020464 1.670856 0.089936
v 0.026832 1.672656 0.082689
v 0.033143 1.673736 0.058704
v 0.033099 1.685986 0.058865
v 0.029945 1.672786 0.059400
v -0.022188 1.671546 0.092354
v -0.022188 1.685806 0.092352
v -0.030031 1.674116 0.082688
v -0.030031 1.686326 0.082686
v -0.012170 1.686096 0.097302
v -0.011660 1.671876 0.097304
v -0.011136 1.671166 0.094700
v -0.020464 1.670856 0.089936
v -0.026832 1.672656 0.082689
v -0.033099 1.685986 0.058865
v -0.033143 1.673736 0.058704
v -0.029945 1.672786 0.059400
v 0.021544 1.671302 0.089992
v 0.021544 1.657053 0.089993
v 0.029159 1.668922 0.080326
v 0.029159 1.656523 0.080327
v 0.011817 1.656762 0.094943
v 0.011322 1.670972 0.094942
v 0.000000 1.671072 0.095860
v 0.000000 1.656883 0.095862
v 0.000000 1.671723 0.092636
v 0.010812 1.671692 0.092337
v 0.019870 1.671993 0.087574
v 0.026053 1.670372 0.080327
v 0.032139 1.656862 0.056506
v 0.032182 1.669292 0.056342
v 0.029076 1.670242 0.057038
v -0.021544 1.671302 0.089992
v -0.029160 1.668922 0.080326
v -0.021544 1.657053 0.089993
v -0.029160 1.656523 0.080327
v -0.011322 1.670972 0.094942
v -0.011817 1.656762 0.094943
v -0.010812 1.671692 0.092337
v -0.019870 1.671993 0.087574
v -0.026053 1.670372 0.080327
v -0.032182 1.669292 0.056342
v -0.032139 1.656862 0.056506
v -0.029076 1.670242 0.057038
v 0.005999 1.727660 -0.005999
v -0.005999 1.727660 -0.005999
v 0.005999 1.715670 -0.005999
v -0.005999 1.715670 -0.005999
v 0.005999 1.715670 -0.005999
v -0.005999 1.715670 -0.005999
v 0.005999 1.715670 0.005999
v -0.005999 1.715670 0.005999
v 0.005999 1.715670 0.005999
v -0.005999 1.715670 0.005999
v 0.005999 1.727660 0.005999
v -0.005999 1.727660 0.005999
v 0.005999 1.727660 0.005999
v -0.005999 1.727660 0.005999
v 0.005999 1.727660 -0.005999
v -0.005999 1.727660 -0.005999
v -0.005999 1.727660 -0.005999
v -0.005999 1.727660 0.005999
v -0.005999 1.715670 -0.005999
v -0.005999 1.715670 0.005999
v 0.005999 1.727660 0.005999
v 0.005999 1.727660 -0.005999
v 0.005999 1.715670 0.005999
v 0.005999 1.715670 -0.005999
v 0.022169 1.747127 0.091477
v 0.024750 1.749954 0.094873
v 0.026685 1.746599 0.089091
v 0.031954 1.749020 0.091153
v 0.031411 1.755767 0.099025
v 0.035366 1.757313 0.099598
v 0.038278 1.750623 0.091555
v 0.040197 1.758093 0.099602
v 0.046582 1.758452 0.098587
v 0.027502 1.752908 0.097328
v 0.050133 1.748598 0.086561
v 0.056736 1.751683 0.091708
v 0.058217 1.747785 0.088401
v 0.054350 1.755187 0.095472
v 0.044330 1.750174 0.089653
v 0.050919 1.757234 0.098238
v 0.023388 1.744976 0.086934
v 0.052457 1.743720 0.083263
v 0.058217 1.747785 0.088401
v 0.058572 1.744068 0.084392
v 0.052457 1.743720 0.083263
v 0.022169 1.747127 0.091477
v 0.026685 1.746599 0.089091
v 0.024750 1.749954 0.094873
v 0.031954 1.749020 0.091153
v 0.035366 1.757313 0.099598
v 0.031411 1.755767 0.099025
v 0.038278 1.750623 0.091555
v 0.046582 1.758452 0.098587
v 0.040197 1.758093 0.099602
v 0.027502 1.752908 0.097328
v 0.050133 1.748598 0.086561
v 0.058217 1.747785 0.088401
v 0.056736 1.751683 0.091708
v 0.052457 1.743720 0.083263
v 0.058572 1.744068 0.084392
v 0.058217 1.747785 0.088401
v 0.054350 1.755187 0.095472
v 0.050919 1.757234 0.098238
v 0.044330 1.750174 0.089653
v 0.023388 1.744976 0.086934
v 0.052457 1.743720 0.083263
v -0.021984 1.747420 0.091214
v -0.026656 1.746714 0.089281
v -0.024721 1.750070 0.095063
v -0.031908 1.748977 0.091343
v -0.035320 1.757270 0.099788
v -0.031088 1.755755 0.099041
v -0.038232 1.750580 0.091745
v -0.046536 1.758409 0.098777
v -0.040151 1.758050 0.099793
v -0.027474 1.753023 0.097518
v -0.050087 1.748555 0.086751
v -0.058171 1.747742 0.088591
v -0.056690 1.751640 0.091899
v -0.052411 1.743676 0.083453
v -0.058526 1.744025 0.084582
v -0.058171 1.747742 0.088591
v -0.054304 1.755143 0.095662
v -0.050873 1.757191 0.098428
v -0.044284 1.750131 0.089843
v -0.023395 1.745409 0.087124
v -0.052411 1.743676 0.083453
v -0.021984 1.747420 0.091214
v -0.024721 1.750070 0.095063
v -0.026656 1.746714 0.089281
v -0.031908 1.748977 0.091343
v -0.031088 1.755755 0.099041
v -0.035320 1.757270 0.099788
v -0.038232 1.750580 0.091745
v -0.040151 1.758050 0.099793
v -0.046536 1.758409 0.098777
v -0.027474 1.753023 0.097518
v -0.050087 1.748555 0.086751
v -0.056690 1.751640 0.091899
v -0.058171 1.747742 0.088591
v -0.054304 1.755143 0.095662
v -0.044284 1.750131 0.089843
v -0.050873 1.757191 0.098428
v -0.023395 1.745409 0.087124
v -0.052411 1.743676 0.083453
v -0.058171 1.747742 0.088591
v -0.058526 1.744025 0.084582
v -0.052411 1.743676 0.083453
vn -0.3159 -0.3612 0.8774
vn -0.2504 -0.6930 0.6760
vn 0.0263 -0.3399 0.9401
vn 0.0723 -0.7040 0.7065
vn -0.3655 -0.0355 0.9301
vn -0.0091 0.0001 1.0000
vn -0.7258 -0.0704 0.6843
vn -0.6570 -0.3822 0.6498
vn -0.5208 -0.6294 0.5767
vn 0.3709 -0.2925 0.8814
vn 0.7153 -0.2491 0.6529
vn 0.3489 0.0376 0.9364
vn 0.7196 0.0784 0.6900
vn 0.3993 -0.6379 0.6585
vn 0.6473 -0.5230 0.5545
vn 0.3044 0.3683 0.8784
vn 0.2571 0.7197 0.6449
vn -0.0451 0.3452 0.9374
vn -0.0834 0.7251 0.6836
vn 0.6479 0.3958 0.6509
vn 0.5226 0.6521 0.5492
vn -0.7192 0.2629 0.6431
vn -0.3930 0.2975 0.8701
vn -0.4105 0.6493 0.6403
vn -0.6420 0.5402 0.5441
vn -0.7135 0.6065 0.3507
vn -0.4249 0.8262 0.3698
vn -0.1061 0.9169 0.3847
vn -0.4340 0.8615 0.2637
vn -0.1138 0.9568 0.2676
vn -0.7395 0.6244 0.2515
vn 0.6127 0.7465 0.2595
vn 0.2446 0.9338 0.2611
vn 0.5911 0.7255 0.3525
vn 0.2434 0.8979 0.3668
vn 0.7307 -0.5867 0.3490
vn 0.4295 -0.8241 0.3693
vn 0.0993 -0.9133 0.3950
vn 0.4380 -0.8659 0.2416
vn 0.1022 -0.9654 0.2400
vn 0.7533 -0.6095 0.2470
vn -0.6180 -0.7533 0.2249
vn -0.2431 -0.9429 0.2278
vn -0.5964 -0.7191 0.3567
vn -0.2351 -0.8924 0.3851
vn 0.9371 -0.2370 0.2562
vn 0.9014 -0.2344 0.3640
vn 0.9190 0.1026 0.3806
vn 0.9593 0.1086 0.2606
vn 0.8309 0.4202 0.3647
vn 0.8654 0.4302 0.2570
vn -0.8435 -0.4050 0.3527
vn -0.9238 -0.0900 0.3722
vn -0.8775 -0.4186 0.2341
vn -0.9943 -0.0630 0.0858
vn -0.9363 0.2539 0.2426
vn -0.8976 0.2553 0.3594
vn -0.3709 -0.2925 0.8814
vn -0.3993 -0.6379 0.6585
vn -0.0263 -0.3398 0.9401
vn -0.0723 -0.7040 0.7065
vn -0.3489 0.0376 0.9364
vn 0.0091 0.0001 1.0000
vn -0.7195 0.0784 0.6901
vn -0.7153 -0.2491 0.6529
vn -0.6473 -0.5229 0.5545
vn 0.3158 -0.3612 0.8774
vn 0.6570 -0.3822 0.6498
vn 0.3655 -0.0355 0.9302
vn 0.7258 -0.0704 0.6842
vn 0.2504 -0.6931 0.6760
vn 0.5208 -0.6295 0.5767
vn 0.3930 0.2975 0.8701
vn 0.4105 0.6492 0.6403
vn 0.0453 0.3449 0.9375
vn 0.0834 0.7251 0.6836
vn 0.7192 0.2629 0.6432
vn 0.6420 0.5402 0.5441
vn -0.6479 0.3958 0.6508
vn -0.3044 0.3683 0.8785
vn -0.2571 0.7197 0.6449
vn -0.5226 0.6521 0.5492
vn -0.5911 0.7255 0.3526
vn -0.2434 0.8979 0.3668
vn 0.1060 0.9169 0.3847
vn 0.1138 0.9568 0.2676
vn -0.2446 0.9338 0.2612
vn -0.6127 0.7465 0.2595
vn 0.7395 0.6244 0.2515
vn 0.4340 0.8614 0.2638
vn 0.7136 0.6065 0.3508
vn 0.4249 0.8262 0.3699
vn 0.5963 -0.7191 0.3567
vn 0.2350 -0.8925 0.3851
vn -0.0993 -0.9133 0.3951
vn -0.1022 -0.9654 0.2400
vn 0.2431 -0.9429 0.2278
vn 0.6180 -0.7533 0.2249
vn -0.7533 -0.6095 0.2470
vn -0.4381 -0.8659 0.2416
vn -0.7307 -0.5867 0.3490
vn -0.4295 -0.8241 0.3693
vn 0.8775 -0.4186 0.2341
vn 0.8435 -0.4050 0.3527
vn 0.9238 -0.0900 0.3722
vn 0.9656 -0.0945 0.2421
vn 0.8976 0.2553 0.3594
vn 0.9363 0.2539 0.2426
vn -0.9015 -0.2343 0.3640
vn -0.9190 0.1026 0.3806
vn -0.9371 -0.2370 0.2562
vn -0.9840 0.1562 0.0858
vn -0.8654 0.4303 0.2570
vn -0.8309 0.4202 0.3647
vn 0.6418 -0.1269 -0.7563
vn 0.9016 -0.2032 -0.3819
vn 0.9135 -0.1274 -0.3864
vn 0.5849 -0.2799 -0.7613
vn 0.9856 -0.1686 0.0146
vn 0.9788 -0.1869 -0.0834
vn 0.3142 -0.2900 -0.9040
vn 0.3283 -0.1135 -0.9377
vn -0.0000 -0.2913 -0.9566
vn -0.0000 -0.1179 -0.9930
vn 0.9629 -0.2465 -0.1093
vn 0.9865 -0.0859 0.1392
vn 0.9837 -0.0429 0.1743
vn 0.9811 -0.0383 0.1895
vn 0.9710 -0.0461 0.2346
vn -0.5849 -0.2799 -0.7613
vn -0.6418 -0.1269 -0.7563
vn -0.9016 -0.2032 -0.3819
vn -0.9135 -0.1274 -0.3864
vn -0.9856 -0.1686 0.0146
vn -0.9788 -0.1869 -0.0834
vn -0.3142 -0.2900 -0.9040
vn -0.3283 -0.1135 -0.9377
vn -0.9630 -0.2461 -0.1096
vn -0.9864 -0.0863 0.1399
vn -0.9811 -0.0383 0.1896
vn -0.9837 -0.0427 0.1745
vn -0.9710 -0.0461 0.2346
vn 0.9520 -0.0396 -0.3034
vn 0.9852 -0.1143 0.1274
vn 0.3187 0.0170 -0.9477
vn 0.6917 -0.0117 -0.7221
vn -0.0000 -0.0015 -1.0000
vn -0.9520 -0.0396 -0.3034
vn -0.9852 -0.1143 0.1274
vn -0.3187 0.0170 -0.9477
vn -0.6917 -0.0117 -0.7221
vn 0.2019 -0.9764 0.0772
vn 0.4107 -0.8028 0.4323
vn 0.4739 -0.8767 0.0827
vn 0.6724 -0.7365 0.0739
vn 0.7458 -0.5386 0.3921
vn -0.5700 0.8206 -0.0418
vn 0.1779 0.9357 0.3046
vn -0.5605 0.6675 -0.4902
vn -0.1928 0.8031 -0.5638
vn -0.0000 0.8583 0.5131
vn -0.0000 0.6977 -0.7164
vn -0.0000 -0.9982 0.0608
vn -0.0000 -0.9284 0.3716
vn -0.4107 -0.8028 0.4323
vn -0.4740 -0.8766 0.0828
vn -0.7457 -0.5386 0.3921
vn -0.6724 -0.7365 0.0739
vn 0.5700 0.8206 -0.0418
vn 0.5605 0.6675 -0.4902
vn -0.1779 0.9357 0.3046
vn 0.1928 0.8031 -0.5638
vn -0.2019 -0.9764 0.0772
vn -0.1401 -0.9901 -0.0123
vn -0.4107 -0.9114 0.0280
vn -0.1739 -0.9819 -0.0752
vn -0.0000 -1.0000 0.0021
vn -0.0000 -0.9980 -0.0628
vn 0.1401 -0.9901 -0.0123
vn 0.1739 -0.9819 -0.0752
vn 0.7275 -0.1755 0.6633
vn 0.4689 -0.0453 0.8821
vn 0.5526 -0.0581 0.8314
vn 0.2247 0.0164 0.9743
vn 0.1990 0.0222 0.9798
vn -0.0000 0.0308 0.9995
vn -0.0000 0.0309 0.9995
vn 0.2410 -0.4392 0.8654
vn -0.0000 -0.4435 0.8963
vn 0.1949 -0.8074 0.5569
vn -0.0000 -0.8110 0.5850
vn -0.0000 -0.9638 0.2665
vn 0.1465 -0.9577 0.2477
vn 0.6070 -0.3818 0.6970
vn 0.5442 -0.6897 0.4776
vn 0.4474 -0.8619 0.2388
vn 0.4107 -0.9114 0.0280
vn 0.4260 -0.9039 -0.0385
vn -0.5526 -0.0581 0.8314
vn -0.4689 -0.0453 0.8821
vn -0.7275 -0.1755 0.6633
vn -0.1989 0.0222 0.9798
vn -0.2247 0.0164 0.9743
vn -0.2410 -0.4392 0.8654
vn -0.1949 -0.8074 0.5569
vn -0.1465 -0.9577 0.2477
vn -0.6070 -0.3818 0.6970
vn -0.5442 -0.6897 0.4776
vn -0.4474 -0.8619 0.2388
vn -0.4260 -0.9039 -0.0385
vn -0.6034 -0.6982 -0.3852
vn 0.9580 -0.2408 -0.1557
vn -0.4933 0.6328 0.5968
vn -0.7586 0.2773 0.5895
vn -0.2936 0.1414 0.9454
vn -0.9674 0.2390 -0.0837
vn -0.9522 0.0225 -0.3046
vn 0.4952 0.5042 0.7075
vn -0.7235 -0.2184 0.6548
vn -0.5397 -0.8410 0.0378
vn -0.4080 -0.5293 0.7439
vn -0.9292 -0.3689 -0.0239
vn -0.9082 -0.2929 -0.2989
vn -0.5856 -0.5532 -0.5925
vn -0.0000 -0.9988 0.0480
vn -0.0000 -0.6667 0.7453
vn -0.0003 -0.6437 -0.7652
vn 0.2762 0.3674 0.8881
vn -0.0000 0.6030 0.7978
vn 0.6034 -0.6982 -0.3852
vn 0.4746 -0.8258 -0.3047
vn -0.9580 -0.2407 -0.1558
vn 0.4933 0.6328 0.5968
vn 0.2936 0.1414 0.9454
vn 0.7587 0.2773 0.5895
vn 0.9522 0.0224 -0.3046
vn 0.9674 0.2390 -0.0837
vn -0.4952 0.5042 0.7075
vn 0.7235 -0.2184 0.6548
vn 0.4080 -0.5293 0.7439
vn 0.9292 -0.3689 -0.0239
vn 0.5397 -0.8410 0.0378
vn 0.9082 -0.2929 -0.2989
vn 0.5856 -0.5532 -0.5925
vn -0.2762 0.3674 0.8881
vn -0.4746 -0.8258 -0.3047
vn -0.7999 -0.5960 0.0703
vn 0.9250 -0.3771 0.0465
vn 0.9023 -0.2251 0.3675
vn 0.7999 -0.5960 0.0703
vn -0.9250 -0.3771 0.0465
vn -0.9023 -0.2251 0.3675
vn 0.0835 -0.6879 -0.7210
vn -0.4755 -0.0371 -0.8789
vn -0.2977 -0.5887 -0.7515
vn 0.2104 -0.1413 -0.9673
vn -0.6485 0.6690 -0.3631
vn -0.4274 0.3891 -0.8161
vn -0.2823 -0.8376 -0.4677
vn 0.1231 0.2127 -0.9693
vn 0.0395 -0.1723 -0.9842
vn 0.8714 -0.2651 -0.4127
vn 0.8994 0.0375 -0.4356
vn -0.0063 -0.6597 -0.7515
vn 0.7937 -0.5378 -0.2843
vn 0.1358 -0.7648 -0.6298
vn 0.7649 -0.5899 -0.2587
vn 0.6809 -0.2058 0.7029
vn 0.6871 -0.1137 0.7176
vn 0.8812 -0.4394 -0.1744
vn 0.8162 -0.5753 -0.0539
vn 0.6243 -0.0141 0.7810
vn 0.6501 0.2421 0.7202
vn 0.7662 0.1851 0.6154
vn 0.9066 0.2091 0.3666
vn -0.2775 0.9490 0.1496
vn -0.3822 0.8083 0.4478
vn 0.7703 0.4855 0.4133
vn 0.0238 0.5635 -0.8258
vn 0.8962 0.3024 -0.3246
vn 0.8957 0.0412 0.4428
vn 0.8522 0.1011 0.5134
vn 0.8586 0.4863 0.1624
vn 0.7012 -0.3009 0.6463
vn 0.6939 -0.6224 0.3620
vn 0.8622 -0.5061 -0.0234
vn 0.5051 0.6958 0.5107
vn 0.6138 0.5584 0.5580
vn 0.7450 -0.0778 0.6625
vn 0.7264 0.3208 0.6077
vn 0.6537 -0.2768 0.7044
vn 0.9503 -0.2747 0.1463
vn 0.9598 -0.0779 0.2696
vn 0.1659 -0.7933 -0.5858
vn 0.5354 -0.6263 0.5667
vn 0.9161 -0.3957 0.0650
vn 0.9521 -0.0535 0.3011
vn -0.0709 -0.9942 0.0813
vn 0.1448 -0.9779 -0.1506
vn 0.8877 -0.0118 0.4603
vn 0.8211 -0.1520 0.5501
vn 0.7379 -0.6615 0.1338
vn 0.6869 -0.6917 0.2227
vn 0.6818 -0.6964 -0.2239
vn 0.7817 0.1034 0.6150
vn 0.8999 -0.3465 -0.2647
vn 0.9127 -0.3214 -0.2523
vn 0.9206 -0.1195 0.3718
vn 0.3646 0.4215 0.8303
vn 0.7648 -0.4990 0.4075
vn 0.7535 -0.4975 0.4298
vn 0.8668 0.4986 0.0041
vn -0.1600 0.9163 -0.3672
vn -0.0839 -0.6881 -0.7207
vn 0.4755 -0.0371 -0.8789
vn 0.1287 -0.0828 -0.9882
vn 0.2977 -0.5887 -0.7515
vn 0.6494 0.6676 -0.3642
vn 0.4274 0.3891 -0.8161
vn 0.2823 -0.8376 -0.4677
vn -0.1231 0.2127 -0.9693
vn -0.0393 -0.1729 -0.9842
vn -0.8714 -0.2651 -0.4127
vn -0.8994 0.0375 -0.4356
vn -0.7649 -0.5899 -0.2587
vn -0.7937 -0.5378 -0.2843
vn -0.1358 -0.7648 -0.6298
vn 0.0063 -0.6597 -0.7515
vn -0.6871 -0.1137 0.7176
vn -0.6809 -0.2058 0.7029
vn -0.6501 0.2421 0.7202
vn -0.8162 -0.5753 -0.0539
vn -0.6243 -0.0141 0.7810
vn -0.8812 -0.4394 -0.1744
vn -0.7662 0.1851 0.6154
vn -0.9066 0.2091 0.3666
vn 0.2775 0.9490 0.1496
vn -0.7703 0.4855 0.4133
vn 0.3822 0.8083 0.4478
vn -0.8962 0.3024 -0.3246
vn -0.0238 0.5635 -0.8258
vn -0.8957 0.0412 0.4428
vn -0.8586 0.4863 0.1624
vn -0.8522 0.1011 0.5134
vn -0.7012 -0.3009 0.6463
vn -0.8622 -0.5061 -0.0234
vn -0.6939 -0.6224 0.3620
vn -0.6138 0.5584 0.5580
vn -0.5051 0.6958 0.5107
vn -0.7450 -0.0778 0.6625
vn -0.7264 0.3208 0.6078
vn -0.6537 -0.2767 0.7044
vn -0.9598 -0.0779 0.2696
vn -0.9503 -0.2747 0.1463
vn -0.1659 -0.7933 -0.5858
vn -0.5354 -0.6263 0.5667
vn -0.9161 -0.3957 0.0650
vn -0.9521 -0.0535 0.3012
vn 0.0709 -0.9942 0.0813
vn -0.1449 -0.9779 -0.1506
vn -0.7379 -0.6615 0.1338
vn -0.6818 -0.6964 -0.2239
vn -0.6869 -0.6918 0.2227
vn -0.7817 0.1034 0.6151
vn -0.9127 -0.3214 -0.2523
vn -0.8999 -0.3465 -0.2647
vn -0.9206 -0.1195 0.3718
vn -0.8211 -0.1520 0.5501
vn -0.3699 0.4125 0.8325
vn -0.8890 -0.0152 0.4577
vn -0.7648 -0.4990 0.4076
vn -0.7535 -0.4975 0.4298
vn -0.8668 0.4986 0.0040
vn 0.1601 0.9163 -0.3672
vn 0.9881 -0.0398 0.1483
vn 0.9882 -0.0571 0.1421
vn 0.8341 -0.5034 -0.2256
vn 0.8513 -0.2838 -0.4412
vn 0.8914 -0.4407 -0.1060
vn 0.9822 -0.1396 0.1260
vn 0.9135 -0.2839 -0.2913
vn 0.9633 -0.2549 0.0836
vn 0.9482 -0.1748 0.2652
vn 0.7787 -0.3062 0.5476
vn 0.7520 -0.5151 0.4113
vn 0.7837 -0.3029 0.5422
vn 0.8156 -0.4247 0.3930
vn 0.7780 -0.6277 -0.0267
vn 0.8634 -0.4944 0.1005
vn 0.8400 -0.4481 0.3061
vn 0.8593 -0.4647 0.2138
vn 0.8577 -0.3128 0.4080
vn 0.8952 -0.2994 0.3301
vn 0.7667 -0.2947 0.5704
vn 0.8138 -0.3133 0.4894
vn 0.7137 -0.2700 0.6463
vn 0.7645 -0.2885 0.5764
vn 0.7107 -0.2522 0.6567
vn 0.9046 -0.2297 0.3591
vn 0.8492 -0.2683 0.4547
vn 0.6417 -0.7412 0.1968
vn 0.6916 -0.7076 0.1450
vn 0.9274 -0.2803 0.2476
vn 0.7125 -0.6910 0.1225
vn 0.7492 -0.6598 0.0575
vn -0.8513 -0.2838 -0.4412
vn -0.9135 -0.2839 -0.2913
vn -0.7787 -0.3062 0.5476
vn -0.7837 -0.3029 0.5422
vn -0.7520 -0.5151 0.4113
vn -0.8155 -0.4247 0.3930
vn -0.7780 -0.6278 -0.0266
vn -0.8341 -0.5034 -0.2257
vn -0.8634 -0.4945 0.1005
vn -0.8914 -0.4407 -0.1060
vn -0.7137 -0.2700 0.6463
vn -0.6418 -0.7412 0.1967
vn -0.6916 -0.7076 0.1450
vn -0.7124 -0.6910 0.1225
vn -0.7492 -0.6598 0.0575
vn -0.8593 -0.4647 0.2137
vn -0.8399 -0.4481 0.3061
vn -0.0000 0.3566 0.9343
vn -0.1721 0.3938 0.9029
vn -0.0000 0.3634 0.9316
vn -0.0892 0.0918 0.9918
vn -0.0000 0.0947 0.9955
vn -0.0000 -0.4466 0.8947
vn 0.0315 -0.4803 0.8766
vn -0.1864 0.3034 0.9344
vn -0.0000 -0.8879 0.4601
vn 0.0600 -0.8931 0.4458
vn -0.0000 -0.9932 -0.1162
vn 0.0892 0.0918 0.9918
vn 0.1721 0.3938 0.9029
vn -0.0315 -0.4803 0.8766
vn 0.1864 0.3034 0.9344
vn -0.0599 -0.8931 0.4458
vn 0.9837 -0.1396 0.1131
vn 0.8423 -0.0642 0.5352
vn 0.9713 0.2347 0.0397
vn 0.8339 0.2399 0.4970
vn 0.9316 -0.0019 0.3635
vn 0.8853 0.3884 0.2558
vn 0.3699 0.0284 0.9287
vn 0.7977 0.4629 0.3865
vn 0.6805 0.2062 0.7031
vn 0.8421 0.3830 0.3798
vn 0.8447 0.4280 0.3213
vn 0.8039 0.5321 0.2659
vn 0.8101 0.5263 0.2582
vn 0.8498 0.4293 0.3059
vn 0.8658 0.3702 0.3368
vn 0.9007 0.0394 0.4326
vn 0.8905 -0.0692 0.4497
vn -0.7008 -0.2823 0.6551
vn -0.6089 -0.2566 0.7506
vn -0.6055 -0.2704 0.7485
vn -0.6318 -0.1624 0.7579
vn -0.5195 -0.1216 0.8458
vn -0.6458 -0.2098 0.7341
vn 0.0471 -0.9599 -0.2762
vn 0.6075 -0.6686 0.4289
vn 0.6299 -0.7591 0.1642
vn -0.2060 -0.9386 0.2768
vn 0.3116 -0.7125 0.6287
vn 0.7066 -0.5714 0.4173
vn 0.6915 -0.6395 0.3359
vn 0.6618 -0.3576 0.6589
vn 0.5802 -0.3901 0.7149
vn -0.0000 -0.6833 0.7301
vn 0.1531 -0.5287 0.8349
vn -0.0000 -0.8765 0.4813
vn 0.3750 -0.7487 0.5466
vn -0.0000 -0.2654 0.9641
vn -0.1184 -0.1656 0.9791
vn -0.1851 0.2105 0.9599
vn -0.0000 0.2189 0.9758
vn 0.6654 -0.5681 0.4843
vn -0.1828 -0.9829 0.0239
vn 0.6915 0.5378 0.4823
vn 0.3654 0.5941 0.7166
vn 0.7283 0.3459 0.5915
vn 0.3973 0.3715 0.8391
vn 0.5562 0.5955 0.5797
vn 0.4110 -0.7395 0.5332
vn 0.5329 -0.7232 0.4393
vn 0.6091 -0.2778 0.7429
vn -0.0863 -0.7177 0.6910
vn 0.6563 -0.4396 0.6133
vn 0.4354 -0.8439 0.3134
vn 0.7429 -0.1400 0.6546
vn 0.1637 -0.7212 -0.6731
vn 0.4246 -0.1464 0.8935
vn -0.0000 -0.1439 0.9896
vn -0.0000 -0.7283 0.6852
vn -0.0000 -0.9356 0.3530
vn 0.4128 -0.8532 0.3188
vn 0.1061 0.0155 0.9942
vn 0.3735 -0.2459 0.8944
vn 0.5930 -0.1877 0.7830
vn -0.0000 0.4019 0.9157
vn 0.1184 -0.1655 0.9791
vn 0.1851 0.2105 0.9599
vn -0.1061 0.0155 0.9942
vn -0.4111 -0.7394 0.5332
vn -0.5327 -0.7233 0.4393
vn -0.6297 -0.7593 0.1641
vn -0.0000 0.6411 0.7675
vn -0.0000 0.6581 0.7529
vn 0.2060 -0.9386 0.2768
vn -0.7066 -0.5714 0.4173
vn -0.3117 -0.7125 0.6286
vn -0.6915 -0.6396 0.3359
vn -0.6618 -0.3576 0.6589
vn -0.5802 -0.3901 0.7149
vn -0.1531 -0.5287 0.8349
vn -0.3750 -0.7488 0.5466
vn -0.9837 -0.1396 0.1130
vn -0.9712 0.2347 0.0397
vn -0.8423 -0.0642 0.5352
vn -0.8339 0.2399 0.4970
vn -0.8853 0.3884 0.2558
vn -0.9316 -0.0019 0.3635
vn -0.6805 0.2063 0.7031
vn -0.3699 0.0284 0.9286
vn -0.7977 0.4629 0.3865
vn -0.6654 -0.5681 0.4843
vn 0.1828 -0.9829 0.0239
vn -0.3654 0.5941 0.7166
vn -0.5562 0.5956 0.5796
vn -0.3973 0.3715 0.8391
vn -0.8102 0.5262 0.2582
vn -0.8447 0.4280 0.3213
vn -0.8039 0.5321 0.2659
vn -0.8421 0.3830 0.3798
vn -0.0471 -0.9599 -0.2762
vn -0.6074 -0.6686 0.4289
vn -0.8658 0.3702 0.3367
vn -0.8498 0.4293 0.3058
vn -0.6914 0.5380 0.4822
vn -0.7283 0.3461 0.5915
vn 0.0863 -0.7176 0.6910
vn -0.6091 -0.2778 0.7429
vn -0.4354 -0.8439 0.3134
vn -0.6562 -0.4398 0.6132
vn -0.7430 -0.1400 0.6545
vn -0.8905 -0.0692 0.4496
vn -0.1638 -0.7212 -0.6731
vn -0.4246 -0.1464 0.8935
vn -0.4128 -0.8532 0.3188
vn -0.3735 -0.2459 0.8944
vn -0.5931 -0.1877 0.7830
vn -0.9007 0.0394 0.4327
vn -0.5869 0.5119 0.6272
vn -0.0000 0.5479 0.8365
vn -0.5794 0.4423 0.6845
vn -0.0000 0.6159 0.7878
vn 0.5870 0.5120 0.6272
vn 0.5795 0.4424 0.6845
vn 0.8730 0.3081 0.3781
vn 0.8687 0.2465 0.4297
vn 0.5435 0.3528 0.7617
vn 0.8507 0.1887 0.4906
vn 0.4027 0.1103 0.9087
vn -0.0000 0.4468 0.8947
vn -0.0000 0.2242 0.9745
vn -0.8730 0.3082 0.3781
vn -0.8687 0.2466 0.4297
vn -0.5435 0.3527 0.7617
vn -0.4027 0.1103 0.9087
vn -0.8507 0.1887 0.4906
vn -0.4148 -0.3408 0.8437
vn -0.5299 -0.0173 0.8479
vn -0.5344 -0.1660 0.8288
vn -0.5424 -0.3972 0.7402
vn -0.4623 -0.6671 0.5842
vn -0.5912 -0.0308 0.8059
vn -0.5109 -0.3589 0.7812
vn -0.0953 -0.9092 0.4054
vn -0.1015 -0.9260 0.3636
vn 0.0258 -0.9856 -0.1670
vn 0.6058 -0.7926 0.0700
vn 0.1392 -0.9710 -0.1943
vn 0.2322 -0.9635 0.1336
vn -0.1545 -0.9743 0.1641
vn -0.2719 -0.6199 0.7360
vn -0.1888 -0.8212 0.5386
vn -0.0752 0.0098 0.9971
vn -0.0443 0.3902 0.9197
vn -0.4153 -0.1551 0.8964
vn -0.4704 0.2191 0.8548
vn -0.5649 -0.1792 0.8055
vn -0.4826 -0.1427 0.8641
vn -0.4582 -0.0698 0.8861
vn 0.1510 -0.6559 -0.7396
vn -0.0000 -0.6471 -0.7624
vn 0.2239 -0.6397 -0.7353
vn 0.0828 -0.9683 -0.2358
vn 0.7763 -0.4272 -0.4635
vn 0.4041 -0.5895 -0.6994
vn -0.5076 0.1010 0.8557
vn -0.5687 0.1059 0.8157
vn -0.4698 0.1876 0.8626
vn -0.4813 0.2487 0.8405
vn -0.5548 -0.1342 0.8211
vn -0.1782 0.2625 0.9483
vn -0.5212 0.0983 0.8478
vn -0.5540 0.0546 0.8307
vn -0.4779 0.1198 0.8702
vn 0.0160 -0.9817 0.1896
vn -0.2926 -0.8858 0.3602
vn -0.3478 -0.7002 0.6235
vn -0.2743 -0.6172 0.7374
vn -0.1252 -0.5470 0.8277
vn -0.1488 -0.9391 0.3098
vn -0.1468 -0.0889 0.9852
vn -0.9191 0.0614 0.3892
vn -0.8639 0.0552 0.5006
vn -0.9178 -0.0421 0.3949
vn -0.8464 -0.1630 0.5069
vn -0.3558 0.0227 0.9343
vn -0.3927 0.0276 0.9192
vn -0.0000 -0.0655 0.9979
vn -0.9601 0.0184 0.2790
vn -0.9518 -0.0211 0.3061
vn 0.8032 0.3030 0.5129
vn 0.8198 0.3185 0.4758
vn 0.5774 0.1652 0.7996
vn 0.7980 0.2524 0.5473
vn 0.5130 0.2990 0.8046
vn 0.5372 0.2595 0.8026
vn 0.8046 0.2355 0.5451
vn 0.5291 0.3329 0.7806
vn 0.8218 0.2138 0.5282
vn 0.1785 0.2627 0.9482
vn 0.4713 0.2192 0.8543
vn 0.4823 0.2488 0.8399
vn 0.0954 -0.9092 0.4052
vn -0.0260 -0.9856 -0.1673
vn 0.1016 -0.9261 0.3633
vn 0.0446 0.3904 0.9196
vn 0.4163 -0.1549 0.8959
vn 0.0755 0.0100 0.9971
vn 0.5119 -0.3590 0.7804
vn 0.5923 -0.0310 0.8051
vn -0.1513 -0.6560 -0.7395
vn -0.0834 -0.9683 -0.2357
vn -0.2251 -0.6397 -0.7350
vn 0.5088 0.1008 0.8550
vn 0.4708 0.1876 0.8621
vn 0.5699 0.1057 0.8149
vn 0.5214 0.0984 0.8476
vn 0.5544 0.0546 0.8304
vn 0.4783 0.1198 0.8700
vn 0.2750 -0.6173 0.7371
vn 0.3484 -0.7003 0.6231
vn 0.1254 -0.5469 0.8277
vn 0.1490 -0.9391 0.3096
vn -0.5774 0.1653 0.7996
vn -0.2825 0.1430 0.9485
vn -0.2618 0.0197 0.9649
vn -0.2256 -0.0451 0.9732
vn -0.2670 0.0271 0.9633
vn -0.8198 0.3185 0.4758
vn -0.2913 0.1318 0.9475
vn -0.2801 0.2487 0.9272
vn -0.3110 -0.1060 0.9445
vn -0.8218 0.2138 0.5282
vn -0.5578 0.3790 0.7384
vn -0.8046 0.2355 0.5451
vn -0.5291 0.3329 0.7805
vn -0.7975 0.2531 0.5476
vn -0.5130 0.2990 0.8046
vn -0.8032 0.3030 0.5129
vn -0.5371 0.2595 0.8026
vn -0.2978 0.2432 0.9231
vn -0.2884 0.3475 0.8922
vn -0.2629 0.3178 0.9110
vn -0.2966 0.4330 0.8512
vn 0.4626 -0.6671 0.5839
vn 0.5428 -0.3973 0.7399
vn -0.6057 -0.7926 0.0700
vn -0.2321 -0.9635 0.1336
vn -0.1393 -0.9710 -0.1942
vn 0.1545 -0.9743 0.1641
vn 0.1889 -0.8211 0.5385
vn 0.2721 -0.6199 0.7360
vn 0.6458 -0.2098 0.7341
vn 0.4827 -0.1427 0.8641
vn 0.5650 -0.1792 0.8054
vn 0.4584 -0.0698 0.8860
vn -0.4046 -0.5894 -0.6992
vn -0.7764 -0.4272 -0.4634
vn 0.6055 -0.2705 0.7485
vn 0.6089 -0.2566 0.7506
vn 0.7008 -0.2823 0.6551
vn 0.6318 -0.1624 0.7579
vn 0.5195 -0.1216 0.8458
vn 0.5304 -0.0174 0.8476
vn 0.5553 -0.1342 0.8208
vn 0.5345 -0.1660 0.8287
vn 0.4148 -0.3404 0.8438
vn 0.2927 -0.8858 0.3600
vn -0.0160 -0.9817 0.1897
vn -0.6878 0.1930 0.6998
vn -0.6565 0.0931 0.7485
vn -0.7446 0.1256 0.6556
vn -0.2748 0.5244 0.8059
vn -0.1255 -0.3083 0.9430
vn -0.5725 0.1842 0.7990
vn -0.4908 -0.2830 0.8240
vn 0.4441 -0.0914 0.8913
vn 0.1263 0.7662 0.6300
vn -0.6458 -0.3325 0.6873
vn -0.7688 -0.2423 0.5918
vn -0.7563 -0.1069 0.6455
vn -0.8359 0.0080 0.5488
vn -0.6207 -0.1918 0.7603
vn -0.7432 0.4514 0.4938
vn -0.7534 -0.4587 0.4712
vn -0.8225 0.1729 0.5418
vn -0.6100 0.3818 0.6943
vn -0.2591 0.4320 0.8638
vn -0.5794 0.3820 0.7200
vn -0.2879 0.4622 0.8388
vn 0.0348 0.1586 0.9867
vn -0.7953 -0.0060 0.6062
vn -0.6954 -0.2551 0.6718
vn -0.7967 0.2006 0.5701
vn -0.1664 0.2115 0.9631
vn -0.2142 0.3117 0.9257
vn -0.7279 0.2239 0.6481
vn -0.6049 0.1843 0.7747
vn -0.3784 0.1904 0.9058
vn -0.5837 0.1497 0.7980
vn -0.3559 0.0948 0.9297
vn -0.8394 0.0887 0.5362
vn -0.8486 -0.1411 0.5099
vn -0.3489 0.0211 0.9369
vn -0.1060 0.1149 0.9877
vn 0.0032 0.9168 0.3994
vn -0.2308 0.9236 0.3062
vn -0.3462 0.7246 0.5959
vn -0.1781 0.7779 0.6026
vn -0.6159 0.4219 0.6654
vn -0.6008 0.0841 0.7950
vn -0.1894 0.4085 0.8929
vn -0.0434 0.6399 0.7672
vn -0.1325 0.9419 0.3088
vn -0.0786 0.5930 0.8013
vn -0.0722 0.9512 0.3000
vn -0.6818 0.1369 0.7186
vn -0.0391 0.0569 0.9976
vn -0.6499 0.2689 0.7109
vn -0.3533 -0.0040 0.9355
vn -0.6010 0.1376 0.7873
vn -0.1005 0.4532 0.8857
vn -0.3500 0.6915 0.6320
vn -0.0219 0.9453 0.3254
vn -0.5496 0.3843 0.7418
vn -0.5779 0.3847 0.7197
vn -0.2357 0.6183 0.7498
vn -0.0319 0.9538 0.2988
vn -0.4686 0.1746 0.8660
vn -0.7250 0.0882 0.6831
vn -0.9882 -0.0571 0.1421
vn -0.9881 -0.0398 0.1483
vn -0.9822 -0.1396 0.1260
vn -0.9633 -0.2549 0.0836
vn -0.8294 0.1123 0.5472
vn -0.8547 0.1744 0.4889
vn -0.9600 -0.0922 0.2645
vn -0.9482 -0.1749 0.2651
vn -0.9703 0.0030 0.2419
vn -0.8952 -0.2994 0.3301
vn -0.8577 -0.3128 0.4080
vn -0.7667 -0.2947 0.5704
vn -0.8138 -0.3134 0.4894
vn -0.7107 -0.2522 0.6567
vn -0.5554 -0.2048 0.8059
vn -0.6063 -0.0019 0.7953
vn -0.3672 -0.1011 0.9246
vn -0.4516 -0.0702 0.8894
vn -0.6543 -0.2494 0.7139
vn -0.9046 -0.2297 0.3591
vn -0.8492 -0.2683 0.4547
vn -0.8972 -0.1823 0.4023
vn -0.8054 -0.2211 0.5500
vn -0.9311 0.0779 0.3563
vn -0.9192 -0.0289 0.3928
vn -0.7645 -0.2885 0.5764
vn -0.9274 -0.2803 0.2476
vn -0.8478 -0.0819 0.5240
vn 0.0121 -0.2153 0.9765
vn 0.1206 -0.2318 0.9653
vn 0.3445 0.1936 0.9186
vn 0.2865 0.4530 0.8443
vn 0.5846 0.2557 0.7700
vn 0.6191 -0.0071 0.7853
vn -0.9247 -0.2042 0.3213
vn -0.9646 -0.2597 0.0452
vn -0.4440 0.8928 0.0766
vn -0.8672 0.2687 -0.4193
vn -0.4262 0.6068 -0.6709
vn 0.4123 -0.2647 0.8718
vn 0.5076 -0.2733 0.8171
vn 0.5248 -0.2600 0.8106
vn -0.0127 0.9999 -0.0009
vn 0.2663 0.7018 0.6607
vn 0.4696 0.5759 0.6691
vn -0.1777 -0.2079 0.9619
vn -0.0000 0.8412 0.5407
vn -0.1752 0.8390 0.5151
vn -0.0000 0.3969 0.9179
vn -0.0000 -0.7201 0.6939
vn 0.5939 -0.6827 0.4256
vn 0.4898 0.4467 0.7488
vn 0.1752 0.8390 0.5152
vn -0.4898 0.4467 0.7487
vn -0.5939 -0.6827 0.4256
vn 0.2255 -0.4756 0.8503
vn 0.2626 -0.5286 0.8073
vn -0.0000 -0.5372 0.8435
vn 0.2537 -0.0516 0.9659
vn -0.0000 -0.5848 0.8112
vn -0.0000 -0.0708 0.9975
vn 0.5467 -0.3201 0.7738
vn 0.5173 0.0195 0.8556
vn -0.1522 0.7264 -0.6702
vn -0.0942 0.7622 -0.6405
vn 0.1371 0.9695 0.2033
vn 0.0610 0.9243 0.3767
vn -0.0000 0.7687 -0.6396
vn -0.0000 0.9011 0.4336
vn 0.1988 0.3420 0.9184
vn -0.0000 0.3102 0.9507
vn 0.4013 0.4306 0.8084
vn -0.2255 -0.4756 0.8503
vn -0.0000 -0.1574 0.9875
vn 0.9492 0.0198 0.3139
vn 0.8776 -0.4690 0.0991
vn 0.6822 -0.2374 0.6916
vn 0.4027 -0.8879 0.2225
vn 0.8791 0.4705 0.0768
vn 0.8263 0.5558 0.0913
vn 0.3009 0.9535 0.0190
vn 0.3848 0.9229 0.0128
vn -0.0000 0.9999 -0.0155
vn -0.0000 0.9972 -0.0751
vn -0.0000 -0.9237 0.3832
vn 0.9246 -0.3465 0.1585
vn 0.8445 0.4328 0.3154
vn -0.0000 0.9694 0.2454
vn 0.2718 0.9140 0.3012
vn -0.4027 -0.8879 0.2225
vn -0.8776 -0.4690 0.0991
vn -0.6822 -0.2374 0.6916
vn -0.9492 0.0198 0.3139
vn -0.8263 0.5558 0.0913
vn -0.8790 0.4705 0.0768
vn -0.3848 0.9229 0.0128
vn -0.3009 0.9535 0.0190
vn -0.9246 -0.3465 0.1585
vn -0.8445 0.4328 0.3154
vn -0.2717 0.9140 0.3012
vn -0.8578 0.2651 0.4404
vn -0.8279 0.2253 0.5137
vn -0.6361 0.4338 0.6381
vn 0.8578 0.2651 0.4404
vn 0.8279 0.2253 0.5137
vn 0.9235 0.0996 0.3704
vn 0.3790 0.5143 0.7693
vn 0.2507 0.5267 0.8122
vn 0.3554 0.4233 0.8334
vn 0.2286 0.4227 0.8770
vn 0.1328 0.4197 0.8979
vn 0.1621 0.5367 0.8280
vn -0.0000 0.5407 0.8412
vn -0.0000 0.4184 0.9083
vn 0.6361 0.4338 0.6381
vn 0.5996 0.3614 0.7140
vn 0.9663 -0.0459 0.2535
vn -0.9235 0.0997 0.3704
vn -0.2286 0.4227 0.8770
vn -0.2507 0.5267 0.8122
vn -0.3555 0.4233 0.8334
vn -0.3790 0.5143 0.7693
vn -0.1328 0.4197 0.8979
vn -0.1621 0.5367 0.8280
vn -0.5996 0.3615 0.7140
vn -0.9663 -0.0459 0.2534
vn 0.8054 -0.2211 0.5500
vn 0.6063 -0.0019 0.7953
vn 0.6543 -0.2494 0.7139
vn 0.9600 -0.0922 0.2645
vn 0.1468 -0.0889 0.9852
vn -0.0000 -0.1104 0.9939
vn 0.9191 0.0614 0.3892
vn 0.9178 -0.0421 0.3949
vn 0.8639 0.0553 0.5005
vn 0.8464 -0.1630 0.5070
vn 0.9703 0.0030 0.2419
vn 0.9601 0.0184 0.2790
vn 0.2619 0.0197 0.9649
vn 0.3558 0.0227 0.9343
vn 0.2256 -0.0452 0.9732
vn 0.2671 0.0271 0.9633
vn 0.2825 0.1430 0.9485
vn 0.2913 0.1319 0.9475
vn 0.2800 0.2487 0.9272
vn 0.5554 -0.2048 0.8059
vn 0.3112 -0.1060 0.9444
vn 0.3933 0.0276 0.9190
vn 0.4686 0.1746 0.8660
vn 0.2979 0.2432 0.9231
vn 0.2629 0.3178 0.9110
vn 0.5578 0.3790 0.7384
vn 0.2884 0.3475 0.8922
vn 0.2966 0.4330 0.8512
vn 0.3671 -0.1011 0.9247
vn 0.4516 -0.0702 0.8894
vn 0.8972 -0.1823 0.4023
vn 0.9192 -0.0289 0.3928
vn 0.9311 0.0779 0.3563
vn 0.8547 0.1744 0.4890
vn 0.8295 0.1123 0.5472
vn 0.9518 -0.0210 0.3061
vn 0.8478 -0.0819 0.5240
vn 0.7250 0.0882 0.6831
vn -0.2557 -0.8118 0.5249
vn -0.2004 -0.5220 0.8291
vn -0.1029 -0.7115 0.6951
vn 0.3289 -0.8079 0.4890
vn 0.4106 -0.7522 0.5154
vn -0.5390 -0.4406 0.7179
vn -0.5302 -0.1796 0.8287
vn 0.0182 -0.4507 0.8925
vn 0.0865 -0.4621 0.8826
vn -0.2067 -0.6502 0.7311
vn -0.1277 -0.6471 0.7516
vn -0.6177 -0.3544 0.7021
vn -0.7133 -0.3503 0.6071
vn -0.4228 -0.3849 0.8204
vn -0.5807 -0.3698 0.7253
vn -0.6641 -0.5188 0.5384
vn -0.5676 -0.4221 0.7069
vn -0.0234 -0.8647 0.5018
vn -0.1067 -0.7799 0.6167
vn -0.3348 -0.7564 0.5619
vn 0.0107 -0.3134 0.9495
vn -0.0124 -0.2441 0.9697
vn 0.0921 -0.8536 0.5127
vn -0.0890 -0.5907 0.8020
vn 0.2002 -0.8473 0.4919
vn -0.1304 -0.3671 0.9210
vn -0.2603 -0.1395 0.9554
vn -0.5467 -0.3201 0.7737
vn -0.5173 0.0195 0.8556
vn -0.6191 -0.0071 0.7853
vn -0.2537 -0.0516 0.9659
vn -0.2626 -0.5286 0.8073
vn -0.2865 0.4529 0.8443
vn -0.0121 -0.2154 0.9765
vn -0.3445 0.1936 0.9186
vn -0.1206 -0.2318 0.9653
vn -0.5845 0.2557 0.7700
vn 0.9247 -0.2043 0.3214
vn 0.4440 0.8927 0.0766
vn 0.9646 -0.2598 0.0451
vn 0.8671 0.2687 -0.4193
vn 0.4262 0.6068 -0.6709
vn 0.1522 0.7264 -0.6702
vn 0.0942 0.7622 -0.6405
vn -0.4123 -0.2647 0.8717
vn -0.5076 -0.2733 0.8171
vn -0.5247 -0.2601 0.8106
vn 0.0127 0.9999 -0.0009
vn -0.1371 0.9695 0.2033
vn -0.0610 0.9243 0.3767
vn -0.1988 0.3420 0.9184
vn -0.4014 0.4306 0.8084
vn -0.4697 0.5759 0.6691
vn -0.2664 0.7018 0.6607
vn 0.1777 -0.2080 0.9619
vn 0.3784 0.1904 0.9058
vn 0.5837 0.1497 0.7980
vn 0.3558 0.0948 0.9297
vn 0.7279 0.2239 0.6481
vn 0.7967 0.2006 0.5700
vn 0.1254 -0.3083 0.9430
vn 0.5724 0.1842 0.7990
vn 0.4908 -0.2830 0.8240
vn 0.8359 0.0080 0.5488
vn 0.7688 -0.2423 0.5918
vn 0.7563 -0.1069 0.6455
vn 0.6459 -0.3325 0.6873
vn 0.6565 0.0931 0.7485
vn 0.6207 -0.1918 0.7603
vn 0.7534 -0.4586 0.4712
vn 0.7433 0.4514 0.4938
vn 0.8226 0.1730 0.5417
vn 0.2879 0.4622 0.8388
vn 0.2591 0.4321 0.8638
vn 0.5794 0.3820 0.7200
vn 0.6100 0.3818 0.6943
vn -0.0348 0.1586 0.9867
vn 0.6954 -0.2551 0.6718
vn 0.7953 -0.0060 0.6062
vn 0.6878 0.1930 0.6998
vn 0.7446 0.1256 0.6556
vn -0.1263 0.7663 0.6300
vn -0.4441 -0.0914 0.8913
vn 0.2142 0.3117 0.9257
vn 0.1664 0.2116 0.9631
vn 0.6049 0.1843 0.7747
vn 0.8394 0.0887 0.5362
vn 0.8486 -0.1411 0.5099
vn -0.3234 0.3020 0.8968
vn -0.2000 0.2960 0.9340
vn -0.6080 -0.5882 0.5333
vn -0.3265 -0.7456 0.5809
vn -0.1388 -0.8169 0.5598
vn -0.0964 0.2717 0.9575
vn -0.0000 0.2566 0.9665
vn -0.0182 -0.4507 0.8925
vn -0.0106 -0.3134 0.9495
vn 0.0125 -0.2439 0.9697
vn 0.2005 -0.5220 0.8291
vn -0.3288 -0.8079 0.4890
vn 0.1029 -0.7115 0.6951
vn -0.4106 -0.7522 0.5154
vn 0.5302 -0.1796 0.8286
vn 0.5390 -0.4406 0.7179
vn 0.1279 -0.6471 0.7516
vn -0.0865 -0.4621 0.8826
vn 0.2067 -0.6502 0.7311
vn 0.5496 0.3843 0.7418
vn 0.6177 -0.3543 0.7021
vn 0.5779 0.3847 0.7197
vn 0.7133 -0.3503 0.6071
vn 0.4229 -0.3851 0.8203
vn 0.5807 -0.3698 0.7253
vn 0.2749 0.5244 0.8059
vn 0.6641 -0.5188 0.5383
vn 0.6159 0.4218 0.6654
vn 0.5676 -0.4220 0.7069
vn 0.2558 -0.8118 0.5250
vn 0.0233 -0.8647 0.5018
vn 0.3348 -0.7564 0.5619
vn 0.1068 -0.7799 0.6167
vn -0.0921 -0.8536 0.5127
vn 0.0889 -0.5908 0.8019
vn -0.2001 -0.8473 0.4920
vn 0.1304 -0.3672 0.9210
vn 0.2602 -0.1394 0.9554
vn 0.6080 -0.5882 0.5333
vn 0.3265 -0.7456 0.5809
vn 0.1389 -0.8169 0.5599
vn 0.0964 0.2717 0.9575
vn 0.2000 0.2959 0.9340
vn 0.3234 0.3020 0.8968
vn -0.2240 -0.6690 0.7087
vn -0.6771 -0.3251 0.6602
vn -0.5096 -0.4864 0.7098
vn -0.3130 0.2489 0.9166
vn -0.9176 0.0374 0.3958
vn -0.8061 0.1555 0.5710
vn -0.8042 -0.0493 0.5922
vn -0.1112 -0.7440 0.6588
vn -0.1554 -0.7387 0.6559
vn -0.3829 -0.5266 0.7590
vn -0.9046 0.0088 0.4261
vn -0.7987 0.1072 0.5921
vn -0.5020 0.0147 0.8648
vn -0.3791 -0.4278 0.8205
vn -0.9449 -0.0515 0.3233
vn -0.9250 -0.0219 0.3794
vn -0.8173 0.0998 0.5676
vn -0.5352 0.2202 0.8155
vn -0.5227 0.2570 0.8129
vn -0.5573 0.2502 0.7917
vn 0.0433 0.6399 0.7672
vn 0.1005 0.4531 0.8858
vn 0.0391 0.0569 0.9976
vn -0.0032 0.9168 0.3994
vn 0.2307 0.9236 0.3062
vn 0.3462 0.7246 0.5959
vn 0.1781 0.7779 0.6027
vn 0.6008 0.0840 0.7949
vn 0.3489 0.0211 0.9369
vn 0.1895 0.4085 0.8929
vn 0.1060 0.1149 0.9877
vn 0.0722 0.9512 0.3000
vn 0.1325 0.9419 0.3088
vn 0.0786 0.5931 0.8013
vn 0.6818 0.1369 0.7186
vn 0.6499 0.2689 0.7109
vn 0.6010 0.1376 0.7873
vn 0.3533 -0.0041 0.9355
vn 0.3500 0.6915 0.6319
vn 0.0218 0.9454 0.3253
vn 0.2357 0.6183 0.7498
vn 0.0319 0.9538 0.2988
vn 0.8173 0.0998 0.5676
vn 0.5352 0.2202 0.8155
vn 0.5227 0.2570 0.8129
vn 0.3130 0.2489 0.9166
vn 0.8061 0.1555 0.5710
vn 0.9176 0.0374 0.3958
vn 0.5095 -0.4864 0.7098
vn 0.6771 -0.3252 0.6602
vn 0.8043 -0.0493 0.5922
vn 0.1112 -0.7441 0.6588
vn 0.2240 -0.6689 0.7088
vn 0.1554 -0.7387 0.6559
vn 0.3830 -0.5266 0.7590
vn 0.7987 0.1071 0.5921
vn 0.9047 0.0088 0.4260
vn 0.3791 -0.4278 0.8205
vn 0.5020 0.0147 0.8648
vn 0.9449 -0.0515 0.3233
vn 0.9250 -0.0219 0.3794
vn 0.5573 0.2502 0.7917
vn -0.0363 -0.1276 0.9912
vn 0.0363 -0.1277 0.9912
vn 0.0005 0.0532 0.9986
vn -0.0000 0.0584 0.9983
vn -0.0000 0.1719 0.9851
vn -0.0005 0.0532 0.9986
vn 0.0491 0.1811 0.9822
vn 0.0515 0.1640 0.9851
vn 0.1748 0.2211 0.9595
vn 0.2660 -0.6938 0.6692
vn 0.2073 -0.4625 0.8620
vn 0.2097 -0.4831 0.8501
vn 0.2298 -0.3904 0.8915
vn 0.4564 -0.5202 0.7219
vn 0.2866 0.2770 0.9171
vn 0.2599 0.0186 0.9655
vn 0.0200 0.0328 0.9993
vn 0.0848 -0.1743 0.9810
vn 0.3315 -0.3704 0.8677
vn 0.3273 -0.1840 0.9268
vn 0.1671 -0.2760 0.9465
vn 0.0983 -0.0085 0.9951
vn 0.1439 -0.0008 0.9896
vn 0.0668 -0.0403 0.9970
vn 0.1443 0.2166 0.9655
vn -0.1748 0.2211 0.9595
vn -0.1443 0.2165 0.9655
vn -0.2097 -0.4831 0.8501
vn -0.2073 -0.4625 0.8621
vn -0.2660 -0.6938 0.6692
vn -0.2298 -0.3904 0.8915
vn -0.4564 -0.5202 0.7219
vn -0.2599 0.0186 0.9655
vn -0.2866 0.2770 0.9171
vn -0.0847 -0.1743 0.9810
vn -0.0200 0.0328 0.9993
vn -0.3316 -0.3703 0.8677
vn -0.3272 -0.1841 0.9268
vn -0.1671 -0.2760 0.9465
vn -0.0492 0.1810 0.9822
vn -0.0983 -0.0085 0.9951
vn -0.1440 -0.0008 0.9896
vn -0.0668 -0.0403 0.9970
vn -0.0515 0.1640 0.9851
vn 0.5320 -0.6097 0.5875
vn 0.7709 -0.5757 0.2724
vn 0.6200 -0.0039 0.7846
vn 0.9190 0.0005 0.3943
vn 0.1958 -0.6252 0.7555
vn 0.2598 -0.0045 0.9657
vn -0.0000 -0.6230 0.7822
vn -0.0000 -0.0014 1.0000
vn -0.0000 -0.9739 0.2270
vn 0.0504 -0.9717 0.2306
vn 0.2293 -0.9610 0.1545
vn 0.3629 -0.9298 0.0613
vn 0.8170 -0.5662 0.1092
vn 0.9917 0.0013 0.1284
vn 0.3566 -0.9328 0.0520
vn -0.5320 -0.6097 0.5875
vn -0.6200 -0.0039 0.7846
vn -0.7710 -0.5757 0.2723
vn -0.9190 0.0005 0.3943
vn -0.2598 -0.0045 0.9657
vn -0.1958 -0.6252 0.7555
vn -0.0504 -0.9717 0.2306
vn -0.2293 -0.9610 0.1545
vn -0.3629 -0.9298 0.0613
vn -0.9917 0.0013 0.1284
vn -0.8170 -0.5662 0.1092
vn -0.3566 -0.9328 0.0520
vn 0.5402 0.6041 0.5859
vn 0.6312 0.0040 0.7756
vn 0.7782 0.5662 0.2718
vn 0.9231 -0.0004 0.3845
vn 0.2670 0.0048 0.9637
vn 0.2014 0.6246 0.7545
vn -0.0000 0.6233 0.7820
vn -0.0000 0.0016 1.0000
vn -0.0000 0.9739 0.2268
vn 0.0519 0.9717 0.2304
vn 0.2321 0.9593 0.1610
vn 0.3690 0.9269 0.0679
vn 0.9922 -0.0008 0.1245
vn 0.8249 0.5551 0.1069
vn 0.3659 0.9292 0.0516
vn -0.5402 0.6041 0.5859
vn -0.7782 0.5662 0.2718
vn -0.6313 0.0041 0.7755
vn -0.9231 -0.0004 0.3846
vn -0.2014 0.6246 0.7545
vn -0.2670 0.0048 0.9637
vn -0.0519 0.9717 0.2304
vn -0.2321 0.9593 0.1610
vn -0.3690 0.9269 0.0679
vn -0.8249 0.5551 0.1069
vn -0.9922 -0.0008 0.1245
vn -0.3659 0.9292 0.0515
vn -0.0000 -0.0000 1.0000
vn -0.0000 1.0000 -0.0000
vn -0.0000 -0.0000 -1.0000
vn -0.0000 -1.0000 -0.0000
vn 1.0000 -0.0000 -0.0000
vn -1.0000 -0.0000 -0.0000
vn -0.6638 0.6928 -0.2819
vn -0.6151 0.7170 -0.3280
vn -0.5242 0.7957 -0.3034
vn -0.1212 0.8997 -0.4194
vn -0.1755 0.8826 -0.4361
vn 0.0119 0.9031 -0.4294
vn 0.1001 0.8918 -0.4411
vn 0.1068 0.8963 -0.4305
vn 0.1831 0.8860 -0.4261
vn -0.3289 0.8705 -0.3661
vn 0.3215 0.8130 -0.4855
vn 0.3368 0.8119 -0.4768
vn 0.3466 0.7917 -0.5031
vn 0.2825 0.8515 -0.4418
vn 0.2306 0.8718 -0.4321
vn 0.2578 0.8772 -0.4051
vn -0.6360 0.7468 -0.1943
vn 0.3448 0.7839 -0.5164
vn 0.4550 0.7009 -0.5493
vn 0.4540 0.7007 -0.5503
vn 0.4538 0.7008 -0.5505
vn 0.6661 -0.6896 0.2842
vn 0.5241 -0.7951 0.3051
vn 0.6182 -0.7121 0.3328
vn 0.1225 -0.8997 0.4189
vn -0.0082 -0.8993 0.4373
vn 0.1818 -0.8772 0.4444
vn -0.1001 -0.8918 0.4412
vn -0.1785 -0.8825 0.4352
vn -0.1041 -0.8924 0.4390
vn 0.3335 -0.8659 0.3729
vn -0.3219 -0.8120 0.4868
vn -0.3435 -0.7902 0.5075
vn -0.3341 -0.8086 0.4843
vn -0.4541 -0.6986 0.5529
vn -0.4539 -0.6987 0.5530
vn -0.4528 -0.6985 0.5541
vn -0.2786 -0.8477 0.4514
vn -0.2530 -0.8733 0.4164
vn -0.2310 -0.8718 0.4319
vn 0.6376 -0.7450 0.1963
vn -0.3448 -0.7822 0.5189
vn 0.6636 0.6928 -0.2822
vn 0.5241 0.7958 -0.3033
vn 0.6151 0.7171 -0.3279
vn 0.1212 0.8997 -0.4194
vn -0.0118 0.9031 -0.4294
vn 0.1757 0.8825 -0.4362
vn -0.1001 0.8918 -0.4412
vn -0.1831 0.8860 -0.4260
vn -0.1068 0.8963 -0.4305
vn 0.3288 0.8706 -0.3660
vn -0.3215 0.8130 -0.4854
vn -0.3466 0.7917 -0.5031
vn -0.3369 0.8119 -0.4767
vn -0.4542 0.6994 -0.5519
vn -0.4540 0.7007 -0.5504
vn -0.4550 0.7009 -0.5493
vn -0.2825 0.8515 -0.4418
vn -0.2578 0.8772 -0.4051
vn -0.2306 0.8718 -0.4321
vn 0.6356 0.7472 -0.1942
vn -0.3448 0.7839 -0.5164
vn -0.6662 -0.6896 0.2839
vn -0.6183 -0.7120 0.3328
vn -0.5242 -0.7951 0.3051
vn -0.1225 -0.8997 0.4189
vn -0.1815 -0.8773 0.4443
vn 0.0082 -0.8993 0.4373
vn 0.1001 -0.8918 0.4412
vn 0.1041 -0.8924 0.4390
vn 0.1785 -0.8825 0.4352
vn -0.3336 -0.8658 0.3729
vn 0.3219 -0.8120 0.4868
vn 0.3341 -0.8086 0.4843
vn 0.3435 -0.7902 0.5075
vn 0.2786 -0.8477 0.4514
vn 0.2310 -0.8718 0.4319
vn 0.2530 -0.8732 0.4164
vn -0.6378 -0.7448 0.1963
vn 0.3448 -0.7822 0.5188
vn 0.4528 -0.6985 0.5541
vn 0.4537 -0.6995 0.5521
vn 0.4541 -0.6986 0.5529
vt 0.122841 0.059376
vt 0.117076 0.038307
vt 0.089134 0.054432
vt 0.089277 0.033729
vt 0.124677 0.090012
vt 0.088249 0.088971
vt 0.143834 0.091126
vt 0.142499 0.062655
vt 0.133882 0.046363
vt 0.055835 0.057553
vt 0.030849 0.059790
vt 0.052466 0.088050
vt 0.028665 0.087082
vt 0.061737 0.036864
vt 0.044727 0.044154
vt 0.054340 0.121177
vt 0.059095 0.141044
vt 0.087232 0.123608
vt 0.086418 0.146950
vt 0.031739 0.115261
vt 0.040903 0.134472
vt 0.139601 0.121714
vt 0.120748 0.123149
vt 0.114428 0.142755
vt 0.131604 0.136253
vt 0.139512 0.144981
vt 0.115288 0.156627
vt 0.085850 0.160646
vt 0.116970 0.166330
vt 0.085339 0.171059
vt 0.144797 0.150339
vt 0.027006 0.147347
vt 0.054527 0.164369
vt 0.032000 0.142999
vt 0.057139 0.154810
vt 0.036114 0.035473
vt 0.060485 0.022835
vt 0.089452 0.018593
vt 0.058345 0.013773
vt 0.089452 0.008836
vt 0.029993 0.029556
vt 0.147784 0.032549
vt 0.120798 0.015347
vt 0.141805 0.038158
vt 0.118643 0.024314
vt 0.011698 0.058743
vt 0.019500 0.058871
vt 0.016624 0.087815
vt 0.006284 0.087887
vt 0.020663 0.117373
vt 0.011026 0.119611
vt 0.154358 0.060430
vt 0.158677 0.091424
vt 0.164740 0.062630
vt 0.168507 0.092008
vt 0.162002 0.123446
vt 0.153341 0.123691
vt 0.390602 0.031553
vt 0.324558 0.054552
vt 0.326374 0.031553
vt 0.390602 0.054552
vt 0.257880 0.031553
vt 0.257880 0.054552
vt 0.448254 0.054552
vt 0.448254 0.031553
vt 0.500000 0.054552
vt 0.500000 0.030561
vt 0.257586 0.065212
vt 0.888953 0.679332
vt 0.889704 0.753374
vt 0.861777 0.672899
vt 0.867432 0.742244
vt 0.609398 0.054552
vt 0.609398 0.031553
vt 0.675442 0.054552
vt 0.673626 0.031553
vt 0.742120 0.031553
vt 0.742120 0.054552
vt 0.551746 0.054552
vt 0.551746 0.031553
vt 0.742414 0.065212
vt 0.111047 0.679332
vt 0.138223 0.672899
vt 0.110296 0.753374
vt 0.132568 0.742244
vt 0.326374 0.001842
vt 0.257880 0.001842
vt 0.448254 0.001842
vt 0.390602 0.001842
vt 0.500000 0.001842
vt 0.673626 0.001842
vt 0.742120 0.001842
vt 0.551746 0.001842
vt 0.609398 0.001842
vt 0.581048 0.122388
vt 0.716769 0.137090
vt 0.715857 0.162067
vt 0.779697 0.178249
vt 0.806414 0.163608
vt 0.925543 0.941735
vt 0.919497 0.929039
vt 0.928883 0.937618
vt 0.926967 0.925047
vt 0.919419 0.902026
vt 0.927731 0.901996
vt 0.500000 0.112543
vt 0.500000 0.098675
vt 0.283231 0.137090
vt 0.284143 0.162067
vt 0.193586 0.163608
vt 0.220303 0.178249
vt 0.925543 0.862317
vt 0.928883 0.866434
vt 0.919497 0.875012
vt 0.926967 0.879005
vt 0.418952 0.122388
vt 0.455137 0.148638
vt 0.394262 0.168435
vt 0.436708 0.132520
vt 0.500000 0.143362
vt 0.500000 0.124145
vt 0.544863 0.148638
vt 0.563292 0.132520
vt 0.632673 0.270135
vt 0.583302 0.285778
vt 0.573975 0.255175
vt 0.532797 0.245150
vt 0.534570 0.273572
vt 0.500000 0.244980
vt 0.500000 0.271121
vt 0.531213 0.218961
vt 0.500000 0.216753
vt 0.532019 0.191160
vt 0.500000 0.182509
vt 0.500000 0.167257
vt 0.533139 0.169007
vt 0.571713 0.226454
vt 0.571066 0.202791
vt 0.577744 0.183294
vt 0.605738 0.168435
vt 0.665282 0.164457
vt 0.426025 0.255175
vt 0.416698 0.285778
vt 0.367327 0.270135
vt 0.465430 0.273572
vt 0.467203 0.245150
vt 0.468787 0.218961
vt 0.467981 0.191160
vt 0.466861 0.169007
vt 0.428287 0.226454
vt 0.428934 0.202791
vt 0.422256 0.183294
vt 0.334718 0.164457
vt 0.823818 0.077186
vt 0.176182 0.057164
vt 0.922201 0.951702
vt 0.936518 0.963560
vt 0.927065 0.973468
vt 0.939869 0.956626
vt 0.945310 0.949485
vt 0.911452 0.937973
vt 0.969755 0.970971
vt 0.984805 0.939287
vt 0.984611 0.981135
vt 0.966959 0.959915
vt 0.958886 0.951437
vt 0.970917 0.936229
vt 0.996207 0.902006
vt 0.996207 0.995706
vt 0.979144 0.901990
vt 0.911452 0.980892
vt 0.911452 0.995537
vt 0.943952 0.423770
vt 0.909328 0.436532
vt 0.930728 0.369460
vt 0.176182 0.077186
vt 0.823818 0.057164
vt 0.922201 0.852350
vt 0.927065 0.830584
vt 0.936518 0.840492
vt 0.945310 0.854567
vt 0.939869 0.847425
vt 0.911452 0.866078
vt 0.969755 0.833081
vt 0.984611 0.822917
vt 0.966959 0.844137
vt 0.984805 0.864765
vt 0.958886 0.852615
vt 0.970917 0.867823
vt 0.996207 0.808346
vt 0.911452 0.823160
vt 0.911452 0.808515
vt 0.056047 0.423770
vt 0.069272 0.369460
vt 0.090671 0.436532
vt 0.180337 0.200343
vt 0.176182 0.031553
vt 0.176182 0.001842
vt 0.897885 0.242294
vt 0.819663 0.200343
vt 0.893374 0.306305
vt 0.823818 0.031553
vt 0.823818 0.001842
vt 0.102115 0.242294
vt 0.106626 0.306305
vt 0.256997 0.103744
vt 0.986521 0.621937
vt 0.976583 0.479854
vt 0.995681 0.713213
vt 0.995402 0.459606
vt 0.938496 0.752993
vt 0.981979 0.703010
vt 0.936516 0.444701
vt 0.977338 0.653828
vt 0.979691 0.615606
vt 0.969005 0.614485
vt 0.971089 0.649871
vt 0.976368 0.537608
vt 0.971673 0.551615
vt 0.965717 0.488712
vt 0.959426 0.502544
vt 0.962877 0.647983
vt 0.961908 0.613796
vt 0.922316 0.635122
vt 0.926593 0.670747
vt 0.913986 0.661420
vt 0.921935 0.680942
vt 0.966921 0.561834
vt 0.951265 0.521706
vt 0.938593 0.719994
vt 0.922154 0.711199
vt 0.933660 0.702599
vt 0.970506 0.697127
vt 0.966951 0.687402
vt 0.894624 0.504076
vt 0.926264 0.499735
vt 0.918169 0.512578
vt 0.961516 0.675043
vt 0.927058 0.473562
vt 0.944311 0.481663
vt 0.939418 0.538538
vt 0.921170 0.534765
vt 0.955529 0.613222
vt 0.960154 0.567647
vt 0.954782 0.647235
vt 0.919364 0.564344
vt 0.896492 0.572471
vt 0.948929 0.468535
vt 0.907746 0.472310
vt 0.887851 0.461444
vt 0.884790 0.519421
vt 0.919676 0.455770
vt 0.931623 0.457687
vt 0.889564 0.606987
vt 0.895197 0.605721
vt 0.935660 0.686731
vt 0.936752 0.675030
vt 0.929892 0.659639
vt 0.951483 0.568591
vt 0.925924 0.630385
vt 0.919973 0.597716
vt 0.946318 0.628226
vt 0.901252 0.713958
vt 0.948666 0.679567
vt 0.949628 0.693992
vt 0.950567 0.710164
vt 0.949410 0.726390
vt 0.743003 0.103744
vt 0.013479 0.621937
vt 0.004319 0.713213
vt 0.023417 0.479854
vt 0.004598 0.459606
vt 0.061503 0.752993
vt 0.018021 0.703010
vt 0.063484 0.444701
vt 0.022661 0.653828
vt 0.020309 0.615606
vt 0.030994 0.614485
vt 0.028911 0.649871
vt 0.040574 0.502544
vt 0.028326 0.551615
vt 0.034282 0.488712
vt 0.023631 0.537608
vt 0.038092 0.613796
vt 0.037123 0.647983
vt 0.078064 0.680942
vt 0.073406 0.670747
vt 0.086014 0.661420
vt 0.077683 0.635122
vt 0.033079 0.561834
vt 0.048735 0.521706
vt 0.061406 0.719994
vt 0.066340 0.702599
vt 0.077845 0.711199
vt 0.033049 0.687402
vt 0.029494 0.697127
vt 0.105376 0.504076
vt 0.081831 0.512578
vt 0.073736 0.499735
vt 0.038484 0.675043
vt 0.055689 0.481663
vt 0.072941 0.473562
vt 0.078830 0.534765
vt 0.060581 0.538538
vt 0.044470 0.613222
vt 0.039845 0.567647
vt 0.045217 0.647235
vt 0.103508 0.572471
vt 0.080636 0.564344
vt 0.051071 0.468535
vt 0.092253 0.472310
vt 0.112149 0.461444
vt 0.115210 0.519421
vt 0.080324 0.455770
vt 0.068376 0.457687
vt 0.064340 0.686731
vt 0.070107 0.659639
vt 0.063247 0.675030
vt 0.048516 0.568591
vt 0.080026 0.597716
vt 0.074075 0.630385
vt 0.053681 0.628226
vt 0.104803 0.605721
vt 0.098747 0.713958
vt 0.110436 0.606987
vt 0.051334 0.679567
vt 0.050372 0.693992
vt 0.049432 0.710164
vt 0.050589 0.726390
vt 0.855106 0.610823
vt 0.846625 0.550997
vt 0.861644 0.322481
vt 0.899089 0.381429
vt 0.851221 0.357227
vt 0.844936 0.485583
vt 0.873382 0.390346
vt 0.840317 0.399786
vt 0.807752 0.469114
vt 0.632137 0.245941
vt 0.630043 0.217729
vt 0.679614 0.281710
vt 0.703730 0.253557
vt 0.816161 0.267151
vt 0.811973 0.320374
vt 0.745840 0.276126
vt 0.781195 0.299559
vt 0.745616 0.353740
vt 0.780509 0.372056
vt 0.697535 0.346042
vt 0.717546 0.346322
vt 0.665177 0.299721
vt 0.707146 0.417672
vt 0.687932 0.410934
vt 0.773307 0.448630
vt 0.734661 0.428776
vt 0.625520 0.191926
vt 0.699938 0.210969
vt 0.809186 0.387947
vt 0.745289 0.228627
vt 0.784178 0.247902
vt 0.100911 0.381429
vt 0.126618 0.390346
vt 0.367863 0.245941
vt 0.320386 0.281710
vt 0.369957 0.217729
vt 0.296270 0.253557
vt 0.183839 0.267151
vt 0.138356 0.322481
vt 0.188027 0.320374
vt 0.148779 0.357227
vt 0.334823 0.299721
vt 0.374480 0.191926
vt 0.300062 0.210969
vt 0.254711 0.228627
vt 0.215822 0.247902
vt 0.218805 0.299559
vt 0.254160 0.276126
vt 0.500000 0.409091
vt 0.511752 0.408754
vt 0.500000 0.427593
vt 0.510095 0.401001
vt 0.500000 0.399624
vt 0.500000 0.390982
vt 0.510239 0.392164
vt 0.517912 0.430057
vt 0.500000 0.365918
vt 0.508832 0.369408
vt 0.532228 0.366193
vt 0.489905 0.401001
vt 0.488248 0.408754
vt 0.489761 0.392164
vt 0.482088 0.430057
vt 0.491168 0.369408
vt 0.467772 0.366193
vt 0.601830 0.499092
vt 0.604000 0.497947
vt 0.601903 0.511063
vt 0.601275 0.523870
vt 0.579830 0.510574
vt 0.586997 0.528329
vt 0.604024 0.524771
vt 0.589403 0.534955
vt 0.589270 0.543925
vt 0.565957 0.549602
vt 0.544886 0.552393
vt 0.563026 0.543864
vt 0.537264 0.537475
vt 0.561358 0.534627
vt 0.535586 0.527868
vt 0.552559 0.516185
vt 0.533177 0.515159
vt 0.316363 0.350467
vt 0.348696 0.332342
vt 0.334545 0.363008
vt 0.368137 0.311659
vt 0.367550 0.344837
vt 0.324328 0.408725
vt 0.537205 0.497640
vt 0.533696 0.506104
vt 0.530484 0.492183
vt 0.564310 0.490551
vt 0.578339 0.479820
vt 0.571848 0.497816
vt 0.590549 0.484256
vt 0.592867 0.480352
vt 0.578806 0.472831
vt 0.500000 0.465761
vt 0.526523 0.465148
vt 0.500000 0.474761
vt 0.525616 0.475305
vt 0.500000 0.455193
vt 0.522667 0.451250
vt 0.511842 0.442292
vt 0.500000 0.445909
vt 0.548171 0.505143
vt 0.545699 0.497968
vt 0.518498 0.533087
vt 0.510854 0.534566
vt 0.518132 0.524937
vt 0.509631 0.525246
vt 0.518829 0.552674
vt 0.511149 0.499994
vt 0.521064 0.502632
vt 0.559282 0.475459
vt 0.556267 0.486196
vt 0.543345 0.476818
vt 0.546794 0.489848
vt 0.519548 0.512899
vt 0.541710 0.493073
vt 0.510172 0.511997
vt 0.500000 0.509779
vt 0.500000 0.497977
vt 0.500000 0.486123
vt 0.516108 0.488821
vt 0.540559 0.449485
vt 0.545738 0.467565
vt 0.561970 0.467869
vt 0.500000 0.524883
vt 0.477333 0.451250
vt 0.488158 0.442292
vt 0.459441 0.449485
vt 0.488851 0.499994
vt 0.478936 0.502632
vt 0.469516 0.492183
vt 0.500000 0.535050
vt 0.500000 0.553489
vt 0.435690 0.490551
vt 0.428152 0.497816
vt 0.421661 0.479820
vt 0.409451 0.484256
vt 0.407133 0.480352
vt 0.421194 0.472831
vt 0.473477 0.465148
vt 0.474384 0.475305
vt 0.398170 0.499092
vt 0.398097 0.511063
vt 0.396000 0.497947
vt 0.398725 0.523870
vt 0.413003 0.528329
vt 0.420170 0.510574
vt 0.410730 0.543925
vt 0.395976 0.524771
vt 0.410597 0.534955
vt 0.451829 0.505143
vt 0.454301 0.497968
vt 0.489146 0.534566
vt 0.481171 0.552674
vt 0.490369 0.525246
vt 0.462736 0.537475
vt 0.455114 0.552393
vt 0.436974 0.543864
vt 0.434043 0.549602
vt 0.462795 0.497640
vt 0.466304 0.506104
vt 0.464414 0.527868
vt 0.438642 0.534627
vt 0.481502 0.533087
vt 0.481868 0.524937
vt 0.443733 0.486196
vt 0.440718 0.475459
vt 0.453206 0.489848
vt 0.456655 0.476818
vt 0.480452 0.512899
vt 0.466823 0.515159
vt 0.458290 0.493073
vt 0.489828 0.511997
vt 0.483892 0.488821
vt 0.454262 0.467565
vt 0.438030 0.467869
vt 0.447441 0.516185
vt 0.481556 0.569762
vt 0.500000 0.597282
vt 0.474817 0.593663
vt 0.500000 0.571997
vt 0.518444 0.569762
vt 0.525183 0.593663
vt 0.547826 0.575342
vt 0.548609 0.592203
vt 0.527634 0.623343
vt 0.549358 0.623253
vt 0.526510 0.651111
vt 0.500000 0.624701
vt 0.500000 0.652774
vt 0.452174 0.575342
vt 0.451391 0.592203
vt 0.472366 0.623343
vt 0.473490 0.651111
vt 0.450642 0.623253
vt 0.357696 0.382959
vt 0.360626 0.419826
vt 0.349850 0.397769
vt 0.374007 0.383173
vt 0.376372 0.377569
vt 0.410362 0.402267
vt 0.412522 0.398868
vt 0.463051 0.378397
vt 0.434165 0.381688
vt 0.433344 0.364922
vt 0.388577 0.361534
vt 0.394152 0.362168
vt 0.385251 0.364076
vt 0.389976 0.370091
vt 0.365134 0.373076
vt 0.370030 0.369944
vt 0.472870 0.405538
vt 0.473845 0.411396
vt 0.437192 0.406166
vt 0.435895 0.410926
vt 0.338611 0.403444
vt 0.340481 0.450907
vt 0.352314 0.435717
vt 0.960947 0.890877
vt 0.960860 0.902006
vt 0.955207 0.889971
vt 0.954975 0.902026
vt 0.961178 0.878379
vt 0.955030 0.878235
vt 0.953847 0.858469
vt 0.959508 0.870629
vt 0.952408 0.860348
vt 0.953843 0.872175
vt 0.385247 0.433140
vt 0.405650 0.409925
vt 0.414140 0.441274
vt 0.432813 0.418204
vt 0.369954 0.393723
vt 0.465773 0.425715
vt 0.437449 0.446032
vt 0.418851 0.469985
vt 0.403823 0.471229
vt 0.377185 0.369031
vt 0.383034 0.373276
vt 0.413272 0.387702
vt 0.438054 0.394986
vt 0.469134 0.393472
vt 0.411682 0.378558
vt 0.413472 0.362931
vt 0.482816 0.672727
vt 0.232846 0.657330
vt 0.254172 0.652947
vt 0.257187 0.711280
vt 0.274820 0.687948
vt 0.388385 0.493132
vt 0.371112 0.455606
vt 0.500000 0.673857
vt 0.189868 0.662465
vt 0.189868 0.723832
vt 0.568362 0.577512
vt 0.567855 0.559071
vt 0.589683 0.551102
vt 0.568664 0.592585
vt 0.587960 0.584392
vt 0.589210 0.568380
vt 0.568023 0.614082
vt 0.586433 0.602696
vt 0.568013 0.622723
vt 0.534227 0.425715
vt 0.564105 0.410926
vt 0.567187 0.418204
vt 0.536949 0.378397
vt 0.566656 0.364922
vt 0.565835 0.381688
vt 0.526155 0.411396
vt 0.562808 0.406166
vt 0.527130 0.405538
vt 0.587478 0.398868
vt 0.589638 0.402267
vt 0.955207 0.914081
vt 0.960947 0.913175
vt 0.955030 0.925817
vt 0.961178 0.925673
vt 0.614753 0.433140
vt 0.585860 0.441274
vt 0.594350 0.409925
vt 0.562551 0.446032
vt 0.581149 0.469985
vt 0.596177 0.471229
vt 0.561946 0.394986
vt 0.586728 0.387702
vt 0.530866 0.393472
vt 0.588318 0.378558
vt 0.586528 0.362931
vt 0.410317 0.551102
vt 0.385760 0.548507
vt 0.388778 0.533012
vt 0.373599 0.504392
vt 0.365531 0.518047
vt 0.432145 0.559071
vt 0.358925 0.539087
vt 0.383335 0.564135
vt 0.358275 0.478466
vt 0.431987 0.622723
vt 0.413524 0.613483
vt 0.431977 0.614082
vt 0.413567 0.602696
vt 0.431336 0.592585
vt 0.412040 0.584392
vt 0.431638 0.577512
vt 0.410790 0.568380
vt 0.356437 0.556057
vt 0.382658 0.575931
vt 0.357174 0.571566
vt 0.380913 0.586055
vt 0.623628 0.377569
vt 0.625993 0.383173
vt 0.611423 0.361534
vt 0.614749 0.364076
vt 0.605848 0.362168
vt 0.610024 0.370091
vt 0.629970 0.369944
vt 0.634866 0.373076
vt 0.675672 0.408725
vt 0.659519 0.450907
vt 0.661389 0.403444
vt 0.647686 0.435717
vt 0.953843 0.931877
vt 0.959508 0.933423
vt 0.952408 0.943703
vt 0.953847 0.945583
vt 0.665455 0.363008
vt 0.651304 0.332342
vt 0.683637 0.350467
vt 0.631863 0.311659
vt 0.632450 0.344837
vt 0.639374 0.419826
vt 0.630046 0.393723
vt 0.650150 0.397769
vt 0.642304 0.382959
vt 0.616966 0.373276
vt 0.622815 0.369031
vt 0.289095 0.616331
vt 0.292988 0.634894
vt 0.282534 0.632255
vt 0.319237 0.638792
vt 0.318450 0.646034
vt 0.305814 0.636800
vt 0.307293 0.647138
vt 0.326142 0.645530
vt 0.325223 0.640276
vt 0.297502 0.668211
vt 0.287864 0.676131
vt 0.281084 0.647176
vt 0.268095 0.649486
vt 0.293113 0.647560
vt 0.389281 0.632766
vt 0.389854 0.640328
vt 0.388109 0.636361
vt 0.408570 0.624344
vt 0.380633 0.604795
vt 0.411955 0.619742
vt 0.380944 0.596715
vt 0.354633 0.640140
vt 0.448189 0.643345
vt 0.448060 0.660802
vt 0.270192 0.627615
vt 0.359016 0.590688
vt 0.357775 0.582842
vt 0.278989 0.608387
vt 0.300195 0.587014
vt 0.329934 0.576921
vt 0.308360 0.596138
vt 0.334022 0.585791
vt 0.432632 0.634223
vt 0.430344 0.643452
vt 0.336616 0.592522
vt 0.360079 0.596807
vt 0.327564 0.629427
vt 0.377026 0.621526
vt 0.322710 0.628237
vt 0.377262 0.619356
vt 0.392587 0.630144
vt 0.313416 0.602134
vt 0.380368 0.611062
vt 0.363666 0.613179
vt 0.362420 0.615392
vt 0.353188 0.611174
vt 0.351714 0.614157
vt 0.295983 0.621522
vt 0.359910 0.605211
vt 0.309352 0.625136
vt 0.339988 0.602749
vt 0.320914 0.612235
vt 0.378302 0.615932
vt 0.329678 0.619301
vt 0.332163 0.622391
vt 0.398972 0.629630
vt 0.403051 0.627683
vt 0.341087 0.611740
vt 0.342382 0.615452
vt 0.323411 0.563621
vt 0.287484 0.574276
vt 0.153375 0.550997
vt 0.144894 0.610823
vt 0.155064 0.485583
vt 0.159683 0.399786
vt 0.267325 0.595194
vt 0.256627 0.620733
vt 0.209506 0.553450
vt 0.192248 0.469114
vt 0.192479 0.613067
vt 0.219491 0.372056
vt 0.254384 0.353740
vt 0.302465 0.346042
vt 0.282454 0.346322
vt 0.312068 0.410934
vt 0.329057 0.461764
vt 0.310839 0.533374
vt 0.348491 0.490841
vt 0.333482 0.510903
vt 0.312011 0.475266
vt 0.226693 0.448630
vt 0.265339 0.428776
vt 0.246614 0.519489
vt 0.285258 0.492528
vt 0.237456 0.616214
vt 0.251994 0.572416
vt 0.292854 0.417672
vt 0.190815 0.387947
vt 0.270952 0.551488
vt 0.630116 0.363002
vt 0.637212 0.364658
vt 0.630250 0.351526
vt 0.622782 0.355281
vt 0.603153 0.341855
vt 0.601201 0.336079
vt 0.616049 0.360808
vt 0.613000 0.360000
vt 0.615515 0.357962
vt 0.613009 0.358876
vt 0.943399 0.944039
vt 0.948346 0.944397
vt 0.943179 0.937211
vt 0.646434 0.367316
vt 0.588716 0.315266
vt 0.652483 0.380653
vt 0.607194 0.357654
vt 0.605759 0.352297
vt 0.619983 0.356046
vt 0.604941 0.347445
vt 0.622840 0.362139
vt 0.027474 0.901625
vt 0.027664 0.912827
vt 0.021007 0.901625
vt 0.003110 0.901625
vt 0.016965 0.863345
vt 0.021376 0.879136
vt 0.027664 0.890438
vt 0.021376 0.924129
vt 0.016965 0.939919
vt 0.534309 0.299133
vt 0.533318 0.315117
vt 0.500000 0.299183
vt 0.533116 0.319799
vt 0.500000 0.312244
vt 0.500000 0.319096
vt 0.580334 0.327315
vt 0.580426 0.331901
vt 0.947043 0.924884
vt 0.948087 0.914284
vt 0.584214 0.346628
vt 0.586895 0.358985
vt 0.533946 0.346117
vt 0.537117 0.362758
vt 0.500000 0.364034
vt 0.500000 0.345137
vt 0.532404 0.332114
vt 0.500000 0.334863
vt 0.582399 0.340982
vt 0.947624 0.902026
vt 0.465691 0.299133
vt 0.003110 0.991911
vt 0.003110 0.968857
vt 0.023099 0.991911
vt 0.065437 0.834408
vt 0.045510 0.848079
vt 0.023099 0.834408
vt 0.022798 0.844055
vt 0.054689 0.861374
vt 0.070769 0.854481
vt 0.059385 0.878006
vt 0.079430 0.873039
vt 0.059385 0.901625
vt 0.079430 0.901625
vt 0.003110 0.834408
vt 0.003110 0.852713
vt 0.030822 0.855544
vt 0.036543 0.867176
vt 0.023099 0.811354
vt 0.003110 0.811354
vt 0.043502 0.901625
vt 0.043502 0.883234
vt 0.093473 0.834408
vt 0.093473 0.901632
vt 0.069633 0.811354
vt 0.022798 0.959210
vt 0.045510 0.955186
vt 0.023099 0.968857
vt 0.065437 0.968857
vt 0.070769 0.948784
vt 0.054689 0.941890
vt 0.079430 0.930226
vt 0.059385 0.925258
vt 0.003110 0.950551
vt 0.030822 0.947721
vt 0.036543 0.936089
vt 0.043502 0.920031
vt 0.093473 0.968857
vt 0.069633 0.991911
vt 0.205030 0.997869
vt 0.245358 0.917854
vt 0.281449 0.997869
vt 0.794970 0.997869
vt 0.754642 0.917854
vt 0.845515 0.907163
vt 0.647338 0.997869
vt 0.588338 0.997869
vt 0.630119 0.917854
vt 0.576961 0.917854
vt 0.535720 0.917854
vt 0.543064 0.997869
vt 0.500000 0.997869
vt 0.500000 0.917854
vt 0.718551 0.997869
vt 0.683357 0.917854
vt 0.867997 0.833636
vt 0.154485 0.907163
vt 0.423039 0.917854
vt 0.411662 0.997869
vt 0.369881 0.917854
vt 0.352662 0.997869
vt 0.464280 0.917854
vt 0.456936 0.997869
vt 0.316643 0.917854
vt 0.132003 0.833636
vt 0.714742 0.492528
vt 0.689161 0.533374
vt 0.687989 0.475266
vt 0.790494 0.553450
vt 0.517184 0.672727
vt 0.500000 0.697034
vt 0.767154 0.657330
vt 0.742813 0.711280
vt 0.745828 0.652947
vt 0.725180 0.687948
vt 0.807521 0.613067
vt 0.810132 0.662465
vt 0.611222 0.533012
vt 0.611615 0.493132
vt 0.626401 0.504392
vt 0.634469 0.518047
vt 0.614240 0.548507
vt 0.641075 0.539087
vt 0.616665 0.564135
vt 0.670943 0.461764
vt 0.641725 0.478466
vt 0.628888 0.455606
vt 0.676589 0.563621
vt 0.643563 0.556057
vt 0.642826 0.571566
vt 0.586476 0.613483
vt 0.617342 0.575931
vt 0.619087 0.586055
vt 0.651509 0.490841
vt 0.666518 0.510903
vt 0.753386 0.519489
vt 0.748006 0.572416
vt 0.762544 0.616214
vt 0.743373 0.620733
vt 0.732675 0.595194
vt 0.810132 0.723832
vt 0.729048 0.551488
vt 0.712516 0.574276
vt 0.389304 0.651028
vt 0.334101 0.673384
vt 0.323636 0.657068
vt 0.337367 0.665845
vt 0.326185 0.648239
vt 0.315432 0.659734
vt 0.334214 0.681650
vt 0.383387 0.678067
vt 0.381493 0.672059
vt 0.397196 0.656096
vt 0.392985 0.652375
vt 0.403554 0.641227
vt 0.410762 0.644327
vt 0.330513 0.690103
vt 0.307040 0.663579
vt 0.393710 0.637680
vt 0.398848 0.637789
vt 0.377684 0.661834
vt 0.385249 0.682097
vt 0.402666 0.663741
vt 0.368310 0.675390
vt 0.366068 0.686062
vt 0.367452 0.666107
vt 0.362203 0.696091
vt 0.353532 0.668344
vt 0.354267 0.676941
vt 0.353779 0.685776
vt 0.419666 0.327315
vt 0.419574 0.331901
vt 0.398799 0.336079
vt 0.466884 0.319799
vt 0.466682 0.315117
vt 0.377218 0.355281
vt 0.369884 0.363002
vt 0.369750 0.351526
vt 0.362788 0.364658
vt 0.396847 0.341855
vt 0.383951 0.360808
vt 0.384485 0.357962
vt 0.387000 0.360000
vt 0.386991 0.358876
vt 0.943399 0.860013
vt 0.948346 0.859655
vt 0.943179 0.866841
vt 0.947043 0.879168
vt 0.948087 0.889768
vt 0.353566 0.367316
vt 0.411284 0.315266
vt 0.347517 0.380653
vt 0.394241 0.352297
vt 0.392806 0.357654
vt 0.413105 0.358985
vt 0.415786 0.346628
vt 0.462883 0.362758
vt 0.466054 0.346117
vt 0.467596 0.332114
vt 0.417601 0.340982
vt 0.395059 0.347445
vt 0.380017 0.356046
vt 0.377160 0.362139
vt 0.670066 0.576921
vt 0.691640 0.596138
vt 0.665978 0.585791
vt 0.721011 0.608387
vt 0.729808 0.627615
vt 0.681550 0.646034
vt 0.694186 0.636800
vt 0.692707 0.647138
vt 0.731905 0.649486
vt 0.712136 0.676131
vt 0.718916 0.647176
vt 0.702498 0.668211
vt 0.707012 0.634894
vt 0.706887 0.647560
vt 0.610146 0.640328
vt 0.610719 0.632766
vt 0.611891 0.636361
vt 0.619056 0.596715
vt 0.619367 0.604795
vt 0.588045 0.619742
vt 0.591430 0.624344
vt 0.645367 0.640140
vt 0.551940 0.660802
vt 0.551811 0.643345
vt 0.710905 0.616331
vt 0.717466 0.632255
vt 0.674777 0.640276
vt 0.673858 0.645530
vt 0.642225 0.582842
vt 0.640984 0.590688
vt 0.699805 0.587014
vt 0.567368 0.634223
vt 0.569656 0.643452
vt 0.389058 0.837645
vt 0.437356 0.837645
vt 0.425985 0.655661
vt 0.409642 0.676456
vt 0.388686 0.692987
vt 0.474857 0.837645
vt 0.500000 0.837645
vt 0.616613 0.678067
vt 0.631690 0.675390
vt 0.633932 0.686062
vt 0.665899 0.673384
vt 0.662633 0.665845
vt 0.676364 0.657068
vt 0.673815 0.648239
vt 0.665786 0.681650
vt 0.684568 0.659734
vt 0.607015 0.652375
vt 0.618507 0.672059
vt 0.602804 0.656096
vt 0.601028 0.629630
vt 0.596446 0.641227
vt 0.596949 0.627683
vt 0.589238 0.644327
vt 0.669487 0.690103
vt 0.692960 0.663579
vt 0.680763 0.638792
vt 0.606290 0.637680
vt 0.607413 0.630144
vt 0.601152 0.637789
vt 0.610696 0.651028
vt 0.622316 0.661834
vt 0.597334 0.663741
vt 0.614751 0.682097
vt 0.632548 0.666107
vt 0.637797 0.696091
vt 0.646468 0.668344
vt 0.645733 0.676941
vt 0.646221 0.685776
vt 0.574015 0.655661
vt 0.590358 0.676456
vt 0.611314 0.692987
vt 0.525143 0.837645
vt 0.562644 0.837645
vt 0.610942 0.837645
vt 0.357852 0.717788
vt 0.314971 0.728793
vt 0.322836 0.712221
vt 0.392305 0.797737
vt 0.208676 0.837645
vt 0.273331 0.837645
vt 0.309042 0.743640
vt 0.359596 0.705239
vt 0.390435 0.708998
vt 0.327016 0.699495
vt 0.246734 0.779591
vt 0.288895 0.796929
vt 0.353634 0.752472
vt 0.357184 0.733696
vt 0.188652 0.779577
vt 0.244117 0.753495
vt 0.297244 0.771601
vt 0.345768 0.796450
vt 0.348819 0.773396
vt 0.338794 0.837645
vt 0.636334 0.613179
vt 0.621698 0.615932
vt 0.640090 0.605211
vt 0.672436 0.629427
vt 0.622974 0.621526
vt 0.677290 0.628237
vt 0.622738 0.619356
vt 0.686584 0.602134
vt 0.663384 0.592522
vt 0.619632 0.611062
vt 0.639921 0.596807
vt 0.648286 0.614157
vt 0.637580 0.615392
vt 0.646812 0.611174
vt 0.704017 0.621522
vt 0.690648 0.625136
vt 0.679086 0.612235
vt 0.660012 0.602749
vt 0.670322 0.619301
vt 0.667837 0.622391
vt 0.658913 0.611740
vt 0.657618 0.615452
vt 0.702756 0.771601
vt 0.654232 0.796450
vt 0.651181 0.773396
vt 0.607695 0.797737
vt 0.726669 0.837645
vt 0.791324 0.837645
vt 0.677164 0.712221
vt 0.685029 0.728793
vt 0.690958 0.743640
vt 0.640404 0.705239
vt 0.642148 0.717788
vt 0.609565 0.708998
vt 0.672984 0.699495
vt 0.711105 0.796929
vt 0.753266 0.779591
vt 0.642816 0.733696
vt 0.646366 0.752472
vt 0.811348 0.779577
vt 0.755883 0.753495
vt 0.661206 0.837645
vt 0.488181 0.698116
vt 0.511819 0.698116
vt 0.509546 0.739460
vt 0.500000 0.742903
vt 0.500000 0.787862
vt 0.490454 0.739460
vt 0.524074 0.783260
vt 0.531667 0.752976
vt 0.559825 0.795587
vt 0.582203 0.695228
vt 0.567393 0.717993
vt 0.605223 0.729572
vt 0.547908 0.709909
vt 0.557914 0.678007
vt 0.605211 0.775491
vt 0.602710 0.751526
vt 0.520617 0.733756
vt 0.519296 0.698487
vt 0.542087 0.679322
vt 0.532531 0.670267
vt 0.533419 0.701552
vt 0.539584 0.737393
vt 0.556885 0.747986
vt 0.529218 0.729736
vt 0.555948 0.769497
vt 0.440175 0.795587
vt 0.444052 0.769497
vt 0.394777 0.729572
vt 0.432607 0.717993
vt 0.417797 0.695228
vt 0.452092 0.709909
vt 0.442086 0.678007
vt 0.397290 0.751526
vt 0.394789 0.775491
vt 0.480704 0.698487
vt 0.479383 0.733756
vt 0.457913 0.679322
vt 0.467469 0.670267
vt 0.466581 0.701552
vt 0.475926 0.783260
vt 0.460416 0.737393
vt 0.443115 0.747986
vt 0.470782 0.729736
vt 0.468333 0.752976
vt 0.913225 0.114823
vt 0.913395 0.143683
vt 0.848265 0.114823
vt 0.848265 0.143683
vt 0.913035 0.056729
vt 0.848265 0.056729
vt 0.912884 0.004253
vt 0.848265 0.004253
vt 0.919529 0.004253
vt 0.919529 0.056729
vt 0.919529 0.114823
vt 0.919529 0.143683
vt 0.913558 0.192845
vt 0.848265 0.192845
vt 0.919529 0.192845
vt 0.932367 0.114823
vt 0.996344 0.114823
vt 0.932185 0.143683
vt 0.996344 0.143683
vt 0.996344 0.056729
vt 0.932570 0.056729
vt 0.932732 0.003448
vt 0.996344 0.003448
vt 0.925625 0.003448
vt 0.925625 0.056729
vt 0.925625 0.114823
vt 0.925625 0.143683
vt 0.996344 0.192595
vt 0.932010 0.192595
vt 0.925625 0.192595
vt 0.375000 0.000000
vt 0.625000 0.000000
vt 0.375000 0.250000
vt 0.625000 0.250000
vt 0.375000 0.500000
vt 0.625000 0.500000
vt 0.375000 0.750000
vt 0.625000 0.750000
vt 0.375000 1.000000
vt 0.625000 1.000000
vt 0.875000 0.000000
vt 0.875000 0.250000
vt 0.125000 0.000000
vt 0.125000 0.250000
vt 0.010204 0.183299
vt 0.010225 0.197865
vt 0.074848 0.192706
vt 0.074891 0.220268
vt 0.010263 0.224670
vt 0.010284 0.240056
vt 0.074925 0.245786
vt 0.010301 0.252926
vt 0.010322 0.267562
vt 0.010245 0.211770
vt 0.075025 0.300218
vt 0.010383 0.311243
vt 0.010403 0.325721
vt 0.010363 0.296817
vt 0.074983 0.273170
vt 0.010345 0.283334
vt 0.074793 0.176854
vt 0.075065 0.340846
vt 0.010423 0.340701
s 1
usemtl Material_001
f 1/1/1 2/2/2 3/3/3
f 3/3/3 2/2/2 4/4/4
f 5/5/5 1/1/1 6/6/6
f 6/6/6 1/1/1 3/3/3
f 7/7/7 8/8/8 5/5/5
f 5/5/5 8/8/8 1/1/1
f 9/9/9 2/2/2 8/8/8
f 8/8/8 2/2/2 1/1/1
f 10/10/10 11/11/11 12/12/12
f 12/12/12 11/11/11 13/13/13
f 3/3/3 10/10/10 6/6/6
f 6/6/6 10/10/10 12/12/12
f 4/4/4 14/14/14 3/3/3
f 3/3/3 14/14/14 10/10/10
f 11/11/11 10/10/10 15/15/15
f 15/15/15 10/10/10 14/14/14
f 16/16/16 17/17/17 18/18/18
f 18/18/18 17/17/17 19/19/19
f 12/12/12 16/16/16 6/6/6
f 6/6/6 16/16/16 18/18/18
f 13/13/13 20/20/20 12/12/12
f 12/12/12 20/20/20 16/16/16
f 20/20/20 21/21/21 16/16/16
f 16/16/16 21/21/21 17/17/17
f 7/7/7 5/5/5 22/22/22
f 22/22/22 5/5/5 23/23/23
f 18/18/18 23/23/23 6/6/6
f 6/6/6 23/23/23 5/5/5
f 19/19/19 24/24/24 18/18/18
f 18/18/18 24/24/24 23/23/23
f 22/22/22 23/23/23 25/25/25
f 25/25/25 23/23/23 24/24/24
f 26/26/26 25/25/25 27/27/27
f 27/27/27 25/25/25 24/24/24
f 27/27/27 24/24/24 28/28/28
f 28/28/28 24/24/24 19/19/19
f 29/29/29 27/27/27 30/30/30
f 30/30/30 27/27/27 28/28/28
f 31/31/31 26/26/26 29/29/29
f 29/29/29 26/26/26 27/27/27
f 32/32/32 33/33/33 34/34/34
f 34/34/34 33/33/33 35/35/35
f 30/30/30 28/28/28 33/33/33
f 33/33/33 28/28/28 35/35/35
f 35/35/35 28/28/28 17/17/17
f 17/17/17 28/28/28 19/19/19
f 34/34/34 35/35/35 21/21/21
f 21/21/21 35/35/35 17/17/17
f 36/36/36 15/15/15 37/37/37
f 37/37/37 15/15/15 14/14/14
f 37/37/37 14/14/14 38/38/38
f 38/38/38 14/14/14 4/4/4
f 39/39/39 37/37/37 40/40/40
f 40/40/40 37/37/37 38/38/38
f 41/41/41 36/36/36 39/39/39
f 39/39/39 36/36/36 37/37/37
f 42/42/42 43/43/43 44/44/44
f 44/44/44 43/43/43 45/45/45
f 40/40/40 38/38/38 43/43/43
f 43/43/43 38/38/38 45/45/45
f 2/2/2 45/45/45 4/4/4
f 4/4/4 45/45/45 38/38/38
f 44/44/44 45/45/45 9/9/9
f 9/9/9 45/45/45 2/2/2
f 41/41/41 46/46/46 36/36/36
f 36/36/36 46/46/46 47/47/47
f 48/48/48 47/47/47 49/49/49
f 49/49/49 47/47/47 46/46/46
f 47/47/47 48/48/48 11/11/11
f 11/11/11 48/48/48 13/13/13
f 36/36/36 47/47/47 15/15/15
f 15/15/15 47/47/47 11/11/11
f 34/34/34 21/21/21 50/50/50
f 50/50/50 21/21/21 20/20/20
f 48/48/48 50/50/50 13/13/13
f 13/13/13 50/50/50 20/20/20
f 48/48/48 49/49/49 50/50/50
f 50/50/50 49/49/49 51/51/51
f 32/32/32 34/34/34 51/51/51
f 51/51/51 34/34/34 50/50/50
f 44/44/44 9/9/9 52/52/52
f 52/52/52 9/9/9 8/8/8
f 53/53/53 52/52/52 7/7/7
f 7/7/7 52/52/52 8/8/8
f 54/54/54 52/52/52 55/55/55
f 55/55/55 52/52/52 53/53/53
f 42/42/42 44/44/44 54/54/54
f 54/54/54 44/44/44 52/52/52
f 31/31/31 56/56/56 26/26/26
f 26/26/26 56/56/56 57/57/57
f 55/55/55 53/53/53 56/56/56
f 56/56/56 53/53/53 57/57/57
f 57/57/57 53/53/53 22/22/22
f 22/22/22 53/53/53 7/7/7
f 26/26/26 57/57/57 25/25/25
f 25/25/25 57/57/57 22/22/22
f 58/1/58 59/2/59 60/3/60
f 60/3/60 59/2/59 61/4/61
f 62/5/62 58/1/58 63/6/63
f 63/6/63 58/1/58 60/3/60
f 64/7/64 65/8/65 62/5/62
f 62/5/62 65/8/65 58/1/58
f 65/8/65 66/9/66 58/1/58
f 58/1/58 66/9/66 59/2/59
f 67/10/67 68/11/68 69/12/69
f 69/12/69 68/11/68 70/13/70
f 60/3/60 67/10/67 63/6/63
f 63/6/63 67/10/67 69/12/69
f 61/4/61 71/14/71 60/3/60
f 60/3/60 71/14/71 67/10/67
f 67/10/67 71/14/71 68/11/68
f 68/11/68 71/14/71 72/15/72
f 73/16/73 74/17/74 75/18/75
f 75/18/75 74/17/74 76/19/76
f 69/12/69 73/16/73 63/6/63
f 63/6/63 73/16/73 75/18/75
f 70/13/70 77/20/77 69/12/69
f 69/12/69 77/20/77 73/16/73
f 77/20/77 78/21/78 73/16/73
f 73/16/73 78/21/78 74/17/74
f 64/7/64 62/5/62 79/22/79
f 79/22/79 62/5/62 80/23/80
f 75/18/75 80/23/80 63/6/63
f 63/6/63 80/23/80 62/5/62
f 76/19/76 81/24/81 75/18/75
f 75/18/75 81/24/81 80/23/80
f 79/22/79 80/23/80 82/25/82
f 82/25/82 80/23/80 81/24/81
f 83/26/83 82/25/82 84/27/84
f 84/27/84 82/25/82 81/24/81
f 84/27/84 81/24/81 85/28/85
f 85/28/85 81/24/81 76/19/76
f 86/30/86 87/29/87 85/28/85
f 85/28/85 87/29/87 84/27/84
f 88/31/88 83/26/83 87/29/87
f 87/29/87 83/26/83 84/27/84
f 89/32/89 90/33/90 91/34/91
f 91/34/91 90/33/90 92/35/92
f 85/28/85 92/35/92 86/30/86
f 86/30/86 92/35/92 90/33/90
f 92/35/92 85/28/85 74/17/74
f 74/17/74 85/28/85 76/19/76
f 91/34/91 92/35/92 78/21/78
f 78/21/78 92/35/92 74/17/74
f 93/36/93 72/15/72 94/37/94
f 94/37/94 72/15/72 71/14/71
f 95/38/95 94/37/94 61/4/61
f 61/4/61 94/37/94 71/14/71
f 96/40/96 97/39/97 95/38/95
f 95/38/95 97/39/97 94/37/94
f 98/41/98 93/36/93 97/39/97
f 97/39/97 93/36/93 94/37/94
f 99/42/99 100/43/100 101/44/101
f 101/44/101 100/43/100 102/45/102
f 95/38/95 102/45/102 96/40/96
f 96/40/96 102/45/102 100/43/100
f 102/45/102 95/38/95 59/2/59
f 59/2/59 95/38/95 61/4/61
f 101/44/101 102/45/102 66/9/66
f 66/9/66 102/45/102 59/2/59
f 98/41/98 103/46/103 93/36/93
f 93/36/93 103/46/103 104/47/104
f 105/48/105 104/47/104 106/49/106
f 106/49/106 104/47/104 103/46/103
f 68/11/68 104/47/104 70/13/70
f 70/13/70 104/47/104 105/48/105
f 93/36/93 104/47/104 72/15/72
f 72/15/72 104/47/104 68/11/68
f 91/34/91 78/21/78 107/50/107
f 107/50/107 78/21/78 77/20/77
f 107/50/107 77/20/77 105/48/105
f 105/48/105 77/20/77 70/13/70
f 106/49/106 108/51/108 105/48/105
f 105/48/105 108/51/108 107/50/107
f 89/32/89 91/34/91 108/51/108
f 108/51/108 91/34/91 107/50/107
f 101/44/101 66/9/66 109/52/109
f 109/52/109 66/9/66 65/8/65
f 109/52/109 65/8/65 110/53/110
f 110/53/110 65/8/65 64/7/64
f 111/54/111 109/52/109 112/55/112
f 112/55/112 109/52/109 110/53/110
f 99/42/99 101/44/101 111/54/111
f 111/54/111 101/44/101 109/52/109
f 88/31/88 113/56/113 83/26/83
f 83/26/83 113/56/113 114/57/114
f 110/53/110 114/57/114 112/55/112
f 112/55/112 114/57/114 113/56/113
f 79/22/79 114/57/114 64/7/64
f 64/7/64 114/57/114 110/53/110
f 83/26/83 114/57/114 82/25/82
f 82/25/82 114/57/114 79/22/79
f 115/58/115 116/59/116 117/60/117
f 118/61/118 116/59/116 115/58/115
f 119/62/119 117/60/117 120/63/120
f 120/63/120 117/60/117 116/59/116
f 121/64/121 118/61/118 122/65/122
f 122/65/122 118/61/118 115/58/115
f 121/64/121 122/65/122 123/66/123
f 123/66/123 122/65/122 124/67/124
f 120/63/120 116/59/116 125/68/125
f 126/69/126 127/70/127 128/71/128
f 128/71/128 127/70/127 129/72/129
f 130/73/130 131/74/131 132/75/132
f 132/75/132 131/74/131 133/76/133
f 134/77/134 135/78/135 133/76/133
f 133/76/133 135/78/135 132/75/132
f 136/79/136 137/80/137 130/73/130
f 130/73/130 137/80/137 131/74/131
f 136/79/136 123/66/123 137/80/137
f 137/80/137 123/66/123 124/67/124
f 135/78/135 138/81/138 132/75/132
f 139/82/139 140/83/140 141/84/141
f 141/84/141 140/83/140 142/85/142
f 119/62/119 143/86/143 117/60/117
f 144/87/144 143/86/143 119/62/119
f 122/65/122 115/58/115 145/88/145
f 145/88/145 115/58/115 146/89/146
f 124/67/124 122/65/122 147/90/147
f 147/90/147 122/65/122 145/88/145
f 143/86/143 146/89/146 117/60/117
f 117/60/117 146/89/146 115/58/115
f 133/76/133 148/91/148 134/77/134
f 134/77/134 148/91/148 149/92/149
f 137/80/137 150/93/150 131/74/131
f 131/74/131 150/93/150 151/94/151
f 150/93/150 137/80/137 147/90/147
f 147/90/147 137/80/137 124/67/124
f 148/91/148 133/76/133 151/94/151
f 151/94/151 133/76/133 131/74/131
f 152/95/152 153/96/153 154/97/154
f 155/98/155 154/97/154 156/99/156
f 156/99/156 154/97/154 153/96/153
f 157/100/157 158/101/158 159/102/159
f 159/102/159 158/101/158 160/103/160
f 158/101/158 161/104/161 160/103/160
f 160/103/160 161/104/161 162/105/162
f 163/106/163 164/107/164 152/95/152
f 152/95/152 164/107/164 153/96/153
f 165/108/165 166/109/166 167/110/167
f 167/110/167 166/109/166 168/111/168
f 169/112/169 170/113/170 171/114/171
f 171/114/171 170/113/170 172/115/172
f 171/114/171 172/115/172 161/104/161
f 161/104/161 172/115/172 162/105/162
f 173/116/173 166/109/166 165/108/165
f 163/106/163 173/116/173 164/107/164
f 173/116/173 165/108/165 164/107/164
f 174/117/174 175/118/175 176/119/176
f 177/120/177 178/121/178 179/122/179
f 179/122/179 178/121/178 180/123/180
f 178/121/178 163/106/163 180/123/180
f 180/123/180 163/106/163 152/95/152
f 181/124/181 182/125/182 183/126/183
f 184/127/184 185/128/185 186/129/186
f 186/129/186 185/128/185 187/130/187
f 188/131/188 184/127/184 189/132/189
f 189/132/189 184/127/184 186/129/186
f 190/133/190 188/131/188 191/134/191
f 191/134/191 188/131/188 189/132/189
f 192/135/192 193/136/193 191/134/191
f 191/134/191 193/136/193 190/133/190
f 184/127/184 183/126/183 185/128/185
f 185/128/185 183/126/183 182/125/182
f 183/126/183 184/127/184 194/137/194
f 194/137/194 184/127/184 188/131/188
f 195/138/195 194/137/194 190/133/190
f 190/133/190 194/137/194 188/131/188
f 196/139/196 195/138/195 193/136/193
f 193/136/193 195/138/195 190/133/190
f 179/122/179 193/136/193 177/120/177
f 177/120/177 193/136/193 192/135/192
f 197/140/197 196/139/196 179/122/179
f 179/122/179 196/139/196 193/136/193
f 179/122/179 180/123/180 197/140/197
f 197/140/197 180/123/180 198/141/198
f 154/97/154 198/141/198 152/95/152
f 152/95/152 198/141/198 180/123/180
f 176/119/176 178/121/178 174/117/174
f 174/117/174 178/121/178 177/120/177
f 178/121/178 176/119/176 163/106/163
f 163/106/163 176/119/176 173/116/173
f 199/142/199 200/143/200 201/144/201
f 187/130/187 202/145/202 186/129/186
f 186/129/186 202/145/202 203/146/203
f 204/147/204 189/132/189 203/146/203
f 203/146/203 189/132/189 186/129/186
f 205/148/205 191/134/191 204/147/204
f 204/147/204 191/134/191 189/132/189
f 192/135/192 191/134/191 206/149/206
f 206/149/206 191/134/191 205/148/205
f 200/143/200 199/142/199 202/145/202
f 202/145/202 199/142/199 203/146/203
f 204/147/204 203/146/203 207/150/207
f 207/150/207 203/146/203 199/142/199
f 204/147/204 207/150/207 205/148/205
f 205/148/205 207/150/207 208/151/208
f 209/152/209 206/149/206 208/151/208
f 208/151/208 206/149/206 205/148/205
f 192/135/192 206/149/206 177/120/177
f 177/120/177 206/149/206 174/117/174
f 206/149/206 209/152/209 174/117/174
f 174/117/174 209/152/209 175/118/175
f 176/119/176 175/118/175 210/153/210
f 166/109/166 173/116/173 210/153/210
f 210/153/210 173/116/173 176/119/176
f 138/81/138 135/78/135 211/154/211
f 212/155/212 119/62/119 120/63/120
f 213/156/213 214/157/214 215/158/215
f 216/159/216 157/100/157 217/160/217
f 217/160/217 157/100/157 159/102/159
f 218/161/218 158/101/158 213/156/213
f 213/156/213 158/101/158 157/100/157
f 219/162/219 215/158/215 214/157/214
f 220/163/220 221/164/221 222/165/222
f 222/165/222 221/164/221 219/162/219
f 223/166/223 224/167/224 222/165/222
f 222/165/222 224/167/224 220/163/220
f 220/163/220 225/168/225 221/164/221
f 221/164/221 225/168/225 226/169/226
f 227/170/227 225/168/225 224/167/224
f 224/167/224 225/168/225 220/163/220
f 221/164/221 228/171/228 219/162/219
f 219/162/219 228/171/228 215/158/215
f 226/169/226 229/172/229 221/164/221
f 221/164/221 229/172/229 228/171/228
f 228/171/228 218/161/218 215/158/215
f 215/158/215 218/161/218 213/156/213
f 219/162/219 214/157/214 222/165/222
f 222/165/222 214/157/214 216/159/216
f 157/100/157 216/159/216 213/156/213
f 213/156/213 216/159/216 214/157/214
f 222/165/222 216/159/216 223/166/223
f 223/166/223 216/159/216 217/160/217
f 230/173/230 231/174/231 212/175/212
f 212/155/212 120/63/120 230/176/230
f 230/176/230 120/63/120 125/68/125
f 134/77/134 232/177/232 135/78/135
f 233/178/233 234/179/234 235/180/235
f 170/113/170 169/112/169 236/181/236
f 236/181/236 169/112/169 237/182/237
f 238/183/238 233/178/233 171/114/171
f 171/114/171 233/178/233 169/112/169
f 239/184/239 235/180/235 234/179/234
f 239/184/239 240/185/240 241/186/241
f 241/186/241 240/185/240 242/187/242
f 243/188/243 241/186/241 244/189/244
f 244/189/244 241/186/241 242/187/242
f 242/187/242 240/185/240 225/168/225
f 225/168/225 240/185/240 226/190/226
f 242/187/242 225/168/225 244/189/244
f 244/189/244 225/168/225 227/170/227
f 234/179/234 245/191/245 239/184/239
f 239/184/239 245/191/245 240/185/240
f 245/191/245 229/192/229 240/185/240
f 240/185/240 229/192/229 226/190/226
f 233/178/233 238/183/238 234/179/234
f 234/179/234 238/183/238 245/191/245
f 239/184/239 241/186/241 235/180/235
f 235/180/235 241/186/241 237/182/237
f 169/112/169 233/178/233 237/182/237
f 237/182/237 233/178/233 235/180/235
f 241/186/241 243/188/243 237/182/237
f 237/182/237 243/188/243 236/181/236
f 211/193/211 232/194/232 246/195/246
f 211/154/211 135/78/135 232/177/232
f 167/110/167 168/111/168 247/196/247
f 248/197/248 119/62/119 212/155/212
f 249/198/249 144/87/144 248/197/248
f 248/197/248 144/87/144 119/62/119
f 156/99/156 249/199/249 250/200/250
f 250/200/250 249/199/249 248/201/248
f 156/99/156 250/200/250 155/98/155
f 251/202/251 232/177/232 134/77/134
f 252/203/252 251/202/251 149/92/149
f 149/92/149 251/202/251 134/77/134
f 167/110/167 247/196/247 252/204/252
f 252/204/252 247/196/247 251/205/251
f 125/68/125 253/206/253 230/176/230
f 254/207/254 255/208/255 256/209/256
f 256/209/256 255/208/255 253/210/253
f 257/211/257 258/212/258 256/209/256
f 256/209/256 258/212/258 254/207/254
f 230/173/230 253/210/253 259/213/259
f 259/213/259 253/210/253 255/208/255
f 258/212/258 260/214/260 254/207/254
f 254/207/254 260/214/260 261/215/261
f 261/215/261 260/214/260 262/216/262
f 262/216/262 260/214/260 263/217/263
f 264/218/264 265/219/265 266/220/266
f 266/220/266 265/219/265 267/221/267
f 264/218/264 261/215/261 265/219/265
f 265/219/265 261/215/261 262/216/262
f 261/215/261 264/218/264 254/207/254
f 254/207/254 264/218/264 255/208/255
f 268/222/268 269/223/269 263/217/263
f 263/217/263 269/223/269 262/216/262
f 270/224/270 271/225/271 272/226/272
f 272/226/272 271/225/271 273/227/273
f 265/219/265 262/216/262 274/228/274
f 274/228/274 262/216/262 269/223/269
f 275/229/275 267/221/267 274/228/274
f 274/228/274 267/221/267 265/219/265
f 276/230/276 277/231/277 278/232/278
f 278/232/278 277/231/277 273/227/273
f 257/211/257 277/231/277 276/230/276
f 260/214/260 279/233/279 263/217/263
f 263/217/263 279/233/279 280/234/280
f 281/235/281 282/236/282 283/237/283
f 284/238/284 268/222/268 280/234/280
f 280/234/280 268/222/268 263/217/263
f 282/236/282 285/239/285 286/240/286
f 283/237/283 287/241/287 288/242/288
f 289/243/289 290/244/290 269/223/269
f 269/223/269 290/244/290 274/228/274
f 274/228/274 290/244/290 275/229/275
f 268/222/268 284/238/284 291/245/291
f 269/223/269 268/222/268 289/243/289
f 289/243/289 268/222/268 291/245/291
f 292/246/292 293/247/293 283/237/283
f 283/237/283 293/247/293 281/235/281
f 286/240/286 294/248/294 267/221/267
f 267/221/267 294/248/294 266/220/266
f 295/249/295 281/235/281 296/250/296
f 296/250/296 281/235/281 297/251/297
f 295/249/295 298/252/298 285/239/285
f 285/239/285 298/252/298 299/253/299
f 299/253/299 298/252/298 259/213/259
f 297/251/297 293/247/293 300/254/300
f 300/254/300 293/247/293 301/255/301
f 275/229/275 287/241/287 282/236/282
f 282/236/282 287/241/287 283/237/283
f 273/227/273 271/225/271 278/232/278
f 278/232/278 271/225/271 302/256/302
f 296/250/296 231/174/231 295/249/295
f 295/249/295 231/174/231 298/252/298
f 302/256/302 271/225/271 303/257/303
f 303/257/303 271/225/271 304/258/304
f 285/239/285 282/236/282 295/249/295
f 295/249/295 282/236/282 281/235/281
f 290/244/290 305/259/305 275/229/275
f 275/229/275 305/259/305 287/241/287
f 292/246/292 306/260/306 307/261/307
f 270/224/270 307/261/307 306/260/306
f 305/259/305 308/262/308 292/246/292
f 301/255/301 293/247/293 307/261/307
f 307/261/307 293/247/293 292/246/292
f 272/226/272 301/255/301 270/224/270
f 270/224/270 301/255/301 307/261/307
f 301/255/301 272/226/272 300/254/300
f 300/254/300 272/226/272 309/263/309
f 304/258/304 306/260/306 303/257/303
f 303/257/303 306/260/306 308/262/308
f 287/241/287 305/259/305 288/242/288
f 306/260/306 304/258/304 270/224/270
f 270/224/270 304/258/304 271/225/271
f 277/231/277 257/211/257 309/263/309
f 255/208/255 266/220/266 294/248/294
f 259/213/259 298/252/298 230/173/230
f 230/173/230 298/252/298 231/174/231
f 309/263/309 272/226/272 277/231/277
f 277/231/277 272/226/272 273/227/273
f 291/245/291 308/262/308 289/243/289
f 258/212/258 279/233/279 260/214/260
f 291/245/291 284/238/284 310/264/310
f 310/264/310 284/238/284 311/265/311
f 284/238/284 280/234/280 311/265/311
f 311/265/311 280/234/280 312/266/312
f 312/266/312 280/234/280 313/267/313
f 313/267/313 280/234/280 279/233/279
f 313/267/313 279/233/279 257/211/257
f 257/211/257 279/233/279 258/212/258
f 291/245/291 310/264/310 308/262/308
f 310/264/310 303/257/303 308/262/308
f 311/265/311 302/256/302 310/264/310
f 310/264/310 302/256/302 303/257/303
f 278/232/278 302/256/302 312/266/312
f 312/266/312 302/256/302 311/265/311
f 313/267/313 276/230/276 312/266/312
f 312/266/312 276/230/276 278/232/278
f 257/211/257 276/230/276 313/267/313
f 255/208/255 264/218/264 266/220/266
f 308/262/308 305/259/305 289/243/289
f 289/243/289 305/259/305 290/244/290
f 285/239/285 299/253/299 286/240/286
f 286/240/286 299/253/299 294/248/294
f 275/229/275 282/236/282 286/240/286
f 267/221/267 275/229/275 286/240/286
f 255/208/255 294/248/294 259/213/259
f 294/248/294 299/253/299 259/213/259
f 283/237/283 288/242/288 292/246/292
f 288/242/288 305/259/305 292/246/292
f 308/262/308 306/260/306 292/246/292
f 293/247/293 297/251/297 281/235/281
f 138/81/138 211/154/211 314/268/314
f 315/269/315 316/270/316 317/271/317
f 317/271/317 316/270/316 314/272/314
f 318/273/318 316/270/316 319/274/319
f 319/274/319 316/270/316 315/269/315
f 211/193/211 320/275/320 314/272/314
f 314/272/314 320/275/320 317/271/317
f 319/274/319 315/269/315 321/276/321
f 321/276/321 315/269/315 322/277/322
f 322/277/322 323/278/323 321/276/321
f 321/276/321 323/278/323 324/279/324
f 325/280/325 326/281/326 327/282/327
f 327/282/327 326/281/326 328/283/328
f 323/278/323 322/277/322 326/281/326
f 326/281/326 322/277/322 328/283/328
f 317/271/317 328/283/328 315/269/315
f 315/269/315 328/283/328 322/277/322
f 323/278/323 329/284/329 324/279/324
f 324/279/324 329/284/329 330/285/330
f 331/286/331 332/287/332 333/288/333
f 333/288/333 332/287/332 334/289/334
f 326/281/326 335/290/335 323/278/323
f 323/278/323 335/290/335 329/284/329
f 336/291/336 335/290/335 325/280/325
f 325/280/325 335/290/335 326/281/326
f 337/292/337 338/293/338 339/294/339
f 339/294/339 338/293/338 331/286/331
f 318/273/318 337/292/337 339/294/339
f 340/295/340 341/296/341 324/279/324
f 324/279/324 341/296/341 321/276/321
f 342/297/342 343/298/343 344/299/344
f 345/300/345 340/295/340 330/285/330
f 330/285/330 340/295/340 324/279/324
f 344/299/344 346/301/346 347/302/347
f 343/298/343 348/303/348 349/304/349
f 350/305/350 329/284/329 351/306/351
f 351/306/351 329/284/329 335/290/335
f 335/290/335 336/291/336 351/306/351
f 330/285/330 352/307/352 345/300/345
f 352/307/352 330/285/330 350/305/350
f 350/305/350 330/285/330 329/284/329
f 342/297/342 353/308/353 343/298/343
f 343/298/343 353/308/353 354/309/354
f 346/301/346 325/280/325 355/310/355
f 355/310/355 325/280/325 327/282/327
f 356/311/356 357/312/357 342/297/342
f 342/297/342 357/312/357 358/313/358
f 356/311/356 347/302/347 359/314/359
f 359/314/359 347/302/347 360/315/360
f 360/315/360 320/275/320 359/314/359
f 343/298/343 349/304/349 344/299/344
f 344/299/344 349/304/349 336/291/336
f 331/286/331 338/293/338 332/287/332
f 332/287/332 338/293/338 361/316/361
f 357/312/357 356/311/356 246/195/246
f 246/195/246 356/311/356 359/314/359
f 362/317/362 332/287/332 363/318/363
f 363/318/363 332/287/332 361/316/361
f 347/302/347 356/311/356 344/299/344
f 344/299/344 356/311/356 342/297/342
f 349/304/349 364/319/364 336/291/336
f 336/291/336 364/319/364 351/306/351
f 354/309/354 365/320/365 366/321/366
f 334/289/334 366/321/366 365/320/365
f 364/319/364 354/309/354 367/322/367
f 368/323/368 365/320/365 353/308/353
f 353/308/353 365/320/365 354/309/354
f 333/288/333 334/289/334 368/323/368
f 368/323/368 334/289/334 365/320/365
f 369/324/369 333/288/333 370/325/370
f 370/325/370 333/288/333 368/323/368
f 367/322/367 366/321/366 363/318/363
f 363/318/363 366/321/366 362/317/362
f 349/304/349 348/303/348 364/319/364
f 342/297/342 358/313/358 353/308/353
f 332/287/332 362/317/362 334/289/334
f 334/289/334 362/317/362 366/321/366
f 339/294/339 369/324/369 318/273/318
f 317/271/317 355/310/355 327/282/327
f 246/195/246 359/314/359 211/193/211
f 211/193/211 359/314/359 320/275/320
f 331/286/331 333/288/333 339/294/339
f 339/294/339 333/288/333 369/324/369
f 352/307/352 350/305/350 367/322/367
f 319/274/319 321/276/321 341/296/341
f 352/307/352 371/326/371 345/300/345
f 345/300/345 371/326/371 372/327/372
f 345/300/345 372/327/372 340/295/340
f 340/295/340 372/327/372 373/328/373
f 341/296/341 340/295/340 374/329/374
f 374/329/374 340/295/340 373/328/373
f 319/274/319 341/296/341 318/273/318
f 318/273/318 341/296/341 374/329/374
f 352/307/352 367/322/367 371/326/371
f 371/326/371 367/322/367 363/318/363
f 363/318/363 361/316/361 371/326/371
f 371/326/371 361/316/361 372/327/372
f 338/293/338 373/328/373 361/316/361
f 361/316/361 373/328/373 372/327/372
f 374/329/374 373/328/373 337/292/337
f 337/292/337 373/328/373 338/293/338
f 318/273/318 374/329/374 337/292/337
f 317/271/317 327/282/327 328/283/328
f 351/306/351 364/319/364 350/305/350
f 350/305/350 364/319/364 367/322/367
f 347/302/347 346/301/346 360/315/360
f 360/315/360 346/301/346 355/310/355
f 336/291/336 346/301/346 344/299/344
f 325/280/325 346/301/346 336/291/336
f 317/271/317 320/275/320 355/310/355
f 355/310/355 320/275/320 360/315/360
f 343/298/343 354/309/354 348/303/348
f 348/303/348 354/309/354 364/319/364
f 367/322/367 354/309/354 366/321/366
f 358/313/358 370/325/370 353/308/353
f 353/308/353 370/325/370 368/323/368
f 300/254/300 375/330/375 297/251/297
f 297/251/297 375/330/375 376/331/376
f 376/331/376 296/250/296 297/251/297
f 128/71/128 375/330/375 126/69/126
f 126/69/126 375/330/375 300/254/300
f 377/332/377 378/333/378 379/334/379
f 380/335/380 296/250/296 376/331/376
f 296/250/296 381/336/381 231/174/231
f 231/174/231 381/336/381 378/333/378
f 296/250/296 380/335/380 381/336/381
f 381/336/381 380/335/380 382/337/382
f 376/331/376 383/338/383 380/335/380
f 384/339/384 385/340/385 386/341/386
f 386/341/386 385/340/385 387/342/387
f 377/332/377 388/343/388 248/201/248
f 248/201/248 388/343/388 250/200/250
f 379/334/379 389/344/389 377/332/377
f 377/332/377 389/344/389 388/343/388
f 248/201/248 212/175/212 377/332/377
f 377/332/377 212/175/212 378/333/378
f 194/137/194 384/339/384 183/126/183
f 183/126/183 384/339/384 181/124/181
f 379/334/379 378/333/378 381/336/381
f 390/345/390 391/346/391 392/347/392
f 392/347/392 391/346/391 393/348/393
f 394/349/394 386/341/386 395/350/395
f 395/350/395 386/341/386 387/342/387
f 394/349/394 396/351/396 386/341/386
f 384/339/384 386/341/386 181/124/181
f 181/124/181 386/341/386 396/351/396
f 395/350/395 397/352/397 394/349/394
f 394/349/394 397/352/397 398/353/398
f 393/348/393 399/354/399 392/347/392
f 392/347/392 399/354/399 400/355/400
f 384/339/384 194/137/194 385/340/385
f 385/340/385 194/137/194 195/138/195
f 385/340/385 195/138/195 401/356/401
f 401/356/401 195/138/195 196/139/196
f 197/140/197 401/356/401 196/139/196
f 387/342/387 385/340/385 402/357/402
f 402/357/402 385/340/385 401/356/401
f 392/347/392 400/355/400 395/350/395
f 395/350/395 400/355/400 397/352/397
f 387/342/387 390/345/390 395/350/395
f 395/350/395 390/345/390 392/347/392
f 382/337/382 379/334/379 381/336/381
f 389/344/389 379/334/379 403/358/403
f 403/358/403 379/334/379 382/337/382
f 380/335/380 383/338/383 382/337/382
f 382/337/382 383/338/383 403/358/403
f 198/141/198 154/97/154 402/357/402
f 402/357/402 154/97/154 404/359/404
f 402/357/402 401/356/401 198/141/198
f 198/141/198 401/356/401 197/140/197
f 389/344/389 391/346/391 388/343/388
f 388/343/388 391/346/391 405/360/405
f 388/343/388 405/360/405 250/200/250
f 250/200/250 405/360/405 155/98/155
f 405/360/405 404/359/404 155/98/155
f 155/98/155 404/359/404 154/97/154
f 391/346/391 390/345/390 405/360/405
f 405/360/405 390/345/390 404/359/404
f 390/345/390 387/342/387 404/359/404
f 404/359/404 387/342/387 402/357/402
f 391/346/391 389/344/389 393/348/393
f 393/348/393 389/344/389 403/358/403
f 399/354/399 393/348/393 383/338/383
f 383/338/383 393/348/393 403/358/403
f 212/175/212 231/174/231 378/333/378
f 406/361/406 407/362/407 246/195/246
f 246/195/246 407/362/407 357/312/357
f 408/363/408 409/364/409 410/365/410
f 410/365/410 409/364/409 411/366/411
f 247/196/247 412/367/412 251/205/251
f 251/205/251 412/367/412 413/368/413
f 412/367/412 414/369/414 413/368/413
f 413/368/413 414/369/414 415/370/415
f 251/205/251 413/368/413 232/194/232
f 232/194/232 413/368/413 406/361/406
f 207/150/207 199/142/199 408/363/408
f 408/363/408 199/142/199 201/144/201
f 407/362/407 406/361/406 415/370/415
f 415/370/415 406/361/406 413/368/413
f 416/371/416 409/364/409 201/144/201
f 201/144/201 409/364/409 408/363/408
f 208/151/208 207/150/207 410/365/410
f 410/365/410 207/150/207 408/363/408
f 209/152/209 208/151/208 417/372/417
f 417/372/417 208/151/208 410/365/410
f 175/118/175 209/152/209 417/372/417
f 411/366/411 418/373/418 410/365/410
f 410/365/410 418/373/418 417/372/417
f 210/153/210 418/373/418 166/109/166
f 166/109/166 418/373/418 419/374/419
f 175/118/175 417/372/417 210/153/210
f 210/153/210 417/372/417 418/373/418
f 420/375/420 421/376/421 412/367/412
f 412/367/412 421/376/421 414/369/414
f 168/111/168 420/375/420 247/196/247
f 247/196/247 420/375/420 412/367/412
f 420/375/420 168/111/168 419/374/419
f 419/374/419 168/111/168 166/109/166
f 421/376/421 420/375/420 422/377/422
f 422/377/422 420/375/420 419/374/419
f 418/373/418 411/366/411 419/374/419
f 419/374/419 411/366/411 422/377/422
f 246/195/246 232/194/232 406/361/406
f 423/378/423 424/379/424 425/380/425
f 424/379/424 423/378/423 426/381/426
f 426/381/426 423/378/423 427/382/427
f 428/383/428 429/384/429 427/382/427
f 427/382/427 429/384/429 426/381/426
f 425/380/425 424/379/424 430/385/430
f 431/386/431 432/387/432 428/383/428
f 428/383/428 432/387/432 429/384/429
f 431/386/431 433/388/433 432/387/432
f 427/382/427 423/378/423 434/389/434
f 434/389/434 423/378/423 435/390/435
f 428/383/428 427/382/427 436/391/436
f 436/391/436 427/382/427 434/389/434
f 423/378/423 425/380/425 435/390/435
f 435/390/435 425/380/425 437/392/437
f 431/386/431 428/383/428 438/393/438
f 438/393/438 428/383/428 436/391/436
f 431/386/431 438/393/438 433/394/433
f 439/395/439 440/396/440 441/397/441
f 441/397/441 440/396/440 442/398/442
f 439/395/439 441/397/441 443/399/443
f 443/399/443 441/397/441 444/400/444
f 442/398/442 445/401/445 446/402/446
f 446/402/446 445/401/445 447/403/447
f 446/402/446 444/400/444 442/398/442
f 442/398/442 444/400/444 441/397/441
f 448/404/448 449/405/449 450/406/450
f 450/406/450 449/405/449 451/407/451
f 450/406/450 451/407/451 452/408/452
f 452/408/452 451/407/451 453/409/453
f 452/408/452 444/400/444 450/406/450
f 450/406/450 444/400/444 446/402/446
f 450/406/450 446/402/446 448/404/448
f 448/404/448 446/402/446 447/403/447
f 444/400/444 452/408/452 443/399/443
f 443/399/443 452/408/452 454/410/454
f 452/408/452 453/409/453 454/410/454
f 454/410/454 453/409/453 455/411/455
f 456/412/456 457/413/457 458/414/458
f 416/371/416 457/413/457 456/412/456
f 459/415/459 460/416/460 457/413/457
f 201/144/201 459/415/459 416/371/416
f 416/371/416 459/415/459 457/413/457
f 456/412/456 458/414/458 461/417/461
f 201/144/201 200/143/200 459/415/459
f 462/418/462 463/419/463 464/420/464
f 465/421/465 466/422/466 467/423/467
f 467/423/467 466/422/466 468/424/468
f 469/425/469 468/424/468 470/426/470
f 470/426/470 468/424/468 466/422/466
f 471/427/471 472/428/472 473/429/473
f 473/429/473 472/428/472 474/430/474
f 475/431/475 476/432/476 471/427/471
f 471/427/471 476/432/476 472/428/472
f 476/432/476 475/431/475 477/433/477
f 477/433/477 475/431/475 478/434/478
f 467/423/467 479/435/479 465/421/465
f 465/421/465 479/435/479 480/436/480
f 479/435/479 463/419/463 480/436/480
f 480/436/480 463/419/463 462/418/462
f 481/437/481 482/438/482 483/439/483
f 483/439/483 482/438/482 484/440/484
f 483/439/483 453/409/453 481/437/481
f 481/437/481 453/409/453 451/407/451
f 485/441/485 482/438/482 481/437/481
f 486/442/486 464/420/464 487/443/487
f 488/444/488 466/422/466 489/445/489
f 489/445/489 466/422/466 465/421/465
f 488/444/488 489/445/489 490/446/490
f 490/446/490 489/445/489 491/447/491
f 481/437/481 451/407/451 485/441/485
f 485/441/485 451/407/451 449/405/449
f 463/419/463 455/411/455 487/443/487
f 487/443/487 455/411/455 492/448/492
f 464/420/464 463/419/463 487/443/487
f 493/449/493 464/420/464 491/447/491
f 491/447/491 464/420/464 490/446/490
f 486/442/486 487/443/487 494/450/494
f 494/450/494 487/443/487 492/448/492
f 494/450/494 495/451/495 486/442/486
f 486/442/486 495/451/495 496/452/496
f 496/452/496 497/453/497 486/442/486
f 486/442/486 497/453/497 498/454/498
f 499/455/499 476/432/476 430/385/430
f 430/385/430 476/432/476 477/433/477
f 476/432/476 499/455/499 472/428/472
f 472/428/472 499/455/499 500/456/500
f 430/385/430 477/433/477 425/380/425
f 425/380/425 477/433/477 478/434/478
f 474/430/474 498/454/498 473/429/473
f 473/429/473 498/454/498 497/453/497
f 470/426/470 466/422/466 501/457/501
f 501/457/501 466/422/466 488/444/488
f 501/457/501 488/444/488 500/456/500
f 500/456/500 488/444/488 490/446/490
f 499/455/499 501/457/501 500/456/500
f 479/435/479 454/410/454 463/419/463
f 463/419/463 454/410/454 455/411/455
f 443/399/443 454/410/454 467/423/467
f 467/423/467 454/410/454 479/435/479
f 439/395/439 443/399/443 468/424/468
f 468/424/468 443/399/443 467/423/467
f 440/396/440 439/395/439 469/425/469
f 469/425/469 439/395/439 468/424/468
f 489/445/489 465/421/465 491/447/491
f 491/447/491 465/421/465 480/436/480
f 491/447/491 480/436/480 493/449/493
f 493/449/493 480/436/480 462/418/462
f 493/449/493 462/418/462 464/420/464
f 490/446/490 464/420/464 474/430/474
f 474/430/474 464/420/464 498/454/498
f 490/446/490 474/430/474 500/456/500
f 500/456/500 474/430/474 472/428/472
f 492/448/492 455/411/455 483/439/483
f 483/439/483 455/411/455 453/409/453
f 483/439/483 484/440/484 492/448/492
f 492/448/492 484/440/484 494/450/494
f 484/440/484 502/458/502 494/450/494
f 494/450/494 502/458/502 495/451/495
f 486/442/486 498/454/498 464/420/464
f 471/427/471 503/459/503 475/431/475
f 478/434/478 475/431/475 504/460/504
f 504/460/504 475/431/475 503/459/503
f 504/460/504 503/459/503 437/392/437
f 437/392/437 503/459/503 505/461/505
f 437/392/437 425/380/425 504/460/504
f 504/460/504 425/380/425 478/434/478
f 506/462/506 507/463/507 508/464/508
f 509/465/509 482/438/482 510/466/510
f 510/466/510 482/438/482 485/441/485
f 502/458/502 484/440/484 509/465/509
f 509/465/509 484/440/484 482/438/482
f 511/467/511 512/468/512 513/469/513
f 513/469/513 512/468/512 514/470/514
f 515/471/515 516/472/516 514/470/514
f 514/470/514 516/472/516 513/469/513
f 471/427/471 473/429/473 517/473/517
f 517/473/517 473/429/473 518/474/518
f 519/475/519 520/476/520 521/477/521
f 521/477/521 520/476/520 522/478/522
f 523/479/523 520/476/520 524/480/524
f 524/480/524 520/476/520 519/475/519
f 525/481/525 526/482/526 527/483/527
f 527/483/527 526/482/526 522/478/522
f 527/483/527 522/478/522 523/479/523
f 523/479/523 522/478/522 520/476/520
f 517/473/517 503/459/503 471/427/471
f 512/468/512 511/467/511 528/484/528
f 528/484/528 511/467/511 529/485/529
f 509/465/509 510/466/510 530/486/530
f 530/486/530 510/466/510 531/487/531
f 530/486/530 532/488/532 509/465/509
f 509/465/509 532/488/532 502/458/502
f 533/489/533 534/490/534 535/491/535
f 535/491/535 534/490/534 536/492/536
f 537/493/537 538/494/538 529/485/529
f 529/485/529 538/494/538 528/484/528
f 539/495/539 533/489/533 540/496/540
f 540/496/540 533/489/533 535/491/535
f 541/497/541 542/498/542 530/486/530
f 530/486/530 542/498/542 532/488/532
f 540/496/540 535/491/535 523/479/523
f 523/479/523 535/491/535 527/483/527
f 533/489/533 539/495/539 541/497/541
f 541/497/541 539/495/539 542/498/542
f 531/487/531 541/497/541 530/486/530
f 511/467/511 513/469/513 543/499/543
f 543/499/543 513/469/513 544/500/544
f 545/501/545 543/499/543 546/502/546
f 546/502/546 543/499/543 544/500/544
f 541/497/541 531/487/531 533/489/533
f 533/489/533 531/487/531 534/490/534
f 547/503/547 548/504/548 507/463/507
f 507/463/507 548/504/548 538/494/538
f 507/463/507 538/494/538 508/464/508
f 508/464/508 538/494/538 537/493/537
f 546/502/546 508/464/508 545/501/545
f 545/501/545 508/464/508 549/505/549
f 506/462/506 550/506/550 507/463/507
f 507/463/507 550/506/550 547/503/547
f 496/452/496 495/451/495 506/462/506
f 506/462/506 495/451/495 550/506/550
f 496/452/496 506/462/506 497/453/497
f 497/453/497 506/462/506 551/507/551
f 552/508/552 505/461/505 517/473/517
f 517/473/517 505/461/505 503/459/503
f 535/491/535 536/492/536 527/483/527
f 527/483/527 536/492/536 525/481/525
f 497/453/497 551/507/551 473/429/473
f 473/429/473 551/507/551 518/474/518
f 516/472/516 553/509/553 513/469/513
f 513/469/513 553/509/553 544/500/544
f 553/509/553 552/508/552 544/500/544
f 544/500/544 552/508/552 546/502/546
f 552/508/552 553/509/553 505/461/505
f 548/504/548 554/510/554 538/494/538
f 538/494/538 554/510/554 528/484/528
f 524/480/524 512/468/512 554/510/554
f 554/510/554 512/468/512 528/484/528
f 519/475/519 514/470/514 524/480/524
f 524/480/524 514/470/514 512/468/512
f 514/470/514 519/475/519 515/471/515
f 515/471/515 519/475/519 521/477/521
f 523/479/523 524/480/524 540/496/540
f 540/496/540 524/480/524 554/510/554
f 548/504/548 539/495/539 554/510/554
f 554/510/554 539/495/539 540/496/540
f 529/485/529 511/467/511 545/501/545
f 545/501/545 511/467/511 543/499/543
f 537/493/537 529/485/529 549/505/549
f 549/505/549 529/485/529 545/501/545
f 549/505/549 508/464/508 537/493/537
f 551/507/551 508/464/508 518/474/518
f 518/474/518 508/464/508 546/502/546
f 546/502/546 552/508/552 518/474/518
f 518/474/518 552/508/552 517/473/517
f 547/503/547 542/498/542 548/504/548
f 548/504/548 542/498/542 539/495/539
f 542/498/542 547/503/547 532/488/532
f 532/488/532 547/503/547 550/506/550
f 532/488/532 550/506/550 502/458/502
f 502/458/502 550/506/550 495/451/495
f 506/462/506 508/464/508 551/507/551
f 555/511/555 556/512/556 557/513/557
f 510/466/510 485/441/485 558/514/558
f 558/514/558 485/441/485 559/515/559
f 558/514/558 559/515/559 556/512/556
f 556/512/556 559/515/559 560/516/560
f 485/441/485 449/405/449 559/515/559
f 559/515/559 449/405/449 561/517/561
f 559/515/559 561/517/561 560/516/560
f 560/516/560 561/517/561 562/518/562
f 563/519/563 564/520/564 565/521/565
f 563/519/563 565/521/565 566/522/566
f 566/522/566 565/521/565 567/523/567
f 560/516/560 563/519/563 556/512/556
f 556/512/556 563/519/563 566/522/566
f 564/520/564 563/519/563 562/518/562
f 562/518/562 563/519/563 560/516/560
f 510/466/510 558/514/558 531/487/531
f 531/487/531 558/514/558 555/511/555
f 558/514/558 556/512/556 555/511/555
f 568/524/568 534/490/534 555/511/555
f 555/511/555 534/490/534 531/487/531
f 555/511/555 557/513/557 568/524/568
f 568/524/568 557/513/557 569/525/569
f 570/526/570 571/527/571 572/528/572
f 567/523/567 571/527/571 566/522/566
f 566/522/566 571/527/571 570/526/570
f 566/522/566 570/526/570 556/512/556
f 556/512/556 570/526/570 557/513/557
f 557/513/557 570/526/570 569/525/569
f 569/525/569 570/526/570 572/528/572
f 573/529/573 574/530/574 575/531/575
f 576/532/576 577/533/577 578/534/578
f 578/534/578 577/533/577 579/535/579
f 580/536/580 581/537/581 582/538/582
f 583/539/583 584/540/584 585/541/585
f 585/541/585 584/540/584 586/542/586
f 587/543/587 588/544/588 576/532/576
f 576/532/576 588/544/588 577/533/577
f 589/545/589 590/546/590 591/547/591
f 591/547/591 590/546/590 592/548/592
f 591/547/591 592/548/592 579/535/579
f 579/535/579 592/548/592 578/534/578
f 461/417/461 593/549/593 594/550/594
f 594/550/594 593/549/593 595/551/595
f 596/552/596 597/553/597 582/554/582
f 582/554/582 597/553/597 433/555/433
f 598/556/598 596/552/596 599/557/599
f 599/557/599 596/552/596 582/554/582
f 600/558/600 601/559/601 583/560/583
f 583/560/583 601/559/601 584/561/584
f 601/559/601 598/556/598 584/561/584
f 584/561/584 598/556/598 599/557/599
f 461/417/461 458/414/458 593/549/593
f 602/562/602 603/563/603 604/564/604
f 604/564/604 603/563/603 605/565/605
f 603/563/603 602/562/602 606/566/606
f 606/566/606 602/562/602 574/530/574
f 606/566/606 574/530/574 573/529/573
f 575/531/575 574/530/574 593/549/593
f 593/549/593 574/530/574 595/551/595
f 437/392/437 505/461/505 607/567/607
f 607/567/607 505/461/505 608/568/608
f 434/389/434 435/390/435 589/545/589
f 589/545/589 435/390/435 590/546/590
f 516/472/516 609/569/609 553/509/553
f 553/509/553 609/569/609 608/568/608
f 608/568/608 609/569/609 604/564/604
f 604/564/604 609/569/609 610/570/610
f 604/564/604 605/565/605 608/568/608
f 608/568/608 605/565/605 607/567/607
f 604/564/604 610/570/610 602/562/602
f 438/393/438 580/536/580 433/394/433
f 433/394/433 580/536/580 582/538/582
f 505/461/505 553/509/553 608/568/608
f 609/569/609 516/472/516 610/570/610
f 610/570/610 516/472/516 515/471/515
f 588/544/588 611/571/611 577/533/577
f 577/533/577 611/571/611 612/572/612
f 579/535/579 577/533/577 613/573/613
f 613/573/613 577/533/577 612/572/612
f 591/547/591 579/535/579 614/574/614
f 614/574/614 579/535/579 613/573/613
f 589/545/589 591/547/591 615/575/615
f 615/575/615 591/547/591 614/574/614
f 436/391/436 434/389/434 615/575/615
f 615/575/615 434/389/434 589/545/589
f 573/529/573 587/543/587 606/566/606
f 606/566/606 587/543/587 576/532/576
f 606/566/606 576/532/576 603/563/603
f 603/563/603 576/532/576 578/534/578
f 592/548/592 605/565/605 578/534/578
f 578/534/578 605/565/605 603/563/603
f 590/546/590 607/567/607 592/548/592
f 592/548/592 607/567/607 605/565/605
f 435/390/435 437/392/437 590/546/590
f 590/546/590 437/392/437 607/567/607
f 436/391/436 615/575/615 438/393/438
f 438/393/438 615/575/615 580/536/580
f 615/575/615 614/574/614 580/536/580
f 580/536/580 614/574/614 581/537/581
f 585/541/585 586/542/586 611/571/611
f 611/571/611 586/542/586 612/572/612
f 596/552/596 227/170/227 597/553/597
f 601/559/601 244/189/244 598/556/598
f 598/556/598 244/189/244 227/170/227
f 596/552/596 598/556/598 227/170/227
f 601/559/601 600/558/600 244/189/244
f 586/542/586 616/576/616 612/572/612
f 612/572/612 616/576/616 613/573/613
f 614/574/614 613/573/613 581/537/581
f 581/537/581 613/573/613 616/576/616
f 582/538/582 581/537/581 599/577/599
f 599/577/599 581/537/581 616/576/616
f 616/576/616 586/542/586 599/577/599
f 599/577/599 586/542/586 584/540/584
f 236/181/236 243/188/243 600/558/600
f 600/558/600 243/188/243 244/189/244
f 567/523/567 617/578/617 571/527/571
f 618/579/618 619/580/619 620/581/620
f 620/581/620 619/580/619 621/582/621
f 526/482/526 622/583/622 522/478/522
f 522/478/522 622/583/622 521/477/521
f 622/583/622 623/584/623 610/570/610
f 624/585/624 617/578/617 567/523/567
f 625/586/625 626/587/626 140/83/140
f 140/83/140 626/587/626 142/85/142
f 595/551/595 574/530/574 623/584/623
f 623/584/623 574/530/574 602/562/602
f 602/562/602 610/570/610 623/584/623
f 610/570/610 515/471/515 622/583/622
f 622/583/622 515/471/515 521/477/521
f 625/586/625 618/579/618 626/587/626
f 626/587/626 618/579/618 620/581/620
f 627/588/627 561/517/561 628/589/628
f 447/403/447 629/590/629 448/404/448
f 448/404/448 629/590/629 628/589/628
f 630/591/630 627/588/627 631/592/631
f 631/592/631 627/588/627 632/593/632
f 628/589/628 449/405/449 448/404/448
f 629/590/629 632/593/632 628/589/628
f 628/589/628 632/593/632 627/588/627
f 633/594/633 630/591/630 634/595/634
f 634/595/634 630/591/630 631/592/631
f 628/589/628 561/517/561 449/405/449
f 561/517/561 627/588/627 562/518/562
f 562/518/562 627/588/627 630/591/630
f 564/520/564 633/594/633 635/596/635
f 564/520/564 562/518/562 633/594/633
f 633/594/633 562/518/562 630/591/630
f 636/597/636 637/598/637 638/599/638
f 639/600/639 640/601/640 641/602/641
f 637/598/637 642/603/642 643/604/643
f 643/604/643 642/603/642 644/605/644
f 643/604/643 645/606/645 637/598/637
f 637/598/637 645/606/645 646/607/646
f 433/555/433 597/553/597 640/608/640
f 640/608/640 597/553/597 647/609/647
f 640/608/640 647/609/647 648/610/648
f 648/610/648 647/609/647 649/611/649
f 650/612/650 651/613/651 652/614/652
f 652/614/652 651/613/651 638/599/638
f 653/615/653 499/455/499 636/597/636
f 636/597/636 499/455/499 430/385/430
f 642/603/642 424/379/424 644/605/644
f 644/605/644 424/379/424 426/381/426
f 653/615/653 654/616/654 501/457/501
f 501/457/501 654/616/654 470/426/470
f 653/615/653 651/613/651 654/616/654
f 654/616/654 651/613/651 655/617/655
f 651/613/651 653/615/653 638/599/638
f 638/599/638 653/615/653 636/597/636
f 651/613/651 650/612/650 655/617/655
f 432/387/432 433/388/433 639/600/639
f 639/600/639 433/388/433 640/601/640
f 653/615/653 501/457/501 499/455/499
f 469/425/469 470/426/470 655/617/655
f 655/617/655 470/426/470 654/616/654
f 643/604/643 656/618/656 645/606/645
f 645/606/645 656/618/656 657/619/657
f 656/618/656 643/604/643 658/620/658
f 658/620/658 643/604/643 644/605/644
f 429/384/429 658/620/658 426/381/426
f 426/381/426 658/620/658 644/605/644
f 637/598/637 646/607/646 638/599/638
f 638/599/638 646/607/646 652/614/652
f 642/603/642 637/598/637 636/597/636
f 424/379/424 642/603/642 430/385/430
f 430/385/430 642/603/642 636/597/636
f 639/600/639 658/620/658 432/387/432
f 432/387/432 658/620/658 429/384/429
f 641/602/641 656/618/656 639/600/639
f 639/600/639 656/618/656 658/620/658
f 647/609/647 597/553/597 227/170/227
f 227/170/227 224/167/224 649/611/649
f 647/609/647 227/170/227 649/611/649
f 659/621/659 657/619/657 641/602/641
f 641/602/641 657/619/657 656/618/656
f 659/621/659 641/602/641 648/622/648
f 648/622/648 641/602/641 640/601/640
f 660/623/660 661/624/661 662/625/662
f 660/623/660 662/625/662 525/481/525
f 525/481/525 662/625/662 526/482/526
f 662/625/662 663/626/663 526/482/526
f 526/482/526 663/626/663 622/583/622
f 661/624/661 664/627/664 662/625/662
f 662/625/662 664/627/664 663/626/663
f 525/481/525 536/492/536 660/623/660
f 660/623/660 536/492/536 665/628/665
f 664/627/664 661/624/661 666/629/666
f 666/629/666 661/624/661 667/630/667
f 668/631/668 623/584/623 663/626/663
f 663/626/663 623/584/623 622/583/622
f 623/584/623 668/631/668 595/551/595
f 595/551/595 668/631/668 594/550/594
f 669/632/669 670/633/670 671/634/671
f 671/634/671 670/633/670 672/635/672
f 673/636/673 674/637/674 675/638/675
f 675/638/675 674/637/674 676/639/676
f 665/628/665 536/492/536 534/490/534
f 660/623/660 665/628/665 676/639/676
f 676/639/676 665/628/665 675/638/675
f 671/634/671 672/635/672 673/636/673
f 673/636/673 672/635/672 674/637/674
f 675/638/675 665/628/665 568/524/568
f 568/524/568 665/628/665 534/490/534
f 673/636/673 675/638/675 569/525/569
f 569/525/569 675/638/675 568/524/568
f 676/639/676 661/624/661 660/623/660
f 677/640/677 678/641/678 679/642/679
f 679/642/679 678/641/678 680/643/680
f 670/633/670 680/643/680 672/635/672
f 672/635/672 680/643/680 678/641/678
f 674/637/674 667/630/667 676/639/676
f 676/639/676 667/630/667 661/624/661
f 666/629/666 667/630/667 677/640/677
f 677/640/677 667/630/667 678/641/678
f 672/635/672 678/641/678 674/637/674
f 674/637/674 678/641/678 667/630/667
f 572/528/572 669/632/669 671/634/671
f 572/528/572 671/634/671 569/525/569
f 569/525/569 671/634/671 673/636/673
f 681/644/681 646/607/646 645/606/645
f 682/645/682 646/607/646 681/644/681
f 683/646/683 684/647/684 685/648/685
f 685/648/685 684/647/684 686/649/686
f 681/644/681 687/650/687 682/645/682
f 682/645/682 687/650/687 688/651/688
f 689/652/689 690/653/690 691/654/691
f 691/654/691 690/653/690 692/655/692
f 685/656/685 693/657/693 683/658/683
f 683/658/683 693/657/693 694/659/694
f 648/610/648 649/611/649 685/656/685
f 685/656/685 649/611/649 693/657/693
f 695/660/695 696/661/696 697/662/697
f 697/662/697 696/661/696 396/351/396
f 698/663/698 696/661/696 699/664/699
f 181/124/181 396/351/396 698/663/698
f 698/663/698 396/351/396 696/661/696
f 697/662/697 396/351/396 394/349/394
f 697/662/697 689/652/689 695/660/695
f 695/660/695 689/652/689 691/654/691
f 689/652/689 697/662/697 398/353/398
f 398/353/398 697/662/697 394/349/394
f 698/663/698 182/125/182 181/124/181
f 700/665/700 650/612/650 701/666/701
f 701/666/701 650/612/650 652/614/652
f 702/667/702 700/665/700 703/668/703
f 703/668/703 700/665/700 701/666/701
f 692/655/692 700/665/700 691/654/691
f 691/654/691 700/665/700 702/667/702
f 704/669/704 705/670/705 681/644/681
f 681/644/681 705/670/705 687/650/687
f 645/606/645 657/619/657 681/644/681
f 681/644/681 657/619/657 704/669/704
f 682/645/682 688/651/688 701/666/701
f 701/666/701 688/651/688 703/668/703
f 701/666/701 652/614/652 682/645/682
f 682/645/682 652/614/652 646/607/646
f 704/669/704 686/649/686 705/670/705
f 705/670/705 686/649/686 684/647/684
f 649/611/649 224/167/224 693/657/693
f 693/657/693 224/167/224 694/659/694
f 657/619/657 659/621/659 704/669/704
f 704/669/704 659/621/659 686/649/686
f 685/648/685 686/649/686 648/622/648
f 648/622/648 686/649/686 659/621/659
f 217/160/217 694/659/694 223/166/223
f 223/166/223 694/659/694 224/167/224
f 706/671/706 707/672/707 708/673/708
f 709/674/709 710/675/710 711/676/711
f 711/676/711 710/675/710 712/677/712
f 710/675/710 709/674/709 713/678/713
f 713/678/713 709/674/709 714/679/714
f 715/680/715 716/681/716 717/682/717
f 717/682/717 716/681/716 718/683/718
f 707/672/707 711/676/711 719/684/719
f 719/684/719 711/676/711 712/677/712
f 719/684/719 715/680/715 717/682/717
f 720/685/720 721/686/721 722/687/722
f 723/688/723 724/689/724 725/690/725
f 725/690/725 724/689/724 726/691/726
f 721/686/721 727/692/727 722/687/722
f 728/693/728 571/527/571 729/694/729
f 619/580/619 718/683/718 621/582/621
f 621/582/621 718/683/718 716/681/716
f 719/684/719 717/682/717 707/672/707
f 707/672/707 717/682/717 708/673/708
f 717/682/717 718/683/718 708/673/708
f 708/673/708 718/683/718 730/695/730
f 727/692/727 713/678/713 714/679/714
f 724/689/724 731/696/731 726/691/726
f 726/691/726 731/696/731 732/697/732
f 730/695/730 733/698/733 708/673/708
f 708/673/708 733/698/733 706/671/706
f 734/699/734 735/700/735 736/701/736
f 736/701/736 735/700/735 737/702/737
f 619/580/619 730/695/730 718/683/718
f 735/700/735 732/697/732 737/702/737
f 737/702/737 732/697/732 731/696/731
f 732/697/732 735/700/735 679/642/679
f 726/691/726 732/697/732 680/643/680
f 680/643/680 732/697/732 679/642/679
f 725/690/725 726/691/726 670/633/670
f 670/633/670 726/691/726 680/643/680
f 738/703/738 725/690/725 669/632/669
f 669/632/669 725/690/725 670/633/670
f 572/528/572 571/527/571 728/693/728
f 733/698/733 734/699/734 706/671/706
f 706/671/706 734/699/734 736/701/736
f 739/704/739 723/688/723 738/703/738
f 738/703/738 723/688/723 725/690/725
f 729/694/729 739/704/739 728/693/728
f 728/693/728 739/704/739 738/703/738
f 728/693/728 738/703/738 572/528/572
f 572/528/572 738/703/738 669/632/669
f 740/705/740 731/696/731 741/706/741
f 714/679/714 742/707/742 727/692/727
f 720/685/720 722/687/722 743/708/743
f 727/692/727 743/708/743 722/687/722
f 709/674/709 744/709/744 714/679/714
f 714/679/714 744/709/744 742/707/742
f 745/710/745 746/711/746 743/708/743
f 743/708/743 746/711/746 720/685/720
f 740/705/740 747/712/747 737/702/737
f 737/702/737 747/712/747 736/701/736
f 731/696/731 724/689/724 741/706/741
f 741/706/741 724/689/724 748/713/748
f 749/714/749 750/715/750 751/716/751
f 751/716/751 750/715/750 752/717/752
f 753/718/753 707/672/707 706/671/706
f 749/714/749 751/716/751 754/719/754
f 707/672/707 753/718/753 711/676/711
f 711/676/711 753/718/753 755/720/755
f 752/717/752 750/715/750 727/692/727
f 744/709/744 709/674/709 755/720/755
f 755/720/755 709/674/709 711/676/711
f 737/702/737 731/696/731 740/705/740
f 756/721/756 757/722/757 740/705/740
f 740/705/740 757/722/757 747/712/747
f 754/719/754 756/721/756 741/706/741
f 741/706/741 756/721/756 740/705/740
f 741/706/741 748/713/748 754/719/754
f 754/719/754 748/713/748 758/723/758
f 747/712/747 753/718/753 736/701/736
f 736/701/736 753/718/753 706/671/706
f 757/722/757 755/720/755 747/712/747
f 747/712/747 755/720/755 753/718/753
f 759/724/759 744/709/744 757/722/757
f 757/722/757 744/709/744 755/720/755
f 759/724/759 760/725/760 744/709/744
f 744/709/744 760/725/760 742/707/742
f 727/692/727 742/707/742 760/725/760
f 746/711/746 745/710/745 761/726/761
f 761/726/761 745/710/745 758/723/758
f 761/726/761 758/723/758 762/727/762
f 762/727/762 758/723/758 748/713/748
f 762/727/762 748/713/748 723/688/723
f 723/688/723 748/713/748 724/689/724
f 763/728/763 756/721/756 751/716/751
f 751/716/751 756/721/756 754/719/754
f 751/716/751 752/717/752 763/728/763
f 763/728/763 752/717/752 764/729/764
f 764/729/764 752/717/752 727/692/727
f 754/719/754 758/723/758 749/714/749
f 749/714/749 758/723/758 745/710/745
f 750/715/750 749/714/749 743/708/743
f 743/708/743 749/714/749 745/710/745
f 727/692/727 750/715/750 743/708/743
f 763/728/763 759/724/759 756/721/756
f 756/721/756 759/724/759 757/722/757
f 763/728/763 764/729/764 759/724/759
f 759/724/759 764/729/764 760/725/760
f 727/692/727 760/725/760 764/729/764
f 765/730/765 734/699/734 766/731/766
f 767/732/767 768/733/768 358/313/358
f 358/313/358 768/733/768 370/325/370
f 358/313/358 357/312/357 767/732/767
f 767/732/767 357/312/357 769/734/769
f 770/735/770 769/734/769 407/362/407
f 407/362/407 769/734/769 357/312/357
f 733/698/733 730/695/730 771/736/771
f 771/736/771 730/695/730 772/737/772
f 773/738/773 767/732/767 774/739/774
f 774/739/774 767/732/767 769/734/769
f 768/733/768 767/732/767 775/740/775
f 775/740/775 767/732/767 773/738/773
f 775/740/775 625/586/625 768/733/768
f 768/733/768 625/586/625 140/83/140
f 776/741/776 421/376/421 777/742/777
f 777/742/777 421/376/421 422/377/422
f 778/743/778 779/744/779 409/364/409
f 409/364/409 779/744/779 411/366/411
f 780/745/780 461/417/461 781/746/781
f 781/746/781 461/417/461 594/550/594
f 782/747/782 677/640/677 765/730/765
f 765/730/765 677/640/677 679/642/679
f 783/748/783 784/749/784 781/746/781
f 781/746/781 784/749/784 785/750/785
f 668/631/668 783/748/783 594/550/594
f 594/550/594 783/748/783 781/746/781
f 786/751/786 787/752/787 788/753/788
f 788/753/788 787/752/787 789/754/789
f 409/364/409 416/371/416 778/743/778
f 778/743/778 416/371/416 456/412/456
f 790/755/790 775/740/775 791/756/791
f 791/756/791 775/740/775 773/738/773
f 664/627/664 666/629/666 783/748/783
f 783/748/783 666/629/666 784/749/784
f 664/627/664 783/748/783 663/626/663
f 663/626/663 783/748/783 668/631/668
f 774/739/774 786/751/786 773/738/773
f 773/738/773 786/751/786 788/753/788
f 778/743/778 456/412/456 780/745/780
f 780/745/780 456/412/456 461/417/461
f 780/745/780 792/757/792 778/743/778
f 778/743/778 792/757/792 779/744/779
f 776/741/776 777/742/777 786/751/786
f 786/751/786 777/742/777 787/752/787
f 666/629/666 677/640/677 784/749/784
f 784/749/784 677/640/677 782/747/782
f 792/757/792 787/752/787 779/744/779
f 779/744/779 787/752/787 777/742/777
f 411/366/411 779/744/779 422/377/422
f 422/377/422 779/744/779 777/742/777
f 619/580/619 618/579/618 772/737/772
f 772/737/772 618/579/618 790/755/790
f 771/736/771 772/737/772 791/756/791
f 791/756/791 772/737/772 790/755/790
f 770/735/770 407/362/407 415/370/415
f 770/735/770 415/370/415 793/758/793
f 793/758/793 415/370/415 414/369/414
f 769/734/769 770/735/770 774/739/774
f 774/739/774 770/735/770 793/758/793
f 772/737/772 730/695/730 619/580/619
f 790/755/790 618/579/618 775/740/775
f 775/740/775 618/579/618 625/586/625
f 421/376/421 776/741/776 414/369/414
f 414/369/414 776/741/776 793/758/793
f 786/751/786 774/739/774 776/741/776
f 776/741/776 774/739/774 793/758/793
f 773/738/773 788/753/788 791/756/791
f 791/756/791 788/753/788 794/759/794
f 782/747/782 794/759/794 789/754/789
f 789/754/789 794/759/794 788/753/788
f 792/757/792 780/745/780 785/750/785
f 785/750/785 780/745/780 781/746/781
f 787/752/787 792/757/792 789/754/789
f 789/754/789 792/757/792 785/750/785
f 784/749/784 782/747/782 785/750/785
f 785/750/785 782/747/782 789/754/789
f 765/730/765 766/731/766 782/747/782
f 782/747/782 766/731/766 794/759/794
f 735/700/735 734/699/734 765/730/765
f 679/642/679 735/700/735 765/730/765
f 766/731/766 771/736/771 794/759/794
f 794/759/794 771/736/771 791/756/791
f 734/699/734 733/698/733 766/731/766
f 766/731/766 733/698/733 771/736/771
f 140/83/140 139/82/139 768/733/768
f 768/733/768 139/82/139 370/325/370
f 795/760/795 796/761/796 687/650/687
f 796/761/796 795/760/795 797/762/797
f 797/762/797 795/760/795 798/763/798
f 798/763/798 799/764/799 797/762/797
f 797/762/797 799/764/799 800/765/800
f 687/650/687 796/761/796 688/651/688
f 801/766/801 802/767/802 803/768/803
f 803/768/803 802/767/802 804/769/804
f 804/770/804 802/771/802 217/160/217
f 805/772/805 804/770/804 159/102/159
f 159/102/159 804/770/804 217/160/217
f 160/103/160 805/772/805 159/102/159
f 699/664/699 696/661/696 806/773/806
f 699/664/699 807/774/807 698/663/698
f 698/663/698 807/774/807 182/125/182
f 808/775/808 702/667/702 806/773/806
f 806/773/806 702/667/702 703/668/703
f 696/661/696 695/660/695 806/773/806
f 806/773/806 695/660/695 808/775/808
f 702/667/702 808/775/808 691/654/691
f 691/654/691 808/775/808 695/660/695
f 804/769/804 805/776/805 803/768/803
f 803/768/803 805/776/805 809/777/809
f 798/763/798 810/778/810 799/764/799
f 799/764/799 810/778/810 811/779/811
f 810/778/810 798/763/798 812/780/812
f 812/780/812 798/763/798 795/760/795
f 705/670/705 812/780/812 687/650/687
f 687/650/687 812/780/812 795/760/795
f 807/774/807 699/664/699 800/765/800
f 800/765/800 699/664/699 797/762/797
f 699/664/699 806/773/806 797/762/797
f 797/762/797 806/773/806 796/761/796
f 688/651/688 796/761/796 703/668/703
f 703/668/703 796/761/796 806/773/806
f 801/766/801 812/780/812 684/647/684
f 684/647/684 812/780/812 705/670/705
f 812/780/812 801/766/801 810/778/810
f 810/778/810 801/766/801 803/768/803
f 803/768/803 809/777/809 810/778/810
f 810/778/810 809/777/809 811/779/811
f 684/647/684 683/646/683 801/766/801
f 801/766/801 683/646/683 802/767/802
f 217/160/217 802/771/802 694/659/694
f 694/659/694 802/771/802 683/658/683
f 813/781/813 814/782/814 815/783/815
f 816/784/816 817/785/817 815/783/815
f 815/783/815 817/785/817 818/786/818
f 818/786/818 819/787/819 815/783/815
f 815/783/815 819/787/819 813/781/813
f 820/788/820 821/789/821 815/783/815
f 815/783/815 821/789/821 816/784/816
f 815/783/815 814/782/814 820/788/820
f 822/790/822 823/791/823 824/792/824
f 823/791/823 825/793/825 826/794/826
f 826/794/826 825/793/825 827/795/827
f 828/796/828 829/797/829 823/791/823
f 823/791/823 829/797/829 825/793/825
f 828/796/828 800/765/800 829/797/829
f 829/797/829 800/765/800 799/764/799
f 830/798/830 805/772/805 160/103/160
f 162/105/162 831/799/831 160/103/160
f 160/103/160 831/799/831 830/798/830
f 185/128/185 182/125/182 822/790/822
f 822/790/822 182/125/182 807/774/807
f 185/128/185 822/790/822 187/130/187
f 187/130/187 822/790/822 824/792/824
f 832/800/832 809/777/809 830/801/830
f 830/801/830 809/777/809 805/776/805
f 832/800/832 830/801/830 833/802/833
f 833/802/833 830/801/830 831/803/831
f 834/804/834 835/805/835 831/803/831
f 831/803/831 835/805/835 833/802/833
f 825/793/825 836/806/836 827/795/827
f 827/795/827 836/806/836 837/807/837
f 825/793/825 829/797/829 836/806/836
f 836/806/836 829/797/829 838/808/838
f 811/779/811 838/808/838 799/764/799
f 799/764/799 838/808/838 829/797/829
f 824/792/824 823/791/823 826/794/826
f 800/765/800 828/796/828 807/774/807
f 838/808/838 811/779/811 832/800/832
f 832/800/832 811/779/811 809/777/809
f 836/806/836 838/808/838 833/802/833
f 833/802/833 838/808/838 832/800/832
f 835/805/835 837/807/837 833/802/833
f 833/802/833 837/807/837 836/806/836
f 162/105/162 834/809/834 831/799/831
f 202/145/202 839/810/839 200/143/200
f 202/145/202 187/130/187 839/810/839
f 839/810/839 187/130/187 824/792/824
f 807/774/807 828/796/828 822/790/822
f 822/790/822 828/796/828 823/791/823
f 161/811/161 840/812/840 171/813/171
f 841/814/841 842/815/842 843/816/843
f 843/816/843 842/815/842 844/817/844
f 842/815/842 841/814/841 845/818/845
f 845/818/845 841/814/841 846/819/846
f 845/818/845 846/819/846 847/820/847
f 847/820/847 846/819/846 848/821/848
f 847/820/847 848/821/848 849/822/849
f 849/822/849 848/821/848 850/823/850
f 840/824/840 843/816/843 851/825/851
f 851/825/851 843/816/843 844/817/844
f 842/815/842 852/826/852 844/817/844
f 844/817/844 852/826/852 817/785/817
f 842/815/842 845/818/845 852/826/852
f 852/826/852 845/818/845 853/827/853
f 843/816/843 840/824/840 158/828/158
f 158/828/158 840/824/840 161/829/161
f 844/817/844 817/785/817 851/825/851
f 851/825/851 817/785/817 816/784/816
f 849/822/849 854/830/854 847/820/847
f 847/820/847 854/830/854 855/831/855
f 817/785/817 852/826/852 818/786/818
f 818/786/818 852/826/852 853/827/853
f 853/827/853 845/818/845 855/831/855
f 855/831/855 845/818/845 847/820/847
f 855/831/855 819/787/819 853/827/853
f 853/827/853 819/787/819 818/786/818
f 813/781/813 819/787/819 854/830/854
f 854/830/854 819/787/819 855/831/855
f 228/832/228 229/833/229 848/821/848
f 848/821/848 229/833/229 850/823/850
f 848/821/848 846/819/846 228/832/228
f 228/832/228 846/819/846 841/814/841
f 228/832/228 841/814/841 218/834/218
f 218/834/218 841/814/841 158/828/158
f 158/828/158 841/814/841 843/816/843
f 856/835/856 857/836/857 858/837/858
f 858/837/858 857/836/857 859/838/859
f 860/839/860 859/838/859 861/840/861
f 861/840/861 859/838/859 857/836/857
f 862/841/862 860/839/860 863/842/863
f 863/842/863 860/839/860 861/840/861
f 863/842/863 849/822/849 862/841/862
f 862/841/862 849/822/849 850/823/850
f 840/812/840 851/843/851 858/837/858
f 858/837/858 851/843/851 856/835/856
f 821/789/821 864/844/864 856/835/856
f 856/835/856 864/844/864 857/836/857
f 857/836/857 864/844/864 861/840/861
f 861/840/861 864/844/864 865/845/865
f 171/813/171 840/812/840 858/837/858
f 816/784/816 821/789/821 851/843/851
f 851/843/851 821/789/821 856/835/856
f 866/846/866 854/830/854 863/842/863
f 863/842/863 854/830/854 849/822/849
f 865/845/865 864/844/864 820/788/820
f 820/788/820 864/844/864 821/789/821
f 865/845/865 866/846/866 861/840/861
f 861/840/861 866/846/866 863/842/863
f 866/846/866 865/845/865 814/782/814
f 814/782/814 865/845/865 820/788/820
f 866/846/866 814/782/814 854/830/854
f 854/830/854 814/782/814 813/781/813
f 245/847/245 862/841/862 229/833/229
f 229/833/229 862/841/862 850/823/850
f 862/841/862 245/847/245 860/839/860
f 860/839/860 245/847/245 859/838/859
f 245/847/245 238/848/238 859/838/859
f 858/837/858 859/838/859 171/813/171
f 171/813/171 859/838/859 238/848/238
f 867/849/867 868/850/868 869/851/869
f 870/852/870 871/853/871 872/854/872
f 873/855/873 874/856/874 875/857/875
f 875/857/875 874/856/874 876/858/876
f 877/859/877 876/858/876 878/860/878
f 878/860/878 876/858/876 874/856/874
f 878/860/878 879/861/879 877/859/877
f 877/859/877 879/861/879 880/862/880
f 881/863/881 873/855/873 882/864/882
f 882/864/882 873/855/873 875/857/875
f 870/852/870 881/863/881 871/853/871
f 871/853/871 881/863/881 882/864/882
f 129/72/129 127/70/127 883/865/883
f 867/849/867 884/866/884 868/850/868
f 885/867/885 886/868/886 887/869/887
f 887/869/887 886/868/886 888/870/888
f 889/871/889 890/872/890 885/867/885
f 885/867/885 890/872/890 886/868/886
f 890/872/890 889/871/889 879/861/879
f 879/861/879 889/871/889 880/862/880
f 869/851/869 891/873/891 888/870/888
f 888/870/888 891/873/891 887/869/887
f 869/851/869 868/850/868 891/873/891
f 142/85/142 892/874/892 141/84/141
f 893/875/893 894/876/894 895/877/895
f 896/878/896 383/338/383 376/331/376
f 897/879/897 898/880/898 624/585/624
f 899/881/899 900/882/900 901/883/901
f 901/883/901 900/882/900 902/884/902
f 896/878/896 376/331/376 903/885/903
f 903/885/903 376/331/376 375/330/375
f 903/885/903 375/330/375 904/886/904
f 904/886/904 375/330/375 128/71/128
f 445/401/445 905/887/905 447/403/447
f 447/403/447 905/887/905 629/590/629
f 445/401/445 442/398/442 906/888/906
f 906/888/906 442/398/442 440/396/440
f 905/887/905 445/401/445 907/889/907
f 907/889/907 445/401/445 906/888/906
f 907/889/907 908/890/908 905/887/905
f 905/887/905 908/890/908 909/891/909
f 908/890/908 910/892/910 909/891/909
f 909/891/909 910/892/910 911/893/911
f 398/353/398 912/894/912 689/652/689
f 689/652/689 912/894/912 690/653/690
f 913/895/913 907/889/907 914/896/914
f 914/896/914 907/889/907 906/888/906
f 690/653/690 913/895/913 692/655/692
f 692/655/692 913/895/913 914/896/914
f 894/876/894 915/897/915 916/898/916
f 916/898/916 915/897/915 917/899/917
f 635/596/635 633/594/633 918/900/918
f 918/900/918 633/594/633 634/595/634
f 905/887/905 909/891/909 629/590/629
f 629/590/629 909/891/909 632/593/632
f 916/898/916 917/899/917 919/901/919
f 919/901/919 917/899/917 920/902/920
f 921/903/921 912/894/912 922/904/922
f 922/904/922 912/894/912 895/877/895
f 913/895/913 690/653/690 921/903/921
f 921/903/921 690/653/690 912/894/912
f 399/354/399 923/905/923 400/355/400
f 400/355/400 923/905/923 893/875/893
f 896/878/896 903/885/903 924/906/924
f 924/906/924 903/885/903 925/907/925
f 919/901/919 920/902/920 634/595/634
f 634/595/634 920/902/920 918/900/918
f 909/891/909 911/893/911 632/593/632
f 632/593/632 911/893/911 631/592/631
f 922/904/922 910/892/910 921/903/921
f 921/903/921 910/892/910 908/890/908
f 913/895/913 921/903/921 907/889/907
f 907/889/907 921/903/921 908/890/908
f 383/338/383 896/878/896 399/354/399
f 399/354/399 896/878/896 923/905/923
f 910/892/910 922/904/922 916/898/916
f 916/898/916 922/904/922 894/876/894
f 906/888/906 655/617/655 914/896/914
f 910/892/910 916/898/916 911/893/911
f 911/893/911 916/898/916 919/901/919
f 911/893/911 919/901/919 631/592/631
f 631/592/631 919/901/919 634/595/634
f 624/585/624 567/523/567 897/879/897
f 897/879/897 567/523/567 565/521/565
f 901/883/901 926/908/926 899/881/899
f 899/881/899 926/908/926 925/907/925
f 925/907/925 926/908/926 924/906/924
f 924/906/924 926/908/926 927/909/927
f 904/886/904 128/71/128 928/910/928
f 928/910/928 128/71/128 129/72/129
f 692/655/692 914/896/914 700/665/700
f 700/665/700 914/896/914 650/612/650
f 655/617/655 650/612/650 914/896/914
f 440/396/440 469/425/469 906/888/906
f 906/888/906 469/425/469 655/617/655
f 925/907/925 903/885/903 899/881/899
f 899/881/899 903/885/903 904/886/904
f 900/882/900 899/881/899 928/910/928
f 928/910/928 899/881/899 904/886/904
f 929/911/929 923/905/923 924/906/924
f 924/906/924 923/905/923 896/878/896
f 894/876/894 893/875/893 929/911/929
f 929/911/929 893/875/893 923/905/923
f 397/352/397 895/877/895 398/353/398
f 398/353/398 895/877/895 912/894/912
f 895/877/895 397/352/397 893/875/893
f 893/875/893 397/352/397 400/355/400
f 895/877/895 894/876/894 922/904/922
f 915/897/915 894/876/894 930/912/930
f 930/912/930 894/876/894 929/911/929
f 930/912/930 929/911/929 927/909/927
f 927/909/927 929/911/929 924/906/924
f 624/585/624 898/880/898 617/578/617
f 931/913/931 727/692/727 721/686/721
f 932/914/932 933/915/933 934/916/934
f 934/916/934 933/915/933 935/917/935
f 936/918/936 933/915/933 937/919/937
f 937/919/937 933/915/933 932/914/932
f 938/920/938 939/921/939 940/922/940
f 940/922/940 939/921/939 941/923/941
f 761/726/761 762/727/762 942/924/942
f 942/924/942 762/727/762 943/925/943
f 712/677/712 710/675/710 936/918/936
f 936/918/936 710/675/710 933/915/933
f 727/692/727 934/916/934 935/917/935
f 937/919/937 944/926/944 936/918/936
f 936/918/936 944/926/944 945/927/945
f 720/685/720 746/711/746 946/928/946
f 946/928/946 746/711/746 947/929/947
f 931/913/931 941/923/941 948/930/948
f 948/930/948 941/923/941 939/921/939
f 948/930/948 727/692/727 931/913/931
f 949/931/949 938/920/938 950/932/950
f 950/932/950 938/920/938 940/922/940
f 936/918/936 945/927/945 712/677/712
f 712/677/712 945/927/945 719/684/719
f 933/915/933 710/675/710 935/917/935
f 935/917/935 710/675/710 713/678/713
f 935/917/935 713/678/713 727/692/727
f 940/922/940 941/923/941 942/924/942
f 942/924/942 941/923/941 947/929/947
f 939/921/939 938/920/938 951/933/951
f 951/933/951 938/920/938 952/934/952
f 945/927/945 715/680/715 719/684/719
f 950/932/950 940/922/940 943/925/943
f 943/925/943 940/922/940 942/924/942
f 941/923/941 931/913/931 947/929/947
f 947/929/947 931/913/931 946/928/946
f 946/928/946 931/913/931 721/686/721
f 946/928/946 721/686/721 720/685/720
f 953/935/953 727/692/727 948/930/948
f 951/933/951 953/935/953 939/921/939
f 939/921/939 953/935/953 948/930/948
f 954/936/954 952/934/952 949/931/949
f 949/931/949 952/934/952 938/920/938
f 727/692/727 955/937/955 934/916/934
f 934/916/934 955/937/955 932/914/932
f 932/914/932 955/937/955 956/938/956
f 932/914/932 956/938/956 937/919/937
f 937/919/937 956/938/956 957/939/957
f 954/936/954 944/926/944 957/939/957
f 957/939/957 944/926/944 937/919/937
f 942/924/942 947/929/947 761/726/761
f 761/726/761 947/929/947 746/711/746
f 762/727/762 723/688/723 943/925/943
f 943/925/943 723/688/723 739/704/739
f 954/936/954 957/939/957 952/934/952
f 956/938/956 951/933/951 957/939/957
f 957/939/957 951/933/951 952/934/952
f 955/937/955 953/935/953 956/938/956
f 956/938/956 953/935/953 951/933/951
f 727/692/727 953/935/953 955/937/955
f 958/940/958 959/941/959 960/942/960
f 827/795/827 961/943/961 826/794/826
f 826/794/826 961/943/961 962/944/962
f 963/945/963 964/946/964 965/947/965
f 965/947/965 964/946/964 966/948/966
f 963/945/963 965/947/965 967/949/967
f 967/949/967 965/947/965 960/942/960
f 961/943/961 959/941/959 962/944/962
f 962/944/962 959/941/959 958/940/958
f 964/946/964 588/544/588 966/948/966
f 966/948/966 588/544/588 587/543/587
f 960/942/960 959/941/959 967/949/967
f 968/950/968 969/951/969 970/952/970
f 970/952/970 969/951/969 971/953/971
f 971/954/971 236/181/236 970/955/970
f 972/956/972 170/113/170 971/954/971
f 971/954/971 170/113/170 236/181/236
f 973/957/973 172/115/172 972/956/972
f 972/956/972 172/115/172 170/113/170
f 973/957/973 974/958/974 172/115/172
f 172/115/172 974/958/974 162/105/162
f 457/413/457 460/416/460 975/959/975
f 200/143/200 976/960/976 459/415/459
f 459/415/459 976/960/976 460/416/460
f 200/143/200 839/810/839 976/960/976
f 573/529/573 575/531/575 975/959/975
f 975/959/975 575/531/575 977/961/977
f 977/961/977 458/414/458 975/959/975
f 975/959/975 458/414/458 457/413/457
f 458/414/458 977/961/977 593/549/593
f 593/549/593 977/961/977 575/531/575
f 978/962/978 972/963/972 969/951/969
f 969/951/969 972/963/972 971/953/971
f 972/963/972 978/962/978 973/964/973
f 973/964/973 978/962/978 979/965/979
f 974/966/974 973/964/973 980/967/980
f 980/967/980 973/964/973 979/965/979
f 980/967/980 835/805/835 974/966/974
f 974/966/974 835/805/835 834/804/834
f 837/807/837 981/968/981 827/795/827
f 827/795/827 981/968/981 961/943/961
f 961/943/961 981/968/981 959/941/959
f 959/941/959 981/968/981 982/969/982
f 959/941/959 982/969/982 967/949/967
f 967/949/967 982/969/982 983/970/983
f 963/945/963 967/949/967 984/971/984
f 984/971/984 967/949/967 983/970/983
f 964/946/964 963/945/963 985/972/985
f 985/972/985 963/945/963 984/971/984
f 611/571/611 588/544/588 985/972/985
f 985/972/985 588/544/588 964/946/964
f 826/794/826 962/944/962 824/792/824
f 824/792/824 962/944/962 839/810/839
f 962/944/962 958/940/958 839/810/839
f 839/810/839 958/940/958 976/960/976
f 976/960/976 958/940/958 960/942/960
f 965/947/965 460/416/460 960/942/960
f 960/942/960 460/416/460 976/960/976
f 460/416/460 965/947/965 975/959/975
f 975/959/975 965/947/965 966/948/966
f 587/543/587 573/529/573 966/948/966
f 966/948/966 573/529/573 975/959/975
f 611/571/611 985/972/985 585/541/585
f 585/541/585 985/972/985 968/950/968
f 985/972/985 984/971/984 968/950/968
f 968/950/968 984/971/984 969/951/969
f 983/970/983 978/962/978 984/971/984
f 984/971/984 978/962/978 969/951/969
f 982/969/982 979/965/979 983/970/983
f 983/970/983 979/965/979 978/962/978
f 979/965/979 982/969/982 980/967/980
f 980/967/980 982/969/982 981/968/981
f 981/968/981 837/807/837 980/967/980
f 980/967/980 837/807/837 835/805/835
f 162/105/162 974/958/974 834/809/834
f 585/541/585 968/950/968 583/539/583
f 968/950/968 970/952/970 583/539/583
f 236/181/236 600/558/600 970/955/970
f 970/955/970 600/558/600 583/560/583
f 986/973/986 987/974/987 988/975/988
f 989/976/989 927/909/927 990/977/990
f 990/977/990 927/909/927 926/908/926
f 991/978/991 992/979/992 993/980/993
f 994/981/994 995/982/995 996/983/996
f 996/983/996 995/982/995 997/984/997
f 998/985/998 999/986/999 992/979/992
f 992/979/992 999/986/999 993/980/993
f 996/983/996 997/984/997 999/986/999
f 1000/987/1000 1001/988/1001 1002/989/1002
f 1003/990/1003 1004/991/1004 1005/992/1005
f 1005/992/1005 1004/991/1004 1006/993/1006
f 1000/987/1000 1002/989/1002 1007/994/1007
f 1008/995/1008 565/521/565 1009/996/1009
f 995/982/995 994/981/994 902/884/902
f 902/884/902 994/981/994 901/883/901
f 998/985/998 1010/997/1010 1011/998/1011
f 999/986/999 998/985/998 996/983/996
f 996/983/996 998/985/998 1011/998/1011
f 996/983/996 1011/998/1011 994/981/994
f 994/981/994 1011/998/1011 990/977/990
f 1007/994/1007 1012/999/1012 1013/1000/1013
f 1014/1001/1014 1015/1002/1015 1003/990/1003
f 1003/990/1003 1015/1002/1015 1004/991/1004
f 1010/997/1010 989/976/989 1011/998/1011
f 1011/998/1011 989/976/989 990/977/990
f 1016/1003/1016 987/974/987 986/973/986
f 926/908/926 901/883/901 990/977/990
f 990/977/990 901/883/901 994/981/994
f 986/973/986 988/975/988 1014/1001/1014
f 1014/1001/1014 988/975/988 1015/1002/1015
f 986/973/986 915/897/915 1016/1003/1016
f 1016/1003/1016 915/897/915 930/912/930
f 915/897/915 986/973/986 917/899/917
f 917/899/917 986/973/986 1014/1001/1014
f 917/899/917 1014/1001/1014 920/902/920
f 920/902/920 1014/1001/1014 1003/990/1003
f 920/902/920 1003/990/1003 918/900/918
f 918/900/918 1003/990/1003 1005/992/1005
f 1017/1004/1017 635/596/635 1005/992/1005
f 1005/992/1005 635/596/635 918/900/918
f 565/521/565 564/520/564 1009/996/1009
f 1016/1003/1016 930/912/930 989/976/989
f 989/976/989 930/912/930 927/909/927
f 989/976/989 1010/997/1010 1016/1003/1016
f 1016/1003/1016 1010/997/1010 987/974/987
f 1018/1005/1018 1017/1004/1017 1006/993/1006
f 1006/993/1006 1017/1004/1017 1005/992/1005
f 1008/995/1008 1009/996/1009 1018/1005/1018
f 1018/1005/1018 1009/996/1009 1017/1004/1017
f 1009/996/1009 564/520/564 1017/1004/1017
f 1017/1004/1017 564/520/564 635/596/635
f 885/867/885 1019/1006/1019 1020/1007/1020
f 739/704/739 1021/1008/1021 943/925/943
f 1022/1009/1022 950/932/950 1021/1008/1021
f 1021/1008/1021 950/932/950 943/925/943
f 1023/1010/1023 949/931/949 1022/1009/1022
f 1022/1009/1022 949/931/949 950/932/950
f 889/871/889 1024/1011/1024 880/862/880
f 880/862/880 1024/1011/1024 1025/1012/1025
f 885/867/885 1020/1007/1020 889/871/889
f 889/871/889 1020/1007/1020 1024/1011/1024
f 887/869/887 1019/1006/1019 885/867/885
f 1023/1010/1023 954/936/954 949/931/949
f 739/704/739 729/694/729 1021/1008/1021
f 1026/1013/1026 1027/1014/1027 1028/1015/1028
f 1029/1016/1029 1030/1017/1030 1031/1018/1031
f 1031/1018/1031 1030/1017/1030 1032/1019/1032
f 1029/1016/1029 1031/1018/1031 1033/1020/1033
f 1033/1020/1033 1031/1018/1031 1034/1021/1034
f 1035/1022/1035 1036/1023/1036 1037/1024/1037
f 1037/1024/1037 1036/1023/1036 1026/1013/1026
f 1038/1025/1038 1039/1026/1039 1040/1027/1040
f 1040/1027/1040 1039/1026/1039 1041/1028/1041
f 1031/1018/1031 991/978/991 1034/1021/1034
f 1034/1021/1034 991/978/991 993/980/993
f 1007/994/1007 1032/1019/1032 1030/1017/1030
f 1033/1020/1033 1034/1021/1034 1042/1029/1042
f 1042/1029/1042 1034/1021/1034 1043/1030/1043
f 1044/1031/1044 992/979/992 991/978/991
f 1001/988/1001 1045/1032/1045 1046/1033/1046
f 1046/1033/1046 1045/1032/1045 1047/1034/1047
f 1048/1035/1048 1049/1036/1049 1035/1022/1035
f 1035/1022/1035 1049/1036/1049 1036/1023/1036
f 1049/1036/1049 1048/1035/1048 1007/994/1007
f 1012/999/1012 1044/1031/1044 1013/1000/1013
f 1013/1000/1013 1044/1031/1044 991/978/991
f 1037/1024/1037 1026/1013/1026 1050/1037/1050
f 1050/1037/1050 1026/1013/1026 1051/1038/1051
f 1034/1021/1034 993/980/993 1043/1030/1043
f 1043/1030/1043 993/980/993 999/986/999
f 1031/1018/1031 1032/1019/1032 991/978/991
f 991/978/991 1032/1019/1032 1013/1000/1013
f 1032/1019/1032 1007/994/1007 1013/1000/1013
f 1037/1024/1037 1039/1026/1039 1035/1022/1035
f 1035/1022/1035 1039/1026/1039 1047/1034/1047
f 1036/1023/1036 1027/1014/1027 1026/1013/1026
f 999/986/999 997/984/997 1043/1030/1043
f 1039/1026/1039 1037/1024/1037 1041/1028/1041
f 1041/1028/1041 1037/1024/1037 1050/1037/1050
f 1035/1022/1035 1047/1034/1047 1048/1035/1048
f 1048/1035/1048 1047/1034/1047 1045/1032/1045
f 1045/1032/1045 1000/987/1000 1048/1035/1048
f 1048/1035/1048 1000/987/1000 1007/994/1007
f 1045/1032/1045 1001/988/1001 1000/987/1000
f 1052/1039/1052 1049/1036/1049 1007/994/1007
f 1049/1036/1049 1052/1039/1052 1036/1023/1036
f 1036/1023/1036 1052/1039/1052 1027/1014/1027
f 1026/1013/1026 1028/1015/1028 1051/1038/1051
f 1051/1038/1051 1028/1015/1028 1053/1040/1053
f 1007/994/1007 1030/1017/1030 1054/1041/1054
f 1030/1017/1030 1029/1016/1029 1054/1041/1054
f 1054/1041/1054 1029/1016/1029 1055/1042/1055
f 1029/1016/1029 1033/1020/1033 1055/1042/1055
f 1055/1042/1055 1033/1020/1033 1056/1043/1056
f 1053/1040/1053 1056/1043/1056 1042/1029/1042
f 1042/1029/1042 1056/1043/1056 1033/1020/1033
f 1046/1033/1046 1047/1034/1047 1038/1025/1038
f 1038/1025/1038 1047/1034/1047 1039/1026/1039
f 1040/1027/1040 1041/1028/1041 1006/993/1006
f 1006/993/1006 1041/1028/1041 1018/1005/1018
f 1053/1040/1053 1028/1015/1028 1056/1043/1056
f 1055/1042/1055 1056/1043/1056 1027/1014/1027
f 1027/1014/1027 1056/1043/1056 1028/1015/1028
f 1054/1041/1054 1055/1042/1055 1052/1039/1052
f 1052/1039/1052 1055/1042/1055 1027/1014/1027
f 1007/994/1007 1054/1041/1054 1052/1039/1052
f 1057/1044/1057 1050/1037/1050 1058/1045/1058
f 1018/1005/1018 1041/1028/1041 1057/1044/1057
f 1041/1028/1041 1050/1037/1050 1057/1044/1057
f 1059/1046/1059 1058/1045/1058 1051/1038/1051
f 1051/1038/1051 1058/1045/1058 1050/1037/1050
f 877/859/877 880/862/880 1060/1047/1060
f 1060/1047/1060 880/862/880 1025/1012/1025
f 876/858/876 877/859/877 1061/1048/1061
f 1061/1048/1061 877/859/877 1060/1047/1060
f 875/857/875 876/858/876 1062/1049/1062
f 1062/1049/1062 876/858/876 1061/1048/1061
f 1053/1040/1053 1059/1046/1059 1051/1038/1051
f 1018/1005/1018 1057/1044/1057 1008/995/1008
f 1063/1050/1063 1064/1051/1064 1065/1052/1065
f 1019/1006/1019 1066/1053/1066 1020/1007/1020
f 884/866/884 1067/1054/1067 868/850/868
f 868/850/868 1067/1054/1067 1068/1055/1068
f 621/582/621 716/681/716 1064/1051/1064
f 1064/1051/1064 716/681/716 1065/1052/1065
f 620/581/620 621/582/621 1069/1056/1069
f 1069/1056/1069 621/582/621 1064/1051/1064
f 1070/1057/1070 1023/1010/1023 1063/1050/1063
f 1063/1050/1063 1023/1010/1023 1071/1058/1071
f 716/681/716 715/680/715 1065/1052/1065
f 1065/1052/1065 715/680/715 1072/1059/1072
f 715/680/715 945/927/945 1072/1059/1072
f 1072/1059/1072 945/927/945 944/926/944
f 1067/1054/1067 1073/1060/1073 1068/1055/1068
f 1068/1055/1068 1073/1060/1073 1074/1061/1074
f 1075/1062/1075 1069/1056/1069 1076/1063/1076
f 1076/1063/1076 1069/1056/1069 1064/1051/1064
f 1071/1058/1071 1076/1063/1076 1063/1050/1063
f 1077/1064/1077 1078/1065/1078 1067/1054/1067
f 1067/1054/1067 1078/1065/1078 1073/1060/1073
f 1079/1066/1079 1078/1065/1078 1069/1056/1069
f 1069/1056/1069 1078/1065/1078 620/581/620
f 1074/1061/1074 1073/1060/1073 1079/1066/1079
f 1079/1066/1079 1073/1060/1073 1078/1065/1078
f 620/581/620 1078/1065/1078 626/587/626
f 626/587/626 1078/1065/1078 1077/1064/1077
f 626/587/626 1077/1064/1077 142/85/142
f 142/85/142 1077/1064/1077 892/874/892
f 1067/1054/1067 884/866/884 1077/1064/1077
f 1077/1064/1077 884/866/884 892/874/892
f 1070/1057/1070 954/936/954 1023/1010/1023
f 1080/1067/1080 1081/1068/1081 1066/1053/1066
f 1082/1069/1082 1080/1067/1080 1019/1006/1019
f 1019/1006/1019 1080/1067/1080 1066/1053/1066
f 891/873/891 1082/1069/1082 887/869/887
f 887/869/887 1082/1069/1082 1019/1006/1019
f 1076/1063/1076 1064/1051/1064 1063/1050/1063
f 1079/1066/1079 1069/1056/1069 1081/1068/1081
f 1081/1068/1081 1069/1056/1069 1075/1062/1075
f 1074/1061/1074 1079/1066/1079 1080/1067/1080
f 1080/1067/1080 1079/1066/1079 1081/1068/1081
f 1068/1055/1068 1074/1061/1074 1082/1069/1082
f 1082/1069/1082 1074/1061/1074 1080/1067/1080
f 868/850/868 1068/1055/1068 891/873/891
f 891/873/891 1068/1055/1068 1082/1069/1082
f 944/926/944 954/936/954 1072/1059/1072
f 1072/1059/1072 954/936/954 1070/1057/1070
f 1072/1059/1072 1070/1057/1070 1065/1052/1065
f 1065/1052/1065 1070/1057/1070 1063/1050/1063
f 1083/1070/1083 1084/1071/1084 1085/1072/1085
f 1012/999/1012 1007/994/1007 1086/1073/1086
f 1001/988/1001 1087/1074/1087 1002/989/1002
f 1007/994/1007 1002/989/1002 1087/1074/1087
f 1086/1073/1086 1088/1075/1088 1012/999/1012
f 1012/999/1012 1088/1075/1088 1044/1031/1044
f 1089/1076/1089 1087/1074/1087 1046/1033/1046
f 1046/1033/1046 1087/1074/1087 1001/988/1001
f 987/974/987 1090/1077/1090 988/975/988
f 988/975/988 1090/1077/1090 1091/1078/1091
f 1092/1079/1092 1004/991/1004 1093/1080/1093
f 1093/1080/1093 1004/991/1004 1015/1002/1015
f 1094/1081/1094 1095/1082/1095 1096/1083/1096
f 1096/1083/1096 1095/1082/1095 1083/1070/1083
f 1097/1084/1097 1010/997/1010 998/985/998
f 1083/1070/1083 1085/1072/1085 1096/1083/1096
f 1098/1085/1098 1097/1084/1097 992/979/992
f 992/979/992 1097/1084/1097 998/985/998
f 1094/1081/1094 1007/994/1007 1095/1082/1095
f 992/979/992 1044/1031/1044 1098/1085/1098
f 1098/1085/1098 1044/1031/1044 1088/1075/1088
f 988/975/988 1091/1078/1091 1015/1002/1015
f 1015/1002/1015 1091/1078/1091 1093/1080/1093
f 1090/1077/1090 1099/1086/1099 1091/1078/1091
f 1091/1078/1091 1099/1086/1099 1100/1087/1100
f 1091/1078/1091 1100/1087/1100 1093/1080/1093
f 1093/1080/1093 1100/1087/1100 1085/1072/1085
f 1084/1071/1084 1092/1079/1092 1085/1072/1085
f 1085/1072/1085 1092/1079/1092 1093/1080/1093
f 1090/1077/1090 987/974/987 1097/1084/1097
f 1097/1084/1097 987/974/987 1010/997/1010
f 1099/1086/1099 1090/1077/1090 1098/1085/1098
f 1098/1085/1098 1090/1077/1090 1097/1084/1097
f 1101/1088/1101 1099/1086/1099 1088/1075/1088
f 1088/1075/1088 1099/1086/1099 1098/1085/1098
f 1086/1073/1086 1102/1089/1102 1088/1075/1088
f 1088/1075/1088 1102/1089/1102 1101/1088/1101
f 1007/994/1007 1102/1089/1102 1086/1073/1086
f 1084/1071/1084 1089/1076/1089 1038/1025/1038
f 1038/1025/1038 1089/1076/1089 1046/1033/1046
f 1092/1079/1092 1084/1071/1084 1040/1027/1040
f 1040/1027/1040 1084/1071/1084 1038/1025/1038
f 1004/991/1004 1092/1079/1092 1006/993/1006
f 1006/993/1006 1092/1079/1092 1040/1027/1040
f 1085/1072/1085 1100/1087/1100 1096/1083/1096
f 1096/1083/1096 1100/1087/1100 1103/1090/1103
f 1104/1091/1104 1094/1081/1094 1103/1090/1103
f 1103/1090/1103 1094/1081/1094 1096/1083/1096
f 1104/1091/1104 1007/994/1007 1094/1081/1094
f 1089/1076/1089 1084/1071/1084 1083/1070/1083
f 1089/1076/1089 1083/1070/1083 1087/1074/1087
f 1087/1074/1087 1083/1070/1083 1095/1082/1095
f 1007/994/1007 1087/1074/1087 1095/1082/1095
f 1103/1090/1103 1100/1087/1100 1101/1088/1101
f 1101/1088/1101 1100/1087/1100 1099/1086/1099
f 1102/1089/1102 1104/1091/1104 1101/1088/1101
f 1101/1088/1101 1104/1091/1104 1103/1090/1103
f 1007/994/1007 1104/1091/1104 1102/1089/1102
f 1105/1092/1105 1106/1093/1106 1107/1094/1107
f 1061/1048/1061 1108/1095/1108 1062/1049/1062
f 1109/1096/1109 1110/1097/1110 871/853/871
f 871/853/871 1110/1097/1110 872/854/872
f 1111/1098/1111 995/982/995 1112/1099/1112
f 1112/1099/1112 995/982/995 902/884/902
f 1112/1099/1112 902/884/902 1113/1100/1113
f 1113/1100/1113 902/884/902 900/882/900
f 1114/1101/1114 1115/1102/1115 1059/1046/1059
f 1059/1046/1059 1115/1102/1115 1116/1103/1116
f 995/982/995 1111/1098/1111 997/984/997
f 997/984/997 1111/1098/1111 1117/1104/1117
f 997/984/997 1117/1104/1117 1043/1030/1043
f 1043/1030/1043 1117/1104/1117 1042/1029/1042
f 1118/1105/1118 1119/1106/1119 1109/1096/1109
f 1109/1096/1109 1119/1106/1119 1110/1097/1110
f 1112/1099/1112 1113/1100/1113 1120/1107/1120
f 1120/1107/1120 1113/1100/1113 1121/1108/1121
f 1115/1102/1115 1120/1107/1120 1116/1103/1116
f 1122/1109/1122 1110/1097/1110 1123/1110/1123
f 1123/1110/1123 1110/1097/1110 1119/1106/1119
f 1105/1092/1105 1113/1100/1113 1123/1110/1123
f 1123/1110/1123 1113/1100/1113 900/882/900
f 1118/1105/1118 1105/1092/1105 1119/1106/1119
f 1119/1106/1119 1105/1092/1105 1123/1110/1123
f 900/882/900 928/910/928 1123/1110/1123
f 1123/1110/1123 928/910/928 1122/1109/1122
f 928/910/928 129/72/129 1122/1109/1122
f 1122/1109/1122 129/72/129 883/865/883
f 883/865/883 872/854/872 1122/1109/1122
f 1122/1109/1122 872/854/872 1110/1097/1110
f 1114/1101/1114 1059/1046/1059 1053/1040/1053
f 1108/1095/1108 1107/1094/1107 1106/1093/1106
f 1108/1095/1108 1106/1093/1106 1062/1049/1062
f 1062/1049/1062 1106/1093/1106 1124/1111/1124
f 1062/1049/1062 1124/1111/1124 875/857/875
f 875/857/875 1124/1111/1124 882/864/882
f 1120/1107/1120 1115/1102/1115 1112/1099/1112
f 1112/1099/1112 1115/1102/1115 1111/1098/1111
f 1105/1092/1105 1107/1094/1107 1113/1100/1113
f 1113/1100/1113 1107/1094/1107 1121/1108/1121
f 1118/1105/1118 1106/1093/1106 1105/1092/1105
f 1109/1096/1109 1124/1111/1124 1118/1105/1118
f 1118/1105/1118 1124/1111/1124 1106/1093/1106
f 871/853/871 882/864/882 1109/1096/1109
f 1109/1096/1109 882/864/882 1124/1111/1124
f 1114/1101/1114 1053/1040/1053 1117/1104/1117
f 1117/1104/1117 1053/1040/1053 1042/1029/1042
f 1115/1102/1115 1114/1101/1114 1111/1098/1111
f 1111/1098/1111 1114/1101/1114 1117/1104/1117
f 617/578/617 898/880/898 1125/1112/1125
f 1126/1113/1126 898/880/898 897/879/897
f 1127/1114/1127 1128/1115/1128 1126/1113/1126
f 1126/1113/1126 1128/1115/1128 898/880/898
f 1128/1115/1128 1127/1114/1127 1129/1116/1129
f 1130/1117/1130 1125/1112/1125 1128/1115/1128
f 1128/1115/1128 1125/1112/1125 898/880/898
f 1128/1115/1128 1129/1116/1129 1130/1117/1130
f 1131/1118/1131 1127/1114/1127 1132/1119/1132
f 1133/1120/1133 1108/1095/1108 1061/1048/1061
f 1134/1121/1134 1116/1103/1116 1135/1122/1135
f 1135/1122/1135 1116/1103/1116 1136/1123/1136
f 1135/1122/1135 1137/1124/1137 1134/1121/1134
f 1134/1121/1134 1137/1124/1137 1138/1125/1138
f 1107/1094/1107 1139/1126/1139 1121/1108/1121
f 1121/1108/1121 1139/1126/1139 1140/1127/1140
f 1141/1128/1141 1127/1114/1127 1142/1129/1142
f 1142/1129/1142 1127/1114/1127 1126/1113/1126
f 1143/1130/1143 1144/1131/1144 1138/1125/1138
f 1138/1125/1138 1144/1131/1144 1008/995/1008
f 1144/1131/1144 897/879/897 565/521/565
f 1145/1132/1145 1142/1129/1142 1143/1130/1143
f 1143/1130/1143 1142/1129/1142 1144/1131/1144
f 1060/1047/1060 1025/1012/1025 1131/1118/1131
f 1131/1118/1131 1025/1012/1025 1129/1116/1129
f 1137/1124/1137 1135/1122/1135 1146/1133/1146
f 1146/1133/1146 1135/1122/1135 1147/1134/1147
f 1116/1103/1116 1134/1121/1134 1059/1046/1059
f 1059/1046/1059 1134/1121/1134 1058/1045/1058
f 1144/1131/1144 565/521/565 1008/995/1008
f 1138/1125/1138 1137/1124/1137 1143/1130/1143
f 1143/1130/1143 1137/1124/1137 1145/1132/1145
f 1145/1132/1145 1137/1124/1137 1148/1135/1148
f 1148/1135/1148 1137/1124/1137 1146/1133/1146
f 1135/1122/1135 1136/1123/1136 1147/1134/1147
f 1147/1134/1147 1136/1123/1136 1140/1127/1140
f 1140/1127/1140 1139/1126/1139 1147/1134/1147
f 1147/1134/1147 1139/1126/1139 1149/1136/1149
f 1146/1133/1146 1147/1134/1147 1132/1119/1132
f 1132/1119/1132 1147/1134/1147 1149/1136/1149
f 1129/1116/1129 1127/1114/1127 1131/1118/1131
f 1133/1120/1133 1131/1118/1131 1149/1136/1149
f 1149/1136/1149 1131/1118/1131 1132/1119/1132
f 1133/1120/1133 1149/1136/1149 1108/1095/1108
f 1108/1095/1108 1149/1136/1149 1139/1126/1139
f 1136/1123/1136 1120/1107/1120 1140/1127/1140
f 1140/1127/1140 1120/1107/1120 1121/1108/1121
f 1132/1119/1132 1141/1128/1141 1146/1133/1146
f 1146/1133/1146 1141/1128/1141 1148/1135/1148
f 1132/1119/1132 1127/1114/1127 1141/1128/1141
f 1145/1132/1145 1148/1135/1148 1142/1129/1142
f 1142/1129/1142 1148/1135/1148 1141/1128/1141
f 1142/1129/1142 1126/1113/1126 1144/1131/1144
f 1144/1131/1144 1126/1113/1126 897/879/897
f 1131/1118/1131 1133/1120/1133 1060/1047/1060
f 1060/1047/1060 1133/1120/1133 1061/1048/1061
f 1116/1103/1116 1120/1107/1120 1136/1123/1136
f 1134/1121/1134 1138/1125/1138 1058/1045/1058
f 1058/1045/1058 1138/1125/1138 1057/1044/1057
f 1139/1126/1139 1107/1094/1107 1108/1095/1108
f 1008/995/1008 1057/1044/1057 1138/1125/1138
f 1150/1137/1150 1066/1053/1066 1151/1138/1151
f 1020/1007/1020 1066/1053/1066 1150/1137/1150
f 1152/1139/1152 1071/1058/1071 1153/1140/1153
f 1153/1140/1153 1071/1058/1071 1154/1141/1154
f 1153/1140/1153 1154/1141/1154 1155/1142/1155
f 1155/1142/1155 1154/1141/1154 1156/1143/1156
f 1157/1144/1157 1158/1145/1158 1075/1062/1075
f 1075/1062/1075 1158/1145/1158 1081/1068/1081
f 1125/1112/1125 1130/1117/1130 1159/1146/1159
f 1159/1146/1159 1130/1117/1130 1160/1147/1160
f 1161/1148/1161 1156/1143/1156 1162/1149/1162
f 1162/1149/1162 1156/1143/1156 729/694/729
f 1162/1149/1162 571/527/571 617/578/617
f 1163/1150/1163 1161/1148/1161 1159/1146/1159
f 1159/1146/1159 1161/1148/1161 1162/1149/1162
f 1024/1011/1024 1164/1151/1164 1025/1012/1025
f 1025/1012/1025 1164/1151/1164 1129/1116/1129
f 1155/1142/1155 1165/1152/1165 1153/1140/1153
f 1153/1140/1153 1165/1152/1165 1166/1153/1166
f 1022/1009/1022 1154/1141/1154 1023/1010/1023
f 1023/1010/1023 1154/1141/1154 1071/1058/1071
f 729/694/729 571/527/571 1162/1149/1162
f 1163/1150/1163 1155/1142/1155 1161/1148/1161
f 1161/1148/1161 1155/1142/1155 1156/1143/1156
f 1165/1152/1165 1155/1142/1155 1167/1154/1167
f 1167/1154/1167 1155/1142/1155 1163/1150/1163
f 1153/1140/1153 1166/1153/1166 1152/1139/1152
f 1152/1139/1152 1166/1153/1166 1157/1144/1157
f 1151/1138/1151 1158/1145/1158 1166/1153/1166
f 1166/1153/1166 1158/1145/1158 1157/1144/1157
f 1151/1138/1151 1166/1153/1166 1168/1155/1168
f 1168/1155/1168 1166/1153/1166 1165/1152/1165
f 1130/1117/1130 1129/1116/1129 1164/1151/1164
f 1150/1137/1150 1151/1138/1151 1164/1151/1164
f 1164/1151/1164 1151/1138/1151 1168/1155/1168
f 1151/1138/1151 1066/1053/1066 1158/1145/1158
f 1152/1139/1152 1157/1144/1157 1076/1063/1076
f 1076/1063/1076 1157/1144/1157 1075/1062/1075
f 1167/1154/1167 1160/1147/1160 1165/1152/1165
f 1165/1152/1165 1160/1147/1160 1168/1155/1168
f 1160/1147/1160 1130/1117/1130 1168/1155/1168
f 1168/1155/1168 1130/1117/1130 1164/1151/1164
f 1160/1147/1160 1167/1154/1167 1159/1146/1159
f 1159/1146/1159 1167/1154/1167 1163/1150/1163
f 617/578/617 1125/1112/1125 1162/1149/1162
f 1162/1149/1162 1125/1112/1125 1159/1146/1159
f 1020/1007/1020 1150/1137/1150 1024/1011/1024
f 1024/1011/1024 1150/1137/1150 1164/1151/1164
f 1152/1139/1152 1076/1063/1076 1071/1058/1071
f 1021/1008/1021 1156/1143/1156 1022/1009/1022
f 1022/1009/1022 1156/1143/1156 1154/1141/1154
f 1066/1053/1066 1081/1068/1081 1158/1145/1158
f 1021/1008/1021 729/694/729 1156/1143/1156
f 1169/1156/1169 1170/1157/1170 1171/1158/1171
f 1171/1158/1171 1170/1157/1170 1172/1159/1172
f 1169/1156/1169 1171/1158/1171 1173/1160/1173
f 1173/1160/1173 1171/1158/1171 1174/1161/1174
f 1175/1162/1175 1173/1160/1173 1176/1163/1176
f 1176/1163/1176 1173/1160/1173 1174/1161/1174
f 1177/1164/1177 1178/1165/1178 1175/1162/1175
f 1175/1162/1175 1178/1165/1178 1173/1160/1173
f 1179/1166/1179 1169/1156/1169 1178/1165/1178
f 1178/1165/1178 1169/1156/1169 1173/1160/1173
f 1179/1166/1179 1180/1167/1180 1169/1156/1169
f 1169/1156/1169 1180/1167/1180 1170/1157/1170
f 1181/1168/1181 1182/1169/1182 1170/1157/1170
f 1170/1157/1170 1182/1169/1182 1172/1159/1172
f 1180/1167/1180 1183/1170/1183 1170/1157/1170
f 1170/1157/1170 1183/1170/1183 1181/1168/1181
f 1184/1156/1184 1185/1158/1185 1186/1157/1186
f 1186/1157/1186 1185/1158/1185 1187/1159/1187
f 1188/1161/1188 1185/1158/1185 1189/1160/1189
f 1189/1160/1189 1185/1158/1185 1184/1156/1184
f 1175/1162/1175 1176/1163/1176 1189/1160/1189
f 1189/1160/1189 1176/1163/1176 1188/1161/1188
f 1177/1164/1177 1175/1162/1175 1190/1165/1190
f 1190/1165/1190 1175/1162/1175 1189/1160/1189
f 1189/1160/1189 1184/1156/1184 1190/1165/1190
f 1190/1165/1190 1184/1156/1184 1191/1166/1191
f 1191/1166/1191 1184/1156/1184 1192/1167/1192
f 1192/1167/1192 1184/1156/1184 1186/1157/1186
f 1187/1159/1187 1193/1169/1193 1186/1157/1186
f 1186/1157/1186 1193/1169/1193 1194/1168/1194
f 1192/1167/1192 1186/1157/1186 1195/1170/1195
f 1195/1170/1195 1186/1157/1186 1194/1168/1194
f 1196/1171/1196 1197/1172/1197 1198/1173/1198
f 1198/1173/1198 1197/1172/1197 1199/1174/1199
f 1200/1175/1200 1197/1172/1197 1201/1176/1201
f 1201/1176/1201 1197/1172/1197 1196/1171/1196
f 1202/1177/1202 1203/1178/1203 1201/1176/1201
f 1201/1176/1201 1203/1178/1203 1200/1175/1200
f 1204/1179/1204 1202/1177/1202 1205/1180/1205
f 1205/1180/1205 1202/1177/1202 1201/1176/1201
f 1201/1176/1201 1196/1171/1196 1205/1180/1205
f 1205/1180/1205 1196/1171/1196 1206/1181/1206
f 1206/1181/1206 1196/1171/1196 1207/1182/1207
f 1207/1182/1207 1196/1171/1196 1198/1173/1198
f 1199/1174/1199 1208/1183/1208 1198/1173/1198
f 1198/1173/1198 1208/1183/1208 1209/1184/1209
f 1207/1182/1207 1198/1173/1198 1210/1185/1210
f 1210/1185/1210 1198/1173/1198 1209/1184/1209
f 1211/1171/1211 1212/1173/1212 1213/1172/1213
f 1213/1172/1213 1212/1173/1212 1214/1174/1214
f 1211/1171/1211 1213/1172/1213 1215/1176/1215
f 1215/1176/1215 1213/1172/1213 1216/1175/1216
f 1202/1177/1202 1215/1176/1215 1203/1178/1203
f 1203/1178/1203 1215/1176/1215 1216/1175/1216
f 1204/1179/1204 1217/1180/1217 1202/1177/1202
f 1202/1177/1202 1217/1180/1217 1215/1176/1215
f 1218/1181/1218 1211/1171/1211 1217/1180/1217
f 1217/1180/1217 1211/1171/1211 1215/1176/1215
f 1218/1181/1218 1219/1182/1219 1211/1171/1211
f 1211/1171/1211 1219/1182/1219 1212/1173/1212
f 1220/1184/1220 1221/1183/1221 1212/1173/1212
f 1212/1173/1212 1221/1183/1221 1214/1174/1214
f 1219/1182/1219 1222/1185/1222 1212/1173/1212
f 1212/1173/1212 1222/1185/1222 1220/1184/1220
s 0
f 1223/1186/1223 1224/1187/1223 1225/1188/1223
f 1225/1188/1223 1224/1187/1223 1226/1189/1223
f 1227/1188/1224 1228/1189/1224 1229/1190/1224
f 1229/1190/1224 1228/1189/1224 1230/1191/1224
f 1231/1190/1225 1232/1191/1225 1233/1192/1225
f 1233/1192/1225 1232/1191/1225 1234/1193/1225
f 1235/1192/1226 1236/1193/1226 1237/1194/1226
f 1237/1194/1226 1236/1193/1226 1238/1195/1226
f 1239/1187/1227 1240/1196/1227 1241/1189/1227
f 1241/1189/1227 1240/1196/1227 1242/1197/1227
f 1243/1198/1228 1244/1186/1228 1245/1199/1228
f 1245/1199/1228 1244/1186/1228 1246/1188/1228
s 1
f 1247/1200/1229 1248/1201/1230 1249/1202/1231
f 1250/1203/1232 1251/1204/1233 1252/1205/1234
f 1253/1206/1235 1254/1207/1236 1255/1208/1237
f 1256/1209/1238 1251/1204/1233 1250/1203/1232
f 1257/1210/1239 1258/1211/1240 1259/1212/1241
f 1260/1213/1242 1258/1211/1240 1257/1210/1239
f 1260/1213/1242 1261/1214/1243 1262/1215/1244
f 1263/1216/1245 1247/1200/1229 1249/1202/1231
f 1249/1202/1231 1248/1201/1230 1256/1209/1238
f 1249/1202/1231 1256/1209/1238 1250/1203/1232
f 1252/1205/1234 1254/1207/1236 1253/1206/1235
f 1250/1203/1232 1252/1205/1234 1253/1206/1235
f 1255/1208/1237 1262/1215/1244 1261/1214/1243
f 1253/1206/1235 1255/1208/1237 1261/1214/1243
f 1260/1213/1242 1257/1210/1239 1261/1214/1243
f 1264/1217/1246 1257/1210/1239 1259/1212/1241
s 0
f 1265/1212/1247 1266/1218/1248 1267/1217/1249
s 1
f 1268/1200/1250 1269/1202/1251 1270/1201/1252
f 1271/1203/1253 1272/1205/1254 1273/1204/1255
f 1274/1206/1256 1275/1208/1257 1276/1207/1258
f 1277/1209/1259 1271/1203/1253 1273/1204/1255
f 1278/1210/1260 1279/1212/1261 1280/1211/1262
s 0
f 1281/1217/1263 1282/1218/1264 1283/1212/1265
s 1
f 1284/1213/1266 1278/1210/1260 1280/1211/1262
f 1284/1213/1266 1285/1215/1267 1286/1214/1268
f 1287/1216/1269 1269/1202/1251 1268/1200/1250
f 1269/1202/1251 1277/1209/1259 1270/1201/1252
f 1269/1202/1251 1271/1203/1253 1277/1209/1259
f 1272/1205/1254 1274/1206/1256 1276/1207/1258
f 1271/1203/1253 1274/1206/1256 1272/1205/1254
f 1275/1208/1257 1286/1214/1268 1285/1215/1267
f 1274/1206/1256 1286/1214/1268 1275/1208/1257
f 1284/1213/1266 1286/1214/1268 1278/1210/1260
f 1278/1210/1260 1288/1217/1270 1279/1212/1261
f 1289/1200/1271 1290/1202/1272 1291/1201/1273
f 1292/1203/1274 1293/1205/1275 1294/1204/1276
f 1295/1206/1277 1296/1208/1278 1297/1207/1279
f 1298/1209/1280 1292/1203/1274 1294/1204/1276
f 1299/1210/1281 1300/1212/1282 1301/1211/1283
s 0
f 1302/1217/1284 1303/1218/1285 1304/1212/1286
s 1
f 1305/1213/1287 1299/1210/1281 1301/1211/1283
f 1305/1213/1287 1306/1215/1288 1307/1214/1289
f 1308/1216/1290 1290/1202/1272 1289/1200/1271
f 1290/1202/1272 1298/1209/1280 1291/1201/1273
f 1290/1202/1272 1292/1203/1274 1298/1209/1280
f 1293/1205/1275 1295/1206/1277 1297/1207/1279
f 1292/1203/1274 1295/1206/1277 1293/1205/1275
f 1296/1208/1278 1307/1214/1289 1306/1215/1288
f 1295/1206/1277 1307/1214/1289 1296/1208/1278
f 1305/1213/1287 1307/1214/1289 1299/1210/1281
f 1299/1210/1281 1309/1217/1291 1300/1212/1282
f 1310/1200/1292 1311/1201/1293 1312/1202/1294
f 1313/1203/1295 1314/1204/1296 1315/1205/1297
f 1316/1206/1298 1317/1207/1299 1318/1208/1300
f 1319/1209/1301 1314/1204/1296 1313/1203/1295
f 1320/1210/1302 1321/1211/1303 1322/1212/1304
f 1323/1213/1305 1321/1211/1303 1320/1210/1302
f 1323/1213/1305 1324/1214/1306 1325/1215/1307
f 1326/1216/1308 1310/1200/1292 1312/1202/1294
f 1312/1202/1294 1311/1201/1293 1319/1209/1301
f 1312/1202/1294 1319/1209/1301 1313/1203/1295
f 1315/1205/1297 1317/1207/1299 1316/1206/1298
f 1313/1203/1295 1315/1205/1297 1316/1206/1298
f 1318/1208/1300 1325/1215/1307 1324/1214/1306
f 1316/1206/1298 1318/1208/1300 1324/1214/1306
f 1323/1213/1305 1320/1210/1302 1324/1214/1306
f 1327/1217/1309 1320/1210/1302 1322/1212/1304
s 0
f 1328/1212/1310 1329/1218/1311 1330/1217/1312
o Body
v 0.700634 0.987656 -0.044647
v 0.697936 0.984105 -0.044692
v 0.697186 0.989678 -0.046462
v 0.695109 0.987011 -0.046926
v 0.685537 0.997117 -0.048191
v 0.688743 0.999704 -0.047329
v 0.689562 1.001300 -0.034931
v 0.686169 0.998102 -0.033422
v 0.697680 0.990239 -0.033973
v 0.695580 0.987744 -0.033097
v 0.700688 0.987956 -0.035286
v 0.698054 0.984575 -0.034616
v 0.680764 0.993474 -0.035301
v 0.692875 0.982392 -0.034436
v 0.698880 0.982783 -0.039546
v 0.692268 0.981622 -0.039266
v 0.692698 0.982123 -0.044079
v 0.679736 0.992513 -0.040526
v 0.680301 0.993093 -0.045891
v 0.701881 0.987400 -0.040090
v 0.690669 1.001930 -0.041275
v 0.698841 0.991194 -0.036007
v 0.699655 0.991782 -0.040596
v 0.698796 0.990852 -0.044923
v 0.676025 0.998241 -0.035330
v 0.683428 1.001130 -0.033262
v 0.682593 1.000130 -0.048539
v 0.685879 1.003910 -0.047502
v 0.670822 1.011970 -0.050559
v 0.675195 1.016210 -0.048935
v 0.687952 1.005600 -0.041361
v 0.676921 1.017420 -0.042774
v 0.675970 1.016640 -0.036342
v 0.686743 1.004870 -0.035236
v 0.671696 1.011960 -0.033944
v 0.665046 1.007730 -0.036322
v 0.664554 1.007170 -0.047721
v 0.675373 0.997943 -0.046654
v 0.664019 1.006380 -0.041677
v 0.674694 0.997342 -0.040985
v 0.605462 1.016490 0.069427
v 0.610830 1.020780 0.070368
v 0.603646 1.023690 0.063896
v 0.609589 1.028190 0.066094
v 0.603341 1.019420 0.058502
v 0.605866 1.011950 0.065095
v 0.611822 1.008100 0.077352
v 0.612120 1.004880 0.074717
v 0.613873 1.011480 0.077741
v 0.617094 1.028340 0.064617
v 0.617499 1.021040 0.068915
v 0.622497 1.024820 0.059282
v 0.623039 1.017710 0.064320
v 0.620645 1.010090 0.077848
v 0.624180 1.009600 0.072453
v 0.622503 1.019830 0.052570
v 0.623822 1.013250 0.059406
v 0.624365 1.006150 0.072134
v 0.619343 1.006150 0.076704
v 0.617503 1.002790 0.073152
v 0.622200 1.003300 0.069537
v 0.612751 1.009320 0.060518
v 0.619951 1.009220 0.058362
v 0.618285 1.016490 0.051054
v 0.610392 1.016790 0.053121
v 0.707498 0.974455 -0.011674
v 0.703786 0.970224 -0.013490
v 0.710608 0.970607 -0.013926
v 0.701573 0.992764 -0.020858
v 0.700957 0.992379 -0.013356
v 0.710825 0.979947 -0.014530
v 0.710434 0.978216 -0.012164
v 0.711675 0.980866 -0.019907
v 0.709223 0.979728 -0.024925
v 0.699549 0.991066 -0.027512
v 0.708212 0.977479 -0.026899
v 0.714825 0.975754 -0.019407
v 0.712094 0.975441 -0.024830
v 0.713428 0.975890 -0.014146
v 0.710787 0.969643 -0.019211
v 0.709723 0.970568 -0.024431
v 0.705633 0.973797 -0.027539
v 0.694082 0.985599 -0.029461
v 0.695504 0.987792 -0.011747
v 0.689794 0.983093 -0.013768
v 0.703340 0.969276 -0.019245
v 0.703392 0.969574 -0.025257
v 0.688849 0.981629 -0.019755
v 0.689196 0.981561 -0.026418
v 0.708648 0.981198 0.026950
v 0.709010 0.975970 0.021302
v 0.707840 0.980270 0.021382
v 0.694850 0.995536 0.018043
v 0.706430 0.978912 0.019335
v 0.691161 0.991307 0.015842
v 0.703028 0.975974 0.018076
v 0.706072 0.972887 0.020579
v 0.696844 0.996836 0.026143
v 0.706828 0.980957 0.032472
v 0.694054 0.996457 0.033914
v 0.705630 0.981088 0.034513
v 0.708386 0.977077 0.032773
v 0.711254 0.976721 0.027329
v 0.706114 0.973891 0.034646
v 0.706838 0.972377 0.027296
v 0.689543 0.993001 0.036287
v 0.702672 0.978012 0.035808
v 0.698757 0.972931 0.032883
v 0.699051 0.971018 0.026805
v 0.699430 0.972344 0.021271
v 0.684054 0.985090 0.025720
v 0.685080 0.986448 0.018757
v 0.684434 0.987565 0.032405
v -0.625859 1.076400 -0.039651
v -0.616414 1.098180 -0.018174
v -0.609128 1.090610 -0.044626
v -0.610503 1.066070 -0.053054
v -0.620418 1.074690 -0.048050
v -0.598253 1.082580 -0.051359
v -0.631037 1.082240 -0.012700
v -0.613482 1.100100 0.005115
v -0.628484 1.083120 0.010841
v -0.646059 1.062770 0.017578
v -0.641726 1.062540 0.025024
v -0.645258 1.064470 0.005050
v -0.645495 1.061410 -0.017300
v -0.639413 1.059210 -0.038841
v -0.633593 1.058780 -0.051006
v -0.623835 1.049250 -0.053322
v -0.587704 1.076340 -0.046408
v -0.585136 1.074380 -0.030710
v -0.604853 1.055640 -0.048805
v -0.608597 1.053240 -0.031812
v -0.619896 1.041730 -0.047410
v -0.637295 1.030020 -0.051601
v -0.651504 1.029090 -0.035692
v -0.659292 1.012560 -0.036483
v -0.645880 1.023490 -0.036727
v -0.658208 1.011580 -0.041801
v -0.658914 1.012390 -0.047833
v -0.644518 1.021990 -0.042962
v -0.645022 1.023330 -0.048935
v -0.649057 1.028970 -0.052224
v -0.638197 1.038980 -0.053754
v -0.644432 1.046290 -0.052521
v -0.648802 1.046440 -0.045182
v -0.654955 1.035920 -0.051146
v -0.656743 1.037100 -0.044424
v -0.656443 1.036710 -0.038069
v -0.639763 1.025880 -0.044182
v -0.632838 1.030240 -0.045962
v -0.601244 1.109170 0.004086
v -0.606088 1.108870 -0.020624
v -0.599487 1.101370 -0.042880
v -0.590034 1.092130 -0.048397
v -0.579558 1.086730 -0.039401
v -0.576338 1.086720 -0.017352
v -0.588245 1.094510 -0.048391
v -0.596972 1.104960 -0.042707
v -0.600736 1.114010 -0.021246
v -0.596915 1.113080 0.003943
v -0.587694 1.103150 0.014099
v -0.586982 1.103710 0.013969
v -0.579449 1.096160 0.013223
v -0.574586 1.093820 0.006323
v -0.577897 1.088570 0.007254
v -0.569641 1.092370 -0.016895
v -0.577599 1.089720 -0.039267
v -0.578816 1.087620 0.020039
v -0.593685 1.102820 0.023093
v -0.579449 1.096160 0.013223
v -0.586982 1.103710 0.013969
v -0.571966 1.078748 0.008136
v -0.574586 1.093820 0.006323
v -0.567365 1.071914 -0.015686
v -0.569641 1.092370 -0.016895
v -0.574153 1.076248 -0.038500
v -0.577599 1.089720 -0.039267
v -0.583675 1.083806 -0.050336
v -0.588245 1.094510 -0.048391
v -0.597747 1.096940 -0.052628
v -0.596972 1.104960 -0.042707
v -0.609572 1.110363 -0.040183
v -0.614190 1.118112 -0.013889
v -0.600736 1.114010 -0.021246
v -0.606096 1.113530 0.011358
v -0.596915 1.113080 0.003943
v -0.617662 1.081960 0.024132
v -0.607529 1.100380 0.012429
v -0.593671 1.097010 0.018322
v -0.637643 1.059060 0.028993
v -0.583901 1.072920 -0.000583
v -0.604629 1.055870 -0.004819
v -0.584017 1.063010 0.006361
v -0.580625 1.080290 0.015165
v -0.601414 1.052280 0.002293
v -0.585700 1.090250 0.020794
v 0.691933 0.988910 -0.029911
v 0.683941 1.012220 -0.022432
v 0.682754 1.011860 -0.014574
v 0.698552 0.996809 -0.020913
v 0.697703 0.996269 -0.013499
v 0.682182 1.009710 -0.029848
v 0.696724 0.994545 -0.028059
v 0.677001 1.005060 -0.031768
v 0.678149 1.006720 -0.012518
v 0.693205 0.991197 -0.011929
v 0.684033 0.986391 -0.027061
v 0.670119 1.000250 -0.028800
v 0.683819 0.986071 -0.020223
v 0.669852 1.000060 -0.021515
v 0.670903 1.001620 -0.015212
v 0.684923 0.988057 -0.013863
v -0.627612 1.039780 0.027125
v -0.633380 1.028910 0.018928
v -0.622093 1.037600 0.013928
v -0.645891 1.054320 0.028601
v -0.631392 1.047980 0.032338
v -0.641075 1.043550 0.033811
v -0.636109 1.031460 0.030072
v -0.647690 1.021740 0.030533
v -0.654422 1.030870 0.034284
v -0.649530 1.018840 0.013965
v -0.647521 1.017520 0.022560
v -0.661705 1.009160 0.015896
v -0.659873 1.007970 0.023835
v -0.628849 1.056770 0.032208
v -0.659125 1.038660 0.030556
v -0.661833 1.038100 0.022624
v -0.651820 1.052600 0.019497
v -0.660125 1.037090 0.014609
v -0.637868 1.024820 0.020591
v -0.660509 1.009900 0.031024
v -0.656893 1.026500 0.011033
v -0.604158 1.079550 0.032477
v -0.616926 1.055710 0.040042
v -0.610708 1.057280 0.043805
v -0.612087 1.048610 0.047778
v -0.618988 1.044340 0.041669
v -0.593120 1.075680 0.033985
v -0.600224 1.056880 0.043678
v -0.603790 1.047800 0.049106
v -0.593168 1.050240 0.040062
v -0.586484 1.067000 0.028515
v -0.597781 1.042350 0.045295
v -0.594822 1.044200 0.031497
v -0.586348 1.056060 0.015601
v -0.601420 1.045510 0.011206
v -0.600186 1.041140 0.025695
v -0.607973 1.039910 0.025722
v -0.601235 1.027390 0.050952
v -0.607788 1.024430 0.045601
v -0.598574 1.038180 0.039962
v -0.603632 1.035710 0.034159
v -0.613064 1.034810 0.033392
v -0.614734 1.024750 0.044126
v -0.613685 1.040240 0.026882
v -0.616337 1.042550 0.018818
v -0.620539 1.045110 0.030666
v -0.618112 1.038960 0.036391
v -0.621332 1.053420 0.035166
v -0.621404 1.028900 0.055857
v -0.609589 1.028190 0.066094
v -0.610830 1.020780 0.070368
v -0.603646 1.023690 0.063896
v -0.605462 1.016490 0.069427
v -0.603341 1.019420 0.058502
v -0.605866 1.011950 0.065095
v -0.612120 1.004880 0.074717
v -0.611822 1.008100 0.077352
v -0.613873 1.011480 0.077741
v -0.617094 1.028340 0.064617
v -0.622497 1.024820 0.059282
v -0.617499 1.021040 0.068915
v -0.623039 1.017710 0.064320
v -0.620645 1.010090 0.077848
v -0.624180 1.009600 0.072453
v -0.622503 1.019830 0.052570
v -0.623821 1.013250 0.059406
v -0.624365 1.006150 0.072134
v -0.619343 1.006150 0.076704
v -0.622200 1.003300 0.069537
v -0.617503 1.002790 0.073152
v -0.619951 1.009220 0.058362
v -0.612751 1.009320 0.060518
v -0.618285 1.016490 0.051054
v -0.610392 1.016790 0.053121
v -0.616028 1.031930 0.061815
v -0.608896 1.032160 0.063103
v -0.602728 1.027760 0.060187
v -0.621017 1.024470 0.048509
v -0.642490 1.022310 0.006133
v -0.643009 1.020960 -0.002535
v -0.637001 1.025960 -0.004253
v -0.641549 1.023290 0.012394
v -0.649995 1.032260 0.009351
v -0.650757 1.051170 0.011426
v -0.653679 1.050050 0.006253
v -0.656766 1.049920 -0.003677
v -0.652194 1.018330 -0.009951
v -0.650486 1.016050 -0.001455
v -0.660094 1.027750 0.009653
v -0.651679 1.019480 0.006359
v -0.650026 1.032420 0.008690
v -0.665722 1.035940 0.007302
v -0.667631 1.036560 -0.001062
v -0.665582 1.034970 -0.009433
v -0.664715 1.004020 0.000633
v -0.665488 1.005820 0.008428
v -0.665882 1.005350 -0.007878
v -0.660671 1.026480 -0.012063
v 0.651679 1.019480 0.006359
v 0.650486 1.016050 -0.001455
v 0.665488 1.005820 0.008428
v 0.643009 1.020960 -0.002535
v 0.652194 1.018330 -0.009951
v 0.664715 1.004020 0.000633
v 0.665882 1.005350 -0.007878
v 0.660094 1.027750 0.009653
v -0.643765 1.022060 -0.010285
v -0.643164 1.022410 -0.016341
v -0.653262 1.047580 -0.016994
v -0.654916 1.047780 -0.012750
v -0.653132 1.031600 -0.013600
v -0.640546 1.023000 -0.032231
v -0.649032 1.018890 -0.031647
v -0.648883 1.031560 -0.035039
v -0.654875 1.026280 -0.034167
v -0.642067 1.021640 -0.024240
v -0.649401 1.016780 -0.024068
v -0.656852 1.026990 -0.014606
v -0.650888 1.018050 -0.016711
v -0.653555 1.031670 -0.014431
v -0.661169 1.035600 -0.017093
v -0.660080 1.034310 -0.032233
v -0.650062 1.046050 -0.034368
v -0.662456 1.035990 -0.024899
v -0.653336 1.047510 -0.025101
v -0.648206 1.047110 -0.037479
v -0.648925 1.031960 -0.035605
v -0.640159 1.025550 -0.036605
v -0.634982 1.027610 -0.022489
v -0.624363 1.039580 -0.030327
v -0.664021 1.006160 -0.029665
v -0.664687 1.007290 -0.015065
v -0.663700 1.005920 -0.022036
v 0.650888 1.018050 -0.016711
v 0.643164 1.022410 -0.016341
v 0.649401 1.016780 -0.024068
v 0.643765 1.022060 -0.010285
v 0.653132 1.031600 -0.013600
v 0.642067 1.021640 -0.024240
v 0.649032 1.018890 -0.031647
v 0.653555 1.031670 -0.014431
v 0.679374 1.016470 -0.014561
v 0.680803 1.017450 -0.022781
v 0.678940 1.014150 -0.030434
v 0.673469 1.008760 -0.032512
v 0.674459 1.010890 -0.012160
v 0.664687 1.007290 -0.015065
v 0.663700 1.005920 -0.022036
v 0.664021 1.006160 -0.029665
v 0.684848 1.010740 -0.007693
v 0.676426 1.009380 -0.010484
v 0.681029 1.015910 -0.008348
v 0.680882 1.016490 0.009130
v 0.675479 1.010160 0.011698
v 0.684236 1.011520 0.009137
v 0.678703 1.007090 0.011615
v 0.679664 1.005750 -0.009901
v 0.671875 0.999320 -0.007212
v 0.671115 1.000150 0.008813
v 0.670668 0.998047 0.001102
v 0.685666 0.985820 0.009609
v 0.684813 0.984006 0.002178
v 0.685800 0.985091 -0.005542
v 0.682506 1.017560 0.000346
v 0.685914 1.011830 0.000854
v 0.661169 1.035600 -0.017093
v 0.653336 1.047510 -0.025101
v 0.653262 1.047580 -0.016994
v 0.609128 1.090610 -0.044626
v 0.620418 1.074690 -0.048050
v 0.598253 1.082580 -0.051359
v 0.610503 1.066070 -0.053054
v 0.645495 1.061410 -0.017300
v 0.654916 1.047780 -0.012750
v 0.645258 1.064470 0.005050
v 0.656766 1.049920 -0.003677
v 0.660671 1.026480 -0.012063
v 0.665582 1.034970 -0.009433
v 0.667631 1.036560 -0.001062
v 0.665722 1.035940 0.007302
v 0.656852 1.026990 -0.014606
v 0.662456 1.035990 -0.024899
v 0.660079 1.034310 -0.032233
v 0.639413 1.059210 -0.038841
v 0.637001 1.025960 -0.004253
v 0.634982 1.027610 -0.022489
v 0.616414 1.098180 -0.018174
v 0.613482 1.100100 0.005115
v 0.631084 1.082240 -0.012700
v 0.628484 1.083120 0.010841
v 0.625859 1.076400 -0.039651
v 0.641726 1.062540 0.025024
v 0.646059 1.062770 0.017578
v 0.633593 1.058780 -0.051006
v 0.623835 1.049250 -0.053322
v 0.608597 1.053240 -0.031812
v 0.585136 1.074380 -0.030710
v 0.604853 1.055640 -0.048805
v 0.587704 1.076340 -0.046408
v 0.654875 1.026280 -0.034167
v 0.624363 1.039580 -0.030327
v 0.698274 0.993762 0.010444
v 0.700940 0.989478 0.010727
v 0.697042 0.985830 0.012495
v 0.714725 0.973996 0.010992
v 0.711851 0.971138 0.012255
v 0.715903 0.966890 0.010105
v 0.719142 0.970119 0.009233
v 0.718224 0.969646 -0.003405
v 0.715324 0.966757 -0.003147
v 0.713864 0.973524 -0.005257
v 0.711167 0.970406 -0.006391
v 0.701163 0.988649 -0.006287
v 0.696601 0.984765 -0.008118
v 0.703512 0.989884 0.002206
v 0.717720 0.975009 0.002803
v 0.715822 0.973717 -0.003501
v 0.716578 0.974251 0.008781
v 0.721437 0.969699 0.003077
v 0.691033 0.980314 0.009923
v 0.708645 0.965990 0.010195
v 0.690258 0.978881 0.002498
v 0.708454 0.965186 0.003218
v 0.690792 0.979750 -0.005280
v 0.708233 0.965613 -0.003606
v 0.717047 0.965812 0.003297
v 0.700393 0.995058 0.002210
v 0.693882 0.989417 0.012385
v 0.693997 0.988376 -0.008620
v 0.698442 0.993320 -0.006416
v 0.648883 1.031560 -0.035039
v 0.654955 1.035920 -0.051146
v 0.656743 1.037100 -0.044424
v 0.671324 1.020280 -0.049537
v 0.673208 1.022570 -0.043128
v 0.649057 1.028970 -0.052224
v 0.667411 1.015450 -0.051189
v 0.656443 1.036710 -0.038069
v 0.671897 1.020460 -0.036469
v 0.667880 1.015480 -0.034346
v 0.651504 1.029090 -0.035692
v 0.659292 1.012560 -0.036483
v 0.645880 1.023490 -0.036727
v 0.645022 1.023330 -0.048935
v 0.658914 1.012390 -0.047833
v 0.644518 1.021990 -0.042962
v 0.658208 1.011580 -0.041801
v 0.644432 1.046290 -0.052521
v 0.638197 1.038980 -0.053754
v 0.640546 1.023000 -0.032231
v 0.650062 1.046050 -0.034368
v 0.648206 1.047110 -0.037479
v 0.648802 1.046440 -0.045182
v 0.648925 1.031960 -0.035605
v 0.640159 1.025550 -0.036605
v 0.637295 1.030020 -0.051601
v 0.639763 1.025880 -0.044181
v 0.619896 1.041730 -0.047410
v 0.632838 1.030240 -0.045962
v 0.120383 0.297484 0.048993
v 0.079876 0.236244 0.050581
v 0.117372 0.236791 0.046399
v 0.025826 0.357705 -0.075453
v 0.065036 0.356705 -0.108784
v 0.031455 0.296390 -0.074024
v 0.071930 0.296390 -0.103582
v 0.121005 0.357205 -0.103164
v 0.120579 0.297484 -0.100543
v 0.150638 0.357705 -0.076683
v 0.149733 0.297984 -0.075571
v 0.164590 0.357299 -0.023895
v 0.161336 0.297531 -0.028025
v 0.155245 0.356846 0.027853
v 0.151730 0.297578 0.022127
v 0.121245 0.355893 0.056136
v 0.077775 0.355299 0.062337
v 0.079036 0.296937 0.056394
v 0.033847 0.295390 0.025539
v 0.030344 0.354752 0.033384
v 0.018658 0.357799 -0.023505
v 0.025860 0.295437 -0.027386
v 0.148147 0.236791 0.018126
v 0.155774 0.236791 -0.028139
v 0.144005 0.236744 -0.072685
v 0.118933 0.236744 -0.090829
v 0.077506 0.236244 -0.093771
v 0.037885 0.236244 -0.071506
v 0.031448 0.236244 -0.027281
v 0.041430 0.236244 0.018630
v 0.151439 0.186440 -0.028195
v 0.143243 0.126335 0.016429
v 0.148060 0.119622 -0.028367
v 0.140733 0.186440 -0.068166
v 0.138235 0.115003 -0.065576
v 0.117629 0.185940 -0.084952
v 0.115146 0.113694 -0.081715
v 0.081912 0.185487 -0.088891
v 0.082855 0.113571 -0.084548
v 0.045458 0.185487 -0.069662
v 0.052178 0.115324 -0.066365
v 0.037592 0.184987 -0.027228
v 0.045698 0.120067 -0.025590
v 0.046441 0.185487 0.016988
v 0.053532 0.125772 0.011936
v 0.083047 0.132717 0.046356
v 0.082288 0.185487 0.047128
v 0.117424 0.186034 0.043425
v 0.116792 0.131832 0.042656
v 0.146320 0.186440 0.016731
v 0.083203 0.103888 0.047343
v 0.117050 0.103206 0.043715
v 0.056554 0.096070 0.012613
v 0.049285 0.088944 -0.024507
v 0.056229 0.083850 -0.064907
v 0.084453 0.082460 -0.084380
v 0.115193 0.082306 -0.081407
v 0.137589 0.084391 -0.065399
v 0.146510 0.088834 -0.027402
v 0.142593 0.096698 0.016041
v 0.083203 0.103888 0.047343
v 0.086293 0.126547 0.038967
v 0.117050 0.103206 0.043715
v 0.113748 0.126551 0.034213
v 0.056554 0.096070 0.012613
v 0.062049 0.123750 0.008247
v 0.049285 0.088944 -0.024507
v 0.055091 0.122426 -0.025929
v 0.056229 0.083850 -0.064907
v 0.060424 0.122542 -0.061425
v 0.084453 0.082460 -0.084380
v 0.085715 0.122256 -0.075336
v 0.115193 0.082306 -0.081407
v 0.113036 0.121193 -0.072382
v 0.137589 0.084391 -0.065399
v 0.132165 0.122164 -0.062145
v 0.146510 0.088834 -0.027402
v 0.139430 0.121897 -0.027773
v 0.142593 0.096698 0.016041
v 0.137434 0.123536 0.012480
v 0.108636 0.185478 0.014782
v 0.083515 0.186121 0.015673
v 0.058525 0.185825 -0.018339
v 0.081662 0.182200 -0.068334
v 0.103155 0.182050 -0.071748
v 0.116747 0.183658 -0.059868
v 0.128382 0.184162 -0.033740
v 0.124018 0.184776 -0.001058
v -0.596529 1.135499 -0.049601
v -0.569074 1.141766 -0.064498
v -0.579930 1.117890 -0.066541
v -0.517189 1.143464 -0.073319
v -0.446745 1.206151 -0.086351
v -0.501023 1.129518 -0.055442
v -0.425984 1.188593 -0.063804
v -0.535576 1.162676 -0.078090
v -0.473778 1.231319 -0.093256
v -0.492204 1.249737 -0.070374
v -0.553896 1.183769 -0.059154
v -0.498185 1.264259 -0.027636
v -0.560415 1.194151 -0.019482
v -0.483565 1.254814 0.015829
v -0.546749 1.184129 0.014843
v -0.464009 1.234449 0.037130
v -0.530621 1.170219 0.031974
v -0.440342 1.209244 0.031466
v -0.509664 1.147997 0.028605
v -0.423235 1.189805 0.010656
v -0.497942 1.131621 0.010850
v -0.418301 1.181919 -0.024196
v -0.493582 1.124198 -0.019425
v -0.578816 1.087620 0.020039
v -0.558515 1.106880 0.020638
v -0.593685 1.102820 0.023093
v -0.574139 1.123473 0.024455
v -0.571966 1.078748 0.008136
v -0.550375 1.096344 0.008203
v -0.546337 1.089887 -0.017290
v -0.567365 1.071914 -0.015686
v -0.574153 1.076248 -0.038500
v -0.552450 1.093291 -0.042735
v -0.583675 1.083806 -0.050336
v -0.563037 1.101820 -0.056254
v -0.597747 1.096940 -0.052628
v -0.577870 1.116516 -0.059203
v -0.609572 1.110363 -0.040183
v -0.591815 1.131413 -0.045222
v -0.597747 1.096940 -0.052628
v -0.596848 1.139922 -0.016242
v -0.614190 1.118112 -0.013889
v -0.587656 1.134879 0.011018
v -0.606096 1.113530 0.011358
v -0.575810 1.126403 0.030359
v -0.574139 1.123473 0.024455
v -0.557082 1.106680 0.025809
v -0.558515 1.106880 0.020638
v -0.550375 1.096344 0.008203
v -0.546669 1.093225 0.011391
v -0.546337 1.089887 -0.017290
v -0.542556 1.086588 -0.017804
v -0.549957 1.090178 -0.047962
v -0.552450 1.093291 -0.042735
v -0.546337 1.089887 -0.017290
v -0.563037 1.101820 -0.056254
v -0.562366 1.100530 -0.063741
v -0.579930 1.117890 -0.066541
v -0.577870 1.116516 -0.059203
v -0.596529 1.135499 -0.049601
v -0.591815 1.131413 -0.045222
v -0.602524 1.145465 -0.015770
v -0.596848 1.139922 -0.016242
v -0.591965 1.138933 0.014991
v -0.587656 1.134879 0.011018
v -0.543115 1.155506 -0.076056
v -0.524912 1.136287 -0.071851
v -0.553400 1.145046 -0.073721
v -0.579653 1.153779 -0.053352
v -0.569074 1.141766 -0.064498
v -0.596529 1.135499 -0.049601
v -0.586440 1.164508 -0.017427
v -0.602524 1.145465 -0.015770
v -0.575166 1.156849 0.014522
v -0.591965 1.138933 0.014991
v -0.575810 1.126403 0.030359
v -0.558750 1.143313 0.030461
v -0.543571 1.127193 0.028918
v -0.546669 1.093225 0.011391
v -0.527926 1.108364 0.010839
v -0.557082 1.106680 0.025809
v -0.538922 1.122470 0.027279
v -0.542556 1.086588 -0.017804
v -0.523822 1.101254 -0.018660
v -0.542556 1.086588 -0.017804
v -0.531748 1.105028 -0.050951
v -0.549957 1.090178 -0.047962
v -0.562366 1.100530 -0.063741
v -0.545797 1.116620 -0.067125
v -0.563184 1.135123 -0.070699
v -0.537834 1.162929 0.031603
v -0.558750 1.143313 0.030461
v -0.522418 1.146503 0.030755
v -0.543571 1.127193 0.028918
v -0.505539 1.125481 0.010354
v -0.517124 1.141097 0.028466
v -0.501256 1.118452 -0.019386
v -0.509208 1.123058 -0.053992
v -0.560943 1.175492 -0.057102
v -0.549686 1.162512 -0.069461
v -0.579653 1.153779 -0.053352
v -0.569074 1.141766 -0.064498
v -0.567486 1.186428 -0.018979
v -0.586440 1.164508 -0.017427
v -0.553769 1.176966 0.014146
v -0.575166 1.156849 0.014522
v -0.522418 1.146503 0.030755
v -0.549686 1.162512 -0.069461
v -0.567486 1.186428 -0.018979
v -0.560943 1.175492 -0.057102
v -0.553769 1.176966 0.014146
v -0.537835 1.162929 0.031603
v -0.569074 1.141766 -0.064498
v -0.549686 1.162512 -0.069461
v -0.553400 1.145046 -0.073721
v -0.553400 1.145046 -0.073721
v -0.549686 1.162512 -0.069461
v -0.543115 1.155506 -0.076056
v -0.569074 1.141766 -0.064498
v -0.553400 1.145046 -0.073721
v -0.563184 1.135123 -0.070699
v -0.549686 1.162512 -0.069461
v 0.021293 0.460428 -0.063147
v 0.064736 0.461288 -0.093872
v 0.118786 0.460147 -0.088197
v 0.152309 0.459647 -0.062981
v 0.163678 0.458741 -0.012694
v 0.154199 0.458569 0.038787
v 0.119595 0.458710 0.067106
v 0.073735 0.458069 0.074252
v 0.027492 0.459069 0.044271
v 0.017165 0.460022 -0.012997
v 0.116453 0.508087 -0.078050
v 0.149555 0.506282 -0.054886
v 0.065750 0.506663 -0.084431
v 0.021848 0.503284 -0.058409
v 0.120105 0.492749 0.071457
v 0.072882 0.490158 0.078104
v 0.154574 0.498265 0.044839
v 0.161841 0.504380 -0.008299
v 0.014623 0.501350 -0.008202
v 0.025697 0.495419 0.048489
v 0.009457 0.700145 -0.062859
v 0.060752 0.633221 -0.085363
v 0.014319 0.630126 -0.058473
v 0.119085 0.567017 0.088664
v 0.070418 0.563803 0.093194
v 0.119640 0.525171 0.078639
v 0.072168 0.521618 0.084382
v 0.154951 0.532101 0.050537
v 0.154424 0.570736 0.058356
v 0.163083 0.538161 -0.003902
v 0.163640 0.576707 -0.000568
v 0.117497 0.634754 -0.078216
v 0.147388 0.633616 -0.053093
v 0.117859 0.582877 -0.075178
v 0.148212 0.582653 -0.050151
v 0.013643 0.531454 -0.002489
v 0.011303 0.569967 -0.001790
v 0.018784 0.578805 -0.054738
v 0.023098 0.567768 0.062899
v 0.024983 0.527990 0.054303
v 0.062711 0.582547 -0.082147
v 0.166823 0.631869 0.000728
v 0.155512 0.624272 0.070487
v 0.118568 0.618441 0.099802
v 0.069206 0.619459 0.105924
v 0.019369 0.623232 0.070494
v 0.008523 0.627571 0.002508
v 0.056383 0.702582 -0.094288
v 0.116809 0.703341 -0.086921
v 0.147699 0.702081 -0.058108
v 0.169987 0.700234 -0.000759
v 0.179969 0.762542 0.044422
v 0.172137 0.699412 0.038994
v 0.175682 0.764020 -0.001247
v 0.162745 0.762170 0.096342
v 0.159175 0.696714 0.083594
v 0.116253 0.695093 0.116042
v 0.065401 0.695865 0.115982
v 0.016674 0.696839 0.077056
v 0.004103 0.697683 0.004748
v 0.199998 0.700594 0.055270
v 0.213879 0.702388 -0.006672
v 0.199981 0.762718 0.056925
v 0.161854 0.760980 0.104340
v 0.160386 0.699611 0.105817
v 0.124474 0.698037 0.124997
v 0.104769 0.759572 0.132786
v 0.114296 0.762026 0.122282
v 0.107142 0.706877 0.131141
v 0.162745 0.762170 0.096342
v 0.124474 0.698037 0.124997
v 0.160386 0.699611 0.105817
v 0.199998 0.700594 0.055270
v 0.179969 0.762542 0.044422
v 0.213879 0.702388 -0.006672
v 0.175682 0.764020 -0.001247
v 0.213879 0.702388 -0.006672
v 0.175682 0.764020 -0.001247
v 0.187483 0.704184 -0.057922
v 0.104769 0.759572 0.132786
v 0.107142 0.706877 0.131141
v 0.114296 0.762026 0.122282
v 0.063690 0.762005 0.120212
v 0.012667 0.762085 0.084744
v 0.002324 0.764122 0.006770
v 0.211512 0.826511 -0.006086
v 0.184996 0.827147 -0.058315
v 0.207402 0.894182 -0.004997
v 0.049873 0.828135 -0.106647
v 0.051468 0.766630 -0.102854
v 0.004350 0.828032 -0.071258
v 0.004236 0.766397 -0.067152
v -0.004055 0.825960 0.005305
v 0.062668 0.824517 0.123287
v 0.113031 0.823750 0.121571
v 0.011300 0.824906 0.097400
v 0.056281 0.794769 -0.105795
v 0.117341 0.768163 -0.093752
v 0.112855 0.883980 0.117605
v 0.062585 0.877618 0.123379
v 0.110988 0.934758 0.114049
v 0.063706 0.926569 0.120306
v 0.109816 0.968113 0.113125
v 0.064706 0.962046 0.119877
v 0.160215 0.823818 0.104877
v 0.102433 0.820381 0.134420
v 0.199867 0.826475 0.058062
v 0.211995 0.765400 -0.006757
v 0.186868 0.766550 -0.057809
v 0.125921 0.825860 -0.108799
v 0.126599 0.767527 -0.109376
v 0.074436 0.825095 -0.130263
v 0.074426 0.766613 -0.131445
v 0.072154 0.892639 -0.130938
v 0.125841 0.894155 -0.109757
v 0.181379 0.895304 -0.058770
v 0.196864 0.891229 0.058351
v 0.157109 0.886271 0.106838
v 0.100360 0.882140 0.135650
v 0.187483 0.704184 -0.057922
v 0.126830 0.705518 -0.109421
v 0.152640 0.966019 0.109538
v 0.098501 0.958323 0.138322
v 0.190161 0.972597 0.060536
v 0.201431 0.976249 -0.003064
v 0.175052 0.978221 -0.056473
v 0.122762 0.978954 -0.108813
v 0.070019 0.977238 -0.130993
v 0.075926 0.705923 -0.132419
v 0.113031 0.823750 0.121571
v 0.102433 0.820381 0.134420
v 0.098501 0.958323 0.138322
v 0.109816 0.968113 0.113125
v 0.110988 0.934758 0.114049
v 0.112855 0.883980 0.117605
v 0.100360 0.882140 0.135650
v 0.151446 0.766686 -0.060297
v 0.126830 0.705518 -0.109421
v 0.117341 0.768163 -0.093752
v 0.075926 0.705923 -0.132419
v 0.056281 0.794769 -0.105795
v 0.151446 0.766686 -0.060297
v -0.000000 0.957705 0.122963
v 0.024431 0.925681 0.119701
v 0.026855 0.959002 0.121985
v -0.010759 0.991292 -0.112888
v -0.014524 0.971147 -0.110794
v -0.000000 0.976580 -0.131106
v -0.000000 0.999065 -0.113055
v 0.048948 0.902031 -0.102988
v 0.009650 0.905911 -0.094820
v 0.031112 0.929114 -0.104704
v 0.009724 0.929621 -0.103435
v 0.007958 0.883644 -0.086575
v 0.021059 0.894082 0.113759
v 0.017167 0.872267 0.106469
v 0.006089 0.867087 -0.078950
v 0.056058 0.874193 -0.106935
v 0.014524 0.971147 -0.110794
v 0.010034 0.971829 -0.108826
v 0.010759 0.991292 -0.112888
v -0.000000 0.999065 -0.113055
v -0.000000 0.971374 -0.107962
v -0.014524 0.971147 -0.110794
v -0.010759 0.991292 -0.112888
v -0.010034 0.971829 -0.108826
v -0.000000 0.999065 -0.113055
v 0.024674 0.823721 -0.135247
v 0.023768 0.765849 -0.136377
v 0.025627 0.893182 -0.136406
v 0.024221 0.706779 -0.138262
v 0.024721 0.977028 -0.132026
v 0.012181 0.976970 -0.131136
v 0.013448 0.893038 -0.135613
v 0.016215 0.706621 -0.137835
v 0.010985 0.706496 -0.137940
v 0.015311 0.765739 -0.136021
v 0.008732 0.765657 -0.135633
v 0.014700 0.823617 -0.135009
v 0.006619 0.823583 -0.135126
v 0.003260 0.893427 -0.135236
v -0.000000 0.976580 -0.131106
v 0.024221 0.706779 -0.138262
v 0.016215 0.706621 -0.137835
v 0.010985 0.706496 -0.137940
v 0.006619 0.823583 -0.135126
v 0.056058 0.874193 -0.106935
v 0.003260 0.893427 -0.135236
v 0.048948 0.902031 -0.102988
v 0.010985 0.706496 -0.137940
v 0.056281 0.794769 -0.105795
v 0.008732 0.765657 -0.135633
v 0.049873 0.828135 -0.106647
v 0.014524 0.971147 -0.110794
v -0.000000 0.976580 -0.131106
v 0.010759 0.991292 -0.112888
v -0.000000 0.999065 -0.113055
v 0.031112 0.929114 -0.104704
v 0.100388 1.062776 0.115006
v 0.062700 1.057826 0.127151
v 0.062734 1.049216 0.127130
v 0.142465 1.102862 0.114402
v 0.094240 1.097969 0.143093
v 0.145376 1.051646 0.113331
v 0.095415 1.045386 0.140946
v 0.175551 1.109306 0.065916
v 0.179800 1.059212 0.064287
v 0.187038 1.116846 0.002806
v 0.191630 1.066526 0.000500
v 0.168587 1.069579 -0.051441
v 0.166404 1.120466 -0.048523
v 0.121178 1.120553 -0.094000
v 0.121647 1.071045 -0.101209
v 0.071579 1.120283 -0.113368
v 0.071338 1.070316 -0.121510
v 0.025476 1.120463 -0.115305
v 0.025127 1.068006 -0.122805
v 0.000000 1.120553 -0.113334
v 0.011587 1.067896 -0.121614
v -0.000000 1.067776 -0.121470
v 0.096290 1.008410 0.140322
v 0.148914 1.015393 0.111187
v 0.184339 1.022106 0.062712
v 0.195772 1.026829 -0.001759
v 0.171843 1.028826 -0.053243
v 0.121505 1.031396 -0.105531
v 0.070566 1.030149 -0.126109
v 0.025221 1.028766 -0.127993
v 0.011681 1.028656 -0.127920
v -0.000000 1.028546 -0.127346
v 0.095415 1.045386 0.140946
v 0.108463 1.012590 0.110506
v 0.096290 1.008410 0.140322
v 0.029185 1.037313 0.133604
v 0.029263 1.054836 0.134127
v 0.063503 1.098122 0.129459
v 0.029646 1.086313 0.132937
v 0.110823 1.067726 0.110681
v 0.100388 1.062776 0.115006
v 0.100775 1.062316 0.113207
v 0.110823 1.067726 0.110681
v 0.094240 1.097969 0.143093
v 0.112718 1.103792 0.110166
v 0.110823 1.067726 0.110681
v 0.095221 1.100873 0.120316
v 0.112718 1.103792 0.110166
v 0.063490 1.115959 0.127784
v 0.037797 1.126589 0.132002
v 0.040756 1.116229 0.130174
v 0.038270 1.106043 0.128227
v 0.040756 1.116229 0.130174
v 0.029703 1.115809 0.131160
v 0.000000 1.117449 0.134068
v 0.016285 1.095989 0.131394
v 0.037797 1.126589 0.132002
v 0.029656 1.099782 0.129720
v 0.029656 1.099782 0.129720
v 0.016285 1.095989 0.131394
v 0.029656 1.096532 0.129628
v -0.063315 1.099062 0.126345
v -0.063490 1.115959 0.127737
v -0.095221 1.100873 0.117648
v -0.142465 1.102862 0.114402
v -0.145376 1.051646 0.113331
v -0.094240 1.097969 0.143093
v -0.095415 1.045386 0.140946
v -0.175551 1.109306 0.065916
v -0.179800 1.059212 0.064287
v -0.187038 1.116846 0.002806
v -0.191630 1.066526 0.000500
v -0.166404 1.120466 -0.048523
v -0.168587 1.069579 -0.051441
v -0.121178 1.120553 -0.094000
v -0.121647 1.071045 -0.101209
v -0.071338 1.070316 -0.121510
v -0.071579 1.120283 -0.113368
v -0.025127 1.068006 -0.122805
v -0.025476 1.120463 -0.115305
v -0.011587 1.067896 -0.121614
v -0.148914 1.015393 0.111187
v -0.096290 1.008410 0.140322
v -0.184339 1.022106 0.062712
v -0.195772 1.026829 -0.001759
v -0.171843 1.028826 -0.053243
v -0.121505 1.031396 -0.105531
v -0.070566 1.030149 -0.126109
v -0.025221 1.028766 -0.127993
v -0.011681 1.028656 -0.127920
v -0.095415 1.045386 0.140946
v -0.108463 1.012590 0.110647
v -0.109838 1.047826 0.108262
v -0.029263 1.054836 0.133580
v -0.062700 1.057856 0.126093
v -0.028575 1.018187 0.128167
v -0.062554 1.008487 0.120670
v -0.029271 1.066786 0.133826
v -0.108463 1.012590 0.110647
v -0.109838 1.047826 0.108262
v -0.110242 1.060316 0.109078
v -0.095221 1.100873 0.117648
v -0.112671 1.103792 0.108924
v -0.112671 1.103792 0.108924
v -0.110242 1.060316 0.109078
v -0.094240 1.097969 0.143093
v -0.029656 1.096532 0.129628
v -0.029656 1.099782 0.129720
v -0.038270 1.106043 0.128227
v -0.040756 1.116229 0.130174
v -0.037797 1.126589 0.132002
v -0.038270 1.106043 0.128227
v -0.029703 1.115809 0.131160
v -0.040756 1.116229 0.130174
v -0.016760 1.096019 0.131322
v -0.029656 1.099782 0.129720
v -0.037797 1.126589 0.132002
v 0.000000 1.095259 0.132590
v -0.006455 1.095309 0.132159
v -0.016760 1.096019 0.131322
v -0.012181 0.976970 -0.131136
v -0.070019 0.977238 -0.130993
v -0.024721 0.977028 -0.132026
v -0.122762 0.978954 -0.108813
v -0.175052 0.978221 -0.056473
v -0.201431 0.976249 -0.003064
v -0.190161 0.972597 0.060536
v -0.152640 0.966019 0.109538
v -0.098501 0.958323 0.138322
v -0.096290 1.008410 0.140322
v -0.109747 0.998720 0.109137
v 0.064054 1.007967 0.120714
v 0.028409 1.005624 0.125535
v 0.108463 1.012590 0.110506
v -0.109747 0.998720 0.109137
v -0.063493 1.008517 0.118289
v -0.062554 1.008487 0.120670
v -0.000000 1.054276 0.135682
v -0.000000 1.027290 0.133106
v -0.000000 1.004714 0.125440
v -0.004387 0.957567 0.123063
v -0.005341 1.004624 0.125566
v -0.026855 0.959002 0.121985
v -0.028409 1.005624 0.123535
v 0.000000 1.075659 0.135546
v 0.063517 1.099033 0.126452
v 0.029647 1.087252 0.129886
v 0.063503 1.098122 0.129459
v 0.029646 1.086313 0.132937
v 0.000000 1.076789 0.132555
v 0.000000 1.075659 0.135546
v -0.006101 1.074769 0.132322
v -0.029272 1.067806 0.130775
v -0.029271 1.066786 0.133826
v -0.062718 1.058056 0.123520
v -0.062700 1.057856 0.126093
v -0.109838 1.047826 0.108262
v -0.028575 1.018187 0.128167
v -0.028548 1.017597 0.123866
v -0.000000 1.027290 0.133106
v -0.005529 1.024950 0.126829
v -0.000000 1.026770 0.128293
v 0.029185 1.037313 0.133604
v 0.029158 1.036463 0.128803
v 0.062734 1.049216 0.127130
v 0.062766 1.048436 0.124384
v -0.109747 0.998720 0.109137
v -0.098501 0.958323 0.138322
v -0.110816 0.968113 0.111766
v -0.109747 0.998720 0.109137
v -0.110816 0.968113 0.111766
v -0.064706 0.963046 0.118377
v 0.063517 1.099033 0.126452
v 0.038270 1.106043 0.128227
v 0.029647 1.087252 0.129886
v 0.063517 1.099033 0.126452
v 0.029656 1.096532 0.129628
v 0.016285 1.095989 0.131394
v 0.000000 1.095259 0.132590
v 0.000000 1.076789 0.132555
v -0.006101 1.074769 0.132322
v -0.006455 1.095309 0.132159
v -0.029272 1.067806 0.130775
v -0.006101 1.074769 0.132322
v -0.016760 1.096019 0.131322
v -0.006455 1.095309 0.132159
v -0.029656 1.096532 0.129628
v -0.062718 1.058056 0.123520
v -0.063315 1.099063 0.126345
v -0.109838 1.047826 0.108262
v -0.063493 1.008517 0.118289
v -0.028548 1.017597 0.123866
v -0.005529 1.024950 0.126829
v -0.000000 1.026770 0.128293
v -0.005529 1.024950 0.126829
v 0.029158 1.036463 0.128803
v 0.062766 1.048436 0.124384
v 0.100775 1.062316 0.113207
v 0.110823 1.067726 0.110681
v -0.072607 1.246567 -0.109665
v -0.022801 1.247064 -0.109758
v -0.072242 1.204447 -0.107231
v 0.029302 1.129569 0.142154
v 0.029750 1.132909 0.135091
v 0.064421 1.113929 0.135384
v 0.063490 1.115959 0.127784
v 0.093628 1.124013 0.116969
v 0.104000 1.125729 0.120058
v 0.108475 1.129102 0.110150
v 0.100915 1.315656 0.146984
v 0.094629 1.280275 0.146107
v 0.102471 1.314776 0.143920
v 0.096090 1.315159 0.145679
v 0.094629 1.280275 0.146107
v 0.100915 1.315656 0.146984
v 0.171385 1.281244 0.069327
v 0.146991 1.313746 0.116987
v 0.143755 1.281105 0.117712
v 0.102471 1.314776 0.143920
v 0.140616 1.236428 0.119020
v 0.170611 1.241197 0.069933
v 0.094629 1.280275 0.146107
v 0.093308 1.233224 0.146088
v 0.181049 1.245070 0.002575
v 0.183697 1.160069 0.004964
v 0.172550 1.153780 0.067870
v 0.140777 1.146806 0.115983
v 0.093173 1.141876 0.145105
v 0.165590 1.163509 -0.045854
v 0.123042 1.163120 -0.089226
v 0.072202 1.162543 -0.109532
v 0.025023 1.163960 -0.109827
v 0.000000 1.163550 -0.108505
v 0.092577 1.182997 0.146157
v 0.140032 1.187227 0.117205
v 0.170987 1.194424 0.068436
v 0.181869 1.201123 0.004566
v 0.164784 1.203280 -0.046369
v 0.124238 1.203771 -0.087809
v 0.072242 1.204447 -0.107231
v 0.024301 1.203424 -0.107712
v 0.000000 1.203984 -0.106772
v 0.167048 1.247607 -0.048136
v 0.126691 1.247527 -0.088029
v 0.072607 1.246567 -0.109665
v 0.022801 1.247064 -0.109758
v 0.000000 1.247274 -0.108815
v 0.098473 1.235318 0.133908
v 0.097581 1.184627 0.130973
v 0.093308 1.233224 0.146088
v 0.092577 1.182997 0.146157
v 0.096752 1.281252 0.136577
v 0.094629 1.280275 0.146107
v 0.101431 1.143562 0.124734
v 0.093173 1.141876 0.145105
v 0.104000 1.125729 0.120058
v 0.094629 1.280275 0.146107
v 0.096517 1.314736 0.136984
v 0.067335 1.282195 0.142562
v 0.069532 1.315559 0.143572
v 0.029043 1.283064 0.146823
v 0.028494 1.315841 0.148290
v 0.029721 1.235024 0.146833
v 0.066710 1.234224 0.142811
v 0.000000 1.235497 0.147717
v 0.000000 1.283018 0.147244
v 0.000000 1.315844 0.149200
v 0.066399 1.184114 0.143088
v 0.029917 1.183841 0.147819
v 0.000000 1.184048 0.147892
v 0.029582 1.141969 0.144700
v 0.064421 1.113929 0.135384
v 0.065016 1.142409 0.140766
v 0.029302 1.129569 0.142154
v 0.104000 1.125729 0.120058
v 0.029582 1.141969 0.144700
v 0.000000 1.142429 0.144838
v 0.096517 1.314736 0.136984
v 0.096752 1.281252 0.136577
v 0.098473 1.235318 0.133908
v 0.097581 1.184627 0.130973
v 0.101431 1.143562 0.124734
v 0.095221 1.109383 0.117582
v 0.094721 1.108723 0.120113
v 0.000000 1.138606 0.134884
v 0.017143 1.139439 0.135433
v 0.000000 1.148666 0.134846
v 0.108475 1.129102 0.110150
v 0.112077 1.117193 0.110881
v 0.112077 1.117193 0.110881
v 0.029750 1.132909 0.135091
v 0.029750 1.132909 0.135091
v -0.064421 1.113930 0.135384
v -0.063490 1.115959 0.127737
v -0.029302 1.130299 0.141618
v -0.029750 1.132909 0.135091
v -0.101242 1.124449 0.120152
v -0.093628 1.124013 0.116969
v -0.015034 1.137246 0.142272
v -0.019450 1.138329 0.135252
v -0.111030 1.131333 0.107563
v -0.100915 1.315656 0.146984
v -0.102471 1.314776 0.143920
v -0.094629 1.280275 0.146107
v -0.096090 1.315159 0.145679
v -0.100915 1.315656 0.146984
v -0.094629 1.280275 0.146107
v -0.146991 1.313746 0.116987
v -0.171385 1.281244 0.069327
v -0.143755 1.281105 0.117712
v -0.102471 1.314776 0.143920
v -0.170611 1.241197 0.069933
v -0.140616 1.236428 0.119020
v -0.094629 1.280275 0.146107
v -0.093308 1.233224 0.146088
v -0.181049 1.245070 0.002575
v -0.183651 1.160069 0.004964
v -0.172550 1.153780 0.067870
v -0.140777 1.146806 0.115983
v -0.093173 1.141876 0.145105
v -0.165590 1.163509 -0.045854
v -0.123042 1.163120 -0.089226
v -0.025023 1.163960 -0.109827
v -0.072202 1.162543 -0.109532
v -0.092577 1.182997 0.146157
v -0.140032 1.187227 0.117205
v -0.170987 1.194424 0.068436
v -0.181869 1.201123 0.004566
v -0.164784 1.203280 -0.046369
v -0.124238 1.203771 -0.087809
v -0.024301 1.203424 -0.107712
v -0.167048 1.247607 -0.048136
v -0.126691 1.247527 -0.088029
v -0.092577 1.182997 0.146157
v -0.097581 1.184627 0.130973
v -0.093308 1.233224 0.146088
v -0.098473 1.235318 0.133908
v -0.094629 1.280275 0.146107
v -0.096752 1.281252 0.136577
v -0.093173 1.141876 0.145105
v -0.098431 1.143562 0.123734
v -0.101242 1.124449 0.120152
v -0.094629 1.280275 0.146107
v -0.096517 1.314736 0.136984
v -0.028494 1.315841 0.148337
v -0.069532 1.315559 0.143572
v -0.029043 1.283064 0.146823
v -0.067335 1.282195 0.142562
v -0.029721 1.235024 0.147157
v -0.066710 1.234224 0.142811
v -0.019186 1.283064 0.147828
v -0.019587 1.235488 0.147290
v -0.018893 1.315871 0.149208
v -0.029917 1.183841 0.148114
v -0.066399 1.184114 0.143088
v -0.019970 1.184178 0.147789
v -0.019901 1.150176 0.147227
v -0.019774 1.150136 0.145479
v 0.000000 1.142429 0.144838
v 0.000000 1.142429 0.144838
v 0.000000 1.144876 0.142414
v -0.064421 1.113929 0.135384
v -0.029302 1.130299 0.141618
v -0.064684 1.142409 0.140182
v -0.101242 1.124449 0.120152
v -0.029582 1.141969 0.144625
v -0.015034 1.137246 0.142272
v -0.096517 1.314736 0.136984
v -0.096752 1.281252 0.136577
v -0.098473 1.235318 0.133908
v -0.097581 1.184627 0.130973
v -0.098431 1.143562 0.123734
v -0.093628 1.124013 0.116969
v -0.006921 1.138476 0.134563
v -0.016841 1.136769 0.135144
v -0.111030 1.131333 0.107563
v -0.112671 1.103792 0.108924
v -0.111030 1.131333 0.107563
v -0.029750 1.132909 0.135091
v -0.029750 1.132909 0.135091
v -0.018893 1.315871 0.149208
v -0.019186 1.283064 0.147828
v -0.019587 1.235488 0.147290
v -0.019970 1.184178 0.147789
v -0.019970 1.184178 0.147789
v -0.019774 1.150136 0.145479
v 0.000000 1.144876 0.142414
v 0.000000 1.148666 0.134846
v 0.017143 1.139439 0.135433
v 0.016550 1.136829 0.135164
v -0.016841 1.136769 0.135144
v -0.006921 1.138476 0.134563
v -0.019450 1.138329 0.135252
v 0.016550 1.136829 0.135164
v 0.029750 1.132909 0.135091
v 0.017143 1.139439 0.135433
v 0.000000 1.138606 0.134884
v 0.000000 1.138606 0.134884
v 0.094721 1.108723 0.120113
v 0.112077 1.117193 0.110881
v 0.108475 1.129102 0.110150
v 0.093628 1.124013 0.116969
v 0.112077 1.117193 0.110881
v 0.095221 1.109383 0.117582
v -0.019901 1.150176 0.147227
v -0.019970 1.184178 0.147789
v -0.019774 1.150136 0.145479
v -0.019901 1.150176 0.147227
v -0.006921 1.138476 0.134563
v -0.007128 1.144746 0.134544
v 0.000000 1.144876 0.142414
v -0.007128 1.144746 0.134544
v 0.000000 1.148666 0.134846
v -0.019450 1.138329 0.135252
v -0.006921 1.138476 0.134563
v -0.007128 1.144746 0.134544
v -0.029750 1.132909 0.135091
v -0.160215 0.823818 0.104877
v -0.199981 0.762718 0.056925
v -0.161854 0.760980 0.104340
v -0.102433 0.820381 0.134420
v -0.104769 0.759572 0.132786
v -0.199867 0.826475 0.058062
v -0.211512 0.826511 -0.006086
v -0.211995 0.765400 -0.006757
v -0.184996 0.827147 -0.058315
v -0.186868 0.766550 -0.057809
v -0.125921 0.825860 -0.108799
v -0.126599 0.767527 -0.109376
v -0.074436 0.825095 -0.130263
v -0.074426 0.766613 -0.131445
v -0.023768 0.765849 -0.136377
v -0.024674 0.823721 -0.135247
v -0.025627 0.893182 -0.136406
v -0.072154 0.892639 -0.130938
v -0.125841 0.894155 -0.109757
v -0.181379 0.895304 -0.058770
v -0.207402 0.894182 -0.004997
v -0.196864 0.891229 0.058351
v -0.157109 0.886271 0.106838
v -0.100360 0.882140 0.135650
v -0.024221 0.706779 -0.138262
v -0.075926 0.705923 -0.132419
v -0.126830 0.705518 -0.109421
v -0.187483 0.704184 -0.057922
v -0.213879 0.702388 -0.006672
v -0.199998 0.700594 0.055270
v -0.160386 0.699611 0.105817
v -0.124474 0.698037 0.124997
v -0.013448 0.893038 -0.135613
v -0.008732 0.765657 -0.135633
v -0.010985 0.706496 -0.137940
v -0.015311 0.765739 -0.136021
v -0.016215 0.706621 -0.137835
v -0.006619 0.823583 -0.135126
v -0.014700 0.823617 -0.135009
v -0.003260 0.893427 -0.135236
v -0.104769 0.759572 0.132786
v -0.113796 0.762026 0.122282
v -0.102433 0.820381 0.134420
v -0.113031 0.823750 0.121571
v -0.110988 0.934758 0.113189
v -0.107142 0.706877 0.131141
v -0.100360 0.882140 0.135650
v -0.112855 0.883980 0.116605
v -0.124474 0.698037 0.124997
v -0.162745 0.762170 0.096342
v -0.160386 0.699611 0.105817
v -0.199998 0.700594 0.055270
v -0.179969 0.762542 0.044422
v -0.213879 0.702388 -0.006672
v -0.175682 0.764020 -0.001247
v -0.187483 0.704184 -0.057922
v -0.126830 0.705518 -0.109421
v -0.151446 0.766686 -0.060297
v -0.117341 0.768163 -0.093752
v -0.075926 0.705923 -0.132419
v -0.024221 0.706779 -0.138262
v -0.056281 0.794769 -0.105795
v -0.016215 0.706621 -0.137835
v -0.213879 0.702388 -0.006672
v -0.010985 0.706496 -0.137940
v -0.006619 0.823583 -0.135126
v -0.003260 0.893427 -0.135236
v -0.056058 0.874193 -0.106935
v -0.048948 0.902031 -0.102988
v -0.010985 0.706496 -0.137940
v -0.008732 0.765657 -0.135633
v -0.049873 0.828135 -0.106647
v -0.107142 0.706877 0.131141
v -0.031112 0.929114 -0.104704
v -0.000000 0.884211 -0.078810
v -0.000000 0.866673 -0.066644
v -0.000000 0.907043 -0.092185
v -0.000000 0.930258 -0.103434
v -0.000000 0.862960 0.004169
v -0.000000 0.851135 0.059546
v -0.000000 0.860729 0.093520
v -0.048948 0.902031 -0.102988
v -0.031112 0.929114 -0.104704
v -0.009650 0.905911 -0.094820
v -0.009724 0.929621 -0.103435
v -0.007958 0.883644 -0.086575
v -0.006089 0.867087 -0.078950
v -0.024431 0.925681 0.119701
v -0.063706 0.926569 0.120306
v -0.021059 0.894082 0.113759
v -0.004236 0.766397 -0.067152
v -0.051468 0.766630 -0.102854
v -0.004350 0.828032 -0.071258
v -0.049873 0.828135 -0.106647
v 0.004055 0.825960 0.005305
v -0.002324 0.764122 0.006770
v -0.113796 0.762026 0.122282
v -0.063690 0.762005 0.120212
v -0.113031 0.823750 0.121571
v -0.062668 0.824517 0.123287
v -0.012667 0.762085 0.084744
v -0.011300 0.824906 0.097400
v -0.062585 0.877618 0.123379
v -0.056383 0.702582 -0.094288
v -0.117341 0.768163 -0.093752
v -0.116809 0.703341 -0.086921
v -0.151446 0.766686 -0.060297
v -0.147699 0.702081 -0.058108
v -0.175682 0.764020 -0.001247
v -0.169987 0.700234 -0.000759
v -0.159175 0.696714 0.083594
v -0.116253 0.695093 0.116042
v -0.162745 0.762170 0.096342
v -0.065401 0.695865 0.115982
v -0.016674 0.696839 0.077056
v -0.004103 0.697683 0.004748
v -0.009457 0.700145 -0.062859
v -0.016667 0.872267 0.106469
v -0.056058 0.874193 -0.106935
v -0.056281 0.794769 -0.105795
v -0.112855 0.883980 0.116605
v -0.110988 0.934758 0.113189
v -0.000000 0.925266 0.119872
v -0.000000 0.871578 0.105603
v -0.000000 0.894312 0.112699
v -0.001568 0.894304 0.112471
v -0.003232 0.925243 0.119920
v -0.179969 0.762542 0.044422
v -0.172137 0.699412 0.038994
v -0.175682 0.764020 -0.001247
v -0.148212 0.582653 -0.050151
v -0.166823 0.631869 0.000728
v -0.147388 0.633616 -0.053093
v -0.072168 0.521618 0.084382
v -0.070418 0.563803 0.093194
v -0.119640 0.525171 0.078639
v -0.119085 0.567017 0.088664
v -0.154951 0.532101 0.050537
v -0.154424 0.570736 0.058356
v -0.163083 0.538161 -0.003902
v -0.163640 0.576707 -0.000568
v -0.117497 0.634754 -0.078216
v -0.117859 0.582877 -0.075178
v -0.013643 0.531454 -0.002489
v -0.018784 0.578805 -0.054738
v -0.011303 0.569967 -0.001790
v -0.024983 0.527990 0.054303
v -0.023098 0.567768 0.062899
v -0.060752 0.633221 -0.085363
v -0.062711 0.582547 -0.082147
v -0.155512 0.624272 0.070487
v -0.118568 0.618441 0.099802
v -0.069206 0.619459 0.105924
v -0.019369 0.623232 0.070494
v -0.008523 0.627571 0.002508
v -0.014319 0.630126 -0.058473
v -0.119595 0.458710 0.067106
v -0.077775 0.355299 0.062337
v -0.073735 0.458069 0.074252
v -0.161841 0.504380 -0.008299
v -0.149555 0.506282 -0.054886
v -0.021848 0.503284 -0.058409
v -0.014623 0.501350 -0.008202
v -0.021293 0.460428 -0.063147
v -0.025826 0.357705 -0.075453
v -0.064736 0.461288 -0.093872
v -0.065036 0.356705 -0.108784
v -0.118786 0.460147 -0.088197
v -0.121005 0.357205 -0.103164
v -0.150638 0.357705 -0.076683
v -0.152309 0.459647 -0.062981
v -0.164590 0.357299 -0.023895
v -0.163678 0.458741 -0.012694
v -0.155245 0.356846 0.027853
v -0.154199 0.458569 0.038787
v -0.121245 0.355893 0.056136
v -0.030344 0.354752 0.033384
v -0.027492 0.459069 0.044271
v -0.017165 0.460022 -0.012997
v -0.018658 0.357799 -0.023505
v -0.116453 0.508087 -0.078050
v -0.065750 0.506663 -0.084431
v -0.025697 0.495419 0.048489
v -0.120105 0.492749 0.071457
v -0.072882 0.490158 0.078104
v -0.154574 0.498265 0.044839
v -0.031455 0.296390 -0.074024
v -0.071930 0.296390 -0.103582
v -0.120579 0.297484 -0.100543
v -0.149733 0.297984 -0.075571
v -0.161336 0.297531 -0.028025
v -0.151730 0.297578 0.022127
v -0.120383 0.297484 0.048993
v -0.079036 0.296937 0.056394
v -0.033847 0.295390 0.025539
v -0.025860 0.295437 -0.027386
v -0.148147 0.236791 0.018126
v -0.117372 0.236791 0.046399
v -0.155774 0.236791 -0.028139
v -0.144005 0.236744 -0.072685
v -0.118933 0.236744 -0.090829
v -0.077506 0.236244 -0.093771
v -0.037885 0.236244 -0.071506
v -0.031448 0.236244 -0.027281
v -0.041430 0.236244 0.018630
v -0.079876 0.236244 0.050581
v 0.073606 1.280905 -0.112847
v 0.129938 1.282011 -0.091704
v 0.172134 1.313665 0.070023
v 0.180320 1.282691 0.000758
v 0.171036 1.282127 -0.049707
v 0.180031 1.315095 -0.000746
v 0.174024 1.313648 -0.053798
v 0.000000 1.281571 -0.113034
v 0.000000 1.313945 -0.119136
v 0.021693 1.281721 -0.113495
v 0.020498 1.313895 -0.119504
v 0.133755 1.313028 -0.096477
v 0.075620 1.311974 -0.116913
v 0.027217 1.353846 0.148947
v 0.022766 1.408306 0.147629
v 0.000000 1.354316 0.149600
v -0.000583 1.410316 0.147192
v -0.172134 1.313665 0.070023
v -0.174024 1.313648 -0.053798
v -0.171036 1.282127 -0.049707
v -0.180031 1.315095 -0.000746
v -0.180320 1.282691 0.000758
v -0.020498 1.313895 -0.119504
v -0.021693 1.281721 -0.113495
v -0.133755 1.313028 -0.096477
v -0.129938 1.282011 -0.091704
v -0.073606 1.280905 -0.112847
v -0.075620 1.311974 -0.116913
v -0.009816 1.404705 0.147542
v -0.018656 1.354136 0.149687
v -0.000780 1.410489 0.148964
v 0.000000 1.432385 0.144645
v -0.007865 1.417862 0.147450
v -0.013401 1.408486 0.147025
v -0.021803 1.413289 0.145252
v -0.022953 1.407306 0.147629
v 0.000000 1.440839 0.137814
v 0.000000 1.456959 0.132885
v -0.006272 1.457416 0.132675
v 0.000000 1.503864 0.107890
v -0.013401 1.408486 0.147025
v -0.008913 1.417502 0.145193
v -0.022240 1.414179 0.146826
v -0.009927 1.404938 0.149102
v -0.013401 1.408486 0.147025
v -0.018303 1.395969 0.148078
v -0.012897 1.408492 0.148051
v -0.027404 1.353846 0.148947
v -0.018656 1.354136 0.149687
v -0.018303 1.395969 0.148078
v -0.009816 1.404705 0.147542
v -0.009927 1.404938 0.149102
v -0.008913 1.417502 0.145193
v 0.000000 1.433164 0.141185
v 0.000000 1.433165 0.141185
v -0.013401 1.408486 0.147025
v -0.022240 1.414179 0.146826
v -0.021803 1.413289 0.145252
v -0.000583 1.410316 0.147192
v -0.000780 1.410489 0.148964
v -0.018303 1.395969 0.148078
v -0.018656 1.354136 0.149687
v -0.013401 1.408486 0.147025
v -0.037592 0.184987 -0.027228
v -0.053532 0.125772 0.011936
v -0.045698 0.120067 -0.025590
v -0.138235 0.115003 -0.065576
v -0.148060 0.119622 -0.028367
v -0.140733 0.186440 -0.068166
v -0.151439 0.186440 -0.028195
v -0.115146 0.113694 -0.081715
v -0.117629 0.185940 -0.084952
v -0.082855 0.113571 -0.084548
v -0.081912 0.185487 -0.088891
v -0.045458 0.185487 -0.069662
v -0.052178 0.115324 -0.066365
v -0.046441 0.185487 0.016988
v -0.083047 0.132717 0.046356
v -0.082288 0.185487 0.047128
v -0.116792 0.131832 0.042656
v -0.117424 0.186034 0.043425
v -0.143243 0.126335 0.016429
v -0.146320 0.186440 0.016731
v -0.117050 0.103206 0.043715
v -0.083203 0.103888 0.047343
v -0.056554 0.096070 0.012613
v -0.049285 0.088944 -0.024507
v -0.056229 0.083850 -0.064907
v -0.084453 0.082460 -0.084380
v -0.115193 0.082306 -0.081407
v -0.137589 0.084391 -0.065399
v -0.146510 0.088834 -0.027402
v -0.142593 0.096698 0.016041
v -0.083203 0.103888 0.047343
v -0.117050 0.103206 0.043715
v -0.086293 0.126547 0.038967
v -0.113748 0.126551 0.034213
v -0.056554 0.096070 0.012613
v -0.062049 0.123750 0.008247
v -0.049285 0.088944 -0.024507
v -0.055091 0.122426 -0.025929
v -0.056229 0.083850 -0.064907
v -0.060424 0.122542 -0.061425
v -0.084453 0.082460 -0.084380
v -0.085715 0.122256 -0.075336
v -0.115193 0.082306 -0.081407
v -0.113036 0.121193 -0.072382
v -0.137589 0.084391 -0.065399
v -0.132165 0.122164 -0.062145
v -0.146510 0.088834 -0.027402
v -0.139430 0.121897 -0.027773
v -0.142593 0.096698 0.016041
v -0.137434 0.123536 0.012480
v -0.108636 0.185478 0.014782
v -0.083515 0.186121 0.015673
v -0.058525 0.185825 -0.018339
v -0.081662 0.182200 -0.068334
v -0.103155 0.182050 -0.071748
v -0.116747 0.183658 -0.059868
v -0.128382 0.184162 -0.033740
v -0.124018 0.184776 -0.001058
v 0.609572 1.110363 -0.040183
v 0.600648 1.114100 -0.021256
v 0.596708 1.105340 -0.042689
v 0.599487 1.101370 -0.042880
v 0.606088 1.108870 -0.020624
v 0.590034 1.092130 -0.048397
v 0.601244 1.109170 0.004086
v 0.576338 1.086720 -0.017352
v 0.579558 1.086730 -0.039401
v 0.586953 1.103730 0.013964
v 0.579449 1.096160 0.013223
v 0.587694 1.103150 0.014099
v 0.596939 1.113050 0.003943
v 0.600648 1.114100 -0.021256
v 0.596708 1.105340 -0.042689
v 0.587809 1.095100 -0.048390
v 0.577888 1.089280 -0.039287
v 0.570111 1.091980 -0.016927
v 0.574705 1.093630 0.006357
v 0.577897 1.088570 0.007254
v 0.578816 1.087620 0.020039
v 0.579449 1.096160 0.013223
v 0.593685 1.102820 0.023093
v 0.586953 1.103730 0.013964
v 0.571966 1.078748 0.008136
v 0.574705 1.093630 0.006357
v 0.567365 1.071914 -0.015686
v 0.570111 1.091980 -0.016927
v 0.574153 1.076248 -0.038500
v 0.577888 1.089280 -0.039287
v 0.583675 1.083806 -0.050336
v 0.587809 1.095100 -0.048390
v 0.597747 1.096940 -0.052628
v 0.614190 1.118112 -0.013889
v 0.606096 1.113530 0.011358
v 0.596939 1.113050 0.003943
v 0.587656 1.134879 0.011018
v 0.593685 1.102820 0.023093
v 0.606096 1.113530 0.011358
v 0.517189 1.143464 -0.073319
v 0.501023 1.129518 -0.055442
v 0.446745 1.206151 -0.086351
v 0.425984 1.188593 -0.063804
v 0.535576 1.162676 -0.078090
v 0.473778 1.231319 -0.093256
v 0.553896 1.183769 -0.059154
v 0.492204 1.249737 -0.070374
v 0.560415 1.194151 -0.019482
v 0.498185 1.264259 -0.027636
v 0.546749 1.184129 0.014843
v 0.483565 1.254814 0.015829
v 0.530621 1.170219 0.031974
v 0.464009 1.234449 0.037130
v 0.509664 1.147997 0.028605
v 0.440342 1.209244 0.031466
v 0.497942 1.131621 0.010850
v 0.423235 1.189805 0.010656
v 0.493582 1.124198 -0.019425
v 0.418301 1.181919 -0.024196
v 0.578816 1.087620 0.020039
v 0.558515 1.106880 0.020638
v 0.574139 1.123473 0.024455
v 0.571966 1.078748 0.008136
v 0.550375 1.096344 0.008203
v 0.567365 1.071914 -0.015686
v 0.546337 1.089887 -0.017290
v 0.574153 1.076248 -0.038500
v 0.552450 1.093291 -0.042735
v 0.583675 1.083806 -0.050336
v 0.563037 1.101820 -0.056254
v 0.597747 1.096940 -0.052628
v 0.577870 1.116516 -0.059203
v 0.609572 1.110363 -0.040183
v 0.597747 1.096940 -0.052628
v 0.591815 1.131413 -0.045222
v 0.614190 1.118112 -0.013889
v 0.596848 1.139922 -0.016242
v 0.558515 1.106880 0.020638
v 0.574139 1.123473 0.024455
v 0.557082 1.106680 0.025809
v 0.575810 1.126403 0.030359
v 0.550375 1.096344 0.008203
v 0.546669 1.093225 0.011391
v 0.546337 1.089887 -0.017290
v 0.542556 1.086588 -0.017804
v 0.549957 1.090178 -0.047962
v 0.552450 1.093291 -0.042735
v 0.546337 1.089887 -0.017290
v 0.563037 1.101820 -0.056254
v 0.562366 1.100530 -0.063741
v 0.591815 1.131413 -0.045222
v 0.577870 1.116516 -0.059203
v 0.596529 1.135499 -0.049601
v 0.579930 1.117890 -0.066541
v 0.596848 1.139922 -0.016242
v 0.602524 1.145465 -0.015770
v 0.587656 1.134879 0.011018
v 0.591965 1.138933 0.014991
v 0.543115 1.155506 -0.076056
v 0.553400 1.145046 -0.073721
v 0.524912 1.136287 -0.071851
v 0.596529 1.135499 -0.049601
v 0.579930 1.117890 -0.066541
v 0.569942 1.142736 -0.063592
v 0.563184 1.135123 -0.070699
v 0.586440 1.164508 -0.017427
v 0.602524 1.145465 -0.015770
v 0.579653 1.153779 -0.053352
v 0.596529 1.135499 -0.049601
v 0.575166 1.156849 0.014522
v 0.591965 1.138933 0.014991
v 0.558750 1.143313 0.030461
v 0.575810 1.126403 0.030359
v 0.543571 1.127193 0.028918
v 0.538922 1.122470 0.027279
v 0.527926 1.108364 0.010839
v 0.557082 1.106680 0.025809
v 0.546669 1.093225 0.011391
v 0.542556 1.086588 -0.017804
v 0.523822 1.101254 -0.018660
v 0.549957 1.090178 -0.047962
v 0.542556 1.086588 -0.017804
v 0.531748 1.105028 -0.050951
v 0.562366 1.100530 -0.063741
v 0.545797 1.116620 -0.067125
v 0.543571 1.127193 0.028918
v 0.558750 1.143313 0.030461
v 0.522418 1.146503 0.030755
v 0.537834 1.162929 0.031603
v 0.505539 1.125481 0.010354
v 0.517124 1.141097 0.028466
v 0.501256 1.118452 -0.019386
v 0.509208 1.123058 -0.053992
v 0.550904 1.163912 -0.068247
v 0.553400 1.145046 -0.073721
v 0.543115 1.155506 -0.076056
v 0.579653 1.153779 -0.053352
v 0.560943 1.175492 -0.057102
v 0.586440 1.164508 -0.017427
v 0.567486 1.186428 -0.018979
v 0.575166 1.156849 0.014522
v 0.553769 1.176966 0.014146
v 0.522418 1.146503 0.030755
v 0.560943 1.175492 -0.057102
v 0.550904 1.163912 -0.068247
v 0.567486 1.186428 -0.018979
v 0.553769 1.176966 0.014146
v 0.537835 1.162929 0.031603
v 0.569942 1.142736 -0.063592
v 0.550904 1.163912 -0.068247
v 0.569942 1.142736 -0.063592
v 0.563184 1.135123 -0.070699
v 0.553400 1.145046 -0.073721
v 0.569942 1.142736 -0.063592
v 0.553400 1.145046 -0.073721
v 0.550904 1.163912 -0.068247
v 0.550904 1.163912 -0.068247
v 0.569942 1.142736 -0.063592
v 0.095243 1.352763 0.146666
v 0.015154 1.408205 -0.143840
v 0.086519 1.408743 -0.142760
v 0.015993 1.408355 -0.136009
v 0.084643 1.411683 -0.131397
v 0.082571 1.513701 0.097147
v 0.085427 1.516431 0.098977
v 0.079937 1.552112 0.060705
v 0.083101 1.556002 0.061326
v 0.103686 1.520897 0.092429
v 0.099607 1.561798 0.053811
v 0.110036 1.351936 0.139420
v 0.109361 1.352633 0.143622
v 0.084168 1.489248 0.111944
v 0.086021 1.460872 0.128604
v 0.089132 1.462772 0.130646
v 0.106683 1.467768 0.123958
v 0.105290 1.408539 0.140735
v 0.131758 1.441181 0.120288
v 0.123333 1.411016 0.131476
v 0.124674 1.411473 0.124651
v 0.092201 1.407839 0.143617
v 0.131758 1.441181 0.120288
v 0.133636 1.444067 0.111309
v 0.123333 1.411016 0.131475
v 0.109361 1.352633 0.143622
v 0.102794 1.352503 0.147920
v 0.175553 1.355669 0.069458
v 0.151890 1.353356 0.112313
v 0.140610 1.364336 -0.107209
v 0.180475 1.364296 -0.063010
v 0.182152 1.361106 -0.004760
v 0.000000 1.360742 -0.128093
v 0.018728 1.361372 -0.128521
v 0.147038 1.421139 -0.119187
v 0.178416 1.412557 0.040666
v 0.110036 1.351936 0.139420
v 0.080456 1.361983 -0.125224
v 0.157303 1.411893 0.100708
v 0.124674 1.411473 0.124651
v 0.177419 1.414785 0.063618
v 0.133636 1.444067 0.111309
v 0.084643 1.411683 -0.131397
v 0.015993 1.408355 -0.136009
v 0.090262 1.407426 0.140028
v 0.093987 1.352683 0.140313
v 0.074500 1.407416 0.143606
v 0.070903 1.352909 0.144167
v 0.069488 1.461732 0.134638
v 0.017282 1.457193 0.135765
v 0.077197 1.443189 0.137229
v 0.021226 1.421532 0.146826
v 0.008681 1.445773 0.137096
v 0.016170 1.457222 0.132245
v 0.065995 1.469432 0.131157
v 0.066316 1.468872 0.129535
v 0.084168 1.489248 0.111944
v 0.090262 1.407426 0.140028
v 0.078518 1.442279 0.134996
v 0.093987 1.352683 0.140313
v 0.045305 1.509040 0.103601
v 0.082571 1.513701 0.097147
v 0.059405 1.543263 0.069811
v 0.079937 1.552112 0.060705
v 0.079540 1.461372 0.130733
v 0.086021 1.460872 0.128604
v 0.084168 1.489248 0.111944
v 0.066316 1.468872 0.129535
v 0.069770 1.461032 0.132241
v 0.021367 1.421229 0.144875
v 0.065995 1.469432 0.131157
v 0.069770 1.461032 0.132241
v 0.069488 1.461732 0.134638
v 0.078518 1.442279 0.134996
v 0.077197 1.443189 0.137229
v 0.021367 1.421229 0.144875
v 0.021226 1.421532 0.146826
v 0.084168 1.489248 0.111944
v 0.007775 1.457832 0.132664
v 0.045305 1.509040 0.103601
v 0.012484 1.503290 0.107478
v 0.059405 1.543263 0.069811
v 0.048602 1.543086 0.069921
v 0.008681 1.445773 0.137096
v 0.016170 1.457222 0.132245
v 0.000000 1.440840 0.137814
v 0.000000 1.433164 0.141185
v 0.003083 1.437168 0.139442
v 0.012484 1.503290 0.107478
v 0.007775 1.457832 0.132664
v 0.003083 1.437168 0.139442
v 0.008681 1.445773 0.137096
v 0.003083 1.437168 0.139442
v 0.412441 1.232994 0.031925
v 0.393776 1.214212 0.010513
v 0.417545 1.230847 -0.088749
v 0.397174 1.212146 -0.067440
v 0.443120 1.260359 -0.096973
v 0.462626 1.283441 -0.076297
v 0.469079 1.295046 -0.030065
v 0.455631 1.283440 0.016584
v 0.436735 1.260769 0.037987
v 0.388351 1.207812 -0.025673
v 0.408044 1.291359 0.037872
v 0.385224 1.264631 0.033009
v 0.367173 1.245332 0.011446
v 0.359328 1.235892 -0.026854
v 0.368009 1.238032 -0.071179
v 0.386206 1.257084 -0.090174
v 0.415533 1.288719 -0.099054
v 0.435152 1.311411 -0.077958
v 0.442237 1.321960 -0.030909
v 0.429259 1.311844 0.016084
v 0.645891 1.054320 0.028601
v 0.641075 1.043550 0.033811
v 0.659125 1.038660 0.030556
v 0.637643 1.059060 0.028993
v 0.649530 1.018840 0.013965
v 0.647521 1.017520 0.022559
v 0.641549 1.023290 0.012394
v 0.637868 1.024820 0.020591
v 0.661705 1.009160 0.015896
v 0.659873 1.007970 0.023835
v 0.656893 1.026500 0.011033
v 0.649995 1.032260 0.009351
v 0.660125 1.037090 0.014609
v 0.650757 1.051170 0.011426
v 0.636109 1.031460 0.030072
v 0.654422 1.030870 0.034284
v 0.647690 1.021740 0.030533
v 0.661833 1.038100 0.022624
v 0.651820 1.052600 0.019497
v 0.660509 1.009900 0.031023
v 0.653679 1.050050 0.006253
v 0.650026 1.032420 0.008690
v 0.642490 1.022310 0.006133
v 0.622093 1.037600 0.013928
v 0.633380 1.028910 0.018928
v 0.268330 1.337019 0.020155
v 0.294861 1.358255 0.048826
v 0.242970 1.364233 0.023695
v 0.206221 1.581776 -0.023593
v 0.180306 1.587133 -0.024381
v 0.203598 1.569197 0.019016
v 0.180061 1.572881 0.019807
v 0.220455 1.577120 -0.023417
v 0.219323 1.565644 0.017687
v 0.221391 1.572357 -0.023357
v 0.220206 1.562744 0.017773
v 0.141227 1.590856 -0.072919
v 0.142950 1.592543 -0.026135
v 0.180014 1.583558 -0.070225
v 0.180259 1.585113 -0.024381
v 0.206221 1.578846 -0.023593
v 0.205473 1.575071 -0.069878
v 0.231681 1.562799 -0.069074
v 0.221391 1.572357 -0.023357
v 0.231982 1.567554 -0.022857
v 0.244407 1.535903 0.024803
v 0.252333 1.544178 -0.022559
v 0.225053 1.556334 0.023634
v 0.251404 1.540605 -0.070565
v 0.142950 1.592543 -0.026135
v 0.141979 1.583694 -0.001565
v 0.154297 1.575197 0.019653
v 0.220455 1.577120 -0.023417
v 0.219323 1.565644 0.017687
v 0.206221 1.578846 -0.023593
v 0.180259 1.585113 -0.024381
v 0.206221 1.581776 -0.023593
v 0.180306 1.587133 -0.024381
v 0.203466 1.564204 0.024808
v 0.203466 1.567258 0.018647
v 0.178416 1.567670 0.027348
v 0.179416 1.571701 0.019830
v 0.142950 1.592543 -0.026135
v 0.158883 1.570097 0.027467
v 0.220206 1.562744 0.017773
v 0.154297 1.575197 0.019653
v 0.179416 1.571701 0.019830
v 0.180061 1.572881 0.019807
v 0.154297 1.575197 0.019653
v 0.203598 1.569197 0.019016
v 0.203466 1.567258 0.018647
v 0.148079 1.559326 -0.109295
v 0.172931 1.554446 -0.108357
v 0.145004 1.511235 -0.128968
v 0.165257 1.509708 -0.127565
v 0.192529 1.549137 -0.107796
v 0.191239 1.526286 0.065053
v 0.165036 1.526906 0.067642
v 0.176290 1.476778 0.094527
v 0.154406 1.474336 0.095975
v 0.210042 1.519667 0.064175
v 0.215321 1.536538 -0.107045
v 0.180645 1.504532 -0.126828
v 0.193596 1.496906 -0.126895
v 0.145494 1.454231 -0.138232
v 0.161391 1.451854 -0.137714
v 0.184304 1.452734 -0.134774
v 0.206066 1.485766 -0.126796
v 0.196459 1.473102 0.094344
v 0.267178 1.520293 -0.071317
v 0.269390 1.523129 -0.023110
v 0.260482 1.517009 0.025503
v 0.249974 1.491909 0.062602
v 0.232006 1.507277 0.063564
v 0.248404 1.501750 -0.107726
v 0.234203 1.518460 -0.106422
v 0.224244 1.465100 -0.126623
v 0.261621 1.485503 -0.106601
v 0.284611 1.498006 -0.071034
v 0.278732 1.463679 -0.107832
v 0.300298 1.478883 -0.071273
v 0.288563 1.501173 -0.023699
v 0.305580 1.482446 -0.023655
v 0.277081 1.499110 0.026821
v 0.296428 1.477850 0.027709
v 0.273371 1.468033 0.060693
v 0.245015 1.452770 0.087143
v 0.307994 1.463874 0.027148
v 0.323373 1.464456 -0.024236
v 0.289304 1.452348 0.060683
v 0.294927 1.445636 -0.107642
v 0.318090 1.461056 -0.071472
v 0.219925 1.408673 -0.131418
v 0.244539 1.439283 -0.122906
v 0.258191 1.426038 -0.121826
v 0.219700 1.462143 0.091631
v 0.161266 1.424668 0.111608
v 0.200505 1.415154 0.107462
v 0.261035 1.435413 0.084793
v 0.231402 1.423454 0.096420
v 0.175281 1.418446 0.109205
v 0.146187 1.408516 -0.141008
v 0.167641 1.408289 -0.140862
v 0.088995 1.458271 -0.141112
v 0.086519 1.408743 -0.142760
v 0.191468 1.406659 -0.138019
v 0.146187 1.408516 -0.141008
v 0.147038 1.421139 -0.119187
v 0.191468 1.406659 -0.138019
v 0.219925 1.408673 -0.131418
v 0.185652 1.449798 -0.104159
v 0.167641 1.408289 -0.140862
v 0.172797 1.444561 -0.105829
v 0.323373 1.464456 -0.024236
v 0.307994 1.463874 0.027148
v 0.310647 1.464009 -0.024043
v 0.294259 1.461766 0.024416
v 0.294927 1.445636 -0.107642
v 0.318090 1.461056 -0.071472
v 0.293548 1.459822 -0.077555
v 0.289304 1.452348 0.060683
v 0.261035 1.435413 0.084793
v 0.267916 1.452634 0.051658
v 0.236795 1.444450 0.056928
v 0.258191 1.426038 -0.121826
v 0.201738 1.443977 -0.104171
v 0.261321 1.443847 -0.103632
v 0.161266 1.424668 0.111608
v 0.133636 1.444067 0.111309
v 0.158777 1.431832 0.094879
v 0.175281 1.418446 0.109205
v 0.165300 1.425426 0.090082
v 0.231402 1.423454 0.096420
v 0.218952 1.445727 0.054840
v 0.175281 1.418446 0.109205
v 0.200505 1.415154 0.107462
v 0.174805 1.443273 0.061652
v 0.144066 1.471046 0.099699
v 0.133636 1.444067 0.111309
v 0.126145 1.566669 0.036245
v 0.142295 1.547926 0.049870
v 0.137025 1.568138 0.033770
v 0.159129 1.572360 0.030021
v 0.127108 1.565977 0.040286
v 0.137025 1.568138 0.033770
v 0.154297 1.575197 0.019653
v 0.158883 1.570097 0.027467
v 0.164817 1.528026 0.071864
v 0.142692 1.470116 0.107147
v 0.144066 1.471046 0.099699
v 0.164817 1.528026 0.071864
v 0.165036 1.526906 0.067642
v 0.127108 1.565977 0.040286
v 0.142295 1.547926 0.049870
v 0.142692 1.470116 0.107147
v 0.127108 1.565977 0.040286
v 0.126145 1.566669 0.036245
v 0.126145 1.566669 0.036245
v 0.180261 1.448720 0.052939
v 0.189573 1.448758 0.049889
v 0.422478 1.340327 -0.029395
v 0.406229 1.356243 -0.027766
v 0.401726 1.337618 0.017191
v 0.392717 1.347238 0.017900
v 0.379808 1.322463 0.040202
v 0.369045 1.336239 0.041238
v 0.354429 1.296961 0.036931
v 0.343350 1.307138 0.038741
v 0.338271 1.273552 0.014179
v 0.327622 1.282959 0.014512
v 0.342709 1.254148 -0.027474
v 0.325013 1.271082 -0.027990
v 0.369329 1.273678 -0.091649
v 0.348895 1.256025 -0.073618
v 0.355583 1.287061 -0.093784
v 0.333467 1.271586 -0.074887
v 0.397833 1.303776 -0.099140
v 0.384820 1.313956 -0.098721
v 0.416140 1.326847 -0.079026
v 0.402331 1.341071 -0.079802
v 0.377671 1.265538 -0.091359
v 0.356184 1.249835 -0.072629
v 0.406108 1.296362 -0.098881
v 0.422439 1.321611 -0.078850
v 0.420121 1.320434 0.016597
v 0.400623 1.299846 0.038383
v 0.377979 1.274314 0.033587
v 0.348058 1.264595 0.012414
v 0.356713 1.255878 0.012670
v 0.366635 1.286614 0.035245
v 0.323792 1.430246 0.021767
v 0.298797 1.457196 0.024529
v 0.298454 1.412061 0.050754
v 0.276011 1.441044 0.052079
v 0.269203 1.385975 0.051432
v 0.239958 1.415618 0.054194
v 0.214127 1.395468 0.026598
v 0.234283 1.358762 -0.025603
v 0.210596 1.387258 -0.023591
v 0.243330 1.363319 -0.086475
v 0.219377 1.391575 -0.088875
v 0.264686 1.381705 -0.104411
v 0.240661 1.407598 -0.104793
v 0.295613 1.406584 -0.105213
v 0.271880 1.430923 -0.105252
v 0.323053 1.429032 -0.080228
v 0.297706 1.454018 -0.078830
v 0.379155 1.386268 -0.027082
v 0.359208 1.410415 -0.026359
v 0.368402 1.378283 0.018826
v 0.348350 1.403146 0.019716
v 0.348434 1.360608 0.045193
v 0.324292 1.384738 0.048131
v 0.319218 1.330895 0.044171
v 0.297978 1.309913 0.016260
v 0.290906 1.302379 -0.027691
v 0.261991 1.329812 -0.026924
v 0.295831 1.308626 -0.079180
v 0.270308 1.334129 -0.082784
v 0.315251 1.326021 -0.098636
v 0.291160 1.351662 -0.101739
v 0.344942 1.352500 -0.102420
v 0.321299 1.379241 -0.104519
v 0.368845 1.376812 -0.080120
v 0.347718 1.402235 -0.080081
v 0.335599 1.437964 -0.025191
v 0.200096 1.414227 0.028053
v 0.223728 1.435144 0.053540
v 0.196726 1.403016 -0.020916
v 0.207572 1.405668 -0.089155
v 0.224424 1.424422 -0.103990
v 0.410649 1.328804 0.016703
v 0.390942 1.311423 0.039312
v 0.186697 1.415311 -0.018092
v 0.186535 1.431827 0.027259
v 0.195133 1.419906 -0.087213
v 0.183074 1.408759 -0.010385
v 0.186697 1.415311 -0.018092
v 0.180411 1.428331 0.034039
v 0.184402 1.408968 -0.070846
v 0.187583 1.428303 -0.085346
v 0.186697 1.415311 -0.018092
v 0.186535 1.431827 0.027259
v 0.187583 1.428303 -0.085346
v 0.158777 1.431832 0.094879
v 0.165300 1.425426 0.090082
v 0.174805 1.443273 0.061652
v 0.180261 1.448720 0.052939
v 0.189573 1.448758 0.049889
v 0.236795 1.444450 0.056928
v 0.218952 1.445727 0.054840
v 0.294259 1.461766 0.024416
v 0.267916 1.452634 0.051658
v 0.310647 1.464009 -0.024043
v 0.293548 1.459822 -0.077555
v 0.261321 1.443847 -0.103632
v 0.239025 1.432493 -0.106547
v 0.201738 1.443977 -0.104171
v 0.185652 1.449798 -0.104159
v 0.172797 1.444561 -0.105829
v 0.189573 1.448758 0.049889
v 0.239025 1.432493 -0.106547
v 0.185652 1.449798 -0.104159
v 0.158883 1.570097 0.027467
v 0.142912 1.585904 -0.000280
v 0.141979 1.583695 -0.001565
v -0.417545 1.230847 -0.088749
v -0.397174 1.212146 -0.067440
v -0.443120 1.260359 -0.096973
v -0.462626 1.283441 -0.076297
v -0.469079 1.295046 -0.030065
v -0.455631 1.283440 0.016584
v -0.436735 1.260769 0.037987
v -0.412441 1.232994 0.031925
v -0.393776 1.214212 0.010513
v -0.388351 1.207812 -0.025673
v -0.385224 1.264631 0.033009
v -0.408044 1.291359 0.037872
v -0.367173 1.245332 0.011446
v -0.359328 1.235892 -0.026854
v -0.368009 1.238032 -0.071179
v -0.386206 1.257084 -0.090174
v -0.415533 1.288719 -0.099054
v -0.435152 1.311411 -0.077958
v -0.442237 1.321960 -0.030909
v -0.429259 1.311844 0.016084
v -0.675479 1.010160 0.011698
v -0.684236 1.011520 0.009137
v -0.678703 1.007090 0.011615
v -0.680882 1.016490 0.009130
v -0.682506 1.017560 0.000346
v -0.681029 1.015910 -0.008348
v -0.676426 1.009380 -0.010484
v -0.684848 1.010740 -0.007693
v -0.679664 1.005750 -0.009901
v -0.671875 0.999320 -0.007212
v -0.670668 0.998047 0.001102
v -0.671115 1.000150 0.008813
v -0.685666 0.985820 0.009609
v -0.684813 0.984006 0.002178
v -0.685800 0.985091 -0.005542
v -0.685914 1.011830 0.000854
v -0.406108 1.296362 -0.098881
v -0.323370 1.464456 -0.024236
v -0.318088 1.461056 -0.071472
v -0.310647 1.464009 -0.024043
v -0.293548 1.459822 -0.077555
v -0.392717 1.347238 0.017900
v -0.406229 1.356243 -0.027766
v -0.401726 1.337618 0.017191
v -0.422478 1.340327 -0.029395
v -0.369045 1.336239 0.041238
v -0.379808 1.322463 0.040202
v -0.354429 1.296961 0.036931
v -0.343350 1.307138 0.038741
v -0.338271 1.273552 0.014179
v -0.327622 1.282959 0.014512
v -0.342709 1.254148 -0.027474
v -0.325013 1.271082 -0.027990
v -0.369329 1.273678 -0.091649
v -0.355583 1.287061 -0.093784
v -0.348895 1.256025 -0.073618
v -0.333467 1.271586 -0.074887
v -0.397833 1.303776 -0.099140
v -0.384820 1.313956 -0.098721
v -0.402331 1.341071 -0.079802
v -0.416140 1.326847 -0.079026
v -0.377671 1.265538 -0.091359
v -0.356184 1.249835 -0.072629
v -0.422439 1.321611 -0.078850
v -0.420121 1.320434 0.016597
v -0.400623 1.299846 0.038383
v -0.377979 1.274314 0.033587
v -0.348058 1.264595 0.012414
v -0.366635 1.286614 0.035245
v -0.356713 1.255878 0.012670
v -0.276011 1.441044 0.052079
v -0.298797 1.457196 0.024529
v -0.298454 1.412061 0.050754
v -0.323792 1.430246 0.021767
v -0.239958 1.415618 0.054194
v -0.269203 1.385975 0.051432
v -0.242970 1.364233 0.023695
v -0.214127 1.395468 0.026598
v -0.234283 1.358762 -0.025603
v -0.210596 1.387258 -0.023591
v -0.240661 1.407598 -0.104793
v -0.219377 1.391575 -0.088875
v -0.264686 1.381705 -0.104411
v -0.243330 1.363319 -0.086475
v -0.295613 1.406584 -0.105213
v -0.271880 1.430923 -0.105252
v -0.297706 1.454018 -0.078830
v -0.323053 1.429032 -0.080228
v -0.348350 1.403146 0.019716
v -0.359208 1.410415 -0.026359
v -0.368402 1.378283 0.018826
v -0.379155 1.386268 -0.027082
v -0.324292 1.384738 0.048131
v -0.347934 1.360608 0.045193
v -0.319218 1.330895 0.044171
v -0.294861 1.358255 0.048826
v -0.297978 1.309913 0.016260
v -0.268330 1.337019 0.020155
v -0.290906 1.302379 -0.027691
v -0.261991 1.329812 -0.026924
v -0.291160 1.351662 -0.101739
v -0.270308 1.334129 -0.082784
v -0.315251 1.326021 -0.098636
v -0.295831 1.308626 -0.079180
v -0.344942 1.352500 -0.102420
v -0.321299 1.379241 -0.104519
v -0.347718 1.402235 -0.080081
v -0.368845 1.376812 -0.080120
v -0.335599 1.437964 -0.025191
v -0.410649 1.328804 0.016703
v -0.390942 1.311423 0.039312
v -0.294259 1.461766 0.024416
v -0.310647 1.464009 -0.024043
v -0.293548 1.459822 -0.077555
v -0.126145 1.566669 0.036245
v -0.137025 1.568138 0.033770
v -0.142295 1.547926 0.049870
v 0.017932 1.458724 -0.140923
v 0.015154 1.408205 -0.143840
v -0.000000 1.408238 -0.143210
v 0.000000 1.458467 -0.140654
v 0.092859 1.511929 -0.130474
v 0.020559 1.512334 -0.132249
v 0.000000 1.513327 -0.132863
v -0.000000 1.408238 -0.143210
v 0.000000 1.408598 -0.135464
v 0.000000 1.408598 -0.135464
v -0.172931 1.554446 -0.108357
v -0.180014 1.583558 -0.070225
v -0.148079 1.559326 -0.109295
v -0.141227 1.590856 -0.072919
v -0.165257 1.509708 -0.127565
v -0.145004 1.511235 -0.128968
v -0.015154 1.408205 -0.143840
v -0.086519 1.408743 -0.142760
v -0.017932 1.458724 -0.140923
v -0.088995 1.458271 -0.141112
v -0.192529 1.549137 -0.107796
v -0.205473 1.575071 -0.069878
v -0.191239 1.526286 0.065053
v -0.176290 1.476778 0.094527
v -0.165036 1.526906 0.067642
v -0.154406 1.474336 0.095975
v -0.203466 1.564204 0.024808
v -0.178416 1.567670 0.027348
v -0.225053 1.556334 0.023634
v -0.210042 1.519667 0.064175
v -0.193596 1.496906 -0.126895
v -0.215321 1.536538 -0.107045
v -0.180645 1.504532 -0.126828
v -0.231681 1.562799 -0.069074
v -0.092859 1.511929 -0.130474
v -0.020559 1.512334 -0.132249
v -0.145494 1.454231 -0.138232
v -0.161391 1.451854 -0.137714
v -0.184304 1.452734 -0.134774
v -0.206066 1.485766 -0.126796
v -0.196459 1.473102 0.094344
v -0.251404 1.540605 -0.070565
v -0.267178 1.520293 -0.071317
v -0.252333 1.544178 -0.022559
v -0.269390 1.523129 -0.023110
v -0.260482 1.517009 0.025503
v -0.244407 1.535903 0.024803
v -0.232006 1.507277 0.063564
v -0.249974 1.491909 0.062602
v -0.234203 1.518460 -0.106422
v -0.248404 1.501750 -0.107726
v -0.224244 1.465100 -0.126623
v -0.300296 1.478883 -0.071273
v -0.284611 1.498006 -0.071034
v -0.278731 1.463679 -0.107832
v -0.261621 1.485503 -0.106601
v -0.288563 1.501173 -0.023699
v -0.305578 1.482446 -0.023655
v -0.277081 1.499110 0.026821
v -0.296426 1.477850 0.027709
v -0.273371 1.468033 0.060693
v -0.245015 1.452770 0.087143
v -0.323370 1.464456 -0.024236
v -0.307993 1.463874 0.027148
v -0.289304 1.452348 0.060683
v -0.294926 1.445636 -0.107642
v -0.318088 1.461056 -0.071472
v -0.219925 1.408673 -0.131418
v -0.244539 1.439283 -0.122906
v -0.258191 1.426038 -0.121826
v -0.219700 1.462143 0.091631
v -0.161266 1.424668 0.111608
v -0.200505 1.415154 0.107462
v -0.261035 1.435413 0.084793
v -0.231402 1.423454 0.096420
v -0.175281 1.418446 0.109205
v -0.146187 1.408516 -0.141008
v -0.167641 1.408289 -0.140862
v -0.191468 1.406659 -0.138019
v -0.086519 1.408743 -0.142760
v -0.084643 1.411683 -0.131397
v -0.146187 1.408516 -0.141008
v -0.147038 1.421139 -0.119187
v -0.015154 1.408205 -0.143840
v -0.015993 1.408355 -0.136009
v -0.191468 1.406659 -0.138019
v -0.185652 1.449798 -0.104159
v -0.219925 1.408673 -0.131418
v -0.167641 1.408289 -0.140862
v -0.172797 1.444561 -0.105829
v -0.307993 1.463874 0.027148
v -0.294259 1.461766 0.024416
v -0.294926 1.445636 -0.107642
v -0.289304 1.452348 0.060683
v -0.267916 1.452634 0.051658
v -0.261035 1.435413 0.084793
v -0.236795 1.444450 0.056928
v -0.201738 1.443977 -0.104171
v -0.258191 1.426038 -0.121826
v -0.261321 1.443847 -0.103632
v -0.161266 1.424668 0.111608
v -0.158777 1.431832 0.094879
v -0.133636 1.444067 0.111309
v -0.175281 1.418446 0.109205
v -0.165300 1.425426 0.090082
v -0.231402 1.423454 0.096420
v -0.218952 1.445727 0.054840
v -0.174805 1.443273 0.061652
v -0.200505 1.415154 0.107462
v -0.175281 1.418446 0.109205
v -0.133636 1.444067 0.111309
v -0.144066 1.471046 0.099699
v -0.158883 1.570097 0.027467
v -0.159129 1.572360 0.030021
v -0.137025 1.568138 0.033770
v -0.127108 1.565977 0.040286
v -0.082571 1.513701 0.097147
v -0.079937 1.552112 0.060705
v -0.085427 1.516431 0.098977
v -0.083101 1.556002 0.061326
v -0.141979 1.583695 -0.001565
v -0.154297 1.575197 0.019653
v -0.142912 1.585904 -0.000280
v -0.103686 1.520897 0.092429
v -0.099607 1.561798 0.053811
v -0.164817 1.528026 0.071864
v -0.110036 1.351936 0.139420
v -0.109361 1.352633 0.143622
v -0.084168 1.489248 0.111944
v -0.089132 1.462772 0.130646
v -0.086021 1.460872 0.128604
v -0.106683 1.467768 0.123958
v -0.142692 1.470116 0.107147
v -0.164817 1.528026 0.071864
v -0.144066 1.471046 0.099699
v -0.165036 1.526906 0.067642
v -0.142295 1.547926 0.049870
v -0.127108 1.565977 0.040286
v -0.142692 1.470116 0.107147
v -0.127108 1.565977 0.040286
v -0.131758 1.441181 0.120288
v -0.105290 1.408539 0.140735
v -0.123333 1.411016 0.131476
v -0.124674 1.411473 0.124651
v -0.092201 1.407839 0.143617
v -0.131758 1.441181 0.120288
v -0.133636 1.444067 0.111309
v -0.123333 1.411016 0.131475
v -0.102794 1.352503 0.147920
v -0.109361 1.352633 0.143622
v -0.095243 1.352763 0.146666
v -0.126145 1.566669 0.036245
v -0.126145 1.566669 0.036245
v -0.180261 1.448720 0.052939
v -0.189573 1.448758 0.049889
v -0.200096 1.414227 0.028053
v -0.223728 1.435144 0.053540
v -0.196726 1.403016 -0.020916
v -0.224424 1.424422 -0.103990
v -0.207572 1.405668 -0.089155
v -0.186535 1.431827 0.027259
v -0.186697 1.415311 -0.018092
v -0.195133 1.419906 -0.087213
v -0.183074 1.408759 -0.010385
v -0.180411 1.428331 0.034039
v -0.186697 1.415311 -0.018092
v -0.175553 1.355669 0.069458
v -0.151890 1.353356 0.112313
v -0.180475 1.364296 -0.063010
v -0.140610 1.364336 -0.107209
v -0.182152 1.361106 -0.004760
v -0.018728 1.361372 -0.128521
v -0.147038 1.421139 -0.119187
v -0.184402 1.408968 -0.070846
v -0.178416 1.412557 0.040666
v -0.110036 1.351936 0.139420
v -0.080456 1.361983 -0.125224
v -0.187583 1.428303 -0.085346
v -0.186697 1.415311 -0.018092
v -0.124674 1.411473 0.124651
v -0.157303 1.411893 0.100708
v -0.177419 1.414785 0.063618
v -0.186535 1.431827 0.027259
v -0.187583 1.428303 -0.085346
v -0.133636 1.444067 0.111309
v -0.158777 1.431832 0.094879
v -0.165300 1.425426 0.090082
v -0.174805 1.443273 0.061652
v -0.180261 1.448720 0.052939
v -0.189573 1.448758 0.049889
v -0.236795 1.444450 0.056928
v -0.218952 1.445727 0.054840
v -0.267916 1.452634 0.051658
v -0.261321 1.443847 -0.103632
v -0.239025 1.432493 -0.106547
v -0.201738 1.443977 -0.104171
v -0.185652 1.449798 -0.104159
v -0.172797 1.444561 -0.105829
v -0.084643 1.411683 -0.131397
v -0.015993 1.408355 -0.136009
v -0.189573 1.448758 0.049889
v -0.239025 1.432493 -0.106547
v -0.185652 1.449798 -0.104159
v -0.090262 1.407426 0.140028
v -0.093987 1.352683 0.140313
v -0.070903 1.352909 0.144167
v -0.074500 1.407416 0.143606
v -0.017304 1.457463 0.135671
v -0.069884 1.461732 0.134638
v -0.016170 1.457222 0.133245
v -0.065995 1.469432 0.131157
v -0.084168 1.489248 0.111944
v -0.066316 1.468872 0.129535
v -0.076507 1.447332 0.135649
v -0.090262 1.407426 0.140028
v -0.093987 1.352683 0.140313
v -0.158883 1.570097 0.027467
v -0.045305 1.509040 0.103601
v -0.059405 1.543263 0.069811
v -0.082571 1.513701 0.097147
v -0.079937 1.552112 0.060705
v -0.079540 1.461372 0.130733
v -0.084168 1.489248 0.111944
v -0.086021 1.460872 0.128604
v -0.070166 1.461032 0.132241
v -0.066316 1.468872 0.129535
v -0.065995 1.469432 0.131157
v -0.070166 1.461032 0.132241
v -0.069884 1.461732 0.134638
v -0.076608 1.448432 0.137682
v -0.076507 1.447332 0.135648
v -0.084168 1.489248 0.111944
v -0.076608 1.448432 0.137682
v -0.016949 1.503540 0.107376
v -0.045305 1.509040 0.103601
v -0.016170 1.457222 0.133245
v -0.016949 1.503540 0.107376
v -0.059405 1.543263 0.069811
v -0.048602 1.543086 0.069921
v -0.006272 1.457416 0.132675
v -0.206221 1.581776 -0.023593
v -0.203598 1.569197 0.019016
v -0.180306 1.587133 -0.024381
v -0.180061 1.572881 0.019807
v -0.220206 1.562744 0.017773
v -0.219323 1.565644 0.017687
v -0.221391 1.572357 -0.023357
v -0.220455 1.577120 -0.023417
v -0.180259 1.585113 -0.024381
v -0.142950 1.592543 -0.026135
v -0.206221 1.578846 -0.023593
v -0.231982 1.567554 -0.022857
v -0.221391 1.572357 -0.023357
v -0.141979 1.583694 -0.001565
v -0.142950 1.592543 -0.026135
v -0.154297 1.575197 0.019653
v -0.219323 1.565644 0.017687
v -0.220455 1.577120 -0.023417
v -0.206221 1.578846 -0.023593
v -0.206221 1.581776 -0.023593
v -0.180259 1.585113 -0.024381
v -0.180306 1.587133 -0.024381
v -0.179416 1.571701 0.019830
v -0.203466 1.567258 0.018647
v -0.220206 1.562744 0.017773
v -0.142950 1.592543 -0.026135
v -0.154297 1.575197 0.019653
v -0.179416 1.571701 0.019830
v -0.154297 1.575197 0.019653
v -0.180061 1.572881 0.019807
v -0.203598 1.569197 0.019016
v -0.203466 1.567258 0.018647
v -0.158883 1.570097 0.027467
v -0.671324 1.020280 -0.049537
v -0.673208 1.022570 -0.043128
v -0.667411 1.015450 -0.051189
v -0.675195 1.016210 -0.048935
v -0.670822 1.011970 -0.050559
v -0.676921 1.017420 -0.042774
v -0.671897 1.020460 -0.036469
v -0.675970 1.016640 -0.036342
v -0.667879 1.015480 -0.034346
v -0.671696 1.011960 -0.033944
v -0.664019 1.006380 -0.041677
v -0.664554 1.007170 -0.047721
v -0.665046 1.007730 -0.036322
v -0.676025 0.998241 -0.035330
v -0.674694 0.997342 -0.040985
v -0.675373 0.997943 -0.046654
v 0.667614 1.003160 0.031563
v 0.667135 1.001230 0.024240
v 0.679444 0.993281 0.032311
v 0.668935 1.002420 0.016845
v 0.678485 0.991302 0.025361
v 0.679921 0.991774 0.018296
v 0.674922 1.007750 0.013735
v 0.688419 0.995036 0.015384
v 0.671609 1.011530 0.012820
v 0.679158 1.014960 0.033057
v 0.690774 1.000810 0.033743
v 0.681510 1.015650 0.024576
v 0.693099 1.001800 0.025713
v 0.675358 1.019460 0.033053
v 0.677823 1.021440 0.024179
v 0.676523 1.018290 0.015571
v 0.679653 1.013720 0.016374
v 0.691650 0.999386 0.017640
v 0.670485 1.013050 0.035636
v 0.674271 1.009120 0.035561
v 0.687130 0.996314 0.036133
v -0.697186 0.989678 -0.046462
v -0.698796 0.990852 -0.044923
v -0.688743 0.999704 -0.047329
v -0.700634 0.987656 -0.044647
v -0.697936 0.984105 -0.044692
v -0.695109 0.987011 -0.046926
v -0.685537 0.997117 -0.048191
v -0.695580 0.987744 -0.033097
v -0.686169 0.998102 -0.033422
v -0.697680 0.990239 -0.033973
v -0.689562 1.001300 -0.034931
v -0.700688 0.987956 -0.035286
v -0.698054 0.984575 -0.034616
v -0.680764 0.993474 -0.035301
v -0.692875 0.982392 -0.034436
v -0.692268 0.981622 -0.039266
v -0.698880 0.982783 -0.039546
v -0.692698 0.982123 -0.044079
v -0.680301 0.993093 -0.045891
v -0.679736 0.992513 -0.040526
v -0.701881 0.987400 -0.040091
v -0.690669 1.001930 -0.041275
v -0.698841 0.991194 -0.036007
v -0.699655 0.991782 -0.040596
v -0.685878 1.003910 -0.047502
v -0.682593 1.000130 -0.048539
v -0.687952 1.005600 -0.041361
v -0.686743 1.004870 -0.035236
v -0.683428 1.001130 -0.033262
v 0.617662 1.081960 0.024132
v 0.631392 1.047980 0.032338
v 0.627612 1.039780 0.027125
v 0.607529 1.100380 0.012429
v 0.593671 1.097010 0.018322
v 0.628849 1.056770 0.032208
v 0.604629 1.055870 -0.004819
v 0.583901 1.072920 -0.000583
v 0.601414 1.052280 0.002293
v 0.580625 1.080290 0.015165
v 0.584017 1.063010 0.006361
v 0.585700 1.090250 0.020794
v 0.601420 1.045510 0.011206
v 0.607973 1.039910 0.025722
v 0.600186 1.041140 0.025695
v 0.604158 1.079550 0.032477
v 0.610708 1.057280 0.043805
v 0.616926 1.055710 0.040042
v 0.612087 1.048610 0.047778
v 0.618988 1.044340 0.041669
v 0.621404 1.028900 0.055857
v 0.616028 1.031930 0.061815
v 0.593120 1.075680 0.033985
v 0.600224 1.056880 0.043678
v 0.603790 1.047800 0.049106
v 0.608896 1.032160 0.063103
v 0.593168 1.050240 0.040062
v 0.586484 1.067000 0.028515
v 0.597781 1.042350 0.045295
v 0.602728 1.027760 0.060187
v 0.586348 1.056060 0.015601
v 0.594822 1.044200 0.031497
v 0.603632 1.035710 0.034159
v 0.607787 1.024430 0.045601
v 0.598574 1.038180 0.039962
v 0.601235 1.027390 0.050952
v 0.613064 1.034810 0.033392
v 0.614734 1.024750 0.044126
v 0.616337 1.042550 0.018818
v 0.613685 1.040240 0.026882
v 0.620539 1.045110 0.030666
v 0.618112 1.038960 0.036391
v 0.621017 1.024470 0.048509
v 0.621332 1.053420 0.035166
v -0.708212 0.977479 -0.026899
v -0.712094 0.975441 -0.024830
v -0.709223 0.979728 -0.024925
v -0.701573 0.992764 -0.020858
v -0.711675 0.980866 -0.019907
v -0.710825 0.979947 -0.014530
v -0.714825 0.975754 -0.019407
v -0.713428 0.975890 -0.014146
v -0.710787 0.969643 -0.019211
v -0.710607 0.970607 -0.013926
v -0.709723 0.970568 -0.024431
v -0.705633 0.973797 -0.027539
v -0.699549 0.991066 -0.027512
v -0.694082 0.985599 -0.029461
v -0.700957 0.992379 -0.013356
v -0.710434 0.978216 -0.012164
v -0.695504 0.987792 -0.011747
v -0.707498 0.974455 -0.011674
v -0.703786 0.970224 -0.013490
v -0.689794 0.983093 -0.013768
v -0.703340 0.969276 -0.019245
v -0.703392 0.969574 -0.025257
v -0.688849 0.981629 -0.019755
v -0.689196 0.981561 -0.026418
v -0.719142 0.970119 0.009233
v -0.715903 0.966890 0.010105
v -0.714725 0.973996 0.010992
v -0.711851 0.971138 0.012255
v -0.697042 0.985830 0.012495
v -0.700940 0.989478 0.010727
v -0.718224 0.969646 -0.003405
v -0.713864 0.973524 -0.005257
v -0.715324 0.966757 -0.003147
v -0.711167 0.970406 -0.006391
v -0.701163 0.988649 -0.006287
v -0.696601 0.984765 -0.008118
v -0.715822 0.973717 -0.003501
v -0.717720 0.975009 0.002803
v -0.703512 0.989884 0.002206
v -0.721437 0.969699 0.003077
v -0.716578 0.974251 0.008781
v -0.708233 0.965613 -0.003606
v -0.690792 0.979750 -0.005280
v -0.717047 0.965812 0.003297
v -0.708454 0.965186 0.003218
v -0.708645 0.965990 0.010195
v -0.690258 0.978881 0.002498
v -0.691033 0.980314 0.009923
v -0.700393 0.995058 0.002210
v -0.698274 0.993762 0.010444
v -0.693882 0.989417 0.012385
v -0.698442 0.993320 -0.006416
v -0.693997 0.988376 -0.008620
v -0.670119 1.000250 -0.028800
v -0.678940 1.014150 -0.030434
v -0.680803 1.017450 -0.022781
v -0.679374 1.016470 -0.014561
v -0.673469 1.008760 -0.032512
v -0.683941 1.012220 -0.022432
v -0.682754 1.011860 -0.014574
v -0.682182 1.009710 -0.029848
v -0.698552 0.996809 -0.020913
v -0.697703 0.996269 -0.013499
v -0.696724 0.994545 -0.028059
v -0.691933 0.988910 -0.029911
v -0.677001 1.005060 -0.031768
v -0.674459 1.010890 -0.012160
v -0.678149 1.006720 -0.012518
v -0.693205 0.991197 -0.011929
v -0.684033 0.986391 -0.027061
v -0.683819 0.986071 -0.020223
v -0.669852 1.000060 -0.021515
v -0.684923 0.988057 -0.013863
v -0.670903 1.001620 -0.015212
v -0.679653 1.013720 0.016374
v -0.681510 1.015650 0.024576
v -0.676523 1.018290 0.015571
v -0.667135 1.001230 0.024240
v -0.667614 1.003160 0.031563
v -0.668935 1.002420 0.016845
v -0.679921 0.991774 0.018296
v -0.678485 0.991302 0.025361
v -0.679444 0.993281 0.032311
v -0.674922 1.007750 0.013735
v -0.671609 1.011530 0.012820
v -0.675358 1.019460 0.033053
v -0.677823 1.021440 0.024179
v -0.679158 1.014960 0.033057
v -0.670485 1.013050 0.035636
v -0.674271 1.009120 0.035561
v -0.691650 0.999386 0.017640
v -0.703028 0.975973 0.018076
v -0.706430 0.978912 0.019335
v -0.691161 0.991307 0.015842
v -0.694850 0.995536 0.018043
v -0.706072 0.972887 0.020579
v -0.709010 0.975970 0.021302
v -0.694054 0.996457 0.033914
v -0.696844 0.996836 0.026143
v -0.705630 0.981088 0.034513
v -0.706828 0.980957 0.032472
v -0.708386 0.977077 0.032773
v -0.708648 0.981198 0.026950
v -0.707840 0.980270 0.021382
v -0.711254 0.976721 0.027329
v -0.706838 0.972377 0.027296
v -0.706114 0.973891 0.034646
v -0.689543 0.993001 0.036287
v -0.702672 0.978012 0.035808
v -0.698757 0.972931 0.032883
v -0.699051 0.971018 0.026805
v -0.699430 0.972344 0.021271
v -0.685080 0.986448 0.018757
v -0.684054 0.985090 0.025720
v -0.684434 0.987565 0.032405
v -0.688419 0.995036 0.015384
v -0.693099 1.001800 0.025713
v -0.690774 1.000810 0.033743
v -0.687130 0.996314 0.036133
v -0.020962 1.542619 0.073281
v 0.128762 1.594517 -0.027040
v 0.119752 1.595866 -0.074893
v 0.109645 1.601856 -0.052847
v 0.128762 1.594517 -0.027040
v 0.094965 1.606930 -0.069618
v 0.000000 1.572639 -0.114107
v 0.023470 1.572972 -0.113838
v 0.096580 1.569951 -0.110600
v 0.070787 1.608404 -0.083718
v 0.109645 1.601856 -0.052847
v 0.112833 1.604600 -0.051360
v 0.128762 1.594517 -0.027040
v 0.129394 1.596644 -0.027963
v 0.142912 1.585904 -0.000280
v 0.119650 1.586717 0.013082
v 0.159129 1.572360 0.030021
v 0.127108 1.565977 0.040286
v 0.094965 1.606930 -0.069618
v 0.070787 1.608404 -0.083718
v 0.094338 1.610107 -0.070922
v 0.047031 1.552567 0.061530
v 0.020962 1.542619 0.073281
v -0.023470 1.572972 -0.113838
v -0.096580 1.569951 -0.110600
v -0.119752 1.595866 -0.074893
v -0.070787 1.608404 -0.083718
v -0.094965 1.606930 -0.069618
v -0.129394 1.596644 -0.027963
v -0.112833 1.604600 -0.051360
v -0.128762 1.594517 -0.027040
v -0.109645 1.601856 -0.052847
v -0.142912 1.585904 -0.000280
v -0.159129 1.572360 0.030021
v -0.119650 1.586717 0.013082
v -0.127108 1.565977 0.040286
v -0.094338 1.610107 -0.070922
v -0.070787 1.608404 -0.083718
v -0.094965 1.606930 -0.069618
v 0.000000 1.541599 0.074994
v -0.020962 1.542619 0.073281
v -0.047031 1.552567 0.061530
v 0.020962 1.542619 0.073281
v -0.128762 1.594517 -0.027040
v -0.128762 1.594517 -0.027040
v -0.109645 1.601856 -0.052847
v 0.078687 1.577723 0.022006
v 0.056356 1.635181 -0.063853
v 0.071251 1.626799 -0.037271
v 0.071994 1.622599 -0.036762
v 0.046200 1.595152 0.020275
v 0.060463 1.605812 -0.000366
v 0.050384 1.607967 0.019281
v 0.062335 1.618040 -0.004436
v 0.034462 1.604277 0.024049
v 0.030493 1.586949 0.027604
v 0.017832 1.600504 0.035954
v 0.016076 1.580946 0.037568
v 0.005743 1.575682 0.039123
v 0.000000 1.598777 0.039783
v 0.000000 1.575305 0.039185
v 0.000000 1.617060 0.042680
v 0.016347 1.619740 0.040228
v 0.035934 1.625350 0.028984
v 0.057494 1.631740 0.011944
v 0.068652 1.642730 -0.018787
v 0.062005 1.647440 -0.047026
v 0.045942 1.649902 -0.061311
v 0.026405 1.636766 -0.073926
v 0.026349 1.651629 -0.071474
v 0.000000 1.636789 -0.078462
v 0.000000 1.651489 -0.076799
v -0.056356 1.635181 -0.063853
v -0.071999 1.622569 -0.036756
v -0.071251 1.626799 -0.037271
v -0.062335 1.618040 -0.004436
v -0.064475 1.609482 -0.010122
v -0.060475 1.605893 -0.000399
v -0.046178 1.595006 0.020301
v -0.050384 1.607967 0.019281
v -0.034462 1.604277 0.024049
v -0.030582 1.586639 0.027556
v -0.016071 1.580866 0.037522
v -0.017832 1.600504 0.035954
v -0.004805 1.575585 0.039207
v -0.016347 1.619740 0.040228
v -0.035934 1.625350 0.028984
v -0.057494 1.631740 0.011944
v -0.068652 1.642730 -0.018787
v -0.062005 1.647440 -0.047026
v -0.045942 1.649902 -0.061311
v -0.026405 1.636716 -0.073932
v -0.026349 1.651629 -0.071474
v 0.065032 1.609813 -0.010342
v 0.000000 1.574365 0.040396
v 0.000000 1.607938 -0.094686
v 0.024945 1.607847 -0.093577
v 0.062820 1.622328 -0.076213
v 0.094338 1.610107 -0.070922
v 0.069808 1.611254 -0.083388
v 0.026247 1.622188 -0.087347
v 0.025246 1.610867 -0.093910
v 0.000000 1.611168 -0.095507
v 0.000000 1.622489 -0.089832
v 0.081211 1.622358 -0.055399
v 0.059361 1.629431 -0.070666
v 0.025818 1.630115 -0.080357
v 0.000000 1.631129 -0.081580
v 0.076992 1.608532 -0.015736
v 0.071994 1.622599 -0.036762
v 0.076000 1.605006 -0.014194
v 0.078962 1.596712 0.001359
v 0.077301 1.594525 -0.000212
v 0.112833 1.604600 -0.051360
v 0.088389 1.610782 -0.015620
v 0.098240 1.614821 -0.036282
v 0.107929 1.607287 -0.022259
v 0.077027 1.625949 -0.043667
v 0.129394 1.596644 -0.027963
v 0.094462 1.588297 0.019339
v 0.056356 1.635181 -0.063853
v 0.080507 1.582429 0.022872
v 0.000000 1.636789 -0.078462
v 0.026405 1.636766 -0.073926
v 0.069808 1.611254 -0.083388
v 0.025246 1.610867 -0.093910
v 0.024945 1.607847 -0.093577
v 0.000000 1.611168 -0.095507
v 0.000000 1.607938 -0.094686
v 0.068506 1.575842 0.027761
v 0.078687 1.577723 0.022006
v 0.000000 1.560476 0.067299
v 0.015236 1.569763 0.051614
v 0.000000 1.572339 0.050342
v 0.019475 1.571316 0.047067
v 0.047031 1.552567 0.061530
v 0.047674 1.573832 0.041217
v 0.032869 1.587536 0.031647
v 0.000000 1.574465 0.044223
v 0.016449 1.581006 0.039646
v 0.047973 1.594506 0.020925
v 0.072342 1.594896 0.002364
v 0.077301 1.594525 -0.000212
v 0.072553 1.605766 -0.013433
v 0.075999 1.605006 -0.014194
v 0.071994 1.622599 -0.036762
v 0.020962 1.542619 0.073281
v 0.015922 1.549899 0.073672
v 0.000000 1.541599 0.074994
v 0.000000 1.548799 0.074247
v 0.019475 1.571316 0.047067
v 0.019475 1.571316 0.047067
v 0.000000 1.574465 0.044223
v 0.067607 1.609232 -0.006928
v 0.060463 1.605812 -0.000366
v 0.046200 1.595152 0.020275
v 0.030493 1.586949 0.027604
v 0.005743 1.575682 0.039123
v 0.016076 1.580946 0.037568
v 0.071994 1.622599 -0.036762
v 0.065032 1.609812 -0.010342
v 0.068506 1.575842 0.027761
v 0.059405 1.543263 0.069811
v 0.072342 1.594896 0.002364
v 0.072553 1.605766 -0.013433
v -0.024945 1.607847 -0.093577
v -0.062820 1.622328 -0.076213
v -0.069808 1.611254 -0.083388
v -0.094338 1.610107 -0.070922
v -0.026247 1.622188 -0.087347
v -0.025246 1.610867 -0.093910
v -0.081211 1.622358 -0.055399
v -0.059361 1.629431 -0.070666
v -0.025818 1.630115 -0.080357
v -0.076992 1.608532 -0.015736
v -0.076000 1.605006 -0.014194
v -0.071999 1.622569 -0.036756
v -0.078962 1.596712 0.001359
v -0.077301 1.594525 -0.000212
v -0.112833 1.604600 -0.051360
v -0.088389 1.610782 -0.015620
v -0.098240 1.614821 -0.036282
v -0.107929 1.607287 -0.022259
v -0.076527 1.625949 -0.043667
v -0.129394 1.596644 -0.027963
v -0.094462 1.588297 0.019339
v -0.056356 1.635181 -0.063853
v -0.080507 1.582429 0.022872
v -0.078687 1.577723 0.022006
v -0.026405 1.636716 -0.073932
v -0.069808 1.611254 -0.083388
v -0.025246 1.610867 -0.093910
v -0.024945 1.607847 -0.093577
v -0.068506 1.575842 0.027761
v -0.078687 1.577723 0.022006
v -0.015236 1.569763 0.051614
v -0.019475 1.571316 0.047067
v -0.047674 1.573832 0.041217
v -0.047031 1.552567 0.061530
v -0.032869 1.587536 0.031647
v -0.016449 1.581006 0.039646
v -0.047973 1.594506 0.020925
v -0.072342 1.594896 0.002364
v -0.072553 1.605766 -0.013433
v -0.077301 1.594525 -0.000212
v -0.075999 1.605006 -0.014194
v -0.071999 1.622569 -0.036756
v -0.015922 1.549899 0.073672
v -0.020962 1.542619 0.073281
v -0.019475 1.571316 0.047067
v -0.019475 1.571316 0.047067
v -0.046178 1.595006 0.020301
v -0.060475 1.605893 -0.000399
v -0.067607 1.609232 -0.006928
v -0.030582 1.586639 0.027556
v 0.000000 1.574365 0.040396
v -0.004805 1.575585 0.039207
v -0.064475 1.609482 -0.010122
v -0.016071 1.580866 0.037522
v -0.068506 1.575842 0.027761
v -0.059405 1.543263 0.069811
v -0.072342 1.594896 0.002364
v -0.072553 1.605766 -0.013433
v -0.071999 1.622569 -0.036756
v 0.137437 -0.000000 -0.030283
v 0.127929 -0.000000 -0.061126
v 0.139866 0.021634 -0.030503
v 0.079323 -0.000000 -0.075303
v 0.114040 -0.000000 -0.077404
v 0.070247 -0.000000 -0.060769
v 0.127929 -0.000000 -0.061126
v 0.065489 0.021290 -0.030210
v 0.064176 0.015302 -0.015177
v 0.063978 0.019710 -0.015163
v 0.143339 0.018828 -0.015397
v 0.143336 0.013553 -0.015404
v 0.066318 -0.000000 -0.030035
v 0.064461 -0.000000 -0.015240
v 0.079323 -0.000000 -0.075303
v 0.079067 0.024919 -0.077742
v 0.097514 -0.000000 -0.079813
v 0.096368 0.025177 -0.082742
v 0.114040 -0.000000 -0.077404
v 0.129084 0.024128 -0.062935
v 0.114198 0.024500 -0.080267
v 0.142695 -0.000000 -0.015388
v 0.064461 -0.000000 -0.015240
v 0.142695 -0.000000 -0.015388
v 0.064176 0.015302 -0.015177
v 0.143336 0.013553 -0.015404
v 0.070247 -0.000000 -0.060769
v 0.069908 0.025046 -0.063367
v 0.066318 -0.000000 -0.030035
v 0.137437 -0.000000 -0.030283
v 0.064461 -0.000000 -0.015240
v 0.142695 -0.000000 -0.015388
v 0.097514 -0.000000 -0.079813
v 0.139866 0.021634 -0.030503
v 0.147394 0.040700 -0.006250
v 0.143339 0.018828 -0.015397
v 0.114026 0.078446 -0.078516
v 0.128150 0.076406 -0.064544
v 0.114408 0.053053 -0.082151
v 0.062102 0.073879 -0.027326
v 0.062508 0.048650 -0.028189
v 0.062668 0.066953 0.008235
v 0.068904 0.078224 -0.061316
v 0.095543 0.080485 -0.081901
v 0.095384 0.054323 -0.084844
v 0.078764 0.053855 -0.079515
v 0.079339 0.080284 -0.077489
v 0.079067 0.024919 -0.077742
v 0.096368 0.025177 -0.082742
v 0.129967 0.050126 -0.064475
v 0.114198 0.024500 -0.080267
v 0.129084 0.024128 -0.062935
v 0.140431 0.069996 -0.031363
v 0.143252 0.045023 -0.031516
v 0.068675 0.052684 -0.063319
v 0.065489 0.021290 -0.030210
v 0.063978 0.019710 -0.015163
v 0.142026 0.066073 0.014125
v 0.069908 0.025046 -0.063367
v 0.139866 0.021634 -0.030503
v 0.065489 0.021290 -0.030210
v 0.105974 0.109988 0.031467
v 0.130462 0.081346 0.032156
v 0.129793 0.103074 0.011991
v 0.073947 0.125825 0.020246
v 0.073185 0.148161 0.017077
v 0.059515 0.124165 -0.024796
v 0.057597 0.147667 -0.023852
v 0.105705 0.126280 0.025784
v 0.105527 0.148805 0.023585
v 0.061973 0.100104 -0.025807
v 0.075846 0.106487 0.025588
v 0.069130 0.147320 -0.064635
v 0.069602 0.123982 -0.062450
v 0.070261 0.097155 -0.060745
v 0.078559 0.086415 0.043294
v 0.107312 0.089803 0.047999
v 0.095720 0.147118 -0.079867
v 0.095774 0.123914 -0.078310
v 0.095764 0.096848 -0.076824
v 0.125860 0.147034 -0.065705
v 0.125188 0.123803 -0.063680
v 0.126782 0.095628 -0.062271
v 0.130680 0.147500 0.005253
v 0.130183 0.125371 0.007299
v 0.136361 0.146919 -0.032249
v 0.135619 0.123731 -0.031800
v 0.137042 0.094402 -0.031516
v 0.145968 0.273995 -0.047955
v 0.141530 0.230874 -0.046445
v 0.134021 0.266789 -0.074113
v 0.132399 0.231346 -0.069773
v 0.094986 0.230780 -0.087770
v 0.113385 0.252349 -0.085191
v 0.119700 0.251383 0.027432
v 0.133007 0.232253 0.011107
v 0.134370 0.266363 0.019181
v 0.147936 0.274051 -0.017258
v 0.151148 0.273836 -0.017383
v 0.146882 0.277474 -0.017320
v 0.058563 0.264645 -0.069133
v 0.077532 0.251192 -0.082078
v 0.062611 0.230372 -0.069204
v 0.049302 0.230789 -0.034809
v 0.051761 0.230863 -0.035211
v 0.054421 0.206786 -0.034988
v 0.045687 0.272204 -0.005041
v 0.052409 0.231485 -0.007787
v 0.061188 0.265777 0.026207
v 0.065503 0.231166 0.024690
v 0.103901 0.231556 0.029177
v 0.085553 0.249943 0.030094
v 0.096625 0.183772 -0.082985
v 0.127852 0.184476 -0.066653
v 0.067140 0.183721 -0.065753
v 0.104705 0.186222 0.022911
v 0.069928 0.186276 0.018644
v 0.131986 0.185554 0.005758
v 0.055394 0.184567 -0.022370
v 0.054421 0.206786 -0.034988
v 0.051761 0.230863 -0.035211
v 0.050871 0.231397 -0.006810
v 0.052409 0.231485 -0.007787
v 0.043106 0.271787 -0.004131
v 0.052409 0.231485 -0.007787
v 0.045687 0.272204 -0.005041
v 0.144328 0.231619 -0.017922
v 0.147936 0.274051 -0.017258
v 0.149923 0.273846 -0.047991
v 0.144313 0.231505 -0.046822
v 0.145968 0.273995 -0.047955
v 0.141530 0.230874 -0.046445
v 0.046396 0.275570 -0.004075
v 0.045262 0.275682 -0.024076
v 0.043106 0.271787 -0.004131
v 0.040462 0.271891 -0.022550
v 0.058563 0.264645 -0.069133
v 0.075316 0.230637 -0.072004
v 0.077532 0.251192 -0.082078
v 0.116747 0.183658 -0.059868
v 0.128382 0.184162 -0.033740
v 0.123506 0.231641 -0.069170
v 0.128382 0.184162 -0.033740
v 0.137280 0.231626 -0.036648
v 0.103155 0.182050 -0.071748
v 0.103155 0.182050 -0.071748
v 0.094985 0.230780 -0.087770
v 0.103901 0.231556 0.029177
v 0.130340 0.231639 0.003926
v 0.108636 0.185478 0.014782
v 0.108636 0.185478 0.014782
v 0.124018 0.184776 -0.001057
v 0.044041 0.272211 -0.038507
v 0.047394 0.261242 -0.036524
v 0.128382 0.184162 -0.033740
v 0.124018 0.184776 -0.001057
v 0.040761 0.271890 -0.038897
v 0.045358 0.275031 -0.040021
v 0.049976 0.260701 -0.004831
v 0.061188 0.265777 0.026207
v 0.072971 0.230822 0.018360
v 0.146054 0.277379 -0.047877
v 0.147398 0.277505 -0.033840
v 0.149923 0.273846 -0.047991
v 0.152104 0.273835 -0.033454
v 0.151148 0.273836 -0.017383
v 0.146882 0.277474 -0.017320
v 0.113385 0.252349 -0.085191
v 0.144290 0.263967 -0.048326
v 0.141594 0.264101 -0.033388
v 0.142096 0.264113 -0.016369
v 0.134370 0.266363 0.019181
v 0.119700 0.251383 0.027432
v 0.081661 0.182200 -0.068334
v 0.053955 0.230476 -0.020009
v 0.058525 0.185825 -0.018339
v 0.058525 0.185825 -0.018339
v 0.083514 0.186121 0.015673
v 0.058525 0.185825 -0.018339
v 0.058525 0.185825 -0.018339
v 0.047828 0.231129 -0.020224
v 0.049302 0.230789 -0.034809
v 0.051676 0.206958 -0.020490
v 0.054421 0.206786 -0.034988
v 0.051676 0.206958 -0.020490
v 0.050871 0.231397 -0.006810
v 0.054521 0.207382 -0.007745
v 0.054521 0.207382 -0.007745
v 0.051676 0.206958 -0.020490
v 0.139242 0.184197 -0.032429
v 0.140205 0.207121 -0.045480
v 0.142116 0.207741 -0.018362
v 0.046396 0.275570 -0.004075
v 0.044041 0.272211 -0.038507
v 0.040761 0.271890 -0.038897
v 0.045358 0.275031 -0.040021
v 0.047969 0.260750 -0.021437
v 0.146054 0.277379 -0.047877
v 0.145680 0.231412 -0.017752
v 0.144328 0.231619 -0.017922
v 0.134021 0.266789 -0.074113
v 0.085553 0.249943 0.030094
v 0.145680 0.231412 -0.017752
v 0.146887 0.231353 -0.033172
v 0.144313 0.231505 -0.046822
v 0.047394 0.261242 -0.036524
v 0.142768 0.207463 -0.032682
v 0.140205 0.207121 -0.045480
v 0.142768 0.207463 -0.032682
v 0.142116 0.207741 -0.018362
v 0.142768 0.207463 -0.032682
v 0.142116 0.207741 -0.018362
v 0.044041 0.272211 -0.038507
v 0.054521 0.207382 -0.007745
v 0.140205 0.207121 -0.045480
v 0.145968 0.273995 -0.047955
v 0.144290 0.263967 -0.048326
v 0.141594 0.264101 -0.033388
v 0.144290 0.263967 -0.048326
v 0.142096 0.264113 -0.016369
v 0.142096 0.264113 -0.016369
v 0.147936 0.274051 -0.017258
v 0.045687 0.272204 -0.005041
v 0.049976 0.260701 -0.004831
v 0.047969 0.260750 -0.021437
v 0.049976 0.260701 -0.004831
v 0.047394 0.261242 -0.036524
v 0.161801 0.004350 0.116138
v 0.162736 0.004589 0.075178
v 0.163147 0.023913 0.084954
v 0.064516 0.007298 0.026295
v 0.153464 0.007298 0.019026
v 0.063801 0.000508 0.081161
v 0.166115 0.000508 0.074783
v 0.164705 0.000521 0.115762
v 0.065102 0.003345 0.126211
v 0.071578 0.007020 0.153417
v 0.153575 0.005010 0.147187
v 0.136982 0.011660 0.171221
v 0.078581 0.011503 0.168005
v 0.113299 0.018279 0.184591
v 0.089396 0.017587 0.183394
v 0.065104 0.012093 0.025303
v 0.063737 0.004584 0.081184
v 0.065854 0.004589 0.081535
v 0.166115 0.004584 0.074805
v 0.153464 0.012220 0.019026
v 0.162736 0.004589 0.075178
v 0.150398 0.012466 0.018181
v 0.064516 0.007298 0.026295
v 0.065104 0.012093 0.025303
v 0.143339 0.018828 -0.015397
v 0.153464 0.007298 0.019026
v 0.153464 0.012220 0.019026
v 0.065102 0.006601 0.126211
v 0.067740 0.006617 0.126213
v 0.161801 0.004350 0.116138
v 0.164705 0.004345 0.115762
v 0.151002 0.008341 0.146399
v 0.153575 0.008256 0.147370
v 0.071578 0.010655 0.153601
v 0.074159 0.010232 0.152823
v 0.080619 0.014659 0.166566
v 0.078581 0.015070 0.168188
v 0.090095 0.020514 0.181496
v 0.089396 0.021326 0.183577
v 0.113299 0.022368 0.184752
v 0.113342 0.021367 0.182777
v 0.136996 0.015676 0.171387
v 0.135392 0.014507 0.169304
v 0.166115 0.000508 0.074783
v 0.166115 0.004584 0.074805
v 0.164705 0.004345 0.115762
v 0.164705 0.000521 0.115762
v 0.153575 0.008256 0.147370
v 0.153575 0.005010 0.147187
v 0.136996 0.015676 0.171387
v 0.136982 0.011660 0.171221
v 0.113299 0.022368 0.184752
v 0.113299 0.018279 0.184591
v 0.089396 0.017587 0.183394
v 0.089396 0.021326 0.183577
v 0.078581 0.011503 0.168005
v 0.078581 0.015070 0.168188
v 0.071578 0.007020 0.153417
v 0.071578 0.010655 0.153601
v 0.065102 0.003345 0.126211
v 0.065102 0.006601 0.126211
v 0.063801 0.000508 0.081161
v 0.063737 0.004584 0.081184
v 0.064176 0.015302 -0.015177
v 0.143336 0.013553 -0.015404
v 0.112055 0.051818 0.109997
v 0.135718 0.046659 0.103909
v 0.109543 0.068561 0.074604
v 0.134659 0.061972 0.065489
v 0.157765 0.038511 0.094373
v 0.149966 0.051705 0.053350
v 0.136247 0.041021 0.125305
v 0.112525 0.045549 0.128687
v 0.155109 0.032662 0.122446
v 0.083401 0.049905 0.110390
v 0.081228 0.067403 0.073382
v 0.069886 0.039670 0.103271
v 0.067166 0.053483 0.059207
v 0.085521 0.043730 0.130218
v 0.071803 0.036913 0.129658
v 0.064239 0.033363 0.041595
v 0.065588 0.024266 0.093927
v 0.067067 0.023591 0.127875
v 0.063357 0.044305 -0.003709
v 0.154565 0.033495 0.035855
v 0.150398 0.012466 0.018181
v 0.159824 0.019756 0.119255
v 0.146646 0.031967 0.147131
v 0.150819 0.021286 0.146589
v 0.133126 0.037414 0.148291
v 0.112410 0.041626 0.150306
v 0.089461 0.038772 0.169791
v 0.079915 0.028534 0.167870
v 0.090368 0.033036 0.179512
v 0.076531 0.034682 0.153432
v 0.072984 0.025052 0.153973
v 0.087810 0.039947 0.152160
v 0.134214 0.026461 0.169543
v 0.130457 0.036564 0.165193
v 0.113225 0.032253 0.181014
v 0.113060 0.039506 0.171506
v 0.065104 0.012093 0.025303
v 0.065854 0.004589 0.081535
v 0.151002 0.008341 0.146399
v 0.135392 0.014507 0.169304
v 0.113342 0.021367 0.182777
v 0.090095 0.020514 0.181496
v 0.080619 0.014659 0.166566
v 0.074159 0.010232 0.152823
v 0.067740 0.006617 0.126213
v -0.064461 -0.000000 -0.015240
v -0.064176 0.015302 -0.015177
v -0.142695 -0.000000 -0.015388
v -0.127929 0.000000 -0.061126
v -0.114040 0.000000 -0.077404
v -0.070247 0.000000 -0.060769
v -0.079323 0.000000 -0.075303
v -0.065489 0.021290 -0.030210
v -0.063978 0.019710 -0.015163
v -0.064176 0.015302 -0.015177
v -0.143339 0.018828 -0.015397
v -0.139866 0.021634 -0.030503
v -0.143336 0.013553 -0.015404
v -0.066318 0.000000 -0.030035
v -0.064461 -0.000000 -0.015240
v -0.096368 0.025177 -0.082742
v -0.079067 0.024919 -0.077742
v -0.097514 0.000000 -0.079813
v -0.079323 0.000000 -0.075303
v -0.114198 0.024500 -0.080267
v -0.114040 0.000000 -0.077404
v -0.129084 0.024128 -0.062935
v -0.127929 0.000000 -0.061126
v -0.137437 -0.000000 -0.030283
v -0.142695 -0.000000 -0.015388
v -0.143336 0.013553 -0.015404
v -0.069908 0.025046 -0.063367
v -0.070247 0.000000 -0.060769
v -0.142695 -0.000000 -0.015388
v -0.137437 -0.000000 -0.030283
v -0.064461 -0.000000 -0.015240
v -0.066318 0.000000 -0.030035
v -0.097514 0.000000 -0.079813
v -0.139866 0.021634 -0.030503
v -0.143339 0.018828 -0.015397
v -0.147394 0.040700 -0.006250
v -0.071578 0.007020 0.153417
v -0.136982 0.011660 0.171221
v -0.153575 0.005010 0.147187
v -0.064516 0.007298 0.026295
v -0.063801 0.000508 0.081161
v -0.153464 0.007298 0.019026
v -0.166115 0.000508 0.074783
v -0.164705 0.000521 0.115762
v -0.065102 0.003345 0.126211
v -0.078581 0.011503 0.168005
v -0.113299 0.018279 0.184591
v -0.089396 0.017587 0.183394
v -0.065104 0.012093 0.025303
v -0.065854 0.004589 0.081535
v -0.063737 0.004584 0.081184
v -0.150398 0.012466 0.018181
v -0.153464 0.012220 0.019026
v -0.162736 0.004589 0.075178
v -0.166115 0.004584 0.074805
v -0.065104 0.012093 0.025303
v -0.064176 0.015302 -0.015177
v -0.064516 0.007298 0.026295
v -0.143339 0.018828 -0.015397
v -0.153464 0.012220 0.019026
v -0.153464 0.007298 0.019026
v -0.067740 0.006617 0.126213
v -0.065102 0.006601 0.126211
v -0.161801 0.004350 0.116138
v -0.164705 0.004345 0.115762
v -0.151002 0.008341 0.146399
v -0.153575 0.008256 0.147370
v -0.074159 0.010232 0.152823
v -0.071578 0.010655 0.153601
v -0.080619 0.014659 0.166566
v -0.078581 0.015070 0.168188
v -0.090095 0.020514 0.181496
v -0.089396 0.021326 0.183577
v -0.113342 0.021367 0.182777
v -0.113299 0.022368 0.184752
v -0.135392 0.014507 0.169304
v -0.136996 0.015676 0.171387
v -0.166115 0.004584 0.074805
v -0.166115 0.000508 0.074783
v -0.164705 0.004345 0.115762
v -0.164705 0.000521 0.115762
v -0.153575 0.008256 0.147370
v -0.153575 0.005010 0.147187
v -0.136996 0.015676 0.171387
v -0.136982 0.011660 0.171221
v -0.113299 0.022368 0.184752
v -0.113299 0.018279 0.184591
v -0.089396 0.021326 0.183577
v -0.089396 0.017587 0.183394
v -0.078581 0.015070 0.168188
v -0.078581 0.011503 0.168005
v -0.071578 0.010655 0.153601
v -0.071578 0.007020 0.153417
v -0.065102 0.006601 0.126211
v -0.065102 0.003345 0.126211
v -0.063737 0.004584 0.081184
v -0.063801 0.000508 0.081161
v -0.064176 0.015302 -0.015177
v -0.143336 0.013553 -0.015404
v -0.112055 0.051818 0.109997
v -0.109543 0.068561 0.074604
v -0.135718 0.046659 0.103909
v -0.134659 0.061972 0.065489
v -0.157765 0.038511 0.094373
v -0.149966 0.051705 0.053350
v -0.112525 0.045549 0.128687
v -0.136247 0.041021 0.125305
v -0.155109 0.032662 0.122446
v -0.083401 0.049905 0.110390
v -0.069886 0.039670 0.103271
v -0.081228 0.067403 0.073382
v -0.067166 0.053483 0.059207
v -0.085521 0.043730 0.130218
v -0.071803 0.036913 0.129658
v -0.065588 0.024266 0.093927
v -0.064239 0.033363 0.041595
v -0.067067 0.023591 0.127875
v -0.163147 0.023913 0.084954
v -0.154565 0.033495 0.035855
v -0.162736 0.004589 0.075178
v -0.150398 0.012466 0.018181
v -0.159824 0.019756 0.119255
v -0.161801 0.004350 0.116138
v -0.150819 0.021286 0.146589
v -0.146646 0.031967 0.147131
v -0.133126 0.037414 0.148291
v -0.112410 0.041626 0.150306
v -0.089461 0.038772 0.169791
v -0.090368 0.033036 0.179512
v -0.079915 0.028534 0.167870
v -0.072984 0.025052 0.153973
v -0.076531 0.034682 0.153432
v -0.087810 0.039947 0.152160
v -0.130457 0.036564 0.165193
v -0.134214 0.026461 0.169543
v -0.113060 0.039506 0.171506
v -0.113225 0.032253 0.181014
v -0.063978 0.019710 -0.015163
v -0.065104 0.012093 0.025303
v -0.065854 0.004589 0.081535
v -0.151002 0.008341 0.146399
v -0.135392 0.014507 0.169304
v -0.113342 0.021367 0.182777
v -0.090095 0.020514 0.181496
v -0.080619 0.014659 0.166566
v -0.074159 0.010232 0.152823
v -0.067740 0.006617 0.126213
v -0.063357 0.044305 -0.003709
v -0.078559 0.086415 0.043294
v -0.062102 0.073879 -0.027326
v -0.062668 0.066953 0.008235
v -0.062508 0.048650 -0.028189
v -0.068904 0.078224 -0.061316
v -0.107312 0.089803 0.047999
v -0.130462 0.081346 0.032156
v -0.142026 0.066073 0.014125
v -0.114408 0.053053 -0.082151
v -0.114026 0.078446 -0.078516
v -0.095384 0.054323 -0.084844
v -0.095543 0.080485 -0.081901
v -0.078764 0.053855 -0.079515
v -0.079339 0.080284 -0.077489
v -0.079067 0.024919 -0.077742
v -0.096368 0.025177 -0.082742
v -0.129084 0.024128 -0.062935
v -0.129967 0.050126 -0.064475
v -0.114198 0.024500 -0.080267
v -0.128150 0.076406 -0.064544
v -0.140431 0.069996 -0.031363
v -0.143252 0.045023 -0.031516
v -0.068675 0.052684 -0.063319
v -0.065489 0.021290 -0.030210
v -0.069908 0.025046 -0.063367
v -0.139866 0.021634 -0.030503
v -0.065489 0.021290 -0.030210
v -0.095764 0.096848 -0.076824
v -0.073947 0.125825 0.020246
v -0.059515 0.124165 -0.024796
v -0.073185 0.148161 0.017077
v -0.057597 0.147667 -0.023852
v -0.105705 0.126280 0.025784
v -0.105527 0.148805 0.023585
v -0.061973 0.100104 -0.025807
v -0.075846 0.106487 0.025588
v -0.069602 0.123982 -0.062450
v -0.069130 0.147320 -0.064635
v -0.105974 0.109988 0.031467
v -0.070261 0.097155 -0.060745
v -0.095774 0.123914 -0.078310
v -0.095720 0.147118 -0.079867
v -0.125860 0.147034 -0.065705
v -0.125188 0.123803 -0.063680
v -0.126782 0.095628 -0.062271
v -0.130183 0.125371 0.007299
v -0.130680 0.147500 0.005253
v -0.135619 0.123731 -0.031800
v -0.136361 0.146919 -0.032249
v -0.129793 0.103074 0.011991
v -0.137042 0.094402 -0.031516
v -0.132399 0.231346 -0.069773
v -0.141530 0.230874 -0.046445
v -0.134021 0.266789 -0.074113
v -0.145968 0.273995 -0.047955
v -0.094986 0.230780 -0.087770
v -0.113385 0.252349 -0.085191
v -0.119200 0.251383 0.027432
v -0.134370 0.266363 0.019181
v -0.133007 0.232253 0.011107
v -0.147936 0.274051 -0.017258
v -0.146882 0.277474 -0.017320
v -0.151148 0.273836 -0.017383
v -0.058563 0.264645 -0.069133
v -0.062611 0.230372 -0.069204
v -0.077532 0.251192 -0.082078
v -0.049302 0.230789 -0.034809
v -0.054421 0.206786 -0.034988
v -0.051761 0.230863 -0.035211
v -0.065503 0.231166 0.024690
v -0.052409 0.231485 -0.007787
v -0.061188 0.265777 0.026207
v -0.045687 0.272204 -0.005041
v -0.103901 0.231556 0.029177
v -0.085553 0.249943 0.030094
v -0.096625 0.183772 -0.082985
v -0.127852 0.184476 -0.066653
v -0.067140 0.183721 -0.065753
v -0.069928 0.186276 0.018644
v -0.104705 0.186222 0.022911
v -0.131986 0.185554 0.005758
v -0.055394 0.184567 -0.022370
v -0.054421 0.206786 -0.034988
v -0.051761 0.230863 -0.035211
v -0.045687 0.272204 -0.005041
v -0.052409 0.231485 -0.007787
v -0.043106 0.271787 -0.004131
v -0.052409 0.231485 -0.007787
v -0.050871 0.231397 -0.006810
v -0.147936 0.274051 -0.017258
v -0.144328 0.231619 -0.017922
v -0.141530 0.230874 -0.046445
v -0.144313 0.231505 -0.046822
v -0.145968 0.273995 -0.047955
v -0.149923 0.273846 -0.047991
v -0.040462 0.271891 -0.022550
v -0.045262 0.275682 -0.024076
v -0.043106 0.271787 -0.004131
v -0.046396 0.275570 -0.004075
v -0.058563 0.264645 -0.069133
v -0.077532 0.251192 -0.082078
v -0.075316 0.230637 -0.072004
v -0.137280 0.231626 -0.036648
v -0.128382 0.184162 -0.033740
v -0.123506 0.231641 -0.069170
v -0.128382 0.184162 -0.033740
v -0.116747 0.183658 -0.059868
v -0.094985 0.230780 -0.087770
v -0.103155 0.182050 -0.071748
v -0.103155 0.182050 -0.071748
v -0.124018 0.184776 -0.001057
v -0.130340 0.231639 0.003926
v -0.108636 0.185478 0.014782
v -0.108636 0.185478 0.014782
v -0.103901 0.231556 0.029177
v -0.044041 0.272211 -0.038507
v -0.047394 0.261242 -0.036524
v -0.124018 0.184776 -0.001057
v -0.128382 0.184162 -0.033740
v -0.045358 0.275031 -0.040021
v -0.040761 0.271890 -0.038897
v -0.049976 0.260701 -0.004831
v -0.072971 0.230822 0.018360
v -0.061188 0.265777 0.026207
v -0.152104 0.273835 -0.033454
v -0.147398 0.277505 -0.033840
v -0.149923 0.273846 -0.047991
v -0.146054 0.277379 -0.047877
v -0.146882 0.277474 -0.017320
v -0.151148 0.273836 -0.017383
v -0.113385 0.252349 -0.085191
v -0.144290 0.263967 -0.048326
v -0.141594 0.264101 -0.033388
v -0.142096 0.264113 -0.016369
v -0.134370 0.266363 0.019181
v -0.119200 0.251383 0.027432
v -0.081661 0.182200 -0.068334
v -0.053955 0.230476 -0.020009
v -0.058525 0.185825 -0.018339
v -0.058525 0.185825 -0.018339
v -0.058525 0.185825 -0.018339
v -0.058525 0.185825 -0.018339
v -0.083514 0.186121 0.015673
v -0.047828 0.231129 -0.020224
v -0.051676 0.206958 -0.020490
v -0.049302 0.230789 -0.034809
v -0.054421 0.206786 -0.034988
v -0.051676 0.206958 -0.020490
v -0.050871 0.231397 -0.006810
v -0.054521 0.207382 -0.007745
v -0.054521 0.207382 -0.007745
v -0.051676 0.206958 -0.020490
v -0.139242 0.184197 -0.032429
v -0.140205 0.207121 -0.045480
v -0.142116 0.207741 -0.018362
v -0.046396 0.275570 -0.004075
v -0.044041 0.272211 -0.038507
v -0.045358 0.275031 -0.040021
v -0.040761 0.271890 -0.038897
v -0.047969 0.260750 -0.021437
v -0.146054 0.277379 -0.047877
v -0.145680 0.231412 -0.017752
v -0.144328 0.231619 -0.017922
v -0.134021 0.266789 -0.074113
v -0.085553 0.249943 0.030094
v -0.146887 0.231353 -0.033172
v -0.145680 0.231412 -0.017752
v -0.144313 0.231505 -0.046822
v -0.047394 0.261242 -0.036524
v -0.142768 0.207463 -0.032682
v -0.140205 0.207121 -0.045480
v -0.142768 0.207463 -0.032682
v -0.142116 0.207741 -0.018362
v -0.142768 0.207463 -0.032682
v -0.142116 0.207741 -0.018362
v -0.044041 0.272211 -0.038507
v -0.054521 0.207382 -0.007745
v -0.140205 0.207121 -0.045480
v -0.145968 0.273995 -0.047955
v -0.144290 0.263967 -0.048326
v -0.144290 0.263967 -0.048326
v -0.141594 0.264101 -0.033388
v -0.142096 0.264113 -0.016369
v -0.142096 0.264113 -0.016369
v -0.147936 0.274051 -0.017258
v -0.045687 0.272204 -0.005041
v -0.049976 0.260701 -0.004831
v -0.049976 0.260701 -0.004831
v -0.047969 0.260750 -0.021437
v -0.047394 0.261242 -0.036524
vn 0.7664 -0.0282 -0.6417
vn 0.4340 -0.6516 -0.6221
vn 0.4761 0.1752 -0.8618
vn 0.1256 -0.2780 -0.9523
vn -0.0031 -0.1278 -0.9918
vn 0.4860 0.3402 -0.8050
vn 0.5487 0.4754 0.6877
vn 0.0199 0.0254 0.9995
vn 0.5366 0.3476 0.7689
vn 0.1444 -0.0859 0.9858
vn 0.7989 0.1136 0.5906
vn 0.4766 -0.5371 0.6960
vn -0.4379 -0.4455 0.7808
vn -0.1310 -0.6576 0.7419
vn 0.5771 -0.8163 0.0240
vn -0.2291 -0.9724 0.0438
vn -0.1502 -0.7716 -0.6182
vn -0.6792 -0.7322 0.0507
vn -0.4304 -0.5563 -0.7108
vn 0.9988 -0.0475 -0.0092
vn 0.7659 0.6368 -0.0888
vn 0.7467 0.5763 0.3321
vn 0.8204 0.5710 -0.0313
vn 0.7257 0.4915 -0.4814
vn -0.4965 -0.5026 0.7078
vn -0.0239 -0.0072 0.9997
vn -0.0134 -0.1522 -0.9883
vn 0.5350 0.3635 -0.7627
vn 0.0469 -0.1194 -0.9917
vn 0.5494 0.3801 -0.7441
vn 0.7722 0.6283 -0.0949
vn 0.7555 0.6515 -0.0687
vn 0.5220 0.5338 0.6653
vn 0.5561 0.5139 0.6532
vn -0.0142 0.0639 0.9979
vn -0.4347 -0.4416 0.7849
vn -0.4308 -0.5566 -0.7103
vn -0.4740 -0.6095 -0.6355
vn -0.6572 -0.7511 0.0628
vn -0.6733 -0.7369 0.0610
vn -0.8246 0.0699 0.5613
vn -0.2024 0.5163 0.8322
vn -0.8643 0.1585 0.4772
vn -0.2195 0.5307 0.8187
vn -0.9233 -0.3674 -0.1118
vn -0.8186 -0.5676 -0.0874
vn -0.4571 -0.2607 0.8504
vn -0.5764 -0.7562 0.3096
vn -0.1535 0.3098 0.9383
vn 0.4790 0.5522 0.6823
vn 0.4640 0.5608 0.6858
vn 0.9228 0.3247 0.2075
vn 0.9146 0.3140 0.2547
vn 0.4734 0.2296 0.8504
vn 0.9023 0.1595 0.4005
vn 0.8944 -0.1748 -0.4118
vn 0.9396 -0.2069 -0.2728
vn 0.8827 -0.4112 0.2273
vn 0.3032 -0.5245 0.7956
vn -0.0862 -0.9833 0.1601
vn 0.4383 -0.8901 -0.1248
vn -0.3687 -0.7982 -0.4764
vn 0.3008 -0.7480 -0.5916
vn 0.2952 -0.5971 -0.7459
vn -0.4076 -0.6939 -0.5936
vn 0.1064 -0.1861 0.9768
vn -0.2156 -0.7075 0.6730
vn 0.4220 -0.6430 0.6391
vn 0.7819 0.6086 -0.1348
vn 0.5543 0.4593 0.6941
vn 0.7674 0.5741 0.2855
vn 0.5895 0.3029 0.7488
vn 0.8025 0.5833 -0.1255
vn 0.6973 0.4777 -0.5343
vn 0.5457 0.3325 -0.7692
vn 0.5264 0.1987 -0.8267
vn 0.9935 0.0011 -0.1138
vn 0.7374 0.0356 -0.6745
vn 0.8411 0.1021 0.5311
vn 0.5227 -0.8521 -0.0249
vn 0.4440 -0.6497 -0.6170
vn 0.1596 -0.2809 -0.9464
vn -0.0085 -0.1444 -0.9895
vn -0.0479 -0.0033 0.9988
vn -0.4455 -0.4285 0.7861
vn -0.3105 -0.9482 0.0668
vn -0.1772 -0.8066 -0.5640
vn -0.6657 -0.7374 0.1143
vn -0.4807 -0.5919 -0.6470
vn 0.8539 0.5194 0.0336
vn 0.8167 -0.0909 -0.5699
vn 0.8075 0.4390 -0.3941
vn 0.6010 0.3933 -0.6957
vn 0.6127 0.1854 -0.7682
vn 0.0581 -0.0890 -0.9943
vn 0.1402 -0.2956 -0.9450
vn 0.3727 -0.7364 -0.5645
vn 0.7958 0.6056 -0.0013
vn 0.7927 0.4977 0.3520
vn 0.5690 0.4562 0.6842
vn 0.6269 0.3313 0.7052
vn 0.8205 0.0739 0.5669
vn 0.9872 -0.1460 0.0638
vn 0.3618 -0.5883 0.7232
vn 0.4647 -0.8829 0.0671
vn -0.0464 -0.0211 0.9987
vn 0.0688 -0.1164 0.9908
vn -0.3093 -0.6793 0.6655
vn -0.3144 -0.9487 0.0328
vn -0.2314 -0.7769 -0.5856
vn -0.7160 -0.6979 0.0201
vn -0.4599 -0.5204 -0.7195
vn -0.5405 -0.4698 0.6979
vn -0.7024 0.5938 -0.3926
vn -0.7112 0.6864 -0.1519
vn -0.5321 0.5411 -0.6512
vn 0.0707 0.0122 -0.9974
vn -0.4636 0.4541 -0.7608
vn 0.1180 0.1431 -0.9826
vn -0.7642 0.6346 -0.1157
vn -0.6365 0.7266 0.2586
vn -0.6567 0.6805 0.3251
vn -0.7849 0.5862 0.2007
vn -0.5653 0.6034 0.5625
vn -0.8254 0.5600 0.0710
vn -0.8115 0.5523 -0.1908
vn -0.7592 0.5860 -0.2832
vn -0.5012 0.5029 -0.7042
vn 0.1730 -0.1477 -0.9738
vn 0.7029 -0.4054 -0.5844
vn 0.8019 -0.5911 -0.0871
vn 0.6127 -0.5767 -0.5403
vn 0.6756 -0.7370 -0.0177
vn 0.6308 -0.6505 -0.4230
vn 0.4004 -0.5916 -0.6998
vn -0.0451 0.0379 0.9983
vn 0.4530 -0.5114 0.7302
vn 0.3939 -0.5584 0.7301
vn 0.6397 -0.7668 0.0531
vn 0.4885 -0.6163 -0.6177
vn 0.5845 -0.8114 -0.0018
vn 0.4184 -0.6392 -0.6453
vn -0.0039 -0.1483 -0.9889
vn 0.0106 -0.0926 -0.9956
vn -0.4555 0.4084 -0.7910
vn -0.7380 0.6385 -0.2181
vn -0.4798 0.4068 -0.7774
vn -0.7216 0.6817 -0.1209
vn -0.5451 0.5206 0.6572
vn 0.5248 -0.8444 -0.1080
vn 0.5851 -0.7782 -0.2280
vn -0.5109 0.7341 0.4474
vn -0.6973 0.7008 -0.1507
vn -0.5080 0.5017 -0.7001
vn 0.1561 0.0779 -0.9847
vn 0.7627 -0.4537 -0.4610
vn 0.8084 -0.5880 -0.0276
vn 0.1226 -0.0536 -0.9910
vn -0.5367 0.4579 -0.7087
vn -0.7083 0.6922 -0.1386
vn -0.5678 0.6520 0.5025
vn -0.0174 0.4583 0.8886
vn -0.1224 0.2757 0.9534
vn 0.5722 0.0500 0.8186
vn 0.7528 -0.5248 0.3974
vn 0.8949 -0.3678 0.2529
vn 0.7254 -0.6883 0.0049
vn 0.6599 -0.5602 -0.5007
vn -0.7752 -0.4158 -0.4755
vn -0.5251 -0.7071 -0.4736
vn -0.7753 -0.4159 -0.4753
vn -0.5251 -0.7072 -0.4733
vn -0.9338 -0.2197 -0.2823
vn -0.9338 -0.2199 -0.2821
vn -0.9843 -0.1631 0.0668
vn -0.9843 -0.1634 0.0668
vn -0.8667 -0.2317 0.4418
vn -0.8668 -0.2319 0.4415
vn -0.6284 -0.4355 0.6445
vn -0.6286 -0.4356 0.6443
vn -0.3426 -0.6642 0.6644
vn -0.3149 -0.7729 0.5508
vn -0.2281 -0.8584 0.4595
vn -0.2395 -0.9637 0.1177
vn -0.2398 -0.9636 0.1179
vn -0.3162 -0.9226 -0.2209
vn -0.3162 -0.9227 -0.2206
vn -0.3880 0.5392 0.7475
vn -0.3830 0.7102 0.5907
vn 0.0236 0.6257 0.7797
vn -0.3046 0.4051 0.8621
vn 0.8176 -0.5371 -0.2076
vn 0.5925 -0.7569 -0.2758
vn 0.8375 -0.4656 -0.2859
vn 0.9516 -0.0775 0.2975
vn 0.4364 -0.7600 -0.4817
vn 0.5895 0.3345 0.7352
vn -0.0421 -0.1687 -0.9848
vn 0.7843 0.6099 -0.1135
vn 0.5770 0.4773 0.6628
vn 0.7572 0.6407 -0.1268
vn 0.5470 0.5078 0.6655
vn 0.5603 0.3628 -0.7446
vn 0.5500 0.3789 -0.7443
vn 0.0408 -0.1200 -0.9919
vn 0.0055 -0.0050 1.0000
vn -0.0650 -0.0094 0.9978
vn -0.5321 -0.6258 -0.5703
vn -0.4613 -0.5706 -0.6794
vn -0.6913 -0.7107 0.1302
vn -0.6944 -0.7100 0.1171
vn -0.4383 -0.4522 0.7768
vn -0.4961 -0.4710 0.7294
vn 0.4768 -0.6577 0.5831
vn 0.6556 -0.7465 0.1140
vn 0.5596 -0.8280 -0.0352
vn -0.4709 0.4961 0.7295
vn 0.0181 -0.1798 0.9835
vn 0.0674 0.0501 0.9965
vn 0.5669 -0.5270 0.6332
vn 0.4829 -0.5104 0.7115
vn 0.0172 0.0400 0.9991
vn 0.3662 -0.6489 -0.6669
vn 0.6089 -0.7898 0.0740
vn 0.4409 -0.6022 -0.6655
vn 0.6548 -0.7557 0.0113
vn -0.2275 0.1650 0.9597
vn -0.5266 0.5196 0.6728
vn -0.7759 0.6307 0.0136
vn -0.8371 0.5368 0.1057
vn -0.6325 0.4103 -0.6569
vn 0.6402 -0.7616 0.1005
vn 0.5319 -0.5298 0.6605
vn -0.1447 -0.0829 -0.9860
vn -0.2343 0.5502 0.8015
vn -0.6328 0.3694 0.6805
vn -0.3143 0.4576 0.8317
vn -0.4098 0.5327 0.7404
vn -0.9064 0.1982 0.3730
vn 0.4529 0.3718 0.8103
vn 0.3446 0.3427 0.8740
vn 0.3143 0.4687 0.8255
vn 0.8599 -0.1001 0.5006
vn 0.8990 -0.0552 0.4344
vn 0.8862 -0.0045 0.4632
vn 0.8143 -0.5791 -0.0397
vn 0.8379 -0.5367 -0.0994
vn 0.3396 -0.8811 -0.3291
vn 0.4000 -0.8551 -0.3297
vn 0.0211 -0.8952 -0.4452
vn 0.8919 -0.4220 -0.1629
vn 0.4132 -0.6996 -0.5830
vn 0.8499 -0.5170 -0.1019
vn 0.4125 -0.7779 -0.4740
vn -0.2596 -0.7464 -0.6128
vn -0.2191 -0.6288 -0.7461
vn -0.3957 -0.8385 -0.3745
vn 0.0968 -0.9928 0.0705
vn -0.5936 -0.7255 0.3482
vn -0.8919 -0.3443 -0.2932
vn -0.6134 0.1385 0.7775
vn -0.9270 0.3445 0.1485
vn 0.2196 0.5306 0.8187
vn 0.2024 0.5163 0.8322
vn 0.8644 0.1585 0.4772
vn 0.8246 0.0699 0.5613
vn 0.9233 -0.3673 -0.1118
vn 0.8186 -0.5676 -0.0874
vn 0.5764 -0.7562 0.3096
vn 0.4571 -0.2607 0.8504
vn 0.1534 0.3098 0.9383
vn -0.4790 0.5522 0.6823
vn -0.9228 0.3247 0.2075
vn -0.4640 0.5608 0.6857
vn -0.9146 0.3140 0.2547
vn -0.4734 0.2296 0.8504
vn -0.9023 0.1595 0.4005
vn -0.8944 -0.1747 -0.4118
vn -0.9396 -0.2069 -0.2728
vn -0.8828 -0.4112 0.2273
vn -0.3032 -0.5245 0.7956
vn -0.4384 -0.8901 -0.1248
vn 0.0862 -0.9833 0.1601
vn -0.3008 -0.7480 -0.5916
vn 0.3687 -0.7982 -0.4764
vn -0.2953 -0.5971 -0.7459
vn 0.4076 -0.6939 -0.5936
vn -0.4623 0.6288 0.6253
vn 0.2786 0.5775 0.7673
vn 0.9225 0.0950 0.3740
vn -0.8121 -0.2461 -0.5290
vn 0.2716 -0.8724 0.4064
vn 0.5446 -0.8385 -0.0179
vn 0.6285 -0.7776 -0.0174
vn 0.2687 -0.9193 -0.2875
vn -0.7996 -0.3688 -0.4740
vn -0.9323 0.3487 -0.0959
vn -0.7583 0.3924 0.5206
vn -0.8092 0.5863 -0.0389
vn 0.3509 -0.6068 -0.7132
vn 0.5659 -0.8242 0.0187
vn 0.0522 0.0188 0.9985
vn 0.4299 -0.5363 0.7263
vn -0.4973 -0.2429 0.8329
vn -0.5040 0.4889 0.7121
vn -0.7818 0.6226 -0.0330
vn -0.5951 0.3860 -0.7049
vn 0.6911 -0.7226 0.0182
vn 0.5342 -0.4711 0.7019
vn 0.4520 -0.5548 -0.6985
vn -0.1084 -0.0731 -0.9914
vn -0.4299 -0.5363 0.7263
vn -0.5659 -0.8242 0.0187
vn -0.5342 -0.4711 0.7019
vn -0.5446 -0.8385 -0.0179
vn -0.3509 -0.6068 -0.7132
vn -0.6911 -0.7226 0.0182
vn -0.4520 -0.5548 -0.6985
vn -0.0522 0.0188 0.9985
vn 0.2351 -0.8968 -0.3748
vn 0.2773 -0.8983 0.3409
vn -0.9105 0.3976 0.1133
vn -0.8201 0.3316 -0.4663
vn -0.6226 -0.3209 -0.7137
vn 0.3092 -0.8546 -0.4173
vn 0.3937 -0.6532 -0.6468
vn -0.4744 -0.2760 -0.8359
vn -0.0576 -0.0956 -0.9938
vn 0.5698 -0.8199 0.0550
vn 0.5646 -0.8239 0.0483
vn -0.0195 0.0384 0.9991
vn 0.4237 -0.5537 0.7169
vn -0.7101 -0.3010 0.6365
vn -0.5625 0.5078 0.6525
vn -0.5253 0.3818 -0.7605
vn -0.7608 0.3631 -0.5379
vn -0.7576 0.6399 -0.1292
vn -0.8080 0.5594 -0.1850
vn -0.8795 0.4710 0.0685
vn -0.7913 -0.3405 0.5079
vn 0.3103 -0.9369 0.1607
vn 0.6437 -0.7651 0.0168
vn 0.6916 -0.7223 -0.0062
vn 0.4874 -0.6283 -0.6063
vn 0.4884 -0.5215 0.6997
vn 0.6542 -0.7516 0.0849
vn -0.4237 -0.5537 0.7169
vn -0.2773 -0.8983 0.3409
vn -0.5646 -0.8239 0.0483
vn -0.2351 -0.8968 -0.3747
vn 0.6226 -0.3209 -0.7138
vn -0.5698 -0.8199 0.0550
vn -0.3937 -0.6532 -0.6468
vn 0.7101 -0.3010 0.6365
vn 0.5570 0.4917 0.6693
vn 0.7817 0.6140 -0.1094
vn 0.5486 0.3630 -0.7532
vn -0.0009 -0.1564 -0.9877
vn -0.0467 -0.0356 0.9983
vn -0.4884 -0.5215 0.6997
vn -0.6542 -0.7516 0.0849
vn -0.4874 -0.6283 -0.6063
vn 0.6221 0.4001 -0.6729
vn 0.0386 -0.0981 -0.9944
vn 0.6140 0.3926 -0.6848
vn 0.5757 0.4532 0.6805
vn -0.0580 -0.0168 0.9982
vn 0.5839 0.4568 0.6711
vn 0.0172 0.0152 0.9997
vn 0.0707 -0.0671 -0.9952
vn -0.4207 -0.5007 -0.7565
vn -0.4663 -0.4377 0.7688
vn -0.7067 -0.7073 0.0154
vn -0.5340 -0.4957 0.6849
vn -0.7053 -0.7083 0.0277
vn -0.5226 -0.5572 -0.6453
vn 0.8147 0.5797 -0.0143
vn 0.8087 0.5882 -0.0013
vn 0.5625 0.5078 0.6525
vn 0.8080 0.5594 -0.1850
vn 0.9105 0.3977 0.1133
vn 0.5321 0.5411 -0.6512
vn 0.4636 0.4541 -0.7608
vn -0.1180 0.1431 -0.9826
vn -0.0707 0.0122 -0.9974
vn 0.8115 0.5523 -0.1908
vn 0.8201 0.3317 -0.4663
vn 0.8254 0.5601 0.0710
vn 0.8092 0.5863 -0.0389
vn 0.1084 -0.0731 -0.9914
vn 0.5951 0.3860 -0.7049
vn 0.7819 0.6226 -0.0330
vn 0.5040 0.4888 0.7120
vn 0.0195 0.0384 0.9991
vn 0.7576 0.6399 -0.1292
vn 0.5252 0.3818 -0.7605
vn 0.7592 0.5860 -0.2832
vn -0.6285 -0.7776 -0.0174
vn -0.6437 -0.7651 0.0168
vn 0.7112 0.6864 -0.1519
vn 0.6365 0.7266 0.2586
vn 0.7642 0.6345 -0.1157
vn 0.6567 0.6805 0.3251
vn 0.7024 0.5937 -0.3926
vn 0.5653 0.6034 0.5625
vn 0.7849 0.5862 0.2007
vn 0.5012 0.5029 -0.7042
vn -0.1730 -0.1477 -0.9738
vn -0.6756 -0.7371 -0.0177
vn -0.8019 -0.5911 -0.0871
vn -0.6127 -0.5767 -0.5403
vn -0.7029 -0.4054 -0.5844
vn 0.0576 -0.0956 -0.9938
vn -0.6916 -0.7223 -0.0062
vn 0.5687 0.4512 0.6878
vn 0.5475 0.4482 0.7067
vn -0.0013 0.0023 1.0000
vn 0.5311 0.3538 0.7699
vn 0.1188 -0.1257 0.9849
vn 0.3649 -0.6417 0.6746
vn 0.7746 0.0861 0.6265
vn 0.7236 -0.0226 -0.6898
vn 0.3609 -0.7044 -0.6112
vn 0.5273 0.2454 -0.8135
vn 0.1465 -0.2561 -0.9555
vn 0.5805 0.3816 -0.7193
vn 0.0361 -0.0949 -0.9948
vn 0.7752 0.6308 -0.0328
vn 0.7805 0.6219 -0.0640
vn 0.7091 0.5350 -0.4594
vn 0.7197 0.5989 0.3513
vn 0.9914 -0.1191 -0.0543
vn -0.4603 -0.4759 0.7494
vn -0.2012 -0.7268 0.6567
vn -0.6612 -0.7493 0.0375
vn -0.2748 -0.9611 0.0273
vn -0.4545 -0.5518 -0.6993
vn -0.1666 -0.7993 -0.5774
vn 0.4133 -0.9106 -0.0032
vn 0.8156 0.5786 -0.0035
vn -0.0573 -0.0177 0.9982
vn -0.0127 -0.1128 -0.9935
vn 0.6146 0.3882 -0.6867
vn 0.4744 -0.2760 -0.8359
vn 0.4798 0.4068 -0.7774
vn 0.7216 0.6817 -0.1209
vn 0.5124 0.4071 -0.7561
vn 0.7293 0.6813 -0.0639
vn 0.0039 -0.1483 -0.9889
vn -0.0462 -0.1678 -0.9847
vn 0.5451 0.5206 0.6571
vn 0.4934 0.5365 0.6846
vn -0.0497 0.0136 0.9987
vn 0.0451 0.0379 0.9983
vn -0.4530 -0.5114 0.7302
vn -0.3938 -0.5583 0.7302
vn -0.4184 -0.6392 -0.6453
vn -0.4885 -0.6163 -0.6177
vn -0.5845 -0.8114 -0.0018
vn -0.6397 -0.7668 0.0531
vn 0.4555 0.4084 -0.7910
vn -0.0106 -0.0926 -0.9956
vn -0.3092 -0.8546 -0.4172
vn 0.7608 0.3631 -0.5379
vn 0.8795 0.4709 0.0685
vn 0.7380 0.6385 -0.2181
vn 0.7913 -0.3405 0.5079
vn -0.3103 -0.9369 0.1607
vn -0.4004 -0.5916 -0.6998
vn -0.5248 -0.8444 -0.1079
vn -0.6308 -0.6505 -0.4231
vn -0.5851 -0.7782 -0.2280
vn 0.4128 -0.0541 0.9092
vn -0.3173 -0.0648 0.9461
vn 0.4107 -0.0375 0.9110
vn -0.8351 -0.0131 -0.5499
vn -0.2183 0.0389 -0.9751
vn -0.8344 -0.0582 -0.5480
vn -0.2232 -0.0213 -0.9745
vn 0.3570 0.0478 -0.9329
vn 0.3450 -0.0182 -0.9384
vn 0.8435 0.0294 -0.5363
vn 0.8395 -0.0303 -0.5424
vn 0.9998 -0.0091 -0.0176
vn 0.9991 -0.0380 -0.0171
vn 0.8629 -0.0606 0.5017
vn 0.8717 -0.0460 0.4879
vn 0.3987 -0.0953 0.9121
vn -0.2437 -0.1115 0.9634
vn -0.2799 -0.0792 0.9568
vn -0.8516 -0.0954 0.5154
vn -0.8360 -0.1015 0.5393
vn -0.9974 -0.0615 0.0383
vn -0.9958 -0.0829 0.0393
vn 0.8790 -0.0360 0.4755
vn 0.9981 -0.0499 -0.0353
vn 0.8329 -0.0573 -0.5504
vn 0.3424 -0.0343 -0.9389
vn -0.2394 -0.0359 -0.9703
vn -0.8390 -0.0744 -0.5390
vn -0.9955 -0.0855 0.0396
vn -0.8689 -0.0843 0.4877
vn 0.9967 -0.0576 -0.0571
vn 0.8992 -0.0318 0.4364
vn 0.9965 -0.0525 -0.0648
vn 0.8381 -0.0654 -0.5416
vn 0.8503 -0.0483 -0.5241
vn 0.3613 -0.0480 -0.9312
vn 0.3841 -0.0332 -0.9227
vn -0.2618 -0.0499 -0.9638
vn -0.2848 -0.0481 -0.9574
vn -0.8471 -0.0848 -0.5246
vn -0.8588 -0.0866 -0.5050
vn -0.9953 -0.0903 0.0363
vn -0.9960 -0.0847 0.0285
vn -0.8823 -0.0798 0.4639
vn -0.8987 -0.0534 0.4354
vn -0.3759 -0.0100 0.9266
vn -0.3459 -0.0527 0.9368
vn 0.4121 -0.0256 0.9108
vn 0.4266 0.0025 0.9044
vn 0.8862 -0.0385 0.4617
vn -0.3907 0.0205 0.9203
vn 0.4384 0.0190 0.8986
vn -0.9070 -0.0283 0.4202
vn -0.9967 -0.0778 0.0228
vn -0.8639 -0.0890 -0.4957
vn -0.2943 -0.0399 -0.9549
vn 0.3934 -0.0110 -0.9193
vn 0.8568 -0.0318 -0.5146
vn 0.9970 -0.0440 -0.0642
vn 0.9077 -0.0218 0.4192
vn 0.3763 -0.3715 -0.8488
vn 0.4096 -0.3561 -0.8399
vn -0.4389 -0.3399 -0.8318
vn -0.3913 -0.3532 -0.8498
vn 0.8967 -0.2609 -0.3576
vn 0.8800 -0.2375 -0.4113
vn 0.9822 -0.1875 0.0072
vn 0.9821 -0.1808 -0.0518
vn 0.8326 -0.1965 0.5179
vn 0.8786 -0.1990 0.4342
vn 0.2439 -0.2868 0.9264
vn 0.3785 -0.2298 0.8966
vn -0.3348 -0.2891 0.8968
vn -0.2752 -0.1938 0.9417
vn -0.8108 -0.2148 0.5445
vn -0.7974 -0.1834 0.5749
vn -0.9797 -0.1813 0.0860
vn -0.9779 -0.1858 0.0956
vn -0.8953 -0.2510 -0.3680
vn -0.8836 -0.2579 -0.3908
vn -0.3399 -0.3660 -0.8663
vn 0.6547 -0.3059 -0.6912
vn 0.9698 -0.2092 0.1252
vn 0.5098 -0.1663 0.8441
vn -0.2064 -0.0910 0.9742
vn -0.7813 -0.1510 0.6055
vn -0.9761 -0.1897 0.1062
vn -0.8713 -0.2643 -0.4136
vn -0.4739 0.3316 -0.8158
vn -0.4734 0.3313 -0.8162
vn -0.2490 0.0929 -0.9641
vn 0.1831 -0.3377 -0.9233
vn 0.1812 -0.3074 -0.9342
vn 0.5098 -0.6722 -0.5368
vn 0.5279 -0.6581 -0.5369
vn -0.2218 0.0900 -0.9709
vn -0.2144 0.1028 -0.9713
vn -0.5911 0.5090 -0.6257
vn -0.5820 0.4651 -0.6670
vn -0.7264 0.6873 0.0047
vn -0.7404 0.6720 0.0170
vn -0.5492 0.5494 0.6297
vn -0.5657 0.5422 0.6213
vn -0.1149 0.1408 0.9833
vn -0.0824 0.1067 0.9909
vn 0.2829 -0.2707 0.9202
vn 0.2743 -0.2470 0.9294
vn 0.5571 -0.6002 0.5739
vn 0.5629 -0.6063 0.5617
vn 0.6566 -0.7528 0.0455
vn 0.6481 -0.7606 0.0370
vn 0.2911 -0.3332 0.8968
vn 0.2910 -0.3330 0.8969
vn -0.1824 0.1415 0.9730
vn -0.1822 0.1414 0.9730
vn 0.5563 -0.6434 0.5259
vn 0.5561 -0.6432 0.5263
vn 0.6334 -0.7738 0.0088
vn 0.4950 -0.6999 -0.5150
vn 0.4946 -0.7000 -0.5152
vn 0.1701 -0.4262 -0.8885
vn 0.1698 -0.4262 -0.8886
vn -0.2959 0.0493 -0.9540
vn -0.2955 0.0487 -0.9541
vn -0.6621 0.4610 -0.5908
vn -0.6619 0.4604 -0.5916
vn -0.2959 0.0493 -0.9539
vn -0.7826 0.6223 0.0147
vn -0.7826 0.6224 0.0152
vn -0.6062 0.5072 0.6126
vn -0.6064 0.5074 0.6122
vn -0.6979 -0.7038 0.1327
vn -0.6979 -0.7037 0.1331
vn -0.7026 -0.6967 0.1448
vn -0.7026 -0.6967 0.1450
vn -0.6886 -0.7170 0.1081
vn -0.6886 -0.7171 0.1078
vn -0.6740 -0.7360 0.0630
vn -0.6741 -0.7359 0.0630
vn -0.6769 -0.7326 0.0710
vn -0.6742 -0.7359 0.0630
vn -0.6761 -0.7334 0.0711
vn -0.6741 -0.7360 0.0630
vn -0.6934 -0.7138 0.0982
vn -0.6936 -0.7136 0.0984
vn -0.6896 -0.7162 0.1073
vn -0.6894 -0.7165 0.1066
vn -0.6712 -0.7345 0.1005
vn -0.6715 -0.7342 0.0998
vn -0.6784 -0.7285 0.0950
vn -0.6786 -0.7284 0.0944
vn -0.6884 -0.7175 0.1062
vn -0.6882 -0.7177 0.1062
vn -0.1413 0.0014 -0.9900
vn 0.1592 -0.3165 -0.9351
vn 0.0155 -0.1593 -0.9871
vn -0.6250 0.4985 -0.6007
vn -0.4728 0.3343 -0.8153
vn -0.6256 0.4990 -0.5997
vn -0.7448 0.6670 0.0206
vn -0.5697 0.5452 0.6150
vn -0.5702 0.5451 0.6146
vn -0.0732 0.0764 0.9944
vn -0.1659 0.1762 0.9703
vn 0.1314 -0.1207 0.9839
vn 0.5530 -0.6324 0.5424
vn 0.5552 -0.6267 0.5468
vn 0.2383 -0.2499 0.9385
vn 0.3069 -0.3108 0.8996
vn 0.6399 -0.7684 0.0127
vn 0.6364 -0.7712 0.0154
vn 0.6399 -0.7684 0.0126
vn 0.5220 -0.6744 -0.5222
vn 0.5353 -0.6699 -0.5144
vn 0.2174 -0.3617 -0.9066
vn 0.1698 -0.3204 -0.9319
vn -0.1601 0.0052 -0.9871
vn -0.1643 0.1717 0.9713
vn -0.1656 0.1725 0.9710
vn 0.1056 -0.0881 0.9905
vn 0.1048 -0.0878 0.9906
vn 0.5643 -0.6130 0.5529
vn 0.3131 -0.3030 0.9001
vn 0.6426 -0.7658 0.0243
vn 0.5078 -0.6767 -0.5331
vn -0.6211 0.4964 -0.6065
vn -0.4639 0.3272 -0.8232
vn -0.6211 0.4967 -0.6063
vn -0.4640 0.3275 -0.8230
vn -0.7444 0.6674 0.0191
vn -0.7444 0.6674 0.0192
vn -0.5697 0.5449 0.6153
vn -0.5709 0.5451 0.6139
vn 0.1500 -0.1130 0.9822
vn -0.4389 0.3260 -0.8373
vn -0.7441 0.6677 0.0202
vn -0.6236 0.4903 -0.6089
vn -0.5698 0.5445 0.6156
vn -0.1644 0.1654 0.9724
vn -0.4578 0.3341 -0.8239
vn -0.4577 0.3338 -0.8241
vn -0.4576 0.3336 -0.8242
vn -0.4436 0.3324 -0.8323
vn -0.4436 0.3326 -0.8322
vn -0.4431 0.3326 -0.8325
vn -0.4579 0.3496 -0.8174
vn -0.4577 0.3491 -0.8177
vn -0.4650 0.3112 -0.8288
vn -0.8370 0.0258 -0.5466
vn -0.2111 0.1053 -0.9718
vn 0.3606 0.1261 -0.9241
vn 0.8368 0.0899 -0.5400
vn 0.9991 0.0122 -0.0405
vn 0.8594 -0.0815 0.5048
vn 0.3790 -0.1459 0.9138
vn -0.2248 -0.1597 0.9612
vn -0.8297 -0.1174 0.5457
vn -0.9982 -0.0504 0.0327
vn 0.3743 0.0956 -0.9224
vn 0.8605 0.0634 -0.5055
vn -0.1972 0.0635 -0.9783
vn -0.8886 -0.0214 -0.4581
vn 0.3753 -0.1669 0.9118
vn -0.2194 -0.1839 0.9581
vn 0.8591 -0.0886 0.5041
vn 0.9975 0.0057 -0.0699
vn -0.9980 -0.0543 0.0321
vn -0.8307 -0.1248 0.5426
vn -0.8457 -0.0611 -0.5301
vn -0.1891 -0.0629 -0.9799
vn -0.8334 -0.0615 -0.5493
vn 0.3811 -0.1474 0.9127
vn -0.2378 -0.1651 0.9572
vn 0.3790 -0.1544 0.9124
vn -0.2267 -0.1696 0.9591
vn 0.8612 -0.0713 0.5033
vn 0.8634 -0.0638 0.5005
vn 0.9912 0.0183 -0.1309
vn 0.9969 0.0131 -0.0774
vn 0.4180 -0.0466 -0.9072
vn 0.8526 -0.0157 -0.5223
vn 0.3986 -0.0053 -0.9171
vn 0.8661 0.0214 -0.4994
vn -0.9977 -0.0634 0.0234
vn -0.9965 -0.0617 0.0571
vn -0.8871 -0.0619 -0.4575
vn -0.8349 -0.1120 0.5389
vn -0.8337 -0.1124 0.5407
vn -0.1815 -0.0276 -0.9830
vn 0.9988 -0.0214 -0.0443
vn 0.8962 -0.0684 0.4384
vn 0.3790 -0.1294 0.9163
vn -0.2435 -0.1412 0.9596
vn -0.8384 -0.1000 0.5359
vn -0.9969 -0.0526 0.0591
vn -0.2201 -0.0632 -0.9734
vn 0.4384 -0.0447 -0.8977
vn 0.8605 -0.0200 -0.5091
vn 0.9918 -0.0318 -0.1239
vn 0.9873 -0.0584 0.1479
vn 0.9883 -0.0482 0.1450
vn 0.9891 -0.0409 -0.1415
vn 0.8304 -0.0833 0.5509
vn 0.8400 -0.0748 0.5374
vn 0.3607 -0.1031 0.9270
vn -0.2490 -0.1079 0.9625
vn -0.8374 -0.0884 0.5394
vn -0.9971 -0.0560 0.0513
vn 0.9073 0.0567 0.4167
vn 0.9854 0.0624 -0.1582
vn 0.9092 0.0554 0.4127
vn 0.5771 0.0260 0.8163
vn 0.6251 0.0346 0.7798
vn 0.4485 0.0201 0.8935
vn -0.9094 -0.0128 -0.4157
vn -0.8299 -0.0900 -0.5506
vn -0.6991 -0.1831 -0.6911
vn -0.5838 -0.3439 -0.7355
vn -0.4698 -0.3176 -0.8237
vn -0.6145 -0.4255 -0.6644
vn -0.8000 -0.5299 -0.2815
vn -0.7941 -0.5388 -0.2812
vn -0.7928 -0.6003 0.1053
vn -0.7888 -0.6057 0.1044
vn -0.7928 -0.6003 0.1054
vn -0.7888 -0.6057 0.1045
vn -0.7019 -0.5078 0.4995
vn 0.4573 0.0116 0.8893
vn 0.4529 0.0144 0.8915
vn 0.2575 -0.0854 0.9625
vn -0.2354 -0.0994 0.9668
vn -0.8280 -0.1034 0.5511
vn -0.9973 -0.0631 0.0379
vn 0.9875 0.0604 -0.1457
vn 0.7889 0.0432 -0.6130
vn 0.9878 0.0656 -0.1413
vn -0.4194 -0.0749 -0.9047
vn -0.2375 -0.0793 -0.9682
vn -0.8184 -0.1095 -0.5641
vn -0.8515 -0.0678 -0.5200
vn -0.9887 -0.1486 0.0216
vn -0.1808 -0.0707 0.9810
vn 0.0815 -0.0259 0.9963
vn -0.7923 -0.2217 0.5685
vn -0.0773 -0.0896 -0.9930
vn 0.3225 -0.0745 -0.9436
vn 0.0953 0.0068 0.9954
vn -0.1112 -0.0879 0.9899
vn 0.1098 0.0305 0.9935
vn 0.0378 -0.0265 0.9989
vn 0.1405 0.0479 0.9889
vn 0.1250 0.0138 0.9921
vn 0.6478 0.0301 0.7612
vn 0.4642 0.0154 0.8856
vn 0.9124 0.0539 0.4058
vn 0.9861 0.0626 -0.1541
vn 0.7795 0.0398 -0.6252
vn 0.5111 0.0278 -0.8591
vn 0.5028 0.0184 -0.8642
vn 0.2393 0.0177 -0.9708
vn 0.2361 0.0092 -0.9717
vn 0.2485 0.0140 -0.9685
vn 0.5224 0.0327 -0.8521
vn 0.7945 0.0534 -0.6049
vn 0.9143 0.0570 0.4011
vn 0.6555 0.0365 0.7543
vn 0.4754 0.0238 0.8795
vn 0.7731 0.0393 -0.6331
vn 0.4977 0.0146 -0.8672
vn 0.6597 0.0449 0.7502
vn 0.4845 0.0296 0.8743
vn 0.9142 0.0656 0.4000
vn 0.9876 0.0723 -0.1393
vn 0.7996 0.0578 -0.5977
vn 0.5371 0.0385 -0.8426
vn 0.2552 0.0270 -0.9665
vn 0.2371 0.0022 -0.9715
vn -0.9019 -0.0112 -0.4319
vn -0.8994 -0.0111 -0.4369
vn -0.8966 -0.0549 -0.4395
vn -0.8999 -0.0642 -0.4313
vn -0.8905 -0.0539 -0.4517
vn -0.8896 -0.0272 -0.4560
vn -0.8895 -0.0271 -0.4560
vn -0.7050 -0.5111 0.4916
vn -0.4802 -0.3999 0.7807
vn -0.4834 -0.4009 0.7782
vn -0.2273 -0.3702 0.9007
vn -0.2870 -0.2992 0.9100
vn 0.8635 -0.0256 -0.5037
vn 0.0288 -0.0709 0.9971
vn 0.0315 -0.1223 0.9920
vn 0.0732 -0.0426 0.9964
vn 0.6069 -0.3431 0.7169
vn 0.6969 -0.0735 0.7134
vn 0.6062 -0.3455 0.7164
vn 0.3700 -0.5987 0.7104
vn -0.1537 -0.3082 -0.9388
vn -0.1446 -0.4278 -0.8923
vn -0.0285 -0.2258 -0.9738
vn -0.0572 -0.2422 -0.9685
vn -0.3224 -0.4251 -0.8458
vn -0.0548 -0.2091 0.9763
vn -0.2377 -0.3758 0.8957
vn -0.5276 -0.3017 -0.7941
vn -0.3887 -0.2341 -0.8911
vn -0.2238 -0.1672 -0.9602
vn -0.1494 -0.1515 -0.9771
vn -0.2665 -0.1769 -0.9475
vn -0.0000 -0.1766 -0.9843
vn -0.0000 -0.1361 -0.9907
vn 0.2238 -0.1672 -0.9602
vn 0.2665 -0.1769 -0.9475
vn 0.1494 -0.1515 -0.9771
vn 0.0752 0.0124 -0.9971
vn 0.0722 0.0091 -0.9973
vn 0.0780 0.0066 -0.9969
vn 0.0724 0.0008 -0.9974
vn 0.0701 0.0319 -0.9970
vn -0.0030 0.0376 -0.9993
vn 0.0057 0.0057 -1.0000
vn 0.0080 0.0019 -1.0000
vn 0.0086 0.0019 -1.0000
vn 0.0093 0.0098 -0.9999
vn 0.0081 0.0096 -0.9999
vn 0.0080 0.0096 -0.9999
vn 0.0104 0.0109 -0.9999
vn 0.0074 0.0109 -0.9999
vn 0.0045 0.0067 -1.0000
vn -0.0000 0.0384 -0.9993
vn -0.0722 -0.3918 0.9172
vn -0.0017 -0.4169 0.9090
vn -0.3195 -0.2373 0.9174
vn -0.5946 -0.0177 0.8039
vn -0.5972 -0.0187 0.8019
vn -0.6254 -0.0998 0.7739
vn -0.5480 -0.1248 0.8271
vn -0.3196 -0.2372 0.9174
vn -0.2871 -0.2992 0.9100
vn -0.5936 -0.0462 0.8034
vn -0.6011 -0.0556 0.7972
vn -0.6969 -0.0735 0.7134
vn -0.6062 -0.3455 0.7164
vn -0.6069 -0.3431 0.7169
vn -0.3700 -0.5987 0.7104
vn -0.5725 -0.1556 0.8050
vn 0.3742 0.0091 0.9273
vn 0.2589 -0.0057 0.9659
vn 0.2589 -0.0018 0.9659
vn 0.6740 0.0306 0.7381
vn 0.5080 0.0175 0.8612
vn 0.6680 0.0329 0.7435
vn 0.4987 0.0181 0.8666
vn 0.9199 0.0533 0.3886
vn 0.9166 0.0598 0.3953
vn 0.9892 0.0623 -0.1328
vn 0.9880 0.0728 -0.1362
vn 0.8030 0.0683 -0.5921
vn 0.8054 0.0541 -0.5903
vn 0.5300 0.0615 -0.8458
vn 0.5377 0.0823 -0.8391
vn 0.2474 0.0773 -0.9658
vn 0.2490 0.0987 -0.9635
vn 0.0579 0.0798 -0.9951
vn 0.0539 0.0982 -0.9937
vn -0.0000 0.0882 -0.9961
vn -0.0166 0.0973 -0.9951
vn -0.0000 0.0982 -0.9952
vn 0.4915 0.0237 0.8706
vn 0.6644 0.0380 0.7464
vn 0.9150 0.0600 0.3990
vn 0.9879 0.0700 -0.1388
vn 0.8032 0.0624 -0.5924
vn 0.5430 0.0645 -0.8372
vn 0.2527 0.0699 -0.9650
vn 0.0585 0.0749 -0.9955
vn -0.0110 0.0786 -0.9968
vn -0.0000 0.0795 -0.9968
vn -0.9103 -0.0214 -0.4135
vn -0.9082 -0.0301 -0.4174
vn -0.9093 -0.0374 -0.4145
vn 0.1234 -0.0029 0.9924
vn 0.1280 -0.0096 0.9917
vn 0.2803 0.0209 0.9597
vn 0.1333 -0.0163 0.9909
vn 0.5177 -0.7918 0.3240
vn 0.4693 -0.8294 0.3032
vn -0.9052 -0.0132 -0.4249
vn -0.9000 -0.0470 -0.4333
vn -0.8965 -0.0039 -0.4431
vn 0.4673 0.0394 0.8832
vn 0.4040 0.0385 0.9139
vn 0.4790 0.0414 0.8768
vn 0.1611 -0.1238 0.9791
vn 0.0460 -0.2152 0.9755
vn 0.1615 0.0058 0.9869
vn 0.1813 -0.0338 0.9828
vn 0.1776 0.0118 0.9840
vn 0.1567 -0.0174 0.9875
vn -0.0151 0.0023 0.9999
vn 0.1166 -0.0132 0.9931
vn 0.2356 0.0125 0.9718
vn 0.1608 -0.0305 0.9865
vn 0.1556 -0.0244 0.9875
vn 0.1361 -0.0284 0.9903
vn 0.1556 -0.0250 0.9875
vn -0.2369 -0.0299 0.9711
vn -0.1600 -0.1239 0.9793
vn -0.4001 0.0023 0.9165
vn -0.6740 0.0306 0.7381
vn -0.6680 0.0329 0.7435
vn -0.5080 0.0175 0.8612
vn -0.4987 0.0181 0.8666
vn -0.9199 0.0533 0.3886
vn -0.9166 0.0598 0.3953
vn -0.9892 0.0623 -0.1328
vn -0.9880 0.0728 -0.1362
vn -0.8054 0.0542 -0.5903
vn -0.8030 0.0683 -0.5921
vn -0.5300 0.0615 -0.8458
vn -0.5377 0.0823 -0.8391
vn -0.2490 0.0987 -0.9635
vn -0.2474 0.0773 -0.9658
vn -0.0539 0.0982 -0.9937
vn -0.0579 0.0798 -0.9951
vn 0.0166 0.0973 -0.9951
vn -0.6644 0.0380 0.7464
vn -0.4915 0.0237 0.8706
vn -0.9150 0.0600 0.3990
vn -0.9879 0.0700 -0.1388
vn -0.8032 0.0624 -0.5924
vn -0.5430 0.0645 -0.8372
vn -0.2527 0.0699 -0.9650
vn -0.0585 0.0749 -0.9955
vn 0.0110 0.0786 -0.9968
vn 0.9102 -0.0239 -0.4134
vn 0.9086 -0.0337 -0.4163
vn 0.9068 -0.0405 -0.4196
vn -0.1235 -0.0198 0.9921
vn -0.2181 0.0021 0.9759
vn -0.1201 -0.0004 0.9928
vn -0.2301 0.0522 0.9718
vn -0.1272 -0.0390 0.9911
vn -0.2519 0.0774 0.9647
vn -0.2728 0.0366 0.9614
vn -0.3302 0.1081 0.9377
vn -0.3503 0.0414 0.9357
vn -0.4071 0.0866 0.9093
vn 0.8759 -0.0596 -0.4789
vn 0.9145 -0.0292 -0.4036
vn 0.9165 -0.0781 -0.3924
vn -0.1570 -0.0258 0.9873
vn -0.1571 -0.0258 0.9872
vn -0.1715 -0.0357 0.9845
vn -0.1622 0.0037 0.9867
vn -0.0460 -0.2152 0.9755
vn -0.1813 -0.0338 0.9828
vn -0.1567 -0.0176 0.9875
vn -0.1776 0.0118 0.9840
vn -0.1245 -0.0074 0.9922
vn -0.1608 -0.0305 0.9865
vn -0.2356 0.0125 0.9718
vn 0.0187 -0.0018 0.9998
vn -0.1032 0.0074 0.9946
vn -0.1360 -0.0284 0.9903
vn 0.0030 0.0376 -0.9993
vn -0.2552 0.0270 -0.9665
vn -0.0701 0.0319 -0.9970
vn -0.5371 0.0385 -0.8426
vn -0.7996 0.0578 -0.5977
vn -0.9876 0.0723 -0.1393
vn -0.9142 0.0656 0.4000
vn -0.6597 0.0449 0.7502
vn -0.4845 0.0296 0.8743
vn 0.9083 -0.0470 -0.4157
vn 0.9030 -0.0607 -0.4252
vn 0.1946 0.0374 0.9802
vn 0.1061 0.0032 0.9944
vn 0.1906 0.0851 0.9780
vn 0.2047 -0.9782 0.0346
vn 0.2243 -0.9708 0.0847
vn 0.2257 -0.9705 0.0846
vn 0.0043 -0.0190 0.9998
vn 0.0005 -0.0028 1.0000
vn 0.0313 -0.0029 0.9995
vn -0.0115 -0.0717 0.9974
vn -0.0215 -0.0009 0.9998
vn -0.0791 -0.0432 0.9959
vn -0.1143 0.0089 0.9934
vn 0.0081 -0.0356 0.9993
vn -0.2822 0.9381 0.2010
vn -0.2879 0.9188 0.2701
vn -0.2823 0.9380 0.2012
vn -0.2944 0.8952 0.3346
vn -0.3004 0.8936 0.3336
vn -0.3105 0.8877 0.3400
vn -0.3078 0.9115 0.2728
vn -0.2687 0.9517 0.1484
vn -0.2342 0.9688 0.0809
vn 0.2625 -0.9488 0.1757
vn 0.2626 -0.9490 0.1742
vn 0.3024 -0.9294 0.2116
vn 0.2936 -0.9351 0.1982
vn 0.3136 -0.9272 0.2051
vn 0.3456 -0.9040 0.2517
vn 0.3458 -0.9044 0.2499
vn 0.3946 -0.8765 0.2757
vn -0.2321 0.1182 0.9655
vn 0.8961 -0.0541 -0.4406
vn 0.8985 -0.0630 -0.4345
vn -0.1492 0.0489 0.9876
vn -0.1287 0.0518 0.9903
vn -0.1271 0.0202 0.9917
vn 0.2376 -0.0288 0.9709
vn 0.1693 -0.0322 0.9850
vn 0.1378 -0.0000 0.9905
vn 0.1722 0.0160 0.9849
vn 0.1533 0.0156 0.9881
vn 0.1206 -0.0085 0.9927
vn 0.0244 -0.0323 0.9992
vn -0.0804 -0.0214 0.9965
vn -0.0805 -0.0215 0.9965
vn -0.1398 0.0036 0.9902
vn -0.0804 -0.0215 0.9965
vn -0.1186 0.0017 0.9929
vn -0.1588 0.0101 0.9873
vn -0.2780 0.0605 0.9587
vn -0.2661 0.0021 0.9639
vn -0.2832 0.1958 0.9389
vn -0.1662 0.0220 0.9858
vn -0.1248 0.0237 0.9919
vn -0.0265 0.0169 0.9995
vn 0.0293 0.0123 0.9995
vn 0.1160 0.0119 0.9932
vn 0.2384 0.0142 0.9711
vn 0.2341 0.0710 0.9696
vn 0.2291 0.1020 0.9680
vn -0.2450 -0.0407 -0.9687
vn -0.0827 -0.0386 -0.9958
vn -0.2487 -0.0153 -0.9685
vn -0.4380 -0.8192 -0.3702
vn -0.4585 -0.8545 -0.2441
vn -0.0341 -0.9758 -0.2161
vn -0.1614 -0.9578 -0.2379
vn 0.1942 -0.9607 -0.1985
vn 0.2145 -0.9601 -0.1793
vn 0.2190 -0.9554 -0.1979
vn 0.9427 -0.1168 0.3125
vn 0.9357 -0.0937 0.3401
vn 0.9427 -0.1172 0.3124
vn -0.8332 -0.0030 0.5530
vn -0.9654 0.0019 0.2606
vn -0.1202 0.0384 0.9920
vn 0.9357 0.0193 0.3523
vn 0.7063 0.0074 0.7079
vn 0.6432 -0.0002 0.7657
vn 0.5214 0.0123 0.8532
vn 0.6855 0.0113 0.7280
vn 0.9297 0.0320 0.3669
vn 0.5275 -0.0023 0.8496
vn 0.5188 -0.0051 0.8549
vn 0.9948 0.0202 -0.1002
vn 0.9912 0.0374 -0.1270
vn 0.9229 0.0377 0.3831
vn 0.6777 0.0215 0.7351
vn 0.5149 0.0139 0.8571
vn 0.8117 0.0220 -0.5837
vn 0.5265 0.0216 -0.8499
vn 0.2480 0.0279 -0.9684
vn 0.0660 0.0246 -0.9975
vn -0.0000 0.0193 -0.9998
vn 0.5159 0.0091 0.8566
vn 0.6796 0.0166 0.7334
vn 0.9258 0.0340 0.3765
vn 0.9929 0.0259 -0.1161
vn 0.8206 -0.0049 -0.5715
vn 0.5240 -0.0177 -0.8515
vn 0.2487 -0.0153 -0.9685
vn 0.0762 -0.0191 -0.9969
vn -0.0000 -0.0218 -0.9998
vn 0.8342 -0.0241 -0.5509
vn 0.5236 -0.0466 -0.8507
vn 0.2450 -0.0407 -0.9687
vn 0.0827 -0.0386 -0.9958
vn -0.0000 -0.0424 -0.9991
vn -0.9777 -0.0112 -0.2098
vn -0.9693 -0.0310 -0.2437
vn -0.9772 -0.0116 -0.2122
vn -0.9687 -0.0305 -0.2464
vn -0.9852 -0.0200 -0.1701
vn -0.9514 -0.0492 -0.3041
vn -0.9510 -0.0490 -0.3054
vn -0.8886 -0.1241 -0.4416
vn -0.9654 0.0020 0.2606
vn -0.9933 -0.0428 -0.1073
vn 0.2558 -0.0150 0.9666
vn 0.2435 -0.0073 0.9699
vn 0.0951 -0.0064 0.9954
vn 0.0878 0.0067 0.9961
vn 0.0996 -0.0094 0.9950
vn 0.2734 -0.0187 0.9617
vn 0.0204 -0.0086 0.9998
vn 0.0187 -0.0028 0.9998
vn 0.0129 0.0132 0.9998
vn 0.2931 -0.0497 0.9548
vn 0.1011 -0.0420 0.9940
vn 0.0349 -0.0362 0.9987
vn 0.1014 -0.0701 0.9924
vn 0.2703 -0.0971 0.9579
vn 0.2866 -0.0989 0.9529
vn 0.1062 -0.1771 0.9784
vn 0.4271 -0.0809 0.9006
vn 0.1050 -0.1379 0.9849
vn 0.0643 -0.1099 0.9919
vn 0.3544 -0.0194 0.9349
vn 0.3767 -0.0216 0.9261
vn 0.4048 -0.0253 0.9141
vn 0.4214 -0.0472 0.9056
vn 0.4326 -0.0589 0.8997
vn -0.2798 0.9391 0.1994
vn -0.2803 0.9391 0.1989
vn -0.2803 0.9391 0.1990
vn 0.0061 0.0032 1.0000
vn 0.0636 0.0036 0.9980
vn -0.8635 -0.1734 -0.4736
vn -0.8752 -0.1105 -0.4710
vn -0.2924 0.9316 0.2161
vn -0.2799 0.9391 0.1994
vn 0.1849 -0.0363 0.9821
vn -0.0716 -0.4667 0.8815
vn 0.0517 -0.9673 -0.2483
vn 0.1595 -0.9552 -0.2493
vn 0.4531 -0.8439 -0.2873
vn 0.4532 -0.8440 -0.2868
vn -0.1744 -0.9434 -0.2821
vn -0.1675 -0.9490 -0.2670
vn 0.4486 -0.8198 -0.3560
vn 0.4512 -0.8218 -0.3480
vn -0.1928 -0.9245 -0.3289
vn -0.9427 -0.1168 0.3125
vn -0.9427 -0.1172 0.3124
vn -0.9357 -0.0937 0.3401
vn 0.8332 -0.0030 0.5530
vn 0.1202 0.0384 0.9920
vn 0.9654 0.0020 0.2606
vn -0.7063 0.0074 0.7079
vn -0.9357 0.0193 0.3523
vn -0.6432 -0.0002 0.7657
vn -0.5214 0.0123 0.8532
vn -0.9297 0.0320 0.3669
vn -0.6855 0.0113 0.7280
vn -0.5275 -0.0023 0.8496
vn -0.5188 -0.0051 0.8549
vn -0.9948 0.0202 -0.1002
vn -0.9912 0.0374 -0.1270
vn -0.9229 0.0377 0.3831
vn -0.6777 0.0215 0.7351
vn -0.5149 0.0139 0.8571
vn -0.8117 0.0220 -0.5837
vn -0.5265 0.0216 -0.8499
vn -0.0660 0.0246 -0.9975
vn -0.2480 0.0279 -0.9684
vn -0.5159 0.0091 0.8566
vn -0.6796 0.0166 0.7334
vn -0.9258 0.0340 0.3765
vn -0.9929 0.0259 -0.1161
vn -0.8206 -0.0049 -0.5715
vn -0.5240 -0.0177 -0.8515
vn -0.0762 -0.0191 -0.9969
vn -0.8342 -0.0241 -0.5509
vn -0.5235 -0.0466 -0.8507
vn 0.9687 -0.0305 -0.2464
vn 0.9693 -0.0310 -0.2437
vn 0.9772 -0.0116 -0.2122
vn 0.9777 -0.0112 -0.2098
vn 0.9654 0.0019 0.2606
vn 0.9852 -0.0200 -0.1701
vn 0.9623 -0.0303 -0.2705
vn 0.9626 -0.0304 -0.2692
vn 0.8835 -0.0791 -0.4618
vn 0.9933 -0.0428 -0.1073
vn -0.1114 0.0071 0.9938
vn -0.2435 -0.0073 0.9699
vn -0.1266 -0.0043 0.9919
vn -0.2571 -0.0141 0.9663
vn -0.1355 -0.0091 0.9907
vn -0.2751 -0.0192 0.9612
vn -0.0269 -0.0004 0.9996
vn -0.0218 -0.0098 0.9997
vn -0.0264 0.0159 0.9995
vn -0.1416 -0.0467 0.9888
vn -0.3166 -0.0529 0.9471
vn -0.0106 -0.0119 0.9999
vn -0.3231 -0.6645 -0.6738
vn -0.3289 -0.6636 -0.6719
vn -0.3461 -0.6625 -0.6643
vn -0.3460 -0.6625 -0.6643
vn -0.3289 -0.6637 -0.6719
vn -0.4035 -0.7553 -0.5164
vn -0.2782 -0.0747 0.9576
vn -0.0813 -0.1662 0.9827
vn -0.2847 -0.1061 0.9527
vn -0.4281 -0.0993 0.8983
vn -0.0613 -0.1576 0.9856
vn 0.0194 -0.2073 0.9781
vn -0.3544 -0.0194 0.9349
vn -0.3767 -0.0216 0.9261
vn -0.4048 -0.0253 0.9141
vn -0.4214 -0.0472 0.9056
vn -0.4200 -0.0843 0.9036
vn -0.3990 0.0028 0.9169
vn -0.0544 0.0205 0.9983
vn -0.0781 -0.0123 0.9969
vn 0.7724 -0.0289 -0.6345
vn -0.4335 0.0246 0.9008
vn -0.4322 0.0246 0.9014
vn -0.1851 -0.0363 0.9820
vn 0.0716 -0.4667 0.8815
vn -0.0994 0.0114 0.9950
vn -0.1247 -0.0029 0.9922
vn -0.1308 -0.0061 0.9914
vn -0.1311 -0.0447 0.9904
vn -0.0432 -0.0979 0.9943
vn -0.0165 -0.1593 0.9871
vn 0.0214 -0.2119 0.9771
vn -0.4586 -0.7998 -0.3873
vn -0.4505 -0.8313 -0.3255
vn 0.0775 -0.0118 0.9969
vn -0.0891 0.0919 0.9918
vn -0.0726 0.1198 0.9901
vn -0.0890 0.0918 0.9918
vn 0.0820 0.0666 0.9944
vn 0.1037 0.0610 0.9927
vn 0.0819 0.0666 0.9944
vn 0.0598 0.0723 0.9956
vn 0.0008 0.0210 0.9998
vn 0.4090 0.0631 0.9104
vn 0.4912 0.0434 0.8699
vn 0.3796 0.0265 0.9248
vn 0.3753 0.0018 0.9269
vn 0.3800 0.0264 0.9246
vn 0.3764 0.0014 0.9264
vn 0.0355 -0.0316 0.9989
vn -0.4188 0.0061 -0.9081
vn -0.4242 0.0058 -0.9056
vn -0.4187 0.0059 -0.9081
vn -0.0618 0.0017 0.9981
vn -0.0617 0.0017 0.9981
vn 0.4510 -0.8077 -0.3797
vn 0.4522 -0.8105 -0.3724
vn 0.4593 -0.7994 -0.3872
vn -0.0723 0.0005 0.9974
vn -0.0617 0.0016 0.9981
vn -0.1051 0.0639 0.9924
vn -0.6478 0.0301 0.7612
vn -0.9092 0.0554 0.4127
vn -0.5771 0.0260 0.8163
vn -0.4642 0.0154 0.8856
vn -0.4573 0.0116 0.8893
vn -0.9124 0.0539 0.4058
vn -0.9875 0.0604 -0.1457
vn -0.9861 0.0626 -0.1541
vn -0.7889 0.0432 -0.6130
vn -0.7795 0.0398 -0.6252
vn -0.5111 0.0278 -0.8591
vn -0.5028 0.0184 -0.8642
vn -0.2393 0.0177 -0.9708
vn -0.2361 0.0092 -0.9717
vn -0.0722 0.0091 -0.9973
vn -0.0752 0.0124 -0.9971
vn -0.0780 0.0066 -0.9969
vn -0.2485 0.0140 -0.9685
vn -0.5224 0.0327 -0.8521
vn -0.7945 0.0534 -0.6049
vn -0.9878 0.0656 -0.1413
vn -0.9143 0.0570 0.4011
vn -0.6555 0.0365 0.7543
vn -0.4754 0.0238 0.8795
vn -0.0724 0.0008 -0.9974
vn -0.2371 0.0022 -0.9715
vn -0.4977 0.0146 -0.8672
vn -0.7731 0.0393 -0.6331
vn -0.9854 0.0624 -0.1582
vn -0.9073 0.0567 0.4167
vn -0.6251 0.0346 0.7798
vn -0.4485 0.0202 0.8935
vn -0.0057 0.0057 -1.0000
vn -0.0080 0.0096 -0.9999
vn -0.0086 0.0019 -1.0000
vn -0.0093 0.0098 -0.9999
vn -0.0080 0.0019 -1.0000
vn -0.0074 0.0109 -0.9999
vn -0.0081 0.0096 -0.9999
vn -0.0105 0.0109 -0.9999
vn -0.0104 0.0109 -0.9999
vn -0.0045 0.0067 -1.0000
vn 0.9094 -0.0127 -0.4157
vn 0.8301 -0.0899 -0.5504
vn 0.8994 -0.0111 -0.4369
vn 0.9019 -0.0111 -0.4319
vn 0.8902 -0.0539 -0.4524
vn 0.6991 -0.1831 -0.6912
vn 0.8896 -0.0271 -0.4560
vn 0.8891 -0.0272 -0.4568
vn 0.4698 -0.3176 -0.8237
vn 0.5838 -0.3439 -0.7355
vn 0.6145 -0.4255 -0.6644
vn 0.8000 -0.5299 -0.2815
vn 0.7941 -0.5388 -0.2812
vn 0.7928 -0.6003 0.1054
vn 0.7888 -0.6057 0.1044
vn 0.7019 -0.5078 0.4995
vn 0.4802 -0.3999 0.7807
vn 0.7050 -0.5112 0.4916
vn 0.4834 -0.4009 0.7782
vn 0.2273 -0.3702 0.9007
vn 0.0722 -0.3918 0.9172
vn 0.2870 -0.2992 0.9100
vn 0.0017 -0.4169 0.9090
vn 0.7888 -0.6057 0.1045
vn 0.3195 -0.2372 0.9174
vn 0.5946 -0.0177 0.8039
vn 0.6254 -0.0998 0.7739
vn 0.5972 -0.0187 0.8019
vn 0.5479 -0.1248 0.8271
vn 0.3196 -0.2372 0.9174
vn 0.5936 -0.0462 0.8034
vn 0.2871 -0.2992 0.9100
vn 0.6011 -0.0556 0.7972
vn -0.4529 0.0144 0.8915
vn 0.5725 -0.1556 0.8050
vn -0.0000 -0.5482 -0.8363
vn -0.0000 -0.4665 -0.8845
vn -0.0000 -0.4690 -0.8832
vn -0.0000 -0.2597 -0.9657
vn -0.0000 -0.9588 -0.2840
vn -0.0000 -0.9665 0.2566
vn -0.0000 -0.6366 0.7712
vn 0.1537 -0.3082 -0.9388
vn 0.0285 -0.2258 -0.9738
vn 0.1446 -0.4277 -0.8923
vn 0.0571 -0.2422 -0.9685
vn 0.3223 -0.4251 -0.8458
vn 0.5276 -0.3017 -0.7941
vn -0.0346 -0.1229 0.9918
vn -0.0378 -0.0265 0.9989
vn 0.0569 -0.2098 0.9761
vn 0.8515 -0.0678 -0.5200
vn 0.2375 -0.0793 -0.9682
vn 0.8184 -0.1095 -0.5641
vn 0.4194 -0.0749 -0.9047
vn 0.9887 -0.1486 0.0216
vn 0.9973 -0.0631 0.0379
vn -0.2570 -0.0854 0.9626
vn 0.2354 -0.0994 0.9668
vn -0.0815 -0.0259 0.9963
vn 0.1808 -0.0707 0.9810
vn 0.8280 -0.1034 0.5511
vn 0.7922 -0.2218 0.5685
vn 0.1112 -0.0879 0.9899
vn 0.2201 -0.0632 -0.9734
vn -0.3223 -0.0750 -0.9437
vn -0.4384 -0.0447 -0.8977
vn -0.8635 -0.0256 -0.5037
vn -0.8605 -0.0200 -0.5091
vn -0.9891 -0.0409 -0.1415
vn -0.9918 -0.0318 -0.1239
vn -0.8400 -0.0748 0.5374
vn -0.3607 -0.1031 0.9270
vn -0.8304 -0.0833 0.5509
vn 0.2490 -0.1079 0.9625
vn 0.8374 -0.0884 0.5394
vn 0.9971 -0.0560 0.0513
vn 0.8457 -0.0611 -0.5302
vn 0.2392 -0.3748 0.8957
vn 0.3887 -0.2341 -0.8911
vn 0.0773 -0.0896 -0.9930
vn -0.0954 0.0068 0.9954
vn -0.1100 0.0306 0.9935
vn 0.0146 -0.1513 0.9884
vn -0.0259 -0.5596 0.8283
vn -0.0511 -0.2627 0.9635
vn -0.0647 -0.2857 0.9561
vn -0.0232 -0.1591 0.9870
vn -0.9873 -0.0584 0.1479
vn -0.9883 -0.0482 0.1450
vn -0.9891 -0.0409 -0.1414
vn -0.8661 0.0214 -0.4994
vn -0.9988 -0.0214 -0.0443
vn -0.8526 -0.0157 -0.5223
vn 0.2267 -0.1696 0.9591
vn 0.2378 -0.1651 0.9572
vn -0.3790 -0.1544 0.9124
vn -0.3811 -0.1474 0.9127
vn -0.8612 -0.0713 0.5033
vn -0.8634 -0.0638 0.5005
vn -0.9912 0.0183 -0.1309
vn -0.9969 0.0131 -0.0774
vn -0.4180 -0.0466 -0.9072
vn -0.3986 -0.0053 -0.9171
vn 0.9977 -0.0634 0.0234
vn 0.8871 -0.0619 -0.4575
vn 0.9965 -0.0617 0.0571
vn 0.8337 -0.1124 0.5407
vn 0.8349 -0.1120 0.5389
vn 0.1891 -0.0629 -0.9799
vn 0.1815 -0.0276 -0.9830
vn -0.8962 -0.0684 0.4384
vn -0.3790 -0.1294 0.9163
vn 0.2435 -0.1412 0.9596
vn 0.8384 -0.1000 0.5359
vn 0.9969 -0.0526 0.0591
vn 0.8334 -0.0615 -0.5493
vn -0.3790 -0.1459 0.9138
vn 0.2437 -0.1115 0.9634
vn 0.2248 -0.1597 0.9612
vn -0.9975 0.0057 -0.0699
vn -0.8605 0.0634 -0.5055
vn 0.8886 -0.0214 -0.4581
vn 0.9980 -0.0543 0.0321
vn 0.8370 0.0258 -0.5466
vn 0.8351 -0.0130 -0.5499
vn 0.2111 0.1053 -0.9718
vn 0.2183 0.0389 -0.9751
vn -0.3606 0.1261 -0.9241
vn -0.3570 0.0478 -0.9329
vn -0.8435 0.0294 -0.5364
vn -0.8368 0.0899 -0.5400
vn -0.9998 -0.0091 -0.0176
vn -0.9991 0.0122 -0.0405
vn -0.8629 -0.0606 0.5017
vn -0.8594 -0.0815 0.5048
vn -0.3987 -0.0953 0.9121
vn 0.8360 -0.1015 0.5393
vn 0.8297 -0.1174 0.5457
vn 0.9982 -0.0504 0.0327
vn 0.9974 -0.0615 0.0383
vn -0.3743 0.0956 -0.9224
vn 0.1972 0.0635 -0.9783
vn 0.8307 -0.1248 0.5426
vn -0.3753 -0.1669 0.9118
vn 0.2194 -0.1839 0.9581
vn -0.8591 -0.0886 0.5041
vn 0.8344 -0.0582 -0.5480
vn 0.2233 -0.0213 -0.9745
vn -0.3450 -0.0182 -0.9384
vn -0.8395 -0.0303 -0.5424
vn -0.9991 -0.0380 -0.0171
vn -0.8717 -0.0460 0.4879
vn -0.4128 -0.0541 0.9092
vn 0.2799 -0.0792 0.9568
vn 0.8516 -0.0953 0.5154
vn 0.9958 -0.0829 0.0393
vn -0.8790 -0.0360 0.4755
vn -0.4107 -0.0375 0.9110
vn -0.9981 -0.0499 -0.0353
vn -0.8329 -0.0573 -0.5504
vn -0.3424 -0.0343 -0.9389
vn 0.2394 -0.0359 -0.9703
vn 0.8390 -0.0744 -0.5390
vn 0.9955 -0.0855 0.0396
vn 0.8689 -0.0843 0.4877
vn 0.3173 -0.0648 0.9461
vn 0.2381 -0.0614 -0.9693
vn 0.5232 -0.0661 -0.8497
vn 0.9407 0.0135 0.3390
vn 0.9963 0.0133 -0.0848
vn 0.8490 -0.0357 -0.5273
vn 0.9973 0.0062 -0.0728
vn 0.8647 -0.0496 -0.4998
vn -0.0000 -0.0614 -0.9981
vn -0.0000 -0.0866 -0.9962
vn 0.0864 -0.0579 -0.9946
vn 0.0818 -0.0873 -0.9928
vn 0.5284 -0.0940 -0.8438
vn 0.2314 -0.0947 -0.9682
vn 0.0773 0.0526 0.9956
vn 0.0809 0.1448 0.9861
vn 0.0260 0.0570 0.9980
vn 0.0570 0.1066 0.9927
vn -0.9407 0.0135 0.3390
vn -0.8647 -0.0496 -0.4998
vn -0.8490 -0.0357 -0.5272
vn -0.9973 0.0062 -0.0728
vn -0.9963 0.0133 -0.0848
vn -0.0818 -0.0873 -0.9928
vn -0.0864 -0.0579 -0.9946
vn -0.5284 -0.0940 -0.8438
vn -0.5232 -0.0661 -0.8497
vn -0.2381 -0.0615 -0.9693
vn -0.2314 -0.0947 -0.9682
vn 0.0283 0.0700 0.9971
vn -0.0105 0.0461 0.9989
vn -0.0299 0.2808 0.9593
vn -0.5085 0.5400 0.6707
vn -0.4015 0.4203 0.8137
vn -0.0332 0.1857 0.9820
vn -0.0526 0.2676 0.9621
vn -0.0610 0.1782 0.9821
vn -0.0058 0.3220 0.9467
vn 0.0043 0.3580 0.9337
vn -0.0218 0.3680 0.9296
vn 0.0013 0.5059 0.8626
vn 0.0531 0.1910 0.9802
vn 0.0502 0.2402 0.9694
vn 0.0044 0.2601 0.9656
vn -0.0927 0.1965 0.9761
vn -0.9415 0.3304 -0.0660
vn -0.9227 0.2632 0.2816
vn -0.5670 0.3549 0.7433
vn -0.0848 0.0551 0.9949
vn -0.0626 0.0619 0.9961
vn 0.5966 -0.6116 0.5196
vn 0.5443 -0.6614 0.5160
vn 0.5445 -0.6611 0.5162
vn -0.7879 0.5350 0.3049
vn -0.7505 0.5748 0.3261
vn 0.4579 0.5003 0.7348
vn -0.5519 -0.7240 0.4138
vn -0.5720 -0.7028 0.4229
vn -0.5722 -0.7029 0.4225
vn 0.4677 -0.7119 0.5239
vn 0.4674 -0.7119 0.5241
vn 0.0038 0.0596 0.9982
vn -0.6676 -0.0099 -0.7444
vn -0.9415 0.3305 -0.0660
vn 0.9953 -0.0903 0.0363
vn 0.8987 -0.0534 0.4354
vn 0.9960 -0.0847 0.0285
vn -0.8503 -0.0483 -0.5241
vn -0.9965 -0.0525 -0.0648
vn -0.8381 -0.0654 -0.5416
vn -0.9967 -0.0576 -0.0571
vn -0.3841 -0.0332 -0.9227
vn -0.3613 -0.0480 -0.9312
vn 0.2848 -0.0481 -0.9574
vn 0.2618 -0.0499 -0.9638
vn 0.8471 -0.0848 -0.5246
vn 0.8588 -0.0866 -0.5050
vn 0.8823 -0.0798 0.4639
vn 0.3759 -0.0100 0.9266
vn 0.3459 -0.0527 0.9368
vn -0.4266 0.0024 0.9044
vn -0.4121 -0.0256 0.9108
vn -0.8992 -0.0318 0.4364
vn -0.8862 -0.0385 0.4617
vn -0.4384 0.0190 0.8986
vn 0.3907 0.0205 0.9203
vn 0.9070 -0.0283 0.4202
vn 0.9967 -0.0778 0.0228
vn 0.8639 -0.0890 -0.4957
vn 0.2943 -0.0399 -0.9549
vn -0.3934 -0.0110 -0.9193
vn -0.8568 -0.0318 -0.5146
vn -0.9970 -0.0440 -0.0642
vn -0.9077 -0.0218 0.4192
vn -0.3763 -0.3715 -0.8488
vn 0.4389 -0.3399 -0.8318
vn -0.4096 -0.3561 -0.8399
vn 0.3913 -0.3532 -0.8498
vn -0.8967 -0.2609 -0.3576
vn -0.8800 -0.2375 -0.4113
vn -0.9822 -0.1875 0.0072
vn -0.9821 -0.1808 -0.0518
vn -0.8326 -0.1965 0.5179
vn -0.8786 -0.1990 0.4342
vn -0.2439 -0.2868 0.9264
vn -0.3785 -0.2298 0.8966
vn 0.3348 -0.2891 0.8968
vn 0.2752 -0.1938 0.9417
vn 0.8108 -0.2148 0.5445
vn 0.7974 -0.1834 0.5749
vn 0.9797 -0.1813 0.0860
vn 0.9779 -0.1858 0.0956
vn 0.8953 -0.2510 -0.3680
vn 0.8836 -0.2579 -0.3908
vn 0.3399 -0.3660 -0.8663
vn -0.6547 -0.3059 -0.6912
vn -0.9698 -0.2092 0.1252
vn -0.5098 -0.1663 0.8441
vn 0.2064 -0.0910 0.9742
vn 0.7813 -0.1510 0.6055
vn 0.9761 -0.1897 0.1062
vn 0.8713 -0.2643 -0.4136
vn 0.2033 -0.8584 0.4710
vn 0.2305 -0.9662 0.1156
vn 0.2857 -0.7670 0.5745
vn 0.5088 0.5013 -0.6999
vn 0.6978 0.7003 -0.1504
vn -0.1551 0.0763 -0.9850
vn 0.5108 0.7342 0.4474
vn -0.8081 -0.5885 -0.0270
vn -0.7618 -0.4561 -0.4601
vn 0.1221 0.2759 0.9534
vn -0.5721 0.0499 0.8187
vn 0.0172 0.4584 0.8886
vn 0.5675 0.6522 0.5025
vn 0.7094 0.6912 -0.1380
vn 0.5383 0.4570 -0.7081
vn -0.1205 -0.0570 -0.9911
vn -0.6569 -0.5658 -0.4983
vn -0.7246 -0.6892 0.0059
vn -0.7541 -0.5239 0.3962
vn -0.8952 -0.3674 0.2523
vn 0.7768 -0.4170 -0.4720
vn 0.7769 -0.4170 -0.4718
vn 0.5248 -0.7071 -0.4738
vn 0.5249 -0.7072 -0.4736
vn 0.9343 -0.2302 -0.2723
vn 0.9343 -0.2304 -0.2721
vn 0.9804 -0.1844 0.0698
vn 0.9803 -0.1847 0.0698
vn 0.8716 -0.2419 0.4264
vn 0.8716 -0.2422 0.4262
vn 0.6214 -0.4251 0.6581
vn 0.6216 -0.4251 0.6580
vn 0.3066 -0.6484 0.6968
vn 0.2303 -0.9663 0.1154
vn 0.3149 -0.9228 -0.2218
vn 0.3149 -0.9229 -0.2216
vn 0.6063 0.5071 0.6126
vn 0.1824 0.1415 0.9730
vn 0.6064 0.5074 0.6122
vn -0.1831 -0.3377 -0.9233
vn -0.5098 -0.6722 -0.5368
vn -0.1812 -0.3074 -0.9342
vn -0.5279 -0.6581 -0.5369
vn 0.2221 0.0899 -0.9709
vn 0.2144 0.1029 -0.9713
vn 0.5823 0.4649 -0.6669
vn 0.5911 0.5090 -0.6257
vn 0.7404 0.6720 0.0170
vn 0.7264 0.6873 0.0047
vn 0.5657 0.5422 0.6213
vn 0.5492 0.5494 0.6297
vn 0.0824 0.1067 0.9909
vn 0.1149 0.1408 0.9833
vn -0.2743 -0.2470 0.9294
vn -0.2829 -0.2707 0.9202
vn -0.5629 -0.6063 0.5617
vn -0.5571 -0.6002 0.5739
vn -0.6481 -0.7606 0.0370
vn -0.6566 -0.7528 0.0455
vn -0.2911 -0.3332 0.8968
vn -0.2910 -0.3330 0.8969
vn 0.1822 0.1414 0.9730
vn -0.5563 -0.6434 0.5259
vn -0.5561 -0.6432 0.5263
vn -0.6334 -0.7738 0.0088
vn -0.6334 -0.7737 0.0088
vn -0.4950 -0.6999 -0.5150
vn -0.4946 -0.7000 -0.5152
vn -0.1701 -0.4262 -0.8885
vn -0.1698 -0.4262 -0.8886
vn 0.2959 0.0493 -0.9540
vn 0.2955 0.0486 -0.9541
vn 0.6621 0.4610 -0.5908
vn 0.2959 0.0494 -0.9539
vn 0.6619 0.4604 -0.5916
vn 0.2955 0.0487 -0.9541
vn 0.7826 0.6224 0.0152
vn 0.7826 0.6223 0.0147
vn 0.7026 -0.6967 0.1450
vn 0.6979 -0.7037 0.1331
vn 0.7026 -0.6967 0.1448
vn 0.6979 -0.7038 0.1327
vn 0.6886 -0.7170 0.1081
vn 0.6886 -0.7171 0.1078
vn 0.6741 -0.7360 0.0630
vn 0.6741 -0.7359 0.0630
vn 0.6769 -0.7326 0.0710
vn 0.6761 -0.7334 0.0711
vn 0.6742 -0.7359 0.0630
vn 0.6934 -0.7138 0.0982
vn 0.6936 -0.7136 0.0984
vn 0.6715 -0.7342 0.0998
vn 0.6894 -0.7165 0.1066
vn 0.6712 -0.7345 0.1005
vn 0.6896 -0.7162 0.1074
vn 0.6786 -0.7284 0.0944
vn 0.6785 -0.7285 0.0950
vn 0.6882 -0.7177 0.1062
vn 0.6884 -0.7175 0.1062
vn 0.1417 0.0011 -0.9899
vn -0.0155 -0.1593 -0.9871
vn -0.1592 -0.3165 -0.9351
vn 0.4739 0.3317 -0.8157
vn 0.2489 0.0930 -0.9640
vn 0.4734 0.3314 -0.8161
vn 0.1601 0.0053 -0.9871
vn 0.7448 0.6670 0.0206
vn 0.6250 0.4985 -0.6007
vn 0.6256 0.4990 -0.5997
vn 0.5697 0.5452 0.6150
vn 0.5702 0.5451 0.6146
vn 0.1659 0.1762 0.9703
vn 0.0732 0.0764 0.9944
vn -0.1314 -0.1207 0.9839
vn -0.3069 -0.3108 0.8996
vn -0.5552 -0.6267 0.5468
vn -0.2383 -0.2499 0.9385
vn -0.5531 -0.6324 0.5424
vn -0.6399 -0.7684 0.0127
vn -0.6364 -0.7712 0.0154
vn -0.5353 -0.6699 -0.5144
vn -0.6399 -0.7684 0.0126
vn -0.5220 -0.6744 -0.5222
vn -0.2174 -0.3617 -0.9066
vn -0.1698 -0.3204 -0.9319
vn -0.1048 -0.0878 0.9906
vn 0.1656 0.1725 0.9710
vn -0.1056 -0.0881 0.9905
vn 0.1643 0.1717 0.9713
vn -0.5643 -0.6130 0.5529
vn -0.3131 -0.3030 0.9001
vn -0.6426 -0.7658 0.0243
vn -0.5078 -0.6767 -0.5331
vn 0.4436 0.3326 -0.8322
vn 0.4436 0.3324 -0.8323
vn 0.4431 0.3326 -0.8325
vn 0.6214 0.4964 -0.6062
vn 0.6215 0.4961 -0.6063
vn 0.7444 0.6674 0.0192
vn 0.7444 0.6674 0.0191
vn 0.5709 0.5451 0.6139
vn 0.5697 0.5449 0.6153
vn -0.1500 -0.1130 0.9822
vn 0.6237 0.4903 -0.6088
vn 0.4650 0.3112 -0.8288
vn 0.7441 0.6677 0.0202
vn 0.5698 0.5445 0.6156
vn 0.1644 0.1653 0.9724
vn 0.4647 0.3270 -0.8228
vn 0.4646 0.3267 -0.8230
vn 0.4579 0.3496 -0.8174
vn 0.4577 0.3491 -0.8177
vn 0.4588 0.3327 -0.8239
vn 0.4587 0.3322 -0.8242
vn 0.4587 0.3324 -0.8241
vn 0.4401 0.3253 -0.8370
vn 0.4728 0.3343 -0.8153
vn -0.6424 0.0183 0.7661
vn 0.0013 -0.9968 0.0797
vn 0.0444 -0.9707 0.2364
vn 0.0013 -0.9967 0.0814
vn 0.0419 -0.9707 0.2367
vn -0.7512 0.3382 0.5668
vn -0.3617 0.4820 0.7980
vn -0.8189 0.3446 0.4589
vn -0.5082 0.5589 0.6552
vn 0.1319 0.5432 0.8292
vn 0.0616 0.6860 0.7250
vn 0.9538 -0.1570 0.2563
vn 0.9541 -0.1569 0.2553
vn -0.6689 0.3156 0.6731
vn -0.7435 0.2027 0.6373
vn -0.3155 0.3278 0.8905
vn 0.1886 0.3808 0.9052
vn 0.2200 0.2003 0.9547
vn 0.3025 0.2548 0.9185
vn 0.9599 -0.1805 0.2147
vn 0.9600 -0.1800 0.2147
vn -0.3980 0.1309 0.9080
vn 0.9625 -0.1875 0.1959
vn 0.9626 -0.1882 0.1950
vn 0.3219 0.1546 0.9341
vn 0.3175 0.0631 0.9461
vn 0.0811 0.0722 0.9941
vn 0.9521 0.0132 0.3054
vn 0.7164 0.0376 0.6967
vn 0.5395 -0.1100 -0.8348
vn 0.8850 -0.0688 -0.4604
vn 0.9982 -0.0099 -0.0591
vn -0.0000 -0.0838 -0.9965
vn 0.0750 -0.0852 -0.9935
vn 0.6181 -0.2174 -0.7554
vn 0.9894 -0.0138 0.1449
vn 0.5356 0.0559 0.8426
vn 0.2206 -0.0979 -0.9704
vn 0.7240 0.0641 0.6868
vn 0.5855 0.0996 0.8045
vn 0.9222 -0.0102 0.3865
vn 0.6164 0.1120 0.7794
vn 0.2121 -0.0915 -0.9730
vn 0.0713 -0.0734 -0.9948
vn -0.8941 0.0547 0.4445
vn -0.9937 -0.0361 0.1062
vn 0.1998 0.1611 0.9665
vn 0.2228 0.0305 0.9744
vn 0.0485 0.3068 0.9506
vn -0.3115 0.5123 0.8003
vn 0.0680 0.2978 0.9522
vn 0.0332 0.3128 0.9492
vn -0.6841 0.5866 0.4335
vn -0.6532 0.5915 0.4727
vn 0.9819 -0.0595 0.1801
vn 0.9818 -0.0596 0.1805
vn 0.8099 -0.5148 0.2809
vn 0.2629 0.1822 0.9475
vn 0.1659 0.2444 0.9554
vn 0.3331 0.0118 0.9428
vn -0.1313 0.6238 0.7705
vn 0.1011 0.6094 0.7864
vn 0.0518 0.6943 0.7178
vn 0.0949 0.7117 0.6961
vn 0.1797 0.3421 0.9223
vn 0.2278 0.3469 0.9098
vn 0.2140 0.4483 0.8679
vn 0.1724 0.4427 0.8800
vn 0.1312 0.3364 0.9325
vn 0.0894 0.2052 0.9746
vn 0.0410 0.4631 0.8854
vn 0.8981 0.4230 0.1206
vn 0.8981 0.4230 0.1207
vn 0.8547 -0.1724 0.4897
vn 0.4460 -0.7052 0.5511
vn 0.4456 -0.7052 0.5514
vn 0.1318 0.5473 0.8265
vn 0.0425 0.3988 0.9160
vn 0.1181 0.5283 0.8408
vn 0.1178 0.5064 0.8542
vn 0.2250 0.6495 0.7263
vn 0.1962 0.6285 0.7526
vn 0.0037 0.3295 0.9441
vn 0.0079 0.3964 0.9181
vn 0.0120 0.3276 0.9447
vn 0.0120 0.3312 0.9435
vn 0.0329 0.3283 0.9440
vn 0.0072 0.5046 0.8633
vn 0.0155 0.3552 0.9346
vn 0.0200 0.3268 0.9449
vn 0.0055 0.3296 0.9441
vn -0.7255 0.5858 0.3613
vn -0.2838 -0.2620 0.9224
vn -0.5712 -0.5846 0.5761
vn -0.1982 -0.2821 -0.9387
vn -0.5524 -0.6361 -0.5388
vn 0.1888 0.1182 -0.9749
vn 0.5661 0.5293 -0.6319
vn 0.7006 0.7135 -0.0005
vn 0.5248 0.5711 0.6312
vn 0.1014 0.1461 0.9841
vn -0.6793 -0.7322 0.0490
vn 0.1139 0.1500 0.9821
vn -0.2655 -0.2783 0.9231
vn -0.5636 -0.5932 0.5748
vn -0.6927 -0.7192 0.0533
vn -0.5679 -0.6213 -0.5398
vn -0.2084 -0.2840 -0.9359
vn 0.1748 0.1194 -0.9773
vn 0.5465 0.5517 -0.6301
vn 0.6818 0.7316 0.0037
vn 0.5175 0.5827 0.6266
vn 0.4709 0.4961 0.7295
vn -0.0674 0.0501 0.9965
vn 0.5266 0.5196 0.6728
vn 0.3046 0.4051 0.8620
vn -0.3662 -0.6489 -0.6670
vn -0.6088 -0.7898 0.0740
vn -0.2687 -0.9193 -0.2875
vn -0.6402 -0.7616 0.1005
vn -0.4409 -0.6022 -0.6656
vn -0.6548 -0.7557 0.0113
vn 0.1447 -0.0829 -0.9860
vn 0.7997 -0.3687 -0.4739
vn 0.6325 0.4103 -0.6569
vn 0.9323 0.3487 -0.0959
vn -0.5669 -0.5270 0.6332
vn -0.0172 0.0400 0.9991
vn -0.4829 -0.5105 0.7115
vn 0.7759 0.6307 0.0136
vn 0.8371 0.5368 0.1057
vn -0.5319 -0.5298 0.6606
vn 0.7583 0.3924 0.5206
vn 0.4972 -0.2428 0.8330
vn -0.2716 -0.8724 0.4064
vn -0.5596 -0.8280 -0.0352
vn -0.6556 -0.7465 0.1140
vn -0.5462 -0.6177 0.5658
vn -0.1885 -0.3004 0.9350
vn -0.5473 -0.6199 0.5623
vn 0.2458 0.9061 0.3443
vn 0.2133 0.9142 0.3446
vn 0.2465 0.9043 0.3485
vn 0.1951 0.9038 0.3809
vn 0.7484 0.0216 -0.6629
vn 0.6723 -0.2663 0.6907
vn 0.7489 0.0211 -0.6623
vn 0.6719 -0.2659 0.6912
vn 0.2713 0.9157 -0.2964
vn 0.2598 0.9655 -0.0152
vn 0.3069 0.8743 -0.3761
vn 0.3069 0.9511 -0.0353
vn 0.3585 0.9318 -0.0565
vn 0.3642 0.8455 -0.3906
vn 0.5316 0.7776 -0.3358
vn 0.4668 0.8760 0.1212
vn 0.5814 0.8036 0.1274
vn 0.5992 0.6566 0.4581
vn 0.7210 0.6842 0.1093
vn 0.4719 0.7568 0.4523
vn 0.6844 0.6134 -0.3941
vn 0.2078 0.9232 0.3234
vn 0.1856 0.9121 0.3655
vn 0.1419 0.8860 0.4414
vn 0.2664 0.9026 0.3381
vn 0.2671 0.9012 0.3414
vn 0.0344 0.0033 -0.9994
vn 0.0291 0.0072 -0.9996
vn 0.0344 0.0028 -0.9994
vn 0.0292 0.0072 -0.9995
vn 0.2694 0.7894 0.5516
vn 0.2840 0.8738 0.3948
vn 0.1783 0.8110 0.5572
vn 0.2111 0.8792 0.4271
vn 0.0174 0.0077 -0.9998
vn 0.1753 0.7921 0.5847
vn 0.4494 0.8199 0.3548
vn 0.2265 0.8387 0.4953
vn -0.0507 -0.3465 0.9367
vn -0.0507 -0.3466 0.9366
vn -0.0522 -0.3351 0.9407
vn -0.0497 -0.3859 0.9212
vn -0.0492 -0.3858 0.9213
vn 0.1993 0.5558 -0.8071
vn 0.2313 0.5197 -0.8224
vn 0.1224 0.2309 -0.9653
vn 0.1585 0.2383 -0.9582
vn 0.2905 0.4973 -0.8175
vn 0.2187 0.5887 0.7782
vn 0.1637 0.6135 0.7726
vn 0.1632 0.4133 0.8959
vn 0.1522 0.4096 0.8995
vn 0.3240 0.5702 0.7549
vn 0.3950 0.4309 -0.8114
vn 0.1977 0.2210 -0.9550
vn 0.2652 0.2221 -0.9383
vn 0.0976 0.1176 -0.9883
vn 0.1290 0.1339 -0.9826
vn 0.1834 0.1410 -0.9729
vn 0.2681 0.2258 -0.9365
vn 0.2021 0.4114 0.8888
vn 0.6955 0.6030 -0.3906
vn 0.7353 0.6725 0.0839
vn 0.6271 0.6562 0.4198
vn 0.4856 0.5869 0.6479
vn 0.4035 0.5679 0.7174
vn 0.4630 0.4003 -0.7908
vn 0.4545 0.3924 -0.7996
vn 0.2585 0.1936 -0.9464
vn 0.4734 0.4029 -0.7833
vn 0.6900 0.6111 -0.3879
vn 0.4330 0.3820 -0.8164
vn 0.6690 0.6339 -0.3881
vn 0.7304 0.6807 0.0568
vn 0.7201 0.6925 0.0434
vn 0.6388 0.6625 0.3912
vn 0.6561 0.6585 0.3686
vn 0.5155 0.5884 0.6229
vn 0.3367 0.4696 0.8162
vn 0.6616 0.6590 0.3578
vn 0.7089 0.7040 0.0428
vn 0.5229 0.6031 0.6024
vn 0.4437 0.4208 -0.7912
vn 0.6510 0.6517 -0.3892
vn 0.1926 0.1218 -0.9737
vn 0.2541 0.1874 -0.9488
vn 0.2585 0.2177 -0.9411
vn 0.2450 0.4318 0.8681
vn 0.1410 0.3746 0.9164
vn 0.1733 0.3525 0.9196
vn 0.3434 0.4743 0.8106
vn 0.2271 0.3610 0.9045
vn 0.1730 0.3588 0.9172
vn 0.0882 0.0893 -0.9921
vn 0.1259 0.1025 -0.9867
vn 0.0808 0.1049 -0.9912
vn 0.0720 0.0818 -0.9940
vn 0.1917 0.1161 -0.9746
vn 0.1422 -0.8726 0.4672
vn 0.1441 -0.8708 0.4701
vn -0.0324 -0.7096 0.7039
vn 0.0824 -0.6458 0.7590
vn 0.0253 -0.6793 0.7335
vn 0.0772 -0.7617 0.6433
vn 0.0530 -0.7436 0.6665
vn 0.1195 -0.9924 -0.0283
vn 0.1237 -0.9767 -0.1755
vn 0.1211 -0.9923 -0.0268
vn 0.1263 -0.9766 -0.1739
vn 0.1181 -0.8743 0.4708
vn 0.1026 -0.9756 0.1943
vn 0.1104 -0.9625 0.2478
vn 0.1187 -0.9505 -0.2872
vn 0.1443 -0.9170 -0.3718
vn 0.1231 -0.9508 -0.2844
vn 0.1552 -0.9175 -0.3662
vn 0.1395 -0.6714 0.7278
vn 0.1486 -0.6240 0.7672
vn 0.1199 -0.7988 0.5896
vn -0.5524 -0.8335 -0.0108
vn -0.6349 -0.7714 -0.0435
vn -0.5535 -0.8328 -0.0081
vn -0.1830 -0.9670 -0.1773
vn -0.1806 -0.9681 -0.1735
vn 0.1222 -0.8828 -0.4536
vn 0.1081 -0.9079 -0.4049
vn -0.1829 -0.9670 -0.1774
vn 0.1707 -0.8846 -0.4339
vn 0.2043 -0.8810 -0.4268
vn 0.1927 0.4041 0.8942
vn 0.1863 0.3632 0.9129
vn 0.2139 0.6829 0.6985
vn 0.2093 0.6828 0.7000
vn 0.2051 0.6856 0.6985
vn 0.8766 -0.4762 0.0692
vn 0.3402 -0.7949 0.5023
vn 0.3435 -0.7742 0.5316
vn 0.8918 0.0934 -0.4427
vn 0.8766 -0.4763 0.0692
vn 0.9059 -0.4061 0.1201
vn 0.1968 0.5796 0.7908
vn 0.9620 -0.2035 0.1821
vn 0.9620 -0.2040 0.1815
vn 0.9884 0.1284 -0.0816
vn 0.9882 0.1299 -0.0816
vn 0.8252 0.4238 -0.3733
vn 0.8275 0.4235 -0.3686
vn 0.2762 0.4088 0.8698
vn 0.1984 0.7406 0.6420
vn 0.3373 -0.7966 0.5016
vn 0.8165 0.3986 -0.4177
vn 0.1929 -0.8461 -0.4968
vn 0.1087 -0.8793 -0.4637
vn 0.6842 0.7268 0.0603
vn 0.6943 0.7196 0.0123
vn 0.5586 0.5607 0.6112
vn 0.5757 0.5623 0.5937
vn 0.1889 0.1353 0.9726
vn 0.2177 0.1399 0.9659
vn -0.2196 -0.2957 0.9297
vn -0.2067 -0.2969 0.9323
vn -0.5428 -0.6112 0.5760
vn -0.5425 -0.6139 0.5734
vn -0.6868 -0.7214 0.0888
vn -0.6861 -0.7252 0.0583
vn -0.2161 -0.2868 -0.9333
vn -0.5592 -0.6360 -0.5319
vn -0.2217 -0.2679 -0.9376
vn -0.5725 -0.6176 -0.5393
vn 0.1815 0.1296 -0.9748
vn 0.1796 0.1497 -0.9723
vn 0.5667 0.5530 -0.6107
vn 0.5655 0.5665 -0.5994
vn -0.2064 -0.2972 -0.9322
vn -0.5588 -0.6355 -0.5328
vn 0.1828 0.1157 -0.9763
vn 0.5537 0.5552 -0.6206
vn 0.5228 0.5809 0.6239
vn 0.1336 0.1472 0.9800
vn -0.2511 -0.2851 0.9250
vn -0.5601 -0.5956 0.5758
vn -0.5648 -0.5933 0.5736
vn -0.2411 -0.2837 0.9281
vn 0.6243 0.5785 0.5249
vn 0.6293 0.5857 0.5107
vn 0.2772 0.1721 0.9453
vn 0.2859 0.1127 0.9516
vn -0.1826 -0.3067 0.9341
vn -0.1336 -0.3105 0.9411
vn -0.5502 -0.6246 0.5542
vn -0.7007 -0.7121 0.0446
vn -0.7068 -0.7060 0.0442
vn -0.5909 -0.6004 -0.5389
vn -0.5907 -0.6108 -0.5272
vn -0.2321 -0.2461 -0.9410
vn -0.1802 -0.2411 -0.9536
vn 0.2012 0.2006 -0.9588
vn 0.1836 0.1615 -0.9697
vn 0.5912 0.5890 -0.5510
vn 0.6082 0.5735 -0.5488
vn 0.7043 0.7098 0.0126
vn 0.7149 0.6992 0.0133
vn 0.5982 0.5685 0.5648
vn 0.6206 0.5675 0.5411
vn 0.2455 0.1527 0.9573
vn 0.2647 0.1587 0.9512
vn -0.1916 -0.3017 0.9340
vn -0.5391 -0.6221 0.5678
vn -0.6858 -0.7261 0.0500
vn -0.6946 -0.7179 0.0455
vn -0.5809 -0.6082 -0.5410
vn -0.5894 -0.6008 -0.5400
vn -0.2274 -0.2564 -0.9394
vn -0.2362 -0.2468 -0.9399
vn 0.1926 0.1671 -0.9669
vn 0.1953 0.1909 -0.9620
vn 0.5809 0.5749 -0.5762
vn 0.5891 0.5846 -0.5578
vn 0.7163 0.6977 0.0120
vn -0.4940 -0.6999 0.5158
vn -0.1017 -0.4105 0.9062
vn -0.6876 -0.7253 0.0329
vn -0.5792 -0.6487 -0.4937
vn -0.2255 -0.3100 -0.9236
vn 0.5346 0.5751 0.6193
vn 0.1563 0.1466 0.9768
vn -0.6102 -0.7922 -0.0065
vn -0.4327 -0.7663 0.4750
vn -0.4795 -0.7508 -0.4543
vn 0.9978 -0.0648 -0.0167
vn 0.9839 -0.1781 -0.0127
vn 0.9843 -0.1142 0.1346
vn 0.8454 -0.2770 -0.4567
vn 0.7072 -0.5019 -0.4979
vn 0.9126 -0.3732 0.1670
vn -0.3760 -0.8216 -0.4285
vn 0.6535 0.1354 0.7447
vn 0.8067 0.0550 0.5884
vn 0.9135 -0.0138 0.4067
vn 0.9111 -0.3089 0.2728
vn -0.0840 -0.5016 0.8610
vn 0.0532 -0.1916 0.9800
vn 0.0265 -0.3013 0.9531
vn 0.6319 0.5899 0.5027
vn 0.3734 0.2041 0.9049
vn 0.7158 0.6983 0.0112
vn 0.6221 0.5604 -0.5468
vn 0.2559 0.2585 -0.9315
vn -0.0180 -0.0678 -0.9975
vn -0.2369 -0.4397 -0.8663
vn -0.2060 -0.6595 -0.7229
vn 0.5734 -0.5342 -0.6212
vn 0.7494 -0.5742 0.3297
vn 0.1275 -0.6890 0.7135
vn 0.4223 -0.6575 -0.6240
vn 0.9060 -0.4060 0.1201
vn 0.8318 -0.0725 -0.5504
vn 0.1982 -0.2821 -0.9387
vn 0.5524 -0.6361 -0.5387
vn -0.1888 0.1182 -0.9749
vn -0.5661 0.5293 -0.6319
vn -0.7006 0.7135 -0.0005
vn -0.5248 0.5711 0.6312
vn -0.1014 0.1461 0.9841
vn 0.2838 -0.2620 0.9224
vn 0.5712 -0.5846 0.5761
vn 0.6793 -0.7322 0.0490
vn 0.2655 -0.2783 0.9231
vn -0.1139 0.1500 0.9821
vn 0.5636 -0.5932 0.5748
vn 0.6928 -0.7192 0.0533
vn 0.5679 -0.6213 -0.5398
vn 0.2084 -0.2840 -0.9359
vn -0.1748 0.1194 -0.9773
vn -0.5465 0.5517 -0.6301
vn -0.6818 0.7316 0.0037
vn -0.5175 0.5827 0.6266
vn 0.0580 -0.0168 0.9982
vn -0.5839 0.4568 0.6711
vn -0.0172 0.0152 0.9997
vn -0.5757 0.4532 0.6805
vn -0.8147 0.5797 -0.0143
vn -0.6140 0.3926 -0.6848
vn -0.0386 -0.0981 -0.9944
vn -0.6222 0.4001 -0.6729
vn -0.0707 -0.0671 -0.9952
vn 0.4207 -0.5007 -0.7565
vn 0.7067 -0.7073 0.0154
vn 0.4663 -0.4377 0.7688
vn 0.5341 -0.4957 0.6849
vn 0.7053 -0.7084 0.0277
vn 0.5226 -0.5572 -0.6453
vn -0.8087 0.5882 -0.0013
vn -0.1828 0.1157 -0.9763
vn -0.1198 -0.9924 -0.0283
vn -0.1028 -0.9756 0.1942
vn -0.1213 -0.9923 -0.0268
vn -0.1106 -0.9625 0.2477
vn -0.5757 0.5623 0.5937
vn -0.6943 0.7196 0.0123
vn -0.5586 0.5607 0.6112
vn -0.6842 0.7268 0.0603
vn -0.2177 0.1398 0.9659
vn -0.1889 0.1353 0.9726
vn 0.2196 -0.2957 0.9297
vn 0.2067 -0.2969 0.9323
vn 0.5428 -0.6112 0.5760
vn 0.5425 -0.6139 0.5734
vn 0.6868 -0.7214 0.0888
vn 0.6861 -0.7252 0.0583
vn 0.2161 -0.2868 -0.9333
vn 0.2217 -0.2679 -0.9376
vn 0.5592 -0.6360 -0.5319
vn 0.5725 -0.6176 -0.5393
vn -0.1815 0.1296 -0.9748
vn -0.1796 0.1497 -0.9723
vn -0.5655 0.5665 -0.5994
vn -0.5667 0.5530 -0.6107
vn 0.2064 -0.2972 -0.9322
vn 0.5588 -0.6355 -0.5328
vn -0.5537 0.5552 -0.6206
vn -0.5228 0.5809 0.6239
vn -0.1336 0.1472 0.9800
vn 0.2511 -0.2851 0.9250
vn 0.5601 -0.5956 0.5758
vn 0.2411 -0.2837 0.9281
vn 0.5648 -0.5933 0.5736
vn -0.2859 0.1127 0.9516
vn -0.6294 0.5857 0.5107
vn -0.2772 0.1721 0.9453
vn -0.6243 0.5785 0.5249
vn 0.1336 -0.3105 0.9411
vn 0.1826 -0.3067 0.9341
vn 0.5473 -0.6199 0.5623
vn 0.5502 -0.6246 0.5542
vn 0.7007 -0.7121 0.0446
vn 0.7068 -0.7060 0.0442
vn 0.1802 -0.2411 -0.9536
vn 0.5907 -0.6108 -0.5272
vn 0.2321 -0.2461 -0.9410
vn 0.5909 -0.6004 -0.5389
vn -0.2012 0.2006 -0.9588
vn -0.1836 0.1614 -0.9697
vn -0.6082 0.5735 -0.5488
vn -0.5912 0.5890 -0.5510
vn -0.6206 0.5675 0.5411
vn -0.7149 0.6992 0.0133
vn -0.5982 0.5685 0.5648
vn -0.7043 0.7098 0.0126
vn -0.2647 0.1587 0.9512
vn -0.2450 0.1527 0.9574
vn 0.1916 -0.3017 0.9339
vn 0.1885 -0.3004 0.9350
vn 0.5391 -0.6221 0.5678
vn 0.5462 -0.6177 0.5658
vn 0.6858 -0.7261 0.0500
vn 0.6946 -0.7179 0.0455
vn 0.2362 -0.2468 -0.9399
vn 0.5894 -0.6008 -0.5400
vn 0.2274 -0.2564 -0.9394
vn 0.5809 -0.6081 -0.5410
vn -0.1926 0.1670 -0.9670
vn -0.1953 0.1909 -0.9620
vn -0.5891 0.5846 -0.5578
vn -0.5809 0.5749 -0.5762
vn -0.7163 0.6977 0.0120
vn -0.5346 0.5751 0.6193
vn -0.1563 0.1466 0.9768
vn -0.6319 0.5899 0.5027
vn -0.7158 0.6982 0.0112
vn -0.6221 0.5604 -0.5468
vn -0.2139 0.6829 0.6985
vn -0.2051 0.6856 0.6985
vn -0.2093 0.6828 0.7000
vn 0.0381 0.0880 -0.9954
vn 0.0249 0.0732 -0.9970
vn -0.0000 0.0675 -0.9977
vn -0.0000 0.0791 -0.9969
vn 0.0989 0.2143 -0.9717
vn 0.0529 0.2035 -0.9776
vn -0.0000 0.2017 -0.9795
vn -0.0000 -0.9995 0.0328
vn -0.0000 -0.9994 0.0349
vn -0.0000 -0.0720 -0.9974
vn -0.2313 0.5198 -0.8224
vn -0.3069 0.8743 -0.3761
vn -0.1993 0.5558 -0.8071
vn -0.2713 0.9157 -0.2964
vn -0.1585 0.2383 -0.9582
vn -0.1224 0.2309 -0.9653
vn -0.0249 0.0732 -0.9970
vn -0.0720 0.0818 -0.9940
vn -0.0381 0.0880 -0.9954
vn -0.0808 0.1049 -0.9912
vn -0.2905 0.4973 -0.8175
vn -0.3642 0.8455 -0.3906
vn -0.2187 0.5887 0.7782
vn -0.1632 0.4133 0.8959
vn -0.1637 0.6135 0.7726
vn -0.1522 0.4096 0.8995
vn -0.2694 0.7894 0.5516
vn -0.1783 0.8110 0.5572
vn -0.4600 0.7457 0.4820
vn -0.3240 0.5702 0.7549
vn -0.2652 0.2221 -0.9383
vn -0.3950 0.4309 -0.8114
vn -0.1976 0.2210 -0.9550
vn -0.5316 0.7776 -0.3358
vn -0.0989 0.2143 -0.9717
vn -0.0529 0.2035 -0.9776
vn -0.0976 0.1176 -0.9883
vn -0.1290 0.1339 -0.9826
vn -0.1834 0.1410 -0.9729
vn -0.2681 0.2258 -0.9365
vn -0.2021 0.4114 0.8888
vn -0.6844 0.6134 -0.3941
vn -0.6955 0.6030 -0.3906
vn -0.7210 0.6842 0.1094
vn -0.7353 0.6725 0.0839
vn -0.6271 0.6562 0.4197
vn -0.5992 0.6566 0.4581
vn -0.4035 0.5679 0.7174
vn -0.4856 0.5869 0.6479
vn -0.4545 0.3924 -0.7996
vn -0.4630 0.4003 -0.7908
vn -0.2585 0.1936 -0.9464
vn -0.6690 0.6339 -0.3881
vn -0.6900 0.6111 -0.3880
vn -0.4330 0.3820 -0.8164
vn -0.4734 0.4029 -0.7833
vn -0.7304 0.6807 0.0568
vn -0.7201 0.6925 0.0434
vn -0.6387 0.6626 0.3912
vn -0.6561 0.6585 0.3686
vn -0.5155 0.5884 0.6229
vn -0.3367 0.4696 0.8162
vn -0.7089 0.7040 0.0427
vn -0.6616 0.6590 0.3578
vn -0.5229 0.6030 0.6024
vn -0.4437 0.4208 -0.7912
vn -0.6510 0.6517 -0.3892
vn -0.1926 0.1218 -0.9737
vn -0.2541 0.1874 -0.9488
vn -0.2585 0.2177 -0.9412
vn -0.2450 0.4317 0.8681
vn -0.1410 0.3746 0.9164
vn -0.1733 0.3525 0.9196
vn -0.3434 0.4743 0.8106
vn -0.2271 0.3610 0.9045
vn -0.1730 0.3588 0.9172
vn -0.0882 0.0892 -0.9921
vn -0.1259 0.1025 -0.9867
vn -0.1917 0.1161 -0.9746
vn -0.0444 -0.9707 0.2364
vn -0.0419 -0.9707 0.2367
vn -0.1422 -0.8726 0.4672
vn -0.1441 -0.8708 0.4701
vn -0.0013 -0.9968 0.0797
vn -0.0013 -0.9967 0.0814
vn 0.0324 -0.7096 0.7039
vn -0.0253 -0.6793 0.7335
vn -0.0824 -0.6458 0.7590
vn -0.0772 -0.7617 0.6433
vn -0.0531 -0.7435 0.6666
vn -0.1238 -0.9767 -0.1755
vn -0.1265 -0.9766 -0.1739
vn -0.1182 -0.8743 0.4707
vn -0.1187 -0.9505 -0.2872
vn -0.1232 -0.9507 -0.2845
vn -0.1443 -0.9170 -0.3718
vn -0.1552 -0.9175 -0.3662
vn -0.1486 -0.6240 0.7672
vn -0.1395 -0.6714 0.7278
vn -0.1199 -0.7988 0.5895
vn 0.5524 -0.8335 -0.0108
vn 0.5535 -0.8328 -0.0081
vn 0.6349 -0.7714 -0.0435
vn 0.1830 -0.9670 -0.1773
vn 0.1806 -0.9681 -0.1735
vn -0.1222 -0.8828 -0.4536
vn -0.1081 -0.9079 -0.4049
vn -0.2043 -0.8810 -0.4268
vn -0.1707 -0.8846 -0.4339
vn 0.1829 -0.9670 -0.1774
vn -0.1863 0.3632 0.9129
vn -0.1927 0.4041 0.8942
vn -0.1753 0.7921 0.5847
vn -0.8766 -0.4762 0.0691
vn -0.3435 -0.7742 0.5315
vn -0.3403 -0.7949 0.5023
vn 0.7512 0.3382 0.5668
vn 0.8189 0.3446 0.4589
vn 0.3617 0.4820 0.7980
vn 0.5082 0.5589 0.6552
vn -0.8318 -0.0725 -0.5503
vn -0.8918 0.0934 -0.4427
vn -0.8766 -0.4763 0.0691
vn -0.1319 0.5432 0.8292
vn -0.0616 0.6860 0.7250
vn -0.1968 0.5796 0.7908
vn -0.9538 -0.1570 0.2563
vn -0.9541 -0.1569 0.2553
vn 0.6689 0.3156 0.6731
vn 0.3155 0.3278 0.8905
vn 0.7435 0.2027 0.6373
vn -0.1886 0.3808 0.9052
vn -0.9620 -0.2035 0.1821
vn -0.9884 0.1284 -0.0816
vn -0.9620 -0.2040 0.1816
vn -0.9882 0.1299 -0.0816
vn -0.8275 0.4235 -0.3687
vn -0.8253 0.4238 -0.3733
vn -0.2762 0.4088 0.8698
vn -0.1984 0.7406 0.6420
vn -0.3025 0.2548 0.9185
vn -0.2200 0.2003 0.9547
vn -0.9599 -0.1805 0.2147
vn -0.9600 -0.1800 0.2147
vn 0.3980 0.1309 0.9080
vn -0.9625 -0.1875 0.1959
vn -0.9626 -0.1882 0.1950
vn -0.3219 0.1546 0.9341
vn -0.0811 0.0722 0.9941
vn -0.3175 0.0631 0.9461
vn 0.6424 0.0183 0.7661
vn -0.3373 -0.7966 0.5016
vn -0.8164 0.3987 -0.4177
vn -0.1929 -0.8461 -0.4968
vn -0.1087 -0.8793 -0.4637
vn 0.4940 -0.6999 0.5158
vn 0.1017 -0.4105 0.9062
vn 0.6876 -0.7254 0.0329
vn 0.2255 -0.3100 -0.9236
vn 0.5792 -0.6487 -0.4937
vn 0.4327 -0.7663 0.4750
vn 0.6102 -0.7923 -0.0065
vn 0.4795 -0.7508 -0.4543
vn -0.9978 -0.0648 -0.0167
vn -0.9843 -0.1142 0.1346
vn -0.9839 -0.1781 -0.0127
vn -0.9521 0.0132 0.3054
vn -0.7164 0.0376 0.6967
vn -0.8850 -0.0688 -0.4604
vn -0.5395 -0.1100 -0.8348
vn -0.9982 -0.0099 -0.0591
vn -0.0750 -0.0852 -0.9935
vn -0.6181 -0.2174 -0.7554
vn -0.8454 -0.2770 -0.4567
vn -0.9894 -0.0138 0.1449
vn -0.5356 0.0559 0.8426
vn -0.2206 -0.0978 -0.9704
vn -0.7072 -0.5020 -0.4979
vn -0.5855 0.0996 0.8045
vn -0.7239 0.0641 0.6869
vn -0.9222 -0.0102 0.3865
vn -0.9126 -0.3732 0.1671
vn 0.3760 -0.8216 -0.4285
vn -0.6164 0.1120 0.7794
vn -0.6535 0.1354 0.7447
vn -0.8067 0.0550 0.5884
vn -0.9135 -0.0138 0.4067
vn -0.9111 -0.3089 0.2728
vn 0.0840 -0.5015 0.8611
vn -0.0532 -0.1916 0.9800
vn -0.0265 -0.3013 0.9531
vn -0.3734 0.2041 0.9049
vn -0.2559 0.2585 -0.9315
vn 0.0180 -0.0678 -0.9975
vn 0.2369 -0.4397 -0.8663
vn 0.2060 -0.6595 -0.7229
vn -0.5734 -0.5342 -0.6212
vn -0.2121 -0.0915 -0.9730
vn -0.0713 -0.0734 -0.9948
vn -0.7494 -0.5742 0.3297
vn -0.1274 -0.6889 0.7135
vn -0.4223 -0.6575 -0.6240
vn 0.8941 0.0547 0.4445
vn 0.9937 -0.0361 0.1062
vn -0.2229 0.0305 0.9744
vn -0.1925 0.1564 0.9688
vn 0.2886 0.4862 0.8248
vn -0.0385 0.2923 0.9556
vn 0.7511 0.5807 0.3141
vn -0.9837 -0.0404 0.1750
vn -0.8099 -0.5149 0.2810
vn -0.9837 -0.0404 0.1754
vn -0.1814 0.2637 0.9474
vn -0.2936 0.1769 0.9394
vn -0.3331 0.0118 0.9428
vn -0.9059 -0.4060 0.1201
vn 0.1634 0.6378 0.7527
vn -0.0518 0.6943 0.7178
vn -0.1011 0.6094 0.7864
vn -0.0949 0.7117 0.6961
vn -0.2022 0.3657 0.9085
vn -0.2144 0.4491 0.8674
vn -0.2733 0.3509 0.8956
vn -0.1301 0.3783 0.9165
vn -0.1733 0.4440 0.8791
vn -0.0425 0.4639 0.8849
vn -0.8999 0.4360 -0.0120
vn -0.8999 0.4359 -0.0120
vn -0.9561 -0.1670 0.2410
vn -0.9560 -0.1671 0.2409
vn -0.1318 0.5473 0.8265
vn -0.0522 0.2718 0.9609
vn -0.0046 0.5048 0.8632
vn -0.1615 0.5514 0.8184
vn -0.0475 0.3835 0.9223
vn -0.0907 0.4787 0.8733
vn -0.2250 0.6495 0.7263
vn -0.1986 0.6295 0.7512
vn -0.0089 0.3696 0.9291
vn -0.2458 0.9061 0.3443
vn -0.2465 0.9043 0.3485
vn -0.2133 0.9142 0.3446
vn -0.1951 0.9038 0.3809
vn -0.6719 -0.2660 0.6912
vn -0.6723 -0.2663 0.6908
vn -0.7489 0.0211 -0.6623
vn -0.7484 0.0216 -0.6629
vn -0.3069 0.9511 -0.0353
vn -0.2598 0.9655 -0.0152
vn -0.3585 0.9318 -0.0565
vn -0.5921 0.7962 0.1244
vn -0.4441 0.8939 0.0614
vn -0.1856 0.9121 0.3655
vn -0.2078 0.9232 0.3234
vn -0.1419 0.8860 0.4414
vn -0.2672 0.9012 0.3413
vn -0.2665 0.9026 0.3381
vn -0.0344 0.0033 -0.9994
vn -0.0344 0.0028 -0.9994
vn -0.0291 0.0072 -0.9996
vn -0.0292 0.0072 -0.9995
vn -0.2111 0.8792 0.4272
vn -0.2840 0.8738 0.3948
vn -0.3998 0.8407 0.3653
vn -0.0174 0.0077 -0.9998
vn -0.2265 0.8387 0.4953
vn 0.0507 -0.3465 0.9367
vn 0.0522 -0.3351 0.9407
vn 0.0507 -0.3466 0.9366
vn 0.0497 -0.3859 0.9212
vn 0.0492 -0.3857 0.9213
vn -0.9059 -0.4061 0.1201
vn -0.5124 0.4071 -0.7561
vn -0.7293 0.6812 -0.0639
vn 0.0462 -0.1678 -0.9847
vn -0.5494 0.3801 -0.7441
vn -0.0469 -0.1194 -0.9917
vn -0.7555 0.6515 -0.0687
vn -0.4934 0.5365 0.6846
vn -0.5219 0.5338 0.6653
vn 0.0497 0.0136 0.9987
vn 0.0142 0.0639 0.9979
vn 0.6572 -0.7511 0.0628
vn 0.4308 -0.5566 -0.7103
vn 0.4347 -0.4416 0.7849
vn 0.4965 -0.5026 0.7078
vn 0.6733 -0.7369 0.0609
vn 0.4739 -0.6095 -0.6355
vn -0.4939 -0.5024 0.7097
vn -0.6714 -0.7411 0.0021
vn -0.5534 -0.5280 0.6442
vn -0.4103 -0.5525 -0.7255
vn -0.7018 -0.7119 0.0256
vn -0.4983 -0.5707 -0.6527
vn 0.0922 -0.1033 -0.9904
vn 0.0110 -0.1095 -0.9939
vn 0.0360 -0.1513 -0.9878
vn 0.5529 0.4645 0.6917
vn 0.5593 0.4794 0.6763
vn 0.8002 0.5996 -0.0108
vn 0.7824 0.6227 -0.0098
vn 0.5374 0.4817 0.6922
vn 0.7851 0.6193 -0.0053
vn 0.6141 0.3997 -0.6805
vn 0.6222 0.3857 -0.6813
vn 0.6025 0.4267 -0.6744
vn -0.1003 -0.0676 0.9927
vn -0.0352 -0.0327 0.9988
vn -0.1155 -0.0676 0.9910
vn -0.4761 0.1752 -0.8618
vn -0.7257 0.4915 -0.4814
vn -0.4860 0.3402 -0.8050
vn -0.7664 -0.0282 -0.6417
vn -0.4340 -0.6516 -0.6221
vn -0.1257 -0.2780 -0.9523
vn 0.0031 -0.1278 -0.9918
vn -0.1444 -0.0859 0.9858
vn -0.0199 0.0255 0.9995
vn -0.5366 0.3476 0.7690
vn -0.5487 0.4754 0.6877
vn -0.7990 0.1136 0.5906
vn -0.4766 -0.5371 0.6959
vn 0.4379 -0.4456 0.7808
vn 0.1310 -0.6576 0.7419
vn 0.2291 -0.9724 0.0438
vn -0.5772 -0.8163 0.0240
vn 0.1502 -0.7716 -0.6182
vn 0.4304 -0.5563 -0.7108
vn 0.6792 -0.7322 0.0507
vn -0.9988 -0.0475 -0.0093
vn -0.7659 0.6368 -0.0888
vn -0.7467 0.5763 0.3321
vn -0.8204 0.5710 -0.0313
vn -0.5349 0.3635 -0.7627
vn 0.0134 -0.1522 -0.9883
vn -0.7722 0.6283 -0.0949
vn -0.5560 0.5138 0.6533
vn 0.0239 -0.0072 0.9997
vn 0.3880 0.5392 0.7475
vn -0.0181 -0.1798 0.9835
vn -0.4768 -0.6577 0.5831
vn 0.3830 0.7102 0.5907
vn -0.0236 0.6257 0.7797
vn 0.2275 0.1650 0.9597
vn -0.5925 -0.7569 -0.2758
vn -0.8176 -0.5371 -0.2076
vn -0.4364 -0.7600 -0.4817
vn -0.9516 -0.0775 0.2975
vn -0.8375 -0.4656 -0.2859
vn -0.5895 0.3345 0.7352
vn -0.3396 -0.8811 -0.3291
vn -0.0211 -0.8952 -0.4452
vn -0.4000 -0.8551 -0.3297
vn 0.2343 0.5502 0.8015
vn 0.3143 0.4576 0.8317
vn 0.6328 0.3694 0.6805
vn 0.4098 0.5327 0.7404
vn 0.9064 0.1982 0.3730
vn 0.9270 0.3445 0.1485
vn 0.4623 0.6288 0.6253
vn -0.4529 0.3718 0.8103
vn -0.3446 0.3427 0.8740
vn -0.3143 0.4687 0.8255
vn -0.2786 0.5775 0.7673
vn -0.8599 -0.1001 0.5006
vn -0.8990 -0.0552 0.4344
vn -0.8862 -0.0045 0.4632
vn -0.9225 0.0950 0.3740
vn -0.8379 -0.5367 -0.0994
vn -0.8143 -0.5791 -0.0397
vn -0.4125 -0.7779 -0.4741
vn -0.4132 -0.6996 -0.5830
vn -0.8499 -0.5170 -0.1019
vn -0.8919 -0.4220 -0.1629
vn 0.2596 -0.7464 -0.6128
vn 0.2191 -0.6288 -0.7461
vn -0.0968 -0.9928 0.0705
vn 0.3958 -0.8385 -0.3744
vn 0.5936 -0.7255 0.3482
vn 0.8919 -0.3443 -0.2932
vn 0.8121 -0.2461 -0.5290
vn 0.6134 0.1385 0.7775
vn -0.5264 0.1987 -0.8267
vn -0.7374 0.0356 -0.6745
vn -0.6973 0.4777 -0.5343
vn -0.7819 0.6086 -0.1348
vn -0.8025 0.5833 -0.1255
vn -0.7674 0.5741 0.2855
vn -0.9935 0.0011 -0.1138
vn -0.8411 0.1021 0.5311
vn -0.5227 -0.8522 -0.0249
vn -0.4220 -0.6430 0.6391
vn -0.4440 -0.6497 -0.6170
vn -0.1596 -0.2809 -0.9464
vn -0.5457 0.3324 -0.7692
vn 0.0085 -0.1443 -0.9895
vn -0.5543 0.4593 0.6941
vn -0.5895 0.3029 0.7488
vn 0.0479 -0.0033 0.9988
vn -0.1064 -0.1861 0.9768
vn 0.2157 -0.7075 0.6730
vn 0.4455 -0.4285 0.7861
vn 0.3105 -0.9482 0.0668
vn 0.1772 -0.8066 -0.5640
vn 0.6657 -0.7374 0.1143
vn 0.4807 -0.5919 -0.6470
vn -0.7746 0.0861 0.6265
vn -0.3648 -0.6417 0.6746
vn -0.5311 0.3539 0.7699
vn -0.1188 -0.1257 0.9849
vn 0.0013 0.0022 1.0000
vn -0.5475 0.4482 0.7067
vn -0.7237 -0.0226 -0.6898
vn -0.5273 0.2453 -0.8135
vn -0.3609 -0.7044 -0.6112
vn -0.1464 -0.2561 -0.9555
vn -0.5805 0.3816 -0.7193
vn -0.0361 -0.0949 -0.9948
vn -0.7091 0.5350 -0.4594
vn -0.7804 0.6220 -0.0639
vn -0.7752 0.6308 -0.0328
vn -0.9914 -0.1191 -0.0543
vn -0.7197 0.5989 0.3512
vn 0.1665 -0.7993 -0.5774
vn 0.4545 -0.5518 -0.6993
vn -0.4133 -0.9106 -0.0032
vn 0.2748 -0.9611 0.0273
vn 0.2012 -0.7268 0.6567
vn 0.6612 -0.7493 0.0374
vn 0.4603 -0.4759 0.7494
vn -0.8156 0.5786 -0.0035
vn -0.5687 0.4512 0.6878
vn 0.0573 -0.0177 0.9982
vn -0.6146 0.3882 -0.6867
vn 0.0127 -0.1128 -0.9935
vn 0.4613 -0.5706 -0.6794
vn -0.5487 0.3630 -0.7532
vn -0.7817 0.6140 -0.1094
vn -0.5570 0.4917 0.6693
vn 0.0009 -0.1564 -0.9877
vn -0.7843 0.6099 -0.1135
vn -0.5770 0.4773 0.6628
vn -0.5603 0.3628 -0.7446
vn -0.7572 0.6407 -0.1268
vn -0.5470 0.5078 0.6655
vn -0.5500 0.3789 -0.7443
vn 0.0421 -0.1687 -0.9848
vn -0.0408 -0.1200 -0.9919
vn 0.0467 -0.0356 0.9983
vn -0.0055 -0.0050 1.0000
vn 0.0650 -0.0094 0.9978
vn 0.5321 -0.6257 -0.5703
vn 0.6913 -0.7107 0.1302
vn 0.6944 -0.7100 0.1171
vn 0.4961 -0.4710 0.7294
vn 0.4382 -0.4521 0.7769
vn -0.6222 0.3857 -0.6813
vn -0.8002 0.5996 -0.0108
vn -0.6141 0.3997 -0.6806
vn 0.6714 -0.7411 0.0021
vn 0.4939 -0.5025 0.7097
vn 0.4103 -0.5525 -0.7255
vn 0.4983 -0.5707 -0.6527
vn 0.7018 -0.7119 0.0256
vn 0.5534 -0.5280 0.6442
vn -0.0922 -0.1033 -0.9904
vn -0.0360 -0.1513 -0.9878
vn -0.5374 0.4817 0.6922
vn -0.7851 0.6193 -0.0053
vn -0.5529 0.4645 0.6917
vn 0.1003 -0.0676 0.9927
vn 0.0352 -0.0327 0.9988
vn -0.6025 0.4267 -0.6744
vn -0.1402 -0.2956 -0.9450
vn -0.6127 0.1855 -0.7682
vn -0.0581 -0.0890 -0.9943
vn -0.6010 0.3933 -0.6957
vn -0.3728 -0.7365 -0.5645
vn -0.8167 -0.0909 -0.5699
vn -0.5690 0.4562 0.6842
vn -0.7958 0.6056 -0.0013
vn -0.6269 0.3313 0.7052
vn -0.7927 0.4977 0.3520
vn -0.8205 0.0739 0.5669
vn -0.8539 0.5194 0.0336
vn -0.8075 0.4390 -0.3941
vn -0.9872 -0.1460 0.0638
vn -0.4647 -0.8829 0.0672
vn -0.3618 -0.5883 0.7232
vn 0.0464 -0.0211 0.9987
vn -0.0688 -0.1164 0.9908
vn 0.3093 -0.6793 0.6655
vn 0.3144 -0.9487 0.0328
vn 0.2314 -0.7769 -0.5855
vn 0.4599 -0.5204 -0.7195
vn 0.7160 -0.6979 0.0201
vn 0.5405 -0.4698 0.6979
vn -0.0110 -0.1095 -0.9939
vn -0.7824 0.6227 -0.0098
vn -0.5593 0.4794 0.6763
vn 0.1155 -0.0676 0.9910
vn -0.1737 0.6058 0.7764
vn 0.2213 0.9251 0.3086
vn 0.3139 0.8737 -0.3716
vn 0.3717 0.9262 -0.0633
vn 0.3099 0.9507 -0.0105
vn 0.3157 0.9341 -0.1670
vn -0.0000 0.3809 -0.9246
vn 0.0767 0.4000 -0.9133
vn 0.1786 0.5056 -0.8441
vn 0.2669 0.7344 -0.6241
vn 0.5891 -0.3380 -0.7340
vn 0.5888 -0.3375 -0.7344
vn 0.7034 -0.2565 -0.6629
vn 0.7026 -0.2568 -0.6636
vn 0.4246 0.8630 0.2736
vn 0.2896 0.8249 0.4854
vn 0.2931 0.8422 0.4525
vn 0.1983 0.7406 0.6420
vn 0.4975 -0.3090 -0.8106
vn 0.3336 -0.4024 -0.8525
vn 0.4971 -0.3090 -0.8108
vn 0.2152 0.6391 0.7384
vn 0.1689 0.6037 0.7791
vn -0.0767 0.4000 -0.9133
vn -0.1786 0.5056 -0.8441
vn -0.3139 0.8737 -0.3716
vn -0.2669 0.7344 -0.6241
vn -0.3157 0.9341 -0.1670
vn -0.7026 -0.2568 -0.6636
vn -0.5888 -0.3375 -0.7344
vn -0.7034 -0.2565 -0.6629
vn -0.5891 -0.3380 -0.7340
vn -0.4246 0.8630 0.2736
vn -0.2931 0.8423 0.4525
vn -0.2896 0.8249 0.4854
vn -0.1983 0.7406 0.6420
vn -0.4971 -0.3090 -0.8108
vn -0.3336 -0.4024 -0.8525
vn -0.4975 -0.3090 -0.8106
vn 0.0011 0.5949 0.8038
vn -0.0020 0.5955 0.8033
vn -0.2152 0.6391 0.7384
vn 0.0042 0.5949 0.8038
vn -0.2213 0.9251 0.3086
vn -0.3099 0.9507 -0.0105
vn -0.3717 0.9262 -0.0633
vn -0.8759 0.2835 0.3903
vn 0.8029 0.0547 -0.5936
vn 0.9949 0.0160 -0.0992
vn 0.9916 0.0875 -0.0949
vn 0.7306 0.0076 0.6828
vn 0.9413 -0.0357 0.3358
vn 0.7934 -0.0211 0.6083
vn 0.9508 -0.0339 0.3079
vn 0.6015 -0.0741 0.7955
vn 0.5303 0.0122 0.8477
vn 0.3965 -0.1359 0.9079
vn 0.3930 -0.0292 0.9191
vn 0.1044 0.2535 0.9617
vn 0.0004 -0.1138 0.9935
vn -0.0000 0.4052 0.9142
vn -0.0000 -0.2303 0.9731
vn 0.3941 -0.2388 0.8875
vn 0.6637 -0.1581 0.7311
vn 0.8686 -0.0518 0.4928
vn 0.9806 -0.0495 0.1899
vn 0.9729 0.0183 -0.2306
vn 0.7256 0.0290 -0.6875
vn 0.3421 0.0598 -0.9377
vn 0.3423 0.0585 -0.9378
vn -0.0000 0.0618 -0.9981
vn -0.0000 0.0614 -0.9981
vn -0.8029 0.0547 -0.5936
vn -0.9931 0.0663 -0.0970
vn -0.9950 0.0075 -0.1000
vn -0.9536 -0.0447 0.2978
vn -0.9778 -0.0128 0.2093
vn -0.9501 -0.0478 0.3082
vn -0.7306 0.0075 0.6828
vn -0.7934 -0.0211 0.6083
vn -0.6014 -0.0740 0.7955
vn -0.5301 0.0121 0.8478
vn -0.3917 -0.0301 0.9196
vn -0.3958 -0.1364 0.9081
vn -0.1035 0.2527 0.9620
vn -0.3941 -0.2388 0.8875
vn -0.6637 -0.1581 0.7311
vn -0.8686 -0.0518 0.4927
vn -0.9805 -0.0495 0.1899
vn -0.9729 0.0183 -0.2306
vn -0.7256 0.0290 -0.6875
vn -0.3421 0.0599 -0.9377
vn -0.3423 0.0585 -0.9378
vn 0.9707 0.0191 0.2397
vn -0.0000 0.7893 0.6139
vn -0.0000 0.4462 -0.8949
vn 0.0998 0.4867 -0.8678
vn 0.4569 0.5749 -0.6788
vn 0.5194 0.6345 -0.5724
vn 0.4093 0.4996 -0.7634
vn 0.2494 0.4786 -0.8419
vn 0.2322 0.4274 -0.8737
vn -0.0000 0.4012 -0.9160
vn -0.0000 0.4469 -0.8946
vn 0.5353 0.7723 -0.3421
vn 0.4813 0.6262 -0.6133
vn 0.2793 0.5668 -0.7751
vn -0.0001 0.5268 -0.8500
vn -0.4958 0.6253 0.6026
vn -0.2291 0.8093 0.5409
vn -0.7583 0.4041 0.5116
vn -0.5002 0.6327 0.5912
vn -0.8452 0.3196 0.4283
vn 0.5966 0.7420 -0.3057
vn 0.0935 0.8577 0.5056
vn 0.4907 0.8692 0.0607
vn 0.4224 0.8637 0.2750
vn 0.2570 0.9342 0.2475
vn 0.5619 0.8271 -0.0121
vn -0.0340 0.7761 0.6296
vn 0.3838 0.8989 -0.2112
vn -0.5950 0.5544 0.5819
vn -0.0002 0.5583 -0.8296
vn 0.2943 0.6054 -0.7395
vn 0.3336 -0.4029 -0.8522
vn 0.1392 -0.6052 -0.7838
vn 0.1385 -0.6042 -0.7847
vn -0.0000 -0.7060 -0.7082
vn -0.0000 -0.7045 -0.7097
vn 0.1430 0.7257 0.6730
vn 0.1966 0.7277 0.6572
vn -0.0000 0.6014 0.7990
vn 0.2567 0.7154 0.6499
vn -0.0000 0.8427 0.5384
vn 0.1610 0.5679 0.8072
vn 0.3059 0.6132 0.7283
vn 0.3908 0.5519 0.7367
vn -0.0065 0.7904 0.6125
vn 0.0025 0.9670 0.2549
vn -0.2123 0.8781 0.4289
vn 0.2822 0.7333 0.6186
vn 0.2700 0.7285 0.6296
vn 0.2708 0.7278 0.6300
vn 0.3842 0.7376 0.5553
vn 0.3851 0.7372 0.5551
vn 0.4443 0.7408 0.5037
vn 0.3730 0.1935 0.9074
vn 0.2409 0.3910 0.8883
vn -0.0000 -0.1210 0.9927
vn -0.0000 0.1943 0.9809
vn 0.3825 0.7606 0.5246
vn 0.2105 0.6029 0.7696
vn -0.0000 0.9433 0.3318
vn 0.3778 0.7963 0.4724
vn -0.0438 0.9067 0.4194
vn -0.1609 0.9116 0.3784
vn -0.3843 0.9134 0.1345
vn -0.3319 0.9373 -0.1063
vn -0.4161 0.9054 -0.0848
vn 0.3655 0.8358 0.4097
vn -0.1766 0.9091 0.3773
vn 0.3588 0.6392 0.6802
vn 0.2306 0.6806 0.6954
vn 0.6367 0.5295 0.5606
vn 0.8248 0.4696 0.3149
vn -0.0998 0.4867 -0.8678
vn -0.4569 0.5749 -0.6788
vn -0.4093 0.4996 -0.7634
vn -0.5194 0.6345 -0.5724
vn -0.2494 0.4786 -0.8419
vn -0.2322 0.4274 -0.8737
vn -0.5353 0.7723 -0.3421
vn -0.4811 0.6267 -0.6130
vn -0.2791 0.5676 -0.7745
vn 0.4960 0.6255 0.6022
vn 0.7586 0.4040 0.5112
vn 0.2304 0.8088 0.5410
vn 0.5002 0.6327 0.5912
vn 0.8452 0.3196 0.4283
vn -0.5966 0.7420 -0.3057
vn -0.0931 0.8577 0.5056
vn -0.4907 0.8692 0.0607
vn -0.4224 0.8637 0.2750
vn -0.2556 0.9344 0.2482
vn -0.5619 0.8271 -0.0121
vn 0.0340 0.7761 0.6296
vn -0.3831 0.8994 -0.2105
vn 0.5943 0.5548 0.5822
vn 0.8759 0.2835 0.3903
vn -0.2940 0.6071 -0.7383
vn -0.3336 -0.4029 -0.8523
vn -0.1392 -0.6052 -0.7838
vn -0.1385 -0.6042 -0.7847
vn -0.1430 0.7257 0.6730
vn -0.1966 0.7277 0.6572
vn -0.2567 0.7154 0.6499
vn -0.1618 0.5685 0.8066
vn -0.3908 0.5519 0.7366
vn -0.3059 0.6132 0.7283
vn 0.0048 0.7890 0.6143
vn 0.2048 0.8731 0.4424
vn -0.2834 0.7326 0.6189
vn -0.2700 0.7285 0.6296
vn -0.3842 0.7378 0.5550
vn -0.2708 0.7278 0.6300
vn -0.3851 0.7374 0.5549
vn -0.4443 0.7412 0.5032
vn -0.2409 0.3910 0.8883
vn -0.3730 0.1935 0.9074
vn -0.3825 0.7606 0.5247
vn -0.2105 0.6029 0.7696
vn 0.1570 0.9113 0.3807
vn 0.0546 0.9110 0.4088
vn -0.3718 0.8007 0.4697
vn 0.3805 0.9139 0.1417
vn 0.0156 0.9995 -0.0262
vn 0.3368 0.9382 -0.0796
vn 0.1967 0.9107 0.3633
vn 0.4066 0.9121 -0.0531
vn -0.3588 0.6392 0.6802
vn -0.2306 0.6806 0.6954
vn -0.6367 0.5295 0.5606
vn -0.8248 0.4697 0.3148
vn -0.3560 0.8397 0.4101
vn 0.9489 -0.0864 -0.3034
vn 0.8688 -0.0870 -0.4874
vn 0.9590 -0.0578 -0.2774
vn -0.0000 -1.0000 -0.0000
vn -0.9926 -0.0359 -0.1159
vn -0.9979 -0.0100 -0.0634
vn -0.9992 0.0004 -0.0391
vn 0.9674 -0.0002 -0.2533
vn 0.9627 -0.0285 -0.2690
vn -0.9921 -0.0317 -0.1215
vn -0.9933 -0.0306 -0.1117
vn -0.5910 -0.0933 -0.8013
vn -0.0606 -0.1133 -0.9917
vn 0.4778 -0.1040 -0.8723
vn 0.9503 -0.0849 -0.2994
vn 0.0024 -0.0017 1.0000
vn -0.9393 -0.0494 -0.3396
vn -0.9392 -0.0494 -0.3397
vn 0.9595 -0.1095 -0.2595
vn 0.9840 0.0600 -0.1677
vn 0.9735 -0.0727 -0.2166
vn 0.4621 0.2258 -0.8576
vn 0.8454 0.0973 -0.5252
vn 0.4764 0.0204 -0.8790
vn -0.9930 0.0106 -0.1176
vn -0.9960 -0.0366 -0.0819
vn -0.9865 0.1060 0.1247
vn -0.9431 0.0418 -0.3298
vn -0.0432 0.2073 -0.9773
vn -0.0695 0.0205 -0.9974
vn -0.6065 0.0100 -0.7950
vn -0.5760 0.2116 -0.7896
vn -0.6052 -0.0583 -0.7940
vn -0.0788 -0.0699 -0.9944
vn 0.8542 -0.0000 -0.5200
vn 0.4727 -0.0656 -0.8788
vn 0.8541 -0.0788 -0.5142
vn 0.9719 0.1106 -0.2079
vn 0.9772 0.0458 -0.2074
vn -0.9344 -0.0082 -0.3562
vn -0.9872 -0.0846 -0.1352
vn -0.9984 -0.0558 -0.0131
vn 0.9551 0.2962 -0.0064
vn -0.9336 -0.0554 -0.3541
vn 0.2448 0.4492 0.8593
vn 0.7426 0.5988 0.3001
vn 0.8482 0.2565 0.4635
vn -0.6576 0.0444 0.7520
vn -0.6457 0.0124 0.7635
vn -0.9914 -0.1291 -0.0231
vn -0.9988 -0.0294 0.0397
vn 0.2360 0.1640 0.9578
vn 0.2150 0.0395 0.9758
vn -0.9990 -0.0366 0.0243
vn -0.7553 0.2554 0.6035
vn -0.8042 -0.0457 -0.5927
vn -0.7965 -0.0997 -0.5964
vn -0.8834 0.0222 -0.4682
vn -0.6698 0.5507 0.4981
vn 0.2606 0.7480 0.6104
vn -0.0646 -0.0670 -0.9957
vn -0.0665 -0.1209 -0.9904
vn -0.0449 0.2335 -0.9713
vn 0.7459 -0.0534 -0.6639
vn 0.7416 -0.1091 -0.6619
vn 0.7871 0.0952 -0.6094
vn 0.8204 -0.0048 0.5718
vn 0.8381 0.0251 0.5449
vn 0.9989 -0.0370 -0.0282
vn 0.9963 -0.0800 -0.0323
vn 0.9956 0.0802 -0.0491
vn 0.9083 -0.0633 -0.4135
vn 0.9198 -0.0432 -0.3899
vn 0.7397 -0.0438 -0.6716
vn 0.7249 -0.0630 -0.6860
vn -0.0530 -0.0820 -0.9952
vn 0.4535 -0.0769 -0.8879
vn 0.6280 -0.2633 0.7323
vn 0.7939 -0.1311 0.5938
vn 0.8428 -0.1274 0.5230
vn 0.0228 0.0246 0.9994
vn 0.0269 0.0192 0.9995
vn 0.0349 0.0414 0.9985
vn -0.8106 -0.0353 -0.5845
vn -0.5118 -0.0350 -0.8584
vn -0.7984 -0.0495 -0.6001
vn -0.0984 0.0185 -0.9950
vn -0.1796 0.0008 -0.9837
vn -0.9279 -0.0754 0.3652
vn -0.9283 -0.0280 0.3707
vn -0.6934 -0.0819 0.7158
vn -0.6316 -0.1147 0.7668
vn 0.2093 -0.2217 0.9524
vn -0.2292 -0.1839 0.9559
vn -0.0589 -0.0595 -0.9965
vn 0.7834 -0.0759 -0.6168
vn -0.8440 -0.0784 -0.5306
vn 0.2094 -0.0570 0.9762
vn -0.6992 -0.1016 0.7077
vn 0.8337 -0.0828 0.5460
vn -0.9925 -0.1150 0.0407
vn -0.9686 -0.0910 -0.2316
vn -0.9713 -0.0298 -0.2362
vn 0.4608 -0.0141 0.8874
vn 0.3469 -0.1451 0.9266
vn 0.3468 -0.1451 0.9266
vn 0.4607 -0.0141 0.8874
vn 0.1540 -0.1206 0.9807
vn 0.9281 -0.0583 0.3677
vn 0.9285 -0.0995 0.3578
vn -0.0353 0.0121 -0.9993
vn -0.0925 -0.0076 -0.9957
vn -0.0430 0.0134 -0.9990
vn -0.0923 -0.0076 -0.9957
vn 0.3133 0.9496 -0.0138
vn 0.3370 0.9414 -0.0155
vn -0.9050 0.3931 0.1626
vn -0.9102 0.4113 0.0492
vn 0.8851 0.2953 0.3596
vn 0.7974 0.2141 0.5642
vn 0.6321 0.2207 0.7428
vn 0.7481 -0.1067 -0.6549
vn 0.9884 -0.0860 -0.1250
vn -0.7717 0.2232 0.5956
vn -0.9834 0.1722 0.0567
vn 0.0766 -0.1109 -0.9909
vn 0.0766 -0.1108 -0.9909
vn 0.0590 0.2868 0.9562
vn -0.2126 0.3781 -0.9010
vn -0.8565 0.2656 -0.4425
vn 0.2255 -0.0569 0.9726
vn 0.2255 -0.0568 0.9726
vn -0.8565 0.2656 -0.4426
vn 0.8723 -0.0791 0.4825
vn 0.9238 0.3591 0.1328
vn 0.9717 0.2022 0.1221
vn 0.8724 -0.0791 0.4824
vn -0.9834 0.1722 0.0566
vn -0.9033 0.4241 -0.0651
vn 0.3593 0.9331 -0.0138
vn 0.9383 0.2253 -0.2624
vn 0.8101 0.3404 -0.4773
vn 0.6299 0.2809 -0.7241
vn -0.2817 0.9594 -0.0160
vn -0.2798 0.9600 0.0117
vn 0.9187 0.3784 -0.1137
vn 0.9262 0.3756 -0.0326
vn 0.9275 0.3706 0.0493
vn -0.2779 0.9597 0.0414
vn -0.5549 0.2321 0.7989
vn -0.9389 0.2321 0.2541
vn -0.9950 0.0902 0.0436
vn -0.9564 0.2393 -0.1677
vn -0.8841 0.3124 -0.3474
vn -0.7150 0.3795 -0.5872
vn -0.7114 -0.0985 -0.6959
vn 0.9875 0.1365 -0.0788
vn -0.9893 -0.0587 0.1338
vn -0.9893 -0.0587 0.1339
vn -0.5542 -0.0309 0.8318
vn 0.2254 -0.0568 0.9726
vn -0.9927 -0.0731 0.0956
vn -0.9909 -0.0854 -0.1041
vn -0.9961 -0.0864 -0.0168
vn -0.9818 -0.1085 -0.1556
vn -0.9917 -0.1271 0.0199
vn -0.9733 -0.0688 0.2189
vn -0.9742 -0.0655 0.2161
vn -0.9324 -0.1132 0.3432
vn -0.9917 -0.1271 0.0200
vn 0.9930 -0.1053 -0.0533
vn 0.9387 -0.0839 -0.3345
vn 0.9574 -0.0904 0.2744
vn 0.0314 -0.1679 0.9853
vn -0.0904 -0.1429 -0.9856
vn 0.0506 -0.1621 -0.9855
vn -0.1264 -0.2330 -0.9642
vn 0.9966 0.0484 -0.0662
vn -0.0335 0.0187 -0.9993
vn -0.0650 -0.0113 0.9978
vn -0.8208 0.2836 0.4959
vn 0.3852 0.3783 -0.8417
vn 0.9926 -0.0959 0.0740
vn 0.9951 -0.0982 -0.0139
vn 0.9796 -0.1157 -0.1644
vn -0.3616 -0.0967 -0.9273
vn 0.9886 -0.1074 -0.1055
vn 0.9641 -0.1396 -0.2259
vn 0.9919 -0.0897 -0.0900
vn 0.9946 -0.0800 0.0668
vn -0.1301 -0.0139 0.9914
vn -0.9705 -0.0508 -0.2357
vn 0.5359 -0.0059 0.8443
vn -0.1242 -0.0184 -0.9921
vn -0.8675 0.3828 0.3177
vn -0.0555 0.0160 -0.9983
vn -0.9476 0.3172 0.0383
vn -0.9455 0.3216 0.0511
vn -0.9492 0.3136 0.0264
vn 0.0136 0.0354 0.9993
vn -0.8779 0.4112 -0.2453
vn 0.8833 0.3849 -0.2678
vn -0.2470 -0.0572 0.9673
vn 0.9717 0.2329 -0.0390
vn 0.9629 0.2496 -0.1025
vn 0.9762 0.2153 0.0252
vn 0.9876 0.0359 0.1525
vn 0.9964 -0.0072 -0.0845
vn 0.9890 0.1481 -0.0008
vn -0.0135 -0.9883 -0.1516
vn -0.0100 -0.9990 -0.0440
vn -0.0125 -0.9963 0.0851
vn -0.0103 -0.9784 0.2066
vn -0.0094 -0.9410 0.3382
vn -0.0120 -0.9166 0.3996
vn -0.0243 0.9909 0.1326
vn -0.0126 0.9990 0.0439
vn 0.0156 0.9976 0.0680
vn 0.0292 0.9875 0.1550
vn 0.0291 0.9875 0.1551
vn -0.9986 0.0514 0.0076
vn 0.0292 0.9832 0.1801
vn 0.9678 0.0002 -0.2518
vn 0.0266 0.9947 -0.0992
vn 0.0155 0.9983 -0.0554
vn -0.0008 0.9782 -0.2079
vn 0.0341 0.9728 -0.2292
vn 0.0340 0.9728 -0.2292
vn -0.0163 0.9459 -0.3240
vn -0.0308 0.9256 -0.3772
vn -0.0139 0.8983 -0.4391
vn -0.0216 0.9231 -0.3841
vn 0.9956 0.0002 -0.0941
vn 0.9956 0.0002 -0.0942
vn 0.9825 -0.0044 0.1864
vn 0.8887 -0.0190 0.4580
vn 0.6682 -0.0335 0.7433
vn 0.2263 -0.0416 0.9732
vn -0.4776 -0.0411 0.8776
vn -0.4776 -0.0406 0.8776
vn -0.8585 -0.0258 0.5122
vn -0.9414 -0.0143 0.3369
vn -0.9913 -0.0075 0.1315
vn -0.9997 0.0244 0.0094
vn -0.9997 0.0245 0.0094
vn -0.0184 -0.9831 -0.1822
vn 0.1170 0.9296 0.3496
vn 0.3612 0.8842 0.2961
vn 0.1385 0.8559 0.4983
vn 0.5098 0.7869 0.3477
vn 0.7252 0.6705 0.1566
vn 0.8335 0.5491 0.0607
vn 0.3375 0.9181 0.2077
vn 0.0878 0.9676 0.2365
vn 0.7347 0.6398 0.2255
vn -0.3542 0.8710 0.3404
vn -0.5335 0.7330 0.4220
vn -0.8360 0.5131 0.1947
vn -0.9267 0.3259 0.1871
vn -0.2813 0.9329 0.2248
vn -0.7695 0.6138 0.1765
vn -0.9995 -0.0005 0.0321
vn -0.9947 0.0880 0.0529
vn -0.9826 0.1220 0.1402
vn -0.9992 -0.0255 0.0314
vn 0.9776 0.1537 -0.1435
vn 0.9809 -0.0235 -0.1933
vn 0.9586 0.1819 0.2193
vn 0.6176 0.7354 0.2788
vn 0.8789 0.1917 0.4368
vn 0.2960 0.9448 0.1405
vn 0.1030 0.9869 0.1240
vn -0.4142 0.8442 0.3402
vn -0.8332 0.2954 0.4675
vn -0.4716 0.4614 0.7515
vn -0.7130 0.6488 0.2659
vn -0.9391 0.1260 0.3196
vn -0.2396 0.9609 0.1388
vn 0.6698 0.2963 0.6809
vn 0.4333 0.8443 0.3153
vn 0.2403 0.4708 0.8489
vn 0.1481 0.9161 0.3726
vn -0.9987 -0.0501 0.0124
vn -0.9990 -0.0384 0.0239
vn 0.8925 0.0352 0.4496
vn 0.6852 0.0620 0.7257
vn 0.2403 0.1280 0.9622
vn -0.4751 0.0886 0.8754
vn -0.8465 -0.0475 0.5303
vn -0.9335 -0.0876 0.3477
vn -0.9884 -0.0599 0.1395
vn -0.0024 -0.0017 1.0000
vn 0.9926 -0.0359 -0.1159
vn 0.9992 0.0004 -0.0391
vn 0.9979 -0.0100 -0.0634
vn -0.9674 -0.0002 -0.2533
vn -0.9590 -0.0578 -0.2774
vn -0.9627 -0.0285 -0.2690
vn 0.9921 -0.0317 -0.1215
vn 0.9933 -0.0306 -0.1117
vn 0.0606 -0.1133 -0.9917
vn 0.5910 -0.0933 -0.8013
vn -0.4778 -0.1040 -0.8723
vn -0.4777 -0.1040 -0.8723
vn -0.8688 -0.0870 -0.4874
vn -0.9489 -0.0864 -0.3034
vn -0.9503 -0.0849 -0.2994
vn 0.9392 -0.0494 -0.3397
vn 0.9393 -0.0493 -0.3396
vn -0.9595 -0.1095 -0.2595
vn -0.9735 -0.0727 -0.2166
vn -0.9840 0.0600 -0.1677
vn 0.0103 -0.9784 0.2066
vn 0.0094 -0.9410 0.3382
vn 0.0135 -0.9883 -0.1516
vn 0.0100 -0.9990 -0.0440
vn 0.0125 -0.9963 0.0851
vn 0.0120 -0.9166 0.3996
vn 0.0243 0.9909 0.1326
vn 0.0126 0.9990 0.0439
vn -0.0291 0.9875 0.1551
vn -0.0292 0.9875 0.1550
vn -0.0156 0.9976 0.0680
vn 0.9992 0.0003 -0.0391
vn 0.9986 0.0514 0.0076
vn -0.0292 0.9832 0.1801
vn -0.9678 0.0002 -0.2518
vn -0.0266 0.9947 -0.0992
vn -0.0155 0.9983 -0.0554
vn 0.0008 0.9782 -0.2079
vn 0.0008 0.9782 -0.2078
vn -0.0340 0.9728 -0.2292
vn 0.0163 0.9459 -0.3240
vn 0.0308 0.9256 -0.3772
vn 0.0139 0.8983 -0.4391
vn 0.0216 0.9231 -0.3841
vn -0.9956 0.0002 -0.0942
vn -0.9825 -0.0044 0.1864
vn -0.8887 -0.0190 0.4580
vn -0.6682 -0.0335 0.7433
vn -0.2263 -0.0416 0.9732
vn 0.4776 -0.0406 0.8776
vn 0.4777 -0.0406 0.8776
vn 0.8585 -0.0258 0.5122
vn 0.9414 -0.0143 0.3370
vn 0.9414 -0.0143 0.3369
vn 0.9913 -0.0075 0.1315
vn 0.9997 0.0245 0.0094
vn 0.9997 0.0244 0.0094
vn 0.0184 -0.9831 -0.1822
vn -0.1170 0.9296 0.3496
vn -0.1385 0.8559 0.4983
vn -0.3612 0.8842 0.2961
vn -0.5098 0.7869 0.3477
vn -0.7252 0.6705 0.1566
vn -0.8335 0.5491 0.0607
vn -0.0878 0.9676 0.2365
vn -0.3375 0.9181 0.2077
vn -0.7347 0.6398 0.2255
vn 0.3542 0.8710 0.3404
vn 0.8360 0.5133 0.1943
vn 0.5335 0.7330 0.4220
vn 0.9267 0.3259 0.1871
vn 0.2812 0.9329 0.2248
vn 0.7695 0.6138 0.1765
vn 0.9947 0.0880 0.0529
vn 0.9995 -0.0005 0.0321
vn 0.9826 0.1220 0.1402
vn -0.9890 0.1481 -0.0008
vn -0.9776 0.1537 -0.1435
vn -0.9964 -0.0072 -0.0845
vn -0.9809 -0.0235 -0.1933
vn -0.9586 0.1819 0.2193
vn -0.9876 0.0360 0.1525
vn -0.8789 0.1917 0.4368
vn -0.6177 0.7354 0.2788
vn -0.2960 0.9448 0.1405
vn -0.1030 0.9869 0.1240
vn 0.4142 0.8442 0.3402
vn 0.4716 0.4614 0.7515
vn 0.8332 0.2954 0.4675
vn 0.9391 0.1260 0.3196
vn 0.7130 0.6488 0.2659
vn 0.2396 0.9609 0.1388
vn -0.4333 0.8443 0.3153
vn -0.6698 0.2963 0.6809
vn -0.1481 0.9161 0.3726
vn -0.2403 0.4708 0.8489
vn 0.9984 -0.0558 -0.0131
vn 0.9987 -0.0501 0.0124
vn 0.9990 -0.0384 0.0239
vn -0.8925 0.0352 0.4496
vn -0.6852 0.0620 0.7257
vn -0.2403 0.1280 0.9622
vn 0.4751 0.0886 0.8754
vn 0.8465 -0.0475 0.5303
vn 0.9335 -0.0876 0.3477
vn 0.9884 -0.0599 0.1395
vn 0.9992 -0.0255 0.0314
vn 0.6698 0.5507 0.4981
vn 0.9930 0.0106 -0.1176
vn 0.9865 0.1060 0.1247
vn 0.9960 -0.0366 -0.0819
vn 0.9431 0.0418 -0.3298
vn -0.2606 0.7480 0.6104
vn -0.7426 0.5988 0.3001
vn -0.9551 0.2962 -0.0064
vn -0.4764 0.0204 -0.8790
vn -0.4621 0.2258 -0.8576
vn 0.0695 0.0205 -0.9974
vn 0.0432 0.2073 -0.9773
vn 0.6065 0.0100 -0.7950
vn 0.5760 0.2116 -0.7896
vn 0.6052 -0.0583 -0.7940
vn 0.0788 -0.0699 -0.9944
vn -0.8541 -0.0788 -0.5142
vn -0.8542 -0.0000 -0.5200
vn -0.4727 -0.0656 -0.8788
vn -0.8454 0.0973 -0.5252
vn -0.9719 0.1107 -0.2079
vn -0.9772 0.0458 -0.2074
vn 0.9344 -0.0082 -0.3561
vn 0.9872 -0.0846 -0.1352
vn 0.9336 -0.0554 -0.3541
vn 0.0449 0.2335 -0.9713
vn 0.6576 0.0444 0.7520
vn 0.9914 -0.1291 -0.0231
vn 0.6457 0.0124 0.7635
vn 0.9988 -0.0294 0.0397
vn -0.2360 0.1640 0.9578
vn -0.2149 0.0395 0.9758
vn 0.9990 -0.0366 0.0243
vn 0.7553 0.2554 0.6035
vn 0.7965 -0.0997 -0.5964
vn 0.8042 -0.0457 -0.5927
vn -0.2448 0.4492 0.8593
vn 0.8834 0.0222 -0.4682
vn 0.0665 -0.1209 -0.9904
vn 0.0646 -0.0670 -0.9957
vn -0.7459 -0.0534 -0.6639
vn -0.7416 -0.1091 -0.6619
vn -0.7871 0.0952 -0.6094
vn -0.8381 0.0251 0.5449
vn -0.8204 -0.0048 0.5718
vn -0.9963 -0.0800 -0.0323
vn -0.9989 -0.0370 -0.0282
vn -0.8482 0.2565 0.4635
vn -0.9956 0.0802 -0.0491
vn -0.7249 -0.0630 -0.6860
vn -0.9198 -0.0432 -0.3899
vn -0.7397 -0.0438 -0.6716
vn -0.9083 -0.0633 -0.4135
vn 0.0530 -0.0820 -0.9952
vn -0.4535 -0.0769 -0.8879
vn -0.6277 -0.2634 0.7325
vn -0.8428 -0.1275 0.5230
vn -0.7939 -0.1311 0.5938
vn -0.0228 0.0246 0.9994
vn -0.0349 0.0414 0.9985
vn -0.0269 0.0192 0.9995
vn 0.8106 -0.0353 -0.5845
vn 0.7984 -0.0495 -0.6001
vn 0.5118 -0.0350 -0.8584
vn 0.0984 0.0185 -0.9950
vn 0.1796 0.0008 -0.9837
vn 0.6316 -0.1147 0.7668
vn 0.9283 -0.0280 0.3707
vn 0.6934 -0.0819 0.7158
vn 0.9279 -0.0754 0.3652
vn -0.2093 -0.2217 0.9524
vn 0.2292 -0.1839 0.9559
vn 0.0589 -0.0595 -0.9965
vn -0.7834 -0.0759 -0.6168
vn 0.8440 -0.0784 -0.5306
vn 0.6992 -0.1016 0.7077
vn -0.2094 -0.0570 0.9762
vn -0.8337 -0.0828 0.5460
vn 0.9925 -0.1150 0.0407
vn 0.9686 -0.0910 -0.2316
vn 0.9712 -0.0298 -0.2362
vn -0.1540 -0.1206 0.9807
vn -0.4607 -0.0141 0.8874
vn -0.3468 -0.1451 0.9266
vn -0.3469 -0.1451 0.9266
vn -0.4608 -0.0141 0.8874
vn -0.9285 -0.0995 0.3578
vn -0.9281 -0.0583 0.3677
vn 0.0923 -0.0076 -0.9957
vn 0.0925 -0.0076 -0.9957
vn 0.0430 0.0134 -0.9990
vn 0.0353 0.0121 -0.9993
vn 0.9103 0.4111 0.0483
vn -0.3370 0.9414 -0.0155
vn 0.9050 0.3931 0.1626
vn -0.3133 0.9496 -0.0138
vn -0.8851 0.2942 0.3607
vn -0.6321 0.2207 0.7428
vn -0.7974 0.2141 0.5642
vn 0.9834 0.1722 0.0567
vn -0.9884 -0.0860 -0.1250
vn 0.7717 0.2232 0.5956
vn -0.7481 -0.1067 -0.6549
vn -0.0590 0.2868 0.9562
vn -0.0766 -0.1108 -0.9909
vn -0.8723 -0.0791 0.4825
vn 0.8565 0.2656 -0.4426
vn -0.2255 -0.0568 0.9726
vn -0.2255 -0.0569 0.9726
vn 0.8565 0.2656 -0.4425
vn 0.2126 0.3781 -0.9010
vn -0.9238 0.3590 0.1328
vn -0.9717 0.2022 0.1220
vn -0.8724 -0.0791 0.4824
vn 0.9834 0.1722 0.0566
vn -0.3593 0.9331 -0.0138
vn 0.9033 0.4241 -0.0651
vn -0.9383 0.2253 -0.2624
vn -0.6299 0.2809 -0.7241
vn -0.8101 0.3404 -0.4773
vn -0.9262 0.3756 -0.0326
vn 0.2798 0.9600 0.0117
vn -0.9187 0.3784 -0.1137
vn 0.2817 0.9594 -0.0160
vn 0.2779 0.9597 0.0414
vn -0.9275 0.3706 0.0493
vn 0.5549 0.2321 0.7989
vn 0.9389 0.2321 0.2541
vn 0.9950 0.0902 0.0436
vn 0.9564 0.2393 -0.1677
vn 0.8841 0.3124 -0.3474
vn 0.7152 0.3794 -0.5869
vn 0.7114 -0.0985 -0.6959
vn -0.9875 0.1365 -0.0788
vn 0.9893 -0.0587 0.1338
vn 0.9893 -0.0587 0.1339
vn -0.6298 0.2809 -0.7241
vn 0.5542 -0.0309 0.8318
vn -0.2254 -0.0567 0.9726
vn 0.9927 -0.0731 0.0956
vn 0.9961 -0.0864 -0.0168
vn 0.9909 -0.0854 -0.1041
vn 0.9818 -0.1085 -0.1556
vn 0.9917 -0.1271 0.0199
vn 0.9733 -0.0688 0.2189
vn 0.9742 -0.0655 0.2161
vn 0.9324 -0.1132 0.3432
vn 0.9917 -0.1271 0.0200
vn -0.9930 -0.1053 -0.0533
vn -0.9387 -0.0839 -0.3345
vn -0.9574 -0.0904 0.2744
vn -0.0314 -0.1679 0.9853
vn 0.0904 -0.1429 -0.9856
vn 0.1264 -0.2330 -0.9642
vn -0.0506 -0.1621 -0.9855
vn -0.9966 0.0484 -0.0662
vn 0.0335 0.0187 -0.9993
vn 0.0650 -0.0113 0.9978
vn 0.8208 0.2836 0.4959
vn -0.3852 0.3783 -0.8417
vn -0.9951 -0.0982 -0.0139
vn -0.9926 -0.0959 0.0740
vn -0.9796 -0.1157 -0.1644
vn 0.3616 -0.0967 -0.9273
vn -0.9886 -0.1074 -0.1055
vn -0.9641 -0.1396 -0.2259
vn -0.9919 -0.0897 -0.0900
vn -0.9946 -0.0800 0.0668
vn -0.9919 -0.0897 -0.0899
vn 0.1301 -0.0139 0.9914
vn 0.9705 -0.0508 -0.2357
vn -0.5359 -0.0059 0.8443
vn 0.1243 -0.0184 -0.9921
vn 0.8675 0.3828 0.3178
vn 0.0555 0.0160 -0.9983
vn 0.9455 0.3216 0.0511
vn 0.9476 0.3172 0.0383
vn 0.9492 0.3136 0.0264
vn -0.0136 0.0354 0.9993
vn 0.8779 0.4112 -0.2453
vn -0.8833 0.3849 -0.2678
vn 0.2470 -0.0572 0.9673
vn -0.9629 0.2495 -0.1026
vn -0.9717 0.2329 -0.0390
vn -0.9762 0.2153 0.0252
vt 0.896589 0.494620
vt 0.898136 0.493775
vt 0.897610 0.497006
vt 0.901943 0.496167
vt 0.901941 0.505483
vt 0.897897 0.505447
vt 0.890726 0.504714
vt 0.889018 0.504230
vt 0.890366 0.496456
vt 0.888912 0.495710
vt 0.891489 0.494316
vt 0.889651 0.493475
vt 0.913963 0.504099
vt 0.911699 0.505176
vt 0.914070 0.495508
vt 0.911738 0.495238
vt 0.911526 0.493251
vt 0.908677 0.491210
vt 0.909062 0.495403
vt 0.906399 0.495625
vt 0.905875 0.493554
vt 0.908755 0.505468
vt 0.905710 0.505691
vt 0.893916 0.491442
vt 0.894178 0.493785
vt 0.894411 0.504768
vt 0.891651 0.496430
vt 0.894232 0.496513
vt 0.896557 0.496697
vt 0.911832 0.510148
vt 0.914077 0.506714
vt 0.901852 0.508066
vt 0.897960 0.508572
vt 0.901542 0.518085
vt 0.897781 0.518379
vt 0.894436 0.507617
vt 0.894416 0.517849
vt 0.890683 0.517663
vt 0.890902 0.507574
vt 0.888395 0.516927
vt 0.888905 0.506819
vt 0.914353 0.516900
vt 0.911874 0.518083
vt 0.905326 0.518583
vt 0.905394 0.510843
vt 0.908622 0.518242
vt 0.908708 0.510607
vt 0.814496 0.529296
vt 0.816778 0.531052
vt 0.814307 0.533949
vt 0.816404 0.535359
vt 0.981328 0.534689
vt 0.976725 0.533857
vt 0.980948 0.529867
vt 0.977138 0.528608
vt 0.980888 0.523132
vt 0.979213 0.522277
vt 0.817563 0.523964
vt 0.815420 0.522727
vt 0.819249 0.535242
vt 0.819456 0.531175
vt 0.823901 0.533617
vt 0.823520 0.529210
vt 0.820111 0.523099
vt 0.823349 0.523277
vt 0.829803 0.533738
vt 0.828399 0.528365
vt 0.824561 0.522258
vt 0.820424 0.521186
vt 0.979475 0.519627
vt 0.977563 0.521465
vt 0.973114 0.519640
vt 0.975063 0.520904
vt 0.973408 0.527552
vt 0.970748 0.526927
vt 0.968528 0.525800
vt 0.967233 0.531212
vt 0.969358 0.532368
vt 0.972416 0.532831
vt 0.928669 0.482021
vt 0.925964 0.482774
vt 0.925834 0.479381
vt 0.880326 0.493721
vt 0.876241 0.493673
vt 0.876621 0.483580
vt 0.875594 0.483070
vt 0.880198 0.483604
vt 0.883546 0.484100
vt 0.884364 0.494176
vt 0.884442 0.483981
vt 0.879803 0.480237
vt 0.883188 0.481429
vt 0.876757 0.480871
vt 0.875610 0.479737
vt 0.879708 0.478120
vt 0.884431 0.480229
vt 0.885949 0.483036
vt 0.886033 0.494021
vt 0.874000 0.493755
vt 0.873958 0.482352
vt 0.928803 0.493523
vt 0.926016 0.494184
vt 0.923022 0.477759
vt 0.923102 0.482658
vt 0.920021 0.478700
vt 0.919919 0.482799
vt 0.923046 0.494186
vt 0.919712 0.494138
vt 0.917727 0.482713
vt 0.917146 0.493792
vt 0.844547 0.483610
vt 0.848272 0.481424
vt 0.847428 0.483610
vt 0.849999 0.494167
vt 0.849512 0.483736
vt 0.852451 0.493492
vt 0.851978 0.483449
vt 0.850178 0.480869
vt 0.844893 0.493746
vt 0.841516 0.484282
vt 0.840564 0.494762
vt 0.840172 0.484833
vt 0.840909 0.482055
vt 0.844494 0.480352
vt 0.837687 0.481191
vt 0.844752 0.478352
vt 0.837296 0.494751
vt 0.836894 0.484306
vt 0.962278 0.480849
vt 0.961111 0.484321
vt 0.958314 0.477993
vt 0.957827 0.483455
vt 0.954842 0.483850
vt 0.954717 0.480523
vt 0.956999 0.493685
vt 0.953153 0.493868
vt 0.960881 0.494528
vt 0.950846 0.493258
vt 0.952481 0.483128
vt 0.963921 0.494529
vt 0.963796 0.483993
vt 0.111661 0.559632
vt 0.127338 0.572137
vt 0.108741 0.572625
vt 0.098736 0.562284
vt 0.105759 0.561368
vt 0.097621 0.574237
vt 0.130503 0.559308
vt 0.145457 0.573693
vt 0.147899 0.561155
vt 0.150622 0.544736
vt 0.155679 0.546282
vt 0.141998 0.545600
vt 0.126520 0.544724
vt 0.111299 0.546824
vt 0.103112 0.549326
vt 0.097521 0.549703
vt 0.088812 0.576215
vt 0.076474 0.576126
vt 0.093271 0.560342
vt 0.080302 0.557392
vt 0.092821 0.548145
vt 0.095361 0.539215
vt 0.084999 0.530248
vt 0.087927 0.520853
vt 0.087320 0.530680
vt 0.091160 0.521325
vt 0.094580 0.521833
vt 0.091078 0.531087
vt 0.094440 0.531712
vt 0.098319 0.532445
vt 0.098493 0.542116
vt 0.102423 0.541671
vt 0.106664 0.539460
vt 0.102677 0.533186
vt 0.106247 0.532505
vt 0.109881 0.532138
vt 0.091379 0.535607
vt 0.092285 0.540728
vt 0.147248 0.582509
vt 0.126076 0.580908
vt 0.107473 0.581092
vt 0.096006 0.581687
vt 0.082466 0.583921
vt 0.061647 0.584714
vt 0.094804 0.583437
vt 0.107132 0.583633
vt 0.125864 0.585291
vt 0.147632 0.585680
vt 0.163657 0.585342
vt 0.163729 0.585831
vt 0.175574 0.585908
vt 0.180464 0.587493
vt 0.180521 0.583877
vt 0.194802 0.589937
vt 0.194483 0.584798
vt 0.061267 0.589921
vt 0.081430 0.585869
vt 0.787498 0.549442
vt 0.789646 0.563255
vt 0.782221 0.553788
vt 0.782710 0.560542
vt 0.780480 0.542274
vt 0.778186 0.550816
vt 0.767196 0.536956
vt 0.765812 0.547918
vt 0.751314 0.541524
vt 0.754246 0.549508
vt 0.743889 0.549515
vt 0.748106 0.557089
vt 0.742109 0.562334
vt 0.751713 0.567764
vt 0.748678 0.574883
vt 0.764718 0.581829
vt 0.761658 0.572791
vt 0.782466 0.574645
vt 0.776812 0.569508
vt 0.159951 0.565722
vt 0.153423 0.576122
vt 0.163642 0.580752
vt 0.158351 0.548241
vt 0.054196 0.576866
vt 0.058413 0.561938
vt 0.046604 0.583586
vt 0.046974 0.572844
vt 0.039107 0.579711
vt 0.053083 0.562243
vt 0.179914 0.579127
vt 0.174297 0.581203
vt 0.916979 0.497198
vt 0.880165 0.509698
vt 0.876286 0.509862
vt 0.880205 0.497540
vt 0.876421 0.497555
vt 0.884643 0.509811
vt 0.884376 0.497701
vt 0.886199 0.497394
vt 0.886522 0.510159
vt 0.873343 0.509906
vt 0.873977 0.497223
vt 0.919364 0.499880
vt 0.916652 0.510067
vt 0.919373 0.510914
vt 0.922940 0.499778
vt 0.923117 0.510737
vt 0.926296 0.510659
vt 0.926242 0.499922
vt 0.928826 0.497025
vt 0.929108 0.509811
vt 0.041056 0.545443
vt 0.047156 0.535853
vt 0.050007 0.546769
vt 0.156850 0.541093
vt 0.036499 0.546224
vt 0.035318 0.538099
vt 0.040329 0.535324
vt 0.039906 0.526180
vt 0.036242 0.527178
vt 0.049317 0.524425
vt 0.044624 0.524596
vt 0.048865 0.513214
vt 0.044232 0.513524
vt 0.164843 0.546881
vt 0.162354 0.552739
vt 0.162091 0.537905
vt 0.161589 0.527088
vt 0.157591 0.529025
vt 0.153152 0.527786
vt 0.151626 0.538091
vt 0.148375 0.528204
vt 0.045510 0.531654
vt 0.039706 0.514035
vt 0.052057 0.524632
vt 0.167239 0.570739
vt 0.172418 0.558209
vt 0.174915 0.560849
vt 0.177681 0.554295
vt 0.173733 0.551477
vt 0.174560 0.573725
vt 0.179283 0.562745
vt 0.180859 0.555571
vt 0.184007 0.562855
vt 0.180444 0.573005
vt 0.184752 0.554539
vt 0.028372 0.563283
vt 0.032606 0.560940
vt 0.032155 0.571109
vt 0.040913 0.567872
vt 0.046912 0.559480
vt 0.036235 0.557043
vt 0.038715 0.553060
vt 0.023778 0.541764
vt 0.027475 0.540684
vt 0.026798 0.554043
vt 0.030912 0.551703
vt 0.022550 0.555519
vt 0.033594 0.548871
vt 0.030387 0.539483
vt 0.036886 0.549991
vt 0.044697 0.551203
vt 0.035785 0.547317
vt 0.036552 0.546283
vt 0.169462 0.554274
vt 0.168437 0.549023
vt 0.169958 0.548343
vt 0.175780 0.537649
vt 0.183596 0.535359
vt 0.183222 0.531052
vt 0.185693 0.533949
vt 0.185504 0.529296
vt 0.018672 0.534689
vt 0.019052 0.529867
vt 0.023275 0.533857
vt 0.022862 0.528608
vt 0.020787 0.522277
vt 0.019112 0.523132
vt 0.184580 0.522727
vt 0.182437 0.523964
vt 0.180751 0.535242
vt 0.176099 0.533617
vt 0.180544 0.531175
vt 0.176480 0.529210
vt 0.179889 0.523099
vt 0.176651 0.523277
vt 0.170197 0.533738
vt 0.171601 0.528365
vt 0.175439 0.522258
vt 0.179576 0.521186
vt 0.024937 0.520904
vt 0.022437 0.521465
vt 0.026886 0.519640
vt 0.020525 0.519627
vt 0.029252 0.526927
vt 0.026592 0.527552
vt 0.031472 0.525800
vt 0.032767 0.531212
vt 0.030642 0.532368
vt 0.027584 0.532831
vt 0.180551 0.538735
vt 0.183527 0.539056
vt 0.185765 0.537738
vt 0.018659 0.538688
vt 0.032863 0.534788
vt 0.170046 0.537280
vt 0.056334 0.529782
vt 0.061829 0.529239
vt 0.063358 0.533912
vt 0.051500 0.530407
vt 0.052576 0.529294
vt 0.146658 0.524566
vt 0.145378 0.529167
vt 0.146300 0.538069
vt 0.141713 0.536643
vt 0.135596 0.535487
vt 0.065293 0.522821
vt 0.061293 0.522497
vt 0.053862 0.524119
vt 0.056834 0.523329
vt 0.054056 0.528607
vt 0.143424 0.524059
vt 0.144222 0.528487
vt 0.141377 0.525757
vt 0.136823 0.525350
vt 0.132188 0.525651
vt 0.061348 0.511032
vt 0.056824 0.511331
vt 0.065439 0.511170
vt 0.067754 0.523647
vt 0.943166 0.523329
vt 0.938707 0.522497
vt 0.943176 0.511331
vt 0.938171 0.529239
vt 0.934706 0.522821
vt 0.938652 0.511032
vt 0.934560 0.511170
vt 0.946138 0.524119
vt 0.066791 0.529525
vt 0.072182 0.530141
vt 0.125510 0.536076
vt 0.130065 0.535516
vt 0.068530 0.528842
vt 0.129536 0.523592
vt 0.128345 0.528721
vt 0.081667 0.532261
vt 0.081050 0.525718
vt 0.083593 0.531305
vt 0.083456 0.526514
vt 0.076976 0.530272
vt 0.077147 0.524589
vt 0.070724 0.525167
vt 0.073064 0.524396
vt 0.070732 0.528671
vt 0.126766 0.525092
vt 0.127442 0.528551
vt 0.124177 0.528819
vt 0.113843 0.526431
vt 0.115933 0.529027
vt 0.113707 0.531162
vt 0.115201 0.537052
vt 0.120115 0.528497
vt 0.120584 0.536230
vt 0.111269 0.538985
vt 0.112615 0.531861
vt 0.084959 0.532011
vt 0.086059 0.534336
vt 0.111773 0.530126
vt 0.075951 0.535864
vt 0.081032 0.544987
vt 0.080970 0.514965
vt 0.073244 0.514505
vt 0.077028 0.514665
vt 0.926936 0.524396
vt 0.927818 0.530141
vt 0.922853 0.524589
vt 0.933209 0.529525
vt 0.931470 0.528842
vt 0.923024 0.530272
vt 0.918949 0.525718
vt 0.929268 0.528671
vt 0.875641 0.513501
vt 0.880287 0.513863
vt 0.885153 0.513753
vt 0.886940 0.513434
vt 0.872942 0.512730
vt 0.926756 0.514505
vt 0.922972 0.514665
vt 0.919030 0.514965
vt 0.916230 0.513376
vt 0.929274 0.512664
vt 0.868394 0.506206
vt 0.871266 0.509548
vt 0.868757 0.510681
vt 0.858692 0.510729
vt 0.856439 0.509947
vt 0.858953 0.506558
vt 0.856671 0.506581
vt 0.856576 0.524059
vt 0.871073 0.505940
vt 0.946277 0.509854
vt 0.931984 0.505807
vt 0.934863 0.506184
vt 0.931789 0.509452
vt 0.943114 0.506664
vt 0.938611 0.506138
vt 0.946042 0.506455
vt 0.942757 0.495597
vt 0.938699 0.495143
vt 0.935045 0.495466
vt 0.863505 0.510552
vt 0.863460 0.506051
vt 0.875823 0.528819
vt 0.879416 0.536230
vt 0.874490 0.536076
vt 0.891259 0.572625
vt 0.894241 0.561368
vt 0.902379 0.574237
vt 0.901264 0.562284
vt 0.873480 0.544724
vt 0.869935 0.535516
vt 0.858001 0.545600
vt 0.864404 0.535487
vt 0.870464 0.523592
vt 0.871655 0.528721
vt 0.867812 0.525651
vt 0.932245 0.523647
vt 0.863177 0.525350
vt 0.858623 0.525757
vt 0.929276 0.525167
vt 0.872558 0.528551
vt 0.873234 0.525092
vt 0.879885 0.528497
vt 0.884067 0.529027
vt 0.888701 0.546824
vt 0.936642 0.533912
vt 0.924049 0.535864
vt 0.872662 0.572137
vt 0.854543 0.573693
vt 0.869496 0.559308
vt 0.852101 0.561155
vt 0.888339 0.559632
vt 0.844321 0.546282
vt 0.849378 0.544736
vt 0.896888 0.549326
vt 0.902479 0.549703
vt 0.919698 0.557392
vt 0.923526 0.576126
vt 0.906729 0.560342
vt 0.911188 0.576215
vt 0.886156 0.526431
vt 0.916544 0.526514
vt 0.918967 0.544987
vt 0.859147 0.493841
vt 0.859179 0.490231
vt 0.856909 0.489886
vt 0.859385 0.479606
vt 0.857382 0.479149
vt 0.858531 0.475728
vt 0.860448 0.476140
vt 0.867726 0.476427
vt 0.869398 0.475940
vt 0.868830 0.479861
vt 0.871199 0.479212
vt 0.868954 0.489879
vt 0.871492 0.489751
vt 0.863830 0.489321
vt 0.864096 0.478728
vt 0.867554 0.479075
vt 0.860634 0.478894
vt 0.864061 0.475007
vt 0.945838 0.489617
vt 0.942571 0.489947
vt 0.944883 0.478787
vt 0.941941 0.478774
vt 0.938662 0.489563
vt 0.938451 0.478447
vt 0.934880 0.489849
vt 0.935198 0.478701
vt 0.932392 0.489481
vt 0.932953 0.478850
vt 0.935101 0.475547
vt 0.942291 0.475333
vt 0.938707 0.473203
vt 0.864173 0.473607
vt 0.863570 0.493475
vt 0.856778 0.493419
vt 0.871617 0.493054
vt 0.868800 0.493662
vt 0.945970 0.493185
vt 0.932266 0.492816
vt 0.916407 0.531305
vt 0.897323 0.533186
vt 0.893753 0.532505
vt 0.898137 0.521521
vt 0.894273 0.521320
vt 0.901680 0.532445
vt 0.901718 0.520773
vt 0.890119 0.532138
vt 0.890341 0.520742
vt 0.888401 0.519441
vt 0.888227 0.530126
vt 0.914347 0.519440
vt 0.915000 0.530248
vt 0.912073 0.520853
vt 0.912680 0.530680
vt 0.905560 0.531712
vt 0.905420 0.521833
vt 0.908922 0.531087
vt 0.908840 0.521325
vt 0.897577 0.541671
vt 0.901507 0.542116
vt 0.918333 0.532261
vt 0.886293 0.531162
vt 0.884799 0.537052
vt 0.888731 0.538985
vt 0.893335 0.539460
vt 0.887385 0.531861
vt 0.915041 0.532011
vt 0.913941 0.534336
vt 0.904639 0.539215
vt 0.908621 0.535607
vt 0.907179 0.548145
vt 0.907715 0.540728
vt 0.385027 0.289266
vt 0.365165 0.266062
vt 0.385046 0.266062
vt 0.536139 0.311317
vt 0.515397 0.311317
vt 0.535779 0.289266
vt 0.515392 0.289266
vt 0.494340 0.311317
vt 0.494514 0.289266
vt 0.477320 0.311317
vt 0.477564 0.289266
vt 0.454431 0.311317
vt 0.454431 0.289266
vt 0.409352 0.311317
vt 0.409864 0.289266
vt 0.432383 0.311317
vt 0.432383 0.289266
vt 0.385105 0.311317
vt 0.365297 0.311317
vt 0.365182 0.289266
vt 0.341581 0.289266
vt 0.342245 0.311317
vt 0.317808 0.311317
vt 0.317808 0.289266
vt 0.559385 0.311317
vt 0.559385 0.289266
vt 0.409759 0.266062
vt 0.432383 0.266062
vt 0.454431 0.266062
vt 0.477674 0.266062
vt 0.494904 0.266062
vt 0.515330 0.266062
vt 0.536566 0.266062
vt 0.559385 0.266062
vt 0.340972 0.266062
vt 0.317808 0.266062
vt 0.432383 0.246007
vt 0.409445 0.220287
vt 0.432383 0.220287
vt 0.454431 0.246007
vt 0.454431 0.220287
vt 0.477574 0.246007
vt 0.478326 0.220287
vt 0.495600 0.246007
vt 0.495199 0.220287
vt 0.515054 0.246007
vt 0.514364 0.220287
vt 0.536237 0.246007
vt 0.536237 0.220287
vt 0.559385 0.246007
vt 0.559385 0.220287
vt 0.340361 0.246007
vt 0.317808 0.246007
vt 0.338974 0.220287
vt 0.317808 0.220287
vt 0.365926 0.220287
vt 0.365428 0.246007
vt 0.385262 0.246007
vt 0.385403 0.220287
vt 0.409292 0.246007
vt 0.365926 0.214470
vt 0.366091 0.201382
vt 0.385403 0.214470
vt 0.385427 0.201382
vt 0.338391 0.201382
vt 0.338974 0.214470
vt 0.317808 0.201382
vt 0.317808 0.214470
vt 0.536237 0.201382
vt 0.559385 0.201382
vt 0.536237 0.214470
vt 0.559385 0.214470
vt 0.514364 0.201382
vt 0.514364 0.214470
vt 0.495384 0.201382
vt 0.495199 0.214470
vt 0.478326 0.214470
vt 0.478862 0.201382
vt 0.454431 0.214470
vt 0.454431 0.201382
vt 0.409445 0.214470
vt 0.410286 0.201382
vt 0.432383 0.214470
vt 0.432383 0.201382
vt 0.766689 0.527825
vt 0.769730 0.521118
vt 0.780437 0.527995
vt 0.777541 0.520877
vt 0.754201 0.517218
vt 0.761955 0.513966
vt 0.751292 0.502898
vt 0.760697 0.504863
vt 0.757453 0.489090
vt 0.764574 0.496865
vt 0.768603 0.482611
vt 0.770640 0.493502
vt 0.780115 0.483036
vt 0.777378 0.493790
vt 0.789211 0.488912
vt 0.781960 0.496672
vt 0.795453 0.502534
vt 0.786132 0.504577
vt 0.791960 0.518862
vt 0.784501 0.515516
vt 0.774979 0.516966
vt 0.769117 0.515010
vt 0.766277 0.506986
vt 0.769572 0.497494
vt 0.773988 0.496554
vt 0.777578 0.498855
vt 0.779741 0.503146
vt 0.779680 0.512935
vt 0.085255 0.695646
vt 0.074309 0.710435
vt 0.068696 0.695646
vt 0.054265 0.728938
vt 0.054117 0.775569
vt 0.039914 0.728938
vt 0.038532 0.775569
vt 0.068168 0.728938
vt 0.070464 0.775569
vt 0.086812 0.775569
vt 0.085343 0.728938
vt 0.105034 0.775569
vt 0.105078 0.728938
vt 0.123256 0.775569
vt 0.123631 0.728938
vt 0.137698 0.775569
vt 0.138493 0.728938
vt 0.155920 0.775569
vt 0.155484 0.728938
vt 0.169034 0.775569
vt 0.169034 0.728938
vt 0.185156 0.775569
vt 0.185156 0.728938
vt 0.019570 0.728938
vt 0.019570 0.775569
vt 0.104442 0.652366
vt 0.104778 0.674709
vt 0.086995 0.652366
vt 0.088263 0.674709
vt 0.118332 0.652366
vt 0.118332 0.674709
vt 0.134513 0.674709
vt 0.134513 0.652366
vt 0.153536 0.652366
vt 0.154778 0.674709
vt 0.169732 0.652366
vt 0.168770 0.674709
vt 0.185468 0.652366
vt 0.185468 0.674709
vt 0.036109 0.652366
vt 0.034770 0.674709
vt 0.019761 0.652366
vt 0.019761 0.674709
vt 0.054199 0.674709
vt 0.054331 0.652366
vt 0.072906 0.674709
vt 0.072553 0.652366
vt 0.137955 0.686949
vt 0.138966 0.683547
vt 0.154816 0.686949
vt 0.155480 0.683547
vt 0.169034 0.683547
vt 0.169034 0.686949
vt 0.185156 0.683547
vt 0.185156 0.686949
vt 0.041156 0.686949
vt 0.019570 0.686949
vt 0.039774 0.683547
vt 0.019570 0.683547
vt 0.053766 0.683547
vt 0.054696 0.686949
vt 0.068696 0.686949
vt 0.068939 0.683547
vt 0.085255 0.686949
vt 0.085473 0.683547
vt 0.104712 0.686949
vt 0.104902 0.683547
vt 0.123468 0.686949
vt 0.123609 0.683547
vt 0.068246 0.724249
vt 0.054345 0.724249
vt 0.068246 0.717943
vt 0.085229 0.710435
vt 0.104816 0.710435
vt 0.104712 0.695646
vt 0.123617 0.710435
vt 0.123468 0.695646
vt 0.137955 0.695646
vt 0.138306 0.710435
vt 0.150662 0.710435
vt 0.169034 0.695646
vt 0.169034 0.709185
vt 0.154816 0.695646
vt 0.155262 0.710208
vt 0.185156 0.695646
vt 0.185156 0.709184
vt 0.019570 0.709184
vt 0.019570 0.695646
vt 0.040628 0.709185
vt 0.041156 0.695646
vt 0.054696 0.695646
vt 0.054499 0.709226
vt 0.067890 0.710435
vt 0.120106 0.629519
vt 0.119943 0.612720
vt 0.133589 0.629519
vt 0.133589 0.612720
vt 0.169034 0.724249
vt 0.155435 0.724249
vt 0.185156 0.724249
vt 0.040112 0.724249
vt 0.019570 0.724249
vt 0.063620 0.629519
vt 0.051868 0.629519
vt 0.063557 0.612720
vt 0.051868 0.612720
vt 0.084561 0.629519
vt 0.084365 0.612720
vt 0.104377 0.629519
vt 0.104339 0.612720
vt 0.150662 0.724249
vt 0.073038 0.724249
vt 0.105001 0.724249
vt 0.085289 0.724249
vt 0.123654 0.724249
vt 0.138459 0.724249
vt 0.045405 0.620698
vt 0.536388 0.352249
vt 0.515640 0.352249
vt 0.495020 0.352249
vt 0.477238 0.352249
vt 0.454431 0.352249
vt 0.407781 0.352249
vt 0.432383 0.352249
vt 0.384753 0.352249
vt 0.365156 0.352249
vt 0.342445 0.352249
vt 0.317808 0.352249
vt 0.559385 0.352249
vt 0.495507 0.368991
vt 0.476896 0.368046
vt 0.517082 0.369396
vt 0.537658 0.367303
vt 0.385079 0.365630
vt 0.365291 0.365436
vt 0.407666 0.366153
vt 0.432383 0.367498
vt 0.454431 0.367498
vt 0.559385 0.368104
vt 0.342121 0.366593
vt 0.317808 0.366506
vt 0.538105 0.444994
vt 0.518155 0.417651
vt 0.538087 0.417651
vt 0.385876 0.393524
vt 0.364967 0.393144
vt 0.385876 0.377897
vt 0.364967 0.377677
vt 0.407723 0.379043
vt 0.407136 0.393519
vt 0.432383 0.378778
vt 0.432383 0.395012
vt 0.495949 0.417651
vt 0.474767 0.417651
vt 0.495949 0.398879
vt 0.475074 0.396839
vt 0.559385 0.380823
vt 0.559385 0.395323
vt 0.538087 0.396899
vt 0.341199 0.393599
vt 0.317808 0.395012
vt 0.341199 0.378923
vt 0.317808 0.378778
vt 0.454431 0.378778
vt 0.454431 0.395012
vt 0.518143 0.398728
vt 0.454431 0.417651
vt 0.432383 0.417651
vt 0.406459 0.417651
vt 0.385876 0.417651
vt 0.364967 0.417651
vt 0.341199 0.417651
vt 0.317808 0.417651
vt 0.559385 0.417651
vt 0.518566 0.445062
vt 0.496013 0.445036
vt 0.474923 0.444847
vt 0.454431 0.444210
vt 0.417936 0.469391
vt 0.418679 0.443390
vt 0.432383 0.469391
vt 0.432383 0.443390
vt 0.401197 0.469391
vt 0.403828 0.443390
vt 0.385462 0.443390
vt 0.364967 0.443906
vt 0.341199 0.444364
vt 0.317808 0.444144
vt 0.559385 0.444210
vt 0.524007 0.618357
vt 0.551509 0.618357
vt 0.523996 0.644171
vt 0.497208 0.644171
vt 0.497260 0.618357
vt 0.476906 0.618357
vt 0.172433 0.255305
vt 0.163702 0.256748
vt 0.172433 0.239015
vt 0.468556 0.613582
vt 0.522781 0.601542
vt 0.477444 0.613582
vt 0.505409 0.613582
vt 0.525367 0.613582
vt 0.539111 0.601542
vt 0.551509 0.613582
vt 0.551509 0.601542
vt 0.559873 0.613582
vt 0.559873 0.601542
vt 0.583014 0.613582
vt 0.468885 0.644171
vt 0.468885 0.622157
vt 0.485457 0.601542
vt 0.385233 0.469391
vt 0.364967 0.470161
vt 0.341199 0.471078
vt 0.317808 0.470636
vt 0.559385 0.470769
vt 0.454431 0.471554
vt 0.559873 0.671217
vt 0.583014 0.671217
vt 0.559873 0.701249
vt 0.519957 0.494339
vt 0.518978 0.472473
vt 0.538872 0.493746
vt 0.538124 0.472337
vt 0.559385 0.492840
vt 0.364898 0.493184
vt 0.382337 0.492299
vt 0.341343 0.494038
vt 0.317808 0.492840
vt 0.516619 0.482596
vt 0.496076 0.472682
vt 0.381615 0.512606
vt 0.363998 0.511508
vt 0.381615 0.531997
vt 0.363701 0.530534
vt 0.381367 0.545806
vt 0.363432 0.545435
vt 0.497804 0.671217
vt 0.468885 0.671217
vt 0.524052 0.671217
vt 0.551509 0.671217
vt 0.551509 0.644171
vt 0.559873 0.644171
vt 0.583014 0.644171
vt 0.609969 0.671217
vt 0.609901 0.644171
vt 0.630343 0.671217
vt 0.630035 0.644171
vt 0.630464 0.700017
vt 0.610047 0.700017
vt 0.583014 0.700512
vt 0.551509 0.701249
vt 0.524062 0.700607
vt 0.497774 0.699964
vt 0.468885 0.699322
vt 0.583014 0.618357
vt 0.609429 0.618357
vt 0.559873 0.618357
vt 0.497579 0.733298
vt 0.468885 0.732088
vt 0.523770 0.735128
vt 0.551509 0.736457
vt 0.559873 0.736457
vt 0.583014 0.736457
vt 0.610453 0.736238
vt 0.630648 0.736076
vt 0.629410 0.618357
vt 0.163702 0.276292
vt 0.172433 0.274808
vt 0.172433 0.321911
vt 0.163702 0.325641
vt 0.163702 0.312757
vt 0.163702 0.295116
vt 0.172433 0.294670
vt 0.583014 0.601542
vt 0.609429 0.613582
vt 0.609429 0.601542
vt 0.629410 0.613582
vt 0.625910 0.601542
vt 0.475079 0.472305
vt 0.335780 0.544820
vt 0.345114 0.531082
vt 0.345623 0.544562
vt 0.662211 0.552218
vt 0.661469 0.548781
vt 0.665243 0.552218
vt 0.665243 0.563987
vt 0.524566 0.522297
vt 0.539190 0.522375
vt 0.531115 0.531982
vt 0.538983 0.531762
vt 0.539242 0.513304
vt 0.343990 0.519680
vt 0.343274 0.509675
vt 0.539613 0.507185
vt 0.521793 0.511560
vt 0.536727 0.545323
vt 0.538745 0.545404
vt 0.538649 0.549760
vt 0.542376 0.552416
vt 0.542376 0.545404
vt 0.589457 0.545323
vt 0.588008 0.549760
vt 0.587911 0.545404
vt 0.583809 0.545404
vt 0.583809 0.552416
vt 0.650298 0.671217
vt 0.649935 0.644171
vt 0.650788 0.700017
vt 0.649935 0.618357
vt 0.650417 0.735759
vt 0.656128 0.735637
vt 0.655992 0.700017
vt 0.653767 0.618357
vt 0.656836 0.618357
vt 0.654555 0.644171
vt 0.657934 0.644171
vt 0.655524 0.671217
vt 0.659672 0.671217
vt 0.660948 0.700017
vt 0.661674 0.735533
vt 0.649935 0.613582
vt 0.653767 0.613582
vt 0.656325 0.613582
vt 0.649081 0.514762
vt 0.655384 0.516483
vt 0.649878 0.530775
vt 0.655553 0.528176
vt 0.647911 0.483558
vt 0.654213 0.483558
vt 0.648458 0.498166
vt 0.654760 0.499997
vt 0.655340 0.548781
vt 0.650727 0.552910
vt 0.654501 0.552218
vt 0.650681 0.563987
vt 0.655765 0.537293
vt 0.079522 0.288877
vt 0.083978 0.314106
vt 0.079522 0.316013
vt 0.496605 0.795571
vt 0.468885 0.794262
vt 0.496807 0.772239
vt 0.468885 0.770519
vt 0.523266 0.798072
vt 0.523475 0.774688
vt 0.551509 0.800726
vt 0.551509 0.777755
vt 0.559873 0.777755
vt 0.583013 0.776736
vt 0.559873 0.800726
vt 0.582797 0.800669
vt 0.608195 0.800705
vt 0.609688 0.776905
vt 0.629131 0.800319
vt 0.630230 0.776620
vt 0.650241 0.800352
vt 0.649926 0.776339
vt 0.661674 0.800403
vt 0.656128 0.776288
vt 0.661674 0.776252
vt 0.468885 0.754122
vt 0.496873 0.755611
vt 0.523488 0.757302
vt 0.551509 0.757983
vt 0.559873 0.757983
vt 0.583179 0.758618
vt 0.610183 0.758882
vt 0.630613 0.758597
vt 0.650168 0.758334
vt 0.656128 0.758267
vt 0.661674 0.758229
vt 0.172433 0.355545
vt 0.161691 0.343150
vt 0.172650 0.341576
vt 0.079522 0.338896
vt 0.088711 0.335199
vt 0.105384 0.306193
vt 0.105384 0.328613
vt 0.074687 0.279933
vt 0.074687 0.288877
vt 0.071892 0.288359
vt 0.159239 0.363742
vt 0.172433 0.374884
vt 0.157588 0.377021
vt 0.079522 0.279933
vt 0.101261 0.285260
vt 0.099387 0.273256
vt 0.615925 0.577330
vt 0.598136 0.583535
vt 0.600221 0.577710
vt 0.484668 0.559522
vt 0.486281 0.565060
vt 0.479700 0.565282
vt 0.462405 0.565935
vt 0.471587 0.553465
vt 0.484704 0.571147
vt 0.479528 0.556041
vt 0.593291 0.568408
vt 0.587199 0.566705
vt 0.593294 0.566705
vt 0.536776 0.566912
vt 0.536925 0.576288
vt 0.516939 0.566912
vt 0.247441 0.795571
vt 0.247238 0.772239
vt 0.274352 0.794262
vt 0.274352 0.770519
vt 0.220779 0.798072
vt 0.220571 0.774688
vt 0.192708 0.800726
vt 0.192708 0.777755
vt 0.741984 0.800653
vt 0.741772 0.776736
vt 0.764231 0.800726
vt 0.764231 0.777755
vt 0.716577 0.800669
vt 0.715094 0.776905
vt 0.694554 0.776620
vt 0.695643 0.800262
vt 0.674862 0.776338
vt 0.674542 0.800294
vt 0.667920 0.776287
vt 0.247172 0.755611
vt 0.274352 0.754122
vt 0.220557 0.757302
vt 0.192708 0.757983
vt 0.741608 0.758618
vt 0.764231 0.757983
vt 0.714602 0.758882
vt 0.694174 0.758596
vt 0.674622 0.758333
vt 0.667920 0.758266
vt 0.133106 0.361870
vt 0.142988 0.350762
vt 0.143834 0.362743
vt 0.098980 0.371399
vt 0.105384 0.391471
vt 0.079522 0.377577
vt 0.079522 0.400894
vt 0.105384 0.369132
vt 0.086888 0.427100
vt 0.105384 0.420254
vt 0.236931 0.571464
vt 0.242354 0.591288
vt 0.232743 0.591288
vt 0.145293 0.379620
vt 0.143909 0.366621
vt 0.133106 0.377798
vt 0.560063 0.566912
vt 0.560050 0.568814
vt 0.553917 0.572270
vt 0.552449 0.577729
vt 0.554885 0.584231
vt 0.440128 0.559572
vt 0.445109 0.565312
vt 0.438534 0.565109
vt 0.452876 0.553532
vt 0.445252 0.556078
vt 0.440127 0.571183
vt 0.462384 0.553123
vt 0.458718 0.553123
vt 0.566325 0.566912
vt 0.667920 0.735636
vt 0.694141 0.736076
vt 0.674374 0.735759
vt 0.714335 0.736238
vt 0.741775 0.736457
vt 0.764231 0.736457
vt 0.192708 0.736457
vt 0.220275 0.735128
vt 0.246467 0.733298
vt 0.274352 0.732088
vt 0.133106 0.349259
vt 0.142859 0.345799
vt 0.362813 0.563878
vt 0.346546 0.563456
vt 0.382170 0.564117
vt 0.074687 0.430133
vt 0.071892 0.400874
vt 0.074687 0.400894
vt 0.093702 0.353281
vt 0.079522 0.358456
vt 0.335780 0.563456
vt 0.285809 0.544496
vt 0.285809 0.563456
vt 0.275243 0.544562
vt 0.274116 0.563456
vt 0.105384 0.348888
vt 0.332312 0.563456
vt 0.332312 0.544487
vt 0.111348 0.305629
vt 0.111348 0.328158
vt 0.108607 0.306193
vt 0.108607 0.328613
vt 0.111348 0.348543
vt 0.108607 0.348888
vt 0.111348 0.353017
vt 0.111348 0.369228
vt 0.108607 0.369132
vt 0.111348 0.391808
vt 0.108607 0.391471
vt 0.108607 0.420254
vt 0.074687 0.377577
vt 0.071892 0.377880
vt 0.074687 0.358456
vt 0.071892 0.362281
vt 0.071892 0.358490
vt 0.074687 0.338896
vt 0.071892 0.338873
vt 0.074687 0.316013
vt 0.071892 0.315733
vt 0.079522 0.430133
vt 0.133106 0.331383
vt 0.141892 0.334862
vt 0.238689 0.559057
vt 0.238689 0.545806
vt 0.258247 0.545435
vt 0.616495 0.566705
vt 0.598723 0.571944
vt 0.347197 0.586382
vt 0.361465 0.591288
vt 0.346993 0.591288
vt 0.342181 0.591288
vt 0.335780 0.591288
vt 0.335780 0.582736
vt 0.332312 0.581617
vt 0.332312 0.591288
vt 0.274389 0.576961
vt 0.285809 0.580764
vt 0.280211 0.591288
vt 0.285809 0.591288
vt 0.273819 0.591288
vt 0.259217 0.572065
vt 0.257706 0.591288
vt 0.238087 0.566049
vt 0.258396 0.564879
vt 0.274116 0.569728
vt 0.285809 0.572759
vt 0.335780 0.574363
vt 0.332312 0.573352
vt 0.346645 0.578220
vt 0.363074 0.583442
vt 0.378354 0.588609
vt 0.384497 0.590805
vt 0.696657 0.862353
vt 0.674464 0.862353
vt 0.696229 0.840769
vt 0.414291 0.626821
vt 0.413954 0.623354
vt 0.436437 0.619381
vt 0.437043 0.615832
vt 0.450379 0.619368
vt 0.461944 0.626210
vt 0.461944 0.621730
vt 0.942279 0.042512
vt 0.939834 0.032758
vt 0.944673 0.042536
vt 0.932852 0.043577
vt 0.932852 0.032758
vt 0.935257 0.043488
vt 0.523115 0.878132
vt 0.498627 0.893226
vt 0.497503 0.878415
vt 0.474809 0.894803
vt 0.497256 0.857566
vt 0.523207 0.859298
vt 0.471384 0.879287
vt 0.469354 0.857284
vt 0.551509 0.861971
vt 0.551509 0.822810
vt 0.523208 0.818752
vt 0.496775 0.816034
vt 0.468885 0.814342
vt 0.582506 0.822083
vt 0.607438 0.821358
vt 0.559873 0.822810
vt 0.628789 0.821156
vt 0.650107 0.820985
vt 0.661674 0.820724
vt 0.468885 0.833438
vt 0.497049 0.834947
vt 0.523235 0.837820
vt 0.551509 0.840264
vt 0.559873 0.840264
vt 0.581986 0.840769
vt 0.607135 0.840769
vt 0.628449 0.840769
vt 0.650392 0.840769
vt 0.661673 0.840769
vt 0.559873 0.861971
vt 0.581715 0.862353
vt 0.606663 0.862353
vt 0.628068 0.862353
vt 0.650298 0.862353
vt 0.661673 0.862353
vt 0.167899 0.425248
vt 0.165914 0.407455
vt 0.172433 0.424622
vt 0.172433 0.406664
vt 0.169183 0.438935
vt 0.172433 0.438935
vt 0.163779 0.391611
vt 0.172433 0.391030
vt 0.162136 0.384927
vt 0.927847 0.032758
vt 0.927847 0.043206
vt 0.435637 0.715612
vt 0.436326 0.733472
vt 0.415522 0.715612
vt 0.415306 0.733472
vt 0.414884 0.690667
vt 0.435131 0.690667
vt 0.398810 0.690667
vt 0.398683 0.715612
vt 0.398597 0.733472
vt 0.435191 0.665581
vt 0.415007 0.665581
vt 0.398688 0.665581
vt 0.416260 0.639323
vt 0.435060 0.624724
vt 0.434797 0.640531
vt 0.417009 0.631494
vt 0.460137 0.632348
vt 0.398849 0.639261
vt 0.451539 0.733472
vt 0.452117 0.715612
vt 0.452583 0.690667
vt 0.454049 0.665581
vt 0.456807 0.642248
vt 0.111348 0.282705
vt 0.108607 0.283556
vt 0.338690 0.603024
vt 0.351942 0.603024
vt 0.339041 0.611542
vt 0.158063 0.386066
vt 0.157460 0.381833
vt 0.108607 0.271312
vt 0.479861 0.574982
vt 0.592233 0.588399
vt 0.306276 0.617768
vt 0.306276 0.613211
vt 0.325899 0.626280
vt 0.327925 0.622720
vt 0.282212 0.624744
vt 0.287050 0.618888
vt 0.335168 0.630418
vt 0.333973 0.625250
vt 0.281511 0.620395
vt 0.893597 0.043374
vt 0.890574 0.043144
vt 0.895668 0.032758
vt 0.904545 0.043577
vt 0.902140 0.043488
vt 0.904545 0.032758
vt 0.245418 0.893226
vt 0.220930 0.878132
vt 0.246542 0.878415
vt 0.268767 0.894802
vt 0.220838 0.859298
vt 0.246789 0.857566
vt 0.272426 0.879287
vt 0.274352 0.857284
vt 0.192708 0.861971
vt 0.192708 0.822810
vt 0.220837 0.818752
vt 0.247270 0.816034
vt 0.274352 0.814342
vt 0.742270 0.822052
vt 0.717320 0.821294
vt 0.764231 0.822810
vt 0.674665 0.820876
vt 0.695958 0.821028
vt 0.274352 0.833438
vt 0.246996 0.834947
vt 0.220810 0.837820
vt 0.192708 0.840264
vt 0.742787 0.840769
vt 0.764231 0.840264
vt 0.717608 0.840769
vt 0.674366 0.840769
vt 0.743061 0.862353
vt 0.764231 0.861971
vt 0.718091 0.862353
vt 0.133106 0.404997
vt 0.139132 0.405604
vt 0.133106 0.423577
vt 0.137535 0.424205
vt 0.133106 0.439025
vt 0.136173 0.439025
vt 0.133106 0.390701
vt 0.140509 0.390962
vt 0.141068 0.385329
vt 0.909759 0.032758
vt 0.909759 0.043206
vt 0.325880 0.734565
vt 0.306034 0.734565
vt 0.325626 0.716432
vt 0.306324 0.716432
vt 0.326309 0.690667
vt 0.306547 0.690667
vt 0.387846 0.715612
vt 0.387846 0.690667
vt 0.387846 0.733472
vt 0.326552 0.665581
vt 0.306298 0.665581
vt 0.387846 0.665581
vt 0.385429 0.639440
vt 0.384786 0.638820
vt 0.396626 0.635432
vt 0.394745 0.633184
vt 0.306276 0.622982
vt 0.326020 0.631681
vt 0.305862 0.639206
vt 0.282356 0.631024
vt 0.326091 0.638658
vt 0.333611 0.634961
vt 0.291065 0.734565
vt 0.289916 0.716432
vt 0.289475 0.690667
vt 0.287752 0.665581
vt 0.284378 0.641197
vt 0.517405 0.578898
vt 0.458247 0.578656
vt 0.452577 0.577769
vt 0.145108 0.387187
vt 0.505524 0.566912
vt 0.505524 0.583970
vt 0.444724 0.575375
vt 0.560725 0.588605
vt 0.336312 0.734565
vt 0.336312 0.716432
vt 0.336522 0.690667
vt 0.336752 0.664916
vt 0.336903 0.643665
vt 0.343088 0.639706
vt 0.394989 0.629964
vt 0.402798 0.627241
vt 0.472084 0.577564
vt 0.568570 0.590393
vt 0.574731 0.591379
vt 0.567508 0.591379
vt 0.583159 0.590145
vt 0.589927 0.589193
vt 0.583414 0.591379
vt 0.575588 0.591379
vt 0.462403 0.578770
vt 0.105384 0.283556
vt 0.105384 0.271312
vt 0.646992 0.584562
vt 0.636786 0.581429
vt 0.648794 0.577068
vt 0.636895 0.571116
vt 0.387846 0.644296
vt 0.383029 0.656063
vt 0.332488 0.603024
vt 0.332488 0.608265
vt 0.343713 0.634057
vt 0.341075 0.628222
vt 0.344132 0.629533
vt 0.274942 0.603024
vt 0.285641 0.603024
vt 0.285641 0.608646
vt 0.561096 0.588830
vt 0.246241 0.671217
vt 0.220049 0.644171
vt 0.246837 0.644171
vt 0.274352 0.671217
vt 0.274352 0.644171
vt 0.219993 0.671217
vt 0.192708 0.671217
vt 0.192708 0.644171
vt 0.741775 0.671217
vt 0.741775 0.644171
vt 0.764231 0.671217
vt 0.764231 0.644171
vt 0.714821 0.671217
vt 0.714890 0.644171
vt 0.694447 0.671217
vt 0.694755 0.644171
vt 0.674856 0.644171
vt 0.674493 0.671217
vt 0.674002 0.700017
vt 0.694326 0.700017
vt 0.714743 0.700017
vt 0.741775 0.700512
vt 0.764231 0.701249
vt 0.192708 0.701249
vt 0.219983 0.700607
vt 0.246271 0.699964
vt 0.274352 0.699322
vt 0.674856 0.618357
vt 0.695380 0.618357
vt 0.715361 0.618357
vt 0.741775 0.618357
vt 0.764231 0.618357
vt 0.192708 0.618357
vt 0.220038 0.618357
vt 0.246785 0.618357
vt 0.267139 0.618357
vt 0.668606 0.700017
vt 0.666631 0.644171
vt 0.667984 0.618357
vt 0.670235 0.644171
vt 0.671023 0.618357
vt 0.664894 0.671217
vt 0.669266 0.671217
vt 0.663618 0.700017
vt 0.133106 0.258381
vt 0.141979 0.260044
vt 0.133106 0.281528
vt 0.141979 0.282743
vt 0.141979 0.322384
vt 0.133106 0.239015
vt 0.133106 0.303523
vt 0.141979 0.304068
vt 0.278517 0.613582
vt 0.268028 0.613582
vt 0.242611 0.601542
vt 0.246785 0.613582
vt 0.220038 0.613582
vt 0.220038 0.601542
vt 0.192708 0.613582
vt 0.192708 0.601542
vt 0.741480 0.613582
vt 0.717616 0.613582
vt 0.737751 0.601542
vt 0.717895 0.601542
vt 0.695085 0.613582
vt 0.674561 0.613582
vt 0.702258 0.601542
vt 0.670728 0.613582
vt 0.764231 0.613582
vt 0.764231 0.601542
vt 0.668169 0.613582
vt 0.666226 0.514404
vt 0.666007 0.531432
vt 0.660343 0.516483
vt 0.660241 0.528176
vt 0.667968 0.483558
vt 0.667337 0.498501
vt 0.661536 0.483558
vt 0.660449 0.499997
vt 0.274352 0.621799
vt 0.261886 0.601542
vt 0.660320 0.537295
vt 0.542376 0.512418
vt 0.542376 0.505966
vt 0.542376 0.522287
vt 0.542376 0.531807
vt 0.559385 0.504493
vt 0.317808 0.497354
vt 0.328481 0.499510
vt 0.332340 0.505194
vt 0.601933 0.522297
vt 0.595227 0.531982
vt 0.587466 0.522375
vt 0.587673 0.531762
vt 0.587415 0.513304
vt 0.583809 0.512418
vt 0.587043 0.507185
vt 0.583809 0.505966
vt 0.583809 0.522287
vt 0.583809 0.531806
vt 0.275708 0.531082
vt 0.258057 0.530534
vt 0.276937 0.519532
vt 0.588533 0.472337
vt 0.607678 0.472473
vt 0.587785 0.493746
vt 0.606699 0.494339
vt 0.566646 0.492840
vt 0.566646 0.470769
vt 0.566646 0.504493
vt 0.304263 0.497354
vt 0.293467 0.499912
vt 0.304263 0.492840
vt 0.238689 0.469391
vt 0.257104 0.470188
vt 0.238689 0.492299
vt 0.257173 0.493184
vt 0.304263 0.470684
vt 0.280872 0.471159
vt 0.280510 0.494282
vt 0.257933 0.511508
vt 0.608090 0.445062
vt 0.630580 0.472682
vt 0.630643 0.445036
vt 0.651577 0.472305
vt 0.651733 0.444847
vt 0.672425 0.471031
vt 0.672425 0.444210
vt 0.218243 0.443390
vt 0.237442 0.443390
vt 0.220874 0.469391
vt 0.257104 0.443919
vt 0.280872 0.444405
vt 0.304263 0.444167
vt 0.566646 0.444210
vt 0.588552 0.444994
vt 0.278192 0.510193
vt 0.604864 0.511560
vt 0.609642 0.482782
vt 0.238689 0.512606
vt 0.238689 0.531997
vt 0.287523 0.504485
vt 0.335114 0.531082
vt 0.332312 0.509235
vt 0.333545 0.519231
vt 0.332312 0.519231
vt 0.285809 0.531082
vt 0.332312 0.531082
vt 0.285809 0.519231
vt 0.285809 0.509235
vt 0.204135 0.469391
vt 0.203393 0.443390
vt 0.189688 0.443390
vt 0.189688 0.469391
vt 0.651582 0.396839
vt 0.672425 0.417651
vt 0.651889 0.417651
vt 0.257104 0.377677
vt 0.257104 0.393144
vt 0.236195 0.377897
vt 0.236195 0.393524
vt 0.214348 0.379043
vt 0.214935 0.393519
vt 0.189688 0.378778
vt 0.189688 0.395012
vt 0.630707 0.417651
vt 0.630707 0.398879
vt 0.566646 0.380761
vt 0.588570 0.396848
vt 0.566646 0.395279
vt 0.304263 0.378778
vt 0.304263 0.395012
vt 0.280872 0.378923
vt 0.280872 0.393599
vt 0.672425 0.378778
vt 0.672425 0.395012
vt 0.608502 0.417651
vt 0.608513 0.398728
vt 0.215612 0.417651
vt 0.189688 0.417651
vt 0.236195 0.417651
vt 0.257104 0.417651
vt 0.280872 0.417651
vt 0.304263 0.417651
vt 0.588570 0.417651
vt 0.566646 0.417651
vt 0.237319 0.352249
vt 0.256775 0.311317
vt 0.256915 0.352249
vt 0.672425 0.367498
vt 0.649761 0.368046
vt 0.588999 0.367127
vt 0.566646 0.368018
vt 0.590268 0.352249
vt 0.590518 0.311317
vt 0.611016 0.352249
vt 0.611259 0.311317
vt 0.631637 0.352249
vt 0.632317 0.311317
vt 0.649337 0.311317
vt 0.649418 0.352249
vt 0.672425 0.311317
vt 0.672425 0.352249
vt 0.189688 0.311317
vt 0.212720 0.311317
vt 0.189688 0.352249
vt 0.214291 0.352249
vt 0.236966 0.311317
vt 0.279826 0.311317
vt 0.279626 0.352249
vt 0.304263 0.352249
vt 0.304263 0.311317
vt 0.566646 0.352249
vt 0.566646 0.311317
vt 0.631149 0.368991
vt 0.609574 0.368848
vt 0.279950 0.366593
vt 0.304263 0.366506
vt 0.236992 0.365630
vt 0.256780 0.365436
vt 0.214405 0.366153
vt 0.189688 0.367498
vt 0.590878 0.289266
vt 0.611264 0.289266
vt 0.632142 0.289266
vt 0.649093 0.289266
vt 0.672425 0.289266
vt 0.189688 0.289266
vt 0.212208 0.289266
vt 0.237044 0.289266
vt 0.256889 0.289266
vt 0.280490 0.289266
vt 0.304263 0.289266
vt 0.566646 0.289266
vt 0.212312 0.266062
vt 0.237025 0.266062
vt 0.189688 0.266062
vt 0.648982 0.266062
vt 0.672425 0.266062
vt 0.631753 0.266062
vt 0.611327 0.266062
vt 0.590091 0.266062
vt 0.566646 0.266062
vt 0.281099 0.266062
vt 0.304263 0.266062
vt 0.256906 0.266062
vt 0.627510 0.879013
vt 0.606361 0.879013
vt 0.523274 0.892541
vt 0.559873 0.878828
vt 0.581168 0.879013
vt 0.559873 0.892807
vt 0.581020 0.893419
vt 0.661674 0.879013
vt 0.661674 0.893419
vt 0.650315 0.879013
vt 0.650977 0.893419
vt 0.605900 0.893419
vt 0.627635 0.893419
vt 0.551509 0.892807
vt 0.551509 0.878828
vt 0.414588 0.753811
vt 0.412084 0.783909
vt 0.398298 0.753811
vt 0.398476 0.785937
vt 0.220771 0.892541
vt 0.743763 0.893419
vt 0.743612 0.879013
vt 0.764231 0.892807
vt 0.764231 0.877575
vt 0.673799 0.893419
vt 0.674439 0.879013
vt 0.718877 0.893419
vt 0.718407 0.879013
vt 0.697242 0.879013
vt 0.697133 0.893419
vt 0.192708 0.892807
vt 0.192708 0.878828
vt 0.393264 0.783064
vt 0.387846 0.753811
vt 0.386408 0.792574
vt 0.383663 0.804816
vt 0.379137 0.793678
vt 0.336312 0.784147
vt 0.329412 0.788099
vt 0.329378 0.784147
vt 0.037552 0.304701
vt 0.037725 0.317160
vt 0.032804 0.316817
vt 0.037704 0.348467
vt 0.352755 0.791483
vt 0.354189 0.795145
vt 0.345777 0.796434
vt 0.381086 0.786801
vt 0.375947 0.789593
vt 0.377355 0.779895
vt 0.377812 0.788951
vt 0.326757 0.755273
vt 0.336312 0.755273
vt 0.380234 0.778869
vt 0.383296 0.781703
vt 0.382659 0.783101
vt 0.377273 0.793521
vt 0.382583 0.806857
vt 0.359060 0.807707
vt 0.350905 0.789596
vt 0.343926 0.794297
vt 0.343431 0.792789
vt 0.386648 0.784754
vt 0.385702 0.786612
vt 0.387846 0.779480
vt 0.377560 0.758188
vt 0.304263 0.246007
vt 0.283097 0.220287
vt 0.304263 0.220287
vt 0.648330 0.220287
vt 0.672425 0.220287
vt 0.649083 0.246007
vt 0.672425 0.246007
vt 0.631457 0.220287
vt 0.631056 0.246007
vt 0.612293 0.220287
vt 0.611602 0.246007
vt 0.590420 0.246007
vt 0.590420 0.220287
vt 0.566646 0.246007
vt 0.566646 0.220287
vt 0.281710 0.246007
vt 0.256145 0.220287
vt 0.256643 0.246007
vt 0.236668 0.220287
vt 0.236809 0.246007
vt 0.212626 0.220287
vt 0.212780 0.246007
vt 0.189688 0.220287
vt 0.189688 0.246007
vt 0.236644 0.201382
vt 0.255980 0.201382
vt 0.236668 0.214470
vt 0.256145 0.214470
vt 0.283681 0.201382
vt 0.283097 0.214470
vt 0.304263 0.214470
vt 0.304263 0.201382
vt 0.566646 0.214470
vt 0.566646 0.201382
vt 0.590420 0.214470
vt 0.590420 0.201382
vt 0.612293 0.214470
vt 0.612293 0.201382
vt 0.631457 0.214470
vt 0.631273 0.201382
vt 0.648330 0.214470
vt 0.647795 0.201382
vt 0.672425 0.214470
vt 0.672425 0.201382
vt 0.212626 0.214470
vt 0.189688 0.214470
vt 0.211785 0.201382
vt 0.189688 0.201382
vt 0.717682 0.528565
vt 0.702587 0.530490
vt 0.713548 0.521509
vt 0.704801 0.522290
vt 0.730156 0.515556
vt 0.721438 0.512793
vt 0.731664 0.499891
vt 0.721919 0.503004
vt 0.723426 0.485965
vt 0.716836 0.495327
vt 0.710573 0.480255
vt 0.709694 0.492519
vt 0.697997 0.481958
vt 0.702137 0.493526
vt 0.688636 0.489316
vt 0.697305 0.497083
vt 0.683212 0.504799
vt 0.693443 0.506049
vt 0.688853 0.522043
vt 0.696446 0.517510
vt 0.706579 0.517081
vt 0.713894 0.513581
vt 0.716897 0.504748
vt 0.712861 0.498113
vt 0.705854 0.497222
vt 0.702144 0.498914
vt 0.699504 0.504352
vt 0.700339 0.514223
vt 0.724007 0.575831
vt 0.711785 0.574692
vt 0.725263 0.568751
vt 0.892527 0.581092
vt 0.873924 0.580908
vt 0.903994 0.581687
vt 0.852752 0.582509
vt 0.938352 0.584714
vt 0.917534 0.583921
vt 0.836268 0.585851
vt 0.824426 0.585908
vt 0.836343 0.585342
vt 0.852370 0.585662
vt 0.874139 0.585363
vt 0.892903 0.583900
vt 0.905489 0.583864
vt 0.918417 0.585582
vt 0.938706 0.589556
vt 0.805220 0.589577
vt 0.805516 0.584798
vt 0.819534 0.587363
vt 0.819479 0.583877
vt 0.686341 0.553517
vt 0.691765 0.557920
vt 0.684706 0.567720
vt 0.691479 0.564684
vt 0.693932 0.545995
vt 0.695821 0.555005
vt 0.708634 0.541201
vt 0.708955 0.552979
vt 0.722804 0.545685
vt 0.722966 0.554036
vt 0.730295 0.553041
vt 0.727565 0.561093
vt 0.731795 0.564625
vt 0.708737 0.583491
vt 0.692670 0.578457
vt 0.697648 0.573116
vt 0.926294 0.674709
vt 0.912238 0.652418
vt 0.926680 0.652418
vt 0.946046 0.728938
vt 0.960424 0.728938
vt 0.946261 0.775569
vt 0.961847 0.775569
vt 0.932135 0.728938
vt 0.929914 0.775569
vt 0.914959 0.728938
vt 0.913566 0.775569
vt 0.895244 0.728938
vt 0.895344 0.775569
vt 0.876703 0.728938
vt 0.877122 0.775569
vt 0.861858 0.728938
vt 0.862680 0.775569
vt 0.844882 0.728938
vt 0.844458 0.775569
vt 0.831344 0.728938
vt 0.831344 0.775569
vt 0.814924 0.728938
vt 0.814924 0.775569
vt 0.981334 0.728938
vt 0.981334 0.775569
vt 0.894792 0.652418
vt 0.894448 0.674709
vt 0.910952 0.674709
vt 0.880902 0.652418
vt 0.880902 0.674709
vt 0.864429 0.652418
vt 0.864429 0.674709
vt 0.844891 0.652418
vt 0.843614 0.674709
vt 0.829347 0.652418
vt 0.829802 0.674709
vt 0.814572 0.652418
vt 0.814572 0.674709
vt 0.963124 0.652418
vt 0.980937 0.652418
vt 0.964407 0.674709
vt 0.980937 0.674709
vt 0.944902 0.652418
vt 0.944997 0.674709
vt 0.844890 0.683547
vt 0.861394 0.683547
vt 0.845553 0.686949
vt 0.862400 0.686949
vt 0.831344 0.683547
vt 0.831344 0.686949
vt 0.814924 0.683547
vt 0.814924 0.686949
vt 0.959181 0.686949
vt 0.960570 0.683547
vt 0.981334 0.686949
vt 0.981334 0.683547
vt 0.946560 0.683547
vt 0.945619 0.686949
vt 0.914849 0.683547
vt 0.931379 0.683547
vt 0.915061 0.686949
vt 0.931610 0.686949
vt 0.895439 0.683547
vt 0.895613 0.686949
vt 0.876736 0.683547
vt 0.876880 0.686949
vt 0.932132 0.724249
vt 0.932132 0.717943
vt 0.945958 0.724249
vt 0.915061 0.695640
vt 0.931610 0.695640
vt 0.925220 0.710427
vt 0.931684 0.710427
vt 0.895502 0.710427
vt 0.895613 0.695640
vt 0.915068 0.710427
vt 0.876717 0.710427
vt 0.876880 0.695640
vt 0.862044 0.710427
vt 0.862400 0.695640
vt 0.849036 0.710427
vt 0.845104 0.710208
vt 0.831344 0.709185
vt 0.845553 0.695640
vt 0.831344 0.695640
vt 0.814924 0.695640
vt 0.814924 0.709184
vt 0.959181 0.695640
vt 0.981334 0.695640
vt 0.959702 0.709185
vt 0.981334 0.709184
vt 0.945619 0.695640
vt 0.945802 0.709226
vt 0.844890 0.612717
vt 0.858524 0.612717
vt 0.844890 0.629519
vt 0.858359 0.629519
vt 0.831344 0.724249
vt 0.844930 0.724249
vt 0.814924 0.724249
vt 0.960220 0.724249
vt 0.981334 0.724249
vt 0.925422 0.724249
vt 0.914855 0.612717
vt 0.914794 0.629519
vt 0.894068 0.612717
vt 0.893866 0.629519
vt 0.874112 0.612717
vt 0.874074 0.629519
vt 0.849036 0.724249
vt 0.915011 0.724249
vt 0.895312 0.724249
vt 0.876681 0.724249
vt 0.861889 0.724249
vt 0.925317 0.612717
vt 0.925284 0.629519
vt 0.932717 0.621118
vt 0.932852 0.066459
vt 0.842454 0.455854
vt 0.871264 0.453369
vt 0.842454 0.461257
vt 0.872204 0.459198
vt 0.927847 0.165646
vt 0.932852 0.167195
vt 0.927847 0.189986
vt 0.932852 0.190787
vt 0.941706 0.169452
vt 0.941270 0.192737
vt 0.950245 0.065335
vt 0.947447 0.065795
vt 0.927847 0.152057
vt 0.927847 0.135386
vt 0.932852 0.136376
vt 0.941243 0.139405
vt 0.938458 0.101972
vt 0.952807 0.122646
vt 0.954837 0.101738
vt 0.958591 0.101391
vt 0.932852 0.101780
vt 0.959703 0.120997
vt 0.963898 0.121209
vt 0.947611 0.102490
vt 0.940162 0.066641
vt 0.937068 0.066362
vt 0.522712 0.910355
vt 0.499617 0.909876
vt 0.605022 0.913997
vt 0.580278 0.913997
vt 0.559873 0.912448
vt 0.661673 0.913997
vt 0.651701 0.913997
vt 0.602518 0.941379
vt 0.551509 0.912448
vt 0.530347 0.935847
vt 0.479247 0.909947
vt 0.627453 0.913997
vt 0.503457 0.934990
vt 0.485942 0.933620
vt 0.522738 0.935847
vt 0.491616 0.954827
vt 0.626471 0.937261
vt 0.651775 0.936025
vt 0.927847 0.101584
vt 0.927847 0.066386
vt 0.440852 0.783278
vt 0.438176 0.753811
vt 0.423489 0.823802
vt 0.393694 0.823656
vt 0.427387 0.813361
vt 0.396105 0.798996
vt 0.387408 0.815856
vt 0.392353 0.824566
vt 0.424745 0.829623
vt 0.427024 0.829601
vt 0.433023 0.837736
vt 0.449721 0.783278
vt 0.444641 0.807636
vt 0.451430 0.753811
vt 0.410216 0.855809
vt 0.431346 0.860851
vt 0.417797 0.880323
vt 0.429715 0.883962
vt 0.445992 0.819681
vt 0.449237 0.819503
vt 0.450707 0.832880
vt 0.440983 0.823770
vt 0.441601 0.819920
vt 0.412046 0.792085
vt 0.421222 0.830264
vt 0.429128 0.824204
vt 0.427032 0.823973
vt 0.434208 0.810786
vt 0.431512 0.811859
vt 0.398358 0.791403
vt 0.397780 0.793674
vt 0.433043 0.843597
vt 0.098603 0.251217
vt 0.065911 0.271319
vt 0.068472 0.252563
vt 0.045086 0.276175
vt 0.044644 0.269959
vt 0.105786 0.251416
vt 0.098850 0.254915
vt 0.108210 0.246912
vt 0.115147 0.246845
vt 0.112970 0.248550
vt 0.045222 0.349122
vt 0.043668 0.316742
vt 0.039991 0.300181
vt 0.044042 0.307881
vt 0.384201 0.809953
vt 0.844458 0.795480
vt 0.831344 0.795480
vt 0.946261 0.795480
vt 0.961847 0.795480
vt 0.929914 0.795480
vt 0.913566 0.795480
vt 0.895344 0.795480
vt 0.877122 0.795480
vt 0.862680 0.795480
vt 0.814924 0.795480
vt 0.981334 0.795480
vt 0.862680 0.815231
vt 0.844458 0.815231
vt 0.831344 0.815231
vt 0.814924 0.815231
vt 0.961847 0.815231
vt 0.981334 0.815231
vt 0.946261 0.815231
vt 0.929914 0.815231
vt 0.913566 0.815231
vt 0.895344 0.815231
vt 0.877122 0.815231
vt 0.843149 0.541093
vt 0.837909 0.537905
vt 0.842409 0.529025
vt 0.841649 0.548241
vt 0.950683 0.524425
vt 0.955376 0.524596
vt 0.948500 0.530407
vt 0.954490 0.531654
vt 0.951135 0.513214
vt 0.955768 0.513524
vt 0.853342 0.524566
vt 0.854622 0.529167
vt 0.851625 0.528204
vt 0.853699 0.538069
vt 0.947424 0.529294
vt 0.947943 0.524632
vt 0.964682 0.538099
vt 0.959671 0.535324
vt 0.963758 0.527178
vt 0.960094 0.526180
vt 0.838411 0.527088
vt 0.846848 0.527786
vt 0.848374 0.538091
vt 0.960294 0.514035
vt 0.858287 0.536643
vt 0.945944 0.528607
vt 0.943666 0.529782
vt 0.855778 0.528487
vt 0.949992 0.546769
vt 0.952844 0.535853
vt 0.831344 0.881257
vt 0.844457 0.881257
vt 0.831344 0.902324
vt 0.491331 0.526237
vt 0.480569 0.526237
vt 0.491331 0.508033
vt 0.480569 0.508033
vt 0.504308 0.526360
vt 0.504308 0.508278
vt 0.507267 0.526360
vt 0.507267 0.508278
vt 0.885310 0.348469
vt 0.885724 0.332325
vt 0.895260 0.349075
vt 0.895476 0.332325
vt 0.903760 0.332325
vt 0.903760 0.349219
vt 0.911594 0.349223
vt 0.908431 0.332325
vt 0.912675 0.332325
vt 0.921638 0.313112
vt 0.923726 0.332325
vt 0.912368 0.313723
vt 0.922004 0.350563
vt 0.466204 0.526237
vt 0.466968 0.515773
vt 0.472433 0.508033
vt 0.499874 0.526237
vt 0.499874 0.508033
vt 0.491331 0.530692
vt 0.478915 0.530692
vt 0.491331 0.528289
vt 0.478915 0.528289
vt 0.903760 0.313723
vt 0.903760 0.316783
vt 0.895173 0.313723
vt 0.894944 0.316783
vt 0.466204 0.528289
vt 0.891770 0.312555
vt 0.499874 0.530691
vt 0.499874 0.528289
vt 0.908431 0.316783
vt 0.890276 0.316783
vt 0.480569 0.504185
vt 0.480569 0.506421
vt 0.472607 0.506421
vt 0.491331 0.506421
vt 0.491331 0.504185
vt 0.499874 0.504185
vt 0.499875 0.506421
vt 0.888714 0.367340
vt 0.895715 0.367137
vt 0.891123 0.387457
vt 0.897617 0.385595
vt 0.902356 0.366980
vt 0.904449 0.295265
vt 0.893427 0.290933
vt 0.906243 0.273892
vt 0.895282 0.267847
vt 0.911837 0.296191
vt 0.909638 0.367574
vt 0.903201 0.385302
vt 0.908045 0.386067
vt 0.892707 0.412945
vt 0.901232 0.409111
vt 0.909848 0.403970
vt 0.914502 0.388127
vt 0.912510 0.275803
vt 0.929815 0.352520
vt 0.932570 0.332325
vt 0.929671 0.312405
vt 0.929035 0.294732
vt 0.919944 0.295748
vt 0.924987 0.371024
vt 0.917418 0.369175
vt 0.920555 0.391552
vt 0.931857 0.373038
vt 0.937919 0.353960
vt 0.941991 0.376825
vt 0.950384 0.355643
vt 0.943379 0.332325
vt 0.953018 0.332325
vt 0.937011 0.312052
vt 0.948955 0.310991
vt 0.940916 0.292353
vt 0.928963 0.274577
vt 0.962043 0.310284
vt 0.966697 0.332325
vt 0.952978 0.289572
vt 0.956154 0.382111
vt 0.964367 0.356560
vt 0.925582 0.422408
vt 0.933472 0.396375
vt 0.945697 0.401044
vt 0.919460 0.276048
vt 0.904154 0.237139
vt 0.921622 0.247479
vt 0.941719 0.271861
vt 0.931553 0.258701
vt 0.910028 0.235881
vt 0.893136 0.439296
vt 0.905799 0.435150
vt 0.869502 0.418392
vt 0.869368 0.444501
vt 0.915725 0.430094
vt 0.895678 0.447266
vt 0.897595 0.455019
vt 0.919722 0.437503
vt 0.931120 0.429392
vt 0.932950 0.451605
vt 0.909564 0.442358
vt 0.923196 0.458668
vt 0.974731 0.332812
vt 0.970586 0.306404
vt 0.979284 0.333393
vt 0.974883 0.305111
vt 0.964091 0.384694
vt 0.972503 0.357623
vt 0.974847 0.367240
vt 0.960018 0.283816
vt 0.950003 0.267734
vt 0.964368 0.279296
vt 0.959135 0.263560
vt 0.952161 0.406583
vt 0.945698 0.435154
vt 0.965152 0.396830
vt 0.904075 0.227965
vt 0.887849 0.234124
vt 0.901593 0.221414
vt 0.911349 0.226058
vt 0.912811 0.219055
vt 0.937472 0.251026
vt 0.957397 0.250746
vt 0.926336 0.239118
vt 0.937061 0.220775
vt 0.890854 0.264617
vt 0.888319 0.242829
vt 0.878347 0.305256
vt 0.884928 0.298579
vt 0.883900 0.308468
vt 0.797365 0.255117
vt 0.815448 0.261819
vt 0.809095 0.262526
vt 0.791243 0.237674
vt 0.793124 0.247465
vt 0.789089 0.247237
vt 0.966124 0.173469
vt 0.965238 0.142700
vt 0.969387 0.143122
vt 0.972676 0.173999
vt 0.978237 0.173895
vt 0.962435 0.197849
vt 0.973660 0.187791
vt 0.958784 0.144184
vt 0.953597 0.195534
vt 0.813985 0.264391
vt 0.969099 0.199993
vt 0.948336 0.224764
vt 0.953938 0.239109
vt 0.895344 0.829661
vt 0.895344 0.840721
vt 0.877122 0.834940
vt 0.877122 0.842988
vt 0.862680 0.837619
vt 0.862680 0.846728
vt 0.844458 0.837619
vt 0.844458 0.846433
vt 0.831344 0.836122
vt 0.831344 0.844170
vt 0.814924 0.829661
vt 0.814924 0.840721
vt 0.946261 0.825101
vt 0.961847 0.828089
vt 0.946261 0.836150
vt 0.961847 0.838656
vt 0.929914 0.825101
vt 0.929914 0.836150
vt 0.913566 0.828089
vt 0.913566 0.837769
vt 0.946261 0.820519
vt 0.961847 0.824287
vt 0.929914 0.820519
vt 0.913566 0.824287
vt 0.877122 0.822542
vt 0.862680 0.821045
vt 0.844458 0.821045
vt 0.831344 0.829661
vt 0.831344 0.822542
vt 0.844458 0.829659
vt 0.877122 0.901986
vt 0.877122 0.923382
vt 0.862680 0.902637
vt 0.862680 0.924211
vt 0.844458 0.903011
vt 0.844458 0.925099
vt 0.831344 0.924468
vt 0.814924 0.901204
vt 0.814924 0.922257
vt 0.961847 0.902193
vt 0.961847 0.923705
vt 0.946261 0.901771
vt 0.946261 0.923479
vt 0.929914 0.901233
vt 0.929914 0.923203
vt 0.913566 0.901516
vt 0.913566 0.923115
vt 0.895344 0.863000
vt 0.895344 0.881257
vt 0.877122 0.863000
vt 0.877122 0.881257
vt 0.862680 0.863000
vt 0.862680 0.881257
vt 0.844458 0.863000
vt 0.831344 0.863000
vt 0.814924 0.863000
vt 0.814924 0.881257
vt 0.961847 0.863000
vt 0.961847 0.881257
vt 0.946261 0.863000
vt 0.946261 0.881257
vt 0.929914 0.863000
vt 0.929914 0.881257
vt 0.913566 0.863000
vt 0.913566 0.881257
vt 0.895344 0.901976
vt 0.831344 0.940572
vt 0.844457 0.941118
vt 0.814924 0.939526
vt 0.961847 0.940425
vt 0.946763 0.941555
vt 0.877122 0.829659
vt 0.862680 0.829659
vt 0.981334 0.924181
vt 0.981334 0.939526
vt 0.981334 0.902996
vt 0.981334 0.881257
vt 0.981334 0.863000
vt 0.981334 0.840721
vt 0.981334 0.829661
vt 0.814924 0.945625
vt 0.830257 0.951659
vt 0.961847 0.955074
vt 0.981334 0.963540
vt 0.551509 0.935758
vt 0.551509 0.944068
vt 0.532556 0.942217
vt 0.579206 0.940662
vt 0.559873 0.935758
vt 0.581070 0.951498
vt 0.559873 0.945805
vt 0.535769 0.948265
vt 0.961847 0.964377
vt 0.503659 0.945674
vt 0.510063 0.942198
vt 0.522417 0.946334
vt 0.527535 0.954682
vt 0.839420 0.954523
vt 0.850797 0.941270
vt 0.846059 0.946636
vt 0.877122 0.925051
vt 0.862680 0.930069
vt 0.895344 0.922614
vt 0.913566 0.926282
vt 0.929914 0.932128
vt 0.937335 0.941555
vt 0.948588 0.956451
vt 0.953289 0.972345
vt 0.588924 0.954939
vt 0.529728 0.960808
vt 0.956778 0.415208
vt 0.583685 0.958873
vt 0.796773 0.257826
vt 0.797001 0.230241
vt 0.792826 0.229582
vt 0.054117 0.795480
vt 0.038532 0.795480
vt 0.070464 0.795480
vt 0.086812 0.795480
vt 0.105034 0.795480
vt 0.123256 0.795480
vt 0.137698 0.795480
vt 0.155920 0.795480
vt 0.169034 0.795480
vt 0.185156 0.795480
vt 0.019570 0.795480
vt 0.155920 0.815231
vt 0.137698 0.815231
vt 0.169034 0.815231
vt 0.185156 0.815231
vt 0.038532 0.815231
vt 0.019570 0.815231
vt 0.054117 0.815231
vt 0.070464 0.815231
vt 0.086812 0.815231
vt 0.105034 0.815231
vt 0.123256 0.815231
vt 0.143561 0.509947
vt 0.141046 0.506558
vt 0.143329 0.506581
vt 0.141308 0.510729
vt 0.136495 0.510552
vt 0.131243 0.510681
vt 0.128734 0.509548
vt 0.131606 0.506206
vt 0.128927 0.505940
vt 0.053723 0.509854
vt 0.068211 0.509452
vt 0.068016 0.505807
vt 0.065137 0.506184
vt 0.061389 0.506138
vt 0.056886 0.506664
vt 0.053958 0.506455
vt 0.057242 0.495597
vt 0.061301 0.495143
vt 0.064955 0.495466
vt 0.136540 0.506051
vt 0.070464 0.820519
vt 0.687606 0.332812
vt 0.689833 0.357623
vt 0.683052 0.333393
vt 0.687490 0.367240
vt 0.123256 0.842988
vt 0.105034 0.840721
vt 0.123256 0.834940
vt 0.105034 0.829661
vt 0.137698 0.846728
vt 0.137698 0.837619
vt 0.155920 0.837619
vt 0.155920 0.846433
vt 0.169034 0.836122
vt 0.169034 0.844170
vt 0.185156 0.829661
vt 0.185156 0.840721
vt 0.054117 0.825101
vt 0.054117 0.836150
vt 0.038532 0.828089
vt 0.038532 0.838656
vt 0.070464 0.825101
vt 0.070464 0.836150
vt 0.086812 0.837769
vt 0.086812 0.828089
vt 0.054117 0.820519
vt 0.038532 0.824287
vt 0.086812 0.824287
vt 0.123256 0.822542
vt 0.137698 0.821045
vt 0.155920 0.821045
vt 0.169034 0.829661
vt 0.155920 0.829659
vt 0.169034 0.822542
vt 0.137698 0.924211
vt 0.123256 0.923382
vt 0.137698 0.902637
vt 0.123256 0.901986
vt 0.155920 0.925099
vt 0.155920 0.903011
vt 0.169034 0.902324
vt 0.169034 0.924468
vt 0.185156 0.901204
vt 0.185156 0.922257
vt 0.054117 0.923479
vt 0.038532 0.923705
vt 0.054117 0.901771
vt 0.038532 0.902193
vt 0.070464 0.901233
vt 0.070464 0.923203
vt 0.086812 0.923115
vt 0.086812 0.901516
vt 0.123256 0.881257
vt 0.105034 0.881257
vt 0.123256 0.863000
vt 0.105034 0.863000
vt 0.137698 0.881257
vt 0.137698 0.863000
vt 0.155920 0.863000
vt 0.155921 0.881257
vt 0.169034 0.863000
vt 0.169034 0.881257
vt 0.185156 0.863000
vt 0.185156 0.881257
vt 0.054117 0.881257
vt 0.038532 0.881257
vt 0.054117 0.863000
vt 0.038532 0.863000
vt 0.070464 0.863000
vt 0.070464 0.881257
vt 0.086812 0.881257
vt 0.086812 0.863000
vt 0.105034 0.901976
vt 0.123256 0.829659
vt 0.137698 0.829659
vt 0.019570 0.902996
vt 0.019570 0.924181
vt 0.019570 0.881257
vt 0.019570 0.863000
vt 0.019570 0.840721
vt 0.019570 0.829661
vt 0.123256 0.925051
vt 0.105034 0.922614
vt 0.086812 0.926282
vt 0.784508 0.305256
vt 0.778954 0.308468
vt 0.777927 0.298579
vt 0.843505 0.420325
vt 0.842454 0.446727
vt 0.831427 0.446980
vt 0.831427 0.420248
vt 0.870067 0.392003
vt 0.844280 0.394814
vt 0.831427 0.395117
vt 0.831168 0.455854
vt 0.831168 0.461257
vt 0.661674 0.936025
vt 0.767140 0.367137
vt 0.767594 0.349075
vt 0.774140 0.367340
vt 0.777544 0.348469
vt 0.765237 0.385595
vt 0.771731 0.387457
vt 0.820400 0.446727
vt 0.793486 0.444501
vt 0.819350 0.420325
vt 0.793353 0.418392
vt 0.760498 0.366980
vt 0.759094 0.349219
vt 0.758405 0.295265
vt 0.756611 0.273892
vt 0.769428 0.290933
vt 0.767572 0.267847
vt 0.759094 0.313723
vt 0.767682 0.313723
vt 0.750355 0.313723
vt 0.751018 0.296191
vt 0.754809 0.386067
vt 0.753217 0.367574
vt 0.759653 0.385302
vt 0.751260 0.349223
vt 0.792787 0.392003
vt 0.818574 0.394814
vt 0.770147 0.412945
vt 0.761622 0.409111
vt 0.753007 0.403970
vt 0.748352 0.388127
vt 0.750344 0.275803
vt 0.740851 0.350563
vt 0.733040 0.352520
vt 0.739128 0.332325
vt 0.730284 0.332325
vt 0.733183 0.312405
vt 0.741216 0.313112
vt 0.742911 0.295748
vt 0.733820 0.294732
vt 0.745436 0.369175
vt 0.737868 0.371024
vt 0.742300 0.391552
vt 0.712470 0.355643
vt 0.724935 0.353960
vt 0.720505 0.376825
vt 0.730997 0.373038
vt 0.719476 0.332325
vt 0.708809 0.332325
vt 0.725843 0.312052
vt 0.712872 0.310991
vt 0.720286 0.292353
vt 0.733892 0.274577
vt 0.696157 0.332325
vt 0.700811 0.310284
vt 0.709877 0.289572
vt 0.706432 0.382111
vt 0.698562 0.356560
vt 0.736728 0.422408
vt 0.729382 0.396375
vt 0.717158 0.401044
vt 0.743394 0.276048
vt 0.757564 0.237286
vt 0.741168 0.247624
vt 0.720781 0.271861
vt 0.730913 0.258846
vt 0.752712 0.235886
vt 0.769718 0.439082
vt 0.757055 0.435018
vt 0.747344 0.430094
vt 0.791072 0.453369
vt 0.790132 0.459198
vt 0.766659 0.447266
vt 0.764742 0.455019
vt 0.819883 0.455854
vt 0.819883 0.461257
vt 0.742615 0.437503
vt 0.729387 0.451605
vt 0.731217 0.429392
vt 0.752772 0.442358
vt 0.739141 0.458668
vt 0.691750 0.306404
vt 0.687453 0.305111
vt 0.698246 0.384694
vt 0.702319 0.283816
vt 0.697969 0.279296
vt 0.712334 0.267734
vt 0.703202 0.263560
vt 0.716638 0.435154
vt 0.710175 0.406583
vt 0.697185 0.396830
vt 0.758262 0.227965
vt 0.760744 0.221414
vt 0.774487 0.234124
vt 0.750988 0.226058
vt 0.749526 0.219055
vt 0.724865 0.251026
vt 0.704939 0.250746
vt 0.725276 0.220775
vt 0.736001 0.239118
vt 0.774536 0.242829
vt 0.772001 0.264617
vt 0.771085 0.312555
vt 0.798190 0.039578
vt 0.808047 0.032606
vt 0.815576 0.033437
vt 0.909759 0.165646
vt 0.909759 0.189986
vt 0.904545 0.167195
vt 0.904545 0.190787
vt 0.793801 0.065599
vt 0.790960 0.051718
vt 0.798241 0.064923
vt 0.794080 0.046828
vt 0.895691 0.169452
vt 0.896127 0.192737
vt 0.871273 0.173469
vt 0.884112 0.066636
vt 0.888515 0.066776
vt 0.909759 0.152057
vt 0.904545 0.136376
vt 0.909759 0.135386
vt 0.896154 0.139405
vt 0.871275 0.141856
vt 0.863942 0.174322
vt 0.866563 0.140803
vt 0.858583 0.175113
vt 0.863303 0.186834
vt 0.875040 0.197072
vt 0.878860 0.144184
vt 0.883800 0.195534
vt 0.884406 0.122646
vt 0.898939 0.101972
vt 0.880825 0.101532
vt 0.875951 0.101119
vt 0.904545 0.101780
vt 0.875480 0.123487
vt 0.870691 0.122857
vt 0.889602 0.102490
vt 0.900329 0.066362
vt 0.897235 0.066641
vt 0.904545 0.066459
vt 0.814158 0.030901
vt 0.867901 0.198495
vt 0.714001 0.224764
vt 0.708399 0.239109
vt 0.169034 0.940572
vt 0.155921 0.941118
vt 0.185156 0.939526
vt 0.053615 0.941555
vt 0.038532 0.940425
vt 0.019570 0.939526
vt 0.170121 0.951659
vt 0.185156 0.945625
vt 0.019570 0.963540
vt 0.038532 0.955074
vt 0.192708 0.935758
vt 0.211693 0.942217
vt 0.192708 0.944069
vt 0.221333 0.910355
vt 0.244428 0.909876
vt 0.744508 0.913997
vt 0.719760 0.913997
vt 0.764231 0.912448
vt 0.673084 0.913997
vt 0.722099 0.941379
vt 0.745581 0.940662
vt 0.764231 0.935758
vt 0.192708 0.912448
vt 0.213705 0.935847
vt 0.264305 0.909946
vt 0.697327 0.913997
vt 0.744187 0.951498
vt 0.764231 0.945350
vt 0.257869 0.933620
vt 0.240588 0.934989
vt 0.221308 0.935847
vt 0.208601 0.947630
vt 0.038532 0.964377
vt 0.252430 0.954826
vt 0.240399 0.945667
vt 0.234016 0.942200
vt 0.221688 0.946498
vt 0.215587 0.954682
vt 0.160958 0.954523
vt 0.149581 0.941270
vt 0.154319 0.946636
vt 0.137698 0.930069
vt 0.070464 0.932128
vt 0.063043 0.941555
vt 0.051790 0.956451
vt 0.047089 0.972345
vt 0.736090 0.955445
vt 0.698314 0.937202
vt 0.673015 0.936029
vt 0.213256 0.960808
vt 0.705558 0.415208
vt 0.741101 0.958756
vt 0.909759 0.101584
vt 0.909759 0.066386
vt 0.304985 0.755273
vt 0.303032 0.783278
vt 0.348998 0.823564
vt 0.318593 0.824948
vt 0.350217 0.824402
vt 0.316968 0.829191
vt 0.306328 0.840697
vt 0.314019 0.828516
vt 0.300005 0.806380
vt 0.294963 0.783278
vt 0.292699 0.755273
vt 0.797022 0.036454
vt 0.330829 0.856226
vt 0.324072 0.880323
vt 0.310736 0.860851
vt 0.312659 0.883962
vt 0.298194 0.813306
vt 0.293818 0.826072
vt 0.295045 0.813120
vt 0.302176 0.813578
vt 0.303049 0.817206
vt 0.321074 0.829576
vt 0.312381 0.825397
vt 0.314700 0.824563
vt 0.310553 0.816017
vt 0.307599 0.815456
vt 0.309117 0.844023
vt 0.314482 0.817029
vt 0.027429 0.349237
vt 0.066946 0.219918
vt 0.099306 0.238116
vt 0.068650 0.237328
vt 0.045989 0.212784
vt 0.045456 0.219533
vt 0.098636 0.243746
vt 0.412612 0.526237
vt 0.412612 0.508033
vt 0.423374 0.526237
vt 0.423374 0.508033
vt 0.396097 0.508278
vt 0.399055 0.508278
vt 0.396097 0.526360
vt 0.399055 0.526360
vt 0.767378 0.332325
vt 0.777131 0.332325
vt 0.759094 0.332325
vt 0.750605 0.332325
vt 0.754424 0.332325
vt 0.436760 0.515773
vt 0.437739 0.526237
vt 0.431336 0.508033
vt 0.403545 0.508033
vt 0.403545 0.526237
vt 0.412612 0.530691
vt 0.412612 0.528289
vt 0.425027 0.530691
vt 0.425027 0.528289
vt 0.767911 0.316783
vt 0.759094 0.316783
vt 0.754424 0.316783
vt 0.436904 0.528289
vt 0.403545 0.530691
vt 0.403545 0.528289
vt 0.772578 0.316783
vt 0.423374 0.504185
vt 0.431336 0.506184
vt 0.423374 0.506184
vt 0.412612 0.506184
vt 0.412612 0.504185
vt 0.403545 0.504185
vt 0.403545 0.506184
vt 0.789879 0.047863
vt 0.101863 0.521521
vt 0.105727 0.521320
vt 0.098282 0.520773
vt 0.102219 0.518379
vt 0.098458 0.518085
vt 0.105584 0.517849
vt 0.109659 0.520742
vt 0.109317 0.517663
vt 0.111599 0.519441
vt 0.111604 0.516927
vt 0.085653 0.519440
vt 0.091378 0.518242
vt 0.094674 0.518583
vt 0.088126 0.518083
vt 0.085647 0.516900
vt 0.088168 0.510148
vt 0.091291 0.510607
vt 0.094606 0.510843
vt 0.960369 0.509306
vt 0.956184 0.508768
vt 0.960340 0.500444
vt 0.951950 0.508651
vt 0.956672 0.499843
vt 0.952702 0.499628
vt 0.949436 0.507830
vt 0.950231 0.496947
vt 0.948713 0.509969
vt 0.841114 0.510108
vt 0.840714 0.498880
vt 0.845691 0.509485
vt 0.845140 0.498313
vt 0.840717 0.513596
vt 0.845862 0.513706
vt 0.851377 0.513176
vt 0.850639 0.509655
vt 0.853131 0.511226
vt 0.852556 0.507943
vt 0.852359 0.497146
vt 0.850027 0.498050
vt 0.837533 0.512554
vt 0.837745 0.509291
vt 0.837462 0.498081
vt 0.963753 0.497891
vt 0.963467 0.509190
vt 0.963682 0.512487
vt 0.102390 0.497006
vt 0.103443 0.496697
vt 0.102103 0.505447
vt 0.103411 0.494620
vt 0.101864 0.493775
vt 0.098057 0.496167
vt 0.098059 0.505483
vt 0.111088 0.495710
vt 0.110982 0.504230
vt 0.109634 0.496456
vt 0.109274 0.504714
vt 0.108511 0.494316
vt 0.110349 0.493475
vt 0.086037 0.504099
vt 0.085930 0.495508
vt 0.088301 0.505176
vt 0.088262 0.495238
vt 0.088474 0.493251
vt 0.090938 0.495403
vt 0.091322 0.491210
vt 0.094125 0.493554
vt 0.093601 0.495625
vt 0.094290 0.505691
vt 0.091245 0.505468
vt 0.105822 0.493785
vt 0.106084 0.491442
vt 0.105589 0.504768
vt 0.108349 0.496430
vt 0.105768 0.496513
vt 0.102040 0.508572
vt 0.098148 0.508066
vt 0.105564 0.507617
vt 0.109098 0.507574
vt 0.111095 0.506819
vt 0.085923 0.506714
vt 0.840049 0.565722
vt 0.963501 0.546224
vt 0.958944 0.545443
vt 0.846577 0.576122
vt 0.836358 0.580752
vt 0.837646 0.552739
vt 0.835157 0.546881
vt 0.941587 0.561938
vt 0.945804 0.576866
vt 0.953396 0.583586
vt 0.946917 0.562243
vt 0.960893 0.579711
vt 0.953026 0.572844
vt 0.825703 0.581203
vt 0.820086 0.579127
vt 0.953088 0.559480
vt 0.961285 0.553060
vt 0.963764 0.557043
vt 0.832761 0.570739
vt 0.825085 0.560849
vt 0.827581 0.558209
vt 0.822318 0.554295
vt 0.826267 0.551477
vt 0.824220 0.537649
vt 0.819449 0.538735
vt 0.825440 0.573725
vt 0.820717 0.562745
vt 0.819141 0.555571
vt 0.816473 0.539056
vt 0.815993 0.562855
vt 0.819556 0.573005
vt 0.815248 0.554539
vt 0.814235 0.537738
vt 0.959087 0.567872
vt 0.967394 0.560940
vt 0.967845 0.571109
vt 0.971628 0.563283
vt 0.969088 0.551703
vt 0.972525 0.540684
vt 0.973202 0.554043
vt 0.976222 0.541764
vt 0.977450 0.555519
vt 0.981341 0.538688
vt 0.966406 0.548871
vt 0.969613 0.539483
vt 0.955303 0.551203
vt 0.963114 0.549991
vt 0.964215 0.547317
vt 0.963448 0.546283
vt 0.967137 0.534788
vt 0.830042 0.548343
vt 0.829954 0.537280
vt 0.831563 0.549023
vt 0.830538 0.554274
vt 0.115557 0.483981
vt 0.116812 0.481429
vt 0.116453 0.484100
vt 0.119674 0.493721
vt 0.119801 0.483604
vt 0.123379 0.483580
vt 0.120197 0.480237
vt 0.123243 0.480871
vt 0.120292 0.478120
vt 0.124390 0.479737
vt 0.115568 0.480229
vt 0.114051 0.483036
vt 0.115636 0.494176
vt 0.113967 0.494021
vt 0.123758 0.493673
vt 0.124405 0.483070
vt 0.126000 0.493755
vt 0.126042 0.482352
vt 0.071331 0.482021
vt 0.074036 0.482774
vt 0.071197 0.493523
vt 0.073983 0.494184
vt 0.074166 0.479381
vt 0.076978 0.477759
vt 0.076898 0.482658
vt 0.079979 0.478700
vt 0.080081 0.482799
vt 0.076954 0.494186
vt 0.080288 0.494138
vt 0.082273 0.482713
vt 0.082854 0.493792
vt 0.139552 0.476140
vt 0.141469 0.475728
vt 0.140614 0.479606
vt 0.142618 0.479149
vt 0.143091 0.489886
vt 0.140821 0.490231
vt 0.132274 0.476427
vt 0.131170 0.479861
vt 0.130602 0.475940
vt 0.128801 0.479212
vt 0.131046 0.489879
vt 0.128508 0.489751
vt 0.132446 0.479075
vt 0.135904 0.478728
vt 0.136170 0.489321
vt 0.135938 0.475007
vt 0.139366 0.478894
vt 0.064899 0.475547
vt 0.067047 0.478850
vt 0.064802 0.478701
vt 0.065120 0.489849
vt 0.067608 0.489481
vt 0.061293 0.473203
vt 0.061549 0.478447
vt 0.057708 0.475333
vt 0.058059 0.478774
vt 0.061338 0.489563
vt 0.057429 0.489947
vt 0.054162 0.489617
vt 0.055117 0.478787
vt 0.135827 0.473607
vt 0.136430 0.493475
vt 0.140853 0.493841
vt 0.143222 0.493419
vt 0.131200 0.493662
vt 0.128383 0.493054
vt 0.054030 0.493185
vt 0.067734 0.492816
vt 0.080627 0.510914
vt 0.114847 0.513753
vt 0.119713 0.513863
vt 0.124359 0.513501
vt 0.113060 0.513434
vt 0.119834 0.509698
vt 0.123714 0.509862
vt 0.115357 0.509811
vt 0.119795 0.497540
vt 0.123579 0.497555
vt 0.115624 0.497701
vt 0.113801 0.497394
vt 0.113478 0.510159
vt 0.127057 0.512730
vt 0.126657 0.509906
vt 0.126023 0.497223
vt 0.083769 0.513376
vt 0.083348 0.510067
vt 0.080636 0.499880
vt 0.083021 0.497198
vt 0.077060 0.499778
vt 0.076883 0.510737
vt 0.073758 0.499922
vt 0.073704 0.510659
vt 0.071174 0.497025
vt 0.070892 0.509811
vt 0.070726 0.512664
vt 0.149361 0.509655
vt 0.154309 0.509485
vt 0.148622 0.513176
vt 0.043816 0.508768
vt 0.039631 0.509306
vt 0.048049 0.508651
vt 0.047298 0.499628
vt 0.043328 0.499843
vt 0.039660 0.500444
vt 0.050564 0.507830
vt 0.051287 0.509969
vt 0.159283 0.513596
vt 0.154137 0.513706
vt 0.158886 0.510108
vt 0.146869 0.511226
vt 0.147444 0.507943
vt 0.162467 0.512554
vt 0.162255 0.509291
vt 0.036532 0.509190
vt 0.036318 0.512487
vt 0.149973 0.498050
vt 0.148022 0.483449
vt 0.150488 0.483736
vt 0.147548 0.493492
vt 0.150001 0.494167
vt 0.149822 0.480869
vt 0.151728 0.481424
vt 0.159435 0.494762
vt 0.155107 0.493746
vt 0.159827 0.484833
vt 0.158483 0.484282
vt 0.159090 0.482055
vt 0.155452 0.483610
vt 0.152572 0.483610
vt 0.155506 0.480352
vt 0.155247 0.478352
vt 0.162313 0.481191
vt 0.162704 0.494751
vt 0.163106 0.484306
vt 0.037722 0.480849
vt 0.041686 0.477993
vt 0.038889 0.484321
vt 0.042173 0.483455
vt 0.045283 0.480523
vt 0.045158 0.483850
vt 0.047519 0.483128
vt 0.049154 0.493258
vt 0.046847 0.493868
vt 0.043001 0.493685
vt 0.039119 0.494528
vt 0.036204 0.483993
vt 0.036079 0.494529
vt 0.049769 0.496947
vt 0.154860 0.498313
vt 0.159286 0.498880
vt 0.147641 0.497146
vt 0.162538 0.498081
vt 0.036247 0.497891
vt 0.044168 0.235195
vt 0.455305 0.526237
vt 0.874089 0.347141
vt 0.868473 0.340558
vt 0.880692 0.332325
vt 0.863944 0.344030
vt 0.831427 0.367288
vt 0.844777 0.367288
vt 0.869458 0.366928
vt 0.855168 0.346491
vt 0.799707 0.199348
vt 0.803903 0.199892
vt 0.795775 0.216804
vt 0.800150 0.217130
vt 0.804555 0.231355
vt 0.819511 0.233600
vt 0.799676 0.250341
vt 0.816879 0.256019
vt 0.802518 0.185944
vt 0.805205 0.170957
vt 0.806901 0.186371
vt 0.038223 0.269552
vt 0.043864 0.253963
vt 0.818077 0.367288
vt 0.793396 0.366928
vt 0.788766 0.347141
vt 0.807686 0.346491
vt 0.798911 0.344030
vt 0.801148 0.077835
vt 0.804962 0.095013
vt 0.796516 0.078102
vt 0.800247 0.096752
vt 0.804790 0.063005
vt 0.799834 0.044311
vt 0.819675 0.060614
vt 0.816879 0.038377
vt 0.807826 0.108732
vt 0.804699 0.119613
vt 0.802828 0.109299
vt 0.037626 0.377246
vt 0.025857 0.378242
vt 0.039456 0.219253
vt 0.049351 0.378538
vt 0.448638 0.526237
vt 0.782162 0.332325
vt 0.794382 0.340558
vt 0.843591 0.264516
vt 0.838303 0.263187
vt 0.843591 0.238798
vt 0.599057 0.975471
vt 0.584158 0.979204
vt 0.583960 0.977797
vt 0.393230 0.960487
vt 0.400951 0.967883
vt 0.393953 0.969192
vt 0.401414 0.973019
vt 0.388170 0.967744
vt 0.386839 0.956143
vt 0.379404 0.965879
vt 0.378765 0.953164
vt 0.374275 0.949578
vt 0.371315 0.965043
vt 0.371314 0.949249
vt 0.371315 0.978109
vt 0.378735 0.978071
vt 0.386124 0.979312
vt 0.393441 0.980723
vt 0.401346 0.981743
vt 0.411845 0.974781
vt 0.411823 0.982693
vt 0.584320 0.986434
vt 0.599591 0.985385
vt 0.612606 0.974490
vt 0.612121 0.985338
vt 0.626114 0.974651
vt 0.626114 0.985409
vt 0.653171 0.975471
vt 0.668269 0.977787
vt 0.668070 0.979204
vt 0.341205 0.973019
vt 0.338085 0.968713
vt 0.341664 0.967920
vt 0.349394 0.960422
vt 0.348665 0.969192
vt 0.354448 0.967744
vt 0.356359 0.957242
vt 0.363972 0.953279
vt 0.363214 0.965879
vt 0.368834 0.949525
vt 0.363883 0.978071
vt 0.356494 0.979312
vt 0.349177 0.980723
vt 0.341272 0.981743
vt 0.330773 0.974781
vt 0.330795 0.982693
vt 0.667908 0.986434
vt 0.652637 0.985385
vt 0.639620 0.974456
vt 0.640107 0.985338
vt 0.404605 0.968993
vt 0.411970 0.973310
vt 0.371377 0.949079
vt 0.831427 0.348274
vt 0.845212 0.348274
vt 0.825841 0.172148
vt 0.814108 0.186884
vt 0.817077 0.172643
vt 0.827495 0.159418
vt 0.818733 0.159214
vt 0.818733 0.145497
vt 0.827407 0.145497
vt 0.827810 0.188566
vt 0.832553 0.173561
vt 0.833897 0.159785
vt 0.833424 0.145497
vt 0.838303 0.209092
vt 0.838303 0.195355
vt 0.843591 0.210434
vt 0.838303 0.222485
vt 0.843591 0.222462
vt 0.810781 0.201298
vt 0.832115 0.211762
vt 0.823914 0.203133
vt 0.822057 0.214678
vt 0.833611 0.192286
vt 0.807537 0.217905
vt 0.830984 0.233941
vt 0.838303 0.176001
vt 0.830962 0.260986
vt 0.838303 0.237491
vt 0.838303 0.145497
vt 0.838303 0.160209
vt 0.809607 0.170888
vt 0.811412 0.158433
vt 0.806992 0.158677
vt 0.811412 0.145491
vt 0.806992 0.145491
vt 0.419495 0.907907
vt 0.426376 0.908598
vt 0.037603 0.394112
vt 0.046487 0.401902
vt 0.037603 0.403109
vt 0.381665 0.915890
vt 0.398964 0.900682
vt 0.399011 0.920591
vt 0.389907 0.929427
vt 0.372534 0.917845
vt 0.380137 0.922662
vt 0.397935 0.936022
vt 0.419512 0.923141
vt 0.423788 0.924702
vt 0.419299 0.934204
vt 0.422046 0.934356
vt 0.418913 0.949341
vt 0.049656 0.383765
vt 0.046639 0.386187
vt 0.037603 0.381907
vt 0.037603 0.385148
vt 0.049656 0.405017
vt 0.024580 0.253549
vt 0.037603 0.407070
vt 0.408162 0.952316
vt 0.404858 0.950480
vt 0.396570 0.937334
vt 0.387778 0.929931
vt 0.375401 0.922116
vt 0.379688 0.924570
vt 0.411254 0.960997
vt 0.406817 0.953453
vt 0.411654 0.923363
vt 0.405984 0.893059
vt 0.412574 0.940402
vt 0.412022 0.951951
vt 0.817642 0.348274
vt 0.825879 0.118761
vt 0.817077 0.118094
vt 0.814877 0.106127
vt 0.827510 0.131564
vt 0.818733 0.131758
vt 0.828386 0.104144
vt 0.832582 0.117562
vt 0.833922 0.131212
vt 0.838303 0.084616
vt 0.843591 0.083322
vt 0.838303 0.097763
vt 0.838303 0.071478
vt 0.843591 0.071500
vt 0.811809 0.092930
vt 0.832284 0.082061
vt 0.824448 0.090561
vt 0.822381 0.079315
vt 0.833858 0.100637
vt 0.807957 0.076429
vt 0.831055 0.060194
vt 0.838303 0.115364
vt 0.838303 0.031239
vt 0.838303 0.056650
vt 0.830962 0.033597
vt 0.843591 0.030137
vt 0.843591 0.055352
vt 0.838303 0.130792
vt 0.809768 0.119501
vt 0.811412 0.132367
vt 0.806498 0.132118
vt 0.322879 0.907907
vt 0.315415 0.908598
vt 0.028621 0.401873
vt 0.361465 0.915726
vt 0.343955 0.920301
vt 0.343965 0.900682
vt 0.352979 0.929186
vt 0.362840 0.922662
vt 0.344853 0.935701
vt 0.322862 0.923141
vt 0.322862 0.934204
vt 0.317924 0.924702
vt 0.319666 0.934356
vt 0.323169 0.949341
vt 0.028536 0.386137
vt 0.025439 0.384096
vt 0.025439 0.404982
vt 0.025608 0.235195
vt 0.346113 0.936936
vt 0.337841 0.950078
vt 0.334554 0.951867
vt 0.354978 0.929931
vt 0.372534 0.921063
vt 0.369270 0.921638
vt 0.336140 0.952648
vt 0.363299 0.924391
vt 0.331220 0.923363
vt 0.337302 0.893059
vt 0.330168 0.939972
vt 0.330663 0.951501
vt 0.331429 0.960756
vt 0.330647 0.973300
vt 0.023793 0.051141
vt 0.038543 0.051141
vt 0.023793 0.064193
vt 0.071792 0.083683
vt 0.080426 0.084100
vt 0.068511 0.086632
vt 0.083856 0.087267
vt 0.082434 0.064193
vt 0.089234 0.060471
vt 0.089234 0.064193
vt 0.018269 0.064193
vt 0.018269 0.060471
vt 0.082434 0.051141
vt 0.089234 0.051141
vt 0.060926 0.051141
vt 0.060926 0.064193
vt 0.054648 0.051141
vt 0.054649 0.064193
vt 0.046767 0.051141
vt 0.038543 0.064193
vt 0.046767 0.064193
vt 0.018269 0.051141
vt 0.067364 0.105633
vt 0.086606 0.105633
vt 0.065695 0.112099
vt 0.087689 0.112462
vt 0.069380 0.051141
vt 0.067630 0.064193
vt 0.066904 0.095114
vt 0.085548 0.095069
vt 0.066145 0.099122
vt 0.086427 0.099122
vt 0.076167 0.082862
vt 0.455440 0.057284
vt 0.454695 0.072001
vt 0.450685 0.061921
vt 0.728737 0.139979
vt 0.729279 0.129894
vt 0.742830 0.139979
vt 0.477529 0.177216
vt 0.469634 0.186674
vt 0.464126 0.168821
vt 0.742830 0.192932
vt 0.730236 0.192932
vt 0.728550 0.171070
vt 0.728194 0.151517
vt 0.742830 0.151518
vt 0.742830 0.160982
vt 0.728372 0.160982
vt 0.759307 0.160982
vt 0.759307 0.151518
vt 0.742830 0.129591
vt 0.759307 0.139979
vt 0.759307 0.129591
vt 0.731801 0.111654
vt 0.742830 0.111654
vt 0.463526 0.063854
vt 0.742830 0.171070
vt 0.461453 0.195876
vt 0.455175 0.193632
vt 0.457908 0.088626
vt 0.472568 0.070307
vt 0.759307 0.171070
vt 0.759307 0.111654
vt 0.759307 0.192932
vt 0.477299 0.123967
vt 0.458263 0.103878
vt 0.478297 0.102970
vt 0.491871 0.144264
vt 0.506783 0.144490
vt 0.496853 0.168459
vt 0.508988 0.168459
vt 0.491051 0.123967
vt 0.506783 0.123967
vt 0.486107 0.171660
vt 0.477992 0.144215
vt 0.689906 0.171070
vt 0.701948 0.171070
vt 0.689906 0.192932
vt 0.701948 0.192932
vt 0.719569 0.171070
vt 0.460115 0.144215
vt 0.458922 0.123967
vt 0.689906 0.151517
vt 0.701948 0.151517
vt 0.719569 0.151518
vt 0.689906 0.131710
vt 0.701948 0.131710
vt 0.719569 0.131710
vt 0.506783 0.105150
vt 0.493171 0.104227
vt 0.508988 0.082399
vt 0.497338 0.081552
vt 0.486107 0.077950
vt 0.716447 0.111654
vt 0.701948 0.111654
vt 0.689906 0.111654
vt 0.716447 0.192932
vt 0.624032 0.117644
vt 0.645930 0.117644
vt 0.628641 0.130756
vt 0.645859 0.131710
vt 0.645859 0.151518
vt 0.634977 0.142223
vt 0.565576 0.116836
vt 0.552890 0.106080
vt 0.572572 0.106049
vt 0.255441 0.031053
vt 0.252881 0.033998
vt 0.252881 0.031053
vt 0.628917 0.171074
vt 0.635574 0.160627
vt 0.645859 0.171017
vt 0.225345 0.053741
vt 0.227637 0.053708
vt 0.225345 0.066199
vt 0.575146 0.161505
vt 0.552890 0.161505
vt 0.572572 0.142906
vt 0.552890 0.143436
vt 0.552890 0.124053
vt 0.564857 0.132300
vt 0.670346 0.151517
vt 0.670346 0.131710
vt 0.670346 0.171044
vt 0.528741 0.124053
vt 0.528741 0.144582
vt 0.528741 0.105192
vt 0.670346 0.192932
vt 0.658698 0.187216
vt 0.645919 0.187216
vt 0.205138 0.053651
vt 0.203004 0.053634
vt 0.205138 0.033998
vt 0.203004 0.031053
vt 0.552890 0.090147
vt 0.575146 0.090147
vt 0.232976 0.033998
vt 0.232976 0.053796
vt 0.230404 0.031053
vt 0.230404 0.053713
vt 0.207982 0.031053
vt 0.215406 0.031053
vt 0.207982 0.033998
vt 0.215406 0.033998
vt 0.580158 0.022497
vt 0.582363 0.036790
vt 0.572689 0.029948
vt 0.554958 0.057735
vt 0.539806 0.057735
vt 0.554642 0.036789
vt 0.539806 0.038598
vt 0.565220 0.057735
vt 0.567079 0.037235
vt 0.507145 0.036661
vt 0.522260 0.036790
vt 0.506373 0.057735
vt 0.518163 0.057735
vt 0.592944 0.019564
vt 0.592944 0.023509
vt 0.536692 0.057735
vt 0.536692 0.038585
vt 0.222784 0.033998
vt 0.222784 0.031053
vt 0.485021 0.023509
vt 0.494565 0.023017
vt 0.491305 0.036126
vt 0.235404 0.031053
vt 0.242381 0.031053
vt 0.235404 0.033998
vt 0.242381 0.033998
vt 0.249761 0.033998
vt 0.249761 0.031053
vt 0.561935 0.030179
vt 0.545324 0.023509
vt 0.536692 0.023509
vt 0.531447 0.023509
vt 0.518353 0.024975
vt 0.512340 0.030147
vt 0.580497 0.057735
vt 0.597681 0.038603
vt 0.597681 0.057735
vt 0.493749 0.057735
vt 0.481014 0.057735
vt 0.481014 0.038775
vt 0.215406 0.053721
vt 0.222784 0.053741
vt 0.215406 0.066199
vt 0.222784 0.066199
vt 0.658698 0.192932
vt 0.207982 0.053651
vt 0.207982 0.066199
vt 0.540583 0.161505
vt 0.540583 0.168459
vt 0.528741 0.168459
vt 0.670346 0.111654
vt 0.658698 0.117644
vt 0.528741 0.082399
vt 0.540583 0.090147
vt 0.205138 0.031053
vt 0.227693 0.031053
vt 0.225345 0.033998
vt 0.225345 0.031053
vt 0.597681 0.023509
vt 0.232976 0.031053
vt 0.252881 0.053807
vt 0.255441 0.053597
vt 0.556132 0.023695
vt 0.502285 0.030081
vt 0.249761 0.053807
vt 0.242381 0.053815
vt 0.235404 0.053796
vt 0.481014 0.023509
vt 0.225345 0.020184
vt 0.539806 0.023509
vt 0.242381 0.066199
vt 0.235404 0.066199
vt 0.658698 0.111654
vt 0.249761 0.066199
vt 0.540583 0.082399
vt 0.252881 0.066199
vt 0.624032 0.187216
vt 0.205138 0.066199
vt 0.232976 0.066199
vt 0.545344 0.019564
vt 0.232976 0.020184
vt 0.242088 0.020184
vt 0.235404 0.020184
vt 0.249761 0.020184
vt 0.252881 0.020184
vt 0.531447 0.019564
vt 0.485021 0.019564
vt 0.205138 0.020184
vt 0.215406 0.020184
vt 0.207982 0.020184
vt 0.222784 0.020184
vt 0.397086 0.088763
vt 0.412682 0.081076
vt 0.412682 0.090654
vt 0.066150 0.133961
vt 0.089648 0.134116
vt 0.061379 0.149747
vt 0.092268 0.150801
vt 0.091601 0.163728
vt 0.058545 0.162258
vt 0.059490 0.171823
vt 0.087930 0.173270
vt 0.081295 0.182825
vt 0.061014 0.178712
vt 0.072356 0.187288
vt 0.064897 0.185802
vt 0.129253 0.174272
vt 0.129253 0.159114
vt 0.132764 0.159114
vt 0.129253 0.060390
vt 0.129253 0.042529
vt 0.132764 0.060390
vt 0.132764 0.042529
vt 0.121463 0.174272
vt 0.125501 0.174272
vt 0.121463 0.196589
vt 0.125501 0.196589
vt 0.129253 0.021199
vt 0.121463 0.042529
vt 0.121463 0.021199
vt 0.125501 0.042529
vt 0.125501 0.021199
vt 0.129253 0.143886
vt 0.132764 0.143886
vt 0.132764 0.073128
vt 0.129253 0.073128
vt 0.132764 0.083315
vt 0.129253 0.083315
vt 0.129253 0.131135
vt 0.132764 0.131135
vt 0.132764 0.122585
vt 0.129253 0.122585
vt 0.132764 0.113622
vt 0.129253 0.113622
vt 0.129253 0.103549
vt 0.132764 0.103549
vt 0.129253 0.095037
vt 0.132764 0.094790
vt 0.121463 0.060390
vt 0.125501 0.060390
vt 0.125501 0.073128
vt 0.121463 0.073128
vt 0.125501 0.083315
vt 0.121463 0.083315
vt 0.125501 0.095037
vt 0.121463 0.095043
vt 0.125501 0.103549
vt 0.121463 0.103549
vt 0.121463 0.113622
vt 0.125501 0.113622
vt 0.121463 0.122585
vt 0.125501 0.122585
vt 0.121463 0.131135
vt 0.125501 0.131135
vt 0.121463 0.143886
vt 0.125501 0.143886
vt 0.121463 0.159114
vt 0.125501 0.159114
vt 0.065695 0.116827
vt 0.087689 0.117191
vt 0.412682 0.124438
vt 0.412682 0.110921
vt 0.437599 0.123967
vt 0.437599 0.107109
vt 0.412682 0.098754
vt 0.437599 0.094451
vt 0.403723 0.112595
vt 0.404426 0.124674
vt 0.401828 0.103095
vt 0.412682 0.140833
vt 0.437599 0.143166
vt 0.412682 0.150319
vt 0.437599 0.155939
vt 0.403699 0.140289
vt 0.402221 0.147350
vt 0.437599 0.169836
vt 0.412682 0.159323
vt 0.400172 0.153920
vt 0.460799 0.179857
vt 0.437599 0.081903
vt 0.437599 0.069815
vt 0.399836 0.095615
vt 0.391665 0.108517
vt 0.388398 0.102962
vt 0.392421 0.115033
vt 0.393079 0.124974
vt 0.384959 0.137818
vt 0.383807 0.143791
vt 0.378848 0.137777
vt 0.390843 0.144499
vt 0.388941 0.148645
vt 0.392116 0.139128
vt 0.380146 0.114159
vt 0.384961 0.116954
vt 0.378718 0.126240
vt 0.383814 0.126119
vt 0.437599 0.183458
vt 0.412682 0.170020
vt 0.384962 0.098157
vt 0.375348 0.110412
vt 0.372531 0.125528
vt 0.373378 0.139766
vt 0.379855 0.149274
vt 0.386004 0.155158
vt 0.396968 0.161931
vt 0.042599 0.105633
vt 0.044268 0.112099
vt 0.023357 0.105633
vt 0.026107 0.087267
vt 0.029537 0.084100
vt 0.041452 0.086632
vt 0.038171 0.083683
vt 0.025070 0.037652
vt 0.018269 0.037652
vt 0.018269 0.033929
vt 0.089234 0.037652
vt 0.083711 0.037652
vt 0.089234 0.033929
vt 0.025070 0.024600
vt 0.018269 0.024600
vt 0.052855 0.037652
vt 0.046578 0.037652
vt 0.052855 0.024600
vt 0.046578 0.024600
vt 0.060736 0.037652
vt 0.060737 0.024600
vt 0.068960 0.037652
vt 0.068960 0.024600
vt 0.083711 0.024600
vt 0.089234 0.024600
vt 0.022274 0.112462
vt 0.039874 0.037652
vt 0.038123 0.024600
vt 0.023536 0.099122
vt 0.024415 0.095069
vt 0.043818 0.099122
vt 0.043059 0.095114
vt 0.033796 0.082862
vt 0.278417 0.057284
vt 0.283172 0.061921
vt 0.279162 0.072001
vt 0.050474 0.171823
vt 0.028669 0.182825
vt 0.022033 0.173270
vt 0.043813 0.133961
vt 0.048584 0.149747
vt 0.020315 0.134116
vt 0.017695 0.150801
vt 0.018362 0.163728
vt 0.051418 0.162258
vt 0.048949 0.178712
vt 0.037607 0.187288
vt 0.045066 0.185802
vt 0.106400 0.174272
vt 0.102890 0.159114
vt 0.106400 0.159114
vt 0.102890 0.042529
vt 0.106400 0.042529
vt 0.102890 0.060390
vt 0.106400 0.060390
vt 0.108891 0.196589
vt 0.108891 0.174272
vt 0.112930 0.196589
vt 0.112930 0.174272
vt 0.106400 0.021199
vt 0.108891 0.021199
vt 0.112930 0.021199
vt 0.108891 0.042529
vt 0.112930 0.042529
vt 0.102890 0.143886
vt 0.106400 0.143886
vt 0.102890 0.073128
vt 0.106400 0.073128
vt 0.102890 0.083315
vt 0.106400 0.083315
vt 0.102890 0.131135
vt 0.106400 0.131135
vt 0.102890 0.122585
vt 0.106400 0.122585
vt 0.102890 0.113622
vt 0.106400 0.113622
vt 0.102890 0.103549
vt 0.106400 0.103549
vt 0.102890 0.094790
vt 0.106400 0.095037
vt 0.108891 0.060390
vt 0.112930 0.060390
vt 0.108891 0.073128
vt 0.112930 0.073128
vt 0.108891 0.083315
vt 0.112930 0.083315
vt 0.108891 0.095037
vt 0.112930 0.095043
vt 0.108891 0.103549
vt 0.112930 0.103549
vt 0.108891 0.113622
vt 0.112930 0.113622
vt 0.108891 0.122585
vt 0.112930 0.122585
vt 0.108891 0.131135
vt 0.112930 0.131135
vt 0.108891 0.143886
vt 0.112930 0.143886
vt 0.108891 0.159114
vt 0.112930 0.159114
vt 0.044268 0.116827
vt 0.022274 0.117191
vt 0.321175 0.124438
vt 0.296258 0.123967
vt 0.321175 0.110921
vt 0.296258 0.107109
vt 0.321175 0.098754
vt 0.296258 0.094451
vt 0.329430 0.124674
vt 0.330134 0.112595
vt 0.332029 0.103095
vt 0.321175 0.140833
vt 0.321175 0.150319
vt 0.296258 0.143166
vt 0.296258 0.155939
vt 0.330158 0.140289
vt 0.331636 0.147350
vt 0.321175 0.159323
vt 0.296258 0.169836
vt 0.333685 0.153920
vt 0.321175 0.090654
vt 0.296258 0.081903
vt 0.321175 0.081076
vt 0.296258 0.069815
vt 0.334021 0.095615
vt 0.336771 0.088763
vt 0.345459 0.102962
vt 0.342192 0.108517
vt 0.341436 0.115033
vt 0.340778 0.124974
vt 0.348898 0.137818
vt 0.355009 0.137777
vt 0.350050 0.143791
vt 0.344916 0.148645
vt 0.343014 0.144499
vt 0.341740 0.139128
vt 0.348896 0.116954
vt 0.353711 0.114159
vt 0.350043 0.126119
vt 0.355139 0.126240
vt 0.278682 0.193632
vt 0.296258 0.183458
vt 0.321175 0.170020
vt 0.348895 0.098157
vt 0.358509 0.110412
vt 0.361326 0.125528
vt 0.360479 0.139766
vt 0.354002 0.149274
vt 0.347852 0.155158
vt 0.336889 0.161931
vt 0.273058 0.179857
vt 0.273742 0.144215
vt 0.256328 0.177216
vt 0.269731 0.168821
vt 0.264223 0.186674
vt 0.742830 0.020854
vt 0.728550 0.042717
vt 0.730236 0.020854
vt 0.274935 0.123967
vt 0.275594 0.103878
vt 0.275949 0.088626
vt 0.742830 0.073807
vt 0.728737 0.073807
vt 0.742830 0.062269
vt 0.728194 0.062269
vt 0.742830 0.052804
vt 0.728372 0.052804
vt 0.759307 0.052804
vt 0.759307 0.062269
vt 0.759307 0.084195
vt 0.742830 0.084195
vt 0.759307 0.073807
vt 0.729279 0.083892
vt 0.731801 0.102133
vt 0.742830 0.102133
vt 0.270331 0.063854
vt 0.742830 0.042717
vt 0.272404 0.195876
vt 0.261289 0.070307
vt 0.759307 0.042717
vt 0.759307 0.102133
vt 0.759307 0.020854
vt 0.719569 0.062269
vt 0.241986 0.144264
vt 0.237004 0.168459
vt 0.227074 0.144490
vt 0.224869 0.168459
vt 0.242805 0.123967
vt 0.227074 0.123967
vt 0.247750 0.171660
vt 0.255865 0.144215
vt 0.701948 0.020854
vt 0.701948 0.042717
vt 0.689906 0.020854
vt 0.689906 0.042717
vt 0.256558 0.123967
vt 0.719569 0.042717
vt 0.701948 0.062269
vt 0.689906 0.062269
vt 0.689906 0.082076
vt 0.701948 0.082076
vt 0.719569 0.082076
vt 0.240686 0.104227
vt 0.227074 0.105150
vt 0.236519 0.081552
vt 0.224869 0.082399
vt 0.255560 0.102970
vt 0.247750 0.077950
vt 0.716447 0.102133
vt 0.701948 0.102133
vt 0.689906 0.102133
vt 0.716447 0.020854
vt 0.645859 0.082076
vt 0.645930 0.096142
vt 0.628641 0.083030
vt 0.624032 0.096142
vt 0.645859 0.062269
vt 0.634977 0.071564
vt 0.168281 0.116836
vt 0.161285 0.106049
vt 0.180966 0.106080
vt 0.142643 0.031053
vt 0.145203 0.031053
vt 0.145203 0.033998
vt 0.628917 0.042712
vt 0.645859 0.042770
vt 0.635574 0.053159
vt 0.172739 0.053741
vt 0.172739 0.066199
vt 0.170446 0.053708
vt 0.180966 0.143436
vt 0.180966 0.161505
vt 0.161285 0.142906
vt 0.158711 0.161505
vt 0.180966 0.124053
vt 0.169000 0.132300
vt 0.670346 0.062269
vt 0.670346 0.082076
vt 0.670346 0.042742
vt 0.205116 0.144582
vt 0.205116 0.124053
vt 0.205116 0.105192
vt 0.670346 0.020854
vt 0.658698 0.026104
vt 0.645919 0.026104
vt 0.195080 0.031053
vt 0.195080 0.053634
vt 0.192946 0.033998
vt 0.192946 0.053651
vt 0.158711 0.090147
vt 0.180966 0.090147
vt 0.167680 0.053713
vt 0.165108 0.053796
vt 0.167680 0.031053
vt 0.165108 0.033998
vt 0.183002 0.033998
vt 0.183002 0.031053
vt 0.190425 0.033998
vt 0.190425 0.031053
vt 0.327561 0.022497
vt 0.335030 0.029948
vt 0.325356 0.036790
vt 0.367912 0.038598
vt 0.367912 0.057735
vt 0.353077 0.036789
vt 0.352761 0.057735
vt 0.340640 0.037235
vt 0.342499 0.057735
vt 0.389556 0.057735
vt 0.385458 0.036790
vt 0.401346 0.057735
vt 0.400573 0.036661
vt 0.314774 0.019564
vt 0.314774 0.023509
vt 0.371026 0.038585
vt 0.371026 0.057735
vt 0.175623 0.031053
vt 0.175623 0.033998
vt 0.422698 0.023509
vt 0.416413 0.036126
vt 0.413154 0.023017
vt 0.155997 0.033998
vt 0.155997 0.031053
vt 0.162974 0.033998
vt 0.162974 0.031053
vt 0.148617 0.031053
vt 0.148617 0.033998
vt 0.345783 0.030179
vt 0.362394 0.023509
vt 0.371026 0.023509
vt 0.376272 0.023509
vt 0.389365 0.024975
vt 0.395378 0.030147
vt 0.327222 0.057735
vt 0.310038 0.038603
vt 0.310038 0.057735
vt 0.426705 0.038775
vt 0.426705 0.057735
vt 0.413970 0.057735
vt 0.183002 0.053721
vt 0.183002 0.066199
vt 0.175623 0.053741
vt 0.175623 0.066199
vt 0.658698 0.020854
vt 0.190425 0.053651
vt 0.190425 0.066199
vt 0.193812 0.161505
vt 0.205116 0.168459
vt 0.193809 0.168459
vt 0.670346 0.102133
vt 0.658698 0.096142
vt 0.205116 0.082399
vt 0.193883 0.090147
vt 0.192946 0.031053
vt 0.170391 0.031053
vt 0.172739 0.031053
vt 0.172739 0.033998
vt 0.310038 0.023509
vt 0.165108 0.031053
vt 0.145203 0.053807
vt 0.142643 0.053597
vt 0.351586 0.023695
vt 0.405434 0.030081
vt 0.155997 0.053815
vt 0.148617 0.053807
vt 0.162974 0.053796
vt 0.426705 0.023509
vt 0.172739 0.020184
vt 0.367912 0.023509
vt 0.155997 0.066199
vt 0.162974 0.066199
vt 0.658698 0.102133
vt 0.148617 0.066199
vt 0.193739 0.082399
vt 0.145203 0.066199
vt 0.624032 0.026104
vt 0.192946 0.066199
vt 0.165108 0.066199
vt 0.362375 0.019564
vt 0.165108 0.020184
vt 0.162974 0.020184
vt 0.156290 0.020184
vt 0.148617 0.020184
vt 0.145203 0.020184
vt 0.376272 0.019564
vt 0.422698 0.019564
vt 0.192946 0.020184
vt 0.190425 0.020184
vt 0.183002 0.020184
vt 0.175623 0.020184
s 1
usemtl Material_002
f 1331/1219/1313 1332/1220/1314 1333/1221/1315
f 1333/1221/1315 1332/1220/1314 1334/1222/1316
f 1334/1222/1316 1335/1223/1317 1333/1221/1315
f 1333/1221/1315 1335/1223/1317 1336/1224/1318
f 1337/1225/1319 1338/1226/1320 1339/1227/1321
f 1339/1227/1321 1338/1226/1320 1340/1228/1322
f 1339/1227/1321 1340/1228/1322 1341/1229/1323
f 1341/1229/1323 1340/1228/1322 1342/1230/1324
f 1338/1231/1320 1343/1232/1325 1340/1233/1322
f 1340/1233/1322 1343/1232/1325 1344/1234/1326
f 1340/1233/1322 1344/1234/1326 1342/1235/1324
f 1342/1235/1324 1344/1234/1326 1345/1236/1327
f 1345/1236/1327 1344/1234/1326 1346/1237/1328
f 1346/1237/1328 1347/1238/1329 1345/1236/1327
f 1345/1236/1327 1347/1238/1329 1332/1239/1314
f 1346/1237/1328 1348/1240/1330 1347/1238/1329
f 1347/1238/1329 1348/1240/1330 1349/1241/1331
f 1347/1238/1329 1349/1241/1331 1334/1222/1316
f 1334/1222/1316 1349/1241/1331 1335/1223/1317
f 1332/1239/1314 1347/1238/1329 1334/1222/1316
f 1342/1230/1324 1345/1242/1327 1341/1229/1323
f 1341/1229/1323 1345/1242/1327 1350/1243/1332
f 1345/1242/1327 1332/1220/1314 1350/1243/1332
f 1350/1243/1332 1332/1220/1314 1331/1219/1313
f 1351/1244/1333 1352/1245/1334 1353/1246/1335
f 1351/1244/1333 1353/1246/1335 1354/1247/1336
f 1339/1227/1321 1352/1245/1334 1337/1225/1319
f 1337/1225/1319 1352/1245/1334 1351/1244/1333
f 1331/1219/1313 1333/1221/1315 1354/1247/1336
f 1350/1243/1332 1331/1219/1313 1353/1246/1335
f 1353/1246/1335 1331/1219/1313 1354/1247/1336
f 1341/1229/1323 1350/1243/1332 1352/1245/1334
f 1352/1245/1334 1350/1243/1332 1353/1246/1335
f 1351/1244/1333 1354/1247/1336 1336/1224/1318
f 1336/1224/1318 1354/1247/1336 1333/1221/1315
f 1339/1227/1321 1341/1229/1323 1352/1245/1334
f 1348/1240/1330 1346/1237/1328 1343/1232/1325
f 1343/1232/1325 1346/1237/1328 1344/1234/1326
f 1355/1248/1337 1343/1232/1325 1356/1249/1338
f 1335/1223/1317 1357/1250/1339 1336/1224/1318
f 1336/1224/1318 1357/1250/1339 1358/1251/1340
f 1357/1250/1339 1359/1252/1341 1358/1251/1340
f 1358/1251/1340 1359/1252/1341 1360/1253/1342
f 1361/1254/1343 1358/1251/1340 1362/1255/1344
f 1362/1255/1344 1358/1251/1340 1360/1253/1342
f 1362/1255/1344 1363/1256/1345 1361/1254/1343
f 1361/1254/1343 1363/1256/1345 1364/1257/1346
f 1363/1256/1345 1365/1258/1347 1364/1257/1346
f 1364/1257/1346 1365/1258/1347 1356/1259/1338
f 1364/1257/1346 1356/1259/1338 1337/1225/1319
f 1337/1225/1319 1356/1259/1338 1338/1226/1320
f 1356/1249/1338 1365/1260/1347 1355/1248/1337
f 1355/1248/1337 1365/1260/1347 1366/1261/1348
f 1367/1262/1349 1368/1263/1350 1369/1264/1351
f 1369/1264/1351 1368/1263/1350 1370/1265/1352
f 1368/1263/1350 1349/1241/1331 1370/1265/1352
f 1370/1265/1352 1349/1241/1331 1348/1240/1330
f 1356/1249/1338 1343/1232/1325 1338/1231/1320
f 1357/1250/1339 1368/1263/1350 1359/1252/1341
f 1359/1252/1341 1368/1263/1350 1367/1262/1349
f 1335/1223/1317 1349/1241/1331 1357/1250/1339
f 1357/1250/1339 1349/1241/1331 1368/1263/1350
f 1337/1225/1319 1351/1244/1333 1364/1257/1346
f 1364/1257/1346 1351/1244/1333 1361/1254/1343
f 1336/1224/1318 1358/1251/1340 1351/1244/1333
f 1351/1244/1333 1358/1251/1340 1361/1254/1343
f 1370/1265/1352 1348/1240/1330 1355/1248/1337
f 1355/1248/1337 1348/1240/1330 1343/1232/1325
f 1369/1264/1351 1370/1265/1352 1366/1261/1348
f 1366/1261/1348 1370/1265/1352 1355/1248/1337
f 1371/1266/1353 1372/1267/1354 1373/1268/1355
f 1373/1268/1355 1372/1267/1354 1374/1269/1356
f 1373/1270/1355 1375/1271/1357 1371/1272/1353
f 1371/1272/1353 1375/1271/1357 1376/1273/1358
f 1371/1272/1353 1376/1273/1358 1377/1274/1359
f 1377/1274/1359 1376/1273/1358 1378/1275/1360
f 1372/1267/1354 1371/1266/1353 1379/1276/1361
f 1379/1276/1361 1371/1266/1353 1377/1277/1359
f 1380/1278/1362 1381/1279/1363 1382/1280/1364
f 1382/1280/1364 1381/1279/1363 1383/1281/1365
f 1372/1267/1354 1381/1279/1363 1374/1269/1356
f 1374/1269/1356 1381/1279/1363 1380/1278/1362
f 1372/1267/1354 1379/1276/1361 1381/1279/1363
f 1381/1279/1363 1379/1276/1361 1384/1282/1366
f 1383/1281/1365 1381/1279/1363 1385/1283/1367
f 1385/1283/1367 1381/1279/1363 1384/1282/1366
f 1386/1284/1368 1382/1280/1364 1387/1285/1369
f 1387/1285/1369 1382/1280/1364 1383/1281/1365
f 1383/1281/1365 1385/1283/1367 1387/1285/1369
f 1387/1285/1369 1385/1283/1367 1388/1286/1370
f 1384/1282/1366 1389/1287/1371 1385/1283/1367
f 1385/1283/1367 1389/1287/1371 1388/1286/1370
f 1389/1288/1371 1390/1289/1372 1388/1290/1370
f 1388/1290/1370 1390/1289/1372 1391/1291/1373
f 1377/1274/1359 1378/1275/1360 1389/1288/1371
f 1389/1288/1371 1378/1275/1360 1390/1289/1372
f 1384/1282/1366 1379/1276/1361 1389/1287/1371
f 1389/1287/1371 1379/1276/1361 1377/1277/1359
f 1390/1289/1372 1392/1292/1374 1391/1291/1373
f 1391/1291/1373 1392/1292/1374 1393/1293/1375
f 1376/1273/1358 1392/1292/1374 1378/1275/1360
f 1378/1275/1360 1392/1292/1374 1390/1289/1372
f 1393/1293/1375 1387/1294/1369 1391/1291/1373
f 1391/1291/1373 1387/1294/1369 1388/1290/1370
f 1386/1295/1368 1387/1294/1369 1394/1296/1376
f 1394/1296/1376 1387/1294/1369 1393/1293/1375
f 1393/1293/1375 1392/1292/1374 1394/1296/1376
f 1394/1296/1376 1392/1292/1374 1395/1297/1377
f 1392/1292/1374 1376/1273/1358 1395/1297/1377
f 1395/1297/1377 1376/1273/1358 1375/1271/1357
f 1396/1298/1378 1397/1299/1379 1398/1300/1380
f 1399/1301/1381 1400/1302/1382 1401/1303/1383
f 1401/1303/1383 1400/1302/1382 1402/1304/1384
f 1399/1301/1381 1401/1303/1383 1403/1305/1385
f 1399/1301/1381 1404/1306/1386 1405/1307/1387
f 1405/1307/1387 1404/1306/1386 1406/1308/1388
f 1404/1306/1386 1399/1301/1381 1403/1305/1385
f 1407/1309/1389 1408/1310/1390 1403/1305/1385
f 1403/1305/1385 1408/1310/1390 1404/1306/1386
f 1409/1311/1391 1407/1309/1389 1401/1303/1383
f 1401/1303/1383 1407/1309/1389 1403/1305/1385
f 1398/1312/1380 1410/1313/1392 1409/1311/1391
f 1409/1311/1391 1410/1313/1392 1407/1309/1389
f 1407/1309/1389 1410/1313/1392 1408/1310/1390
f 1408/1310/1390 1410/1313/1392 1411/1314/1393
f 1406/1308/1388 1408/1310/1390 1412/1315/1394
f 1412/1315/1394 1408/1310/1390 1411/1314/1393
f 1412/1315/1394 1413/1316/1395 1406/1308/1388
f 1406/1308/1388 1413/1316/1395 1405/1307/1387
f 1402/1304/1384 1409/1311/1391 1401/1303/1383
f 1400/1302/1382 1414/1317/1396 1402/1304/1384
f 1402/1304/1384 1414/1317/1396 1396/1318/1378
f 1396/1298/1378 1414/1319/1396 1397/1299/1379
f 1397/1299/1379 1414/1319/1396 1415/1320/1397
f 1398/1300/1380 1397/1299/1379 1410/1321/1392
f 1410/1321/1392 1397/1299/1379 1416/1322/1398
f 1410/1321/1392 1416/1322/1398 1411/1323/1393
f 1411/1323/1393 1416/1322/1398 1417/1324/1399
f 1416/1322/1398 1418/1325/1400 1417/1324/1399
f 1417/1324/1399 1418/1325/1400 1419/1326/1401
f 1416/1322/1398 1397/1299/1379 1418/1325/1400
f 1418/1325/1400 1397/1299/1379 1415/1320/1397
f 1417/1324/1399 1419/1326/1401 1412/1327/1394
f 1412/1327/1394 1419/1326/1401 1413/1328/1395
f 1402/1304/1384 1396/1318/1378 1409/1311/1391
f 1409/1311/1391 1396/1318/1378 1398/1312/1380
f 1406/1308/1388 1404/1306/1386 1408/1310/1390
f 1411/1323/1393 1417/1324/1399 1412/1327/1394
f 1420/1329/1402 1421/1330/1403 1422/1331/1404
f 1423/1332/1405 1424/1333/1406 1425/1334/1407
f 1425/1334/1407 1424/1333/1406 1426/1335/1408
f 1426/1335/1408 1424/1333/1406 1427/1336/1409
f 1427/1336/1409 1424/1333/1406 1421/1330/1403
f 1428/1337/1410 1422/1331/1404 1423/1332/1405
f 1423/1332/1405 1422/1331/1404 1424/1333/1406
f 1428/1337/1410 1429/1338/1411 1420/1329/1402
f 1428/1337/1410 1420/1329/1402 1422/1331/1404
f 1430/1339/1412 1431/1340/1413 1428/1337/1410
f 1428/1337/1410 1431/1340/1413 1429/1338/1411
f 1431/1340/1413 1432/1341/1414 1429/1338/1411
f 1433/1342/1415 1421/1330/1403 1420/1329/1402
f 1429/1338/1411 1432/1341/1414 1420/1329/1402
f 1420/1329/1402 1432/1341/1414 1433/1342/1415
f 1424/1333/1406 1422/1331/1404 1421/1330/1403
f 1434/1343/1416 1435/1344/1417 1432/1341/1414
f 1432/1341/1414 1435/1344/1417 1433/1342/1415
f 1433/1342/1415 1435/1344/1417 1421/1330/1403
f 1421/1330/1403 1435/1344/1417 1427/1336/1409
f 1430/1339/1412 1436/1345/1418 1431/1340/1413
f 1431/1340/1413 1436/1345/1418 1437/1346/1419
f 1431/1340/1413 1437/1346/1419 1432/1341/1414
f 1432/1341/1414 1437/1346/1419 1434/1343/1416
f 1434/1347/1416 1438/1348/1420 1435/1349/1417
f 1435/1349/1417 1438/1348/1420 1439/1350/1421
f 1439/1350/1421 1440/1351/1422 1435/1349/1417
f 1435/1349/1417 1440/1351/1422 1427/1352/1409
f 1439/1350/1421 1441/1353/1423 1440/1351/1422
f 1440/1351/1422 1441/1353/1423 1442/1354/1424
f 1439/1350/1421 1438/1348/1420 1441/1353/1423
f 1441/1353/1423 1438/1348/1420 1443/1355/1425
f 1425/1356/1407 1426/1357/1408 1442/1354/1424
f 1442/1354/1424 1426/1357/1408 1440/1351/1422
f 1426/1357/1408 1427/1352/1409 1440/1351/1422
f 1436/1358/1418 1443/1355/1425 1437/1359/1419
f 1437/1359/1419 1443/1355/1425 1438/1348/1420
f 1434/1347/1416 1437/1359/1419 1438/1348/1420
f 1444/1360/1426 1445/1361/1427 1446/1362/1428
f 1447/1363/1429 1448/1364/1430 1449/1365/1431
f 1449/1365/1431 1448/1364/1430 1446/1362/1428
f 1445/1361/1427 1450/1366/1432 1451/1367/1433
f 1451/1367/1433 1450/1366/1432 1452/1368/1434
f 1450/1366/1432 1445/1361/1427 1444/1360/1426
f 1448/1364/1430 1444/1360/1426 1446/1362/1428
f 1452/1368/1434 1453/1369/1435 1454/1370/1436
f 1453/1369/1435 1452/1368/1434 1455/1371/1437
f 1455/1371/1437 1452/1368/1434 1450/1366/1432
f 1450/1366/1432 1456/1372/1438 1455/1371/1437
f 1450/1366/1432 1444/1360/1426 1456/1372/1438
f 1456/1372/1438 1444/1360/1426 1457/1373/1439
f 1448/1364/1430 1458/1374/1440 1444/1360/1426
f 1444/1360/1426 1458/1374/1440 1457/1373/1439
f 1448/1364/1430 1447/1363/1429 1458/1374/1440
f 1458/1374/1440 1447/1363/1429 1459/1375/1441
f 1460/1376/1442 1461/1377/1443 1462/1378/1444
f 1462/1378/1444 1461/1377/1443 1463/1379/1445
f 1462/1378/1444 1447/1363/1429 1460/1376/1442
f 1460/1376/1442 1447/1363/1429 1449/1365/1431
f 1447/1363/1429 1462/1378/1444 1459/1375/1441
f 1464/1380/1446 1465/1381/1447 1459/1375/1441
f 1466/1382/1448 1467/1383/1449 1468/1384/1450
f 1469/1385/1451 1470/1386/1452 1471/1387/1453
f 1471/1387/1453 1470/1386/1452 1472/1388/1454
f 1470/1386/1452 1473/1389/1455 1472/1388/1454
f 1459/1375/1441 1474/1390/1456 1458/1374/1440
f 1458/1374/1440 1474/1390/1456 1475/1391/1457
f 1475/1391/1457 1476/1392/1458 1458/1374/1440
f 1458/1374/1440 1476/1392/1458 1457/1373/1439
f 1472/1388/1454 1473/1389/1455 1465/1381/1447
f 1465/1381/1447 1473/1389/1455 1474/1390/1456
f 1473/1389/1455 1477/1393/1459 1474/1390/1456
f 1474/1390/1456 1477/1393/1459 1475/1391/1457
f 1478/1394/1460 1479/1395/1461 1476/1392/1458
f 1478/1394/1460 1476/1392/1458 1477/1393/1459
f 1477/1393/1459 1476/1392/1458 1475/1391/1457
f 1465/1381/1447 1480/1396/1462 1472/1388/1454
f 1472/1388/1454 1480/1396/1462 1471/1387/1453
f 1481/1397/1463 1465/1381/1447 1464/1380/1446
f 1481/1397/1463 1480/1396/1462 1465/1381/1447
f 1459/1375/1441 1465/1381/1447 1474/1390/1456
f 1459/1375/1441 1462/1378/1444 1464/1380/1446
f 1463/1379/1445 1464/1380/1446 1462/1378/1444
f 1467/1383/1449 1469/1385/1451 1468/1384/1450
f 1468/1384/1450 1469/1385/1451 1471/1387/1453
f 1482/1398/1464 1483/1399/1465 1451/1367/1433
f 1446/1362/1428 1445/1361/1427 1484/1400/1466
f 1484/1400/1466 1445/1361/1427 1483/1399/1465
f 1449/1365/1431 1446/1362/1428 1485/1401/1467
f 1485/1401/1467 1446/1362/1428 1484/1400/1466
f 1451/1367/1433 1483/1399/1465 1445/1361/1427
f 1461/1377/1443 1486/1402/1468 1487/1403/1469
f 1449/1365/1431 1485/1401/1467 1460/1376/1442
f 1460/1376/1442 1485/1401/1467 1486/1402/1468
f 1461/1377/1443 1460/1376/1442 1486/1402/1468
f 1485/1401/1467 1484/1400/1466 1488/1404/1470
f 1488/1404/1470 1484/1400/1466 1489/1405/1471
f 1484/1400/1466 1483/1399/1465 1489/1405/1471
f 1489/1405/1471 1483/1399/1465 1490/1406/1472
f 1491/1407/1473 1490/1406/1472 1482/1398/1464
f 1482/1398/1464 1490/1406/1472 1483/1399/1465
f 1482/1398/1464 1492/1408/1474 1491/1407/1473
f 1491/1407/1473 1492/1408/1474 1493/1409/1475
f 1494/1410/1476 1493/1409/1475 1492/1408/1474
f 1495/1411/1477 1494/1410/1476 1496/1412/1478
f 1497/1413/1479 1495/1411/1477 1487/1414/1469
f 1487/1414/1469 1495/1411/1477 1496/1412/1478
f 1497/1415/1479 1487/1403/1469 1498/1416/1480
f 1498/1416/1480 1487/1403/1469 1486/1402/1468
f 1485/1401/1467 1488/1404/1470 1486/1402/1468
f 1486/1402/1468 1488/1404/1470 1498/1416/1480
f 1499/1417/1481 1500/1418/1482 1501/1419/1483
f 1501/1419/1483 1500/1418/1482 1502/1420/1484
f 1503/1421/1485 1499/1417/1481 1504/1422/1486
f 1504/1422/1486 1499/1417/1481 1501/1419/1483
f 1505/1423/1487 1503/1421/1485 1506/1424/1488
f 1506/1424/1488 1503/1421/1485 1504/1422/1486
f 1505/1423/1487 1506/1424/1488 1507/1425/1489
f 1507/1425/1489 1506/1424/1488 1508/1426/1490
f 1507/1425/1489 1508/1426/1490 1509/1427/1491
f 1509/1427/1491 1508/1426/1490 1510/1428/1492
f 1509/1427/1491 1510/1428/1492 1511/1429/1493
f 1511/1429/1493 1510/1428/1492 1512/1430/1494
f 1513/1431/1495 1511/1429/1493 1512/1430/1494
f 1514/1432/1496 1513/1431/1495 1515/1433/1497
f 1515/1433/1497 1513/1431/1495 1512/1430/1494
f 1516/1434/1498 1514/1432/1496 1517/1435/1499
f 1517/1435/1499 1514/1432/1496 1515/1433/1497
f 1500/1418/1482 1516/1434/1498 1502/1420/1484
f 1502/1420/1484 1516/1434/1498 1517/1435/1499
f 1452/1368/1434 1454/1370/1436 1518/1436/1500
f 1451/1367/1433 1519/1437/1501 1482/1398/1464
f 1520/1438/1502 1492/1408/1474 1519/1437/1501
f 1519/1437/1501 1492/1408/1474 1482/1398/1464
f 1519/1437/1501 1518/1436/1500 1520/1438/1502
f 1452/1368/1434 1518/1436/1500 1451/1367/1433
f 1451/1367/1433 1518/1436/1500 1519/1437/1501
f 1518/1436/1500 1454/1370/1436 1521/1439/1503
f 1522/1440/1504 1523/1441/1505 1461/1377/1443
f 1461/1377/1443 1523/1441/1505 1463/1379/1445
f 1496/1442/1478 1522/1440/1504 1487/1403/1469
f 1487/1403/1469 1522/1440/1504 1461/1377/1443
f 1524/1443/1506 1522/1440/1504 1525/1444/1507
f 1525/1444/1507 1522/1440/1504 1496/1442/1478
f 1526/1445/1508 1523/1441/1505 1524/1443/1506
f 1524/1443/1506 1523/1441/1505 1522/1440/1504
f 1525/1446/1507 1496/1412/1478 1527/1447/1509
f 1527/1447/1509 1496/1412/1478 1494/1410/1476
f 1520/1438/1502 1527/1447/1509 1492/1408/1474
f 1492/1408/1474 1527/1447/1509 1494/1410/1476
f 1413/1328/1395 1419/1326/1401 1528/1448/1510
f 1529/1449/1511 1530/1450/1512 1531/1451/1513
f 1531/1451/1513 1530/1450/1512 1532/1452/1514
f 1533/1453/1515 1529/1449/1511 1534/1454/1516
f 1534/1454/1516 1529/1449/1511 1531/1451/1513
f 1400/1302/1382 1399/1301/1381 1532/1452/1514
f 1532/1452/1514 1399/1301/1381 1531/1451/1513
f 1399/1301/1381 1405/1307/1387 1531/1451/1513
f 1531/1451/1513 1405/1307/1387 1534/1454/1516
f 1413/1316/1395 1528/1455/1510 1405/1307/1387
f 1405/1307/1387 1528/1455/1510 1534/1454/1516
f 1533/1453/1515 1534/1454/1516 1535/1456/1517
f 1535/1456/1517 1534/1454/1516 1528/1455/1510
f 1530/1450/1512 1536/1457/1518 1532/1452/1514
f 1532/1452/1514 1536/1457/1518 1537/1458/1519
f 1532/1452/1514 1537/1458/1519 1400/1302/1382
f 1400/1302/1382 1537/1458/1519 1414/1317/1396
f 1528/1448/1510 1538/1459/1520 1535/1460/1517
f 1535/1460/1517 1538/1459/1520 1539/1461/1521
f 1540/1462/1522 1541/1463/1523 1538/1459/1520
f 1538/1459/1520 1541/1463/1523 1539/1461/1521
f 1542/1464/1524 1541/1463/1523 1543/1465/1525
f 1543/1465/1525 1541/1463/1523 1540/1462/1522
f 1537/1466/1519 1536/1467/1518 1543/1465/1525
f 1543/1465/1525 1536/1467/1518 1542/1464/1524
f 1543/1465/1525 1415/1320/1397 1537/1466/1519
f 1537/1466/1519 1415/1320/1397 1414/1319/1396
f 1543/1465/1525 1540/1462/1522 1415/1320/1397
f 1415/1320/1397 1540/1462/1522 1418/1325/1400
f 1418/1325/1400 1540/1462/1522 1419/1326/1401
f 1419/1326/1401 1540/1462/1522 1538/1459/1520
f 1528/1448/1510 1419/1326/1401 1538/1459/1520
f 1544/1468/1526 1545/1469/1527 1546/1470/1528
f 1521/1439/1503 1454/1370/1436 1547/1471/1529
f 1548/1472/1530 1549/1473/1531 1544/1468/1526
f 1544/1468/1526 1549/1473/1531 1550/1474/1532
f 1551/1475/1533 1550/1474/1532 1552/1476/1534
f 1552/1476/1534 1550/1474/1532 1549/1473/1531
f 1553/1477/1535 1554/1478/1536 1555/1479/1537
f 1555/1479/1537 1554/1478/1536 1556/1480/1538
f 1521/1439/1503 1548/1481/1530 1557/1482/1539
f 1549/1483/1531 1548/1481/1530 1547/1471/1529
f 1547/1471/1529 1548/1481/1530 1521/1439/1503
f 1552/1484/1534 1549/1483/1531 1558/1485/1540
f 1558/1485/1540 1549/1483/1531 1547/1471/1529
f 1559/1486/1541 1558/1485/1540 1560/1487/1542
f 1560/1487/1542 1558/1485/1540 1547/1471/1529
f 1559/1486/1541 1560/1487/1542 1561/1488/1543
f 1554/1478/1536 1562/1489/1544 1551/1475/1533
f 1551/1475/1533 1562/1489/1544 1550/1474/1532
f 1556/1480/1538 1554/1478/1536 1563/1490/1545
f 1563/1490/1545 1554/1478/1536 1551/1475/1533
f 1454/1370/1436 1453/1369/1435 1547/1471/1529
f 1547/1471/1529 1453/1369/1435 1560/1487/1542
f 1550/1474/1532 1545/1469/1527 1544/1468/1526
f 1550/1474/1532 1562/1489/1544 1545/1469/1527
f 1521/1439/1503 1557/1482/1539 1518/1436/1500
f 1523/1441/1505 1526/1445/1508 1546/1470/1528
f 1553/1477/1535 1555/1479/1537 1564/1491/1546
f 1551/1475/1533 1552/1476/1534 1563/1490/1545
f 1520/1438/1502 1518/1436/1500 1565/1492/1547
f 1565/1492/1547 1566/1493/1548 1567/1494/1549
f 1567/1494/1549 1566/1493/1548 1568/1495/1550
f 1568/1495/1550 1566/1493/1548 1569/1496/1551
f 1570/1497/1552 1565/1492/1547 1571/1498/1553
f 1571/1498/1553 1565/1492/1547 1567/1494/1549
f 1571/1498/1553 1567/1494/1549 1572/1499/1554
f 1572/1499/1554 1567/1494/1549 1568/1495/1550
f 1520/1438/1502 1565/1492/1547 1527/1447/1509
f 1527/1447/1509 1565/1492/1547 1570/1497/1552
f 1573/1500/1555 1574/1501/1556 1571/1498/1553
f 1571/1498/1553 1574/1501/1556 1570/1497/1552
f 1575/1502/1557 1573/1500/1555 1572/1499/1554
f 1572/1499/1554 1573/1500/1555 1571/1498/1553
f 1573/1503/1555 1576/1504/1558 1574/1505/1556
f 1574/1505/1556 1576/1504/1558 1577/1506/1559
f 1577/1506/1559 1524/1443/1506 1574/1505/1556
f 1574/1505/1556 1524/1443/1506 1525/1444/1507
f 1578/1507/1560 1579/1508/1561 1580/1509/1562
f 1579/1508/1561 1578/1507/1560 1576/1504/1558
f 1576/1504/1558 1578/1507/1560 1577/1506/1559
f 1578/1507/1560 1526/1445/1508 1577/1506/1559
f 1577/1506/1559 1526/1445/1508 1524/1443/1506
f 1581/1510/1563 1582/1511/1564 1583/1512/1565
f 1583/1512/1565 1582/1511/1564 1584/1513/1566
f 1583/1512/1565 1584/1513/1566 1576/1504/1558
f 1576/1504/1558 1584/1513/1566 1579/1508/1561
f 1575/1514/1557 1581/1510/1563 1583/1512/1565
f 1584/1513/1566 1582/1511/1564 1585/1515/1567
f 1585/1515/1567 1582/1511/1564 1586/1516/1568
f 1585/1515/1567 1580/1509/1562 1584/1513/1566
f 1584/1513/1566 1580/1509/1562 1579/1508/1561
f 1575/1514/1557 1583/1512/1565 1573/1503/1555
f 1573/1503/1555 1583/1512/1565 1576/1504/1558
f 1587/1517/1569 1588/1518/1570 1580/1509/1562
f 1580/1509/1562 1588/1518/1570 1578/1507/1560
f 1526/1445/1508 1578/1507/1560 1546/1470/1528
f 1546/1470/1528 1578/1507/1560 1588/1518/1570
f 1589/1519/1571 1588/1518/1570 1587/1517/1569
f 1548/1472/1530 1544/1468/1526 1589/1519/1571
f 1589/1519/1571 1544/1468/1526 1588/1518/1570
f 1544/1468/1526 1546/1470/1528 1588/1518/1570
f 1589/1519/1571 1587/1517/1569 1590/1520/1572
f 1590/1520/1572 1587/1517/1569 1585/1515/1567
f 1585/1515/1567 1586/1516/1568 1590/1520/1572
f 1591/1521/1573 1589/1522/1571 1569/1496/1551
f 1569/1496/1551 1589/1522/1571 1590/1523/1572
f 1585/1515/1567 1587/1517/1569 1580/1509/1562
f 1518/1436/1500 1557/1482/1539 1591/1521/1573
f 1589/1522/1571 1591/1521/1573 1548/1481/1530
f 1548/1481/1530 1591/1521/1573 1557/1482/1539
f 1569/1496/1551 1566/1493/1548 1591/1521/1573
f 1591/1521/1573 1566/1493/1548 1518/1436/1500
f 1518/1436/1500 1566/1493/1548 1565/1492/1547
f 1527/1447/1509 1570/1497/1552 1525/1446/1507
f 1525/1446/1507 1570/1497/1552 1574/1501/1556
f 1569/1496/1551 1592/1524/1574 1568/1495/1550
f 1593/1525/1575 1594/1526/1576 1595/1527/1577
f 1595/1527/1577 1594/1526/1576 1596/1528/1578
f 1595/1529/1577 1596/1530/1578 1597/1531/1579
f 1597/1531/1579 1596/1530/1578 1598/1532/1580
f 1599/1533/1581 1598/1532/1580 1600/1534/1582
f 1600/1534/1582 1598/1532/1580 1596/1530/1578
f 1600/1535/1582 1596/1528/1578 1601/1536/1583
f 1601/1536/1583 1596/1528/1578 1594/1526/1576
f 1602/1537/1584 1603/1538/1585 1604/1539/1586
f 1604/1539/1586 1603/1538/1585 1605/1540/1587
f 1602/1537/1584 1604/1539/1586 1593/1525/1575
f 1593/1525/1575 1604/1539/1586 1594/1526/1576
f 1606/1541/1588 1604/1539/1586 1607/1542/1589
f 1607/1542/1589 1604/1539/1586 1605/1540/1587
f 1606/1541/1588 1601/1536/1583 1604/1539/1586
f 1604/1539/1586 1601/1536/1583 1594/1526/1576
f 1608/1543/1590 1609/1544/1591 1603/1538/1585
f 1603/1538/1585 1609/1544/1591 1605/1540/1587
f 1610/1545/1592 1607/1542/1589 1609/1544/1591
f 1609/1544/1591 1607/1542/1589 1605/1540/1587
f 1610/1545/1592 1611/1546/1593 1607/1542/1589
f 1607/1542/1589 1611/1546/1593 1606/1541/1588
f 1612/1547/1594 1613/1548/1595 1610/1549/1592
f 1610/1549/1592 1613/1548/1595 1611/1550/1593
f 1613/1548/1595 1599/1533/1581 1611/1550/1593
f 1611/1550/1593 1599/1533/1581 1600/1534/1582
f 1606/1541/1588 1611/1546/1593 1601/1536/1583
f 1601/1536/1583 1611/1546/1593 1600/1535/1582
f 1614/1551/1596 1615/1552/1597 1612/1547/1594
f 1612/1547/1594 1615/1552/1597 1613/1548/1595
f 1598/1532/1580 1599/1533/1581 1615/1552/1597
f 1615/1552/1597 1599/1533/1581 1613/1548/1595
f 1614/1551/1596 1612/1547/1594 1609/1553/1591
f 1609/1553/1591 1612/1547/1594 1610/1549/1592
f 1608/1554/1590 1616/1555/1598 1609/1553/1591
f 1609/1553/1591 1616/1555/1598 1614/1551/1596
f 1614/1551/1596 1616/1555/1598 1615/1552/1597
f 1615/1552/1597 1616/1555/1598 1617/1556/1599
f 1615/1552/1597 1617/1556/1599 1598/1532/1580
f 1598/1532/1580 1617/1556/1599 1597/1531/1579
f 1568/1495/1550 1592/1524/1574 1618/1557/1600
f 1618/1557/1600 1619/1558/1601 1568/1495/1550
f 1568/1495/1550 1619/1558/1601 1572/1499/1554
f 1619/1558/1601 1620/1559/1602 1572/1499/1554
f 1572/1499/1554 1620/1559/1602 1575/1502/1557
f 1620/1560/1602 1581/1510/1563 1575/1514/1557
f 1590/1520/1572 1586/1516/1568 1621/1561/1603
f 1590/1523/1572 1621/1562/1603 1569/1496/1551
f 1569/1496/1551 1621/1562/1603 1592/1524/1574
f 1619/1558/1601 1593/1525/1575 1620/1559/1602
f 1620/1559/1602 1593/1525/1575 1595/1527/1577
f 1581/1510/1563 1620/1560/1602 1597/1531/1579
f 1620/1560/1602 1595/1529/1577 1597/1531/1579
f 1619/1558/1601 1618/1557/1600 1593/1525/1575
f 1593/1525/1575 1618/1557/1600 1602/1537/1584
f 1618/1557/1600 1592/1524/1574 1602/1537/1584
f 1602/1537/1584 1592/1524/1574 1603/1538/1585
f 1621/1562/1603 1608/1543/1590 1592/1524/1574
f 1592/1524/1574 1608/1543/1590 1603/1538/1585
f 1608/1554/1590 1621/1561/1603 1616/1555/1598
f 1621/1561/1603 1586/1516/1568 1616/1555/1598
f 1616/1555/1598 1586/1516/1568 1617/1556/1599
f 1617/1556/1599 1586/1516/1568 1582/1511/1564
f 1582/1511/1564 1581/1510/1563 1617/1556/1599
f 1617/1556/1599 1581/1510/1563 1597/1531/1579
f 1622/1563/1604 1623/1564/1605 1624/1565/1606
f 1625/1566/1607 1553/1477/1535 1626/1567/1608
f 1626/1567/1608 1553/1477/1535 1564/1491/1546
f 1562/1489/1544 1554/1478/1536 1625/1566/1607
f 1625/1566/1607 1554/1478/1536 1553/1477/1535
f 1564/1568/1546 1561/1488/1543 1626/1569/1608
f 1626/1569/1608 1561/1488/1543 1627/1570/1609
f 1561/1488/1543 1560/1487/1542 1627/1570/1609
f 1628/1571/1610 1455/1371/1437 1629/1572/1611
f 1455/1371/1437 1456/1372/1438 1629/1572/1611
f 1560/1487/1542 1453/1369/1435 1627/1570/1609
f 1627/1570/1609 1453/1369/1435 1455/1371/1437
f 1630/1573/1612 1623/1564/1605 1631/1574/1613
f 1632/1575/1614 1633/1576/1615 1634/1577/1616
f 1634/1577/1616 1633/1576/1615 1622/1563/1604
f 1632/1578/1614 1634/1579/1616 1635/1580/1617
f 1635/1580/1617 1634/1579/1616 1628/1571/1610
f 1636/1581/1618 1635/1580/1617 1629/1572/1611
f 1629/1572/1611 1635/1580/1617 1628/1571/1610
f 1636/1581/1618 1629/1572/1611 1637/1582/1619
f 1631/1574/1613 1623/1564/1605 1633/1576/1615
f 1633/1576/1615 1623/1564/1605 1622/1563/1604
f 1455/1371/1437 1628/1571/1610 1627/1570/1609
f 1626/1569/1608 1627/1570/1609 1634/1579/1616
f 1627/1570/1609 1628/1571/1610 1634/1579/1616
f 1634/1577/1616 1622/1563/1604 1626/1567/1608
f 1625/1566/1607 1626/1567/1608 1622/1563/1604
f 1562/1489/1544 1625/1566/1607 1545/1469/1527
f 1625/1566/1607 1622/1563/1604 1545/1469/1527
f 1545/1469/1527 1622/1563/1604 1624/1565/1606
f 1638/1583/1620 1631/1574/1613 1639/1584/1621
f 1639/1584/1621 1631/1574/1613 1633/1576/1615
f 1638/1583/1620 1640/1585/1622 1631/1574/1613
f 1631/1574/1613 1640/1585/1622 1630/1573/1612
f 1632/1575/1614 1639/1584/1621 1633/1576/1615
f 1640/1585/1622 1641/1586/1623 1630/1573/1612
f 1624/1565/1606 1546/1470/1528 1545/1469/1527
f 1642/1587/1624 1643/1588/1625 1644/1589/1626
f 1645/1590/1627 1646/1591/1628 1643/1588/1625
f 1643/1588/1625 1642/1587/1624 1645/1590/1627
f 1644/1589/1626 1643/1588/1625 1647/1592/1629
f 1647/1592/1629 1643/1588/1625 1648/1593/1630
f 1648/1593/1630 1643/1588/1625 1646/1591/1628
f 1644/1589/1626 1649/1594/1631 1642/1587/1624
f 1650/1595/1632 1651/1596/1633 1624/1565/1606
f 1652/1597/1634 1653/1598/1635 1456/1372/1438
f 1456/1372/1438 1653/1598/1635 1629/1572/1611
f 1650/1595/1632 1630/1573/1612 1654/1599/1636
f 1654/1599/1636 1630/1573/1612 1641/1586/1623
f 1650/1595/1632 1623/1564/1605 1630/1573/1612
f 1641/1600/1623 1637/1582/1619 1654/1601/1636
f 1654/1601/1636 1637/1582/1619 1653/1598/1635
f 1637/1582/1619 1629/1572/1611 1653/1598/1635
f 1655/1602/1637 1656/1603/1638 1657/1604/1639
f 1657/1604/1639 1656/1603/1638 1658/1605/1640
f 1655/1602/1637 1659/1606/1641 1656/1603/1638
f 1656/1603/1638 1659/1606/1641 1660/1607/1642
f 1661/1608/1643 1662/1609/1644 1663/1610/1645
f 1663/1610/1645 1662/1609/1644 1651/1596/1633
f 1661/1611/1643 1663/1612/1645 1664/1613/1646
f 1664/1613/1646 1663/1612/1645 1652/1597/1634
f 1658/1614/1640 1665/1615/1647 1657/1616/1639
f 1657/1616/1639 1665/1615/1647 1666/1617/1648
f 1667/1618/1649 1664/1613/1646 1668/1619/1650
f 1668/1619/1650 1664/1613/1646 1652/1597/1634
f 1667/1618/1649 1668/1619/1650 1665/1615/1647
f 1665/1615/1647 1668/1619/1650 1666/1617/1648
f 1659/1606/1641 1651/1596/1633 1660/1607/1642
f 1660/1607/1642 1651/1596/1633 1662/1609/1644
f 1654/1601/1636 1653/1598/1635 1663/1612/1645
f 1663/1612/1645 1653/1598/1635 1652/1597/1634
f 1650/1595/1632 1654/1599/1636 1651/1596/1633
f 1651/1596/1633 1654/1599/1636 1663/1610/1645
f 1652/1597/1634 1456/1372/1438 1668/1619/1650
f 1456/1372/1438 1457/1373/1439 1668/1619/1650
f 1669/1620/1651 1666/1617/1648 1457/1373/1439
f 1668/1619/1650 1457/1373/1439 1666/1617/1648
f 1669/1620/1651 1457/1373/1439 1476/1392/1458
f 1657/1616/1639 1666/1617/1648 1670/1621/1652
f 1670/1621/1652 1666/1617/1648 1669/1620/1651
f 1670/1622/1652 1671/1623/1653 1657/1604/1639
f 1655/1602/1637 1657/1604/1639 1671/1623/1653
f 1466/1624/1448 1670/1621/1652 1479/1395/1461
f 1479/1395/1461 1670/1621/1652 1669/1620/1651
f 1671/1623/1653 1670/1622/1652 1468/1384/1450
f 1468/1384/1450 1670/1622/1652 1466/1382/1448
f 1476/1392/1458 1479/1395/1461 1669/1620/1651
f 1672/1625/1654 1481/1397/1463 1673/1626/1655
f 1673/1626/1655 1481/1397/1463 1464/1380/1446
f 1673/1626/1655 1546/1470/1528 1624/1565/1606
f 1623/1564/1605 1650/1595/1632 1624/1565/1606
f 1659/1606/1641 1655/1602/1637 1672/1625/1654
f 1651/1596/1633 1659/1606/1641 1672/1625/1654
f 1624/1565/1606 1651/1596/1633 1672/1625/1654
f 1523/1441/1505 1546/1470/1528 1673/1626/1655
f 1463/1379/1445 1523/1441/1505 1673/1626/1655
f 1673/1626/1655 1464/1380/1446 1463/1379/1445
f 1480/1396/1462 1671/1623/1653 1471/1387/1453
f 1471/1387/1453 1671/1623/1653 1468/1384/1450
f 1655/1602/1637 1671/1623/1653 1672/1625/1654
f 1672/1625/1654 1671/1623/1653 1481/1397/1463
f 1674/1627/1656 1658/1605/1640 1656/1603/1638
f 1675/1628/1657 1676/1629/1658 1662/1609/1644
f 1662/1609/1644 1676/1629/1658 1660/1607/1642
f 1676/1629/1658 1674/1627/1656 1660/1607/1642
f 1660/1607/1642 1674/1627/1656 1656/1603/1638
f 1662/1609/1644 1661/1608/1643 1675/1628/1657
f 1481/1397/1463 1671/1623/1653 1480/1396/1462
f 1673/1626/1655 1624/1565/1606 1672/1625/1654
f 1677/1630/1659 1678/1631/1660 1679/1632/1661
f 1680/1633/1662 1646/1591/1628 1645/1590/1627
f 1680/1633/1662 1681/1634/1663 1646/1591/1628
f 1682/1635/1664 1683/1636/1665 1679/1632/1661
f 1677/1630/1659 1684/1637/1666 1678/1631/1660
f 1679/1632/1661 1678/1631/1660 1682/1635/1664
f 1680/1633/1662 1678/1631/1660 1681/1634/1663
f 1681/1634/1663 1678/1631/1660 1684/1637/1666
f 1530/1450/1512 1529/1449/1511 1685/1638/1667
f 1685/1638/1667 1529/1449/1511 1686/1639/1668
f 1686/1639/1668 1529/1449/1511 1687/1640/1669
f 1687/1640/1669 1529/1449/1511 1533/1453/1515
f 1535/1456/1517 1688/1641/1670 1533/1453/1515
f 1533/1453/1515 1688/1641/1670 1687/1640/1669
f 1685/1638/1667 1689/1642/1671 1530/1450/1512
f 1530/1450/1512 1689/1642/1671 1536/1457/1518
f 1690/1643/1672 1677/1630/1659 1691/1644/1673
f 1691/1644/1673 1677/1630/1659 1679/1632/1661
f 1691/1644/1673 1679/1632/1661 1692/1645/1674
f 1692/1645/1674 1679/1632/1661 1683/1636/1665
f 1535/1460/1517 1539/1461/1521 1688/1646/1670
f 1688/1646/1670 1539/1461/1521 1692/1645/1674
f 1690/1643/1672 1542/1464/1524 1689/1647/1671
f 1689/1647/1671 1542/1464/1524 1536/1467/1518
f 1690/1643/1672 1691/1644/1673 1542/1464/1524
f 1542/1464/1524 1691/1644/1673 1541/1463/1523
f 1541/1463/1523 1691/1644/1673 1539/1461/1521
f 1539/1461/1521 1691/1644/1673 1692/1645/1674
f 1693/1648/1675 1694/1649/1676 1695/1650/1677
f 1696/1651/1678 1697/1652/1679 1698/1653/1680
f 1698/1653/1680 1697/1652/1679 1699/1654/1681
f 1696/1651/1678 1649/1655/1631 1697/1652/1679
f 1700/1656/1682 1694/1649/1676 1693/1648/1675
f 1697/1657/1679 1649/1594/1631 1644/1589/1626
f 1700/1658/1682 1701/1659/1683 1694/1660/1676
f 1694/1660/1676 1701/1659/1683 1648/1593/1630
f 1644/1589/1626 1647/1592/1629 1702/1661/1684
f 1702/1661/1684 1647/1592/1629 1703/1662/1685
f 1703/1662/1685 1647/1592/1629 1701/1659/1683
f 1701/1659/1683 1647/1592/1629 1648/1593/1630
f 1644/1589/1626 1702/1661/1684 1697/1657/1679
f 1697/1657/1679 1702/1661/1684 1699/1663/1681
f 1704/1664/1686 1699/1663/1681 1702/1661/1684
f 1705/1665/1687 1703/1662/1685 1706/1666/1688
f 1706/1666/1688 1703/1662/1685 1701/1659/1683
f 1702/1661/1684 1703/1662/1685 1704/1664/1686
f 1704/1664/1686 1703/1662/1685 1705/1665/1687
f 1700/1658/1682 1706/1666/1688 1701/1659/1683
f 1695/1650/1677 1707/1667/1689 1693/1648/1675
f 1693/1648/1675 1707/1667/1689 1708/1668/1690
f 1698/1653/1680 1708/1668/1690 1696/1651/1678
f 1696/1651/1678 1708/1668/1690 1707/1667/1689
f 1709/1669/1691 1710/1670/1692 1711/1671/1693
f 1712/1672/1694 1713/1673/1695 1714/1674/1696
f 1714/1674/1696 1713/1673/1695 1715/1675/1697
f 1711/1671/1693 1716/1676/1698 1717/1677/1699
f 1718/1678/1700 1719/1679/1701 1716/1676/1698
f 1716/1676/1698 1719/1679/1701 1717/1677/1699
f 1720/1680/1702 1681/1681/1663 1721/1682/1703
f 1721/1682/1703 1681/1681/1663 1717/1677/1699
f 1646/1591/1628 1681/1634/1663 1720/1683/1702
f 1722/1684/1704 1719/1679/1701 1723/1685/1705
f 1722/1684/1704 1721/1682/1703 1719/1679/1701
f 1719/1679/1701 1721/1682/1703 1717/1677/1699
f 1724/1686/1706 1684/1637/1666 1677/1630/1659
f 1711/1671/1693 1684/1687/1666 1709/1669/1691
f 1709/1669/1691 1684/1687/1666 1724/1688/1706
f 1725/1689/1707 1710/1670/1692 1709/1669/1691
f 1725/1689/1707 1726/1690/1708 1710/1670/1692
f 1681/1681/1663 1684/1687/1666 1717/1677/1699
f 1717/1677/1699 1684/1687/1666 1711/1671/1693
f 1711/1671/1693 1710/1670/1692 1716/1676/1698
f 1716/1676/1698 1710/1670/1692 1727/1691/1709
f 1645/1590/1627 1728/1692/1710 1680/1633/1662
f 1678/1631/1660 1729/1693/1711 1682/1635/1664
f 1680/1633/1662 1728/1692/1710 1678/1631/1660
f 1678/1631/1660 1728/1692/1710 1729/1693/1711
f 1730/1694/1712 1731/1695/1713 1732/1696/1714
f 1732/1696/1714 1731/1695/1713 1733/1697/1715
f 1712/1672/1694 1730/1694/1712 1734/1698/1716
f 1734/1698/1716 1730/1694/1712 1732/1696/1714
f 1713/1673/1695 1712/1672/1694 1734/1698/1716
f 1733/1697/1715 1735/1699/1717 1736/1700/1718
f 1732/1696/1714 1733/1697/1715 1718/1678/1700
f 1718/1678/1700 1733/1697/1715 1736/1700/1718
f 1732/1696/1714 1718/1678/1700 1716/1676/1698
f 1727/1691/1709 1734/1698/1716 1716/1676/1698
f 1716/1676/1698 1734/1698/1716 1732/1696/1714
f 1727/1691/1709 1737/1701/1719 1734/1698/1716
f 1734/1698/1716 1737/1701/1719 1713/1673/1695
f 1713/1673/1695 1737/1701/1719 1715/1675/1697
f 1715/1675/1697 1737/1701/1719 1738/1702/1720
f 1739/1703/1721 1740/1704/1722 1741/1705/1723
f 1741/1705/1723 1740/1704/1722 1742/1706/1724
f 1741/1705/1723 1742/1706/1724 1715/1675/1697
f 1715/1675/1697 1742/1706/1724 1714/1674/1696
f 1738/1702/1720 1741/1705/1723 1715/1675/1697
f 1726/1690/1708 1725/1689/1707 1687/1640/1669
f 1687/1640/1669 1725/1689/1707 1686/1639/1668
f 1725/1689/1707 1709/1669/1691 1686/1639/1668
f 1686/1639/1668 1709/1669/1691 1685/1638/1667
f 1726/1690/1708 1687/1640/1669 1743/1707/1725
f 1743/1707/1725 1687/1640/1669 1688/1641/1670
f 1683/1636/1665 1743/1708/1725 1692/1645/1674
f 1692/1645/1674 1743/1708/1725 1688/1646/1670
f 1689/1647/1671 1724/1686/1706 1690/1643/1672
f 1690/1643/1672 1724/1686/1706 1677/1630/1659
f 1709/1669/1691 1724/1688/1706 1685/1638/1667
f 1685/1638/1667 1724/1688/1706 1689/1642/1671
f 1723/1685/1705 1649/1655/1631 1696/1651/1678
f 1722/1684/1704 1723/1685/1705 1707/1667/1689
f 1707/1667/1689 1723/1685/1705 1696/1651/1678
f 1721/1682/1703 1722/1684/1704 1695/1650/1677
f 1695/1650/1677 1722/1684/1704 1707/1667/1689
f 1721/1682/1703 1695/1650/1677 1720/1680/1702
f 1720/1680/1702 1695/1650/1677 1694/1649/1676
f 1646/1591/1628 1720/1683/1702 1648/1593/1630
f 1648/1593/1630 1720/1683/1702 1694/1660/1676
f 1744/1709/1726 1729/1693/1711 1728/1692/1710
f 1698/1653/1680 1745/1710/1727 1708/1668/1690
f 1746/1711/1728 1747/1712/1729 1748/1713/1730
f 1748/1713/1730 1747/1712/1729 1749/1714/1731
f 1749/1714/1731 1750/1715/1732 1748/1713/1730
f 1748/1713/1730 1750/1715/1732 1751/1716/1733
f 1752/1717/1734 1753/1718/1735 1754/1719/1736
f 1754/1719/1736 1753/1718/1735 1755/1720/1737
f 1754/1719/1736 1755/1720/1737 1756/1721/1738
f 1756/1721/1738 1755/1720/1737 1757/1722/1739
f 1758/1723/1740 1759/1724/1741 1760/1725/1742
f 1758/1723/1740 1761/1726/1743 1759/1724/1741
f 1760/1725/1742 1759/1724/1741 1752/1717/1734
f 1752/1717/1734 1759/1724/1741 1762/1727/1744
f 1761/1726/1743 1751/1716/1733 1759/1724/1741
f 1759/1724/1741 1751/1716/1733 1762/1727/1744
f 1752/1717/1734 1754/1719/1736 1760/1725/1742
f 1760/1725/1742 1754/1719/1736 1758/1723/1740
f 1758/1723/1740 1754/1719/1736 1756/1721/1738
f 1746/1711/1728 1748/1713/1730 1758/1723/1740
f 1758/1723/1740 1748/1713/1730 1761/1726/1743
f 1747/1728/1729 1763/1729/1745 1749/1730/1731
f 1749/1730/1731 1763/1729/1745 1764/1731/1746
f 1763/1729/1745 1765/1732/1747 1764/1731/1746
f 1764/1731/1746 1765/1732/1747 1766/1733/1748
f 1767/1734/1749 1768/1735/1750 1765/1732/1747
f 1765/1732/1747 1768/1735/1750 1766/1733/1748
f 1757/1736/1739 1755/1737/1737 1767/1734/1749
f 1767/1734/1749 1755/1737/1737 1768/1735/1750
f 1753/1738/1735 1768/1735/1750 1755/1737/1737
f 1764/1731/1746 1766/1733/1748 1750/1739/1732
f 1750/1739/1732 1766/1733/1748 1769/1740/1751
f 1769/1740/1751 1766/1733/1748 1753/1738/1735
f 1753/1738/1735 1766/1733/1748 1768/1735/1750
f 1749/1730/1731 1764/1731/1746 1750/1739/1732
f 1762/1727/1744 1769/1741/1751 1752/1717/1734
f 1752/1717/1734 1769/1741/1751 1753/1718/1735
f 1762/1727/1744 1751/1716/1733 1769/1741/1751
f 1769/1741/1751 1751/1716/1733 1750/1715/1732
f 1748/1713/1730 1751/1716/1733 1761/1726/1743
f 1708/1668/1690 1745/1710/1727 1770/1742/1752
f 1698/1653/1680 1699/1654/1681 1745/1710/1727
f 1745/1710/1727 1699/1654/1681 1771/1743/1753
f 1745/1710/1727 1771/1743/1753 1746/1711/1728
f 1746/1711/1728 1771/1743/1753 1747/1712/1729
f 1757/1722/1739 1772/1744/1754 1756/1721/1738
f 1756/1721/1738 1772/1744/1754 1773/1745/1755
f 1772/1744/1754 1700/1656/1682 1773/1745/1755
f 1773/1745/1755 1700/1656/1682 1693/1648/1675
f 1756/1721/1738 1773/1745/1755 1758/1723/1740
f 1758/1723/1740 1773/1745/1755 1770/1742/1752
f 1771/1746/1753 1699/1663/1681 1704/1664/1686
f 1704/1664/1686 1705/1665/1687 1763/1729/1745
f 1763/1729/1745 1705/1665/1687 1765/1732/1747
f 1765/1732/1747 1705/1665/1687 1767/1734/1749
f 1767/1734/1749 1705/1665/1687 1706/1666/1688
f 1704/1664/1686 1763/1729/1745 1771/1746/1753
f 1771/1746/1753 1763/1729/1745 1747/1728/1729
f 1772/1747/1754 1706/1666/1688 1700/1658/1682
f 1757/1736/1739 1767/1734/1749 1772/1747/1754
f 1772/1747/1754 1767/1734/1749 1706/1666/1688
f 1770/1742/1752 1773/1745/1755 1708/1668/1690
f 1708/1668/1690 1773/1745/1755 1693/1648/1675
f 1745/1710/1727 1746/1711/1728 1770/1742/1752
f 1770/1742/1752 1746/1711/1728 1758/1723/1740
f 1683/1636/1665 1774/1748/1756 1743/1708/1725
f 1775/1749/1757 1776/1750/1758 1777/1751/1759
f 1777/1751/1759 1776/1750/1758 1778/1752/1760
f 1779/1753/1761 1775/1749/1757 1780/1754/1762
f 1780/1754/1762 1775/1749/1757 1777/1751/1759
f 1359/1252/1341 1780/1754/1762 1360/1253/1342
f 1360/1253/1342 1780/1754/1762 1777/1751/1759
f 1777/1751/1759 1778/1752/1760 1360/1253/1342
f 1360/1253/1342 1778/1752/1760 1362/1255/1344
f 1776/1750/1758 1781/1755/1763 1778/1752/1760
f 1778/1752/1760 1781/1755/1763 1782/1756/1764
f 1782/1756/1764 1783/1757/1765 1363/1256/1345
f 1363/1256/1345 1783/1757/1765 1365/1258/1347
f 1781/1755/1763 1784/1758/1766 1782/1756/1764
f 1782/1756/1764 1784/1758/1766 1783/1757/1765
f 1783/1759/1765 1784/1760/1766 1785/1761/1767
f 1785/1761/1767 1784/1760/1766 1786/1762/1768
f 1787/1763/1769 1788/1764/1770 1789/1765/1771
f 1789/1765/1771 1788/1764/1770 1790/1766/1772
f 1787/1763/1769 1779/1753/1761 1788/1764/1770
f 1788/1764/1770 1779/1753/1761 1780/1754/1762
f 1788/1764/1770 1367/1262/1349 1790/1766/1772
f 1790/1766/1772 1367/1262/1349 1369/1264/1351
f 1359/1252/1341 1367/1262/1349 1780/1754/1762
f 1780/1754/1762 1367/1262/1349 1788/1764/1770
f 1785/1761/1767 1366/1261/1348 1783/1759/1765
f 1783/1759/1765 1366/1261/1348 1365/1260/1347
f 1363/1256/1345 1362/1255/1344 1782/1756/1764
f 1782/1756/1764 1362/1255/1344 1778/1752/1760
f 1791/1767/1773 1792/1768/1774 1737/1701/1719
f 1737/1701/1719 1792/1768/1774 1738/1702/1720
f 1793/1769/1775 1683/1636/1665 1682/1635/1664
f 1743/1707/1725 1774/1770/1756 1726/1690/1708
f 1726/1690/1708 1774/1770/1756 1794/1771/1776
f 1793/1769/1775 1774/1748/1756 1683/1636/1665
f 1710/1670/1692 1726/1690/1708 1794/1771/1776
f 1795/1772/1777 1727/1691/1709 1794/1771/1776
f 1710/1670/1692 1794/1771/1776 1727/1691/1709
f 1795/1772/1777 1796/1773/1778 1727/1691/1709
f 1791/1767/1773 1737/1701/1719 1796/1773/1778
f 1737/1701/1719 1727/1691/1709 1796/1773/1778
f 1774/1770/1756 1797/1774/1779 1794/1771/1776
f 1794/1771/1776 1797/1774/1779 1795/1772/1777
f 1797/1775/1779 1774/1748/1756 1798/1776/1780
f 1793/1769/1775 1798/1776/1780 1774/1748/1756
f 1779/1753/1761 1792/1768/1774 1775/1749/1757
f 1775/1749/1757 1792/1768/1774 1791/1767/1773
f 1792/1768/1774 1779/1753/1761 1799/1777/1781
f 1799/1777/1781 1779/1753/1761 1787/1763/1769
f 1798/1776/1780 1786/1762/1768 1797/1775/1779
f 1797/1775/1779 1786/1762/1768 1784/1760/1766
f 1795/1772/1777 1797/1774/1779 1781/1755/1763
f 1781/1755/1763 1797/1774/1779 1784/1758/1766
f 1776/1750/1758 1796/1773/1778 1781/1755/1763
f 1781/1755/1763 1796/1773/1778 1795/1772/1777
f 1776/1750/1758 1775/1749/1757 1796/1773/1778
f 1796/1773/1778 1775/1749/1757 1791/1767/1773
f 1799/1777/1781 1787/1763/1769 1800/1778/1782
f 1800/1778/1782 1787/1763/1769 1789/1765/1771
f 1801/1779/1783 1802/1780/1784 1744/1709/1726
f 1744/1709/1726 1802/1780/1784 1729/1693/1711
f 1738/1702/1720 1799/1777/1781 1801/1779/1783
f 1801/1779/1783 1799/1777/1781 1802/1780/1784
f 1802/1780/1784 1799/1777/1781 1800/1778/1782
f 1682/1635/1664 1729/1693/1711 1793/1769/1775
f 1738/1702/1720 1792/1768/1774 1799/1777/1781
f 1801/1779/1783 1741/1705/1723 1738/1702/1720
f 1744/1709/1726 1739/1703/1721 1801/1779/1783
f 1801/1779/1783 1739/1703/1721 1741/1705/1723
f 1790/1766/1772 1369/1264/1351 1785/1761/1767
f 1785/1761/1767 1369/1264/1351 1366/1261/1348
f 1789/1765/1771 1790/1766/1772 1786/1762/1768
f 1786/1762/1768 1790/1766/1772 1785/1761/1767
f 1800/1778/1782 1789/1765/1771 1798/1776/1780
f 1798/1776/1780 1789/1765/1771 1786/1762/1768
f 1798/1776/1780 1802/1780/1784 1800/1778/1782
f 1802/1780/1784 1798/1776/1780 1729/1693/1711
f 1729/1693/1711 1798/1776/1780 1793/1769/1775
f 1803/1781/1785 1804/1782/1786 1805/1783/1787
f 1806/1784/1788 1807/1785/1789 1808/1786/1790
f 1808/1786/1790 1807/1785/1789 1809/1787/1791
f 1810/1788/1792 1811/1789/1793 1807/1785/1789
f 1807/1785/1789 1811/1789/1793 1809/1787/1791
f 1812/1790/1794 1813/1791/1795 1810/1788/1792
f 1810/1788/1792 1813/1791/1795 1811/1789/1793
f 1814/1792/1796 1815/1793/1797 1812/1790/1794
f 1812/1790/1794 1815/1793/1797 1813/1791/1795
f 1816/1794/1798 1817/1795/1799 1814/1796/1796
f 1814/1796/1796 1817/1795/1799 1815/1797/1797
f 1818/1798/1800 1803/1781/1785 1816/1794/1798
f 1816/1794/1798 1803/1781/1785 1817/1795/1799
f 1819/1799/1801 1820/1800/1802 1818/1798/1800
f 1818/1798/1800 1820/1800/1802 1803/1781/1785
f 1821/1801/1803 1820/1800/1802 1822/1802/1804
f 1822/1802/1804 1820/1800/1802 1819/1799/1801
f 1822/1802/1804 1823/1803/1805 1821/1801/1803
f 1821/1801/1803 1823/1803/1805 1824/1804/1806
f 1823/1805/1805 1806/1784/1788 1824/1806/1806
f 1824/1806/1806 1806/1784/1788 1808/1786/1790
f 1803/1781/1785 1805/1783/1787 1817/1795/1799
f 1817/1795/1799 1805/1783/1787 1825/1807/1807
f 1817/1795/1799 1825/1807/1807 1815/1797/1797
f 1815/1797/1797 1825/1807/1807 1826/1808/1808
f 1815/1793/1797 1826/1809/1808 1813/1791/1795
f 1813/1791/1795 1826/1809/1808 1827/1810/1809
f 1813/1791/1795 1827/1810/1809 1811/1789/1793
f 1811/1789/1793 1827/1810/1809 1828/1811/1810
f 1811/1789/1793 1828/1811/1810 1809/1787/1791
f 1809/1787/1791 1828/1811/1810 1829/1812/1811
f 1808/1786/1790 1809/1787/1791 1830/1813/1812
f 1830/1813/1812 1809/1787/1791 1829/1812/1811
f 1824/1806/1806 1808/1786/1790 1831/1814/1813
f 1831/1814/1813 1808/1786/1790 1830/1813/1812
f 1821/1801/1803 1824/1804/1806 1832/1815/1814
f 1832/1815/1814 1824/1804/1806 1831/1816/1813
f 1832/1815/1814 1804/1782/1786 1821/1801/1803
f 1821/1801/1803 1804/1782/1786 1820/1800/1802
f 1820/1800/1802 1804/1782/1786 1803/1781/1785
f 1833/1817/1815 1834/1818/1816 1835/1819/1817
f 1833/1820/1815 1835/1821/1817 1836/1822/1818
f 1836/1822/1818 1835/1821/1817 1837/1823/1819
f 1836/1822/1818 1837/1823/1819 1838/1824/1820
f 1838/1824/1820 1837/1823/1819 1839/1825/1821
f 1838/1824/1820 1839/1825/1821 1840/1826/1822
f 1840/1826/1822 1839/1825/1821 1841/1827/1823
f 1842/1828/1824 1840/1826/1822 1843/1829/1825
f 1843/1829/1825 1840/1826/1822 1841/1827/1823
f 1844/1830/1826 1842/1828/1824 1845/1831/1827
f 1845/1831/1827 1842/1828/1824 1843/1829/1825
f 1846/1832/1828 1844/1833/1826 1847/1834/1829
f 1847/1834/1829 1844/1833/1826 1845/1835/1827
f 1847/1834/1829 1848/1836/1830 1846/1832/1828
f 1846/1832/1828 1848/1836/1830 1849/1837/1831
f 1849/1837/1831 1848/1836/1830 1850/1838/1832
f 1850/1838/1832 1848/1836/1830 1851/1839/1833
f 1850/1838/1832 1851/1839/1833 1852/1840/1834
f 1852/1840/1834 1851/1839/1833 1834/1818/1816
f 1852/1840/1834 1834/1818/1816 1833/1817/1815
f 1846/1832/1828 1849/1837/1831 1832/1815/1814
f 1832/1815/1814 1849/1837/1831 1804/1782/1786
f 1804/1782/1786 1849/1837/1831 1805/1783/1787
f 1805/1783/1787 1849/1837/1831 1850/1838/1832
f 1805/1783/1787 1850/1838/1832 1825/1807/1807
f 1825/1807/1807 1850/1838/1832 1852/1840/1834
f 1826/1808/1808 1825/1807/1807 1833/1817/1815
f 1833/1817/1815 1825/1807/1807 1852/1840/1834
f 1827/1810/1809 1826/1809/1808 1836/1822/1818
f 1836/1822/1818 1826/1809/1808 1833/1820/1815
f 1827/1810/1809 1836/1822/1818 1828/1811/1810
f 1828/1811/1810 1836/1822/1818 1838/1824/1820
f 1828/1811/1810 1838/1824/1820 1829/1812/1811
f 1829/1812/1811 1838/1824/1820 1840/1826/1822
f 1830/1813/1812 1829/1812/1811 1842/1828/1824
f 1842/1828/1824 1829/1812/1811 1840/1826/1822
f 1830/1813/1812 1842/1828/1824 1831/1814/1813
f 1831/1814/1813 1842/1828/1824 1844/1830/1826
f 1832/1815/1814 1831/1816/1813 1846/1832/1828
f 1846/1832/1828 1831/1816/1813 1844/1833/1826
f 1848/1841/1830 1853/1842/1835 1851/1843/1833
f 1851/1843/1833 1853/1842/1835 1854/1844/1836
f 1855/1845/1837 1853/1842/1835 1847/1846/1829
f 1847/1846/1829 1853/1842/1835 1848/1841/1830
f 1856/1847/1838 1855/1845/1837 1845/1848/1827
f 1845/1848/1827 1855/1845/1837 1847/1846/1829
f 1857/1849/1839 1856/1850/1838 1843/1851/1825
f 1843/1851/1825 1856/1850/1838 1845/1852/1827
f 1858/1853/1840 1857/1849/1839 1841/1854/1823
f 1841/1854/1823 1857/1849/1839 1843/1851/1825
f 1859/1855/1841 1858/1853/1840 1839/1856/1821
f 1839/1856/1821 1858/1853/1840 1841/1854/1823
f 1837/1857/1819 1860/1858/1842 1839/1856/1821
f 1839/1856/1821 1860/1858/1842 1859/1855/1841
f 1835/1859/1817 1861/1860/1843 1837/1857/1819
f 1837/1857/1819 1861/1860/1843 1860/1858/1842
f 1834/1861/1816 1862/1862/1844 1835/1863/1817
f 1835/1863/1817 1862/1862/1844 1861/1864/1843
f 1851/1843/1833 1854/1844/1836 1834/1861/1816
f 1834/1861/1816 1854/1844/1836 1862/1862/1844
f 1863/1865/1845 1864/1866/1846 1865/1867/1847
f 1865/1867/1847 1864/1866/1846 1866/1868/1848
f 1867/1869/1849 1868/1870/1850 1863/1865/1845
f 1863/1865/1845 1868/1870/1850 1864/1866/1846
f 1869/1871/1851 1870/1872/1852 1867/1869/1849
f 1867/1869/1849 1870/1872/1852 1868/1870/1850
f 1871/1873/1853 1872/1874/1854 1869/1871/1851
f 1869/1871/1851 1872/1874/1854 1870/1872/1852
f 1873/1875/1855 1874/1876/1856 1871/1873/1853
f 1871/1873/1853 1874/1876/1856 1872/1874/1854
f 1873/1875/1855 1875/1877/1857 1874/1876/1856
f 1874/1876/1856 1875/1877/1857 1876/1878/1858
f 1875/1877/1857 1877/1879/1859 1876/1878/1858
f 1876/1878/1858 1877/1879/1859 1878/1880/1860
f 1877/1879/1859 1879/1881/1861 1878/1880/1860
f 1878/1880/1860 1879/1881/1861 1880/1882/1862
f 1879/1881/1861 1881/1883/1863 1880/1882/1862
f 1880/1882/1862 1881/1883/1863 1882/1884/1864
f 1881/1883/1863 1865/1867/1847 1882/1884/1864
f 1882/1884/1864 1865/1867/1847 1866/1868/1848
f 1866/1868/1848 1864/1866/1846 1883/1885/1865
f 1883/1885/1865 1864/1866/1846 1884/1886/1866
f 1864/1866/1846 1868/1870/1850 1884/1886/1866
f 1870/1872/1852 1885/1887/1867 1868/1870/1850
f 1868/1870/1850 1885/1887/1867 1884/1886/1866
f 1870/1872/1852 1872/1874/1854 1885/1887/1867
f 1874/1876/1856 1886/1888/1868 1872/1874/1854
f 1872/1874/1854 1886/1888/1868 1885/1887/1867
f 1876/1878/1858 1887/1889/1869 1874/1876/1856
f 1874/1876/1856 1887/1889/1869 1886/1888/1868
f 1878/1880/1860 1888/1890/1870 1876/1878/1858
f 1876/1878/1858 1888/1890/1870 1887/1889/1869
f 1880/1882/1862 1889/1891/1871 1878/1880/1860
f 1878/1880/1860 1889/1891/1871 1888/1890/1870
f 1882/1884/1864 1890/1892/1872 1880/1882/1862
f 1880/1882/1862 1890/1892/1872 1889/1891/1871
f 1882/1884/1864 1866/1868/1848 1890/1892/1872
f 1890/1892/1872 1866/1868/1848 1883/1885/1865
f 1891/1893/1873 1892/1894/1874 1893/1895/1875
f 1894/1896/1876 1895/1897/1877 1896/1898/1878
f 1896/1898/1878 1895/1897/1877 1897/1899/1879
f 1898/1900/1880 1899/1901/1881 1894/1896/1876
f 1894/1896/1876 1899/1901/1881 1895/1897/1877
f 1900/1902/1882 1899/1901/1881 1901/1903/1883
f 1901/1903/1883 1899/1901/1881 1898/1900/1880
f 1902/1904/1884 1900/1902/1882 1903/1905/1885
f 1903/1905/1885 1900/1902/1882 1901/1903/1883
f 1904/1906/1886 1902/1904/1884 1905/1907/1887
f 1905/1907/1887 1902/1904/1884 1903/1905/1885
f 1906/1908/1888 1904/1906/1886 1907/1909/1889
f 1907/1909/1889 1904/1906/1886 1905/1907/1887
f 1908/1910/1890 1906/1908/1888 1909/1911/1891
f 1909/1911/1891 1906/1908/1888 1907/1909/1889
f 1910/1912/1892 1908/1910/1890 1911/1913/1893
f 1911/1913/1893 1908/1910/1890 1909/1911/1891
f 1912/1914/1894 1910/1912/1892 1913/1915/1895
f 1913/1915/1895 1910/1912/1892 1911/1913/1893
f 1896/1898/1878 1897/1899/1879 1913/1916/1895
f 1913/1916/1895 1897/1899/1879 1912/1917/1894
f 1914/1918/1896 1915/1919/1897 1916/1920/1898
f 1916/1920/1898 1915/1919/1897 1917/1921/1899
f 1918/1922/1900 1919/1923/1901 1914/1918/1896
f 1914/1918/1896 1919/1923/1901 1915/1919/1897
f 1920/1924/1902 1919/1923/1901 1921/1925/1902
f 1921/1925/1902 1919/1923/1901 1918/1922/1900
f 1922/1926/1903 1923/1927/1904 1921/1925/1902
f 1921/1925/1902 1923/1927/1904 1920/1924/1902
f 1924/1928/1905 1925/1929/1906 1922/1926/1903
f 1922/1926/1903 1925/1929/1906 1923/1927/1904
f 1926/1930/1907 1927/1931/1908 1924/1928/1905
f 1924/1928/1905 1927/1931/1908 1925/1929/1906
f 1928/1932/1909 1929/1933/1910 1930/1934/1911
f 1930/1934/1911 1929/1933/1910 1927/1935/1908
f 1931/1936/1912 1929/1933/1910 1932/1937/1913
f 1932/1937/1913 1929/1933/1910 1928/1932/1909
f 1933/1938/1914 1931/1936/1912 1934/1939/1915
f 1934/1939/1915 1931/1936/1912 1932/1937/1913
f 1917/1921/1899 1933/1938/1914 1916/1920/1898
f 1916/1920/1898 1933/1938/1914 1934/1939/1915
f 1935/1940/1916 1936/1941/1917 1937/1942/1918
f 1937/1942/1918 1936/1941/1917 1938/1943/1919
f 1939/1944/1920 1940/1945/1921 1938/1943/1919
f 1938/1943/1919 1940/1945/1921 1937/1942/1918
f 1941/1946/1922 1942/1947/1923 1939/1944/1920
f 1939/1944/1920 1942/1947/1923 1940/1945/1921
f 1943/1948/1924 1942/1949/1925 1944/1950/1926
f 1944/1950/1926 1942/1949/1925 1945/1951/1927
f 1944/1950/1926 1946/1952/1928 1943/1948/1924
f 1943/1948/1924 1946/1952/1928 1947/1953/1929
f 1948/1954/1930 1949/1955/1931 1950/1956/1932
f 1950/1956/1932 1949/1955/1931 1951/1957/1933
f 1950/1956/1932 1951/1957/1933 1952/1958/1934
f 1952/1958/1934 1951/1957/1933 1953/1959/1935
f 1952/1958/1934 1953/1959/1935 1954/1960/1936
f 1954/1960/1936 1953/1959/1935 1955/1961/1937
f 1954/1960/1936 1955/1961/1937 1935/1940/1916
f 1935/1940/1916 1955/1961/1937 1936/1941/1917
f 1956/1962/1938 1957/1963/1939 1958/1964/1940
f 1946/1952/1928 1949/1955/1931 1947/1953/1929
f 1947/1953/1929 1949/1955/1931 1948/1954/1930
f 1959/1965/1941 1960/1894/1942 1961/1893/1943
f 1962/1966/1944 1959/1965/1941 1963/1967/1944
f 1963/1967/1944 1959/1965/1941 1961/1893/1943
f 1964/1968/1945 1962/1966/1944 1965/1969/1946
f 1965/1969/1946 1962/1966/1944 1963/1967/1944
f 1965/1969/1946 1966/1970/1947 1964/1968/1945
f 1964/1968/1945 1966/1970/1947 1967/1971/1948
f 1968/1972/1949 1967/1971/1948 1966/1970/1947
f 1969/1973/1950 1970/1974/1951 1971/1975/1952
f 1971/1975/1952 1970/1974/1951 1972/1976/1953
f 1973/1977/1954 1974/1978/1955 1969/1973/1950
f 1969/1973/1950 1974/1978/1955 1970/1974/1951
f 1974/1979/1955 1975/1980/1956 1976/1981/1957
f 1976/1981/1957 1975/1980/1956 1977/1982/1958
f 1978/1983/1959 1979/1984/1960 1977/1982/1958
f 1977/1982/1958 1979/1984/1960 1976/1981/1957
f 1978/1983/1959 1893/1895/1875 1979/1984/1960
f 1979/1984/1960 1893/1895/1875 1980/1985/1961
f 1981/1986/1962 1982/1987/1963 1983/1988/1964
f 1983/1988/1964 1982/1987/1963 1984/1989/1965
f 1970/1974/1951 1985/1990/1966 1972/1976/1953
f 1972/1976/1953 1985/1990/1966 1986/1991/1967
f 1974/1978/1955 1987/1992/1968 1970/1974/1951
f 1970/1974/1951 1987/1992/1968 1985/1990/1966
f 1976/1981/1957 1988/1993/1969 1974/1979/1955
f 1974/1979/1955 1988/1993/1969 1987/1994/1968
f 1979/1984/1960 1957/1963/1939 1976/1981/1957
f 1976/1981/1957 1957/1963/1939 1988/1993/1969
f 1989/1995/1970 1990/1996/1971 1991/1997/1972
f 1991/1997/1972 1990/1996/1971 1992/1998/1973
f 1993/1999/1974 1989/1995/1970 1994/2000/1975
f 1994/2000/1975 1989/1995/1970 1991/1997/1972
f 1995/2001/1976 1993/1999/1974 1996/2002/1977
f 1996/2002/1977 1993/1999/1974 1994/2000/1975
f 1981/1986/1962 1995/2001/1976 1982/1987/1963
f 1982/1987/1963 1995/2001/1976 1996/2002/1977
f 1909/1911/1891 1997/2003/1978 1986/1991/1967
f 1985/1990/1966 1911/1913/1893 1986/1991/1967
f 1986/1991/1967 1911/1913/1893 1909/1911/1891
f 1911/1913/1893 1985/1990/1966 1913/1915/1895
f 1913/1915/1895 1985/1990/1966 1987/1992/1968
f 1913/1916/1895 1987/1994/1968 1896/1898/1878
f 1896/1898/1878 1987/1994/1968 1988/1993/1969
f 1896/1898/1878 1988/1993/1969 1894/1896/1876
f 1894/1896/1876 1988/1993/1969 1957/1963/1939
f 1894/1896/1876 1957/1963/1939 1898/1900/1880
f 1898/1900/1880 1957/1963/1939 1956/1962/1938
f 1901/1903/1883 1898/1900/1880 1998/2004/1979
f 1998/2004/1979 1898/1900/1880 1956/1962/1938
f 1903/1905/1885 1901/1903/1883 1999/2005/1980
f 1999/2005/1980 1901/1903/1883 2000/2006/1981
f 1905/1907/1887 1903/1905/1885 2001/2007/1982
f 2001/2007/1982 1903/1905/1885 1999/2005/1980
f 1907/1909/1889 1905/1907/1887 2002/2008/1983
f 2002/2008/1983 1905/1907/1887 2001/2007/1982
f 1986/1991/1967 1997/2003/1978 1972/1976/1953
f 1972/1976/1953 1997/2003/1978 1968/1972/1949
f 1972/1976/1953 1968/1972/1949 1971/1975/1952
f 1909/1911/1891 1907/1909/1889 1997/2003/1978
f 1979/1984/1960 1980/1985/1961 1958/1964/1940
f 1957/1963/1939 1979/1984/1960 1958/1964/1940
f 1968/1972/1949 1966/1970/1947 1971/1975/1952
f 1907/1909/1889 2002/2008/1983 1997/2003/1978
s 0
f 2003/1998/1984 2004/1996/1985 2005/2009/1986
f 2006/1964/1987 2007/2004/1988 2008/1962/1989
f 2009/1894/1990 2010/1964/1991 2011/1985/1990
s 1
f 1901/1903/1883 2012/2004/1992 2000/2006/1981
f 1893/1895/1875 1892/1894/1874 1980/1985/1961
f 1823/1805/1805 2013/2010/1993 1806/1784/1788
f 2013/2010/1993 2014/2011/1994 1806/1784/1788
f 1806/1784/1788 2014/2011/1994 1807/1785/1789
f 2014/2011/1994 2015/2012/1995 1807/1785/1789
f 1807/1785/1789 2015/2012/1995 1810/1788/1792
f 2016/2013/1996 1812/1790/1794 2015/2012/1995
f 2015/2012/1995 1812/1790/1794 1810/1788/1792
f 2017/2014/1997 1814/1792/1796 2016/2013/1996
f 2016/2013/1996 1814/1792/1796 1812/1790/1794
f 2018/2015/1998 1816/1794/1798 2017/2016/1997
f 2017/2016/1997 1816/1794/1798 1814/1796/1796
f 2019/2017/1999 1818/1798/1800 2018/2015/1998
f 2018/2015/1998 1818/1798/1800 1816/1794/1798
f 2020/2018/2000 1819/1799/1801 2019/2017/1999
f 2019/2017/1999 1819/1799/1801 1818/1798/1800
f 1822/1802/1804 1819/1799/1801 2021/2019/2001
f 2021/2019/2001 1819/1799/1801 2020/2018/2000
f 2021/2019/2001 2022/2020/2002 1822/1802/1804
f 1822/1802/1804 2022/2020/2002 1823/1803/1805
f 2022/2021/2002 2013/2010/1993 1823/1805/1805
f 2015/2012/1995 2023/2022/2003 2016/2013/1996
f 2016/2013/1996 2023/2022/2003 2024/2023/2004
f 2015/2012/1995 2014/2011/1994 2023/2022/2003
f 2023/2022/2003 2014/2011/1994 2025/2024/2005
f 2014/2011/1994 2013/2010/1993 2025/2024/2005
f 2025/2024/2005 2013/2010/1993 2026/2025/2006
f 2027/2026/2007 2028/2027/2008 2019/2017/1999
f 2019/2017/1999 2028/2027/2008 2020/2018/2000
f 2027/2026/2007 2019/2017/1999 2029/2028/2009
f 2029/2028/2009 2019/2017/1999 2018/2015/1998
f 2029/2028/2009 2018/2015/1998 2030/2029/2010
f 2030/2029/2010 2018/2015/1998 2017/2016/1997
f 2016/2013/1996 2024/2023/2004 2017/2014/1997
f 2017/2014/1997 2024/2023/2004 2030/2030/2010
f 2013/2010/1993 2022/2021/2002 2026/2025/2006
f 2026/2025/2006 2022/2021/2002 2031/2031/2011
f 2032/2032/2012 2031/2033/2011 2021/2019/2001
f 2021/2019/2001 2031/2033/2011 2022/2020/2002
f 2021/2019/2001 2020/2018/2000 2032/2032/2012
f 2032/2032/2012 2020/2018/2000 2028/2027/2008
f 2033/2034/2013 2034/2035/2014 2035/2036/2015
f 2036/2037/2016 2037/2038/2017 2038/2039/2018
f 2038/2039/2018 2037/2038/2017 2039/2040/2019
f 2040/2041/2020 2041/2042/2021 2038/2039/2018
f 2038/2039/2018 2041/2042/2021 2036/2037/2016
f 2042/2043/2022 2043/2044/2023 2040/2041/2020
f 2040/2041/2020 2043/2044/2023 2041/2042/2021
f 2044/2045/2024 2045/2046/2025 2046/2047/2026
f 2046/2047/2026 2045/2046/2025 2047/2048/2027
f 2048/2049/2028 2049/2050/2029 2050/2051/2030
f 2051/2052/2031 2049/2053/2029 2052/2054/2032
f 2052/2054/2032 2049/2053/2029 2048/2055/2028
f 2039/2040/2019 2037/2038/2017 2052/2054/2032
f 2052/2054/2032 2037/2038/2017 2051/2052/2031
f 2030/2030/2010 2024/2023/2004 2042/2056/2022
f 2042/2056/2022 2047/2048/2027 2043/2057/2023
f 2026/2025/2006 2031/2031/2011 2048/2049/2028
f 2048/2049/2028 2050/2051/2030 2026/2025/2006
f 2046/2047/2026 2047/2048/2027 2023/2022/2003
f 2023/2022/2003 2047/2048/2027 2024/2023/2004
f 2046/2047/2026 2023/2022/2003 2053/2058/2033
f 2053/2058/2033 2023/2022/2003 2025/2024/2005
f 2053/2058/2033 2025/2024/2005 2050/2051/2030
f 2050/2051/2030 2025/2024/2005 2026/2025/2006
f 2031/2033/2011 2032/2032/2012 2048/2055/2028
f 2048/2055/2028 2032/2032/2012 2052/2054/2032
f 2027/2026/2007 2029/2028/2009 2038/2039/2018
f 2038/2039/2018 2029/2028/2009 2040/2041/2020
f 2030/2029/2010 2042/2043/2022 2029/2028/2009
f 2029/2028/2009 2042/2043/2022 2040/2041/2020
f 2028/2027/2008 2039/2040/2019 2032/2032/2012
f 2032/2032/2012 2039/2040/2019 2052/2054/2032
f 2038/2039/2018 2039/2040/2019 2027/2026/2007
f 2027/2026/2007 2039/2040/2019 2028/2027/2008
f 2053/2058/2033 2034/2035/2014 2046/2047/2026
f 2046/2047/2026 2034/2035/2014 2044/2045/2024
f 2045/2046/2025 2054/2059/2034 2047/2048/2027
f 2047/2048/2027 2054/2059/2034 2043/2057/2023
f 2043/2044/2023 2054/2060/2034 2041/2042/2021
f 2041/2042/2021 2054/2060/2034 2055/2061/2035
f 2041/2042/2021 2055/2061/2035 2036/2037/2016
f 2036/2037/2016 2055/2061/2035 2056/2062/2036
f 2037/2038/2017 2036/2037/2016 2057/2063/2037
f 2057/2063/2037 2036/2037/2016 2056/2062/2036
f 2051/2052/2031 2037/2038/2017 2058/2064/2038
f 2058/2064/2038 2037/2038/2017 2057/2063/2037
f 2049/2053/2029 2051/2052/2031 2059/2065/2039
f 2059/2065/2039 2051/2052/2031 2058/2064/2038
f 2049/2050/2029 2059/2066/2039 2050/2051/2030
f 2050/2051/2030 2059/2066/2039 2035/2036/2015
f 2034/2035/2014 2053/2058/2033 2035/2036/2015
f 2035/2036/2015 2053/2058/2033 2050/2051/2030
f 2042/2056/2022 2024/2023/2004 2047/2048/2027
f 2060/2067/2040 2061/2068/2041 2034/2035/2014
f 2034/2035/2014 2061/2068/2041 2044/2045/2024
f 2061/2068/2041 2062/2069/2042 2044/2045/2024
f 2044/2045/2024 2062/2069/2042 2045/2046/2025
f 2062/2069/2042 2063/2070/2043 2045/2046/2025
f 2045/2046/2025 2063/2070/2043 2054/2059/2034
f 2064/2071/2044 2065/2072/2045 2066/2073/2046
f 2066/2073/2046 2065/2072/2045 2063/2074/2043
f 2067/2075/2047 2068/2076/2048 2064/2071/2044
f 2064/2071/2044 2068/2076/2048 2065/2072/2045
f 2069/2077/2049 2056/2062/2036 2068/2076/2048
f 2068/2076/2048 2056/2062/2036 2055/2061/2035
f 2070/2078/2050 2057/2063/2037 2069/2077/2049
f 2069/2077/2049 2057/2063/2037 2056/2062/2036
f 2070/2078/2050 2071/2079/2051 2057/2063/2037
f 2057/2063/2037 2071/2079/2051 2058/2064/2038
f 2071/2079/2051 2072/2080/2052 2058/2064/2038
f 2058/2064/2038 2072/2080/2052 2059/2065/2039
f 2033/2034/2013 2035/2036/2015 2072/2081/2052
f 2072/2081/2052 2035/2036/2015 2059/2066/2039
f 2060/2067/2040 2034/2035/2014 2033/2034/2013
f 2073/2082/2053 2074/2083/2054 2075/2084/2055
f 2076/2085/2056 2077/2086/2057 2075/2084/2055
f 2075/2084/2055 2077/2086/2057 2073/2082/2053
f 2078/2087/2058 2077/2086/2057 2076/2085/2056
f 2079/2088/2059 2080/2089/2060 2081/2090/2061
f 2081/2091/2061 2082/2092/2062 2083/2093/2063
f 2084/2094/2064 2082/2092/2062 2085/2095/2065
f 2085/2095/2065 2082/2092/2062 2086/2096/2066
f 2085/2095/2065 2086/2096/2066 2087/2097/2067
f 2087/2097/2067 2086/2096/2066 2088/2098/2068
f 2089/2099/2069 2090/2100/2070 2091/2101/2071
f 2092/2102/2072 2093/2103/2073 2076/2085/2056
f 2093/2103/2073 2078/2087/2058 2076/2085/2056
f 2081/2091/2061 2080/2104/2060 2082/2092/2062
f 2082/2092/2062 2084/2094/2064 2083/2093/2063
f 2094/2105/2074 2069/2077/2049 2067/2075/2047
f 2067/2075/2047 2069/2077/2049 2068/2076/2048
f 2095/2106/2075 2070/2078/2050 2094/2105/2074
f 2094/2105/2074 2070/2078/2050 2069/2077/2049
f 2095/2106/2075 2096/2107/2076 2070/2078/2050
f 2070/2078/2050 2096/2107/2076 2071/2079/2051
f 2096/2107/2076 2097/2108/2077 2071/2079/2051
f 2071/2079/2051 2097/2108/2077 2072/2080/2052
f 2097/2109/2077 2033/2034/2013 2072/2081/2052
f 2062/2069/2042 2066/2110/2046 2063/2070/2043
f 2065/2072/2045 2068/2076/2048 2055/2061/2035
f 2055/2061/2035 2054/2060/2034 2065/2072/2045
f 2063/2074/2043 2065/2072/2045 2054/2060/2034
f 2098/2111/2078 2099/2112/2079 2100/2113/2080
f 2101/2114/2081 2102/2115/2082 2103/2116/2083
f 2103/2116/2083 2102/2115/2082 2104/2117/2084
f 2103/2116/2083 2104/2117/2084 2105/2118/2085
f 2105/2118/2085 2104/2117/2084 2097/2109/2077
f 2106/2119/2086 2095/2106/2075 2107/2120/2087
f 2107/2120/2087 2095/2106/2075 2094/2105/2074
f 2108/2121/2088 2105/2122/2085 2096/2107/2076
f 2096/2107/2076 2105/2122/2085 2097/2108/2077
f 2095/2106/2075 2106/2119/2086 2096/2107/2076
f 2096/2107/2076 2106/2119/2086 2108/2121/2088
f 2102/2115/2082 2109/2123/2089 2110/2124/2090
f 2101/2114/2081 2109/2123/2089 2102/2115/2082
f 2111/2125/2091 2112/2126/2092 2107/2120/2087
f 2107/2120/2087 2112/2126/2092 2106/2119/2086
f 2113/2127/2093 2114/2128/2094 2111/2125/2091
f 2111/2125/2091 2114/2128/2094 2112/2126/2092
f 2115/2129/2095 2116/2130/2096 2113/2127/2093
f 2113/2127/2093 2116/2130/2096 2114/2128/2094
f 2117/2131/2097 2118/2132/2098 2076/2085/2056
f 2076/2085/2056 2118/2132/2098 2092/2102/2072
f 2119/2133/2099 2117/2131/2097 2075/2084/2055
f 2075/2084/2055 2117/2131/2097 2076/2085/2056
f 2098/2134/2078 2119/2133/2099 2120/2135/2100
f 2120/2135/2100 2119/2133/2099 2075/2084/2055
f 2120/2136/2100 2121/2137/2101 2098/2111/2078
f 2098/2111/2078 2121/2137/2101 2099/2112/2079
f 2122/2138/2102 2099/2112/2079 2123/2139/2103
f 2123/2139/2103 2099/2112/2079 2121/2137/2101
f 2124/2140/2104 2122/2138/2102 2125/2141/2105
f 2125/2141/2105 2122/2138/2102 2123/2139/2103
f 2126/2142/2106 2127/2143/2107 2124/2140/2104
f 2124/2140/2104 2127/2143/2107 2122/2138/2102
f 2127/2143/2107 2128/2144/2108 2122/2138/2102
f 2122/2138/2102 2128/2144/2108 2099/2112/2079
f 2100/2113/2080 2099/2112/2079 2128/2144/2108
f 2100/2145/2080 2129/2146/2109 2098/2134/2078
f 2098/2134/2078 2129/2146/2109 2119/2133/2099
f 2129/2146/2109 2130/2147/2110 2119/2133/2099
f 2119/2133/2099 2130/2147/2110 2117/2131/2097
f 2130/2147/2110 2131/2148/2111 2117/2131/2097
f 2117/2131/2097 2131/2148/2111 2118/2132/2098
f 2132/2149/2112 2133/2150/2113 2121/2137/2101
f 2121/2137/2101 2133/2150/2113 2123/2139/2103
f 2074/2151/2054 2132/2149/2112 2120/2136/2100
f 2120/2136/2100 2132/2149/2112 2121/2137/2101
f 2075/2084/2055 2074/2083/2054 2120/2135/2100
f 2134/2152/2114 2135/2153/2115 2130/2147/2110
f 2130/2147/2110 2135/2153/2115 2131/2148/2111
f 2136/2154/2116 2134/2152/2114 2129/2146/2109
f 2129/2146/2109 2134/2152/2114 2130/2147/2110
f 2137/2155/2117 2136/2154/2116 2100/2145/2080
f 2100/2145/2080 2136/2154/2116 2129/2146/2109
f 2100/2113/2080 2128/2144/2108 2137/2156/2117
f 2137/2156/2117 2128/2144/2108 2138/2157/2118
f 2139/2158/2119 2138/2157/2118 2127/2143/2107
f 2127/2143/2107 2138/2157/2118 2128/2144/2108
f 2140/2159/2120 2139/2158/2119 2126/2142/2106
f 2126/2142/2106 2139/2158/2119 2127/2143/2107
f 2125/2141/2105 2123/2139/2103 2141/2160/2121
f 2141/2160/2121 2123/2139/2103 2133/2150/2113
f 2142/2161/2122 2080/2089/2060 2143/2162/2123
f 2143/2162/2123 2080/2089/2060 2079/2088/2059
f 2144/2163/2124 2145/2164/2125 2146/2165/2126
f 2147/2166/2127 2142/2161/2122 2148/2167/2128
f 2148/2167/2128 2142/2161/2122 2143/2162/2123
f 2091/2101/2071 2149/2168/2129 2150/2169/2130
f 2150/2169/2130 2149/2168/2129 2151/2170/2131
f 2091/2101/2071 2090/2100/2070 2149/2168/2129
f 2150/2169/2130 2151/2170/2131 2152/2171/2132
f 2152/2171/2132 2151/2170/2131 2153/2172/2133
f 2144/2163/2124 2146/2165/2126 2148/2167/2128
f 2148/2167/2128 2146/2165/2126 2147/2166/2127
f 2104/2117/2084 2033/2034/2013 2097/2109/2077
f 2104/2117/2084 2102/2115/2082 2033/2034/2013
f 2033/2034/2013 2102/2115/2082 2060/2067/2040
f 2102/2115/2082 2110/2124/2090 2060/2067/2040
f 2060/2067/2040 2110/2124/2090 2061/2068/2041
f 2110/2124/2090 2154/2173/2134 2061/2068/2041
f 2061/2068/2041 2154/2173/2134 2062/2069/2042
f 2154/2173/2134 2066/2110/2046 2062/2069/2042
f 2155/2174/2135 2156/2175/2136 2157/2176/2137
f 2158/2177/2138 2159/2178/2139 2160/2179/2140
f 2158/2177/2138 2160/2179/2140 2161/2180/2141
f 2162/2181/2142 2163/2182/2143 2164/2183/2144
f 2164/2183/2144 2163/2182/2143 2165/2184/2145
f 2166/2185/2146 2163/2182/2143 2162/2181/2142
f 2156/2175/2136 2114/2128/2094 2157/2176/2137
f 2157/2176/2137 2114/2128/2094 2116/2130/2096
f 2167/2186/2147 2114/2128/2094 2156/2175/2136
f 2114/2128/2094 2167/2186/2147 2112/2126/2092
f 2112/2126/2092 2167/2186/2147 2168/2187/2148
f 2108/2121/2088 2106/2119/2086 2168/2187/2148
f 2168/2187/2148 2106/2119/2086 2112/2126/2092
f 2169/2188/2149 2166/2185/2146 2170/2189/2150
f 2171/2190/2151 2172/2191/2152 2173/2192/2153
f 2164/2183/2144 2165/2184/2145 2171/2190/2151
f 2171/2190/2151 2165/2184/2145 2172/2191/2152
f 2166/2185/2146 2162/2181/2142 2170/2189/2150
f 2103/2116/2083 2169/2188/2149 2101/2114/2081
f 2101/2114/2081 2169/2188/2149 2170/2189/2150
f 2174/2193/2154 2173/2192/2153 2175/2194/2155
f 2175/2194/2155 2173/2192/2153 2172/2191/2152
f 2176/2195/2156 2177/2196/2157 2178/2197/2158
f 2178/2197/2158 2177/2196/2157 2175/2198/2155
f 2175/2198/2155 2177/2196/2157 2179/2199/2154
f 2124/2140/2104 2125/2141/2105 2180/2200/2159
f 2180/2200/2159 2125/2141/2105 2181/2201/2160
f 2126/2142/2106 2124/2140/2104 2182/2202/2161
f 2182/2202/2161 2124/2140/2104 2180/2200/2159
f 2141/2160/2121 2183/2203/2162 2125/2141/2105
f 2125/2141/2105 2183/2203/2162 2181/2201/2160
f 2184/2204/2163 2140/2159/2120 2182/2202/2161
f 2182/2202/2161 2140/2159/2120 2126/2142/2106
f 2184/2204/2163 2182/2202/2161 2185/2205/2164
f 2185/2205/2164 2182/2202/2161 2186/2206/2165
f 2187/2207/2166 2188/2208/2167 2189/2209/2168
f 2189/2209/2168 2188/2208/2167 2190/2210/2169
s 0
f 2189/2209/2168 2190/2210/2170 2191/2211/2171
f 2191/2211/2171 2190/2210/2169 2192/2212/2172
s 1
f 2186/2206/2165 2182/2202/2161 2191/2211/2171
f 2191/2211/2171 2182/2202/2161 2180/2200/2159
f 2186/2206/2165 2193/2213/2173 2185/2205/2164
f 2185/2205/2164 2193/2213/2173 2194/2214/2174
f 2193/2213/2173 2186/2206/2165 2192/2212/2172
f 2192/2212/2172 2186/2206/2165 2191/2211/2171
f 2180/2200/2159 2181/2201/2160 2191/2211/2171
f 2191/2211/2171 2181/2201/2160 2189/2209/2168
f 2181/2201/2160 2183/2203/2162 2189/2209/2168
f 2189/2209/2168 2183/2203/2162 2187/2207/2166
f 2152/2171/2132 2153/2172/2133 2195/2215/2175
f 2195/2215/2175 2153/2172/2133 2196/2216/2176
f 2196/2216/2176 2153/2172/2133 2197/2217/2177
f 2198/2218/2178 2199/2219/2179 2200/2220/2180
f 2200/2220/2180 2199/2219/2179 2201/2221/2181
f 2202/2222/2182 2203/2223/2183 2204/2224/2184
f 2204/2224/2184 2205/2225/2185 2198/2218/2178
f 2198/2218/2178 2205/2225/2185 2199/2219/2179
f 2200/2220/2180 2206/2226/2186 2207/2227/2187
f 2207/2227/2187 2206/2226/2186 2208/2228/2188
f 2208/2228/2188 2209/2229/2189 2207/2227/2187
f 2204/2224/2184 2203/2223/2183 2205/2225/2185
f 2201/2221/2181 2210/2230/2190 2200/2220/2180
f 2206/2226/2186 2200/2220/2180 2210/2230/2190
f 2211/2231/2191 2212/2232/2192 2213/2233/2193
f 2214/2234/2194 2215/2235/2195 2216/2236/2196
f 2216/2236/2196 2215/2235/2195 2217/2237/2197
f 2218/2238/2198 2214/2234/2194 2219/2239/2199
f 2219/2239/2199 2214/2234/2194 2216/2236/2196
f 2220/2240/2200 2218/2238/2198 2221/2241/2201
f 2221/2241/2201 2218/2238/2198 2219/2239/2199
f 2221/2242/2201 2222/2243/2202 2220/2244/2200
f 2220/2244/2200 2222/2243/2202 2223/2245/2203
f 2224/2246/2204 2223/2245/2203 2225/2247/2205
f 2225/2247/2205 2223/2245/2203 2222/2243/2202
f 2224/2246/2204 2225/2247/2205 2226/2248/2206
f 2226/2248/2206 2225/2247/2205 2227/2249/2207
f 2226/2248/2206 2227/2249/2207 2228/2250/2208
f 2228/2250/2208 2227/2249/2207 2229/2251/2209
f 2230/2252/2210 2231/2253/2211 2232/2254/2212
f 2233/2255/2213 2234/2256/2214 2217/2237/2197
f 2217/2237/2197 2234/2256/2214 2216/2236/2196
f 2234/2256/2214 2235/2257/2215 2216/2236/2196
f 2216/2236/2196 2235/2257/2215 2219/2239/2199
f 2235/2257/2215 2236/2258/2216 2219/2239/2199
f 2219/2239/2199 2236/2258/2216 2221/2241/2201
f 2236/2259/2216 2237/2260/2217 2221/2242/2201
f 2221/2242/2201 2237/2260/2217 2222/2243/2202
f 2237/2260/2217 2238/2261/2218 2222/2243/2202
f 2222/2243/2202 2238/2261/2218 2225/2247/2205
f 2225/2247/2205 2238/2261/2218 2227/2249/2207
f 2227/2249/2207 2238/2261/2218 2239/2262/2219
f 2227/2249/2207 2239/2262/2219 2229/2251/2209
f 2229/2251/2209 2239/2262/2219 2240/2263/2220
f 2231/2253/2211 2241/2264/2221 2232/2254/2212
f 2232/2254/2212 2241/2264/2221 2242/2265/2222
f 2229/2251/2209 2240/2263/2220 2231/2253/2211
f 2231/2253/2211 2240/2263/2220 2241/2264/2221
f 2230/2252/2210 2228/2250/2208 2231/2253/2211
f 2231/2253/2211 2228/2250/2208 2229/2251/2209
f 2243/2266/2223 2244/2267/2224 2245/2268/2225
f 2246/2269/2226 2213/2233/2193 2247/2270/2227
f 2247/2270/2227 2213/2233/2193 2212/2232/2192
f 2248/2271/2228 2249/2272/2229 2212/2232/2192
f 2212/2232/2192 2249/2272/2229 2247/2270/2227
f 2250/2273/2230 2251/2274/2231 2252/2275/2231
f 2253/2276/2232 2254/2277/2233 2255/2278/2234
f 2211/2231/2191 2256/2279/2235 2257/2280/2236
f 2257/2280/2236 2256/2279/2235 2258/2281/2237
f 2212/2232/2192 2211/2231/2191 2248/2271/2228
f 2248/2271/2228 2211/2231/2191 2257/2280/2236
f 2259/2282/2238 2260/2283/2239 2261/2284/2240
f 2262/2285/2241 2263/2286/2242 2264/2287/2243
f 2265/2288/2244 2266/2289/2245 2264/2287/2243
f 2263/2286/2242 2267/2290/2246 2264/2287/2243
f 2262/2285/2241 2264/2287/2243 2268/2291/2247
f 2269/2292/2248 2270/2293/2249 2271/2294/2250
f 2272/2295/2251 2273/2296/2252 2274/2297/2253
f 2275/2298/2254 2276/2299/2255 2277/2300/2256
f 2277/2300/2256 2276/2299/2255 2278/2301/2257
f 2279/2302/2258 2280/2303/2259 2275/2298/2254
f 2275/2298/2254 2280/2303/2259 2276/2299/2255
f 2281/2304/2260 2282/2305/2261 2279/2302/2258
f 2279/2302/2258 2282/2305/2261 2280/2303/2259
f 2283/2306/2262 2284/2307/2263 2281/2308/2260
f 2281/2308/2260 2284/2307/2263 2282/2309/2261
f 2285/2310/2264 2286/2311/2265 2283/2306/2262
f 2283/2306/2262 2286/2311/2265 2284/2307/2263
f 2287/2312/2266 2286/2311/2265 2288/2313/2267
f 2288/2313/2267 2286/2311/2265 2285/2310/2264
f 2289/2314/2268 2287/2312/2266 2290/2315/2269
f 2290/2315/2269 2287/2312/2266 2288/2313/2267
f 2230/2252/2210 2232/2254/2212 2291/2316/2270
f 2276/2299/2255 2292/2317/2271 2278/2301/2257
f 2278/2301/2257 2292/2317/2271 2293/2318/2272
f 2280/2303/2259 2294/2319/2273 2276/2299/2255
f 2276/2299/2255 2294/2319/2273 2292/2317/2271
f 2282/2305/2261 2295/2320/2274 2280/2303/2259
f 2280/2303/2259 2295/2320/2274 2294/2319/2273
f 2284/2307/2263 2296/2321/2275 2282/2309/2261
f 2282/2309/2261 2296/2321/2275 2295/2322/2274
f 2286/2311/2265 2297/2323/2276 2284/2307/2263
f 2284/2307/2263 2297/2323/2276 2296/2321/2275
f 2286/2311/2265 2287/2312/2266 2297/2323/2276
f 2297/2323/2276 2287/2312/2266 2298/2324/2277
f 2287/2312/2266 2289/2314/2268 2298/2324/2277
f 2298/2324/2277 2289/2314/2268 2299/2325/2278
f 2291/2316/2270 2232/2254/2212 2300/2326/2279
f 2300/2326/2279 2232/2254/2212 2242/2265/2222
f 2289/2314/2268 2291/2316/2270 2299/2325/2278
f 2299/2325/2278 2291/2316/2270 2300/2326/2279
f 2230/2252/2210 2291/2316/2270 2290/2315/2269
f 2290/2315/2269 2291/2316/2270 2289/2314/2268
f 2301/2327/2280 2302/2328/2281 2303/2329/2282
f 2304/2330/2283 2305/2331/2284 2306/2332/2285
f 2306/2332/2285 2305/2331/2284 2307/2333/2286
f 2308/2334/2287 2305/2331/2284 2304/2330/2283
f 2309/2335/2288 2307/2333/2286 2310/2336/2289
f 2310/2336/2289 2307/2333/2286 2305/2331/2284
f 2311/2337/2290 2312/2338/2291 2313/2339/2292
f 2314/2340/2293 2301/2327/2280 2315/2341/2294
f 2316/2342/2295 2301/2327/2280 2314/2340/2293
f 2317/2343/2296 2318/2344/2297 2272/2295/2251
f 2272/2295/2251 2318/2344/2297 2319/2345/2298
f 2272/2295/2251 2319/2345/2298 2273/2296/2252
f 2273/2296/2252 2319/2345/2298 2320/2346/2299
f 2273/2296/2252 2320/2346/2299 2321/2347/2300
f 2322/2348/2301 2323/2349/2302 2324/2350/2303
f 2325/2351/2304 2323/2349/2302 2326/2352/2305
f 2324/2350/2303 2323/2349/2302 2327/2353/2306
f 2322/2348/2301 2326/2352/2305 2323/2349/2302
f 2328/2354/2307 2265/2288/2244 2329/2355/2308
f 2266/2289/2245 2268/2291/2247 2264/2287/2243
f 2318/2344/2297 2317/2343/2296 2330/2356/2309
f 2300/2326/2279 2242/2265/2222 2331/2357/2310
f 2331/2357/2310 2242/2265/2222 2194/2214/2174
f 2298/2324/2277 2299/2325/2278 2332/2358/2311
f 2332/2358/2311 2299/2325/2278 2333/2359/2312
f 2298/2324/2277 2332/2358/2311 2297/2323/2276
f 2297/2323/2276 2332/2358/2311 2334/2360/2313
f 2297/2323/2276 2334/2360/2313 2296/2321/2275
f 2296/2321/2275 2334/2360/2313 2335/2361/2314
f 2296/2321/2275 2335/2361/2314 2295/2322/2274
f 2295/2322/2274 2335/2361/2314 2336/2362/2315
f 2295/2320/2274 2336/2363/2315 2294/2319/2273
f 2294/2319/2273 2336/2363/2315 2337/2364/2316
f 2294/2319/2273 2337/2364/2316 2292/2317/2271
f 2292/2317/2271 2337/2364/2316 2338/2365/2317
f 2292/2317/2271 2338/2365/2317 2293/2318/2272
f 2293/2318/2272 2338/2365/2317 2339/2366/2318
f 2299/2325/2278 2300/2326/2279 2333/2359/2312
f 2333/2359/2312 2300/2326/2279 2331/2357/2310
f 2340/2367/2319 2341/2368/2320 2302/2328/2281
f 2342/2369/2321 2343/2370/2322 2116/2130/2096
f 2116/2130/2096 2343/2370/2322 2157/2176/2137
f 2344/2371/2323 2342/2369/2321 2115/2129/2095
f 2115/2129/2095 2342/2369/2321 2116/2130/2096
f 2345/2372/2324 2346/2373/2325 2347/2374/2326
f 2247/2270/2227 2348/2375/2327 2246/2269/2226
f 2246/2269/2226 2348/2375/2327 2349/2376/2328
f 2343/2370/2322 2350/2377/2329 2157/2176/2137
f 2157/2176/2137 2350/2377/2329 2155/2174/2135
f 2306/2332/2285 2349/2376/2328 2304/2330/2283
f 2304/2330/2283 2349/2376/2328 2348/2375/2327
f 2351/2378/2330 2352/2379/2331 2353/2380/2332
f 2353/2380/2332 2352/2379/2331 2354/2381/2333
f 2304/2330/2283 2348/2375/2327 2308/2334/2287
f 2308/2334/2287 2348/2375/2327 2355/2382/2334
f 2350/2377/2329 2352/2383/2331 2155/2174/2135
f 2155/2174/2135 2352/2383/2331 2351/2384/2330
f 2241/2264/2221 2185/2205/2164 2242/2265/2222
f 2242/2265/2222 2185/2205/2164 2194/2214/2174
f 2239/2262/2219 2140/2159/2120 2240/2263/2220
f 2240/2263/2220 2140/2159/2120 2184/2204/2163
f 2139/2158/2119 2140/2159/2120 2238/2261/2218
f 2238/2261/2218 2140/2159/2120 2239/2262/2219
f 2138/2157/2118 2139/2158/2119 2237/2260/2217
f 2237/2260/2217 2139/2158/2119 2238/2261/2218
f 2137/2156/2117 2138/2157/2118 2236/2259/2216
f 2236/2259/2216 2138/2157/2118 2237/2260/2217
f 2136/2154/2116 2137/2155/2117 2235/2257/2215
f 2235/2257/2215 2137/2155/2117 2236/2258/2216
f 2134/2152/2114 2136/2154/2116 2234/2256/2214
f 2234/2256/2214 2136/2154/2116 2235/2257/2215
f 2135/2153/2115 2134/2152/2114 2233/2255/2213
f 2233/2255/2213 2134/2152/2114 2234/2256/2214
f 2240/2263/2220 2184/2204/2163 2241/2264/2221
f 2241/2264/2221 2184/2204/2163 2185/2205/2164
f 2244/2267/2224 2145/2164/2125 2245/2268/2225
f 2245/2268/2225 2145/2164/2125 2144/2163/2124
f 2249/2272/2229 2355/2382/2334 2247/2270/2227
f 2247/2270/2227 2355/2382/2334 2348/2375/2327
f 2329/2355/2308 2265/2288/2244 2325/2351/2304
f 2328/2354/2307 2266/2289/2245 2265/2288/2244
f 2325/2351/2304 2265/2288/2244 2323/2349/2302
f 2356/2385/2335 2357/2386/2336 2358/2387/2337
f 2358/2387/2337 2357/2386/2336 2359/2388/2336
f 2357/2386/2336 2360/2389/2338 2359/2388/2336
f 2359/2388/2336 2360/2389/2338 2361/2390/2339
f 2361/2390/2339 2360/2389/2338 2362/2391/2340
f 2363/2392/2341 2364/2393/2341 2362/2391/2340
f 2362/2391/2340 2364/2393/2341 2361/2390/2339
f 2365/2394/2342 2366/2395/2342 2363/2392/2341
f 2363/2392/2341 2366/2395/2342 2364/2393/2341
f 2365/2394/2342 2367/2396/2343 2366/2395/2342
f 2301/2327/2280 2303/2329/2282 2315/2341/2294
f 2368/2397/2344 2347/2374/2326 2369/2398/2345
f 2369/2398/2345 2347/2374/2326 2346/2373/2325
f 2370/2399/2346 2368/2397/2344 2371/2400/2347
f 2371/2400/2347 2368/2397/2344 2369/2398/2345
f 2372/2401/2348 2370/2399/2346 2371/2400/2347
f 2373/2402/2349 2370/2399/2346 2374/2403/2350
f 2374/2403/2350 2370/2399/2346 2372/2401/2348
f 2373/2402/2349 2374/2403/2350 2375/2404/2351
f 2375/2404/2351 2374/2403/2350 2376/2405/2351
f 2309/2335/2288 2377/2406/2352 2307/2333/2286
f 2375/2404/2351 2376/2405/2351 2251/2274/2231
f 2251/2274/2231 2376/2405/2351 2252/2275/2231
f 2243/2266/2223 2254/2277/2233 2253/2276/2232
f 2243/2266/2223 2253/2276/2232 2244/2267/2224
f 2378/2407/2353 2379/2408/2354 2340/2367/2319
f 2340/2367/2319 2379/2408/2354 2341/2368/2320
f 2301/2327/2280 2340/2367/2319 2302/2328/2281
f 2380/2409/2355 2381/2410/2356 2382/2411/2357
f 2383/2412/2358 2259/2282/2238 2384/2413/2359
f 2384/2413/2359 2259/2282/2238 2261/2284/2240
f 2271/2294/2250 2383/2412/2358 2269/2292/2248
f 2383/2412/2358 2384/2413/2359 2269/2292/2248
f 2385/2414/2360 2386/2415/2361 2387/2416/2362
f 2387/2416/2362 2388/2417/2363 2385/2414/2360
f 2389/2418/2364 2390/2419/2364 2388/2417/2363
f 2388/2417/2363 2390/2419/2364 2385/2414/2360
f 2391/2420/2365 2390/2419/2364 2392/2421/2366
f 2392/2421/2366 2390/2419/2364 2389/2418/2364
f 2393/2422/2367 2394/2423/2368 2395/2424/2369
f 2395/2424/2369 2394/2423/2368 2396/2425/2366
f 2397/2426/2370 2393/2422/2367 2395/2424/2369
f 2398/2427/2371 2393/2422/2367 2399/2428/2372
f 2399/2428/2372 2393/2422/2367 2397/2426/2370
f 2312/2338/2291 2398/2427/2371 2399/2428/2372
f 2311/2337/2290 2398/2427/2371 2312/2338/2291
f 2311/2337/2290 2400/2429/2373 2398/2427/2371
f 2380/2409/2355 2382/2411/2357 2401/2430/2374
f 2353/2380/2332 2354/2381/2333 2382/2411/2357
f 2382/2411/2357 2354/2381/2333 2401/2430/2374
f 2402/2431/2375 2401/2430/2374 2354/2381/2333
f 2403/2432/2376 2402/2431/2375 2352/2379/2331
f 2352/2379/2331 2402/2431/2375 2354/2381/2333
f 2404/2433/2377 2405/2434/2376 2350/2377/2329
f 2350/2377/2329 2405/2434/2376 2352/2383/2331
f 2406/2435/2378 2404/2433/2377 2343/2370/2322
f 2343/2370/2322 2404/2433/2377 2350/2377/2329
f 2407/2436/2379 2406/2435/2378 2342/2369/2321
f 2342/2369/2321 2406/2435/2378 2343/2370/2322
f 2408/2437/2380 2342/2369/2321 2344/2371/2323
f 2409/2438/2381 2408/2437/2380 2344/2371/2323
f 2408/2437/2380 2407/2436/2379 2342/2369/2321
f 2410/2439/2382 2411/2440/2383 2412/2441/2384
f 2413/2442/2385 2414/2443/2386 2415/2444/2387
f 2415/2444/2387 2414/2443/2386 2416/2445/2388
f 2415/2444/2387 2417/2446/2389 2418/2447/2390
f 2417/2446/2389 2419/2448/2391 2418/2447/2390
f 2415/2444/2387 2416/2445/2388 2417/2446/2389
f 2420/2449/2392 2421/2450/2393 2422/2451/2394
f 2423/2452/2395 2424/2453/2396 2425/2454/2397
f 2426/2455/2398 2427/2456/2399 2428/2457/2400
f 2427/2456/2399 2429/2458/2401 2428/2457/2400
f 2430/2459/2402 2431/2460/2403 2428/2457/2400
f 2428/2457/2400 2431/2460/2403 2426/2455/2398
f 2432/2461/2404 2433/2462/2405 2428/2457/2400
f 2434/2463/2406 2426/2455/2398 2431/2460/2403
f 2435/2464/2407 2436/2465/2408 2220/2240/2200
f 2220/2240/2200 2436/2465/2408 2218/2238/2198
f 2436/2465/2408 2437/2466/2409 2218/2238/2198
f 2218/2238/2198 2437/2466/2409 2214/2234/2194
f 2437/2466/2409 2438/2467/2410 2214/2234/2194
f 2214/2234/2194 2438/2467/2410 2215/2235/2195
f 2439/2468/2411 2223/2245/2203 2440/2469/2412
f 2440/2469/2412 2223/2245/2203 2224/2246/2204
f 2220/2244/2200 2223/2245/2203 2435/2470/2407
f 2435/2470/2407 2223/2245/2203 2439/2468/2411
f 2441/2471/2413 2226/2248/2206 2442/2472/2414
f 2442/2472/2414 2226/2248/2206 2228/2250/2208
f 2442/2472/2414 2228/2250/2208 2443/2473/2415
f 2443/2473/2415 2228/2250/2208 2230/2252/2210
f 2440/2469/2412 2224/2246/2204 2441/2471/2413
f 2441/2471/2413 2224/2246/2204 2226/2248/2206
f 2438/2467/2410 2437/2466/2409 2444/2474/2416
f 2444/2474/2416 2437/2466/2409 2445/2475/2417
f 2437/2466/2409 2436/2465/2408 2445/2475/2417
f 2445/2475/2417 2436/2465/2408 2446/2476/2418
f 2447/2477/2419 2446/2476/2418 2435/2464/2407
f 2435/2464/2407 2446/2476/2418 2436/2465/2408
f 2435/2470/2407 2439/2468/2411 2447/2478/2419
f 2447/2478/2419 2439/2468/2411 2448/2479/2420
f 2440/2469/2412 2449/2480/2421 2439/2468/2411
f 2439/2468/2411 2449/2480/2421 2448/2479/2420
f 2450/2481/2422 2449/2480/2421 2441/2471/2413
f 2441/2471/2413 2449/2480/2421 2440/2469/2412
f 2451/2482/2423 2450/2481/2422 2442/2472/2414
f 2442/2472/2414 2450/2481/2422 2441/2471/2413
f 2443/2473/2415 2452/2483/2424 2442/2472/2414
f 2442/2472/2414 2452/2483/2424 2451/2482/2423
f 2430/2459/2402 2433/2462/2405 2445/2475/2417
f 2445/2475/2417 2433/2462/2405 2444/2474/2416
f 2431/2460/2403 2430/2459/2402 2446/2476/2418
f 2446/2476/2418 2430/2459/2402 2445/2475/2417
f 2446/2476/2418 2447/2477/2419 2431/2460/2403
f 2431/2460/2403 2447/2477/2419 2434/2463/2406
f 2447/2478/2419 2448/2479/2420 2434/2484/2406
f 2434/2484/2406 2448/2479/2420 2453/2485/2425
f 2448/2479/2420 2449/2480/2421 2453/2485/2425
f 2453/2485/2425 2449/2480/2421 2454/2486/2426
f 2450/2481/2422 2455/2487/2427 2449/2480/2421
f 2449/2480/2421 2455/2487/2427 2454/2486/2426
f 2456/2488/2428 2451/2482/2423 2457/2489/2429
f 2457/2489/2429 2451/2482/2423 2452/2483/2424
f 2451/2482/2423 2456/2488/2428 2450/2481/2422
f 2450/2481/2422 2456/2488/2428 2455/2487/2427
f 2458/2490/2430 2459/2491/2431 2460/2492/2432
f 2460/2492/2432 2459/2491/2431 2461/2493/2433
f 2462/2494/2434 2458/2490/2430 2463/2495/2396
f 2463/2495/2396 2458/2490/2430 2460/2492/2432
f 2433/2462/2405 2430/2459/2402 2428/2457/2400
f 2459/2491/2431 2464/2496/2435 2461/2493/2433
f 2461/2493/2433 2464/2496/2435 2465/2497/2436
f 2464/2496/2435 2466/2498/2437 2465/2497/2436
f 2465/2497/2436 2466/2498/2437 2254/2277/2233
f 2467/2453/2438 2423/2452/2395 2462/2499/2434
f 2462/2499/2434 2423/2452/2395 2468/2500/2439
f 2469/2501/2440 2470/2502/2441 2471/2503/2442
f 2471/2503/2442 2470/2502/2441 2472/2504/2443
f 2473/2505/2444 2474/2506/2445 2471/2503/2442
f 2471/2503/2442 2474/2506/2445 2469/2501/2440
f 2475/2507/2446 2473/2505/2444 2476/2508/2447
f 2476/2508/2447 2473/2505/2444 2471/2503/2442
f 2471/2503/2442 2472/2504/2443 2476/2508/2447
f 2476/2508/2447 2472/2504/2443 2477/2509/2448
f 2474/2506/2445 2473/2505/2444 2478/2510/2449
f 2478/2510/2449 2473/2505/2444 2479/2511/2450
f 2480/2512/2451 2479/2511/2450 2475/2507/2446
f 2475/2507/2446 2479/2511/2450 2473/2505/2444
f 2479/2511/2450 2480/2512/2451 2481/2513/2452
f 2482/2514/2453 2483/2515/2454 2484/2516/2455
f 2483/2515/2454 2482/2514/2453 2485/2517/2456
f 2478/2510/2449 2479/2511/2450 2481/2513/2452
f 2483/2515/2454 2486/2513/2457 2484/2516/2455
f 2486/2513/2457 2487/2518/2458 2484/2516/2455
f 2470/2502/2441 2469/2501/2440 2488/2519/2459
f 2488/2519/2459 2469/2501/2440 2489/2520/2460
f 2469/2501/2440 2474/2506/2445 2489/2520/2460
f 2489/2520/2460 2474/2506/2445 2490/2521/2461
f 2491/2522/2462 2490/2521/2461 2478/2510/2449
f 2478/2510/2449 2490/2521/2461 2474/2506/2445
f 2491/2522/2462 2478/2510/2449 2492/2523/2463
f 2492/2523/2463 2478/2510/2449 2483/2515/2454
f 2485/2517/2456 2492/2523/2463 2483/2515/2454
f 2428/2457/2400 2429/2458/2401 2432/2461/2404
s 0
f 2493/2524/2464 2356/2385/2335 2494/2525/2465
f 2494/2525/2466 2356/2385/2335 2358/2387/2337
s 1
f 2495/2526/2467 2496/2527/2468 2497/2528/2467
f 2466/2498/2437 2498/2529/2469 2499/2530/2470
f 2500/2531/2471 2493/2524/2472 2494/2525/2465
f 2267/2290/2246 2501/2532/2473 2264/2287/2243
f 2259/2282/2238 2502/2533/2474 2260/2283/2239
f 2503/2534/2475 2504/2535/2476 2505/2536/2477
f 2505/2536/2477 2504/2535/2476 2506/2537/2478
f 2503/2534/2475 2507/2538/2479 2508/2539/2480
f 2509/2540/2481 2505/2536/2477 2510/2541/2482
f 2510/2541/2482 2505/2536/2477 2506/2537/2478
f 2508/2539/2480 2507/2538/2479 2511/2542/2483
f 2503/2534/2475 2508/2539/2480 2504/2535/2476
f 2512/2543/2484 2513/2544/2485 2514/2545/2486
f 2515/2546/2487 2516/2547/2488 2517/2548/2489
f 2518/2549/2490 2519/2550/2491 2520/2551/2492
f 2518/2549/2490 2520/2551/2492 2521/2552/2493
f 2519/2550/2491 2522/2553/2494 2520/2551/2492
f 2520/2551/2492 2522/2553/2494 2523/2554/2495
f 2524/2555/2496 2520/2551/2492 2525/2556/2497
f 2519/2550/2491 2526/2557/2498 2522/2553/2494
f 2527/2558/2499 2281/2304/2260 2528/2559/2500
f 2528/2559/2500 2281/2304/2260 2279/2302/2258
f 2528/2559/2500 2279/2302/2258 2529/2560/2501
f 2529/2560/2501 2279/2302/2258 2275/2298/2254
f 2529/2560/2501 2275/2298/2254 2530/2561/2502
f 2530/2561/2502 2275/2298/2254 2277/2300/2256
f 2531/2562/2503 2532/2563/2504 2283/2306/2262
f 2283/2306/2262 2532/2563/2504 2285/2310/2264
f 2531/2562/2503 2283/2306/2262 2527/2564/2499
f 2527/2564/2499 2283/2306/2262 2281/2308/2260
f 2290/2315/2269 2288/2313/2267 2533/2565/2505
f 2533/2565/2505 2288/2313/2267 2534/2566/2506
f 2230/2252/2210 2290/2315/2269 2443/2473/2415
f 2443/2473/2415 2290/2315/2269 2533/2565/2505
f 2288/2313/2267 2285/2310/2264 2534/2566/2506
f 2534/2566/2506 2285/2310/2264 2532/2563/2504
f 2530/2561/2502 2535/2567/2507 2529/2560/2501
f 2529/2560/2501 2535/2567/2507 2536/2568/2508
f 2529/2560/2501 2536/2568/2508 2528/2559/2500
f 2528/2559/2500 2536/2568/2508 2537/2569/2509
f 2528/2559/2500 2537/2569/2509 2527/2558/2499
f 2527/2558/2499 2537/2569/2509 2538/2570/2510
f 2539/2571/2511 2531/2562/2503 2538/2572/2510
f 2538/2572/2510 2531/2562/2503 2527/2564/2499
f 2539/2571/2511 2540/2573/2512 2531/2562/2503
f 2531/2562/2503 2540/2573/2512 2532/2563/2504
f 2532/2563/2504 2540/2573/2512 2534/2566/2506
f 2534/2566/2506 2540/2573/2512 2412/2441/2384
f 2534/2566/2506 2412/2441/2384 2533/2565/2505
f 2533/2565/2505 2412/2441/2384 2541/2574/2513
f 2443/2473/2415 2533/2565/2505 2452/2483/2424
f 2452/2483/2424 2533/2565/2505 2541/2574/2513
f 2523/2554/2495 2536/2568/2508 2525/2556/2497
f 2525/2556/2497 2536/2568/2508 2535/2567/2507
f 2536/2568/2508 2523/2554/2495 2537/2569/2509
f 2537/2569/2509 2523/2554/2495 2522/2553/2494
f 2537/2569/2509 2522/2553/2494 2538/2570/2510
f 2538/2570/2510 2522/2553/2494 2526/2557/2498
f 2542/2575/2514 2539/2571/2511 2526/2576/2498
f 2526/2576/2498 2539/2571/2511 2538/2572/2510
f 2539/2571/2511 2542/2575/2514 2540/2573/2512
f 2540/2573/2512 2542/2575/2514 2543/2577/2515
f 2543/2577/2515 2410/2439/2382 2540/2573/2512
f 2540/2573/2512 2410/2439/2382 2412/2441/2384
f 2452/2483/2424 2541/2574/2513 2457/2489/2429
f 2457/2489/2429 2541/2574/2513 2411/2440/2383
f 2412/2441/2384 2411/2440/2383 2541/2574/2513
f 2544/2578/2516 2545/2579/2517 2546/2580/2518
f 2546/2580/2518 2545/2579/2517 2547/2581/2519
f 2546/2580/2518 2547/2581/2519 2548/2582/2520
f 2548/2582/2520 2547/2581/2519 2549/2583/2521
f 2525/2556/2497 2520/2551/2492 2523/2554/2495
f 2550/2584/2522 2551/2585/2523 2544/2578/2516
f 2544/2578/2516 2551/2585/2523 2545/2579/2517
f 2552/2586/2524 2316/2342/2295 2314/2340/2293
f 2553/2548/2520 2549/2587/2521 2515/2546/2487
f 2515/2546/2487 2549/2587/2521 2554/2588/2525
f 2555/2589/2526 2556/2590/2527 2557/2591/2528
f 2557/2591/2528 2556/2590/2527 2558/2592/2529
f 2559/2593/2530 2557/2591/2528 2560/2594/2531
f 2560/2594/2531 2557/2591/2528 2558/2592/2529
f 2476/2508/2447 2561/2595/2532 2475/2507/2446
f 2475/2507/2446 2561/2595/2532 2562/2596/2533
f 2477/2509/2448 2563/2597/2534 2476/2508/2447
f 2476/2508/2447 2563/2597/2534 2561/2595/2532
f 2564/2598/2535 2559/2593/2530 2565/2599/2536
f 2565/2599/2536 2559/2593/2530 2560/2594/2531
f 2475/2507/2446 2562/2596/2533 2480/2512/2451
f 2480/2512/2451 2562/2596/2533 2566/2600/2537
f 2567/2601/2538 2568/2602/2539 2569/2603/2540
f 2570/2603/2541 2568/2602/2542 2571/2604/2543
f 2572/2605/2544 2573/2606/2545 2574/2607/2546
f 2574/2607/2546 2575/2608/2547 2572/2605/2544
f 2565/2599/2536 2574/2607/2546 2564/2598/2535
f 2564/2598/2535 2574/2607/2546 2576/2609/2548
f 2574/2607/2546 2573/2606/2545 2576/2609/2548
f 2576/2609/2548 2573/2606/2545 2577/2610/2549
f 2556/2590/2527 2578/2611/2550 2558/2592/2529
f 2558/2592/2529 2578/2611/2550 2579/2612/2551
f 2558/2592/2529 2579/2612/2551 2560/2594/2531
f 2560/2594/2531 2579/2612/2551 2580/2613/2552
f 2581/2614/2553 2565/2599/2536 2580/2613/2552
f 2580/2613/2552 2565/2599/2536 2560/2594/2531
f 2581/2614/2553 2582/2615/2554 2565/2599/2536
f 2582/2615/2554 2574/2607/2546 2565/2599/2536
f 2575/2608/2547 2574/2607/2546 2582/2615/2554
f 2520/2551/2492 2524/2555/2496 2521/2552/2493
f 2274/2297/2253 2273/2296/2252 2583/2616/2555
f 2265/2288/2244 2584/2617/2556 2585/2618/2557
f 2552/2586/2524 2314/2340/2293 2586/2619/2558
f 2274/2297/2253 2583/2616/2555 2587/2620/2559
f 2587/2620/2559 2583/2616/2555 2588/2621/2560
f 2327/2353/2306 2323/2349/2302 2589/2622/2561
f 2273/2296/2252 2321/2347/2300 2590/2623/2562
f 2591/2624/2563 2555/2589/2526 2592/2625/2564
f 2592/2625/2564 2555/2589/2526 2557/2591/2528
f 2593/2626/2565 2592/2625/2564 2559/2593/2530
f 2559/2593/2530 2592/2625/2564 2557/2591/2528
f 2594/2627/2566 2593/2626/2565 2564/2598/2535
f 2564/2598/2535 2593/2626/2565 2559/2593/2530
f 2595/2627/2567 2576/2609/2548 2596/2628/2568
f 2413/2442/2385 2570/2603/2541 2571/2604/2543
f 2596/2628/2568 2576/2609/2548 2597/2629/2569
f 2571/2604/2543 2598/2630/2570 2599/2631/2571
f 2600/2632/2572 2264/2287/2243 2501/2532/2473
f 2601/2633/2573 2602/2634/2574 2603/2635/2575
f 2576/2609/2548 2577/2610/2549 2597/2629/2569
f 2604/2636/2576 2605/2637/2577 2606/2638/2578
f 2413/2442/2385 2599/2631/2571 2414/2443/2386
f 2607/2639/2579 2604/2636/2576 2606/2638/2578
f 2413/2442/2385 2571/2604/2543 2599/2631/2571
f 2316/2342/2295 2552/2586/2524 2550/2584/2522
f 2550/2584/2522 2552/2586/2524 2551/2585/2523
f 2499/2530/2470 2254/2277/2233 2466/2498/2437
f 2265/2288/2244 2585/2618/2557 2323/2349/2302
f 2323/2349/2302 2585/2618/2557 2589/2622/2561
f 2265/2288/2244 2264/2287/2243 2600/2632/2572
f 2265/2288/2244 2600/2632/2572 2608/2640/2580
f 2257/2280/2236 2609/2641/2581 2248/2271/2228
f 2610/2642/2582 2609/2641/2581 2258/2281/2237
f 2258/2281/2237 2609/2641/2581 2257/2280/2236
f 2255/2278/2234 2254/2277/2233 2499/2530/2470
f 2611/2643/2583 2612/2644/2584 2613/2645/2585
f 2613/2645/2585 2612/2644/2584 2614/2646/2586
f 2383/2412/2358 2614/2646/2586 2259/2282/2238
f 2259/2282/2238 2614/2646/2586 2612/2644/2584
f 2566/2600/2537 2615/2647/2587 2480/2512/2451
f 2616/2648/2588 2617/2602/2589 2618/2601/2590
f 2480/2512/2451 2615/2647/2587 2487/2518/2458
f 2265/2288/2244 2608/2640/2580 2584/2617/2556
f 2619/2649/2591 2495/2526/2467 2620/2650/2592
f 2620/2650/2592 2495/2526/2467 2497/2528/2467
f 2621/2651/2593 2509/2540/2481 2622/2652/2594
f 2621/2651/2593 2622/2652/2594 2623/2653/2595
f 2624/2654/2596 2625/2655/2592 2626/2656/2597
f 2601/2633/2573 2603/2635/2575 2627/2657/2598
f 2509/2540/2481 2510/2541/2482 2622/2652/2594
f 2564/2598/2535 2576/2609/2548 2594/2627/2566
f 2486/2513/2457 2480/2512/2451 2487/2518/2458
f 2478/2510/2449 2486/2513/2457 2483/2515/2454
f 2628/2658/2599 2629/2659/2600 2630/2660/2601
f 2628/2658/2599 2630/2660/2601 2631/2661/2602
f 2631/2661/2602 2630/2660/2601 2632/2662/2603
f 2633/2663/2604 2629/2659/2600 2628/2658/2599
f 2634/2664/2605 2635/2665/2606 2633/2663/2604
f 2633/2663/2604 2635/2665/2606 2629/2659/2600
f 2636/2666/2607 2637/2667/2608 2634/2668/2605
f 2634/2668/2605 2637/2667/2608 2635/2669/2606
f 2638/2670/2609 2639/2671/2610 2636/2666/2607
f 2636/2666/2607 2639/2671/2610 2637/2667/2608
f 2640/2672/2611 2641/2673/2612 2638/2670/2609
f 2638/2670/2609 2641/2673/2612 2639/2671/2610
f 2642/2674/2613 2641/2673/2612 2643/2675/2614
f 2643/2675/2614 2641/2673/2612 2640/2672/2611
f 2643/2675/2614 2640/2672/2611 2644/2676/2615
f 2644/2676/2615 2640/2672/2611 2645/2677/2616
f 2645/2677/2616 2640/2672/2611 2646/2678/2617
f 2646/2678/2617 2640/2672/2611 2638/2670/2609
f 2646/2678/2617 2638/2670/2609 2647/2679/2618
f 2647/2679/2618 2638/2670/2609 2636/2666/2607
f 2647/2679/2618 2636/2666/2607 2648/2680/2619
f 2648/2680/2619 2636/2666/2607 2634/2668/2605
f 2648/2681/2619 2634/2664/2605 2649/2682/2620
f 2649/2682/2620 2634/2664/2605 2633/2663/2604
f 2649/2682/2620 2633/2663/2604 2650/2683/2621
f 2650/2683/2621 2633/2663/2604 2628/2658/2599
f 2650/2683/2621 2628/2658/2599 2651/2684/2622
f 2651/2684/2622 2628/2658/2599 2631/2661/2602
f 2642/2674/2613 2652/2685/2623 2641/2673/2612
f 2641/2673/2612 2652/2685/2623 2653/2686/2624
f 2639/2671/2610 2654/2687/2625 2637/2667/2608
f 2637/2667/2608 2654/2687/2625 2655/2688/2626
f 2637/2667/2608 2655/2688/2626 2635/2669/2606
f 2635/2669/2606 2655/2688/2626 2656/2689/2627
f 2635/2665/2606 2656/2690/2627 2629/2659/2600
f 2629/2659/2600 2656/2690/2627 2657/2691/2628
f 2630/2660/2601 2629/2659/2600 2658/2692/2629
f 2658/2692/2629 2629/2659/2600 2657/2691/2628
f 2659/2693/2630 2630/2660/2601 2658/2692/2629
f 2338/2365/2317 2650/2683/2621 2339/2366/2318
f 2339/2366/2318 2650/2683/2621 2651/2684/2622
f 2337/2364/2316 2649/2682/2620 2338/2365/2317
f 2338/2365/2317 2649/2682/2620 2650/2683/2621
f 2336/2363/2315 2648/2681/2619 2337/2364/2316
f 2337/2364/2316 2648/2681/2619 2649/2682/2620
f 2335/2361/2314 2647/2679/2618 2336/2362/2315
f 2336/2362/2315 2647/2679/2618 2648/2680/2619
f 2334/2360/2313 2646/2678/2617 2335/2361/2314
f 2335/2361/2314 2646/2678/2617 2647/2679/2618
f 2332/2358/2311 2645/2677/2616 2334/2360/2313
f 2334/2360/2313 2645/2677/2616 2646/2678/2617
f 2333/2359/2312 2644/2676/2615 2332/2358/2311
f 2332/2358/2311 2644/2676/2615 2645/2677/2616
f 2333/2359/2312 2331/2357/2310 2644/2676/2615
f 2644/2676/2615 2331/2357/2310 2660/2694/2631
f 2661/2695/2632 2662/2696/2633 2663/2697/2634
f 2663/2697/2634 2662/2696/2633 2664/2698/2635
s 0
f 2665/2699/2636 2661/2695/2637 2666/2700/2638
f 2666/2700/2639 2661/2695/2632 2663/2697/2634
s 1
f 2660/2694/2631 2666/2700/2639 2644/2676/2615
f 2644/2676/2615 2666/2700/2639 2643/2675/2614
f 2641/2673/2612 2653/2686/2624 2639/2671/2610
f 2639/2671/2610 2653/2686/2624 2654/2687/2625
f 2660/2694/2631 2331/2357/2310 2667/2701/2640
f 2667/2701/2640 2331/2357/2310 2194/2214/2174
f 2666/2700/2639 2660/2694/2631 2665/2699/2636
f 2665/2699/2636 2660/2694/2631 2667/2701/2640
f 2663/2697/2634 2642/2674/2613 2666/2700/2639
f 2666/2700/2639 2642/2674/2613 2643/2675/2614
f 2642/2674/2613 2663/2697/2634 2652/2685/2623
f 2652/2685/2623 2663/2697/2634 2664/2698/2635
f 2668/2702/2641 2669/2703/2642 2670/2704/2643
f 2670/2704/2643 2669/2703/2642 2671/2705/2644
f 2378/2407/2353 2672/2706/2645 2379/2408/2354
f 2668/2702/2641 2673/2707/2646 2669/2703/2642
f 2670/2704/2643 2671/2705/2644 2674/2708/2647
f 2674/2708/2647 2671/2705/2644 2675/2709/2648
f 2673/2710/2646 2676/2711/2649 2677/2712/2650
f 2678/2713/2651 2679/2714/2652 2677/2712/2650
f 2677/2712/2650 2679/2714/2652 2680/2715/2653
f 2679/2714/2652 2681/2716/2654 2680/2715/2653
f 2680/2715/2653 2681/2716/2654 2682/2717/2655
f 2683/2718/2656 2684/2719/2657 2685/2720/2658
f 2685/2720/2658 2684/2719/2657 2686/2721/2659
f 2687/2722/2660 2688/2723/2661 2689/2724/2662
f 2688/2723/2661 2690/2725/2663 2689/2724/2662
f 2691/2726/2654 2683/2718/2656 2682/2727/2664
f 2682/2727/2664 2683/2718/2656 2685/2720/2658
f 2684/2719/2657 2687/2722/2660 2686/2721/2659
f 2686/2721/2659 2687/2722/2660 2689/2724/2662
f 2690/2725/2663 2692/2728/2665 2689/2724/2662
f 2693/2729/2666 2694/2730/2667 2695/2731/2668
f 2695/2731/2668 2694/2730/2667 2696/2732/2669
f 2697/2733/2670 2698/2734/2671 2689/2735/2672
f 2698/2734/2671 2693/2729/2666 2699/2736/2673
f 2699/2736/2673 2693/2729/2666 2695/2731/2668
f 2160/2179/2140 2159/2178/2139 2694/2730/2667
f 2632/2662/2603 2630/2660/2601 2700/2737/2674
f 2700/2737/2674 2630/2660/2601 2659/2693/2630
f 2673/2710/2646 2677/2712/2650 2669/2738/2642
f 2677/2712/2650 2676/2711/2649 2678/2713/2651
f 2378/2407/2353 2674/2708/2647 2672/2706/2645
f 2672/2706/2645 2674/2708/2647 2675/2709/2648
f 2698/2734/2671 2699/2736/2673 2689/2735/2672
f 2696/2732/2669 2694/2730/2667 2701/2739/2675
f 2159/2178/2139 2701/2739/2675 2694/2730/2667
f 2166/2185/2146 2169/2188/2149 2702/2740/2676
f 2702/2740/2676 2169/2188/2149 2703/2741/2677
f 2702/2740/2676 2704/2742/2678 2166/2185/2146
f 2166/2185/2146 2704/2742/2678 2163/2182/2143
f 2165/2184/2145 2705/2743/2679 2172/2191/2152
f 2172/2191/2152 2705/2743/2679 2175/2194/2155
f 2163/2182/2143 2704/2742/2678 2165/2184/2145
f 2165/2184/2145 2704/2742/2678 2705/2743/2679
f 2103/2116/2083 2105/2118/2085 2703/2741/2677
f 2703/2741/2677 2105/2118/2085 2706/2744/2680
f 2706/2745/2680 2105/2122/2085 2707/2746/2681
f 2105/2122/2085 2108/2121/2088 2707/2746/2681
f 2103/2116/2083 2703/2741/2677 2169/2188/2149
f 2108/2121/2088 2708/2747/2682 2707/2746/2681
f 2709/2748/2683 2710/2749/2684 2711/2750/2685
f 2711/2750/2685 2710/2749/2684 2712/2751/2686
f 2713/2752/2687 2709/2748/2683 2711/2750/2685
f 2713/2752/2687 2702/2753/2676 2714/2754/2688
f 2714/2754/2688 2702/2753/2676 2703/2755/2677
f 2702/2753/2676 2713/2752/2687 2704/2756/2678
f 2704/2756/2678 2713/2752/2687 2711/2750/2685
f 2712/2751/2686 2178/2197/2158 2705/2757/2679
f 2705/2757/2679 2178/2197/2158 2175/2198/2155
f 2711/2750/2685 2712/2751/2686 2704/2756/2678
f 2704/2756/2678 2712/2751/2686 2705/2757/2679
f 2715/2758/2689 2353/2380/2332 2716/2759/2690
f 2716/2759/2690 2353/2380/2332 2382/2411/2357
f 2717/2760/2691 2715/2758/2689 2716/2759/2690
f 2718/2761/2692 2719/2762/2693 2720/2763/2694
f 2720/2763/2694 2719/2762/2693 2721/2764/2695
f 2720/2763/2694 2722/2765/2696 2718/2761/2692
f 2718/2761/2692 2722/2765/2696 2723/2766/2697
f 2706/2767/2680 2722/2765/2696 2703/2755/2677
f 2703/2755/2677 2722/2765/2696 2720/2763/2694
f 2706/2768/2680 2707/2769/2681 2722/2770/2696
f 2724/2771/2698 2725/2772/2699 2726/2773/2700
f 2726/2773/2700 2725/2772/2699 2727/2774/2701
f 2723/2775/2697 2722/2770/2696 2728/2776/2702
f 2728/2776/2702 2722/2770/2696 2729/2777/2703
f 2716/2759/2690 2730/2778/2704 2717/2760/2691
f 2719/2762/2693 2731/2779/2705 2732/2780/2706
f 2732/2780/2706 2731/2779/2705 2733/2781/2707
f 2732/2780/2706 2733/2781/2707 2734/2782/2708
f 2734/2782/2708 2733/2781/2707 2735/2783/2709
f 2734/2782/2708 2735/2783/2709 2736/2784/2710
f 2736/2784/2710 2735/2783/2709 2737/2785/2711
f 2738/2786/2712 2739/2787/2713 2740/2788/2714
f 2740/2788/2714 2739/2787/2713 2724/2771/2698
f 2739/2787/2713 2741/2789/2715 2724/2771/2698
f 2724/2771/2698 2741/2789/2715 2725/2772/2699
f 2725/2772/2699 2741/2789/2715 2728/2776/2702
f 2728/2776/2702 2741/2789/2715 2742/2790/2716
f 2728/2776/2702 2742/2790/2716 2723/2775/2697
f 2723/2775/2697 2742/2790/2716 2743/2791/2717
f 2743/2792/2717 2744/2793/2718 2723/2766/2697
f 2723/2766/2697 2744/2793/2718 2718/2761/2692
f 2718/2761/2692 2744/2793/2718 2719/2762/2693
f 2719/2762/2693 2744/2793/2718 2731/2779/2705
f 2730/2778/2704 2745/2794/2719 2717/2760/2691
f 2722/2770/2696 2707/2769/2681 2729/2777/2703
f 2729/2777/2703 2745/2794/2719 2727/2774/2701
f 2727/2774/2701 2745/2794/2719 2730/2778/2704
f 2729/2777/2703 2727/2774/2701 2728/2776/2702
f 2728/2776/2702 2727/2774/2701 2725/2772/2699
f 2714/2754/2688 2746/2795/2720 2713/2752/2687
f 2710/2749/2684 2176/2195/2156 2712/2751/2686
f 2712/2751/2686 2176/2195/2156 2178/2197/2158
f 2713/2752/2687 2746/2795/2720 2709/2748/2683
f 2719/2762/2693 2732/2780/2706 2747/2796/2721
f 2721/2764/2695 2719/2762/2693 2747/2796/2721
f 2748/2797/2722 2726/2773/2700 2730/2778/2704
f 2730/2778/2704 2726/2773/2700 2727/2774/2701
f 2749/2798/2723 2748/2797/2722 2716/2759/2690
f 2716/2759/2690 2748/2797/2722 2730/2778/2704
f 2381/2410/2356 2749/2798/2723 2382/2411/2357
f 2382/2411/2357 2749/2798/2723 2716/2759/2690
f 2720/2763/2694 2721/2764/2695 2714/2754/2688
f 2714/2754/2688 2721/2764/2695 2746/2795/2720
f 2720/2763/2694 2714/2754/2688 2703/2755/2677
f 2729/2777/2703 2707/2769/2681 2708/2799/2682
f 2108/2121/2088 2168/2187/2148 2708/2747/2682
f 2750/2800/2724 2156/2175/2136 2155/2174/2135
f 2751/2801/2725 2168/2187/2148 2752/2802/2726
f 2752/2802/2726 2168/2187/2148 2167/2186/2147
f 2708/2747/2682 2168/2187/2148 2751/2801/2725
f 2156/2175/2136 2750/2800/2724 2167/2186/2147
f 2729/2777/2703 2708/2799/2682 2745/2794/2719
f 2753/2803/2727 2751/2801/2725 2752/2802/2726
f 2754/2804/2728 2351/2378/2330 2715/2758/2689
f 2715/2758/2689 2351/2378/2330 2353/2380/2332
f 2717/2760/2691 2754/2804/2728 2715/2758/2689
f 2754/2805/2728 2750/2800/2724 2351/2384/2330
f 2351/2384/2330 2750/2800/2724 2155/2174/2135
f 2754/2805/2728 2752/2802/2726 2750/2800/2724
f 2717/2760/2691 2745/2794/2719 2753/2806/2727
f 2753/2806/2727 2745/2794/2719 2751/2807/2725
f 2708/2799/2682 2751/2807/2725 2745/2794/2719
f 2753/2806/2727 2754/2804/2728 2717/2760/2691
f 2752/2802/2726 2754/2805/2728 2753/2803/2727
f 2740/2788/2714 2755/2808/2729 2738/2786/2712
f 2738/2786/2712 2755/2808/2729 2756/2809/2730
f 2737/2810/2711 2756/2809/2730 2757/2811/2731
f 2757/2811/2731 2756/2809/2730 2755/2808/2729
f 2167/2186/2147 2750/2800/2724 2752/2802/2726
f 2758/2812/2732 2759/2813/2733 2760/2814/2734
f 2761/2815/2735 2762/2816/2736 2763/2817/2737
f 2763/2817/2737 2762/2816/2736 2764/2818/2738
f 2765/2819/2739 2763/2817/2737 2766/2820/2740
f 2766/2820/2740 2763/2817/2737 2764/2818/2738
f 2767/2821/2741 2765/2819/2739 2768/2822/2742
f 2768/2822/2742 2765/2819/2739 2766/2820/2740
f 2769/2823/2743 2770/2824/2744 2760/2814/2734
f 2760/2814/2734 2770/2824/2744 2758/2812/2732
f 2771/2825/2745 2772/2826/2746 2773/2827/2747
f 2771/2828/2745 2773/2829/2747 2774/2830/2748
f 2774/2830/2748 2773/2829/2747 2775/2831/2749
f 2761/2815/2735 2774/2830/2748 2762/2816/2736
f 2762/2816/2736 2774/2830/2748 2775/2831/2749
f 2767/2832/2741 2768/2833/2742 2758/2812/2732
f 2769/2823/2743 2776/2834/2750 2770/2824/2744
f 2770/2824/2744 2776/2834/2750 2777/2835/2751
f 2768/2833/2742 2759/2813/2733 2758/2812/2732
f 2778/2836/2752 2759/2837/2733 2766/2820/2740
f 2766/2820/2740 2759/2837/2733 2768/2822/2742
f 2779/2838/2753 2778/2836/2752 2764/2818/2738
f 2764/2818/2738 2778/2836/2752 2766/2820/2740
f 2762/2816/2736 2780/2839/2754 2764/2818/2738
f 2764/2818/2738 2780/2839/2754 2779/2838/2753
f 2775/2831/2749 2781/2840/2755 2762/2816/2736
f 2762/2816/2736 2781/2840/2755 2780/2839/2754
f 2773/2829/2747 2782/2841/2756 2775/2831/2749
f 2775/2831/2749 2782/2841/2756 2781/2840/2755
f 2783/2842/2757 2782/2843/2756 2772/2826/2746
f 2772/2826/2746 2782/2843/2756 2773/2827/2747
f 2772/2826/2746 2777/2835/2751 2783/2842/2757
f 2783/2842/2757 2777/2835/2751 2776/2834/2750
f 2756/2809/2730 2737/2810/2711 2759/2837/2733
f 2778/2836/2752 2756/2809/2730 2759/2837/2733
f 2738/2786/2712 2756/2809/2730 2778/2836/2752
f 2778/2836/2752 2779/2838/2753 2738/2786/2712
f 2738/2786/2712 2779/2838/2753 2739/2787/2713
f 2741/2789/2715 2739/2787/2713 2780/2839/2754
f 2780/2839/2754 2739/2787/2713 2779/2838/2753
f 2741/2789/2715 2780/2839/2754 2742/2790/2716
f 2742/2790/2716 2780/2839/2754 2781/2840/2755
f 2742/2790/2716 2781/2840/2755 2743/2791/2717
f 2743/2791/2717 2781/2840/2755 2782/2841/2756
f 2744/2793/2718 2743/2792/2717 2783/2842/2757
f 2783/2842/2757 2743/2792/2717 2782/2843/2756
f 2731/2779/2705 2744/2793/2718 2776/2834/2750
f 2776/2834/2750 2744/2793/2718 2783/2842/2757
f 2731/2779/2705 2776/2834/2750 2733/2781/2707
f 2733/2781/2707 2776/2834/2750 2769/2823/2743
f 2733/2781/2707 2769/2823/2743 2735/2783/2709
f 2735/2783/2709 2769/2823/2743 2760/2814/2734
f 2735/2783/2709 2760/2814/2734 2737/2785/2711
f 2737/2785/2711 2760/2814/2734 2759/2813/2733
f 2784/2844/2758 2785/2845/2759 2786/2846/2760
f 2787/2847/2761 2767/2832/2741 2788/2848/2762
f 2789/2849/2763 2771/2825/2745 2790/2850/2764
f 2771/2825/2745 2789/2849/2763 2772/2826/2746
f 2791/2851/2765 2792/2852/2766 2793/2853/2767
f 2793/2853/2767 2792/2852/2766 2794/2854/2768
f 2793/2853/2767 2794/2854/2768 2795/2855/2769
f 2795/2855/2769 2794/2854/2768 2796/2856/2770
f 2796/2856/2770 2797/2857/2771 2795/2855/2769
f 2795/2855/2769 2797/2857/2771 2798/2858/2772
f 2797/2857/2771 2799/2859/2773 2798/2858/2772
f 2798/2858/2772 2799/2859/2773 2800/2860/2774
f 2799/2861/2773 2801/2862/2775 2800/2863/2774
f 2800/2863/2774 2801/2862/2775 2802/2864/2776
f 2801/2862/2775 2803/2865/2777 2802/2864/2776
f 2802/2864/2776 2803/2865/2777 2784/2844/2758
f 2803/2865/2777 2785/2845/2759 2784/2844/2758
f 2804/2866/2778 2805/2867/2779 2785/2845/2759
f 2785/2845/2759 2805/2867/2779 2786/2846/2760
f 2805/2867/2779 2804/2866/2778 2806/2868/2780
f 2806/2868/2780 2804/2866/2778 2807/2869/2781
f 2806/2870/2780 2807/2871/2781 2791/2851/2765
f 2791/2851/2765 2807/2871/2781 2792/2852/2766
f 2788/2848/2762 2758/2812/2732 2808/2872/2782
f 2808/2872/2782 2758/2812/2732 2770/2824/2744
f 2809/2873/2783 2808/2872/2782 2777/2835/2751
f 2777/2835/2751 2808/2872/2782 2770/2824/2744
f 2789/2849/2763 2809/2873/2783 2772/2826/2746
f 2772/2826/2746 2809/2873/2783 2777/2835/2751
f 2788/2848/2762 2808/2872/2782 2798/2858/2772
f 2798/2858/2772 2808/2872/2782 2795/2855/2769
f 2795/2855/2769 2808/2872/2782 2793/2853/2767
f 2793/2853/2767 2808/2872/2782 2809/2873/2783
f 2793/2853/2767 2809/2873/2783 2791/2851/2765
f 2791/2851/2765 2809/2873/2783 2789/2849/2763
f 2774/2830/2748 2810/2874/2784 2771/2828/2745
f 2771/2828/2745 2810/2874/2784 2790/2875/2764
f 2811/2876/2785 2784/2844/2758 2812/2877/2786
f 2812/2877/2786 2784/2844/2758 2786/2846/2760
f 2811/2876/2785 2763/2817/2737 2813/2878/2787
f 2813/2878/2787 2763/2817/2737 2765/2819/2739
f 2765/2819/2739 2767/2821/2741 2813/2878/2787
f 2813/2878/2787 2767/2821/2741 2787/2879/2761
f 2812/2877/2786 2810/2874/2784 2761/2815/2735
f 2761/2815/2735 2810/2874/2784 2774/2830/2748
f 2763/2817/2737 2811/2876/2785 2761/2815/2735
f 2761/2815/2735 2811/2876/2785 2812/2877/2786
f 2802/2864/2776 2784/2844/2758 2813/2878/2787
f 2813/2878/2787 2784/2844/2758 2811/2876/2785
f 2800/2863/2774 2802/2864/2776 2787/2879/2761
f 2787/2879/2761 2802/2864/2776 2813/2878/2787
f 2798/2858/2772 2800/2860/2774 2788/2848/2762
f 2788/2848/2762 2800/2860/2774 2787/2847/2761
f 2767/2832/2741 2758/2812/2732 2788/2848/2762
f 2791/2851/2765 2789/2849/2763 2806/2870/2780
f 2806/2870/2780 2789/2849/2763 2790/2850/2764
f 2810/2874/2784 2805/2867/2779 2790/2875/2764
f 2790/2875/2764 2805/2867/2779 2806/2868/2780
f 2805/2867/2779 2810/2874/2784 2786/2846/2760
f 2786/2846/2760 2810/2874/2784 2812/2877/2786
f 2792/2852/2766 2814/2880/2788 2794/2854/2768
f 2794/2854/2768 2814/2880/2788 2815/2881/2789
f 2815/2881/2789 2816/2882/2790 2794/2854/2768
f 2794/2854/2768 2816/2882/2790 2796/2856/2770
f 2816/2882/2790 2817/2883/2791 2796/2856/2770
f 2796/2856/2770 2817/2883/2791 2797/2857/2771
f 2817/2883/2791 2818/2884/2792 2797/2857/2771
f 2797/2857/2771 2818/2884/2792 2799/2859/2773
f 2818/2885/2792 2819/2886/2793 2799/2861/2773
f 2799/2861/2773 2819/2886/2793 2801/2862/2775
f 2819/2886/2793 2820/2887/2794 2801/2862/2775
f 2801/2862/2775 2820/2887/2794 2803/2865/2777
f 2820/2887/2794 2821/2888/2795 2803/2865/2777
f 2803/2865/2777 2821/2888/2795 2785/2845/2759
f 2822/2889/2796 2804/2866/2778 2821/2888/2795
f 2821/2888/2795 2804/2866/2778 2785/2845/2759
f 2804/2866/2778 2822/2889/2796 2807/2869/2781
f 2807/2869/2781 2822/2889/2796 2823/2890/2797
f 2807/2871/2781 2823/2891/2797 2792/2852/2766
f 2792/2852/2766 2823/2891/2797 2814/2880/2788
f 2824/2892/2798 2825/2893/2799 2819/2886/2793
f 2819/2886/2793 2825/2893/2799 2820/2887/2794
f 2826/2894/2800 2824/2892/2798 2818/2885/2792
f 2818/2885/2792 2824/2892/2798 2819/2886/2793
f 2827/2895/2801 2826/2896/2800 2817/2883/2791
f 2817/2883/2791 2826/2896/2800 2818/2884/2792
f 2828/2897/2802 2827/2895/2801 2816/2882/2790
f 2816/2882/2790 2827/2895/2801 2817/2883/2791
f 2829/2898/2803 2828/2897/2802 2815/2881/2789
f 2815/2881/2789 2828/2897/2802 2816/2882/2790
f 2814/2880/2788 2830/2899/2804 2815/2881/2789
f 2815/2881/2789 2830/2899/2804 2829/2898/2803
f 2823/2891/2797 2831/2900/2805 2814/2880/2788
f 2814/2880/2788 2831/2900/2805 2830/2899/2804
f 2822/2889/2796 2832/2901/2806 2823/2890/2797
f 2823/2890/2797 2832/2901/2806 2831/2902/2805
f 2832/2901/2806 2822/2889/2796 2833/2903/2807
f 2833/2903/2807 2822/2889/2796 2821/2888/2795
f 2825/2893/2799 2833/2903/2807 2820/2887/2794
f 2820/2887/2794 2833/2903/2807 2821/2888/2795
f 2454/2486/2426 2834/2904/2808 2835/2905/2809
f 2836/2906/2810 2427/2456/2399 2426/2455/2398
f 2837/2907/2811 2838/2908/2812 2839/2909/2813
f 2839/2909/2813 2838/2908/2812 2840/2910/2814
f 2841/2911/2815 2842/2912/2816 2843/2913/2817
f 2843/2913/2817 2842/2912/2816 2844/2914/2818
f 2838/2908/2812 2835/2905/2809 2840/2910/2814
f 2840/2910/2814 2835/2905/2809 2845/2915/2819
f 2834/2904/2808 2843/2913/2817 2846/2916/2820
f 2846/2916/2820 2843/2913/2817 2844/2914/2818
f 2839/2917/2813 2836/2906/2810 2837/2918/2811
f 2837/2918/2811 2836/2906/2810 2426/2455/2398
f 2845/2915/2819 2835/2905/2809 2846/2916/2820
f 2846/2916/2820 2835/2905/2809 2834/2904/2808
f 2837/2918/2811 2426/2455/2398 2434/2463/2406
f 2455/2487/2427 2834/2904/2808 2454/2486/2426
f 2843/2913/2817 2456/2488/2428 2841/2911/2815
f 2841/2911/2815 2456/2488/2428 2457/2489/2429
f 2453/2485/2425 2454/2486/2426 2838/2908/2812
f 2838/2908/2812 2454/2486/2426 2835/2905/2809
f 2434/2484/2406 2453/2485/2425 2837/2907/2811
f 2837/2907/2811 2453/2485/2425 2838/2908/2812
f 2834/2904/2808 2455/2487/2427 2843/2913/2817
f 2843/2913/2817 2455/2487/2427 2456/2488/2428
f 2847/2919/2821 2848/2920/2822 2849/2921/2823
f 2849/2921/2823 2848/2920/2822 2850/2922/2824
f 2472/2504/2443 2847/2919/2821 2477/2509/2448
f 2477/2509/2448 2847/2919/2821 2849/2921/2823
f 2851/2923/2825 2519/2550/2491 2518/2549/2490
f 2852/2924/2826 2853/2925/2827 2854/2926/2828
f 2854/2926/2828 2853/2925/2827 2855/2927/2829
f 2856/2928/2830 2842/2912/2816 2857/2929/2831
f 2857/2929/2831 2842/2912/2816 2841/2911/2815
f 2858/2930/2832 2859/2931/2833 2852/2924/2826
f 2852/2924/2826 2859/2931/2833 2853/2925/2827
f 2860/2932/2834 2861/2933/2835 2857/2929/2831
f 2857/2929/2831 2861/2933/2835 2856/2928/2830
f 2854/2934/2828 2855/2935/2829 2851/2923/2825
f 2851/2923/2825 2855/2935/2829 2519/2550/2491
f 2858/2930/2832 2861/2933/2835 2859/2931/2833
f 2859/2931/2833 2861/2933/2835 2860/2932/2834
f 2855/2935/2829 2526/2557/2498 2519/2550/2491
f 2859/2931/2833 2860/2932/2834 2543/2577/2515
f 2543/2577/2515 2860/2932/2834 2410/2439/2382
f 2857/2929/2831 2841/2911/2815 2411/2440/2383
f 2411/2440/2383 2841/2911/2815 2457/2489/2429
f 2542/2575/2514 2853/2925/2827 2543/2577/2515
f 2543/2577/2515 2853/2925/2827 2859/2931/2833
f 2853/2925/2827 2542/2575/2514 2855/2927/2829
f 2855/2927/2829 2542/2575/2514 2526/2576/2498
f 2860/2932/2834 2857/2929/2831 2410/2439/2382
f 2410/2439/2382 2857/2929/2831 2411/2440/2383
f 2849/2921/2823 2850/2922/2824 2862/2936/2836
f 2563/2597/2534 2477/2509/2448 2863/2937/2837
f 2863/2937/2837 2477/2509/2448 2849/2921/2823
f 2864/2938/2838 2865/2939/2839 2866/2940/2840
f 2867/2941/2841 2868/2942/2842 2869/2943/2843
f 2870/2944/2844 2871/2945/2845 2872/2946/2846
f 2871/2945/2845 2873/2947/2847 2872/2946/2846
f 2874/2948/2848 2875/2949/2849 2876/2950/2850
f 2864/2938/2838 2866/2940/2840 2877/2951/2851
f 2878/2952/2852 2879/2953/2853 2880/2954/2854
f 2555/2589/2526 2591/2624/2563 2881/2955/2855
f 2881/2955/2855 2591/2624/2563 2882/2956/2856
f 2879/2953/2853 2877/2951/2851 2880/2954/2854
f 2883/2957/2857 2884/2958/2858 2885/2959/2859
f 2866/2940/2840 2886/2960/2860 2880/2954/2854
f 2880/2954/2854 2886/2960/2860 2878/2952/2852
f 2866/2940/2840 2865/2939/2839 2886/2960/2860
f 2886/2960/2860 2865/2939/2839 2887/2961/2861
f 2875/2949/2849 2888/2962/2862 2876/2950/2850
f 2889/2963/2863 2890/2964/2864 2891/2965/2865
f 2867/2941/2841 2869/2943/2843 2882/2956/2856
f 2882/2956/2856 2869/2943/2843 2881/2955/2855
f 2892/2966/2866 2893/2967/2867 2884/2958/2858
f 2884/2958/2858 2893/2967/2867 2885/2959/2859
f 2862/2936/2836 2894/2968/2868 2849/2921/2823
f 2849/2921/2823 2894/2968/2868 2863/2937/2837
f 2895/2969/2869 2879/2953/2853 2896/2952/2870
f 2877/2951/2851 2866/2940/2840 2880/2954/2854
f 2897/2970/2871 2898/2971/2872 2899/2972/2873
f 2900/2973/2874 2901/2974/2875 2902/2975/2876
f 2902/2975/2876 2901/2974/2875 2903/2976/2877
f 2904/2977/2878 2900/2973/2874 2905/2978/2879
f 2905/2978/2879 2900/2973/2874 2902/2975/2876
f 2906/2979/2880 2904/2977/2878 2907/2980/2881
f 2907/2980/2881 2904/2977/2878 2905/2978/2879
f 2908/2981/2882 2909/2982/2883 2907/2980/2881
f 2907/2980/2881 2909/2982/2883 2906/2979/2880
f 2897/2983/2871 2899/2984/2873 2908/2981/2882
f 2908/2981/2882 2899/2984/2873 2909/2982/2883
f 2910/2985/2884 2898/2971/2872 2897/2970/2871
f 2898/2971/2872 2910/2985/2884 2911/2986/2885
f 2911/2986/2885 2910/2985/2884 2912/2987/2886
f 2913/2988/2887 2911/2986/2885 2914/2989/2888
f 2914/2989/2888 2911/2986/2885 2912/2987/2886
f 2915/2990/2889 2913/2988/2887 2916/2991/2890
f 2916/2991/2890 2913/2988/2887 2914/2989/2888
f 2901/2992/2875 2915/2990/2889 2903/2993/2877
f 2903/2993/2877 2915/2990/2889 2916/2991/2890
f 2910/2985/2884 2832/2901/2806 2912/2987/2886
f 2912/2987/2886 2832/2901/2806 2833/2903/2807
f 2914/2989/2888 2912/2987/2886 2825/2893/2799
f 2825/2893/2799 2912/2987/2886 2833/2903/2807
f 2916/2991/2890 2914/2989/2888 2824/2892/2798
f 2824/2892/2798 2914/2989/2888 2825/2893/2799
f 2826/2894/2800 2903/2993/2877 2824/2892/2798
f 2824/2892/2798 2903/2993/2877 2916/2991/2890
f 2827/2895/2801 2902/2975/2876 2826/2896/2800
f 2826/2896/2800 2902/2975/2876 2903/2976/2877
f 2905/2978/2879 2902/2975/2876 2828/2897/2802
f 2828/2897/2802 2902/2975/2876 2827/2895/2801
f 2907/2980/2881 2905/2978/2879 2829/2898/2803
f 2829/2898/2803 2905/2978/2879 2828/2897/2802
f 2830/2899/2804 2908/2981/2882 2829/2898/2803
f 2829/2898/2803 2908/2981/2882 2907/2980/2881
f 2897/2983/2871 2908/2981/2882 2831/2900/2805
f 2831/2900/2805 2908/2981/2882 2830/2899/2804
f 2832/2901/2806 2910/2985/2884 2831/2902/2805
f 2831/2902/2805 2910/2985/2884 2897/2970/2871
f 2917/2994/2891 2918/2995/2892 2913/2996/2887
f 2913/2996/2887 2918/2995/2892 2911/2997/2885
f 2919/2998/2893 2898/2999/2872 2918/2995/2892
f 2918/2995/2892 2898/2999/2872 2911/2997/2885
f 2898/2999/2872 2919/2998/2893 2899/3000/2873
f 2899/3000/2873 2919/2998/2893 2920/3001/2894
f 2899/3002/2873 2920/3003/2894 2909/3004/2883
f 2909/3004/2883 2920/3003/2894 2921/3005/2895
f 2909/3004/2883 2921/3005/2895 2906/3006/2880
f 2906/3006/2880 2921/3005/2895 2922/3007/2896
f 2906/3006/2880 2922/3007/2896 2904/3008/2878
f 2904/3008/2878 2922/3007/2896 2923/3009/2897
f 2900/3010/2874 2904/3008/2878 2924/3011/2898
f 2924/3011/2898 2904/3008/2878 2923/3009/2897
f 2901/3012/2875 2900/3010/2874 2925/3013/2899
f 2925/3013/2899 2900/3010/2874 2924/3011/2898
f 2915/3014/2889 2901/3015/2875 2926/3016/2900
f 2926/3016/2900 2901/3015/2875 2925/3017/2899
f 2913/2996/2887 2915/3014/2889 2917/2994/2891
f 2917/2994/2891 2915/3014/2889 2926/3016/2900
f 2927/3018/2901 2928/3019/2902 2929/3020/2903
f 2929/3020/2903 2928/3019/2902 2930/3021/2904
f 2931/3022/2905 2927/3018/2901 2932/3023/2906
f 2932/3023/2906 2927/3018/2901 2929/3020/2903
f 2933/3024/2907 2931/3022/2905 2934/3025/2908
f 2934/3025/2908 2931/3022/2905 2932/3023/2906
f 2935/3026/2909 2933/3024/2907 2936/3027/2910
f 2936/3027/2910 2933/3024/2907 2934/3025/2908
f 2937/3028/2911 2935/3026/2909 2938/3029/2912
f 2938/3029/2912 2935/3026/2909 2936/3027/2910
f 2937/3028/2911 2938/3029/2912 2939/3030/2913
f 2939/3030/2913 2938/3029/2912 2940/3031/2914
f 2939/3030/2913 2940/3031/2914 2941/3032/2915
f 2941/3032/2915 2940/3031/2914 2942/3033/2916
f 2941/3032/2915 2942/3033/2916 2943/3034/2917
f 2943/3034/2917 2942/3033/2916 2944/3035/2918
f 2943/3034/2917 2944/3035/2918 2945/3036/2919
f 2945/3036/2919 2944/3035/2918 2946/3037/2920
f 2945/3036/2919 2946/3037/2920 2928/3019/2902
f 2928/3019/2902 2946/3037/2920 2930/3021/2904
f 2930/3021/2904 2947/3038/2921 2929/3020/2903
f 2929/3020/2903 2947/3038/2921 2948/3039/2922
f 2932/3023/2906 2929/3020/2903 2948/3039/2922
f 2934/3025/2908 2932/3023/2906 2949/3040/2923
f 2949/3040/2923 2932/3023/2906 2948/3039/2922
f 2936/3027/2910 2934/3025/2908 2949/3040/2923
f 2938/3029/2912 2936/3027/2910 2950/3041/2924
f 2950/3041/2924 2936/3027/2910 2949/3040/2923
f 2940/3031/2914 2938/3029/2912 2951/3042/2925
f 2951/3042/2925 2938/3029/2912 2950/3041/2924
f 2942/3033/2916 2940/3031/2914 2952/3043/2926
f 2952/3043/2926 2940/3031/2914 2951/3042/2925
f 2944/3035/2918 2942/3033/2916 2953/3044/2927
f 2953/3044/2927 2942/3033/2916 2952/3043/2926
f 2946/3037/2920 2944/3035/2918 2954/3045/2928
f 2954/3045/2928 2944/3035/2918 2953/3044/2927
f 2946/3037/2920 2954/3045/2928 2930/3021/2904
f 2930/3021/2904 2954/3045/2928 2947/3038/2921
f 2955/3046/2929 2956/3047/2930 2957/3048/2931
f 1712/1672/1694 2958/3049/2932 1730/1694/1712
f 1730/1694/1712 2958/3049/2932 2959/3050/2933
f 2958/3049/2932 1712/1672/1694 2960/3051/2934
f 2960/3051/2934 1712/1672/1694 1714/1674/1696
f 2961/3052/2935 1731/1695/1713 2959/3050/2933
f 2959/3050/2933 1731/1695/1713 1730/1694/1712
f 1740/1704/1722 2962/3053/2936 2963/3054/2937
f 2963/3054/2937 2960/3051/2934 1742/1706/1724
f 1742/1706/1724 2960/3051/2934 1714/1674/1696
f 1740/1704/1722 2963/3054/2937 1742/1706/1724
f 2964/3055/2938 2965/3056/2939 2966/3057/2940
f 2961/3052/2935 2967/3058/2941 2966/3057/2940
f 2966/3057/2940 2967/3058/2941 2964/3055/2938
f 2967/3058/2941 2961/3052/2935 2968/3059/2942
f 2968/3059/2942 2961/3052/2935 2959/3050/2933
f 2958/3049/2932 2969/3060/2943 2959/3050/2933
f 2959/3050/2933 2969/3060/2943 2968/3059/2942
f 2969/3060/2943 2958/3049/2932 2970/3061/2944
f 2970/3061/2944 2958/3049/2932 2960/3051/2934
f 2971/3062/2945 2970/3061/2944 2963/3054/2937
f 2963/3054/2937 2970/3061/2944 2960/3051/2934
f 2972/3063/2946 2971/3062/2945 2962/3053/2936
f 2962/3053/2936 2971/3062/2945 2963/3054/2937
f 2972/3064/2946 2962/3065/2936 2973/3066/2947
f 2973/3066/2947 2962/3065/2936 2974/3067/2948
f 2965/3056/2939 2973/3066/2947 2974/3067/2948
f 2975/3068/2949 2976/3069/2950 2977/3070/2951
f 2977/3070/2951 2976/3069/2950 2978/3071/2952
f 2979/3072/2953 2980/3073/2954 2975/3068/2949
f 2975/3068/2949 2980/3073/2954 2976/3069/2950
f 2981/3074/2955 2982/3075/2956 2979/3072/2953
f 2979/3072/2953 2982/3075/2956 2980/3073/2954
f 2981/3074/2955 2983/3076/2957 2982/3075/2956
f 2982/3075/2956 2983/3076/2957 2984/3077/2958
f 2983/3076/2957 2985/3078/2959 2984/3077/2958
f 2984/3077/2958 2985/3078/2959 2986/3079/2960
f 2985/3078/2959 2987/3080/2961 2986/3079/2960
f 2986/3079/2960 2987/3080/2961 2957/3048/2931
f 2987/3080/2961 2955/3046/2929 2957/3048/2931
f 2988/3081/2962 2956/3047/2930 2955/3046/2929
f 2989/3082/2963 2990/3083/2964 2988/3081/2962
f 2988/3081/2962 2990/3083/2964 2956/3047/2930
f 2977/3070/2951 2978/3071/2952 2989/3082/2963
f 2989/3082/2963 2978/3071/2952 2990/3083/2964
f 2991/3084/2965 2992/3085/2966 2993/3086/2967
f 2994/3087/2968 2995/3088/2969 2996/3089/2970
f 2996/3089/2970 2995/3088/2969 2997/3090/2971
f 2998/3091/2972 2994/3087/2968 2999/3092/2973
f 2999/3092/2973 2994/3087/2968 2996/3089/2970
f 2998/3091/2972 2999/3092/2973 3000/3093/2974
f 3000/3093/2974 2999/3092/2973 3001/3094/2975
f 3000/3093/2974 3001/3094/2975 3002/3095/2976
f 3002/3095/2976 3001/3094/2975 3003/3096/2977
f 3002/3095/2976 3003/3096/2977 3004/3097/2978
f 3004/3097/2978 3003/3096/2977 3005/3098/2979
f 3004/3097/2978 3005/3098/2979 3006/3099/2980
f 3006/3099/2980 3005/3098/2979 3007/3100/2981
f 3006/3099/2980 3007/3100/2981 3008/3101/2982
f 3008/3101/2982 3007/3100/2981 3009/3102/2983
f 3008/3101/2982 3009/3102/2983 3010/3103/2984
f 3010/3103/2984 3009/3102/2983 3011/3104/2985
f 3010/3103/2984 3011/3104/2985 3012/3105/2986
f 3012/3105/2986 3011/3104/2985 3013/3106/2987
f 2995/3088/2969 3012/3107/2986 2997/3090/2971
f 2997/3090/2971 3012/3107/2986 3013/3108/2987
f 3014/3109/2988 2992/3085/2966 3015/3110/2989
f 3015/3110/2989 2992/3085/2966 3016/3111/2990
f 3017/3112/2991 3014/3109/2988 3018/3113/2992
f 3018/3113/2992 3014/3109/2988 3015/3110/2989
f 3017/3112/2991 3018/3113/2992 3019/3114/2993
f 3019/3114/2993 3018/3113/2992 3020/3115/2994
f 3021/3116/2995 3019/3114/2993 3022/3117/2996
f 3022/3117/2996 3019/3114/2993 3020/3115/2994
f 3023/3118/2997 3021/3116/2995 3024/3119/2998
f 3024/3119/2998 3021/3116/2995 3022/3117/2996
f 3025/3120/2999 3023/3118/2997 3026/3121/3000
f 3026/3121/3000 3023/3118/2997 3024/3119/2998
f 3027/3122/3001 3028/3123/3002 3029/3124/3003
f 3029/3124/3003 3028/3123/3002 3026/3125/3004
f 3027/3122/3001 3029/3124/3003 3030/3126/3005
f 3030/3126/3005 3029/3124/3003 3031/3127/3006
f 3030/3126/3005 3031/3127/3006 2993/3086/2967
f 2993/3086/2967 3031/3127/3006 2991/3084/2965
f 3016/3111/2990 2992/3085/2966 2991/3084/2965
f 3032/3128/3007 3033/3129/3008 3034/3130/3009
f 3034/3130/3009 3033/3129/3008 3035/3131/3010
f 3036/3132/3011 3032/3128/3007 3037/3133/3012
f 3037/3133/3012 3032/3128/3007 3034/3130/3009
f 3038/3134/3013 3036/3132/3011 3039/3135/3014
f 3039/3135/3014 3036/3132/3011 3037/3133/3012
f 3040/3136/3015 3041/3137/3016 3039/3138/3017
f 3039/3138/3017 3041/3137/3016 3042/3139/3013
f 3041/3137/3016 3040/3136/3015 3043/3140/3018
f 3043/3140/3018 3040/3136/3015 3044/3141/3019
f 3045/3142/3020 3046/3143/3021 3047/3144/3022
f 3047/3144/3022 3046/3143/3021 3048/3145/3023
f 3049/3146/3024 3045/3142/3020 3050/3147/3025
f 3050/3147/3025 3045/3142/3020 3047/3144/3022
f 3051/3148/3026 3049/3146/3024 3052/3149/3027
f 3052/3149/3027 3049/3146/3024 3050/3147/3025
f 3033/3129/3008 3051/3148/3026 3035/3131/3010
f 3035/3131/3010 3051/3148/3026 3052/3149/3027
f 3053/3150/3028 3054/3151/3029 3055/3152/3030
f 3048/3145/3023 3046/3143/3021 3044/3141/3019
f 3044/3141/3019 3046/3143/3021 3043/3140/3018
f 3056/3153/3031 3057/3154/3032 3058/3155/3033
f 3058/3155/3033 3057/3154/3032 3059/3156/3034
f 3060/3157/3035 3061/3158/3035 3062/3159/3036
f 3062/3159/3036 3061/3158/3035 3063/3153/3037
f 3064/3160/3038 3065/3161/3039 3060/3157/3035
f 3060/3157/3035 3065/3161/3039 3061/3158/3035
f 3066/3162/3040 3067/3163/3041 3064/3160/3038
f 3064/3160/3038 3067/3163/3041 3065/3161/3039
f 3068/3164/3042 3067/3163/3041 3066/3162/3040
f 3069/3165/3043 3070/3166/3044 3071/3167/3045
f 3071/3167/3045 3070/3166/3044 3072/3168/3046
f 3073/3169/3047 3072/3168/3046 3074/3170/3048
f 3074/3170/3048 3072/3168/3046 3070/3166/3044
f 3075/3171/3049 3076/3172/3050 3077/3173/3051
f 3077/3173/3051 3076/3172/3050 3074/3174/3048
f 3078/3175/3052 3075/3171/3049 3079/3176/3053
f 3079/3176/3053 3075/3171/3049 3077/3173/3051
f 3059/3156/3034 3057/3154/3032 3079/3176/3053
f 3079/3176/3053 3057/3154/3032 3078/3175/3052
f 3080/3177/3054 3081/3178/3055 3082/3179/3056
f 3082/3179/3056 3081/3178/3055 3083/3180/3057
f 3070/3166/3044 3069/3165/3043 3084/3181/3058
f 3084/3181/3058 3069/3165/3043 3085/3182/3059
f 3074/3170/3048 3070/3166/3044 3086/3183/3060
f 3086/3183/3060 3070/3166/3044 3084/3181/3058
f 3077/3173/3051 3074/3174/3048 3087/3184/3061
f 3087/3184/3061 3074/3174/3048 3086/3185/3060
f 3079/3176/3053 3077/3173/3051 3055/3152/3030
f 3055/3152/3030 3077/3173/3051 3087/3184/3061
s 0
f 3088/3186/3062 3089/3151/3063 3090/3150/3064
s 1
f 3091/3187/3065 3092/3188/3066 3093/3189/3067
f 3093/3189/3067 3092/3188/3066 3094/3190/3068
f 3093/3189/3067 3094/3190/3068 3095/3191/3069
f 3095/3191/3069 3094/3190/3068 3096/3192/3070
f 3083/3180/3057 3081/3178/3055 3096/3192/3070
f 3096/3192/3070 3081/3178/3055 3095/3191/3069
f 3008/3101/2982 3085/3182/3059 3097/3193/3071
f 3084/3181/3058 3085/3182/3059 3010/3103/2984
f 3010/3103/2984 3085/3182/3059 3008/3101/2982
f 3086/3183/3060 3084/3181/3058 3012/3105/2986
f 3012/3105/2986 3084/3181/3058 3010/3103/2984
f 3087/3184/3061 3086/3185/3060 2995/3088/2969
f 2995/3088/2969 3086/3185/3060 3012/3107/2986
f 3055/3152/3030 3087/3184/3061 2994/3087/2968
f 2994/3087/2968 3087/3184/3061 2995/3088/2969
f 3053/3150/3028 3055/3152/3030 2998/3091/2972
f 2998/3091/2972 3055/3152/3030 2994/3087/2968
f 3000/3093/2974 3098/3194/3072 3099/3186/3073
f 3002/3095/2976 3100/3195/3074 3000/3093/2974
f 3000/3093/2974 3100/3195/3074 3098/3194/3072
f 3004/3097/2978 3101/3196/3075 3002/3095/2976
f 3002/3095/2976 3101/3196/3075 3100/3195/3074
f 3006/3099/2980 3102/3197/3076 3004/3097/2978
f 3004/3097/2978 3102/3197/3076 3101/3196/3075
f 3085/3182/3059 3069/3165/3043 3097/3193/3071
f 3097/3193/3071 3069/3165/3043 3068/3164/3042
f 3069/3165/3043 3071/3167/3045 3068/3164/3042
f 3008/3101/2982 3097/3193/3071 3006/3099/2980
f 3079/3176/3053 3054/3151/3029 3059/3156/3034
f 3055/3152/3030 3054/3151/3029 3079/3176/3053
f 3068/3164/3042 3071/3167/3045 3067/3163/3041
f 3006/3099/2980 3097/3193/3071 3102/3197/3076
f 3103/3198/3077 3104/3199/3078 3091/3187/3065
f 3091/3187/3065 3104/3199/3078 3092/3188/3066
s 0
f 3105/3155/3079 3106/3156/3079 3107/3151/3080
f 3108/3198/3081 3109/3200/3082 3110/3199/3083
s 1
f 3000/3093/2974 3111/3186/3084 2998/3091/2972
f 2998/3091/2972 3111/3186/3084 3053/3150/3028
f 3062/3159/3036 3063/3153/3037 3112/3155/3085
f 2423/2452/2395 2425/2454/2397 3113/3201/3086
f 3114/3202/3087 3115/3203/3088 3116/3204/3089
f 3116/3204/3089 3115/3203/3088 3117/3205/3090
f 3118/3206/3091 3119/3207/3092 3120/3208/3093
f 3120/3208/3093 3119/3207/3092 3121/3209/3094
f 3119/3207/3092 3122/3210/3095 3121/3209/3094
f 3121/3209/3094 3122/3210/3095 3123/3211/3096
f 3124/3212/3097 3125/3213/3098 2422/2451/2394
f 2422/2451/2394 3125/3213/3098 2420/2449/2392
f 3126/3214/3099 3127/3215/3100 3128/3216/3101
f 3122/3210/3095 3119/3207/3092 3129/3217/3102
f 3119/3207/3092 3128/3216/3101 3129/3217/3102
f 3129/3217/3102 3130/3218/3103 3131/3219/3104
f 3130/3218/3103 3129/3217/3102 3128/3216/3101
f 3125/3213/3098 3124/3212/3097 3132/3220/3105
f 3132/3220/3105 3124/3212/3097 3133/3221/3106
f 3128/3216/3101 3134/3222/3107 3130/3218/3103
f 3132/3220/3105 3133/3221/3106 3135/3223/3108
f 3135/3223/3108 3133/3221/3106 3136/3224/3109
f 3130/3218/3103 3137/3225/3110 3131/3219/3104
f 3137/3225/3110 3130/3218/3103 3138/3226/3111
f 3138/3226/3111 3130/3218/3103 3139/3227/3112
f 3139/3227/3112 2425/2454/2397 3138/3226/3111
f 3113/3201/3086 3139/3227/3112 3134/3222/3107
f 3113/3201/3086 2425/2454/2397 3139/3227/3112
f 3140/3228/3113 3141/3229/3114 2836/2906/2810
f 2836/2906/2810 3141/3229/3114 2427/2456/2399
f 3142/3230/3115 3143/3231/3116 2845/2915/2819
f 2845/2915/2819 3143/3231/3116 2840/2910/2814
f 2839/2909/2813 2840/2910/2814 3144/3232/3117
f 3144/3232/3117 2840/2910/2814 3143/3231/3116
f 3145/3233/3118 3146/3234/3119 2842/2912/2816
f 2842/2912/2816 3146/3234/3119 2844/2914/2818
f 3147/3235/3120 3143/3231/3116 3142/3230/3115
f 3144/3236/3117 3148/3237/3121 3140/3228/3113
f 3141/3229/3114 3149/3238/3122 2427/2456/2399
f 2427/2456/2399 3149/3238/3122 2429/2458/2401
f 3146/3234/3119 3150/3239/3123 2844/2914/2818
f 2844/2914/2818 3150/3239/3123 2846/2916/2820
f 3144/3236/3117 3140/3228/3113 2839/2917/2813
f 2839/2917/2813 3140/3228/3113 2836/2906/2810
f 2846/2916/2820 3150/3239/3123 2845/2915/2819
f 2845/2915/2819 3150/3239/3123 3142/3230/3115
f 3151/3240/3124 3152/3241/3125 3141/3229/3114
f 3141/3229/3114 3152/3241/3125 3149/3238/3122
f 3153/3242/3126 3151/3240/3124 3140/3228/3113
f 3140/3228/3113 3151/3240/3124 3141/3229/3114
f 3140/3228/3113 3148/3237/3121 3153/3242/3126
f 3151/3240/3124 3154/3243/3127 3152/3241/3125
f 3150/3239/3123 3155/3244/3128 3142/3230/3115
f 3142/3230/3115 3155/3244/3128 3147/3235/3120
f 3146/3234/3119 3156/3245/3129 3150/3239/3123
f 3150/3239/3123 3156/3245/3129 3155/3244/3128
f 3145/3233/3118 3156/3245/3129 3146/3234/3119
f 3128/3216/3101 3127/3215/3100 3134/3222/3107
f 3134/3222/3107 3127/3215/3100 3157/3246/3130
f 3134/3222/3107 3157/3246/3130 3113/3201/3086
f 3113/3201/3086 3157/3246/3130 3158/3247/3131
f 2468/2500/2439 2423/2452/2395 3158/3247/3131
f 3158/3247/3131 2423/2452/2395 3113/3201/3086
f 2848/2920/2822 2847/2919/2821 3159/3248/3132
f 3159/3248/3132 2847/2919/2821 3160/3249/3133
f 2470/2502/2441 3160/3249/3133 2472/2504/2443
f 2472/2504/2443 3160/3249/3133 2847/2919/2821
f 3161/3250/3134 3162/3251/3135 3163/3252/3136
f 3163/3252/3136 3162/3251/3135 3164/3253/3137
f 3165/3254/3138 3162/3251/3135 3166/3255/3139
f 3167/3256/3140 3168/3257/3141 3169/3258/3142
f 3159/3248/3132 3170/3259/3143 3171/3260/3144
f 3170/3259/3143 3159/3248/3132 3172/3261/3145
f 3172/3261/3145 3159/3248/3132 3160/3249/3133
f 3172/3261/3145 3160/3249/3133 2488/2519/2459
f 2488/2519/2459 3160/3249/3133 2470/2502/2441
f 3134/3222/3107 3139/3227/3112 3130/3218/3103
f 2864/2938/2838 3164/3253/3137 2865/2939/2839
f 2865/2939/2839 3164/3253/3137 3162/3251/3135
f 3162/3251/3135 3173/3262/3146 3166/3255/3139
f 3173/3262/3146 3174/3263/3147 3175/3264/3148
f 3175/3264/3148 3174/3263/3147 3176/3265/3149
f 3177/3266/3150 3178/3267/3151 3179/3268/3152
f 3179/3268/3152 3180/3269/3153 3177/3266/3150
f 3177/3266/3150 3180/3269/3153 3181/3270/3154
f 3171/3260/3144 3177/3266/3150 3181/3270/3154
f 2848/2920/2822 3159/3248/3132 3182/3271/3155
f 3182/3271/3155 3159/3248/3132 3171/3260/3144
f 2850/2922/2824 2848/2920/2822 3182/3271/3155
f 3162/3251/3135 3183/3272/3156 3173/3262/3146
f 3161/3250/3134 3183/3272/3156 3162/3251/3135
f 3170/3259/3143 3178/3267/3151 3171/3260/3144
f 3171/3260/3144 3178/3267/3151 3177/3266/3150
f 3184/3273/3157 3168/3257/3141 3185/3274/3158
f 3185/3274/3158 3168/3257/3141 3167/3256/3140
f 3186/3275/3159 3184/3273/3157 3187/3276/3159
f 3187/3276/3159 3184/3273/3157 3185/3274/3158
f 3186/3275/3159 3187/3276/3159 3188/3277/3160
f 3188/3277/3160 3187/3276/3159 3189/3278/3161
f 2892/2966/2866 3188/3277/3160 2893/2967/2867
f 2893/2967/2867 3188/3277/3160 3189/3278/3161
f 3174/3263/3147 3173/3262/3146 3190/3279/3162
f 3190/3279/3162 3173/3262/3146 3183/3272/3156
f 3118/3206/3091 3126/3214/3099 3119/3207/3092
f 3126/3214/3099 3128/3216/3101 3119/3207/3092
f 3191/3280/3163 3192/3281/3164 3193/3282/3165
f 3194/3283/3166 3195/3284/3167 3192/3281/3164
f 3191/3280/3163 3196/3285/3168 3197/3286/3169
f 3198/3287/3170 3199/3288/3171 3200/3289/3172
f 3201/3290/3173 2873/2947/2847 3202/3291/3174
f 3202/3291/3174 2873/2947/2847 2871/2945/2845
f 3202/3291/3174 3203/3292/3175 3204/3293/3176
f 3162/3251/3135 3165/3254/3138 2865/2939/2839
f 2865/2939/2839 3165/3254/3138 3205/3294/3177
f 2865/2939/2839 3205/3294/3177 2887/2961/2861
f 2870/2944/2844 3203/3292/3175 2871/2945/2845
f 2871/2945/2845 3203/3292/3175 3202/3291/3174
f 3197/3286/3169 3192/3281/3164 3191/3280/3163
f 3011/3104/2985 3206/3295/3178 3207/3296/3179
f 2996/3089/2970 2997/3090/2971 3208/3297/3180
f 3208/3297/3180 2997/3090/2971 3209/3298/3181
f 2999/3092/2973 2996/3089/2970 3210/3299/3182
f 3210/3299/3182 2996/3089/2970 3208/3297/3180
f 3001/3094/2975 2999/3092/2973 3211/3300/3183
f 3211/3300/3183 2999/3092/2973 3210/3299/3182
f 3001/3094/2975 3211/3300/3183 3003/3096/2977
f 3003/3096/2977 3211/3300/3183 3212/3301/3184
f 3003/3096/2977 3212/3301/3184 3005/3098/2979
f 3005/3098/2979 3212/3301/3184 3213/3302/3185
f 3007/3100/2981 3005/3098/2979 3214/3303/3186
f 3214/3303/3186 3005/3098/2979 3213/3302/3185
f 3007/3100/2981 3214/3303/3186 3009/3102/2983
f 3009/3102/2983 3214/3303/3186 3206/3295/3178
f 3009/3102/2983 3206/3295/3178 3011/3104/2985
f 3011/3104/2985 3207/3296/3179 3013/3106/2987
f 3013/3106/2987 3207/3296/3179 3215/3304/3187
f 2997/3090/2971 3013/3108/2987 3209/3298/3181
f 3209/3298/3181 3013/3108/2987 3215/3305/3187
f 3214/3303/3186 3216/3306/3188 3206/3295/3178
f 3206/3295/3178 3216/3306/3188 3217/3307/3189
f 3206/3295/3178 3217/3307/3189 3207/3296/3179
f 3207/3296/3179 3217/3307/3189 3218/3308/3190
f 3207/3296/3179 3218/3308/3190 3215/3304/3187
f 3215/3304/3187 3218/3308/3190 3219/3309/3191
f 3209/3298/3181 3215/3305/3187 3220/3310/3192
f 3220/3310/3192 3215/3305/3187 3219/3311/3191
f 3208/3297/3180 3209/3298/3181 3221/3312/3193
f 3221/3312/3193 3209/3298/3181 3220/3310/3192
f 3210/3299/3182 3208/3297/3180 3222/3313/3194
f 3222/3313/3194 3208/3297/3180 3221/3312/3193
f 3211/3300/3183 3210/3299/3182 3223/3314/3195
f 3223/3314/3195 3210/3299/3182 3222/3313/3194
f 3211/3300/3183 3223/3314/3195 3212/3301/3184
f 3212/3301/3184 3223/3314/3195 3224/3315/3196
f 3213/3302/3185 3212/3301/3184 3225/3316/3197
f 3225/3316/3197 3212/3301/3184 3224/3315/3196
f 3213/3302/3185 3225/3316/3197 3214/3303/3186
f 3214/3303/3186 3225/3316/3197 3216/3306/3188
f 3226/3317/3198 3227/3318/3199 3228/3319/3200
f 3229/3320/3201 3226/3317/3198 1735/1699/1717
f 3230/3321/3202 3231/3322/3203 3232/3323/3204
f 3232/3323/3204 3231/3322/3203 3233/3324/3205
f 3230/3321/3202 3234/3325/3206 3231/3322/3203
f 3231/3322/3203 3234/3325/3206 3235/3326/3207
f 3236/3327/3208 3237/3328/3209 3238/3329/3210
f 3238/3329/3210 3237/3328/3209 3239/3330/3211
f 3232/3323/3204 3237/3331/3209 3230/3321/3202
f 3230/3321/3202 3237/3331/3209 3236/3332/3208
f 3227/3333/3199 3240/3334/3212 3241/3335/3213
f 3241/3335/3213 3240/3334/3212 3242/3336/3214
f 3228/3319/3200 3227/3318/3199 3241/3337/3213
f 3243/3338/3215 3244/3339/3216 3228/3319/3200
f 3228/3319/3200 3244/3339/3216 3226/3317/3198
f 3243/3338/3215 3238/3329/3210 3244/3339/3216
f 3244/3339/3216 3238/3329/3210 3239/3330/3211
f 3231/3322/3203 3242/3336/3214 3233/3324/3205
f 3233/3324/3205 3242/3336/3214 3240/3334/3212
f 3235/3326/3207 3245/3340/3217 3231/3322/3203
f 3231/3322/3203 3245/3340/3217 3242/3336/3214
f 3246/3341/3218 1719/1679/1701 1718/1678/1700
f 1718/1678/1700 1736/1700/1718 3239/3330/3211
f 3239/3330/3211 1736/1700/1718 3244/3339/3216
f 1735/1699/1717 3226/3317/3198 1736/1700/1718
f 1736/1700/1718 3226/3317/3198 3244/3339/3216
f 1649/1594/1631 3247/3342/3219 1642/1587/1624
f 1642/1587/1624 3247/3342/3219 3248/3343/3220
f 3246/3341/3218 3247/3344/3219 1723/1685/1705
f 1723/1685/1705 3247/3344/3219 1649/1655/1631
f 1723/1685/1705 1719/1679/1701 3246/3341/3218
f 1645/1590/1627 1642/1587/1624 3248/3343/3220
f 1718/1678/1700 3239/3330/3211 3246/3341/3218
f 3237/3328/3209 3247/3344/3219 3239/3330/3211
f 3247/3344/3219 3246/3341/3218 3239/3330/3211
f 3247/3342/3219 3237/3331/3209 3248/3343/3220
f 3232/3323/3204 3248/3343/3220 3237/3331/3209
f 1744/1709/1726 1728/1692/1710 3249/3345/3221
f 3233/3324/3205 3250/3346/3222 3232/3323/3204
f 3240/3334/3212 3250/3346/3222 3233/3324/3205
f 3232/3323/3204 3250/3346/3222 3248/3343/3220
f 3248/3343/3220 3250/3346/3222 1728/1692/1710
f 3248/3343/3220 1728/1692/1710 1645/1590/1627
f 3236/3332/3208 3234/3325/3206 3230/3321/3202
f 3245/3340/3217 3241/3335/3213 3242/3336/3214
f 3249/3345/3221 1728/1692/1710 3250/3346/3222
f 3251/3347/3223 3252/3348/3224 3253/3349/3225
f 3254/3350/3226 3255/3351/3227 3256/3352/3228
f 3256/3352/3228 3255/3351/3227 3257/3353/3229
f 3258/3354/3230 3259/3355/3231 3260/3356/3232
f 3260/3356/3232 3259/3355/3231 3261/3357/3233
f 3262/3358/3234 3263/3359/3235 3264/3360/3236
f 3264/3360/3236 3263/3359/3235 3265/3361/3237
f 3266/3362/3238 3267/3363/3239 3265/3361/3237
f 3265/3361/3237 3267/3363/3239 3264/3360/3236
f 3268/3364/3240 3269/3365/3241 3270/3366/3242
f 3271/3367/3243 3272/3368/3244 3273/3369/3245
f 3273/3369/3245 3272/3368/3244 3270/3366/3242
f 3272/3368/3244 3274/3370/3246 3270/3366/3242
f 3270/3366/3242 3274/3370/3246 3268/3364/3240
f 3275/3371/3247 3276/3372/3248 3255/3351/3227
f 3255/3351/3227 3276/3372/3248 3257/3353/3229
f 3257/3353/3229 3276/3372/3248 3277/3373/3249
f 3268/3364/3240 3267/3363/3239 3269/3365/3241
f 3269/3365/3241 3267/3363/3239 3266/3362/3238
f 3278/3374/3250 3254/3350/3226 3279/3375/3251
f 3279/3375/3251 3254/3350/3226 3256/3352/3228
f 3280/3376/3252 3281/3377/3253 3282/3378/3254
f 3282/3378/3254 3281/3377/3253 3283/3379/3255
f 3284/3380/3256 3285/3381/3257 3286/3382/3258
f 3286/3382/3258 3285/3381/3257 3287/3383/3259
f 3273/3369/3245 3270/3366/3242 3269/3365/3241
f 3281/3377/3253 3288/3384/3260 3283/3379/3255
f 3289/3385/3261 3286/3382/3258 3287/3383/3259
f 3260/3386/3232 3280/3376/3252 3258/3387/3230
f 3258/3387/3230 3280/3376/3252 3282/3378/3254
f 3273/3369/3245 3290/3388/3262 3284/3380/3256
f 3284/3380/3256 3290/3388/3262 3285/3381/3257
f 3287/3383/3259 3291/3389/3263 3289/3385/3261
f 3292/3390/3264 3293/3391/3265 3294/3392/3266
f 3295/3393/3267 3293/3391/3265 3296/3394/3268
f 3296/3394/3268 3293/3391/3265 3292/3390/3264
f 3261/3395/3233 3259/3396/3231 3296/3394/3268
f 3296/3394/3268 3259/3396/3231 3295/3393/3267
f 3262/3358/3234 3264/3360/3236 3297/3397/3269
f 3297/3397/3269 3264/3360/3236 3298/3398/3270
f 3297/3397/3269 3298/3398/3270 3299/3399/3271
f 3299/3399/3271 3298/3398/3270 3300/3400/3272
f 3298/3398/3270 3264/3360/3236 3301/3401/3273
f 3301/3401/3273 3264/3360/3236 3267/3363/3239
f 3302/3402/3274 3303/3403/3275 3304/3404/3276
f 3304/3404/3276 3303/3403/3275 3305/3405/3277
f 3284/3380/3256 3286/3382/3258 3302/3402/3274
f 3302/3402/3274 3286/3382/3258 3303/3403/3275
f 3306/3406/3278 3273/3369/3245 3302/3402/3274
f 3302/3402/3274 3273/3369/3245 3284/3380/3256
f 3301/3401/3273 3307/3407/3279 3308/3408/3280
f 3308/3408/3280 3307/3407/3279 3309/3409/3281
f 3301/3401/3273 3267/3363/3239 3307/3407/3279
f 3307/3407/3279 3267/3363/3239 3268/3364/3240
f 3310/3410/3282 3299/3399/3271 3311/3411/3283
f 3311/3411/3283 3299/3399/3271 3300/3400/3272
f 3308/3408/3280 3300/3400/3272 3301/3401/3273
f 3301/3401/3273 3300/3400/3272 3298/3398/3270
f 3300/3400/3272 3308/3408/3280 3311/3411/3283
f 3312/3412/3284 3309/3409/3281 3313/3413/3285
f 3312/3412/3284 3311/3411/3283 3308/3408/3280
f 3314/3414/3286 3306/3406/3278 3304/3404/3276
f 3304/3404/3276 3306/3406/3278 3302/3402/3274
f 3274/3370/3246 3272/3368/3244 3315/3415/3287
f 3315/3415/3287 3272/3368/3244 3316/3416/3288
f 3272/3368/3244 3271/3367/3243 3316/3416/3288
f 3316/3416/3288 3271/3367/3243 3317/3417/3289
f 3318/3418/3290 3317/3417/3289 3319/3419/3291
f 3319/3419/3291 3317/3417/3289 3271/3367/3243
f 3320/3420/3292 3321/3421/3293 3315/3415/3287
f 3315/3415/3287 3321/3421/3293 3274/3370/3246
f 3322/3422/3294 3313/3413/3285 3320/3420/3292
f 3320/3420/3292 3313/3413/3285 3321/3421/3293
f 3323/3423/3295 3324/3424/3296 3325/3425/3297
f 3325/3425/3297 3324/3424/3296 3326/3426/3298
f 3315/3415/3287 3316/3416/3288 3324/3424/3296
f 3324/3424/3296 3316/3416/3288 3327/3427/3299
f 3324/3424/3296 3327/3427/3299 3326/3426/3298
f 3326/3426/3298 3327/3427/3299 3328/3428/3300
f 3316/3416/3288 3317/3417/3289 3327/3427/3299
f 3327/3427/3299 3317/3417/3289 3329/3429/3301
f 3328/3428/3300 3327/3427/3299 3330/3430/3302
f 3330/3430/3302 3327/3427/3299 3329/3429/3301
f 3329/3429/3301 3317/3417/3289 3318/3418/3290
f 3330/3430/3302 3329/3429/3301 3331/3431/3303
f 3331/3431/3303 3329/3429/3301 3318/3418/3290
f 3332/3432/3304 3331/3431/3303 3318/3418/3290
f 3330/3430/3302 3333/3433/3305 3328/3428/3300
f 3328/3428/3300 3333/3433/3305 3334/3434/3306
f 3333/3433/3305 3330/3430/3302 3335/3435/3307
f 3335/3435/3307 3330/3430/3302 3331/3431/3303
f 3325/3425/3297 3326/3426/3298 3336/3436/3308
f 3336/3436/3308 3326/3426/3298 3337/3437/3309
f 3326/3426/3298 3328/3428/3300 3337/3437/3309
f 3337/3437/3309 3328/3428/3300 3334/3434/3306
f 3338/3438/3310 3322/3422/3294 3339/3439/3311
f 3313/3413/3285 3322/3422/3294 3312/3412/3284
f 3324/3424/3296 3323/3423/3295 3315/3415/3287
f 3315/3415/3287 3323/3423/3295 3320/3420/3292
f 3323/3423/3295 3322/3422/3294 3320/3420/3292
f 3325/3425/3297 3339/3439/3311 3323/3423/3295
f 3323/3423/3295 3339/3439/3311 3322/3422/3294
f 3319/3419/3291 3271/3367/3243 3306/3406/3278
f 3306/3406/3278 3271/3367/3243 3273/3369/3245
f 3321/3421/3293 3307/3407/3279 3274/3370/3246
f 3274/3370/3246 3307/3407/3279 3268/3364/3240
f 3340/3440/3312 3325/3425/3297 3336/3436/3308
f 3319/3419/3291 3341/3441/3313 3318/3418/3290
f 3318/3418/3290 3341/3441/3313 3332/3432/3304
f 3307/3407/3279 3321/3421/3293 3309/3409/3281
f 3309/3409/3281 3321/3421/3293 3313/3413/3285
f 3341/3441/3313 3319/3419/3291 3314/3414/3286
f 3314/3414/3286 3319/3419/3291 3306/3406/3278
f 3304/3404/3276 3305/3405/3277 3342/3442/3314
f 3341/3441/3313 3314/3414/3286 3343/3443/3315
f 3344/3444/3316 3332/3432/3304 3345/3445/3317
f 3343/3443/3315 3314/3414/3286 3346/3446/3318
f 3342/3442/3314 3346/3446/3318 3304/3404/3276
f 3347/3447/3319 3310/3410/3282 3348/3448/3320
f 3348/3448/3320 3310/3410/3282 3311/3411/3283
f 3310/3410/3282 3347/3447/3319 3349/3449/3321
f 3349/3449/3321 3347/3447/3319 3350/3450/3322
f 3312/3412/3284 3322/3422/3294 3351/3451/3323
f 3311/3411/3283 3312/3412/3284 3348/3448/3320
f 3339/3439/3311 3325/3425/3297 3340/3440/3312
f 3338/3438/3310 3339/3439/3311 3340/3440/3312
f 3348/3448/3320 3312/3412/3284 3351/3451/3323
f 3351/3451/3323 3322/3422/3294 3338/3438/3310
f 3312/3412/3284 3308/3408/3280 3309/3409/3281
f 3335/3435/3307 3331/3431/3303 3344/3444/3316
f 3344/3444/3316 3331/3431/3303 3332/3432/3304
f 3115/3203/3088 3352/3452/3324 3117/3205/3090
f 3117/3205/3090 3352/3452/3324 3353/3453/3325
f 3354/3454/3326 3355/3455/3327 3356/3456/3328
f 3357/3457/3329 3354/3454/3326 3358/3458/3330
f 3359/3459/3331 3360/3460/3332 3361/3461/3333
f 3361/3461/3333 3360/3460/3332 3362/3462/3334
f 3363/3463/3335 3364/3464/3336 3365/3465/3337
f 3365/3465/3337 3364/3464/3336 3361/3461/3333
f 3361/3461/3333 3364/3464/3336 3359/3459/3331
f 3366/3466/3338 3367/3467/3339 3368/3468/3340
f 3368/3468/3340 3367/3467/3339 3369/3469/3341
f 3355/3455/3327 3370/3470/3342 3371/3471/3343
f 3370/3470/3342 3363/3463/3335 3372/3472/3344
f 3352/3452/3324 3357/3457/3329 3353/3453/3325
f 3353/3453/3325 3357/3457/3329 3358/3458/3330
f 3373/3473/3345 3374/3474/3346 3375/3475/3347
f 3376/3476/3348 3373/3473/3345 3377/3477/3349
f 3377/3477/3349 3373/3473/3345 3375/3475/3347
f 3367/3467/3339 3378/3478/3350 3369/3469/3341
f 3369/3469/3341 3378/3478/3350 3379/3479/3351
f 3380/3476/3352 3377/3477/3349 3381/3480/3353
f 3381/3480/3353 3377/3477/3349 3382/3481/3354
f 3360/3460/3332 3366/3466/3338 3362/3462/3334
f 3362/3462/3334 3366/3466/3338 3368/3468/3340
f 3343/3443/3315 3345/3445/3317 3341/3441/3313
f 3341/3441/3313 3345/3445/3317 3332/3432/3304
f 3346/3446/3318 3314/3414/3286 3304/3404/3276
f 3305/3405/3277 3383/3482/3355 3384/3483/3356
f 3303/3403/3275 3383/3482/3355 3305/3405/3277
f 3289/3385/3261 3303/3403/3275 3286/3382/3258
f 3385/3484/3357 3386/3485/3358 3387/3486/3359
f 3387/3486/3359 3386/3485/3358 3289/3385/3261
f 3289/3385/3261 3386/3485/3358 3303/3403/3275
f 3388/3487/3360 3389/3488/3361 3390/3489/3362
f 3391/3490/3363 3388/3491/3364 3392/3492/3365
f 3393/3493/3366 3123/3211/3096 3122/3210/3095
f 3394/3494/3367 3395/3495/3368 3396/3496/3369
f 3396/3496/3369 3395/3495/3368 3397/3497/3370
f 3398/3498/3371 3396/3496/3369 3399/3499/3372
f 3399/3499/3372 3396/3496/3369 3397/3497/3370
f 3400/3500/3373 3393/3493/3366 3122/3210/3095
f 3123/3211/3096 3393/3493/3366 3401/3501/3374
f 3129/3217/3102 3400/3500/3373 3122/3210/3095
f 3129/3217/3102 3131/3219/3104 3400/3500/3373
f 3135/3223/3108 3136/3224/3109 3394/3494/3367
f 3394/3494/3367 3136/3224/3109 3395/3495/3368
f 3390/3489/3362 3389/3488/3361 3402/3502/3375
f 3403/3503/3376 3398/3498/3371 3399/3499/3372
f 3342/3442/3314 3305/3405/3277 3384/3483/3356
f 3378/3478/3350 3381/3480/3353 3404/3504/3377
f 3404/3504/3377 3381/3480/3353 3382/3481/3354
f 3405/3505/3378 3378/3478/3350 3404/3504/3377
f 3379/3479/3351 3378/3478/3350 3405/3505/3378
f 3356/3456/3328 3355/3455/3327 3371/3471/3343
f 3354/3454/3326 3356/3456/3328 3358/3458/3330
f 3406/3506/3379 3407/3507/3380 3408/3508/3381
f 3408/3508/3381 3407/3507/3380 3409/3509/3382
f 3408/3508/3381 3409/3509/3382 3410/3510/3383
f 3410/3510/3383 3409/3509/3382 3411/3511/3384
f 3412/3512/3385 3410/3510/3383 3413/3513/3386
f 3413/3513/3386 3410/3510/3383 3411/3511/3384
f 3414/3514/3387 3412/3512/3385 3415/3515/3388
f 3415/3515/3388 3412/3512/3385 3413/3513/3386
f 3416/3516/3389 3414/3514/3387 3417/3517/3390
f 3417/3517/3390 3414/3514/3387 3415/3515/3388
f 3418/3518/3391 3419/3519/3392 3420/3520/3393
f 3420/3520/3393 3419/3519/3392 3421/3521/3394
f 3422/3522/3395 3418/3518/3391 3423/3523/3396
f 3423/3523/3396 3418/3518/3391 3420/3520/3393
f 3422/3522/3395 3423/3523/3396 3424/3524/3397
f 3424/3524/3397 3423/3523/3396 3425/3525/3398
f 3424/3524/3397 3425/3525/3398 3406/3506/3379
f 3406/3506/3379 3425/3525/3398 3407/3507/3380
f 3426/3526/3399 3427/3527/3400 3418/3518/3391
f 3418/3518/3391 3427/3527/3400 3419/3519/3392
f 3426/3526/3399 3418/3518/3391 3428/3528/3401
f 3428/3528/3401 3418/3518/3391 3422/3522/3395
f 3428/3528/3401 3422/3522/3395 3429/3529/3402
f 3429/3529/3402 3422/3522/3395 3424/3524/3397
f 3406/3506/3379 3429/3529/3402 3424/3524/3397
f 3225/3316/3197 3224/3315/3196 3430/3530/3403
f 3430/3530/3403 3224/3315/3196 3406/3506/3379
f 3225/3316/3197 3430/3530/3403 3216/3306/3188
f 3216/3306/3188 3430/3530/3403 3431/3531/3404
f 3216/3306/3188 3431/3531/3404 3217/3307/3189
f 3217/3307/3189 3431/3531/3404 3432/3532/3405
f 3433/3533/3406 3434/3534/3407 3435/3535/3408
f 3435/3535/3408 3434/3534/3407 3432/3532/3405
f 3416/3516/3389 3434/3534/3407 3433/3533/3406
f 3436/3536/3409 3437/3537/3410 3438/3538/3411
f 3438/3538/3411 3437/3537/3410 3439/3539/3412
f 3438/3538/3411 3439/3539/3412 3440/3540/3413
f 3440/3540/3413 3439/3539/3412 3441/3541/3414
f 3253/3349/3225 3440/3540/3413 3442/3542/3415
f 3442/3542/3415 3440/3540/3413 3441/3541/3414
f 3443/3543/3416 3253/3349/3225 3444/3544/3417
f 3444/3544/3417 3253/3349/3225 3442/3542/3415
f 3445/3545/3418 3446/3546/3419 3447/3547/3420
f 3447/3547/3420 3446/3546/3419 3448/3548/3421
f 3449/3549/3422 3447/3547/3420 3450/3550/3423
f 3450/3550/3423 3447/3547/3420 3448/3548/3421
f 3449/3549/3422 3450/3550/3423 3451/3551/3424
f 3451/3551/3424 3450/3550/3423 3452/3552/3425
f 3453/3553/3426 3454/3554/3427 3455/3555/3428
f 3455/3555/3428 3454/3554/3427 3456/3556/3429
f 3455/3555/3428 3456/3556/3429 3457/3557/3430
f 3457/3557/3430 3456/3556/3429 3458/3558/3431
f 3459/3559/3432 3457/3557/3430 3252/3348/3224
f 3252/3348/3224 3457/3557/3430 3458/3558/3431
f 3460/3560/3433 3459/3559/3432 3251/3347/3223
f 3251/3347/3223 3459/3559/3432 3252/3348/3224
f 3461/3561/3434 3460/3560/3433 3462/3562/3435
f 3462/3562/3435 3460/3560/3433 3251/3347/3223
f 3463/3563/3436 3464/3564/3437 3465/3565/3438
f 3465/3565/3438 3464/3564/3437 3466/3566/3439
f 3467/3567/3440 3465/3565/3438 3468/3568/3441
f 3468/3568/3441 3465/3565/3438 3466/3566/3439
f 3467/3567/3440 3468/3568/3441 3469/3569/3442
f 3469/3569/3442 3468/3568/3441 3470/3570/3443
f 3469/3569/3442 3470/3570/3443 3453/3553/3426
f 3453/3553/3426 3470/3570/3443 3454/3554/3427
f 3407/3507/3380 3453/3553/3426 3409/3509/3382
f 3409/3509/3382 3453/3553/3426 3455/3555/3428
f 3409/3509/3382 3455/3555/3428 3411/3511/3384
f 3411/3511/3384 3455/3555/3428 3457/3557/3430
f 3413/3513/3386 3411/3511/3384 3459/3559/3432
f 3459/3559/3432 3411/3511/3384 3457/3557/3430
f 3415/3515/3388 3413/3513/3386 3460/3560/3433
f 3460/3560/3433 3413/3513/3386 3459/3559/3432
f 3417/3517/3390 3415/3515/3388 3461/3561/3434
f 3461/3561/3434 3415/3515/3388 3460/3560/3433
f 3420/3520/3393 3421/3521/3394 3465/3565/3438
f 3465/3565/3438 3421/3521/3394 3463/3563/3436
f 3423/3523/3396 3420/3520/3393 3467/3567/3440
f 3467/3567/3440 3420/3520/3393 3465/3565/3438
f 3423/3523/3396 3467/3567/3440 3425/3525/3398
f 3425/3525/3398 3467/3567/3440 3469/3569/3442
f 3425/3525/3398 3469/3569/3442 3407/3507/3380
f 3407/3507/3380 3469/3569/3442 3453/3553/3426
f 3454/3554/3427 3471/3571/3444 3456/3556/3429
f 3456/3556/3429 3471/3571/3444 3436/3536/3409
f 3456/3556/3429 3436/3536/3409 3458/3558/3431
f 3458/3558/3431 3436/3536/3409 3438/3538/3411
f 3252/3348/3224 3458/3558/3431 3440/3540/3413
f 3440/3540/3413 3458/3558/3431 3438/3538/3411
f 3253/3349/3225 3252/3348/3224 3440/3540/3413
f 3462/3562/3435 3251/3347/3223 3443/3543/3416
f 3443/3543/3416 3251/3347/3223 3253/3349/3225
f 3464/3564/3437 3445/3545/3418 3466/3566/3439
f 3466/3566/3439 3445/3545/3418 3447/3547/3420
f 3468/3568/3441 3466/3566/3439 3449/3549/3422
f 3449/3549/3422 3466/3566/3439 3447/3547/3420
f 3468/3568/3441 3449/3549/3422 3470/3570/3443
f 3470/3570/3443 3449/3549/3422 3451/3551/3424
f 3470/3570/3443 3451/3551/3424 3454/3554/3427
f 3454/3554/3427 3451/3551/3424 3471/3571/3444
f 3442/3542/3415 3441/3541/3414 3472/3572/3445
f 3472/3572/3445 3441/3541/3414 3473/3573/3446
f 3444/3544/3417 3442/3542/3415 3474/3574/3447
f 3474/3574/3447 3442/3542/3415 3472/3572/3445
f 3446/3546/3419 3475/3575/3448 3448/3548/3421
f 3448/3548/3421 3475/3575/3448 3476/3576/3449
f 3430/3530/3403 3406/3506/3379 3477/3577/3450
f 3406/3506/3379 3408/3508/3381 3477/3577/3450
f 3430/3530/3403 3477/3577/3450 3431/3531/3404
f 3431/3531/3404 3477/3577/3450 3478/3578/3451
f 3432/3532/3405 3431/3531/3404 3435/3535/3408
f 3435/3535/3408 3431/3531/3404 3478/3578/3451
f 3433/3533/3406 3435/3535/3408 3414/3514/3387
f 3414/3514/3387 3435/3535/3408 3412/3512/3385
f 3446/3546/3419 3444/3579/3417 3475/3575/3448
f 3475/3575/3448 3444/3579/3417 3474/3580/3447
f 3445/3545/3418 3443/3581/3416 3446/3546/3419
f 3446/3546/3419 3443/3581/3416 3444/3579/3417
f 3464/3564/3437 3462/3582/3435 3445/3545/3418
f 3445/3545/3418 3462/3582/3435 3443/3581/3416
f 3463/3563/3436 3461/3583/3434 3464/3564/3437
f 3464/3564/3437 3461/3583/3434 3462/3582/3435
f 3421/3521/3394 3417/3584/3390 3463/3563/3436
f 3463/3563/3436 3417/3584/3390 3461/3583/3434
f 3419/3519/3392 3416/3585/3389 3421/3521/3394
f 3421/3521/3394 3416/3585/3389 3417/3584/3390
f 3427/3527/3400 3416/3585/3389 3419/3519/3392
f 3416/3516/3389 3433/3533/3406 3414/3514/3387
f 3218/3308/3190 3434/3534/3407 3219/3309/3191
f 3219/3309/3191 3434/3534/3407 3416/3516/3389
f 3217/3307/3189 3432/3532/3405 3218/3308/3190
f 3218/3308/3190 3432/3532/3405 3434/3534/3407
f 3477/3577/3450 3408/3508/3381 3478/3578/3451
f 3478/3578/3451 3408/3508/3381 3410/3510/3383
f 3435/3535/3408 3478/3578/3451 3412/3512/3385
f 3412/3512/3385 3478/3578/3451 3410/3510/3383
f 3223/3314/3195 3429/3529/3402 3224/3315/3196
f 3224/3315/3196 3429/3529/3402 3406/3506/3379
f 3222/3313/3194 3428/3528/3401 3223/3314/3195
f 3223/3314/3195 3428/3528/3401 3429/3529/3402
f 3222/3313/3194 3221/3312/3193 3428/3528/3401
f 3428/3528/3401 3221/3312/3193 3426/3526/3399
f 3221/3312/3193 3220/3310/3192 3426/3526/3399
f 3426/3526/3399 3220/3310/3192 3427/3527/3400
f 3220/3310/3192 3219/3311/3191 3427/3527/3400
f 3427/3527/3400 3219/3311/3191 3416/3585/3389
f 3474/3574/3447 3472/3572/3445 3479/3586/3452
f 3479/3586/3452 3472/3572/3445 3480/3587/3453
f 3475/3575/3448 3474/3580/3447 3481/3588/3454
f 3481/3588/3454 3474/3580/3447 3479/3589/3452
f 3482/3590/3455 3483/3591/3456 3484/3592/3457
f 3485/3593/3458 3143/3231/3116 3147/3235/3120
f 3485/3593/3458 3482/3594/3455 3143/3231/3116
f 3143/3231/3116 3482/3594/3455 3144/3232/3117
f 3482/3590/3455 3148/3237/3121 3144/3236/3117
f 3486/3595/3459 3487/3596/3456 3485/3593/3458
f 3485/3593/3458 3487/3596/3456 3482/3594/3455
f 3483/3591/3456 3488/3597/3460 3484/3592/3457
f 3481/3588/3454 3479/3589/3452 3489/3598/3461
f 3148/3237/3121 3484/3592/3457 3153/3242/3126
f 3482/3590/3455 3484/3592/3457 3148/3237/3121
f 3490/3599/3462 3154/3243/3127 3151/3240/3124
f 3491/3600/3463 3490/3599/3462 3151/3240/3124
f 3151/3240/3124 3153/3242/3126 3491/3600/3463
f 3491/3600/3463 3153/3242/3126 3492/3601/3464
f 3493/3602/3465 3492/3601/3464 3484/3592/3457
f 3484/3592/3457 3492/3601/3464 3153/3242/3126
f 3488/3597/3460 3493/3602/3465 3484/3592/3457
f 3472/3572/3445 3473/3573/3446 3480/3587/3453
f 3480/3587/3453 3473/3573/3446 3494/3603/3466
f 3495/3604/3467 3496/3605/3468 3473/3573/3446
f 3437/3537/3410 3497/3606/3469 3439/3539/3412
f 3439/3539/3412 3497/3606/3469 3498/3607/3470
f 3437/3537/3410 3499/3608/3471 3497/3606/3469
f 3471/3571/3444 3499/3608/3471 3436/3536/3409
f 3436/3536/3409 3499/3608/3471 3437/3537/3410
f 3451/3551/3424 3452/3552/3425 3471/3571/3444
f 3471/3571/3444 3452/3552/3425 3499/3608/3471
f 3500/3609/3472 3499/3608/3471 3452/3552/3425
f 3452/3552/3425 3450/3550/3423 3500/3609/3472
f 3500/3609/3472 3450/3550/3423 3501/3610/3473
f 3450/3550/3423 3502/3611/3474 3501/3610/3473
f 3475/3575/3448 3481/3588/3454 3476/3576/3449
f 3476/3576/3449 3481/3588/3454 3503/3612/3475
f 3503/3612/3475 3481/3588/3454 3504/3613/3476
f 3504/3613/3476 3481/3588/3454 3489/3598/3461
f 3505/3614/3477 3486/3595/3459 3485/3593/3458
f 3147/3235/3120 3505/3614/3477 3485/3593/3458
f 3476/3576/3449 3503/3612/3475 3502/3611/3474
f 3448/3548/3421 3476/3576/3449 3502/3611/3474
f 3441/3541/3414 3495/3604/3467 3473/3573/3446
f 3441/3541/3414 3439/3539/3412 3495/3604/3467
f 3439/3539/3412 3498/3607/3470 3495/3604/3467
f 3473/3573/3446 3496/3605/3468 3494/3603/3466
f 3488/3597/3460 3506/3615/3478 3493/3602/3465
f 3363/3463/3335 3365/3465/3337 3372/3472/3344
f 3370/3470/3342 3372/3472/3344 3507/3616/3479
f 3370/3470/3342 3507/3616/3479 3371/3471/3343
f 3505/3614/3477 3508/3617/3480 3486/3595/3459
f 3450/3550/3423 3448/3548/3421 3502/3611/3474
f 3388/3487/3360 3390/3489/3362 3509/3618/3481
f 3388/3491/3364 3391/3490/3363 3510/3619/3482
f 3510/3619/3482 3391/3490/3363 3511/3620/3482
f 3273/3369/3245 3269/3365/3241 3290/3388/3262
f 1895/1897/1877 3512/3621/3483 1897/1899/1879
f 1897/1899/1879 3512/3621/3483 3513/3622/3484
f 1899/1901/1881 3514/3623/3485 1895/1897/1877
f 1895/1897/1877 3514/3623/3485 3512/3621/3483
f 1900/1902/1882 3515/3624/3486 1899/1901/1881
f 1899/1901/1881 3515/3624/3486 3514/3623/3485
f 3516/3625/3487 3515/3624/3486 1902/1904/1884
f 1902/1904/1884 3515/3624/3486 1900/1902/1882
f 3517/3626/3488 3516/3625/3487 1904/1906/1886
f 1904/1906/1886 3516/3625/3487 1902/1904/1884
f 1906/1908/1888 3518/3627/3489 1904/1906/1886
f 1904/1906/1886 3518/3627/3489 3517/3626/3488
f 3519/3628/3490 3518/3627/3489 1908/1910/1890
f 1908/1910/1890 3518/3627/3489 1906/1908/1888
f 3520/3629/3491 3519/3628/3490 1910/1912/1892
f 1910/1912/1892 3519/3628/3490 1908/1910/1890
f 3521/3630/3492 3520/3629/3491 1912/1914/1894
f 1912/1914/1894 3520/3629/3491 1910/1912/1892
f 1897/1899/1879 3513/3622/3484 1912/1917/1894
f 1912/1917/1894 3513/3622/3484 3521/3631/3492
f 3522/3632/3493 3523/3633/3494 3519/3628/3490
f 3519/3628/3490 3523/3633/3494 3518/3627/3489
f 3524/3634/3495 3522/3632/3493 3520/3629/3491
f 3520/3629/3491 3522/3632/3493 3519/3628/3490
f 3525/3635/3496 3524/3634/3495 3521/3630/3492
f 3521/3630/3492 3524/3634/3495 3520/3629/3491
f 3513/3622/3484 3526/3636/3497 3521/3631/3492
f 3521/3631/3492 3526/3636/3497 3525/3637/3496
f 3512/3621/3483 3527/3638/3498 3513/3622/3484
f 3513/3622/3484 3527/3638/3498 3526/3636/3497
f 3514/3623/3485 3528/3639/3499 3512/3621/3483
f 3512/3621/3483 3528/3639/3499 3527/3638/3498
f 3515/3624/3486 3529/3640/3500 3514/3623/3485
f 3514/3623/3485 3529/3640/3500 3528/3639/3499
f 3530/3641/3501 3529/3640/3500 3516/3625/3487
f 3516/3625/3487 3529/3640/3500 3515/3624/3486
f 3517/3626/3488 3531/3642/3502 3516/3625/3487
f 3516/3625/3487 3531/3642/3502 3530/3641/3501
f 3523/3633/3494 3531/3642/3502 3518/3627/3489
f 3518/3627/3489 3531/3642/3502 3517/3626/3488
f 3532/3643/3503 3533/3644/3504 3534/3645/3505
f 3535/3646/3506 3533/3644/3504 3532/3643/3503
f 1635/1580/1617 3535/3646/3506 1632/1578/1614
f 1632/1578/1614 3535/3646/3506 3532/3643/3503
f 1636/1581/1618 3536/3647/3507 1635/1580/1617
f 1635/1580/1617 3536/3647/3507 3535/3646/3506
f 1637/1582/1619 3537/3648/3508 1636/1581/1618
f 1636/1581/1618 3537/3648/3508 3536/3647/3507
f 3538/3649/3509 3537/3648/3508 1641/1600/1623
f 1641/1600/1623 3537/3648/3508 1637/1582/1619
f 3537/3648/3508 3538/3649/3509 3539/3650/3510
f 3539/3650/3510 3538/3649/3509 3540/3651/3511
f 3532/3652/3503 1639/1584/1621 1632/1575/1614
f 3538/3653/3509 1641/1586/1623 1640/1585/1622
f 3540/3654/3511 3538/3653/3509 3541/3655/3512
f 3538/3653/3509 1640/1585/1622 3541/3655/3512
f 3542/3656/3513 1638/1583/1620 3543/3657/3514
f 3543/3657/3514 1638/1583/1620 1639/1584/1621
f 3542/3656/3513 3541/3655/3512 1638/1583/1620
f 1638/1583/1620 3541/3655/3512 1640/1585/1622
f 1639/1584/1621 3532/3652/3503 3543/3657/3514
f 3532/3652/3503 3534/3658/3505 3543/3657/3514
f 3534/3658/3505 3544/3659/3515 3543/3657/3514
f 3545/3660/3516 3546/3661/3517 3542/3656/3513
f 3542/3656/3513 3546/3661/3517 3541/3655/3512
f 3545/3660/3516 3542/3656/3513 3544/3659/3515
f 3544/3659/3515 3542/3656/3513 3543/3657/3514
f 3541/3655/3512 3546/3661/3517 3540/3654/3511
f 3547/3662/3518 3536/3647/3507 3539/3650/3510
f 3539/3650/3510 3536/3647/3507 3537/3648/3508
f 3536/3647/3507 3547/3662/3518 3535/3646/3506
f 3535/3646/3506 3547/3662/3518 3533/3644/3504
f 3528/3639/3499 3548/3663/3519 3527/3638/3498
f 3549/3664/3520 3550/3665/3521 3551/3666/3522
f 3551/3666/3522 3550/3665/3521 3552/3667/3523
f 3553/3668/3524 3554/3669/3525 3555/3670/3526
f 3555/3670/3526 3554/3669/3525 3556/3671/3527
f 3557/3672/3528 3553/3668/3524 3558/3673/3529
f 3558/3673/3529 3553/3668/3524 3555/3670/3526
f 3559/3674/3530 3560/3675/3531 3558/3673/3529
f 3558/3673/3529 3560/3675/3531 3557/3672/3528
f 3561/3676/3532 3562/3677/3533 3559/3674/3530
f 3559/3674/3530 3562/3677/3533 3560/3675/3531
f 3563/3678/3534 3564/3679/3535 3561/3676/3532
f 3561/3676/3532 3564/3679/3535 3562/3677/3533
f 3565/3680/3536 3566/3681/3537 3567/3682/3538
f 3567/3682/3538 3566/3681/3537 3568/3683/3539
f 3569/3684/3540 3570/3685/3541 3565/3680/3536
f 3565/3680/3536 3570/3685/3541 3566/3681/3537
f 3571/3686/3542 3570/3685/3541 3572/3687/3543
f 3572/3687/3543 3570/3685/3541 3569/3684/3540
f 3554/3669/3525 3571/3686/3542 3556/3671/3527
f 3556/3671/3527 3571/3686/3542 3572/3687/3543
f 3573/3688/3544 3565/3680/3536 3574/3689/3545
f 3574/3689/3545 3565/3680/3536 3567/3682/3538
f 3569/3684/3540 3565/3680/3536 3548/3663/3519
f 3548/3663/3519 3565/3680/3536 3573/3688/3544
f 3572/3687/3543 3569/3684/3540 3575/3690/3546
f 3575/3690/3546 3569/3684/3540 3548/3663/3519
f 3556/3671/3527 3572/3687/3543 3575/3690/3546
f 3531/3642/3502 3576/3691/3547 3530/3641/3501
f 3530/3641/3501 3576/3691/3547 3556/3671/3527
f 3577/3692/3548 3576/3691/3547 3523/3633/3494
f 3523/3633/3494 3576/3691/3547 3531/3642/3502
f 3578/3693/3549 3577/3692/3548 3522/3632/3493
f 3522/3632/3493 3577/3692/3548 3523/3633/3494
f 3579/3694/3550 3580/3695/3551 3581/3696/3552
f 3581/3696/3552 3580/3695/3551 3578/3693/3549
f 3563/3678/3534 3579/3694/3550 3581/3696/3552
f 3582/3697/3553 3583/3698/3554 3584/3699/3555
f 3584/3699/3555 3583/3698/3554 3585/3700/3556
f 3586/3701/3557 3582/3697/3553 3587/3702/3558
f 3587/3702/3558 3582/3697/3553 3584/3699/3555
f 3588/3703/3559 3589/3704/3560 3587/3702/3558
f 3587/3702/3558 3589/3704/3560 3586/3701/3557
f 3590/3705/3561 3591/3706/3562 3588/3703/3559
f 3588/3703/3559 3591/3706/3562 3589/3704/3560
f 3592/3707/3563 3593/3708/3564 3594/3709/3565
f 3594/3709/3565 3593/3708/3564 3595/3710/3566
f 3596/3711/3567 3597/3712/3568 3594/3709/3565
f 3594/3709/3565 3597/3712/3568 3592/3707/3563
f 3598/3713/3569 3597/3712/3568 3599/3714/3570
f 3599/3714/3570 3597/3712/3568 3596/3711/3567
f 3600/3715/3571 3601/3716/3572 3602/3717/3573
f 3602/3717/3573 3601/3716/3572 3603/3718/3574
f 3604/3719/3575 3600/3715/3571 3605/3720/3576
f 3605/3720/3576 3600/3715/3571 3602/3717/3573
f 3606/3721/3577 3607/3722/3578 3605/3720/3576
f 3605/3720/3576 3607/3722/3578 3604/3719/3575
f 3608/3723/3579 3609/3724/3580 3606/3721/3577
f 3606/3721/3577 3609/3724/3580 3607/3722/3578
f 3610/3725/3581 3611/3726/3582 3608/3723/3579
f 3608/3723/3579 3611/3726/3582 3609/3724/3580
f 3612/3727/3583 3613/3728/3584 3614/3729/3585
f 3614/3729/3585 3613/3728/3584 3615/3730/3586
f 3616/3731/3587 3617/3732/3588 3614/3729/3585
f 3614/3729/3585 3617/3732/3588 3612/3727/3583
f 3618/3733/3589 3617/3732/3588 3619/3734/3590
f 3619/3734/3590 3617/3732/3588 3616/3731/3587
f 3601/3716/3572 3618/3733/3589 3603/3718/3574
f 3603/3718/3574 3618/3733/3589 3619/3734/3590
f 3602/3717/3573 3603/3718/3574 3553/3668/3524
f 3553/3668/3524 3603/3718/3574 3554/3669/3525
f 3605/3720/3576 3602/3717/3573 3557/3672/3528
f 3557/3672/3528 3602/3717/3573 3553/3668/3524
f 3560/3675/3531 3606/3721/3577 3557/3672/3528
f 3557/3672/3528 3606/3721/3577 3605/3720/3576
f 3562/3677/3533 3608/3723/3579 3560/3675/3531
f 3560/3675/3531 3608/3723/3579 3606/3721/3577
f 3564/3679/3535 3610/3725/3581 3562/3677/3533
f 3562/3677/3533 3610/3725/3581 3608/3723/3579
f 3566/3681/3537 3614/3729/3585 3568/3683/3539
f 3568/3683/3539 3614/3729/3585 3615/3730/3586
f 3570/3685/3541 3616/3731/3587 3566/3681/3537
f 3566/3681/3537 3616/3731/3587 3614/3729/3585
f 3619/3734/3590 3616/3731/3587 3571/3686/3542
f 3571/3686/3542 3616/3731/3587 3570/3685/3541
f 3603/3718/3574 3619/3734/3590 3554/3669/3525
f 3554/3669/3525 3619/3734/3590 3571/3686/3542
f 3585/3700/3556 3620/3735/3591 3600/3715/3571
f 3600/3715/3571 3620/3735/3591 3601/3716/3572
f 3584/3699/3555 3585/3700/3556 3604/3719/3575
f 3604/3719/3575 3585/3700/3556 3600/3715/3571
f 3607/3722/3578 3587/3702/3558 3604/3719/3575
f 3604/3719/3575 3587/3702/3558 3584/3699/3555
f 3609/3724/3580 3588/3703/3559 3607/3722/3578
f 3607/3722/3578 3588/3703/3559 3587/3702/3558
f 3611/3726/3582 3590/3705/3561 3609/3724/3580
f 3609/3724/3580 3590/3705/3561 3588/3703/3559
f 3594/3709/3565 3595/3710/3566 3612/3727/3583
f 3612/3727/3583 3595/3710/3566 3613/3728/3584
f 3617/3732/3588 3596/3711/3567 3612/3727/3583
f 3612/3727/3583 3596/3711/3567 3594/3709/3565
f 3599/3714/3570 3596/3711/3567 3618/3733/3589
f 3618/3733/3589 3596/3711/3567 3617/3732/3588
f 3620/3735/3591 3599/3714/3570 3601/3716/3572
f 3601/3716/3572 3599/3714/3570 3618/3733/3589
f 3576/3691/3547 3621/3736/3592 3556/3671/3527
f 3556/3671/3527 3621/3736/3592 3555/3670/3526
f 3622/3737/3593 3621/3736/3592 3577/3692/3548
f 3577/3692/3548 3621/3736/3592 3576/3691/3547
f 3578/3693/3549 3580/3695/3551 3577/3692/3548
f 3577/3692/3548 3580/3695/3551 3622/3737/3593
f 3579/3694/3550 3561/3676/3532 3580/3695/3551
f 3580/3695/3551 3561/3676/3532 3559/3674/3530
f 3595/3710/3566 3593/3708/3564 3590/3738/3561
f 3590/3738/3561 3593/3708/3564 3591/3739/3562
f 3613/3728/3584 3595/3710/3566 3611/3740/3582
f 3611/3740/3582 3595/3710/3566 3590/3738/3561
f 3615/3730/3586 3613/3728/3584 3610/3741/3581
f 3610/3741/3581 3613/3728/3584 3611/3740/3582
f 3568/3683/3539 3615/3730/3586 3564/3742/3535
f 3564/3742/3535 3615/3730/3586 3610/3741/3581
f 3567/3682/3538 3568/3683/3539 3563/3743/3534
f 3563/3743/3534 3568/3683/3539 3564/3742/3535
f 3574/3689/3545 3567/3682/3538 3563/3743/3534
f 3563/3678/3534 3561/3676/3532 3579/3694/3550
f 3563/3678/3534 3581/3696/3552 3525/3635/3496
f 3525/3635/3496 3581/3696/3552 3524/3634/3495
f 3581/3696/3552 3578/3693/3549 3524/3634/3495
f 3524/3634/3495 3578/3693/3549 3522/3632/3493
f 3558/3673/3529 3555/3670/3526 3622/3737/3593
f 3622/3737/3593 3555/3670/3526 3621/3736/3592
f 3580/3695/3551 3559/3674/3530 3622/3737/3593
f 3622/3737/3593 3559/3674/3530 3558/3673/3529
f 3556/3671/3527 3575/3690/3546 3530/3641/3501
f 3530/3641/3501 3575/3690/3546 3529/3640/3500
f 3575/3690/3546 3548/3663/3519 3529/3640/3500
f 3529/3640/3500 3548/3663/3519 3528/3639/3499
f 3527/3638/3498 3548/3663/3519 3573/3688/3544
f 3527/3638/3498 3573/3688/3544 3526/3636/3497
f 3526/3636/3497 3573/3688/3544 3574/3689/3545
f 3526/3636/3497 3574/3689/3545 3525/3637/3496
f 3525/3637/3496 3574/3689/3545 3563/3743/3534
f 3582/3697/3553 3623/3744/3594 3583/3698/3554
f 3583/3698/3554 3623/3744/3594 3624/3745/3595
f 3583/3698/3554 3624/3745/3595 3585/3700/3556
f 3585/3700/3556 3624/3745/3595 3620/3735/3591
f 3624/3745/3595 3598/3713/3569 3620/3735/3591
f 3620/3735/3591 3598/3713/3569 3599/3714/3570
f 3625/3746/3596 3598/3713/3569 3624/3745/3595
f 3598/3713/3569 3625/3746/3596 3597/3712/3568
f 3626/3747/3597 3627/3748/3598 3628/3749/3599
f 3349/3449/3321 3350/3450/3322 3629/3750/3600
f 3629/3750/3600 3350/3450/3322 3630/3751/3601
f 3631/3752/3602 3632/3753/3603 3630/3751/3601
f 3630/3751/3601 3632/3753/3603 3629/3750/3600
f 3299/3399/3271 3633/3754/3604 3297/3397/3269
f 3634/3755/3605 3629/3750/3600 3635/3756/3606
f 3635/3756/3606 3629/3750/3600 3632/3753/3603
f 3299/3399/3271 3310/3410/3282 3633/3754/3604
f 3633/3754/3604 3310/3410/3282 3349/3449/3321
f 3633/3754/3604 3349/3449/3321 3634/3755/3605
f 3634/3755/3605 3349/3449/3321 3629/3750/3600
f 3636/3757/3607 3114/3202/3087 3637/3758/3608
f 3637/3758/3608 3114/3202/3087 3116/3204/3089
f 3638/3759/3609 3156/3245/3129 3145/3233/3118
f 3639/3760/3610 3640/3761/3611 3641/3762/3612
f 3641/3762/3612 3640/3761/3611 3642/3763/3613
f 3643/3764/3614 3639/3760/3610 3644/3765/3615
f 3644/3765/3615 3639/3760/3610 3641/3762/3612
f 3645/3766/3616 3646/3767/3617 3647/3768/3618
f 3647/3768/3618 3646/3767/3617 3648/3769/3619
f 3639/3760/3610 3649/3770/3620 3640/3761/3611
f 3640/3761/3611 3649/3770/3620 3650/3771/3621
f 3651/3772/3622 3652/3773/3623 3653/3774/3624
f 3653/3774/3624 3652/3773/3623 3654/3775/3625
f 3655/3776/3626 3651/3772/3622 3656/3777/3627
f 3656/3777/3627 3651/3772/3622 3653/3774/3624
f 3655/3776/3626 3657/3778/3628 3651/3772/3622
f 3651/3772/3622 3657/3778/3628 3658/3779/3629
f 3659/3780/3630 3660/3781/3631 3661/3782/3632
f 3661/3782/3632 3660/3781/3631 3649/3770/3620
f 3662/3783/3633 3650/3771/3621 3660/3781/3631
f 3660/3781/3631 3650/3771/3621 3649/3770/3620
f 3631/3752/3602 3645/3766/3616 3632/3753/3603
f 3632/3753/3603 3645/3766/3616 3647/3768/3618
f 3641/3762/3612 3663/3784/3634 3644/3765/3615
f 3632/3753/3603 3647/3768/3618 3635/3756/3606
f 3635/3756/3606 3647/3768/3618 3664/3785/3635
f 3648/3769/3619 3665/3786/3636 3663/3784/3634
f 3663/3784/3634 3665/3786/3636 3644/3765/3615
f 3647/3768/3618 3648/3769/3619 3664/3785/3635
f 3664/3785/3635 3648/3769/3619 3663/3784/3634
f 3665/3786/3636 3666/3787/3637 3644/3765/3615
f 3644/3765/3615 3666/3787/3637 3643/3764/3614
f 3661/3782/3632 3649/3770/3620 3643/3764/3614
f 3643/3764/3614 3649/3770/3620 3639/3760/3610
f 3643/3764/3614 3666/3787/3637 3661/3782/3632
f 3667/3788/3638 3668/3789/3639 3659/3780/3630
f 3667/3788/3638 3661/3782/3632 3666/3787/3637
f 3651/3772/3622 3658/3779/3629 3652/3773/3623
f 3652/3773/3623 3658/3779/3629 3669/3790/3640
f 3670/3791/3641 3671/3792/3642 3672/3793/3643
f 3672/3793/3643 3671/3792/3642 3673/3794/3644
f 3674/3795/3645 3675/3796/3646 3673/3794/3644
f 3673/3794/3644 3675/3796/3646 3672/3793/3643
f 3675/3796/3646 3674/3795/3645 3676/3797/3647
f 3676/3797/3647 3674/3795/3645 3677/3798/3648
f 3670/3791/3641 3678/3799/3649 3671/3792/3642
f 3671/3792/3642 3678/3799/3649 3679/3800/3650
f 3678/3799/3649 3668/3789/3639 3679/3800/3650
f 3679/3800/3650 3668/3789/3639 3680/3801/3651
f 3681/3802/3652 3682/3803/3653 3683/3804/3654
f 3683/3804/3654 3682/3803/3653 3684/3805/3655
f 3685/3806/3656 3673/3794/3644 3682/3803/3653
f 3682/3803/3653 3673/3794/3644 3671/3792/3642
f 3686/3807/3657 3685/3806/3656 3681/3802/3652
f 3681/3802/3652 3685/3806/3656 3682/3803/3653
f 3687/3808/3658 3674/3795/3645 3685/3806/3656
f 3685/3806/3656 3674/3795/3645 3673/3794/3644
f 3686/3807/3657 3688/3809/3659 3685/3806/3656
f 3685/3806/3656 3688/3809/3659 3687/3808/3658
f 3687/3808/3658 3677/3798/3648 3674/3795/3645
f 3688/3809/3659 3689/3810/3660 3687/3808/3658
f 3687/3808/3658 3689/3810/3660 3677/3798/3648
f 3690/3811/3661 3677/3798/3648 3689/3810/3660
f 3691/3812/3662 3692/3813/3663 3686/3807/3657
f 3686/3807/3657 3692/3813/3663 3688/3809/3659
f 3692/3813/3663 3693/3814/3664 3688/3809/3659
f 3688/3809/3659 3693/3814/3664 3689/3810/3660
f 3683/3804/3654 3694/3815/3665 3681/3802/3652
f 3681/3802/3652 3694/3815/3665 3695/3816/3666
f 3681/3802/3652 3695/3816/3666 3686/3807/3657
f 3686/3807/3657 3695/3816/3666 3691/3812/3662
f 3696/3817/3667 3697/3818/3668 3680/3801/3651
f 3668/3789/3639 3667/3788/3638 3680/3801/3651
f 3679/3800/3650 3684/3805/3655 3671/3792/3642
f 3671/3792/3642 3684/3805/3655 3682/3803/3653
f 3684/3805/3655 3679/3800/3650 3680/3801/3651
f 3680/3801/3651 3697/3818/3668 3684/3805/3655
f 3684/3805/3655 3697/3818/3668 3683/3804/3654
f 3676/3797/3647 3658/3779/3629 3675/3796/3646
f 3675/3796/3646 3658/3779/3629 3657/3778/3628
f 3662/3783/3633 3660/3781/3631 3670/3791/3641
f 3670/3791/3641 3660/3781/3631 3678/3799/3649
f 3698/3819/3669 3694/3815/3665 3683/3804/3654
f 3690/3811/3661 3699/3820/3670 3677/3798/3648
f 3677/3798/3648 3699/3820/3670 3676/3797/3647
f 3668/3789/3639 3678/3799/3649 3659/3780/3630
f 3659/3780/3630 3678/3799/3649 3660/3781/3631
f 3699/3820/3670 3669/3790/3640 3676/3797/3647
f 3676/3797/3647 3669/3790/3640 3658/3779/3629
f 3652/3773/3623 3700/3821/3671 3654/3775/3625
f 3699/3820/3670 3701/3822/3672 3669/3790/3640
f 3702/3823/3673 3703/3824/3674 3690/3811/3661
f 3701/3822/3672 3704/3825/3675 3669/3790/3640
f 3700/3821/3671 3652/3773/3623 3704/3825/3675
f 3705/3826/3676 3706/3827/3677 3665/3786/3636
f 3665/3786/3636 3706/3827/3677 3666/3787/3637
f 3665/3786/3636 3648/3769/3619 3705/3826/3676
f 3705/3826/3676 3648/3769/3619 3646/3767/3617
f 3667/3788/3638 3707/3828/3678 3680/3801/3651
f 3666/3787/3637 3706/3827/3677 3667/3788/3638
f 3697/3818/3668 3698/3819/3669 3683/3804/3654
f 3696/3817/3667 3698/3819/3669 3697/3818/3668
f 3706/3827/3677 3707/3828/3678 3667/3788/3638
f 3707/3828/3678 3696/3817/3667 3680/3801/3651
f 3667/3788/3638 3659/3780/3630 3661/3782/3632
f 3690/3811/3661 3689/3810/3660 3702/3823/3673
f 3702/3823/3673 3689/3810/3660 3693/3814/3664
f 3708/3829/3679 3709/3830/3680 3710/3831/3681
f 3710/3831/3681 3709/3830/3680 3711/3832/3682
f 3712/3833/3683 3713/3834/3684 3708/3829/3679
f 3708/3829/3679 3713/3834/3684 3709/3830/3680
f 3636/3757/3607 3637/3758/3608 3712/3833/3683
f 3712/3833/3683 3637/3758/3608 3713/3834/3684
f 3714/3835/3685 3715/3836/3686 3716/3837/3687
f 3717/3838/3688 3718/3839/3689 3714/3835/3685
f 3549/3664/3520 3551/3666/3522 3719/3840/3690
f 3719/3840/3690 3551/3666/3522 3720/3841/3691
f 3721/3842/3692 3552/3667/3523 3550/3665/3521
f 3722/3843/3693 3723/3844/3694 3724/3845/3695
f 3724/3845/3695 3723/3844/3694 3725/3846/3696
f 3716/3837/3687 3726/3847/3697 3727/3848/3698
f 3727/3848/3698 3728/3849/3699 3721/3842/3692
f 3710/3831/3681 3711/3832/3682 3717/3838/3688
f 3717/3838/3688 3711/3832/3682 3718/3839/3689
f 3729/3850/3700 3730/3851/3701 3731/3852/3702
f 3732/3853/3703 3733/3854/3704 3729/3850/3700
f 3729/3850/3700 3733/3854/3704 3730/3851/3701
f 3724/3845/3695 3725/3846/3696 3734/3855/3705
f 3734/3855/3705 3725/3846/3696 3735/3856/3706
f 3736/3857/3707 3733/3854/3704 3737/3858/3708
f 3737/3858/3708 3733/3854/3704 3738/3853/3709
f 3719/3840/3690 3720/3841/3691 3722/3843/3693
f 3722/3843/3693 3720/3841/3691 3723/3844/3694
f 3701/3822/3672 3699/3820/3670 3703/3824/3674
f 3703/3824/3674 3699/3820/3670 3690/3811/3661
f 3704/3825/3675 3652/3773/3623 3669/3790/3640
f 3654/3775/3625 3739/3859/3710 3740/3860/3711
f 3653/3774/3624 3654/3775/3625 3740/3860/3711
f 3741/3861/3712 3656/3777/3627 3653/3774/3624
f 3627/3748/3598 3741/3861/3712 3628/3749/3599
f 3628/3749/3599 3741/3861/3712 3653/3774/3624
f 3742/3862/3713 3743/3863/3714 3744/3864/3715
f 3745/3865/3716 3746/3866/3717 3747/3867/3718
f 3747/3867/3718 3746/3866/3717 3748/3868/3719
f 3749/3869/3720 3750/3870/3721 3751/3871/3720
f 3751/3871/3720 3750/3870/3721 3742/3872/3722
f 3747/3867/3718 3748/3868/3719 3752/3873/3723
f 3752/3873/3723 3748/3868/3719 3753/3874/3724
f 3754/3875/3725 3752/3873/3723 3753/3874/3724
f 3755/3876/3726 2513/2544/2485 3756/3877/3727
f 3756/3877/3727 2513/2544/2485 2512/2543/2484
f 3757/3878/3728 3758/3879/3729 3759/3880/3730
f 3752/3873/3723 3760/3881/3731 3747/3867/3718
f 3747/3867/3718 3760/3881/3731 3758/3879/3729
f 3761/3882/3732 3762/3883/3733 3763/3884/3734
f 3763/3884/3734 3762/3883/3733 3764/3885/3735
f 3764/3885/3735 3762/3883/3733 3765/3886/3736
f 3765/3886/3736 3762/3883/3733 3766/3887/3737
f 3767/3888/3738 3752/3873/3723 3754/3875/3725
f 3753/3874/3724 3768/3889/3739 3754/3875/3725
f 3760/3881/3731 3752/3873/3723 3767/3888/3738
f 3760/3881/3731 3769/3890/3740 3770/3891/3741
f 3770/3891/3741 3758/3879/3729 3760/3881/3731
f 3760/3881/3731 3767/3888/3738 3769/3890/3740
f 3756/3877/3727 3771/3892/3742 3755/3876/3726
f 3755/3876/3726 3771/3892/3742 3772/3893/3743
f 3758/3879/3729 3770/3891/3741 3773/3894/3744
f 3774/3895/3745 3761/3882/3732 3775/3896/3746
f 3775/3896/3746 3761/3882/3732 3763/3884/3734
f 3771/3892/3742 3774/3895/3745 3772/3893/3743
f 3772/3893/3743 3774/3895/3745 3775/3896/3746
f 3770/3891/3741 3769/3890/3740 3776/3897/3747
f 3777/3898/3748 3770/3891/3741 3778/3899/3749
f 3778/3899/3749 3770/3891/3741 3776/3897/3747
f 3777/3898/3748 3778/3899/3749 2516/2547/2488
f 3779/3900/3750 3773/3894/3744 3777/3898/3748
f 3779/3900/3750 3777/3898/3748 2516/2547/2488
f 3743/3863/3714 3780/3901/3751 3744/3864/3715
f 3781/3902/3752 3765/3886/3736 3766/3887/3737
f 3700/3821/3671 3739/3859/3710 3654/3775/3625
f 3734/3855/3705 3782/3903/3753 3737/3858/3708
f 3782/3903/3753 3736/3857/3707 3737/3858/3708
f 3783/3904/3754 3782/3903/3753 3734/3855/3705
f 3735/3856/3706 3783/3904/3754 3734/3855/3705
f 3715/3836/3686 3726/3847/3697 3716/3837/3687
f 3714/3835/3685 3718/3839/3689 3715/3836/3686
f 3589/3704/3560 3784/3905/3755 3586/3701/3557
f 3586/3701/3557 3784/3905/3755 3785/3906/3756
f 3591/3706/3562 3786/3907/3757 3589/3704/3560
f 3589/3704/3560 3786/3907/3757 3784/3905/3755
f 3787/3908/3758 3788/3909/3759 3592/3707/3563
f 3592/3707/3563 3788/3909/3759 3593/3708/3564
f 3593/3708/3564 3788/3909/3759 3591/3739/3562
f 3591/3739/3562 3788/3909/3759 3786/3910/3757
f 3789/3911/3760 3784/3905/3755 3790/3912/3761
f 3790/3912/3761 3784/3905/3755 3786/3907/3757
f 3790/3913/3761 3786/3910/3757 3791/3914/3762
f 3791/3914/3762 3786/3910/3757 3788/3909/3759
f 3792/3915/3763 3793/3916/3764 3794/3917/3765
f 3795/3918/3766 2851/2923/2825 3796/3919/3767
f 3796/3919/3767 2851/2923/2825 2518/2549/2490
f 2852/2924/2826 3797/3920/3768 2858/2930/2832
f 2858/2930/2832 3797/3920/3768 3798/3921/3769
f 3797/3920/3768 2852/2924/2826 3799/3922/3770
f 3799/3922/3770 2852/2924/2826 2854/2926/2828
f 2856/2928/2830 3800/3923/3771 2842/2912/2816
f 2842/2912/2816 3800/3923/3771 3145/3233/3118
f 3798/3921/3769 3797/3920/3768 3801/3924/3772
f 3801/3924/3772 3797/3920/3768 3802/3925/3773
f 3802/3925/3773 3797/3920/3768 3792/3926/3763
f 3792/3926/3763 3797/3920/3768 3799/3922/3770
f 3792/3915/3763 3799/3927/3770 3803/3928/3774
f 3803/3928/3774 3799/3927/3770 3795/3918/3766
f 2521/2552/2493 3804/3929/3775 2518/2549/2490
f 2518/2549/2490 3804/3929/3775 3796/3919/3767
f 2861/2933/2835 3805/3930/3776 2856/2928/2830
f 2856/2928/2830 3805/3930/3776 3800/3923/3771
f 3799/3927/3770 2854/2934/2828 3795/3918/3766
f 3795/3918/3766 2854/2934/2828 2851/2923/2825
f 2861/2933/2835 2858/2930/2832 3805/3930/3776
f 3805/3930/3776 2858/2930/2832 3798/3921/3769
f 3806/3931/3777 3802/3925/3773 3807/3932/3765
f 3807/3932/3765 3802/3925/3773 3792/3926/3763
f 3804/3929/3775 3808/3933/3778 3796/3919/3767
f 3796/3919/3767 3808/3933/3778 3809/3934/3779
f 3810/3935/3780 3795/3918/3766 3809/3934/3779
f 3809/3934/3779 3795/3918/3766 3796/3919/3767
f 3794/3917/3765 3793/3916/3764 3811/3936/3781
f 3791/3914/3762 3812/3937/3782 3790/3913/3761
f 3803/3928/3774 3810/3935/3780 3793/3916/3764
f 3795/3918/3766 3810/3935/3780 3803/3928/3774
f 3792/3915/3763 3803/3928/3774 3793/3916/3764
f 3808/3933/3778 3813/3938/3783 3809/3934/3779
f 3809/3934/3779 3813/3938/3783 3814/3939/3784
f 3815/3940/3785 3809/3934/3779 3814/3939/3784
f 3809/3934/3779 3815/3940/3785 3810/3935/3780
f 3815/3940/3785 3816/3941/3786 3810/3935/3780
f 3817/3942/3787 3793/3916/3764 3816/3941/3786
f 3816/3941/3786 3793/3916/3764 3810/3935/3780
f 3811/3936/3781 3793/3916/3764 3817/3942/3787
f 3818/3943/3788 3785/3906/3756 3789/3911/3760
f 3789/3911/3760 3785/3906/3756 3784/3905/3755
f 3819/3944/3789 3785/3906/3756 3820/3945/3790
f 3821/3946/3791 3623/3744/3594 3582/3697/3553
f 3597/3712/3568 3625/3746/3596 3822/3947/3792
f 3597/3712/3568 3822/3947/3792 3823/3948/3793
f 3824/3949/3794 3791/3914/3762 3787/3908/3758
f 3787/3908/3758 3791/3914/3762 3788/3909/3759
f 3812/3937/3782 3791/3914/3762 3825/3950/3795
f 3825/3950/3795 3791/3914/3762 3824/3949/3794
f 3826/3951/3796 3802/3925/3773 3806/3931/3777
f 3801/3924/3772 3802/3925/3773 3826/3951/3796
f 3805/3930/3776 3798/3921/3769 3827/3952/3797
f 3827/3952/3797 3798/3921/3769 3801/3924/3772
f 3800/3923/3771 3805/3930/3776 3828/3953/3798
f 3828/3953/3798 3805/3930/3776 3827/3952/3797
f 3800/3923/3771 3828/3953/3798 3145/3233/3118
f 3145/3233/3118 3828/3953/3798 3638/3759/3609
f 3787/3908/3758 3823/3948/3793 3824/3949/3794
f 3592/3707/3563 3823/3948/3793 3787/3908/3758
f 3586/3701/3557 3785/3906/3756 3819/3944/3789
f 3586/3701/3557 3819/3944/3789 3582/3697/3553
f 3582/3697/3553 3819/3944/3789 3821/3946/3791
f 3785/3906/3756 3818/3943/3788 3820/3945/3790
f 3811/3936/3781 3817/3942/3787 3829/3954/3799
f 3721/3842/3692 3728/3849/3699 3552/3667/3523
f 3727/3848/3698 3830/3955/3800 3728/3849/3699
f 3727/3848/3698 3726/3847/3697 3830/3955/3800
f 3826/3951/3796 3806/3931/3777 3831/3956/3801
f 3597/3712/3568 3823/3948/3793 3592/3707/3563
f 3758/3879/3729 3773/3894/3744 3759/3880/3730
f 3759/3880/3730 3773/3894/3744 3832/3957/3802
f 3773/3894/3744 3779/3900/3750 3832/3957/3802
f 3832/3957/3802 3779/3900/3750 3833/3958/3803
f 3779/3900/3750 2515/2546/2487 3833/3958/3803
f 3833/3958/3803 2515/2546/2487 2554/2588/2525
f 3834/3959/3804 2881/2955/2855 3835/3960/3805
f 3835/3960/3805 2881/2955/2855 2869/2943/2843
f 2881/2955/2855 3834/3959/3804 2555/2589/2526
f 2555/2589/2526 3834/3959/3804 2556/2590/2527
f 2876/2950/2850 3836/3961/3806 3837/3962/3807
f 2888/2962/2862 3838/3963/3808 3836/3961/3806
f 3839/3964/3809 3840/3965/3810 3841/3966/3811
f 3835/3960/3805 3842/3967/3812 3843/3968/3813
f 3834/3959/3804 3835/3960/3805 3844/3969/3814
f 3844/3969/3814 3835/3960/3805 3843/3968/3813
f 2556/2590/2527 3834/3959/3804 2578/2611/2550
f 2578/2611/2550 3834/3959/3804 3844/3969/3814
f 3773/3894/3744 3770/3891/3741 3777/3898/3748
f 2515/2546/2487 3779/3900/3750 2516/2547/2488
f 3742/3862/3713 3845/3970/3815 3743/3863/3714
f 3836/3961/3806 3838/3963/3808 3846/3971/3816
f 3846/3971/3816 3847/3972/3817 3848/3973/3818
f 3848/3973/3818 3847/3972/3817 3849/3974/3819
f 3850/3975/3820 3851/3976/3821 3852/3977/3822
f 3853/3978/3823 3854/3979/3824 3850/3975/3820
f 3850/3975/3820 3854/3979/3824 3851/3976/3821
f 3842/3967/3812 3853/3978/3823 3850/3975/3820
f 2869/2943/2843 2868/2942/2842 3835/3960/3805
f 3835/3960/3805 2868/2942/2842 3842/3967/3812
f 3836/3961/3806 3846/3971/3816 3855/3980/3825
f 3837/3962/3807 3836/3961/3806 3855/3980/3825
f 3843/3968/3813 3842/3967/3812 3852/3977/3822
f 3852/3977/3822 3842/3967/3812 3850/3975/3820
f 3856/3981/3826 3857/3982/3827 3841/3966/3811
f 3841/3966/3811 3857/3982/3827 3839/3964/3809
f 3857/3982/3827 3856/3981/3826 3858/3983/3828
f 3858/3983/3828 3856/3981/3826 3859/3984/3829
f 2891/2965/2865 2890/2964/2864 3859/3984/3829
f 3859/3984/3829 2890/2964/2864 3858/3983/3828
f 3855/3980/3825 3846/3971/3816 3860/3985/3830
f 3860/3985/3830 3846/3971/3816 3848/3973/3818
f 3745/3865/3716 3747/3867/3718 3757/3878/3728
f 3757/3878/3728 3747/3867/3718 3758/3879/3729
f 2876/2950/2850 3837/3962/3807 3861/3986/3831
f 2872/2946/2846 2873/2947/2847 3862/3987/3832
f 3863/3988/3833 3864/3989/3834 3865/3990/3835
f 3866/3991/3836 3863/3988/3833 3867/3992/3837
f 3868/3993/3838 3865/3990/3835 3864/3989/3834
f 3199/3288/3171 3198/3287/3170 3864/3989/3834
f 3864/3989/3834 3198/3287/3170 3868/3993/3838
f 2876/2950/2850 2888/2962/2862 3836/3961/3806
f 3869/3994/3839 3870/3995/3840 3871/3996/3841
f 3871/3996/3841 3870/3995/3840 3872/3997/3842
f 3873/3998/3843 3874/3999/3844 3875/4000/3845
f 3875/4000/3845 3874/3999/3844 3876/4001/3846
f 3877/4002/3847 3878/4003/3848 3640/3761/3611
f 3640/3761/3611 3878/4003/3848 3642/3763/3613
f 3879/4004/3849 3877/4002/3847 3650/3771/3621
f 3650/3771/3621 3877/4002/3847 3640/3761/3611
f 3662/3783/3633 3880/4005/3850 3881/4006/3851
f 3675/3796/3646 3657/3778/3628 3672/3793/3643
f 3672/3793/3643 3657/3778/3628 3880/4005/3850
f 3672/3793/3643 3880/4005/3850 3670/3791/3641
f 3670/3791/3641 3880/4005/3850 3662/3783/3633
f 3872/3997/3842 3882/4007/3852 3871/3996/3841
f 3871/3996/3841 3882/4007/3852 3883/4008/3853
f 3872/3997/3842 3884/4009/3854 3882/4007/3852
f 3662/3783/3633 3881/4006/3851 3650/3771/3621
f 3650/3771/3621 3881/4006/3851 3879/4004/3849
f 3870/3995/3840 3869/3994/3839 3885/4010/3855
f 3885/4010/3855 3869/3994/3839 3886/4011/3856
f 3887/4012/3857 3888/4013/3858 3889/4014/3859
f 3889/4014/3859 3888/4013/3858 3890/4015/3860
f 3891/4016/3861 3892/4017/3862 3656/3777/3627
f 3656/3777/3627 3892/4017/3862 3655/3776/3626
f 3657/3778/3628 3893/4018/3863 3880/4005/3850
f 3880/4005/3850 3893/4018/3863 3881/4006/3851
f 3889/4014/3859 3890/4015/3860 3894/4019/3864
f 3741/3861/3712 3891/4016/3861 3656/3777/3627
f 3875/4020/3845 3876/4021/3846 3887/4012/3857
f 3887/4012/3857 3876/4021/3846 3888/4013/3858
f 3892/4017/3862 3893/4018/3863 3655/3776/3626
f 3655/3776/3626 3893/4018/3863 3657/3778/3628
f 3891/4016/3861 3741/3861/3712 3895/4022/3865
f 3896/4023/3866 3897/4024/3867 3898/4025/3868
f 3899/4026/3869 3900/4027/3870 3898/4025/3868
f 3898/4025/3868 3900/4027/3870 3896/4023/3866
f 3873/4028/3843 3900/4027/3870 3874/4029/3844
f 3874/4029/3844 3900/4027/3870 3899/4026/3869
f 3742/3872/3722 3750/3870/3721 3901/4030/3871
f 1477/1393/1459 3902/4031/3872 1478/1394/1460
f 1478/1394/1460 3902/4031/3872 3903/4032/3873
f 1473/1389/1455 3904/4033/3874 1477/1393/1459
f 1477/1393/1459 3904/4033/3874 3902/4031/3872
f 3902/4031/3872 3904/4033/3874 3905/4034/3875
f 3905/4034/3875 3904/4033/3874 3906/4035/3876
f 3907/4036/3877 3903/4032/3873 3905/4034/3875
f 3905/4034/3875 3903/4032/3873 3902/4031/3872
f 3908/4037/3878 1479/1395/1461 3903/4032/3873
f 3903/4032/3873 1479/1395/1461 1478/1394/1460
f 3908/4037/3878 3909/4038/3879 3910/4039/3880
f 3910/4039/3880 3909/4038/3879 3911/4040/3881
f 1479/1395/1461 3908/4037/3878 1466/1624/1448
f 1466/1624/1448 3908/4037/3878 3910/4039/3880
f 3910/4041/3880 1467/1383/1449 1466/1382/1448
f 3904/4033/3874 1473/1389/1455 1470/1386/1452
f 3912/4042/3882 3913/4043/3883 1469/1385/1451
f 1469/1385/1451 3913/4043/3883 1470/1386/1452
f 3906/4035/3876 3904/4033/3874 3913/4043/3883
f 3904/4033/3874 1470/1386/1452 3913/4043/3883
f 1467/1383/1449 3910/4041/3880 3914/4044/3884
f 3910/4041/3880 3911/4045/3881 3914/4044/3884
f 3911/4045/3881 3915/4046/3885 3914/4044/3884
f 3916/4047/3886 3917/4048/3887 3912/4042/3882
f 3912/4042/3882 3917/4048/3887 3913/4043/3883
f 3913/4043/3883 3917/4048/3887 3906/4035/3876
f 3903/4032/3873 3907/4036/3877 3908/4037/3878
f 3908/4037/3878 3907/4036/3877 3909/4038/3879
f 3915/4046/3885 3916/4047/3886 3914/4044/3884
f 3914/4044/3884 3916/4047/3886 3912/4042/3882
f 3914/4044/3884 3912/4042/3882 1467/1383/1449
f 1467/1383/1449 3912/4042/3882 1469/1385/1451
f 3918/4049/3888 3919/4050/3889 3920/4051/3890
f 3245/3340/3217 3235/3326/3207 3918/4049/3888
f 3918/4049/3888 3235/3326/3207 3919/4050/3889
f 3919/4050/3889 3235/3326/3207 3921/4052/3891
f 3921/4052/3891 3235/3326/3207 3234/3325/3206
f 3920/4051/3890 3922/4053/3892 1443/1355/1425
f 1443/1355/1425 3922/4053/3892 1441/1353/1423
f 1441/1353/1423 3922/4053/3892 1442/1354/1424
f 1442/1354/1424 3922/4053/3892 3923/4054/3893
f 3919/4050/3889 3921/4052/3891 3922/4053/3892
f 3922/4053/3892 3921/4052/3891 3923/4054/3893
f 3920/4051/3890 3919/4050/3889 3922/4053/3892
f 3921/4052/3891 3924/4055/3894 3923/4054/3893
f 3923/4054/3893 3924/4055/3894 3925/4056/3895
f 3923/4054/3893 3925/4056/3895 1442/1354/1424
f 3924/4055/3894 3921/4052/3891 3926/4057/3896
f 3926/4057/3896 3921/4052/3891 3234/3325/3206
f 3926/4057/3896 3234/3325/3206 3236/3332/3208
f 3927/4058/3897 3928/4059/3898 3929/4060/3899
f 3929/4060/3899 3928/4059/3898 3930/4061/3900
f 3931/4062/3901 3927/4058/3897 3932/4063/3902
f 3932/4063/3902 3927/4058/3897 3929/4060/3899
f 3228/3319/3200 3931/4062/3901 3243/3338/3215
f 3243/3338/3215 3931/4062/3901 3932/4063/3902
f 3932/4063/3902 3929/4060/3899 3933/4064/3903
f 3933/4064/3903 3929/4060/3899 3934/4065/3904
f 3243/3338/3215 3932/4063/3902 3238/3329/3210
f 3238/3329/3210 3932/4063/3902 3933/4064/3903
f 3238/3329/3210 3933/4064/3903 3236/3327/3208
f 3236/3327/3208 3933/4064/3903 3926/4066/3896
f 3933/4064/3903 3934/4065/3904 3926/4066/3896
f 3926/4066/3896 3934/4065/3904 3924/4067/3894
f 3925/4068/3895 3924/4067/3894 3935/4069/3905
f 3935/4069/3905 3924/4067/3894 3934/4065/3904
f 3935/4069/3905 1423/1332/1405 3925/4068/3895
f 3925/4068/3895 1423/1332/1405 1425/1334/1407
f 3935/4069/3905 3930/4061/3900 1423/1332/1405
f 1423/1332/1405 3930/4061/3900 1428/1337/1410
f 3928/4059/3898 1430/1339/1412 3930/4061/3900
f 3930/4061/3900 1430/1339/1412 1428/1337/1410
f 3936/4070/3906 3931/4062/3901 3241/3337/3213
f 3241/3337/3213 3931/4062/3901 3228/3319/3200
f 3931/4062/3901 3936/4070/3906 3927/4058/3897
f 3927/4058/3897 3936/4070/3906 3937/4071/3907
f 3927/4058/3897 3937/4071/3907 3928/4059/3898
f 3928/4059/3898 3937/4071/3907 3938/4072/3908
f 3928/4059/3898 3938/4072/3908 1430/1339/1412
f 1430/1339/1412 3938/4072/3908 1436/1345/1418
f 3925/4056/3895 1425/1356/1407 1442/1354/1424
f 1436/1358/1418 3938/4073/3908 1443/1355/1425
f 3938/4073/3908 3937/4074/3907 3920/4051/3890
f 3920/4051/3890 3937/4074/3907 3918/4049/3888
f 3938/4073/3908 3920/4051/3890 1443/1355/1425
f 3937/4074/3907 3936/4075/3906 3918/4049/3888
f 3918/4049/3888 3936/4075/3906 3245/3340/3217
f 3936/4075/3906 3241/3335/3213 3245/3340/3217
f 3935/4069/3905 3934/4065/3904 3930/4061/3900
f 3930/4061/3900 3934/4065/3904 3929/4060/3899
f 3939/4076/3909 3940/4077/3910 3941/4078/3911
f 3942/4079/3912 3939/4076/3909 3943/4080/3913
f 3943/4080/3913 3939/4076/3909 3944/4081/3914
f 3941/4078/3911 3945/4082/3915 3939/4076/3909
f 3939/4076/3909 3945/4082/3915 3944/4081/3914
f 3946/4083/3916 3947/4084/3917 3948/4085/3918
f 3948/4085/3918 3947/4084/3917 3949/4086/3919
f 3948/4085/3918 3950/4087/3920 3946/4083/3916
f 3946/4083/3916 3950/4087/3920 3951/4088/3921
f 3947/4089/3917 3946/4090/3916 3952/4091/3922
f 3952/4091/3922 3946/4090/3916 3953/4092/3923
f 3946/4090/3916 3951/4093/3921 3953/4092/3923
f 3954/4094/3924 3953/4092/3923 3955/4095/3925
f 3955/4095/3925 3953/4092/3923 3951/4093/3921
f 3943/4096/3913 3956/4097/3926 3955/4095/3925
f 3955/4095/3925 3956/4097/3926 3954/4094/3924
f 3957/4098/3927 3958/4099/3928 3956/4097/3926
f 3956/4097/3926 3958/4099/3928 3954/4094/3924
f 3943/4096/3913 3944/4081/3914 3956/4097/3926
f 3956/4097/3926 3944/4081/3914 3957/4098/3927
f 3957/4098/3927 3944/4081/3914 3945/4082/3915
f 3959/4100/3929 3955/4101/3925 3950/4087/3920
f 3950/4087/3920 3955/4101/3925 3951/4088/3921
f 3942/4079/3912 3943/4080/3913 3959/4100/3929
f 3959/4100/3929 3943/4080/3913 3955/4101/3925
f 3960/4102/3930 3961/4103/3931 3949/4086/3919
f 3949/4086/3919 3961/4103/3931 3948/4085/3918
f 3942/4079/3912 3940/4077/3910 3939/4076/3909
f 3960/4102/3930 3962/4104/3932 3961/4103/3931
f 3940/4077/3910 3962/4104/3932 3960/4102/3930
f 3940/4077/3910 3942/4079/3912 3962/4104/3932
f 3962/4104/3932 3942/4079/3912 3959/4100/3929
f 3962/4104/3932 3959/4100/3929 3961/4103/3931
f 3961/4103/3931 3959/4100/3929 3950/4087/3920
f 3941/4078/3911 3940/4077/3910 3960/4102/3930
f 3948/4085/3918 3961/4103/3931 3950/4087/3920
f 3958/4099/3928 3952/4091/3922 3954/4094/3924
f 3954/4094/3924 3952/4091/3922 3953/4092/3923
f 3963/4105/3933 3964/4106/3934 3941/4078/3911
f 3941/4078/3911 3964/4106/3934 3945/4082/3915
f 3905/4034/3875 3906/4035/3876 3963/4105/3933
f 3963/4105/3933 3906/4035/3876 3964/4106/3934
f 3965/4107/3935 3907/4036/3877 3963/4105/3933
f 3963/4105/3933 3907/4036/3877 3905/4034/3875
f 3966/4108/3936 3909/4038/3879 3965/4107/3935
f 3965/4107/3935 3909/4038/3879 3907/4036/3877
f 3967/4109/3937 3911/4040/3881 3966/4108/3936
f 3966/4108/3936 3911/4040/3881 3909/4038/3879
f 3966/4108/3936 3949/4086/3919 3967/4109/3937
f 3967/4109/3937 3949/4086/3919 3947/4084/3917
f 3967/4110/3937 3915/4046/3885 3911/4045/3881
f 3958/4099/3928 3957/4098/3927 3916/4047/3886
f 3916/4047/3886 3957/4098/3927 3917/4048/3887
f 3915/4046/3885 3967/4110/3937 3952/4091/3922
f 3967/4110/3937 3947/4089/3917 3952/4091/3922
f 3906/4035/3876 3917/4048/3887 3964/4106/3934
f 3945/4082/3915 3964/4106/3934 3957/4098/3927
f 3964/4106/3934 3917/4048/3887 3957/4098/3927
f 3965/4107/3935 3960/4102/3930 3966/4108/3936
f 3966/4108/3936 3960/4102/3930 3949/4086/3919
f 3941/4078/3911 3960/4102/3930 3963/4105/3933
f 3963/4105/3933 3960/4102/3930 3965/4107/3935
f 3952/4091/3922 3958/4099/3928 3915/4046/3885
f 3915/4046/3885 3958/4099/3928 3916/4047/3886
f 1735/1699/1717 3968/4111/3938 3229/3320/3201
f 3969/4112/3939 3970/4113/3940 3227/3333/3199
f 3227/3333/3199 3970/4113/3940 3240/3334/3212
f 1731/1695/1713 2961/3052/2935 3971/4114/3941
f 2961/3052/2935 2966/3057/2940 3971/4114/3941
f 3971/4114/3941 2966/3057/2940 3972/4115/3942
f 3229/3320/3201 3973/4116/3943 3969/4117/3939
f 3229/3320/3201 3969/4117/3939 3226/3317/3198
f 3226/3317/3198 3969/4117/3939 3227/3318/3199
f 3240/3334/3212 3970/4113/3940 3250/3346/3222
f 3250/3346/3222 3970/4113/3940 3249/3345/3221
f 3972/4115/3942 3968/4111/3938 3971/4114/3941
f 3971/4114/3941 3968/4111/3938 1731/1695/1713
f 1731/1695/1713 3968/4111/3938 1733/1697/1715
f 1733/1697/1715 3968/4111/3938 1735/1699/1717
f 3229/3320/3201 3968/4111/3938 3973/4116/3943
f 3974/4118/3944 1744/1709/1726 3249/3345/3221
f 1739/1703/1721 3974/4118/3944 1740/1704/1722
f 1740/1704/1722 3974/4118/3944 3975/4119/3945
f 1740/1704/1722 3975/4119/3945 2962/3053/2936
f 2962/3053/2936 3975/4119/3945 2974/4120/2948
f 3974/4118/3944 3249/3345/3221 3976/4121/3946
f 2974/4120/2948 3975/4119/3945 3977/4122/3947
f 3977/4122/3947 3975/4119/3945 3978/4123/3948
f 3975/4119/3945 3974/4118/3944 3978/4123/3948
f 3978/4123/3948 3974/4118/3944 3976/4121/3946
f 1739/1703/1721 1744/1709/1726 3974/4118/3944
f 2965/3056/2939 2974/3067/2948 3979/4124/3949
f 3979/4124/3949 2974/3067/2948 3977/4125/3947
f 2965/3056/2939 3979/4124/3949 2966/3057/2940
f 2966/3057/2940 3979/4124/3949 3972/4115/3942
f 3980/4126/3950 3981/4127/3951 3982/4128/3952
f 3983/4129/3953 3968/4111/3938 3972/4115/3942
f 3983/4129/3953 3984/4130/3954 3985/4131/3955
f 3984/4130/3954 3986/4132/3956 3985/4131/3955
f 3985/4131/3955 3986/4132/3956 3987/4133/3957
f 3987/4133/3957 3986/4132/3956 3988/4134/3958
f 3988/4134/3958 3986/4132/3956 3989/4135/3959
f 3990/4136/3960 3991/4137/3961 3983/4129/3953
f 3983/4129/3953 3991/4137/3961 3984/4130/3954
f 3991/4137/3961 3992/4138/3962 3984/4130/3954
f 3984/4130/3954 3992/4138/3962 3986/4132/3956
f 3992/4138/3962 3993/4139/3963 3986/4132/3956
f 3986/4132/3956 3993/4139/3963 3989/4135/3959
f 3990/4136/3960 3983/4129/3953 3979/4124/3949
f 3979/4124/3949 3983/4129/3953 3972/4115/3942
f 3994/4140/3964 3991/4137/3961 3995/4141/3965
f 3995/4141/3965 3991/4137/3961 3990/4136/3960
f 3996/4142/3966 3992/4138/3962 3994/4140/3964
f 3994/4140/3964 3992/4138/3962 3991/4137/3961
f 3996/4142/3966 3997/4143/3967 3992/4138/3962
f 3992/4138/3962 3997/4143/3967 3993/4139/3963
f 3998/4144/3968 3999/4145/3969 3995/4146/3965
f 3995/4146/3965 3999/4145/3969 3994/4147/3964
f 3977/4122/3947 3978/4123/3948 3995/4146/3965
f 3995/4146/3965 3978/4123/3948 3998/4144/3968
f 3998/4144/3968 3980/4126/3950 3999/4145/3969
f 3999/4145/3969 3980/4126/3950 3982/4128/3952
f 3978/4123/3948 3976/4121/3946 3998/4144/3968
f 3998/4144/3968 3976/4121/3946 3980/4126/3950
f 4000/4148/3970 4001/4149/3971 4002/4150/3972
f 4002/4150/3972 4001/4149/3971 4003/4151/3973
f 4002/4150/3972 3999/4145/3969 4000/4148/3970
f 4000/4148/3970 3999/4145/3969 3982/4128/3952
f 4002/4150/3972 4003/4151/3973 3996/4152/3966
f 3996/4152/3966 4003/4151/3973 3997/4153/3967
f 4000/4148/3970 4004/4154/3974 4001/4149/3971
f 4001/4149/3971 4004/4154/3974 4005/4155/3975
f 3982/4128/3952 3981/4127/3951 4000/4148/3970
f 4000/4148/3970 3981/4127/3951 4004/4154/3974
f 3996/4152/3966 3994/4147/3964 4002/4150/3972
f 4002/4150/3972 3994/4147/3964 3999/4145/3969
f 3980/4126/3950 4006/4156/3976 3981/4127/3951
f 3981/4127/3951 4006/4156/3976 4007/4157/3977
f 3976/4121/3946 3249/3345/3221 3980/4126/3950
f 3980/4126/3950 3249/3345/3221 4006/4156/3976
f 4008/4158/3978 4007/4157/3977 4006/4156/3976
f 3969/4112/3939 4008/4158/3978 3970/4113/3940
f 3970/4113/3940 4008/4158/3978 4006/4156/3976
f 3970/4113/3940 4006/4156/3976 3249/3345/3221
f 4004/4154/3974 4007/4157/3977 4009/4159/3979
f 4009/4159/3979 4007/4157/3977 4008/4158/3978
f 4004/4154/3974 4009/4159/3979 4005/4155/3975
f 4005/4155/3975 4009/4159/3979 4010/4160/3980
f 4009/4161/3979 3987/4133/3957 4010/4162/3980
f 4010/4162/3980 3987/4133/3957 3988/4134/3958
f 4009/4161/3979 4008/4163/3978 3987/4133/3957
f 3987/4133/3957 4008/4163/3978 4011/4164/3981
f 4004/4154/3974 3981/4127/3951 4007/4157/3977
f 3968/4111/3938 4011/4164/3981 3973/4116/3943
f 3973/4116/3943 4011/4164/3981 3969/4117/3939
f 3969/4117/3939 4011/4164/3981 4008/4163/3978
f 3987/4133/3957 4011/4164/3981 3985/4131/3955
f 4011/4164/3981 3968/4111/3938 3985/4131/3955
f 3985/4131/3955 3968/4111/3938 3983/4129/3953
f 1373/1268/1355 1374/1269/1356 3997/4143/3967
f 3997/4143/3967 1374/1269/1356 3993/4139/3963
f 4003/4151/3973 1375/1271/1357 3997/4153/3967
f 3997/4153/3967 1375/1271/1357 1373/1270/1355
f 3993/4139/3963 1374/1269/1356 3989/4135/3959
f 3989/4135/3959 1374/1269/1356 1380/1278/1362
f 3989/4135/3959 1380/1278/1362 3988/4134/3958
f 3988/4134/3958 1380/1278/1362 1382/1280/1364
f 4010/4162/3980 3988/4134/3958 1386/1284/1368
f 1386/1284/1368 3988/4134/3958 1382/1280/1364
f 1386/1295/1368 1394/1296/1376 4010/4160/3980
f 4010/4160/3980 1394/1296/1376 4005/4155/3975
f 1394/1296/1376 1395/1297/1377 4005/4155/3975
f 4005/4155/3975 1395/1297/1377 4001/4149/3971
f 1375/1271/1357 4003/4151/3973 1395/1297/1377
f 1395/1297/1377 4003/4151/3973 4001/4149/3971
f 3979/4124/3949 3977/4125/3947 3990/4136/3960
f 3990/4136/3960 3977/4125/3947 3995/4141/3965
f 4012/4165/3982 4013/4166/3983 4014/4167/3984
f 4015/4168/3985 4016/4169/3986 4017/4170/3987
f 4015/4168/3985 4014/4167/3984 4016/4169/3986
f 4014/4167/3984 4013/4166/3983 4016/4169/3986
f 4016/4169/3986 4013/4166/3983 4018/4171/3988
f 4016/4169/3986 4018/4171/3988 4017/4170/3987
f 4017/4170/3987 4018/4171/3988 4019/4172/3989
f 4018/4171/3988 4020/4173/3990 4019/4172/3989
f 4019/4172/3989 4020/4173/3990 4021/4174/3991
f 4018/4171/3988 4013/4166/3983 4020/4173/3990
f 4020/4173/3990 4013/4166/3983 4022/4175/3992
f 4012/4165/3982 4023/4176/3993 4013/4166/3983
f 4013/4166/3983 4023/4176/3993 4022/4175/3992
f 4024/4177/3994 4025/4178/3995 4012/4165/3982
f 4012/4165/3982 4025/4178/3995 4023/4176/3993
f 4015/4168/3985 4017/4170/3987 4026/4179/3996
f 4026/4179/3996 4017/4170/3987 4027/4180/3997
f 4027/4180/3997 4017/4170/3987 4019/4172/3989
f 4026/4179/3996 4027/4180/3997 4028/4181/3998
f 4028/4181/3998 4027/4180/3997 4029/4182/3999
f 4029/4183/3999 4030/4184/4000 4028/4185/3998
f 4028/4185/3998 4030/4184/4000 4031/4186/4001
f 4029/4183/3999 4021/4187/3991 4030/4184/4000
f 4021/4187/3991 4020/4188/3990 4030/4184/4000
f 4030/4184/4000 4020/4188/3990 4032/4189/4002
f 4020/4188/3990 4022/4190/3992 4032/4189/4002
f 4032/4189/4002 4022/4190/3992 4033/4191/4003
f 4032/4189/4002 4034/4192/4004 4030/4184/4000
f 4030/4184/4000 4034/4192/4004 4031/4186/4001
f 4035/4193/4005 4034/4192/4004 4033/4191/4003
f 4033/4191/4003 4034/4192/4004 4032/4189/4002
f 4027/4180/3997 4019/4172/3989 4029/4182/3999
f 4029/4182/3999 4019/4172/3989 4021/4174/3991
f 4012/4165/3982 4014/4167/3984 4024/4177/3994
f 4024/4177/3994 4014/4167/3984 4015/4168/3985
f 4033/4191/4003 4023/4194/3993 4035/4193/4005
f 4035/4193/4005 4023/4194/3993 4025/4195/3995
f 4022/4190/3992 4023/4194/3993 4033/4191/4003
f 4036/4196/4006 4037/4197/4007 4038/4198/4008
f 4039/4199/4009 4040/4200/4010 4038/4198/4008
f 4038/4198/4008 4040/4200/4010 4041/4201/4011
f 4038/4198/4008 4037/4197/4007 4039/4199/4009
f 4042/4202/4012 4043/4203/4013 4044/4204/4014
f 4044/4204/4014 4043/4203/4013 4045/4205/4015
f 4046/4206/4016 4047/4207/4017 4043/4203/4013
f 4043/4203/4013 4047/4207/4017 4045/4205/4015
f 4048/4208/4018 4049/4209/4019 4050/4210/4020
f 4048/4208/4018 4042/4202/4012 4049/4209/4019
f 4049/4209/4019 4042/4202/4012 4051/4211/4021
f 4051/4211/4021 4036/4196/4006 4049/4209/4019
f 4049/4209/4019 4036/4196/4006 4052/4212/4022
f 4050/4210/4020 4049/4209/4019 4052/4212/4022
f 4042/4202/4012 4048/4208/4018 4043/4203/4013
f 4041/4201/4011 4050/4210/4020 4038/4198/4008
f 4038/4198/4008 4050/4210/4020 4052/4212/4022
f 4044/4213/4014 4045/4214/4015 4053/4215/4023
f 4053/4215/4023 4045/4214/4015 4054/4216/4024
f 4054/4216/4024 4045/4214/4015 4047/4217/4017
f 4055/4218/4025 4056/4219/4026 4037/4220/4007
f 4037/4220/4007 4056/4219/4026 4057/4221/4027
f 4055/4218/4025 4044/4213/4014 4056/4219/4026
f 4056/4219/4026 4044/4213/4014 4053/4215/4023
f 4056/4219/4026 4053/4215/4023 4058/4222/4028
f 4058/4222/4028 4053/4215/4023 4054/4216/4024
f 4059/4223/4029 4057/4221/4027 4058/4222/4028
f 4058/4222/4028 4057/4221/4027 4056/4219/4026
f 4040/4224/4010 4039/4225/4009 4059/4223/4029
f 4059/4223/4029 4039/4225/4009 4057/4221/4027
f 4039/4225/4009 4037/4220/4007 4057/4221/4027
f 4044/4204/4014 4055/4226/4025 4042/4202/4012
f 4042/4202/4012 4055/4226/4025 4051/4211/4021
f 4051/4211/4021 4055/4226/4025 4036/4196/4006
f 4036/4196/4006 4055/4226/4025 4037/4197/4007
f 4048/4208/4018 4050/4210/4020 4043/4203/4013
f 4043/4203/4013 4050/4210/4020 4046/4206/4016
f 4038/4198/4008 4052/4212/4022 4036/4196/4006
f 4060/4227/4030 4061/4228/4031 3547/3662/3518
f 3547/3662/3518 4061/4228/4031 3533/3644/3504
f 4062/4229/4032 3534/3645/3505 4061/4228/4031
f 4061/4228/4031 3534/3645/3505 3533/3644/3504
f 4061/4228/4031 4041/4201/4011 4062/4229/4032
f 4062/4229/4032 4041/4201/4011 4040/4200/4010
f 4063/4230/4033 4064/4231/4034 4046/4206/4016
f 4046/4206/4016 4064/4231/4034 4047/4207/4017
f 3539/3650/3510 3540/3651/3511 4063/4230/4033
f 4063/4230/4033 3540/3651/3511 4064/4231/4034
f 4046/4206/4016 4050/4210/4020 4063/4230/4033
f 4063/4230/4033 4050/4210/4020 4060/4227/4030
f 4062/4232/4032 3544/3659/3515 3534/3658/3505
f 4058/4222/4028 3545/3660/3516 4059/4223/4029
f 4059/4223/4029 3545/3660/3516 3544/3659/3515
f 4058/4222/4028 4054/4216/4024 3545/3660/3516
f 3545/3660/3516 4054/4216/4024 3546/3661/3517
f 3544/3659/3515 4062/4232/4032 4059/4223/4029
f 4062/4232/4032 4040/4224/4010 4059/4223/4029
f 3540/3654/3511 3546/3661/3517 4064/4233/4034
f 4047/4217/4017 4064/4233/4034 4054/4216/4024
f 4064/4233/4034 3546/3661/3517 4054/4216/4024
f 3539/3650/3510 4063/4230/4033 3547/3662/3518
f 3547/3662/3518 4063/4230/4033 4060/4227/4030
f 4061/4228/4031 4060/4227/4030 4041/4201/4011
f 4041/4201/4011 4060/4227/4030 4050/4210/4020
f 1676/1629/1658 4065/4234/4035 1674/1627/1656
f 1665/1615/1647 4066/4235/4036 1667/1618/1649
f 1667/1618/1649 4066/4235/4036 4067/4236/4037
f 1667/1618/1649 4067/4236/4037 1664/1613/1646
f 1664/1613/1646 4067/4236/4037 4068/4237/4038
f 4069/4238/4039 4066/4235/4036 1658/1614/1640
f 1658/1614/1640 4066/4235/4036 1665/1615/1647
f 4067/4236/4037 4070/4239/4040 4068/4237/4038
f 4068/4237/4038 4070/4239/4040 4071/4240/4041
f 4067/4236/4037 4066/4235/4036 4070/4239/4040
f 4070/4239/4040 4066/4235/4036 4072/4241/4042
f 4070/4239/4040 4073/4242/4043 4071/4240/4041
f 4071/4240/4041 4073/4242/4043 4074/4243/4044
f 4072/4241/4042 4075/4244/4045 4070/4239/4040
f 4070/4239/4040 4075/4244/4045 4073/4242/4043
f 4073/4242/4043 4015/4168/3985 4074/4243/4044
f 4074/4243/4044 4015/4168/3985 4026/4179/3996
f 4075/4244/4045 4024/4177/3994 4073/4242/4043
f 4073/4242/4043 4024/4177/3994 4015/4168/3985
f 4075/4244/4045 4076/4245/4046 4024/4177/3994
f 4024/4177/3994 4076/4245/4046 4025/4178/3995
f 4072/4241/4042 4077/4246/4047 4075/4244/4045
f 4075/4244/4045 4077/4246/4047 4076/4245/4046
f 4066/4235/4036 4069/4238/4039 4072/4241/4042
f 4072/4241/4042 4069/4238/4039 4077/4246/4047
f 4068/4237/4038 4071/4240/4041 4078/4247/4048
f 4078/4247/4048 4071/4240/4041 4079/4248/4049
f 4080/4249/4050 4079/4248/4049 4074/4243/4044
f 4074/4243/4044 4079/4248/4049 4071/4240/4041
f 4074/4243/4044 4026/4179/3996 4080/4249/4050
f 4080/4249/4050 4026/4179/3996 4028/4181/3998
f 4069/4250/4039 1658/1605/1640 1674/1627/1656
f 4077/4251/4047 4069/4250/4039 4065/4234/4035
f 4069/4250/4039 1674/1627/1656 4065/4234/4035
f 4065/4234/4035 4081/4252/4051 4077/4251/4047
f 4077/4251/4047 4081/4252/4051 4076/4253/4046
f 4082/4254/4052 4081/4252/4051 4083/4255/4053
f 4083/4255/4053 4081/4252/4051 4065/4234/4035
f 4082/4254/4052 4083/4255/4053 4084/4256/4054
f 4084/4256/4054 4083/4255/4053 4085/4257/4055
f 4080/4258/4050 4084/4256/4054 4079/4259/4049
f 4079/4259/4049 4084/4256/4054 4085/4257/4055
f 1675/1628/1657 4078/4260/4048 4085/4257/4055
f 4078/4260/4048 4079/4259/4049 4085/4257/4055
f 1675/1628/1657 1661/1608/1643 4078/4260/4048
f 4083/4255/4053 1676/1629/1658 4085/4257/4055
f 4085/4257/4055 1676/1629/1658 1675/1628/1657
f 4083/4255/4053 4065/4234/4035 1676/1629/1658
f 4084/4256/4054 4080/4258/4050 4031/4186/4001
f 4080/4258/4050 4028/4185/3998 4031/4186/4001
f 4034/4192/4004 4082/4254/4052 4031/4186/4001
f 4031/4186/4001 4082/4254/4052 4084/4256/4054
f 4034/4192/4004 4035/4193/4005 4082/4254/4052
f 4082/4254/4052 4035/4193/4005 4081/4252/4051
f 4025/4195/3995 4076/4253/4046 4035/4193/4005
f 4076/4253/4046 4081/4252/4051 4035/4193/4005
f 4078/4247/4048 1661/1611/1643 4068/4237/4038
f 4068/4237/4038 1661/1611/1643 1664/1613/1646
f 4086/4261/4056 4087/4262/4057 4088/4263/4058
f 4089/4264/4059 1556/1480/1538 4090/4265/4060
f 4090/4265/4060 1556/1480/1538 1563/1490/1545
f 4089/4264/4059 4091/4266/4061 1556/1480/1538
f 1556/1480/1538 4091/4266/4061 1555/1479/1537
f 4092/4267/4062 4091/4266/4061 4093/4268/4063
f 4093/4268/4063 4091/4266/4061 4089/4264/4059
f 4093/4268/4063 4089/4264/4059 4094/4269/4064
f 4094/4269/4064 4089/4264/4059 4090/4265/4060
f 4092/4267/4062 4095/4270/4065 4091/4266/4061
f 4095/4270/4065 4096/4271/4066 4091/4266/4061
f 4096/4271/4066 1555/1479/1537 4091/4266/4061
f 1564/1491/1546 1555/1479/1537 4096/4271/4066
f 4097/4272/4067 4098/4273/4068 4099/4274/4069
f 4099/4274/4069 4098/4273/4068 4087/4262/4057
f 1558/1485/1540 1559/1486/1541 4097/4272/4067
f 4097/4272/4067 1559/1486/1541 4098/4273/4068
f 4088/4263/4058 4087/4262/4057 4098/4273/4068
f 1559/1486/1541 1561/1488/1543 4098/4273/4068
f 4098/4273/4068 1561/1488/1543 4088/4263/4058
f 1561/1488/1543 1564/1568/1546 4088/4263/4058
f 4088/4263/4058 1564/1568/1546 4096/4275/4066
f 4095/4276/4065 4086/4261/4056 4096/4275/4066
f 4096/4275/4066 4086/4261/4056 4088/4263/4058
f 1558/1485/1540 4097/4272/4067 1552/1484/1534
f 1552/1484/1534 4097/4272/4067 4100/4277/4070
f 4097/4272/4067 4099/4274/4069 4100/4277/4070
f 4100/4277/4070 4099/4274/4069 4101/4278/4071
f 4090/4265/4060 4101/4279/4071 4094/4269/4064
f 4101/4279/4071 4090/4265/4060 4100/4280/4070
f 4090/4265/4060 1563/1490/1545 4100/4280/4070
f 1563/1490/1545 1552/1476/1534 4100/4280/4070
f 4095/4276/4065 4102/4281/4072 4086/4261/4056
f 4103/4282/4073 4104/4283/4074 4105/4284/4075
f 4105/4284/4075 4104/4283/4074 4106/4285/4076
f 4103/4282/4073 4107/4286/4077 4104/4283/4074
f 4104/4283/4074 4107/4286/4077 4108/4287/4078
f 4109/4288/4079 4110/4289/4080 4111/4290/4081
f 4111/4290/4081 4110/4289/4080 4112/4291/4082
f 4111/4290/4081 4112/4291/4082 4113/4292/4083
f 4110/4289/4080 4114/4293/4084 4112/4291/4082
f 4110/4289/4080 4115/4294/4085 4114/4293/4084
f 4115/4294/4085 4108/4287/4078 4114/4293/4084
f 4114/4293/4084 4108/4287/4078 4116/4295/4086
f 4112/4291/4082 4114/4293/4084 4113/4292/4083
f 4113/4292/4083 4114/4293/4084 4116/4295/4086
f 4104/4283/4074 4115/4294/4085 4106/4285/4076
f 4106/4285/4076 4115/4294/4085 4110/4289/4080
f 4104/4283/4074 4108/4287/4078 4115/4294/4085
f 4116/4295/4086 4117/4296/4087 4113/4292/4083
f 4113/4292/4083 4117/4296/4087 4118/4297/4088
f 4116/4295/4086 4108/4287/4078 4117/4296/4087
f 4117/4296/4087 4108/4287/4078 4107/4286/4077
f 4109/4288/4079 4111/4290/4081 4119/4298/4089
f 4119/4298/4089 4111/4290/4081 4120/4299/4090
f 4111/4290/4081 4113/4292/4083 4120/4299/4090
f 4120/4299/4090 4113/4292/4083 4118/4297/4088
f 4118/4300/4088 4117/4301/4087 4121/4302/4091
f 4121/4302/4091 4117/4301/4087 4122/4303/4092
f 4107/4304/4077 4123/4305/4093 4117/4301/4087
f 4117/4301/4087 4123/4305/4093 4122/4303/4092
f 4103/4306/4073 4123/4305/4093 4107/4304/4077
f 4105/4307/4075 4124/4308/4094 4103/4306/4073
f 4103/4306/4073 4124/4308/4094 4123/4305/4093
f 4122/4303/4092 4125/4309/4095 4121/4302/4091
f 4121/4302/4091 4125/4309/4095 4126/4310/4096
f 4124/4308/4094 4125/4309/4095 4123/4305/4093
f 4123/4305/4093 4125/4309/4095 4122/4303/4092
f 4118/4300/4088 4121/4302/4091 4120/4311/4090
f 4119/4312/4089 4120/4311/4090 4126/4310/4096
f 4126/4310/4096 4120/4311/4090 4121/4302/4091
f 4125/4309/4095 4093/4268/4063 4126/4310/4096
f 4126/4310/4096 4093/4268/4063 4094/4269/4064
f 4125/4309/4095 4124/4308/4094 4093/4268/4063
f 4093/4268/4063 4124/4308/4094 4092/4267/4062
f 4127/4313/4097 4095/4270/4065 4092/4267/4062
f 4092/4267/4062 4124/4308/4094 4127/4313/4097
f 4128/4314/4098 4129/4315/4099 4087/4262/4057
f 4087/4262/4057 4129/4315/4099 4099/4274/4069
f 4127/4316/4097 4102/4281/4072 4095/4276/4065
f 4105/4284/4075 4106/4285/4076 4127/4316/4097
f 4127/4316/4097 4106/4285/4076 4102/4281/4072
f 4102/4281/4072 4106/4285/4076 4128/4314/4098
f 4128/4314/4098 4106/4285/4076 4110/4289/4080
f 4129/4315/4099 4128/4314/4098 4109/4288/4079
f 4109/4288/4079 4128/4314/4098 4110/4289/4080
f 4130/4317/4100 4101/4278/4071 4129/4315/4099
f 4129/4315/4099 4101/4278/4071 4099/4274/4069
f 4129/4315/4099 4109/4288/4079 4130/4317/4100
f 4130/4317/4100 4109/4288/4079 4119/4298/4089
f 4127/4313/4097 4124/4308/4094 4105/4307/4075
f 4119/4312/4089 4126/4310/4096 4130/4318/4100
f 4094/4269/4064 4101/4279/4071 4130/4318/4100
f 4130/4318/4100 4126/4310/4096 4094/4269/4064
f 4102/4281/4072 4128/4314/4098 4086/4261/4056
f 4086/4261/4056 4128/4314/4098 4087/4262/4057
f 3863/3988/3833 4131/4319/4101 3867/3992/3837
f 4132/4320/4102 3276/3372/3248 3275/3371/3247
f 4133/4321/4103 4134/4322/4104 4135/4323/4105
f 4133/4321/4103 4135/4323/4105 3262/3358/3234
f 4133/4321/4103 4136/4324/4106 4134/4322/4104
f 3262/3358/3234 4135/4323/4105 3263/3359/3235
f 3635/3756/3606 4137/4325/4107 3634/3755/3605
f 3634/3755/3605 4137/4325/4107 4138/4326/4108
f 3297/3397/3269 3633/3754/3604 4139/4327/4109
f 3262/3358/3234 3297/3397/3269 4133/4321/4103
f 3634/3755/3605 4138/4326/4108 3633/3754/3604
f 3633/3754/3604 4138/4326/4108 4139/4327/4109
f 4138/4326/4108 4140/4328/4110 4139/4327/4109
f 4133/4321/4103 3297/3397/3269 4139/4327/4109
f 4139/4327/4109 4140/4328/4110 4133/4321/4103
f 4133/4321/4103 4140/4328/4110 4136/4324/4106
f 4141/4329/4111 4142/4330/4112 4143/4331/4113
f 4143/4331/4113 4142/4330/4112 4144/4332/4114
f 4143/4331/4113 4144/4332/4114 3511/3620/3482
f 3511/3620/3482 4144/4332/4114 3510/3619/3482
f 4145/4333/4115 4146/4334/4116 4147/4335/4117
f 4147/4335/4117 4146/4334/4116 4148/4336/4118
f 4149/4337/4119 4150/4338/4120 4151/4339/4121
f 4149/4337/4119 4151/4339/4121 4141/4329/4111
f 4141/4329/4111 4151/4339/4121 4142/4330/4112
f 3195/3284/3167 4152/4340/4122 4153/4341/4123
f 3193/3282/3165 3192/3281/3164 4153/4341/4123
f 4153/4341/4123 3192/3281/3164 3195/3284/3167
f 3195/3284/3167 3194/3283/3166 4152/4340/4122
f 4154/4342/4124 4137/4325/4107 3664/3785/3635
f 3664/3785/3635 4137/4325/4107 3635/3756/3606
f 4155/4343/4125 3663/3784/3634 3641/3762/3612
f 4155/4343/4125 3641/3762/3612 4156/4344/4126
f 4155/4343/4125 4154/4342/4124 3663/3784/3634
f 3663/3784/3634 4154/4342/4124 3664/3785/3635
f 4155/4343/4125 4157/4345/4127 4154/4342/4124
f 3641/3762/3612 3642/3763/3613 4156/4344/4126
f 4155/4343/4125 4156/4344/4126 4157/4345/4127
f 4156/4344/4126 4158/4346/4128 4157/4345/4127
f 4159/4347/4129 4160/4348/4130 4161/4349/4131
f 4161/4349/4131 4160/4348/4130 4162/4350/4132
f 3751/3871/3720 4159/4347/4129 3749/3869/3720
f 3749/3869/3720 4159/4347/4129 4161/4349/4131
f 4163/4351/4133 4164/4352/4134 4165/4353/4135
f 4164/4352/4134 4166/4354/4136 4165/4353/4135
f 4167/4355/4137 4168/4356/4138 4169/4357/4139
f 4160/4348/4130 4167/4355/4137 4162/4350/4132
f 4162/4350/4132 4167/4355/4137 4169/4357/4139
f 2873/2947/2847 4170/4358/4140 3862/3987/3832
f 3862/3987/3832 4170/4358/4140 4171/4359/4141
f 4131/4319/4101 4172/4360/4142 3867/3992/3837
f 3865/3990/3835 4131/4319/4101 3863/3988/3833
f 3867/3992/3837 4172/4360/4142 3866/3991/3836
f 2873/2947/2847 3201/3290/3173 4170/4358/4140
f 4170/4358/4140 3201/3290/3173 4173/4361/4143
f 4174/4362/4144 3883/4008/3853 3882/4007/3852
f 4156/4344/4126 4175/4363/4145 4176/4364/4146
f 4156/4344/4126 3642/3763/3613 4175/4363/4145
f 4156/4344/4126 4176/4364/4146 4158/4346/4128
f 3642/3763/3613 3878/4003/3848 4175/4363/4145
f 3120/4365/3093 3121/4366/3094 4177/4367/4147
f 4178/4368/4148 4179/4369/4149 4180/4370/4150
f 4181/4371/4151 4182/4372/4152 4183/4373/4153
f 4183/4373/4153 4182/4372/4152 4184/4374/4154
f 4183/4373/4153 4185/4375/4155 4181/4371/4151
f 4181/4371/4151 4185/4375/4155 4186/4376/4156
f 4185/4375/4155 4187/4377/4157 4186/4376/4156
f 4186/4376/4156 4187/4377/4157 4188/4378/4158
f 4189/4379/4159 4190/4380/4160 4191/4381/4161
f 4190/4380/4160 4187/4377/4157 4192/4382/4162
f 4192/4382/4162 4187/4377/4157 4193/4383/4163
f 4187/4377/4157 4185/4375/4155 4193/4383/4163
f 4193/4383/4163 4185/4375/4155 4194/4384/4164
f 4185/4375/4155 4183/4373/4153 4194/4384/4164
f 4194/4384/4164 4183/4373/4153 4195/4385/4165
f 4183/4373/4153 4184/4374/4154 4195/4385/4165
f 4195/4385/4165 4184/4374/4154 4196/4386/4166
f 4184/4374/4154 4179/4387/4149 4196/4386/4166
f 4196/4386/4166 4179/4387/4149 4197/4388/4167
f 4179/4369/4149 4178/4368/4148 4197/4389/4167
f 4197/4389/4167 4178/4368/4148 4198/4390/4168
f 4178/4368/4148 4199/4391/4169 4198/4390/4168
f 4198/4390/4168 4199/4391/4169 4200/4392/4170
f 4199/4391/4169 4201/4393/4171 4200/4392/4170
f 4200/4392/4170 4201/4393/4171 4202/4394/4172
f 4203/4395/4173 4204/4396/4174 4205/4397/4175
f 4206/4398/4176 4207/4399/4177 4208/4400/4178
f 4209/4401/4179 4210/4402/4180 4208/4400/4178
f 4208/4400/4178 4210/4402/4180 4206/4398/4176
f 4210/4402/4180 4209/4401/4179 4211/4403/4181
f 4211/4403/4181 4209/4401/4179 4212/4404/4182
f 4213/4405/4183 4214/4406/4184 4212/4404/4182
f 4212/4404/4182 4214/4406/4184 4211/4403/4181
f 4215/4407/4185 4191/4381/4161 4190/4380/4160
f 4190/4380/4160 4192/4382/4162 4214/4406/4184
f 4214/4406/4184 4192/4382/4162 4216/4408/4186
f 4214/4406/4184 4216/4408/4186 4211/4403/4181
f 4211/4403/4181 4216/4408/4186 4217/4409/4187
f 4211/4403/4181 4217/4409/4187 4210/4402/4180
f 4210/4402/4180 4217/4409/4187 4218/4410/4188
f 4210/4402/4180 4218/4410/4188 4206/4398/4176
f 4206/4398/4176 4218/4410/4188 4219/4411/4189
f 4206/4398/4176 4219/4411/4189 4205/4412/4175
f 4205/4412/4175 4219/4411/4189 4220/4413/4190
f 4205/4397/4175 4220/4414/4190 4203/4395/4173
f 4203/4395/4173 4220/4414/4190 4221/4415/4191
f 4203/4395/4173 4221/4415/4191 4222/4416/4192
f 4222/4416/4192 4221/4415/4191 4223/4417/4193
f 4222/4416/4192 4223/4417/4193 4201/4393/4171
f 4201/4393/4171 4223/4417/4193 4202/4394/4172
f 4184/4374/4154 4224/4418/4194 4179/4387/4149
f 4179/4387/4149 4224/4418/4194 4180/4419/4150
f 4225/4420/4195 4189/4379/4159 4191/4381/4161
f 4225/4420/4195 4191/4381/4161 4215/4407/4185
f 4137/4325/4107 4226/4421/4196 4138/4326/4108
f 4138/4326/4108 4226/4421/4196 4227/4422/4197
f 4227/4422/4197 4140/4328/4110 4138/4326/4108
f 4228/4423/4198 4229/4424/4199 4230/4425/4200
f 4231/4426/4201 4228/4423/4198 4232/4427/4202
f 4232/4427/4202 4228/4423/4198 4230/4425/4200
f 4233/4428/4203 4234/4429/4204 4232/4427/4202
f 4232/4427/4202 4234/4429/4204 4231/4426/4201
f 4235/4430/4205 4228/4423/4198 4236/4431/4206
f 4231/4426/4201 4237/4432/4207 4228/4423/4198
f 4228/4423/4198 4237/4432/4207 4236/4431/4206
f 4234/4429/4204 4238/4433/4208 4231/4426/4201
f 4231/4426/4201 4238/4433/4208 4237/4432/4207
f 4239/4434/4209 4240/4435/4210 4241/4436/4211
f 4239/4434/4209 4241/4436/4211 4242/4437/4212
f 4242/4437/4212 4241/4436/4211 4243/4438/4213
f 4235/4430/4205 4244/4439/4214 4229/4424/4199
f 4239/4434/4209 4242/4437/4212 4245/4440/4215
f 4245/4440/4215 4240/4435/4210 4239/4434/4209
f 4246/4441/4216 4245/4440/4215 4247/4442/4217
f 4247/4442/4217 4245/4440/4215 4146/4334/4116
f 4245/4440/4215 4248/4443/4218 4240/4435/4210
f 4244/4439/4214 4246/4441/4216 4249/4444/4219
f 4145/4333/4115 4249/4444/4219 4247/4442/4217
f 4248/4443/4218 4245/4440/4215 4246/4441/4216
f 4145/4333/4115 4247/4442/4217 4146/4334/4116
f 4249/4444/4219 4246/4441/4216 4247/4442/4217
f 4146/4334/4116 4245/4440/4215 4250/4445/4220
f 4248/4443/4218 4251/4446/4221 4240/4435/4210
f 4235/4430/4205 4236/4431/4206 4251/4446/4221
f 4246/4441/4216 4235/4430/4205 4248/4443/4218
f 3121/4366/3094 3123/4447/3096 4252/4448/4222
f 4252/4448/4222 3123/4447/3096 4250/4445/4220
f 4177/4367/4147 3121/4366/3094 4252/4448/4222
f 4146/4334/4116 4250/4445/4220 4148/4336/4118
f 4148/4336/4118 4250/4445/4220 3123/4447/3096
f 4238/4433/4208 4253/4449/4223 4237/4432/4207
f 4237/4432/4207 4253/4449/4223 4254/4450/4224
f 4237/4432/4207 4254/4450/4224 4236/4431/4206
f 4236/4431/4206 4254/4450/4224 4251/4446/4221
f 4244/4439/4214 4235/4430/4205 4246/4441/4216
f 4151/4339/4121 4150/4338/4120 4255/4451/4225
f 4256/4452/4226 4255/4451/4225 4257/4453/4227
f 4257/4453/4227 4255/4451/4225 4150/4338/4120
f 4258/4454/4228 4256/4452/4226 4259/4455/4229
f 4259/4455/4229 4256/4452/4226 4257/4453/4227
f 4229/4424/4199 4228/4423/4198 4235/4430/4205
f 4235/4430/4205 4251/4446/4221 4248/4443/4218
f 4260/4456/4230 3176/3265/3149 4261/4457/4231
f 4262/4458/4232 4263/4459/4233 4264/4460/4234
f 4265/4461/4235 4266/4462/4236 4267/4463/4237
f 4265/4461/4235 4267/4463/4237 4268/4464/4238
f 4269/4465/4239 4265/4461/4235 4270/4466/4240
f 4267/4463/4237 4271/4467/4241 4268/4464/4238
f 4272/4468/4242 4273/4469/4243 4274/4470/4244
f 4274/4470/4244 4273/4469/4243 4275/4471/4245
f 4265/4461/4235 4268/4464/4238 4270/4466/4240
f 4275/4471/4245 4276/4472/4246 4274/4470/4244
f 4273/4469/4243 4272/4468/4242 4261/4457/4231
f 4261/4457/4231 4272/4468/4242 4260/4456/4230
f 4242/4437/4212 4243/4438/4213 4252/4448/4222
f 4252/4448/4222 4243/4438/4213 4177/4367/4147
f 4245/4440/4215 4242/4437/4212 4250/4445/4220
f 4250/4445/4220 4242/4437/4212 4252/4448/4222
f 4277/4473/4247 4278/4474/4248 4279/4475/4249
f 4279/4475/4249 4278/4474/4248 4280/4476/4250
f 4278/4474/4248 4277/4473/4247 4263/4459/4233
f 4263/4459/4233 4277/4473/4247 4281/4477/4251
f 4153/4341/4123 4152/4340/4122 4282/4478/4252
f 3176/3265/3149 4260/4456/4230 3175/3264/3148
f 4262/4458/4232 4278/4474/4248 4263/4459/4233
f 4264/4460/4234 4263/4459/4233 4283/4479/4253
f 4283/4479/4253 4263/4459/4233 4281/4477/4251
f 4280/4476/4250 4278/4474/4248 4262/4458/4232
f 4284/4480/4254 4285/4481/4255 4271/4467/4241
f 4271/4467/4241 4285/4481/4255 4286/4482/4256
f 4271/4467/4241 4286/4482/4256 4268/4464/4238
f 4268/4464/4238 4286/4482/4256 4287/4483/4257
f 4269/4465/4239 4270/4466/4240 4288/4484/4258
f 4288/4484/4258 4270/4466/4240 4289/4485/4259
f 4284/4480/4254 4290/4486/4260 4291/4487/4261
f 4270/4466/4240 4268/4464/4238 4289/4485/4259
f 4289/4485/4259 4268/4464/4238 4287/4483/4257
f 4292/4488/4262 4266/4462/4236 4293/4489/4263
f 4266/4462/4236 4292/4488/4262 4267/4463/4237
f 4294/4490/4264 4267/4463/4237 4292/4488/4262
f 4294/4490/4264 4271/4467/4241 4267/4463/4237
f 4284/4480/4254 4271/4467/4241 4294/4490/4264
f 4295/4491/4265 4284/4480/4254 4294/4490/4264
f 4290/4486/4260 4284/4480/4254 4295/4491/4265
f 4137/4325/4107 4154/4342/4124 4226/4421/4196
f 4226/4421/4196 4154/4342/4124 4296/4492/4266
f 4154/4342/4124 4157/4345/4127 4296/4492/4266
f 4297/4493/4267 4298/4494/4268 4299/4495/4269
f 4300/4496/4270 4301/4497/4271 4297/4493/4267
f 4297/4493/4267 4301/4497/4271 4298/4494/4268
f 4233/4428/4203 4301/4497/4271 4234/4429/4204
f 4234/4429/4204 4301/4497/4271 4300/4496/4270
f 4302/4498/4272 4303/4499/4273 4297/4493/4267
f 4303/4499/4273 4304/4500/4274 4297/4493/4267
f 4297/4493/4267 4304/4500/4274 4300/4496/4270
f 4304/4500/4274 4238/4433/4208 4300/4496/4270
f 4300/4496/4270 4238/4433/4208 4234/4429/4204
f 4305/4501/4275 4306/4502/4276 4307/4503/4277
f 4305/4501/4275 4308/4504/4278 4306/4502/4276
f 4306/4502/4276 4308/4504/4278 4309/4505/4279
f 4302/4498/4272 4299/4495/4269 4310/4506/4280
f 4305/4501/4275 4311/4507/4281 4308/4504/4278
f 4311/4507/4281 4305/4501/4275 4307/4503/4277
f 4312/4508/4282 4313/4509/4283 4311/4507/4281
f 4313/4509/4283 4165/4353/4135 4311/4507/4281
f 4311/4507/4281 4307/4503/4277 4314/4510/4284
f 4310/4506/4280 4315/4511/4285 4312/4508/4282
f 4163/4351/4133 4313/4509/4283 4315/4511/4285
f 4314/4510/4284 4312/4508/4282 4311/4507/4281
f 4163/4351/4133 4165/4353/4135 4313/4509/4283
f 4315/4511/4285 4313/4509/4283 4312/4508/4282
f 4165/4353/4135 4316/4512/4286 4311/4507/4281
f 4314/4510/4284 4307/4503/4277 4317/4513/4287
f 4302/4498/4272 4317/4513/4287 4303/4499/4273
f 4312/4508/4282 4314/4510/4284 4302/4498/4272
f 3748/4514/3719 4318/4515/4288 3753/4516/3724
f 3753/4516/3724 4318/4515/4288 4316/4512/4286
f 3746/4517/3717 4319/4518/4289 3748/4514/3719
f 3748/4514/3719 4319/4518/4289 4318/4515/4288
f 3753/4516/3724 4316/4512/4286 4166/4354/4136
f 4166/4354/4136 4316/4512/4286 4165/4353/4135
f 4320/4519/4290 4253/4449/4223 4304/4500/4274
f 4304/4500/4274 4253/4449/4223 4238/4433/4208
f 4317/4513/4287 4320/4519/4290 4303/4499/4273
f 4303/4499/4273 4320/4519/4290 4304/4500/4274
f 4310/4506/4280 4312/4508/4282 4302/4498/4272
f 4321/4520/4291 4168/4356/4138 4167/4355/4137
f 4322/4521/4292 4323/4522/4293 4321/4520/4291
f 4321/4520/4291 4323/4522/4293 4168/4356/4138
f 4323/4522/4293 4322/4521/4292 4259/4455/4229
f 4259/4455/4229 4322/4521/4292 4258/4454/4228
f 4299/4495/4269 4302/4498/4272 4297/4493/4267
f 4302/4498/4272 4314/4510/4284 4317/4513/4287
f 4324/4523/4294 4325/4524/4295 3849/3974/3819
f 4262/4458/4232 4264/4460/4234 4326/4525/4296
f 4327/4526/4297 4328/4527/4298 4329/4528/4299
f 4327/4526/4297 4330/4529/4300 4328/4527/4298
f 4269/4465/4239 4331/4530/4301 4327/4526/4297
f 4328/4527/4298 4330/4529/4300 4332/4531/4302
f 4333/4532/4303 4334/4533/4304 4335/4534/4305
f 4335/4534/4305 4334/4533/4304 4336/4535/4306
f 4327/4526/4297 4331/4530/4301 4330/4529/4300
f 4336/4535/4306 4334/4533/4304 4337/4536/4307
f 4324/4523/4294 4333/4532/4303 4325/4524/4295
f 4325/4524/4295 4333/4532/4303 4335/4534/4305
f 4308/4504/4278 4318/4515/4288 4309/4505/4279
f 4309/4505/4279 4318/4515/4288 4319/4518/4289
f 4311/4507/4281 4316/4512/4286 4308/4504/4278
f 4316/4512/4286 4318/4515/4288 4308/4504/4278
f 4280/4476/4250 4338/4537/4308 4279/4475/4249
f 4279/4475/4249 4338/4537/4308 4339/4538/4309
f 4338/4537/4308 4326/4525/4296 4339/4538/4309
f 4339/4538/4309 4326/4525/4296 4340/4539/4310
f 4341/4540/4311 4172/4360/4142 4131/4319/4101
f 3849/3974/3819 3847/3972/3817 4324/4523/4294
f 4262/4458/4232 4326/4525/4296 4338/4537/4308
f 4264/4460/4234 4283/4479/4253 4326/4525/4296
f 4326/4525/4296 4283/4479/4253 4340/4539/4310
f 4280/4476/4250 4262/4458/4232 4338/4537/4308
f 4342/4541/4312 4343/4542/4313 4332/4531/4302
f 4332/4531/4302 4343/4542/4313 4344/4543/4314
f 4345/4544/4315 4342/4541/4312 4330/4529/4300
f 4330/4529/4300 4342/4541/4312 4332/4531/4302
f 4269/4465/4239 4346/4545/4316 4347/4546/4317
f 4344/4543/4314 4343/4542/4313 4348/4547/4318
f 4331/4530/4301 4349/4548/4319 4330/4529/4300
f 4330/4529/4300 4349/4548/4319 4345/4544/4315
f 4350/4549/4320 4351/4550/4321 4329/4528/4299
f 4329/4528/4299 4328/4527/4298 4350/4549/4320
f 4352/4551/4322 4350/4549/4320 4328/4527/4298
f 4352/4551/4322 4328/4527/4298 4332/4531/4302
f 4344/4543/4314 4352/4551/4322 4332/4531/4302
f 4353/4552/4323 4352/4551/4322 4344/4543/4314
f 4354/4553/4324 4353/4552/4323 4344/4543/4314
f 4269/4465/4239 4347/4546/4317 4331/4530/4301
f 4331/4530/4301 4347/4546/4317 4349/4548/4319
f 4269/4465/4239 4288/4484/4258 4346/4545/4316
f 4284/4480/4254 4291/4487/4261 4285/4481/4255
f 4344/4543/4314 4348/4547/4318 4354/4553/4324
f 4207/4399/4177 4206/4398/4176 4204/4554/4174
f 4204/4554/4174 4206/4398/4176 4205/4412/4175
f 4187/4377/4157 4190/4380/4160 4188/4378/4158
f 4188/4378/4158 4190/4380/4160 4189/4379/4159
f 4215/4407/4185 4190/4380/4160 4213/4405/4183
f 4213/4405/4183 4190/4380/4160 4214/4406/4184
f 4184/4374/4154 4182/4372/4152 4224/4418/4194
f 4355/4555/4325 4356/4556/4326 4357/4557/4327
s 0
f 4358/4558/4328 4359/4559/4328 4360/4560/4328
f 4360/4560/4328 4359/4559/4328 4361/4561/4328
s 1
f 4362/4562/4329 4363/4563/4330 4364/4564/4331
f 4365/4565/4332 4366/4566/4333 4357/4557/4327
f 4362/4562/4329 4367/4567/4334 4363/4563/4330
f 4363/4563/4330 4367/4567/4334 4368/4568/4335
f 4369/4569/4336 4370/4570/4336 4371/4571/4337
f 4371/4571/4337 4370/4570/4336 4372/4572/4337
f 4356/4556/4326 4373/4573/4338 4374/4574/4326
f 4374/4574/4326 4373/4573/4338 4375/4575/4338
f 4376/4576/4339 4355/4555/4325 4366/4566/4333
f 4366/4566/4333 4355/4555/4325 4357/4557/4327
s 0
f 4377/4577/4340 4378/4578/4340 4379/4579/4340
f 4379/4579/4340 4378/4578/4340 4380/4580/4340
s 1
f 4381/4581/4341 4382/4582/4342 4369/4569/4336
f 4369/4569/4336 4382/4582/4342 4370/4570/4336
f 4373/4573/4338 4371/4571/4337 4375/4575/4338
f 4375/4575/4338 4371/4571/4337 4372/4572/4337
s 0
f 4383/4583/4328 4384/4584/4328 4385/4585/4328
f 4385/4585/4328 4384/4584/4328 4386/4586/4328
f 4358/4558/4328 4387/4587/4328 4359/4559/4328
s 1
f 4357/4557/4327 4356/4556/4326 4374/4574/4326
s 0
f 4360/4560/4328 4361/4561/4328 4383/4583/4328
f 4383/4583/4328 4361/4561/4328 4384/4584/4328
s 1
f 4382/4582/4342 4381/4581/4341 4362/4562/4329
f 4362/4562/4329 4381/4581/4341 4367/4567/4334
f 4388/4588/4343 4389/4589/4344 4390/4590/4345
f 4391/4591/4346 4392/4592/4347 4393/4593/4348
f 4394/4594/4349 4395/4595/4350 4396/4596/4351
f 4395/4597/4350 4394/4598/4349 4397/4599/4352
f 4398/4600/4353 4391/4591/4346 4399/4601/4354
f 4399/4601/4354 4391/4591/4346 4393/4593/4348
f 4400/4602/4355 4401/4603/4356 4399/4601/4354
f 4399/4601/4354 4401/4603/4356 4398/4600/4353
f 4402/4604/4357 4400/4602/4355 4403/4605/4358
f 4403/4605/4358 4400/4602/4355 4399/4601/4354
f 4393/4593/4348 4404/4606/4359 4405/4607/4360
f 4405/4607/4360 4404/4606/4359 4406/4608/4361
f 4392/4592/4347 4407/4609/4362 4404/4606/4359
f 4404/4606/4359 4407/4609/4362 4408/4610/4363
f 4389/4589/4344 4388/4588/4343 4408/4611/4363
f 4397/4599/4352 4409/4612/4364 4395/4597/4350
f 4410/4613/4365 4411/4614/4366 4395/4595/4350
f 4412/4615/4367 4408/4611/4363 4407/4616/4362
f 4405/4607/4360 4403/4605/4358 4393/4593/4348
f 4393/4593/4348 4403/4605/4358 4399/4601/4354
f 4393/4593/4348 4392/4592/4347 4404/4606/4359
f 4409/4612/4364 4397/4599/4352 4400/4602/4355
f 4400/4602/4355 4397/4599/4352 4401/4603/4356
f 4413/4617/4368 4409/4612/4364 4402/4604/4357
f 4402/4604/4357 4409/4612/4364 4400/4602/4355
f 4404/4606/4359 4408/4610/4363 4406/4608/4361
f 4406/4608/4361 4408/4610/4363 4414/4618/4343
f 4409/4612/4364 4413/4617/4368 4395/4597/4350
f 4395/4597/4350 4413/4617/4368 4415/4619/4365
f 4389/4589/4344 4408/4611/4363 4412/4615/4367
f 4416/4620/4369 4417/4621/4370 4418/4622/4371
f 4419/4623/4372 4420/4624/4373 4421/4625/4374
f 4421/4625/4374 4420/4624/4373 4422/4626/4375
f 4423/4627/4376 4424/4628/4377 4419/4623/4372
f 4419/4623/4372 4424/4628/4377 4420/4624/4373
f 4421/4625/4374 4425/4629/4378 4419/4623/4372
f 4419/4623/4372 4425/4629/4378 4426/4630/4379
f 4427/4631/4380 4428/4632/4381 4422/4633/4375
f 4422/4633/4375 4428/4632/4381 4421/4634/4374
f 4419/4623/4372 4426/4630/4379 4423/4627/4376
f 4423/4627/4376 4426/4630/4379 4416/4620/4369
f 4421/4634/4374 4428/4632/4381 4429/4635/4382
f 4426/4630/4379 4425/4629/4378 4396/4596/4351
f 4426/4630/4379 4430/4636/4383 4416/4620/4369
f 4416/4620/4369 4430/4636/4383 4431/4637/4384
f 4432/4638/4385 4433/4639/4386 4427/4631/4380
f 4427/4631/4380 4433/4639/4386 4428/4632/4381
f 4429/4635/4382 4428/4632/4381 4434/4640/4387
f 4434/4640/4387 4428/4632/4381 4433/4639/4386
f 4432/4638/4385 4435/4641/4388 4433/4639/4386
f 4433/4639/4386 4435/4641/4388 4436/4642/4389
f 4437/4643/4390 4434/4640/4387 4436/4642/4389
f 4436/4642/4389 4434/4640/4387 4433/4639/4386
f 4438/4644/4391 4424/4628/4377 4439/4645/4392
f 4439/4645/4392 4424/4628/4377 4423/4627/4376
f 4440/4646/4393 4438/4644/4391 4441/4647/4394
f 4441/4647/4394 4438/4644/4391 4439/4645/4392
f 4416/4620/4369 4418/4622/4371 4423/4627/4376
f 4423/4627/4376 4418/4622/4371 4439/4645/4392
f 4418/4622/4371 4442/4648/4395 4439/4645/4392
f 4439/4645/4392 4442/4648/4395 4441/4647/4394
f 4431/4637/4384 4417/4621/4370 4416/4620/4369
f 4417/4621/4370 4412/4615/4367 4418/4622/4371
f 4418/4622/4371 4412/4615/4367 4442/4648/4395
f 4391/4591/4346 4434/4640/4387 4437/4643/4390
f 4434/4640/4387 4398/4600/4353 4401/4603/4356
f 4407/4609/4362 4392/4592/4347 4437/4643/4390
f 4442/4649/4395 4407/4609/4362 4437/4643/4390
f 4442/4649/4395 4437/4643/4390 4441/4650/4394
f 4441/4650/4394 4437/4643/4390 4436/4642/4389
f 4435/4641/4388 4440/4651/4393 4436/4642/4389
f 4436/4642/4389 4440/4651/4393 4441/4650/4394
f 4442/4648/4395 4412/4615/4367 4407/4616/4362
f 4394/4598/4349 4429/4635/4382 4397/4599/4352
f 4429/4635/4382 4394/4598/4349 4425/4652/4378
f 4425/4629/4378 4394/4594/4349 4396/4596/4351
f 4443/4653/4396 4444/4654/4397 4445/4655/4398
f 4445/4655/4398 4444/4654/4397 4446/4656/4399
f 4447/4657/4400 4448/4658/4401 4446/4656/4399
f 4449/4659/4402 4450/4660/4403 4451/4661/4404
f 4452/4662/4405 4453/4663/4406 4454/4664/4407
f 4455/4665/4408 4456/4666/4409 4457/4667/4410
f 4458/4668/4411 4459/4669/4411 4460/4670/4412
f 4461/4671/4413 4462/4672/4414 4463/4673/4415
f 4463/4673/4415 4462/4672/4414 4464/4674/4416
f 4465/4675/4417 4466/4676/4418 4464/4674/4416
f 4467/4677/4419 4468/4678/4420 4432/4638/4385
f 4432/4638/4385 4468/4678/4420 4435/4641/4388
f 4469/4679/4421 4467/4677/4419 4427/4631/4380
f 4427/4631/4380 4467/4677/4419 4432/4638/4385
f 4470/4680/4422 4471/4681/4423 4424/4628/4377
f 4424/4628/4377 4471/4681/4423 4420/4624/4373
f 4438/4644/4391 4472/4682/4424 4424/4628/4377
f 4424/4628/4377 4472/4682/4424 4470/4680/4422
f 4446/4656/4399 4468/4678/4420 4447/4657/4400
f 4447/4657/4400 4468/4678/4420 4467/4677/4419
f 4457/4667/4410 4447/4657/4400 4469/4679/4421
f 4469/4679/4421 4447/4657/4400 4467/4677/4419
f 4473/4683/4425 4474/4684/4426 4469/4679/4421
f 4474/4684/4426 4457/4667/4410 4469/4679/4421
f 4470/4680/4422 4465/4675/4417 4471/4681/4423
f 4471/4681/4423 4465/4675/4417 4464/4674/4416
f 4472/4682/4424 4450/4660/4403 4470/4680/4422
f 4470/4680/4422 4450/4660/4403 4465/4675/4417
f 4426/4630/4379 4396/4596/4351 4430/4636/4383
f 4457/4667/4410 4474/4684/4426 4475/4685/4427
f 4476/4686/4428 4477/4687/4428 4478/4688/4429
f 4478/4688/4430 4479/4687/4431 4480/4689/4432
f 4450/4660/4403 4481/4690/4433 4451/4661/4404
f 4451/4661/4404 4481/4690/4433 4482/4691/4434
f 4483/4692/4435 4484/4693/4436 4485/4694/4437
f 4485/4694/4437 4484/4693/4436 4486/4695/4438
f 4487/4696/4439 4488/4697/4440 4489/4698/4441
f 4489/4698/4441 4488/4697/4440 4490/4699/4442
f 4491/4700/4443 4492/4701/4444 4493/4702/4445
f 4494/4703/4446 4495/4704/4447 4496/4705/4448
f 4496/4705/4448 4497/4704/4447 4498/4706/4449
f 4494/4703/4446 4496/4705/4448 4499/4707/4450
f 4500/4707/4451 4496/4705/4448 4501/4708/4452
f 4502/4709/4453 4503/4710/4454 4504/4711/4455
f 4505/4711/4456 4503/4710/4457 4506/4712/4458
f 4507/4713/4459 4508/4714/4460 4491/4700/4443
f 4509/4715/4447 4506/4712/4461 4498/4716/4462
f 4498/4716/4449 4510/4712/4461 4503/4710/4454
f 4490/4699/4442 4488/4697/4440 4511/4717/4463
f 4511/4717/4463 4488/4697/4440 4512/4718/4464
f 4513/4719/4465 4514/4720/4466 4515/4721/4467
f 4516/4722/4468 4517/4723/4469 4518/4724/4470
f 4518/4724/4470 4517/4723/4469 4519/4725/4471
f 4519/4725/4471 4517/4723/4469 4520/4726/4472
f 4520/4726/4472 4517/4723/4469 4521/4727/4473
f 4501/4708/4452 4496/4705/4448 4522/4728/4474
f 4496/4705/4448 4498/4706/4449 4523/4729/4475
f 4524/4730/4476 4498/4716/4449 4525/4731/4477
f 4503/4710/4454 4526/4732/4478 4525/4731/4477
f 4526/4732/4478 4503/4710/4454 4527/4733/4479
f 4492/4701/4444 4528/4734/4480 4499/4707/4451
f 4529/4735/4481 4530/4736/4482 4492/4701/4444
f 4492/4701/4444 4531/4736/4483 4528/4734/4480
f 4532/4737/4484 4533/4738/4482 4515/4721/4467
f 4515/4721/4467 4534/4738/4482 4529/4739/4481
f 4505/4711/4485 4532/4737/4484 4515/4721/4467
f 4535/4740/4486 4536/4741/4487 4537/4742/4488
f 4536/4741/4487 4538/4743/4489 4537/4742/4488
f 4539/4744/4490 4474/4684/4426 4473/4683/4425
f 4540/4745/4491 4535/4740/4486 4541/4746/4492
f 4535/4740/4486 4537/4742/4488 4541/4746/4492
f 4542/4747/4493 4543/4748/4494 4473/4749/4425
f 4473/4749/4425 4471/4681/4423 4542/4747/4493
f 4471/4681/4423 4464/4674/4416 4542/4747/4493
f 4544/4750/4495 4468/4678/4420 4545/4751/4496
f 4468/4678/4420 4446/4656/4399 4545/4751/4496
f 4544/4752/4495 4546/4753/4497 4472/4682/4424
f 4546/4753/4497 4450/4660/4403 4472/4682/4424
f 4547/4754/4498 4478/4688/4430 4480/4689/4432
f 4548/4755/4499 4549/4756/4500 4550/4757/4501
f 4529/4735/4481 4508/4714/4460 4551/4758/4502
f 4485/4694/4437 4552/4759/4503 4483/4692/4435
f 4453/4663/4406 4452/4662/4405 4553/4760/4504
f 4553/4760/4504 4452/4662/4405 4554/4761/4504
f 4448/4658/4401 4445/4655/4398 4446/4656/4399
f 4456/4666/4409 4447/4657/4400 4457/4667/4410
f 4496/4705/4448 4555/4762/4505 4522/4728/4474
f 4492/4701/4444 4501/4708/4452 4493/4702/4445
f 4465/4675/4417 4450/4660/4403 4449/4659/4402
f 4466/4676/4418 4463/4673/4415 4464/4674/4416
f 4502/4709/4453 4515/4721/4467 4556/4763/4506
f 4515/4721/4467 4514/4720/4466 4556/4763/4506
f 4503/4710/4454 4502/4709/4453 4527/4733/4479
f 4523/4729/4475 4555/4762/4505 4496/4705/4448
f 4498/4716/4449 4503/4710/4454 4525/4731/4477
f 4492/4701/4444 4491/4700/4443 4508/4714/4460
f 4515/4721/4467 4529/4739/4481 4513/4719/4465
f 4520/4726/4472 4557/4764/4507 4519/4725/4471
f 4519/4725/4471 4557/4764/4507 4558/4765/4508
f 4519/4725/4471 4558/4765/4508 4518/4724/4470
f 4518/4724/4470 4558/4765/4508 4559/4766/4509
f 4529/4739/4481 4551/4767/4502 4513/4719/4465
f 4560/4768/4510 4548/4755/4499 4550/4757/4501
f 4498/4706/4449 4524/4769/4476 4523/4729/4475
f 4421/4634/4374 4429/4635/4382 4425/4652/4378
f 4471/4681/4423 4473/4749/4425 4420/4624/4373
f 4420/4624/4373 4473/4749/4425 4422/4626/4375
f 4473/4683/4425 4469/4679/4421 4422/4633/4375
f 4422/4633/4375 4469/4679/4421 4427/4631/4380
f 4468/4678/4420 4544/4750/4495 4435/4641/4388
f 4435/4641/4388 4544/4750/4495 4440/4651/4393
f 4440/4646/4393 4544/4752/4495 4438/4644/4391
f 4438/4644/4391 4544/4752/4495 4472/4682/4424
f 4446/4656/4399 4444/4654/4397 4545/4751/4496
f 4558/4765/4508 4561/4770/4511 4559/4766/4509
f 4559/4766/4509 4561/4770/4511 4562/4771/4512
f 4545/4751/4496 4563/4772/4513 4544/4750/4495
f 4557/4764/4507 4564/4773/4514 4558/4765/4508
f 4558/4765/4508 4564/4773/4514 4561/4770/4511
f 4565/4774/4513 4546/4753/4497 4544/4752/4495
f 4553/4760/4504 4554/4761/4504 4566/4775/4515
f 4450/4660/4403 4546/4753/4497 4481/4690/4433
f 4457/4667/4410 4475/4685/4427 4455/4665/4408
f 4455/4665/4408 4475/4685/4427 4567/4776/4516
f 4459/4669/4411 4458/4668/4411 4548/4755/4499
f 4548/4755/4499 4458/4668/4411 4549/4756/4500
f 4536/4741/4487 4535/4740/4486 4511/4717/4463
f 4511/4717/4463 4535/4740/4486 4490/4699/4442
f 4535/4740/4486 4540/4745/4491 4490/4699/4442
f 4490/4699/4442 4540/4745/4491 4489/4698/4441
f 4464/4674/4416 4462/4672/4414 4542/4747/4493
f 4476/4686/4428 4568/4777/4517 4477/4687/4428
f 4484/4693/4436 4569/4778/4518 4486/4695/4438
f 4501/4708/4452 4492/4701/4444 4500/4707/4451
f 4504/4711/4455 4515/4721/4467 4502/4709/4453
f 4523/4729/4475 4570/4779/4519 4555/4762/4505
f 4485/4694/4437 4571/4780/4520 4552/4759/4503
f 4517/4723/4469 4516/4722/4468 4572/4781/4521
f 4572/4781/4521 4516/4722/4468 4573/4782/4522
f 4517/4723/4469 4572/4781/4521 4521/4727/4473
f 4521/4727/4473 4572/4781/4521 4574/4783/4523
f 4575/4784/4524 4452/4662/4405 4454/4664/4407
f 4576/4785/4525 4525/4731/4477 4526/4732/4478
f 4513/4719/4465 4577/4786/4526 4514/4720/4466
f 4578/4787/4527 4547/4754/4498 4480/4689/4432
f 4488/4697/4440 4487/4696/4439 4579/4788/4528
f 4579/4788/4528 4487/4696/4439 4580/4789/4529
f 4512/4718/4464 4488/4697/4440 4581/4790/4530
f 4581/4790/4530 4488/4697/4440 4579/4788/4528
f 4529/4735/4481 4492/4701/4444 4508/4714/4460
f 4392/4592/4347 4391/4591/4346 4437/4643/4390
f 4391/4591/4346 4398/4600/4353 4434/4640/4387
f 4434/4640/4387 4401/4603/4356 4429/4635/4382
f 4401/4603/4356 4397/4599/4352 4429/4635/4382
f 4582/4791/4531 4583/4792/4532 4584/4793/4533
f 4585/4794/4534 4586/4795/4534 4587/4796/4535
f 4587/4796/4535 4586/4795/4534 4588/4797/4535
f 4588/4797/4535 4589/4798/4536 4587/4796/4535
f 4587/4796/4535 4589/4798/4536 4590/4799/4536
f 4591/4800/4537 4590/4799/4536 4592/4801/4537
f 4592/4801/4537 4590/4799/4536 4589/4798/4536
f 4592/4801/4537 4593/4802/4538 4591/4800/4537
f 4591/4800/4537 4593/4802/4538 4594/4803/4538
f 4593/4802/4538 4595/4804/4539 4594/4803/4538
f 4594/4803/4538 4595/4804/4539 4596/4805/4539
f 4597/4806/4540 4598/4807/4541 4599/4808/4541
f 4600/4809/4542 4601/4810/4543 4602/4811/4542
f 4602/4811/4542 4601/4810/4543 4603/4812/4544
f 4604/4813/4545 4605/4814/4545 4363/4815/4330
f 4363/4815/4330 4605/4814/4545 4364/4816/4331
f 4603/4812/4544 4601/4810/4543 4606/4817/4546
f 4607/4818/4547 4366/4819/4333 4608/4820/4547
f 4608/4820/4547 4366/4819/4333 4365/4821/4332
f 4598/4807/4541 4609/4822/4548 4599/4808/4541
f 4599/4808/4541 4609/4822/4548 4610/4823/4548
f 4611/4824/4549 4612/4825/4549 4602/4811/4542
f 4602/4811/4542 4612/4825/4549 4600/4809/4542
f 4613/4826/4550 4614/4827/4550 4611/4824/4549
f 4611/4824/4549 4614/4827/4550 4612/4825/4549
f 4609/4822/4548 4615/4828/4551 4610/4823/4548
f 4610/4823/4548 4615/4828/4551 4616/4829/4552
f 4616/4829/4552 4615/4828/4551 4617/4830/4553
f 4617/4830/4553 4615/4828/4551 4618/4831/4553
f 4617/4830/4553 4618/4831/4553 4619/4832/4554
f 4619/4832/4554 4618/4831/4553 4620/4833/4554
f 4620/4833/4554 4621/4834/4555 4619/4832/4554
f 4619/4832/4554 4621/4834/4555 4622/4835/4555
f 4623/4836/4556 4614/4827/4550 4624/4837/4556
f 4624/4837/4556 4614/4827/4550 4613/4826/4550
f 4621/4834/4555 4623/4836/4556 4622/4835/4555
f 4622/4835/4555 4623/4836/4556 4624/4837/4556
f 4625/4838/4557 4607/4818/4547 4626/4839/4558
f 4626/4839/4558 4607/4818/4547 4608/4820/4547
f 4627/4840/4559 4628/4841/4559 4626/4839/4558
f 4626/4839/4558 4628/4841/4559 4625/4838/4557
f 4629/4842/4560 4630/4843/4560 4627/4840/4559
f 4627/4840/4559 4630/4843/4560 4628/4841/4559
f 4631/4844/4561 4632/4845/4561 4629/4842/4560
f 4629/4842/4560 4632/4845/4561 4630/4843/4560
f 4633/4846/4562 4634/4847/4562 4631/4844/4561
f 4631/4844/4561 4634/4847/4562 4632/4845/4561
f 4635/4848/4563 4634/4847/4562 4636/4849/4564
f 4636/4849/4564 4634/4847/4562 4633/4846/4562
f 4637/4850/4565 4635/4848/4563 4638/4851/4565
f 4638/4851/4565 4635/4848/4563 4636/4849/4564
f 4639/4852/4566 4637/4850/4565 4640/4853/4566
f 4640/4853/4566 4637/4850/4565 4638/4851/4565
f 4641/4854/4567 4639/4852/4566 4642/4855/4567
f 4642/4855/4567 4639/4852/4566 4640/4853/4566
f 4643/4856/4568 4641/4854/4567 4644/4857/4569
f 4644/4857/4569 4641/4854/4567 4642/4855/4567
f 4605/4814/4545 4604/4813/4545 4644/4857/4569
f 4644/4857/4569 4604/4813/4545 4643/4856/4568
f 4645/4858/4570 4646/4859/4570 4585/4794/4534
f 4585/4794/4534 4646/4859/4570 4586/4795/4534
f 4647/4860/4571 4648/4861/4572 4649/4862/4573
f 4649/4862/4573 4648/4861/4572 4650/4863/4574
f 4649/4862/4573 4650/4863/4574 4431/4637/4384
f 4650/4863/4574 4417/4621/4370 4431/4637/4384
f 4648/4861/4572 4651/4864/4575 4650/4863/4574
f 4651/4864/4575 4652/4865/4576 4650/4863/4574
f 4648/4861/4572 4647/4860/4571 4653/4866/4577
f 4653/4866/4577 4647/4860/4571 4654/4867/4578
f 4650/4863/4574 4652/4865/4576 4417/4621/4370
f 4652/4865/4576 4412/4615/4367 4417/4621/4370
f 4653/4866/4577 4655/4868/4579 4648/4861/4572
f 4648/4861/4572 4655/4868/4579 4651/4864/4575
f 4656/4869/4580 4657/4870/4581 4658/4871/4582
f 4657/4870/4581 4659/4872/4583 4658/4871/4582
f 4660/4873/4584 4656/4869/4580 4661/4874/4585
f 4661/4874/4585 4656/4869/4580 4658/4871/4582
f 4657/4870/4581 4430/4636/4383 4659/4872/4583
f 4430/4636/4383 4396/4596/4351 4659/4872/4583
f 4647/4860/4571 4649/4862/4573 4656/4869/4580
f 4656/4869/4580 4649/4862/4573 4657/4870/4581
f 4654/4867/4578 4647/4860/4571 4660/4873/4584
f 4660/4873/4584 4647/4860/4571 4656/4869/4580
f 4649/4862/4573 4431/4637/4384 4657/4870/4581
f 4657/4870/4581 4431/4637/4384 4430/4636/4383
f 4662/4875/4586 4663/4876/4587 4659/4872/4583
f 4659/4872/4583 4663/4876/4587 4658/4871/4582
f 4663/4876/4587 4664/4877/4588 4658/4871/4582
f 4658/4871/4582 4664/4877/4588 4661/4874/4585
f 4396/4596/4351 4395/4595/4350 4665/4878/4589
f 4651/4864/4575 4584/4793/4533 4652/4865/4576
f 4652/4865/4576 4584/4793/4533 4666/4879/4590
f 4584/4793/4533 4583/4792/4532 4666/4879/4590
f 4666/4879/4590 4583/4792/4532 4667/4880/4591
f 4655/4868/4579 4668/4881/4592 4651/4864/4575
f 4651/4864/4575 4668/4881/4592 4584/4793/4533
f 4390/4590/4345 4389/4589/4344 4667/4880/4591
f 4667/4880/4591 4389/4589/4344 4666/4879/4590
f 4669/4882/4593 4670/4883/4594 4655/4868/4579
f 4655/4868/4579 4670/4883/4594 4668/4881/4592
f 4653/4866/4577 4669/4882/4593 4655/4868/4579
f 4653/4866/4577 4671/4884/4595 4669/4882/4593
f 4653/4866/4577 4654/4867/4578 4671/4884/4595
f 4671/4884/4595 4654/4867/4578 4672/4885/4596
f 4673/4886/4597 4674/4887/4598 4675/4888/4599
f 4674/4887/4598 4676/4889/4600 4677/4890/4601
f 4678/4891/4602 4660/4873/4584 4676/4889/4600
f 4676/4889/4600 4660/4873/4584 4661/4874/4585
f 4664/4877/4588 4677/4890/4601 4661/4874/4585
f 4661/4874/4585 4677/4890/4601 4676/4889/4600
f 4678/4891/4602 4672/4885/4596 4660/4873/4584
f 4660/4873/4584 4672/4885/4596 4654/4867/4578
f 4670/4883/4594 4669/4882/4593 4679/4892/4603
f 4679/4892/4603 4669/4882/4593 4680/4893/4604
f 4679/4892/4603 4680/4893/4604 4681/4894/4605
f 4681/4894/4605 4680/4893/4604 4682/4895/4606
f 4673/4886/4597 4675/4888/4599 4682/4895/4606
f 4682/4895/4606 4675/4888/4599 4681/4894/4605
f 4665/4878/4589 4395/4595/4350 4411/4614/4366
f 4652/4865/4576 4666/4879/4590 4412/4615/4367
f 4412/4615/4367 4666/4879/4590 4389/4589/4344
f 4411/4614/4366 4683/4896/4607 4662/4875/4586
f 4684/4897/4608 4662/4875/4586 4683/4896/4607
f 4671/4884/4595 4680/4893/4604 4669/4882/4593
f 4682/4895/4606 4680/4893/4604 4672/4885/4596
f 4673/4886/4597 4678/4891/4602 4676/4889/4600
f 4668/4881/4592 4582/4791/4531 4584/4793/4533
f 4670/4883/4594 4685/4898/4609 4668/4881/4592
f 4668/4881/4592 4685/4898/4609 4582/4791/4531
f 4685/4898/4609 4670/4883/4594 4686/4899/4610
f 4686/4899/4610 4670/4883/4594 4679/4892/4603
f 4686/4899/4610 4679/4892/4603 4687/4900/4611
f 4687/4900/4611 4679/4892/4603 4681/4894/4605
f 4675/4888/4599 4688/4901/4612 4681/4894/4605
f 4681/4894/4605 4688/4901/4612 4687/4900/4611
f 4689/4902/4613 4688/4901/4612 4674/4887/4598
f 4674/4887/4598 4688/4901/4612 4675/4888/4599
f 4674/4887/4598 4677/4890/4601 4689/4902/4613
f 4689/4902/4613 4677/4890/4601 4690/4903/4614
f 4691/4904/4615 4690/4903/4614 4664/4877/4588
f 4664/4877/4588 4690/4903/4614 4677/4890/4601
f 4684/4897/4608 4691/4904/4615 4663/4876/4587
f 4663/4876/4587 4691/4904/4615 4664/4877/4588
f 4662/4875/4586 4684/4897/4608 4663/4876/4587
f 4665/4878/4589 4662/4875/4586 4396/4596/4351
f 4396/4596/4351 4662/4875/4586 4659/4872/4583
f 4662/4875/4586 4665/4878/4589 4411/4614/4366
f 4682/4895/4606 4672/4885/4596 4673/4886/4597
f 4673/4886/4597 4672/4885/4596 4678/4891/4602
f 4680/4893/4604 4671/4884/4595 4672/4885/4596
f 4674/4887/4598 4673/4886/4597 4676/4889/4600
s 0
f 4692/4905/4616 4693/4906/4616 4694/4907/4616
f 4695/4908/4328 4696/4909/4328 4697/4910/4328
f 4697/4910/4328 4696/4909/4328 4698/4911/4328
s 1
f 4699/4912/4617 4700/4913/4618 4701/4914/4619
f 4702/4915/4620 4703/4916/4621 4704/4917/4622
f 4699/4912/4617 4701/4914/4619 4705/4918/4623
f 4705/4918/4623 4701/4914/4619 4706/4919/4624
f 4707/4920/4625 4708/4921/4626 4709/4922/4625
f 4709/4922/4625 4708/4921/4626 4710/4923/4626
f 4711/4924/4627 4712/4925/4628 4713/4926/4629
f 4713/4926/4629 4712/4925/4628 4714/4927/4629
f 4703/4916/4621 4715/4928/4630 4704/4917/4622
f 4704/4917/4622 4715/4928/4630 4716/4929/4631
s 0
f 4694/4907/4616 4693/4906/4616 4717/4930/4616
s 1
f 4708/4921/4626 4718/4931/4632 4710/4923/4626
f 4710/4923/4626 4718/4931/4632 4719/4932/4633
f 4707/4920/4625 4709/4922/4625 4711/4924/4627
f 4711/4924/4627 4709/4922/4625 4712/4925/4628
s 0
f 4720/4933/4328 4721/4934/4328 4722/4935/4328
f 4722/4935/4328 4721/4934/4328 4723/4936/4328
f 4698/4911/4328 4696/4909/4328 4724/4937/4328
s 1
f 4715/4928/4630 4703/4916/4621 4714/4927/4629
f 4714/4927/4629 4703/4916/4621 4713/4926/4629
s 0
f 4721/4934/4328 4695/4908/4328 4723/4936/4328
f 4723/4936/4328 4695/4908/4328 4697/4910/4328
s 1
f 4718/4931/4632 4699/4912/4617 4719/4932/4633
f 4719/4932/4633 4699/4912/4617 4705/4918/4623
f 4725/4938/4634 4726/4939/4635 4727/4940/4636
f 4728/4941/4637 4729/4942/4638 4730/4943/4637
f 4731/4944/4639 4732/4945/4640 4733/4946/4639
f 4733/4946/4639 4732/4945/4640 4734/4947/4640
f 4734/4947/4640 4732/4945/4640 4735/4948/4641
f 4735/4948/4641 4732/4945/4640 4736/4949/4641
f 4728/4941/4637 4730/4943/4637 4736/4949/4641
f 4736/4949/4641 4730/4943/4637 4735/4948/4641
f 4737/4950/4638 4729/4942/4638 4728/4941/4637
f 4729/4942/4638 4737/4950/4638 4738/4951/4642
f 4738/4951/4642 4737/4950/4638 4739/4952/4642
f 4740/4953/4643 4741/4954/4644 4742/4955/4644
f 4743/4956/4645 4744/4957/4646 4745/4958/4647
f 4745/4958/4647 4744/4957/4646 4746/4959/4647
f 4700/4960/4648 4747/4961/4649 4748/4962/4619
f 4748/4962/4619 4747/4961/4649 4749/4963/4649
f 4743/4956/4645 4750/4964/4650 4744/4957/4646
f 4702/4965/4620 4704/4966/4622 4751/4967/4651
f 4751/4967/4651 4704/4966/4622 4752/4968/4651
f 4753/4969/4652 4754/4970/4652 4741/4954/4644
f 4741/4954/4644 4754/4970/4652 4742/4955/4644
f 4755/4971/4653 4745/4958/4647 4756/4972/4653
f 4756/4972/4653 4745/4958/4647 4746/4959/4647
f 4757/4973/4654 4755/4971/4653 4758/4974/4655
f 4758/4974/4655 4755/4971/4653 4756/4972/4653
f 4759/4975/4656 4760/4976/4656 4753/4969/4652
f 4753/4969/4652 4760/4976/4656 4754/4970/4652
f 4759/4975/4656 4761/4977/4657 4760/4976/4656
f 4760/4976/4656 4761/4977/4657 4762/4978/4657
f 4761/4977/4657 4763/4979/4658 4762/4978/4657
f 4762/4978/4657 4763/4979/4658 4764/4980/4658
f 4765/4981/4659 4766/4982/4659 4763/4979/4658
f 4763/4979/4658 4766/4982/4659 4764/4980/4658
f 4757/4973/4654 4758/4974/4655 4767/4983/4660
f 4767/4983/4660 4758/4974/4655 4768/4984/4660
f 4767/4983/4660 4768/4984/4660 4765/4981/4659
f 4765/4981/4659 4768/4984/4660 4766/4982/4659
f 4751/4967/4651 4752/4968/4651 4769/4985/4661
f 4769/4985/4661 4752/4968/4651 4770/4986/4661
f 4771/4987/4662 4769/4985/4661 4772/4988/4662
f 4772/4988/4662 4769/4985/4661 4770/4986/4661
f 4773/4989/4663 4771/4987/4662 4774/4990/4663
f 4774/4990/4663 4771/4987/4662 4772/4988/4662
f 4775/4991/4664 4773/4989/4663 4776/4992/4664
f 4776/4992/4664 4773/4989/4663 4774/4990/4663
f 4777/4993/4665 4775/4991/4664 4778/4994/4665
f 4778/4994/4665 4775/4991/4664 4776/4992/4664
f 4777/4993/4665 4778/4994/4665 4779/4995/4666
f 4779/4995/4666 4778/4994/4665 4780/4996/4667
f 4779/4995/4666 4780/4996/4667 4781/4997/4668
f 4781/4997/4668 4780/4996/4667 4782/4998/4668
f 4781/4997/4668 4782/4998/4668 4783/4999/4669
f 4783/4999/4669 4782/4998/4668 4784/5000/4670
f 4783/4999/4669 4784/5000/4670 4785/5001/4671
f 4785/5001/4671 4784/5000/4670 4786/5002/4671
f 4785/5001/4671 4786/5002/4671 4787/5003/4672
f 4787/5003/4672 4786/5002/4671 4788/5004/4673
f 4747/4961/4649 4787/5003/4672 4749/4963/4649
f 4749/4963/4649 4787/5003/4672 4788/5004/4673
f 4789/5005/4674 4731/4944/4639 4790/5006/4674
f 4790/5006/4674 4731/4944/4639 4733/4946/4639
f 4791/5007/4675 4792/5008/4676 4793/5009/4677
f 4793/5009/4677 4792/5008/4676 4794/5010/4678
f 4793/5009/4677 4794/5010/4678 4795/5011/4679
f 4795/5011/4679 4794/5010/4678 4796/5012/4680
f 4797/5013/4681 4791/5007/4675 4798/5014/4682
f 4798/5014/4682 4791/5007/4675 4793/5009/4677
f 4798/5014/4682 4793/5009/4677 4799/5015/4683
f 4799/5015/4683 4793/5009/4677 4795/5011/4679
f 4800/5016/4684 4801/5017/4685 4802/5018/4686
f 4802/5018/4686 4801/5017/4685 4803/5019/4687
f 4804/5020/4688 4805/5021/4689 4800/5016/4684
f 4800/5016/4684 4805/5021/4689 4801/5017/4685
f 4791/5007/4675 4800/5016/4684 4792/5008/4676
f 4792/5008/4676 4800/5016/4684 4802/5018/4686
f 4797/5013/4681 4804/5020/4688 4791/5007/4675
f 4791/5007/4675 4804/5020/4688 4800/5016/4684
f 4801/5017/4685 4806/5022/4690 4803/5019/4687
f 4803/5019/4687 4806/5022/4690 4807/5023/4691
f 4805/5021/4689 4808/5024/4692 4801/5017/4685
f 4801/5017/4685 4808/5024/4692 4806/5022/4690
f 4795/5011/4679 4796/5012/4680 4809/5025/4693
f 4809/5025/4693 4796/5012/4680 4810/5026/4694
f 4809/5025/4693 4810/5026/4694 4811/5027/4695
f 4811/5027/4695 4810/5026/4694 4812/5028/4696
f 4799/5015/4683 4795/5011/4679 4813/5029/4697
f 4813/5029/4697 4795/5011/4679 4809/5025/4693
f 4726/4939/4635 4812/5028/4696 4727/4940/4636
f 4727/4940/4636 4812/5028/4696 4810/5026/4694
f 4814/5030/4698 4809/5025/4693 4811/5027/4695
f 4813/5029/4697 4815/5031/4699 4799/5015/4683
f 4799/5015/4683 4815/5031/4699 4816/5032/4700
f 4798/5014/4682 4799/5015/4683 4816/5032/4700
f 4798/5014/4682 4816/5032/4700 4817/5033/4701
f 4798/5014/4682 4817/5033/4701 4797/5013/4681
f 4797/5013/4681 4817/5033/4701 4818/5034/4702
f 4819/5035/4703 4820/5036/4704 4821/5037/4705
f 4821/5037/4705 4822/5038/4706 4823/5039/4707
f 4824/5040/4708 4823/5039/4707 4804/5020/4688
f 4804/5020/4688 4823/5039/4707 4805/5021/4689
f 4823/5039/4707 4822/5038/4706 4805/5021/4689
f 4805/5021/4689 4822/5038/4706 4808/5024/4692
f 4824/5040/4708 4804/5020/4688 4818/5034/4702
f 4818/5034/4702 4804/5020/4688 4797/5013/4681
f 4825/5041/4709 4816/5032/4700 4826/5042/4710
f 4826/5042/4710 4816/5032/4700 4815/5031/4699
f 4827/5043/4711 4825/5041/4709 4828/5044/4712
f 4828/5044/4712 4825/5041/4709 4826/5042/4710
f 4819/5035/4703 4827/5043/4711 4820/5036/4704
f 4820/5036/4704 4827/5043/4711 4828/5044/4712
f 4829/5045/4713 4807/5023/4691 4830/5046/4714
f 4831/5047/4715 4830/5046/4714 4807/5023/4691
f 4817/5033/4701 4816/5032/4700 4825/5041/4709
f 4827/5043/4711 4818/5034/4702 4825/5041/4709
f 4819/5035/4703 4823/5039/4707 4824/5040/4708
f 4813/5029/4697 4809/5025/4693 4814/5030/4698
f 4815/5031/4699 4813/5029/4697 4832/5048/4716
f 4832/5048/4716 4813/5029/4697 4814/5030/4698
f 4826/5042/4710 4815/5031/4699 4833/5049/4717
f 4833/5049/4717 4815/5031/4699 4832/5048/4716
f 4828/5044/4712 4826/5042/4710 4834/5050/4718
f 4834/5050/4718 4826/5042/4710 4833/5049/4717
f 4820/5036/4704 4828/5044/4712 4835/5051/4719
f 4835/5051/4719 4828/5044/4712 4834/5050/4718
f 4820/5036/4704 4835/5051/4719 4821/5037/4705
f 4821/5037/4705 4835/5051/4719 4836/5052/4720
f 4837/5053/4721 4822/5038/4706 4836/5052/4720
f 4836/5052/4720 4822/5038/4706 4821/5037/4705
f 4822/5038/4706 4837/5053/4721 4808/5024/4692
f 4808/5024/4692 4837/5053/4721 4838/5054/4722
f 4808/5024/4692 4838/5054/4722 4806/5022/4690
f 4806/5022/4690 4838/5054/4722 4831/5047/4715
f 4807/5023/4691 4806/5022/4690 4831/5047/4715
f 4807/5023/4691 4829/5045/4713 4839/5055/4723
f 4827/5043/4711 4819/5035/4703 4818/5034/4702
f 4818/5034/4702 4819/5035/4703 4824/5040/4708
f 4825/5041/4709 4818/5034/4702 4817/5033/4701
f 4821/5037/4705 4823/5039/4707 4819/5035/4703
f 4802/5018/4686 4803/5019/4687 4840/5056/4724
f 4841/5057/4725 4842/5058/4726 4843/5059/4727
f 4843/5060/4727 4844/5061/4728 4841/5062/4725
f 4792/5008/4676 4845/5063/4729 4794/5010/4678
f 4794/5010/4678 4845/5063/4729 4846/5064/4730
f 4794/5010/4678 4846/5064/4730 4796/5012/4680
f 4796/5012/4680 4846/5064/4730 4847/5065/4731
f 4840/5056/4724 4803/5019/4687 4842/5058/4726
f 4792/5008/4676 4802/5018/4686 4845/5063/4729
f 4845/5063/4729 4802/5018/4686 4840/5056/4724
f 4842/5058/4726 4839/5055/4723 4843/5059/4727
f 4848/5066/4732 4849/5067/4733 4850/5068/4734
f 4850/5068/4734 4849/5067/4733 4851/5069/4735
f 4852/5070/4736 4850/5068/4734 4853/5071/4737
f 4853/5071/4737 4850/5068/4734 4851/5069/4735
f 4854/5072/4738 4855/5073/4739 4852/5070/4736
f 4852/5070/4736 4855/5073/4739 4850/5068/4734
f 4856/5074/4740 4857/5075/4741 4858/5076/4742
f 4858/5076/4742 4857/5075/4741 4848/5066/4732
f 4859/5077/4743 4857/5075/4741 4860/5078/4744
f 4860/5078/4744 4857/5075/4741 4861/5079/4745
f 4727/4940/4636 4861/5080/4745 4725/4938/4634
f 4844/5061/4728 4843/5060/4727 4862/5081/4746
f 4863/5082/4747 4843/5059/4727 4829/5045/4713
f 4839/5055/4723 4829/5045/4713 4843/5059/4727
f 4847/5065/4731 4860/5083/4744 4861/5080/4745
f 4796/5012/4680 4847/5065/4731 4810/5026/4694
f 4810/5026/4694 4847/5065/4731 4727/4940/4636
f 4803/5019/4687 4807/5023/4691 4842/5058/4726
f 4842/5058/4726 4807/5023/4691 4839/5055/4723
f 4858/5076/4742 4848/5066/4732 4855/5073/4739
f 4855/5073/4739 4848/5066/4732 4850/5068/4734
f 4849/5067/4733 4848/5066/4732 4859/5077/4743
f 4859/5077/4743 4848/5066/4732 4857/5075/4741
f 4862/5081/4746 4852/5070/4736 4844/5061/4728
f 4844/5061/4728 4852/5070/4736 4853/5071/4737
f 4852/5070/4736 4862/5081/4746 4854/5072/4738
f 4854/5072/4738 4862/5081/4746 4864/5084/4748
f 4857/5075/4741 4856/5074/4740 4861/5079/4745
f 4861/5079/4745 4856/5074/4740 4865/5085/4634
f 4862/5081/4746 4843/5060/4727 4864/5084/4748
f 4864/5084/4748 4843/5060/4727 4866/5086/4747
f 4727/4940/4636 4847/5065/4731 4861/5080/4745
f 4849/5067/4733 4867/5087/4749 4851/5069/4735
f 4868/5088/4750 4869/5089/4751 4870/5090/4752
f 4870/5090/4752 4869/5089/4751 4871/5091/4753
f 4872/5092/4754 4868/5088/4750 4873/5093/4755
f 4873/5093/4755 4868/5088/4750 4870/5090/4752
f 4869/5089/4751 4868/5088/4750 4874/5094/4756
f 4874/5094/4756 4868/5088/4750 4875/5095/4757
f 4869/5096/4751 4876/5097/4758 4871/5098/4753
f 4871/5098/4753 4876/5097/4758 4877/5099/4759
f 4878/5100/4760 4875/5095/4757 4872/5092/4754
f 4872/5092/4754 4875/5095/4757 4868/5088/4750
f 4869/5096/4751 4879/5101/4761 4876/5097/4758
f 4875/5095/4757 4842/5058/4726 4874/5094/4756
f 4845/5063/4729 4840/5056/4724 4878/5100/4760
f 4878/5100/4760 4840/5056/4724 4875/5095/4757
f 4876/5097/4758 4880/5102/4762 4877/5099/4759
f 4877/5099/4759 4880/5102/4762 4881/5103/4763
f 4879/5101/4761 4867/5087/4749 4876/5097/4758
f 4876/5097/4758 4867/5087/4749 4880/5102/4762
f 4881/5103/4763 4880/5102/4762 4882/5104/4764
f 4882/5104/4764 4880/5102/4762 4883/5105/4765
f 4884/5106/4766 4883/5105/4765 4867/5087/4749
f 4867/5087/4749 4883/5105/4765 4880/5102/4762
f 4872/5092/4754 4873/5093/4755 4885/5107/4767
f 4885/5107/4767 4873/5093/4755 4886/5108/4768
f 4885/5107/4767 4886/5108/4768 4887/5109/4769
f 4887/5109/4769 4886/5108/4768 4888/5110/4770
f 4885/5107/4767 4889/5111/4771 4872/5092/4754
f 4872/5092/4754 4889/5111/4771 4878/5100/4760
f 4887/5109/4769 4890/5112/4772 4885/5107/4767
f 4885/5107/4767 4890/5112/4772 4889/5111/4771
f 4889/5111/4771 4846/5064/4730 4878/5100/4760
f 4878/5100/4760 4846/5064/4730 4845/5063/4729
f 4890/5112/4772 4847/5065/4731 4889/5111/4771
f 4889/5111/4771 4847/5065/4731 4846/5064/4730
f 4849/5067/4733 4884/5106/4766 4867/5087/4749
f 4867/5087/4749 4853/5071/4737 4851/5069/4735
f 4860/5078/4744 4884/5106/4766 4859/5077/4743
f 4890/5113/4772 4884/5106/4766 4860/5078/4744
f 4883/5105/4765 4884/5106/4766 4887/5114/4769
f 4887/5114/4769 4884/5106/4766 4890/5113/4772
f 4887/5114/4769 4888/5115/4770 4883/5105/4765
f 4883/5105/4765 4888/5115/4770 4882/5104/4764
f 4890/5112/4772 4860/5083/4744 4847/5065/4731
f 4841/5062/4725 4844/5061/4728 4879/5101/4761
f 4879/5101/4761 4874/5116/4756 4841/5062/4725
f 4874/5094/4756 4842/5058/4726 4841/5057/4725
f 4891/5117/4773 4892/5118/4774 4893/5119/4775
f 4893/5119/4775 4892/5118/4774 4894/5120/4776
f 4895/5121/4777 4891/5117/4773 4896/5122/4778
f 4897/5123/4779 4898/5124/4780 4899/5125/4781
f 4900/5126/4782 4901/5127/4783 4902/5128/4784
f 4903/5129/4785 4904/5130/4786 4905/5131/4787
f 4906/5132/4788 4907/5133/4789 4908/5134/4788
f 4909/5135/4790 4910/5136/4791 4911/5137/4792
f 4911/5137/4792 4910/5136/4791 4912/5138/4793
f 4913/5139/4794 4909/5135/4790 4914/5140/4795
f 4915/5141/4796 4881/5103/4763 4916/5142/4797
f 4916/5142/4797 4881/5103/4763 4882/5104/4764
f 4917/5143/4798 4877/5099/4759 4915/5141/4796
f 4915/5141/4796 4877/5099/4759 4881/5103/4763
f 4870/5090/4752 4918/5144/4799 4873/5093/4755
f 4873/5093/4755 4918/5144/4799 4919/5145/4800
f 4886/5108/4768 4873/5093/4755 4920/5146/4801
f 4920/5146/4801 4873/5093/4755 4919/5145/4800
f 4915/5141/4796 4916/5142/4797 4895/5121/4777
f 4895/5121/4777 4916/5142/4797 4891/5117/4773
f 4904/5130/4786 4917/5143/4798 4895/5121/4777
f 4895/5121/4777 4917/5143/4798 4915/5141/4796
f 4921/5147/4802 4917/5143/4798 4922/5148/4803
f 4922/5148/4803 4917/5143/4798 4904/5130/4786
f 4919/5145/4800 4918/5144/4799 4913/5139/4794
f 4913/5139/4794 4918/5144/4799 4909/5135/4790
f 4920/5146/4801 4919/5145/4800 4899/5125/4781
f 4899/5125/4781 4919/5145/4800 4913/5139/4794
f 4875/5095/4757 4840/5056/4724 4842/5058/4726
f 4904/5130/4786 4923/5149/4804 4922/5148/4803
f 4924/5150/4805 4925/5151/4806 4926/5152/4807
f 4926/5152/4808 4927/5151/4809 4928/5153/4809
f 4929/5154/4810 4930/5155/4811 4898/5124/4780
f 4898/5124/4780 4930/5155/4811 4899/5125/4781
f 4931/5156/4812 4932/5157/4813 4933/5158/4814
f 4933/5158/4814 4932/5157/4813 4934/5159/4815
f 4935/5160/4816 4936/5161/4817 4937/5162/4818
f 4937/5162/4818 4936/5161/4817 4938/5163/4819
f 4939/5164/4820 4940/5165/4821 4941/5166/4822
f 4942/5167/4823 4943/5168/4824 4944/5169/4825
f 4944/5169/4825 4945/5168/4824 4946/5170/4826
f 4947/5171/4827 4944/5169/4825 4948/5172/4828
f 4949/5172/4828 4944/5169/4825 4946/5170/4826
f 4950/5173/4829 4951/5174/4830 4952/5175/4831
f 4953/5175/4832 4951/5174/4833 4954/5176/4834
f 4955/5177/4835 4939/5164/4820 4956/5178/4836
f 4951/5174/4833 4957/5173/4837 4942/5179/4823
f 4942/5179/4838 4950/5173/4837 4958/5180/4824
f 4959/5181/4839 4936/5161/4817 4960/5182/4840
f 4960/5182/4840 4936/5161/4817 4935/5160/4816
f 4961/5183/4841 4962/5184/4842 4963/5185/4843
f 4964/5186/4844 4965/5187/4845 4966/5188/4846
f 4966/5188/4846 4965/5187/4845 4967/5189/4847
f 4968/5190/4848 4965/5187/4845 4969/5191/4849
f 4969/5191/4849 4965/5187/4845 4964/5186/4844
f 4947/5171/4827 4970/5192/4850 4944/5169/4825
f 4944/5169/4825 4971/5193/4851 4942/5167/4823
f 4972/5194/4852 4973/5195/4853 4942/5179/4823
f 4951/5174/4833 4973/5195/4853 4974/5196/4854
f 4974/5196/4854 4975/5197/4855 4951/5174/4833
f 4941/5166/4822 4949/5172/4828 4976/5198/4856
f 4977/5199/4857 4941/5166/4822 4978/5200/4858
f 4979/5200/4859 4941/5166/4822 4976/5198/4856
f 4977/5201/4857 4980/5202/4858 4962/5184/4842
f 4962/5184/4860 4981/5202/4858 4982/5203/4861
f 4952/5175/4862 4962/5184/4860 4982/5203/4861
f 4983/5204/4863 4984/5205/4864 4985/5206/4865
f 4985/5206/4865 4984/5205/4864 4986/5207/4866
f 4987/5208/4867 4921/5147/4802 4922/5148/4803
f 4988/5209/4868 4989/5210/4869 4983/5204/4863
f 4983/5204/4863 4989/5210/4869 4984/5205/4864
f 4990/5211/4870 4921/5212/4802 4991/5213/4871
f 4921/5212/4802 4990/5211/4870 4918/5144/4799
f 4918/5144/4799 4990/5211/4870 4909/5135/4790
f 4992/5214/4872 4993/5215/4873 4916/5142/4797
f 4916/5142/4797 4993/5215/4873 4891/5117/4773
f 4992/5216/4872 4920/5146/4801 4994/5217/4874
f 4994/5217/4874 4920/5146/4801 4899/5125/4781
f 4995/5218/4875 4924/5150/4805 4926/5152/4807
f 4996/5219/4876 4997/5220/4877 4998/5221/4878
f 4977/5199/4857 4999/5222/4879 4956/5178/4836
f 4933/5158/4814 4934/5159/4815 5000/5223/4880
f 4902/5128/4784 5001/5224/4881 4900/5126/4782
f 4900/5126/4782 5001/5224/4881 5002/5225/4881
f 4896/5122/4778 4891/5117/4773 4893/5119/4775
f 4905/5131/4787 4904/5130/4786 4895/5121/4777
f 4944/5169/4825 4970/5192/4850 5003/5226/4882
f 4941/5166/4822 4940/5165/4821 4947/5171/4827
f 4913/5139/4794 4897/5123/4779 4899/5125/4781
f 4914/5140/4795 4909/5135/4790 4911/5137/4792
f 4954/5176/4834 5004/5227/4883 4962/5184/4842
f 4962/5184/4842 5004/5227/4883 4963/5185/4843
f 4951/5174/4833 4975/5197/4855 4954/5176/4834
f 4971/5193/4851 4944/5169/4825 5003/5226/4882
f 4942/5179/4823 4973/5195/4853 4951/5174/4833
f 4941/5166/4822 4956/5178/4836 4939/5164/4820
f 4962/5184/4842 4961/5183/4841 4977/5201/4857
f 5005/5228/4884 5006/5229/4885 4964/5186/4844
f 4964/5186/4844 5006/5229/4885 4969/5191/4849
f 5007/5230/4886 5005/5228/4884 4966/5188/4846
f 4966/5188/4846 5005/5228/4884 4964/5186/4844
f 4977/5201/4857 4961/5183/4841 4999/5231/4879
f 5008/5232/4887 4997/5220/4877 4996/5219/4876
f 4942/5167/4823 4971/5193/4851 4972/5233/4852
f 4869/5096/4751 4874/5116/4756 4879/5101/4761
f 4871/5091/4753 4921/5212/4802 4870/5090/4752
f 4870/5090/4752 4921/5212/4802 4918/5144/4799
f 4921/5147/4802 4871/5098/4753 4917/5143/4798
f 4917/5143/4798 4871/5098/4753 4877/5099/4759
f 4888/5115/4770 4992/5214/4872 4882/5104/4764
f 4882/5104/4764 4992/5214/4872 4916/5142/4797
f 4888/5110/4770 4886/5108/4768 4992/5216/4872
f 4992/5216/4872 4886/5108/4768 4920/5146/4801
f 4891/5117/4773 4993/5215/4873 4892/5118/4774
f 5005/5228/4884 5007/5230/4886 5009/5234/4888
f 5007/5230/4886 5010/5235/4889 5009/5234/4888
f 4993/5215/4873 4992/5214/4872 5011/5236/4890
f 5006/5229/4885 5005/5228/4884 5012/5237/4891
f 5005/5228/4884 5009/5234/4888 5012/5237/4891
f 5013/5238/4892 4992/5216/4872 4994/5217/4874
f 5001/5224/4881 5014/5239/4893 5002/5225/4881
f 4899/5125/4781 4930/5155/4811 4994/5217/4874
f 5015/5240/4894 4923/5149/4804 4903/5129/4785
f 4903/5129/4785 4923/5149/4804 4904/5130/4786
f 4998/5221/4878 4906/5132/4788 4996/5219/4876
f 4996/5219/4876 4906/5132/4788 4908/5134/4788
f 4935/5160/4816 4983/5204/4863 4960/5182/4840
f 4960/5182/4840 4983/5204/4863 4985/5206/4865
f 4937/5162/4818 4988/5209/4868 4935/5160/4816
f 4935/5160/4816 4988/5209/4868 4983/5204/4863
f 4909/5135/4790 4990/5211/4870 4910/5136/4791
f 4928/5153/4809 4927/5151/4809 5016/5241/4895
f 4932/5157/4813 4931/5156/4812 5017/5242/4896
f 4947/5171/4827 4948/5172/4828 4941/5166/4822
f 4953/5175/4832 4954/5176/4834 4962/5184/4842
f 4971/5193/4851 5003/5226/4882 5018/5243/4897
f 4933/5158/4814 5000/5223/4880 5019/5244/4898
f 5020/5245/4899 4967/5189/4847 5021/5246/4900
f 5021/5246/4900 4967/5189/4847 4965/5187/4845
f 4965/5187/4845 4968/5190/4848 5021/5246/4900
f 5021/5246/4900 4968/5190/4848 5022/5247/4901
f 5023/5248/4902 4901/5127/4783 4900/5126/4782
f 5024/5249/4903 4974/5196/4854 4973/5195/4853
f 4961/5183/4841 4963/5185/4843 5025/5250/4904
f 5026/5251/4905 4924/5150/4805 4995/5218/4875
f 5027/5252/4906 4938/5163/4819 5028/5253/4907
f 5028/5253/4907 4938/5163/4819 4936/5161/4817
f 5028/5253/4907 4936/5161/4817 5029/5254/4908
f 5029/5254/4908 4936/5161/4817 4959/5181/4839
f 4977/5199/4857 4956/5178/4836 4941/5166/4822
f 4859/5077/4743 4884/5106/4766 4849/5067/4733
f 4867/5087/4749 4879/5101/4761 4853/5071/4737
f 4853/5071/4737 4879/5101/4761 4844/5061/4728
o Scalp
v 0.074318 1.794360 0.047841
v 0.077364 1.775420 0.037793
v 0.077135 1.799530 0.035848
v 0.080016 1.778450 0.023296
v 0.082977 1.782780 -0.002533
v 0.082297 1.764180 -0.005962
v 0.083488 1.787750 -0.030849
v 0.082742 1.764200 -0.033228
v 0.077555 1.794200 -0.064338
v 0.075546 1.767760 -0.067951
v 0.071094 1.735670 -0.065193
v 0.054813 1.740570 -0.090819
v 0.057596 1.772870 -0.095050
v 0.067620 1.714280 -0.059970
v 0.050896 1.717170 -0.082948
v 0.027867 1.742150 -0.104702
v -0.000000 1.744080 -0.110203
v 0.029645 1.775220 -0.108918
v -0.000000 1.777230 -0.115046
v 0.027477 1.717970 -0.096390
v 0.031740 1.837580 -0.092146
v 0.059254 1.829650 -0.077721
v 0.030973 1.807420 -0.104881
v 0.060096 1.802340 -0.090188
v -0.000000 1.841520 -0.098337
v -0.000000 1.861360 -0.075719
v 0.030245 1.858650 -0.072600
v -0.000000 1.716890 -0.100662
v 0.027446 1.698440 -0.083800
v 0.000000 1.697130 -0.088632
v 0.058480 1.846830 -0.063682
v -0.000000 1.810810 -0.113187
v 0.075771 1.821550 -0.048826
v 0.070625 1.837710 -0.029482
v 0.060340 1.852940 -0.033796
v 0.047733 1.699390 -0.074746
v 0.079432 1.815440 -0.013331
v 0.079743 1.807310 0.011527
v 0.073174 1.836530 -0.004347
v 0.072537 1.833270 0.014962
v 0.044481 1.864730 -0.036376
v -0.000000 1.873800 -0.039571
v 0.017499 1.872390 -0.036448
v 0.049025 1.863960 0.001757
v 0.030461 1.871140 0.003000
v 0.045854 1.856800 0.035354
v 0.029532 1.863260 0.039735
v 0.014214 1.865450 0.041133
v 0.015840 1.873010 0.003599
v -0.000000 1.866150 0.042143
v -0.000000 1.874330 0.003393
v 0.069823 1.826710 0.037161
v 0.061244 1.847150 0.027868
v 0.057532 1.838920 0.051283
v 0.027130 1.849500 0.064503
v 0.042232 1.845160 0.059630
v 0.012429 1.851520 0.067149
v -0.000000 1.851700 0.068845
v 0.063550 1.852490 -0.000355
v 0.063956 1.698800 -0.057065
v 0.031122 1.869930 -0.028831
v 0.066676 1.817730 0.055258
v 0.053808 1.825520 0.068825
v 0.023921 1.834600 0.080002
v 0.037684 1.832480 0.076145
v 0.010906 1.836190 0.082092
v -0.000000 1.836620 0.083211
v 0.080537 1.763390 0.017637
v -0.074318 1.794360 0.047841
v -0.077135 1.799530 0.035848
v -0.077364 1.775420 0.037793
v -0.080016 1.778450 0.023296
v -0.082742 1.764200 -0.033228
v -0.082297 1.764180 -0.005962
v -0.083488 1.787750 -0.030849
v -0.082977 1.782780 -0.002533
v -0.063956 1.698800 -0.057065
v -0.074790 1.711490 -0.020122
v -0.067620 1.714280 -0.059970
v -0.075546 1.767760 -0.067951
v -0.071094 1.735670 -0.065193
v -0.078998 1.731930 -0.032274
v -0.077555 1.794200 -0.064338
v -0.057596 1.772870 -0.095050
v -0.054813 1.740570 -0.090819
v -0.050896 1.717170 -0.082948
v -0.027867 1.742150 -0.104702
v -0.029645 1.775220 -0.108918
v -0.027477 1.717970 -0.096390
v -0.060096 1.802340 -0.090188
v -0.059254 1.829650 -0.077721
v -0.030973 1.807420 -0.104881
v -0.031740 1.837580 -0.092146
v -0.030245 1.858650 -0.072600
v -0.027446 1.698440 -0.083800
v -0.058480 1.846830 -0.063682
v -0.075771 1.821550 -0.048826
v -0.060340 1.852940 -0.033796
v -0.070625 1.837710 -0.029482
v -0.047733 1.699390 -0.074746
v -0.079743 1.807310 0.011527
v -0.079432 1.815440 -0.013331
v -0.072537 1.833270 0.014962
v -0.073174 1.836530 -0.004347
v -0.044481 1.864730 -0.036376
v -0.017499 1.872390 -0.036448
v -0.049025 1.863960 0.001757
v -0.045854 1.856800 0.035354
v -0.030461 1.871140 0.003000
v -0.029532 1.863260 0.039735
v -0.015840 1.873010 0.003599
v -0.014214 1.865450 0.041133
v -0.069823 1.826710 0.037161
v -0.057532 1.838920 0.051283
v -0.061244 1.847150 0.027868
v -0.042232 1.845160 0.059630
v -0.027130 1.849500 0.064503
v -0.012429 1.851520 0.067149
v -0.063550 1.852490 -0.000355
v -0.031122 1.869930 -0.028831
v -0.053808 1.825520 0.068825
v -0.066676 1.817730 0.055258
v -0.037684 1.832480 0.076145
v -0.023921 1.834600 0.080002
v -0.010906 1.836190 0.082092
v -0.080537 1.763390 0.017637
v 0.074753 1.711510 -0.020324
v 0.079003 1.732200 -0.032186
v 0.045566 1.682710 -0.065888
v 0.070457 1.698010 -0.016669
v 0.059687 1.684060 -0.052204
v 0.025023 1.681420 -0.076284
v 0.000000 1.680440 -0.080241
v -0.070457 1.698010 -0.016669
v -0.059687 1.684060 -0.052204
v -0.045566 1.682710 -0.065888
v -0.025023 1.681420 -0.076284
v -0.080625 1.749480 0.014347
v -0.081697 1.748040 0.003205
v -0.081954 1.747190 -0.022043
v -0.079710 1.743520 0.005756
v -0.074976 1.711420 -0.019086
v -0.079041 1.732030 -0.031216
v -0.081903 1.746080 -0.021314
v -0.081561 1.747170 0.002941
v 0.081945 1.746980 -0.021906
v 0.079003 1.732200 -0.032186
v 0.081945 1.746980 -0.021906
v 0.079041 1.732030 -0.031216
v 0.081903 1.746080 -0.021314
v 0.081546 1.747810 0.003125
v 0.081561 1.747170 0.002941
v 0.074753 1.711510 -0.020324
v 0.074976 1.711420 -0.019086
v 0.079710 1.743520 0.005756
v 0.081546 1.747810 0.003125
v 0.080625 1.749480 0.014347
vn 0.9235 0.0997 0.3704
vn 0.9663 -0.0459 0.2534
vn 0.9666 0.1349 0.2179
vn 0.9886 0.0064 0.1502
vn 0.9974 0.0285 0.0661
vn 0.9984 -0.0271 0.0499
vn 0.9964 0.0553 -0.0636
vn 0.9922 -0.0721 -0.1013
vn 0.9362 0.1088 -0.3341
vn 0.9169 -0.0774 -0.3915
vn 0.8902 -0.2151 -0.4017
vn 0.6347 -0.2361 -0.7358
vn 0.6604 -0.0471 -0.7494
vn 0.8622 -0.3079 -0.4022
vn 0.5943 -0.3677 -0.7152
vn 0.3104 -0.2367 -0.9207
vn -0.0000 -0.2363 -0.9717
vn 0.3346 -0.0259 -0.9420
vn -0.0000 -0.0289 -0.9996
vn 0.2954 -0.4171 -0.8595
vn 0.3589 0.5260 -0.7711
vn 0.6948 0.4081 -0.5922
vn 0.3654 0.2366 -0.9003
vn 0.6868 0.1925 -0.7009
vn -0.0000 0.5773 -0.8165
vn -0.0000 0.8549 -0.5188
vn 0.3240 0.8316 -0.4511
vn -0.0000 -0.4328 -0.9015
vn 0.2872 -0.4714 -0.8338
vn -0.0000 -0.4846 -0.8747
vn 0.7053 0.5940 -0.3870
vn -0.0000 0.2505 -0.9681
vn 0.9130 0.3311 -0.2381
vn 0.8833 0.4583 -0.0984
vn 0.7202 0.6786 -0.1446
vn 0.5542 -0.4249 -0.7158
vn 0.9741 0.2258 0.0145
vn 0.9773 0.1689 0.1279
vn 0.9101 0.4136 0.0241
vn 0.9128 0.3772 0.1565
vn 0.4417 0.8842 -0.1521
vn -0.0000 0.9857 -0.1684
vn 0.1588 0.9757 -0.1509
vn 0.4977 0.8629 0.0879
vn 0.2641 0.9598 0.0951
vn 0.4999 0.8041 0.3218
vn 0.2856 0.8935 0.3465
vn 0.1209 0.9306 0.3455
vn 0.1146 0.9889 0.0950
vn -0.0000 0.9392 0.3434
vn -0.0000 0.9954 0.0963
vn 0.8975 0.3529 0.2647
vn 0.7311 0.6313 0.2589
vn 0.7044 0.5668 0.4272
vn 0.2910 0.7577 0.5841
vn 0.4743 0.7024 0.5307
vn 0.1457 0.7845 0.6028
vn -0.0000 0.7950 0.6066
vn 0.7427 0.6670 0.0598
vn 0.8411 -0.3570 -0.4063
vn 0.2616 0.9602 -0.0980
vn 0.8578 0.2651 0.4404
vn 0.6361 0.4338 0.6381
vn 0.2507 0.5268 0.8122
vn 0.3790 0.5143 0.7693
vn 0.1621 0.5367 0.8280
vn -0.0000 0.5407 0.8412
vn 0.9838 -0.0429 0.1743
vn -0.9235 0.0996 0.3704
vn -0.9666 0.1349 0.2179
vn -0.9663 -0.0459 0.2534
vn -0.9886 0.0064 0.1502
vn -0.9923 -0.0712 -0.1016
vn -0.9984 -0.0249 0.0503
vn -0.9964 0.0553 -0.0636
vn -0.9974 0.0285 0.0661
vn -0.8411 -0.3571 -0.4063
vn -0.9416 -0.2900 -0.1710
vn -0.8619 -0.3086 -0.4024
vn -0.9169 -0.0772 -0.3917
vn -0.8899 -0.2155 -0.4021
vn -0.9718 -0.1837 -0.1480
vn -0.9362 0.1088 -0.3341
vn -0.6604 -0.0471 -0.7494
vn -0.6347 -0.2361 -0.7358
vn -0.5943 -0.3677 -0.7152
vn -0.3104 -0.2367 -0.9207
vn -0.3346 -0.0259 -0.9420
vn -0.2955 -0.4171 -0.8595
vn -0.6868 0.1925 -0.7009
vn -0.6948 0.4081 -0.5922
vn -0.3654 0.2366 -0.9003
vn -0.3589 0.5260 -0.7711
vn -0.3240 0.8316 -0.4511
vn -0.2872 -0.4714 -0.8338
vn -0.7053 0.5940 -0.3870
vn -0.9130 0.3311 -0.2381
vn -0.7202 0.6786 -0.1446
vn -0.8833 0.4583 -0.0984
vn -0.5542 -0.4249 -0.7158
vn -0.9773 0.1689 0.1279
vn -0.9741 0.2258 0.0145
vn -0.9128 0.3772 0.1565
vn -0.9101 0.4136 0.0241
vn -0.4417 0.8842 -0.1521
vn -0.1588 0.9757 -0.1509
vn -0.4977 0.8629 0.0879
vn -0.4999 0.8041 0.3218
vn -0.2641 0.9598 0.0951
vn -0.2855 0.8936 0.3465
vn -0.1146 0.9889 0.0950
vn -0.1209 0.9306 0.3455
vn -0.8975 0.3529 0.2647
vn -0.7045 0.5668 0.4272
vn -0.7311 0.6313 0.2589
vn -0.4743 0.7024 0.5307
vn -0.2910 0.7577 0.5841
vn -0.1457 0.7845 0.6028
vn -0.7427 0.6670 0.0598
vn -0.2616 0.9602 -0.0980
vn -0.6361 0.4338 0.6381
vn -0.8578 0.2651 0.4404
vn -0.3790 0.5143 0.7693
vn -0.2507 0.5268 0.8122
vn -0.1621 0.5367 0.8280
vn -0.9837 -0.0427 0.1745
vn 0.9402 -0.2790 -0.1953
vn 0.9671 -0.1728 -0.1866
vn 0.5849 -0.2800 -0.7613
vn 0.9629 -0.2466 -0.1094
vn 0.9016 -0.2033 -0.3818
vn 0.3141 -0.2901 -0.9040
vn -0.0000 -0.2913 -0.9566
vn -0.9629 -0.2466 -0.1094
vn -0.9016 -0.2033 -0.3818
vn -0.5849 -0.2800 -0.7613
vn -0.3141 -0.2901 -0.9040
vn -0.9864 -0.0864 0.1400
vn -0.9838 -0.1408 0.1112
vn -0.9946 -0.0964 -0.0392
vn -0.8890 -0.0152 0.4576
vn -0.0840 -0.6881 -0.7207
vn 0.1287 -0.0829 -0.9882
vn 0.6493 0.6676 -0.3643
vn -0.3700 0.4124 0.8325
vn 0.9958 -0.0776 -0.0475
vn 0.9715 -0.2058 -0.1176
vn 0.9965 -0.0745 -0.0376
vn 0.2104 -0.1413 -0.9674
vn -0.6484 0.6691 -0.3631
vn 0.9695 -0.0614 0.2373
vn 0.3646 0.4216 0.8303
vn 0.9361 -0.3096 -0.1670
vn 0.0836 -0.6879 -0.7210
vn 0.8877 -0.0118 0.4603
vn 0.9895 -0.1240 0.0739
vn 0.9865 -0.0859 0.1392
vt 0.016174 0.727273
vt 0.016303 0.622594
vt 0.062853 0.696873
vt 0.054769 0.559152
vt 0.108152 0.509436
vt 0.101092 0.387176
vt 0.192716 0.466060
vt 0.179914 0.349920
vt 0.267460 0.452025
vt 0.257227 0.349920
vt 0.253216 0.266175
vt 0.338213 0.266175
vt 0.345671 0.349920
vt 0.253912 0.173509
vt 0.335960 0.173509
vt 0.428741 0.266175
vt 0.500000 0.266175
vt 0.428741 0.349920
vt 0.500000 0.349920
vt 0.428741 0.173509
vt 0.429050 0.510376
vt 0.349972 0.510376
vt 0.428741 0.437809
vt 0.354348 0.441474
vt 0.500000 0.514533
vt 0.500000 0.589663
vt 0.423041 0.581770
vt 0.500000 0.173509
vt 0.428741 0.084450
vt 0.500000 0.084450
vt 0.338899 0.555054
vt 0.500000 0.435768
vt 0.268838 0.534895
vt 0.278698 0.607484
vt 0.312007 0.620210
vt 0.334856 0.084450
vt 0.199606 0.586923
vt 0.123192 0.647045
vt 0.241399 0.669416
vt 0.205393 0.715542
vt 0.352224 0.635531
vt 0.500000 0.670367
vt 0.433692 0.667639
vt 0.320029 0.724005
vt 0.380014 0.735760
vt 0.293087 0.800748
vt 0.358658 0.826485
vt 0.419699 0.838382
vt 0.422551 0.745983
vt 0.500000 0.844450
vt 0.500000 0.743972
vt 0.145013 0.781250
vt 0.244625 0.765788
vt 0.198750 0.852137
vt 0.340847 0.908430
vt 0.260664 0.886202
vt 0.413820 0.917942
vt 0.500000 0.921150
vt 0.281597 0.700936
vt 0.249552 0.084450
vt 0.393208 0.669178
vt 0.089651 0.821255
vt 0.136807 0.926614
vt 0.329260 0.973688
vt 0.225838 0.962627
vt 0.407141 0.973688
vt 0.500000 0.973690
vt 0.039209 0.452929
vt 0.983825 0.727273
vt 0.937147 0.696873
vt 0.983697 0.622594
vt 0.945231 0.559152
vt 0.820086 0.349920
vt 0.898908 0.387176
vt 0.807284 0.466060
vt 0.891848 0.509436
vt 0.750448 0.084450
vt 0.832358 0.187821
vt 0.746088 0.173509
vt 0.742773 0.349920
vt 0.746784 0.266175
vt 0.824981 0.298691
vt 0.732540 0.452025
vt 0.654329 0.349920
vt 0.661787 0.266175
vt 0.664040 0.173509
vt 0.571259 0.266175
vt 0.571259 0.349920
vt 0.571259 0.173509
vt 0.645652 0.441474
vt 0.650028 0.510376
vt 0.571259 0.437809
vt 0.570950 0.510376
vt 0.576959 0.581770
vt 0.571259 0.084450
vt 0.661101 0.555054
vt 0.731162 0.534895
vt 0.687993 0.620210
vt 0.721302 0.607484
vt 0.665144 0.084450
vt 0.876808 0.647045
vt 0.800394 0.586923
vt 0.794607 0.715542
vt 0.758601 0.669416
vt 0.647776 0.635531
vt 0.566308 0.667639
vt 0.679971 0.724005
vt 0.706913 0.800748
vt 0.619986 0.735760
vt 0.641342 0.826485
vt 0.577449 0.745983
vt 0.580301 0.838382
vt 0.854987 0.781250
vt 0.801250 0.852137
vt 0.755375 0.765788
vt 0.739336 0.886202
vt 0.659153 0.908430
vt 0.586180 0.917942
vt 0.718403 0.700936
vt 0.606792 0.669178
vt 0.863193 0.926614
vt 0.910349 0.821255
vt 0.774162 0.962627
vt 0.670740 0.973688
vt 0.592859 0.973688
vt 0.960791 0.452929
vt 0.168081 0.187700
vt 0.176158 0.299180
vt 0.335134 0.015803
vt 0.165546 0.075060
vt 0.240279 0.015803
vt 0.428913 0.015803
vt 0.500000 0.015803
vt 0.834454 0.075060
vt 0.759721 0.015803
vt 0.664866 0.015803
vt 0.571087 0.015803
vt 0.955206 0.323813
vt 0.888707 0.320001
vt 0.856731 0.305783
vt 0.882116 0.203038
vt 0.834617 0.188443
vt 0.826440 0.298167
vt 0.859171 0.302881
vt 0.888388 0.317754
vt 0.142810 0.305236
vt 0.173560 0.298167
vt 0.140829 0.302881
vt 0.108538 0.320260
vt 0.111613 0.317754
vt 0.165383 0.188443
vt 0.117884 0.203038
vt 0.044794 0.323813
s 1
usemtl Material_003
f 5030/5255/4909 5031/5256/4910 5032/5257/4911
f 5032/5257/4911 5031/5256/4910 5033/5258/4912
f 5034/5259/4913 5035/5260/4914 5036/5261/4915
f 5036/5261/4915 5035/5260/4914 5037/5262/4916
f 5038/5263/4917 5036/5261/4915 5039/5264/4918
f 5039/5264/4918 5036/5261/4915 5037/5262/4916
f 5040/5265/4919 5041/5266/4920 5039/5264/4918
f 5039/5264/4918 5041/5266/4920 5042/5267/4921
f 5043/5268/4922 5044/5269/4923 5040/5265/4919
f 5040/5265/4919 5044/5269/4923 5041/5266/4920
f 5045/5270/4924 5046/5271/4925 5047/5272/4926
f 5047/5272/4926 5046/5271/4925 5048/5273/4927
f 5045/5270/4924 5041/5266/4920 5049/5274/4928
f 5049/5274/4928 5041/5266/4920 5044/5269/4923
f 5050/5275/4929 5051/5276/4930 5052/5277/4931
f 5052/5277/4931 5051/5276/4930 5053/5278/4932
f 5047/5272/4926 5042/5267/4921 5045/5270/4924
f 5045/5270/4924 5042/5267/4921 5041/5266/4920
f 5054/5279/4933 5055/5280/4934 5050/5275/4929
f 5050/5275/4929 5055/5280/4934 5056/5281/4935
f 5049/5274/4928 5057/5282/4936 5045/5270/4924
f 5045/5270/4924 5057/5282/4936 5046/5271/4925
f 5058/5283/4937 5059/5284/4938 5049/5274/4928
f 5049/5274/4928 5059/5284/4938 5057/5282/4936
f 5056/5281/4935 5060/5285/4939 5050/5275/4929
f 5050/5275/4929 5060/5285/4939 5051/5276/4930
f 5050/5275/4929 5052/5277/4931 5054/5279/4933
f 5054/5279/4933 5052/5277/4931 5061/5286/4940
f 5062/5287/4941 5051/5276/4930 5060/5285/4939
f 5062/5287/4941 5038/5263/4917 5051/5276/4930
f 5051/5276/4930 5038/5263/4917 5053/5278/4932
f 5062/5287/4941 5060/5285/4939 5063/5288/4942
f 5063/5288/4942 5060/5285/4939 5064/5289/4943
f 5049/5274/4928 5044/5269/4923 5058/5283/4937
f 5058/5283/4937 5044/5269/4923 5065/5290/4944
f 5036/5261/4915 5066/5291/4945 5034/5259/4913
f 5034/5259/4913 5066/5291/4945 5067/5292/4946
f 5066/5291/4945 5068/5293/4947 5069/5294/4948
f 5056/5281/4935 5070/5295/4949 5060/5285/4939
f 5060/5285/4939 5070/5295/4949 5064/5289/4943
f 5071/5296/4950 5072/5297/4951 5055/5280/4934
f 5055/5280/4934 5072/5297/4951 5056/5281/4935
f 5039/5264/4918 5042/5267/4921 5038/5263/4917
f 5038/5263/4917 5042/5267/4921 5053/5278/4932
f 5047/5272/4926 5052/5277/4931 5042/5267/4921
f 5042/5267/4921 5052/5277/4931 5053/5278/4932
f 5061/5286/4940 5052/5277/4931 5048/5273/4927
f 5048/5273/4927 5052/5277/4931 5047/5272/4926
f 5066/5291/4945 5036/5261/4915 5062/5287/4941
f 5062/5287/4941 5036/5261/4915 5038/5263/4917
f 5073/5298/4952 5074/5299/4953 5075/5300/4954
f 5075/5300/4954 5074/5299/4953 5076/5301/4955
f 5077/5302/4956 5076/5301/4955 5078/5303/4957
f 5078/5303/4957 5076/5301/4955 5074/5299/4953
f 5079/5304/4958 5077/5302/4956 5080/5305/4959
f 5080/5305/4959 5077/5302/4956 5078/5303/4957
f 5066/5291/4945 5069/5294/4948 5067/5292/4946
f 5067/5292/4946 5069/5294/4948 5081/5306/4960
f 5069/5294/4948 5082/5307/4961 5081/5306/4960
f 5081/5306/4960 5082/5307/4961 5083/5308/4962
f 5084/5309/4963 5085/5310/4964 5076/5301/4955
f 5076/5301/4955 5085/5310/4964 5075/5300/4954
f 5086/5311/4965 5084/5309/4963 5077/5302/4956
f 5077/5302/4956 5084/5309/4963 5076/5301/4955
f 5087/5312/4966 5086/5311/4965 5079/5304/4958
f 5079/5304/4958 5086/5311/4965 5077/5302/4956
f 5085/5310/4964 5083/5308/4962 5075/5300/4954
f 5075/5300/4954 5083/5308/4962 5082/5307/4961
f 5075/5300/4954 5082/5307/4961 5073/5298/4952
f 5073/5298/4952 5082/5307/4961 5088/5313/4967
f 5068/5293/4947 5088/5313/4967 5069/5294/4948
f 5069/5294/4948 5088/5313/4967 5082/5307/4961
f 5044/5269/4923 5043/5268/4922 5065/5290/4944
f 5065/5290/4944 5043/5268/4922 5089/5314/4968
f 5056/5281/4935 5072/5297/4951 5070/5295/4949
f 5070/5295/4949 5072/5297/4951 5090/5315/4969
f 5062/5287/4941 5063/5288/4942 5066/5291/4945
f 5066/5291/4945 5063/5288/4942 5068/5293/4947
f 5064/5289/4943 5088/5313/4967 5063/5288/4942
f 5063/5288/4942 5088/5313/4967 5068/5293/4947
f 5070/5295/4949 5073/5298/4952 5064/5289/4943
f 5064/5289/4943 5073/5298/4952 5088/5313/4967
f 5070/5295/4949 5090/5315/4969 5073/5298/4952
f 5073/5298/4952 5090/5315/4969 5074/5299/4953
f 5072/5297/4951 5078/5303/4957 5090/5315/4969
f 5090/5315/4969 5078/5303/4957 5074/5299/4953
f 5071/5296/4950 5080/5305/4959 5072/5297/4951
f 5072/5297/4951 5080/5305/4959 5078/5303/4957
f 5081/5306/4960 5083/5308/4962 5091/5316/4970
f 5091/5316/4970 5083/5308/4962 5092/5317/4971
f 5093/5318/4972 5094/5319/4973 5084/5309/4963
f 5084/5309/4963 5094/5319/4973 5085/5310/4964
f 5095/5320/4974 5093/5318/4972 5086/5311/4965
f 5086/5311/4965 5093/5318/4972 5084/5309/4963
f 5067/5292/4946 5081/5306/4960 5032/5257/4911
f 5032/5257/4911 5081/5306/4960 5091/5316/4970
f 5096/5321/4975 5095/5320/4974 5087/5312/4966
f 5087/5312/4966 5095/5320/4974 5086/5311/4965
f 5034/5259/4913 5067/5292/4946 5033/5258/4912
f 5033/5258/4912 5067/5292/4946 5032/5257/4911
f 5094/5319/4973 5092/5317/4971 5085/5310/4964
f 5085/5310/4964 5092/5317/4971 5083/5308/4962
f 5035/5260/4914 5034/5259/4913 5097/5322/4976
f 5097/5322/4976 5034/5259/4913 5033/5258/4912
f 5097/5322/4976 5033/5258/4912 5031/5256/4910
f 5091/5316/4970 5030/5255/4909 5032/5257/4911
f 5098/5323/4977 5099/5324/4978 5100/5325/4979
f 5100/5325/4979 5099/5324/4978 5101/5326/4980
f 5102/5327/4981 5103/5328/4982 5104/5329/4983
f 5104/5329/4983 5103/5328/4982 5105/5330/4984
f 5106/5331/4985 5107/5332/4986 5108/5333/4987
f 5109/5334/4988 5110/5335/4989 5102/5327/4981
f 5102/5327/4981 5110/5335/4989 5111/5336/4990
f 5102/5327/4981 5104/5329/4983 5109/5334/4988
f 5109/5334/4988 5104/5329/4983 5112/5337/4991
f 5110/5335/4989 5108/5333/4987 5111/5336/4990
f 5111/5336/4990 5108/5333/4987 5107/5332/4986
f 5113/5338/4992 5114/5339/4993 5109/5334/4988
f 5109/5334/4988 5114/5339/4993 5110/5335/4989
f 5114/5339/4993 5115/5340/4994 5110/5335/4989
f 5110/5335/4989 5115/5340/4994 5108/5333/4987
f 5116/5341/4995 5117/5342/4996 5046/5271/4925
f 5046/5271/4925 5117/5342/4996 5048/5273/4927
f 5116/5341/4995 5118/5343/4997 5114/5339/4993
f 5114/5339/4993 5118/5343/4997 5115/5340/4994
f 5119/5344/4998 5120/5345/4999 5121/5346/5000
f 5121/5346/5000 5120/5345/4999 5122/5347/5001
f 5114/5339/4993 5113/5338/4992 5116/5341/4995
f 5116/5341/4995 5113/5338/4992 5117/5342/4996
f 5054/5279/4933 5122/5347/5001 5055/5280/4934
f 5055/5280/4934 5122/5347/5001 5123/5348/5002
f 5046/5271/4925 5057/5282/4936 5116/5341/4995
f 5116/5341/4995 5057/5282/4936 5118/5343/4997
f 5057/5282/4936 5059/5284/4938 5118/5343/4997
f 5118/5343/4997 5059/5284/4938 5124/5349/5003
f 5120/5345/4999 5125/5350/5004 5122/5347/5001
f 5122/5347/5001 5125/5350/5004 5123/5348/5002
f 5122/5347/5001 5054/5279/4933 5121/5346/5000
f 5121/5346/5000 5054/5279/4933 5061/5286/4940
f 5126/5351/5005 5125/5350/5004 5120/5345/4999
f 5126/5351/5005 5120/5345/4999 5112/5337/4991
f 5112/5337/4991 5120/5345/4999 5119/5344/4998
f 5127/5352/5006 5125/5350/5004 5128/5353/5007
f 5128/5353/5007 5125/5350/5004 5126/5351/5005
f 5129/5354/5008 5115/5340/4994 5124/5349/5003
f 5124/5349/5003 5115/5340/4994 5118/5343/4997
f 5130/5355/5009 5131/5356/5010 5105/5330/4984
f 5105/5330/4984 5131/5356/5010 5104/5329/4983
f 5131/5356/5010 5132/5357/5011 5133/5358/5012
f 5123/5348/5002 5125/5350/5004 5134/5359/5013
f 5134/5359/5013 5125/5350/5004 5127/5352/5006
f 5123/5348/5002 5135/5360/5014 5055/5280/4934
f 5055/5280/4934 5135/5360/5014 5071/5296/4950
f 5119/5344/4998 5113/5338/4992 5112/5337/4991
f 5112/5337/4991 5113/5338/4992 5109/5334/4988
f 5117/5342/4996 5113/5338/4992 5121/5346/5000
f 5121/5346/5000 5113/5338/4992 5119/5344/4998
f 5061/5286/4940 5048/5273/4927 5121/5346/5000
f 5121/5346/5000 5048/5273/4927 5117/5342/4996
f 5131/5356/5010 5126/5351/5005 5104/5329/4983
f 5104/5329/4983 5126/5351/5005 5112/5337/4991
f 5136/5361/5015 5137/5362/5016 5138/5363/5017
f 5138/5363/5017 5137/5362/5016 5139/5364/5018
f 5138/5363/5017 5139/5364/5018 5140/5365/5019
f 5140/5365/5019 5139/5364/5018 5141/5366/5020
f 5140/5365/5019 5141/5366/5020 5080/5305/4959
f 5080/5305/4959 5141/5366/5020 5079/5304/4958
f 5131/5356/5010 5130/5355/5009 5132/5357/5011
f 5132/5357/5011 5130/5355/5009 5142/5367/5021
f 5143/5368/5022 5144/5369/5023 5142/5367/5021
f 5142/5367/5021 5144/5369/5023 5132/5357/5011
f 5137/5362/5016 5145/5370/5024 5139/5364/5018
f 5139/5364/5018 5145/5370/5024 5146/5371/5025
f 5147/5372/5026 5141/5366/5020 5146/5371/5025
f 5146/5371/5025 5141/5366/5020 5139/5364/5018
f 5141/5366/5020 5147/5372/5026 5079/5304/4958
f 5079/5304/4958 5147/5372/5026 5087/5312/4966
f 5144/5369/5023 5143/5368/5022 5137/5362/5016
f 5137/5362/5016 5143/5368/5022 5145/5370/5024
f 5148/5373/5027 5144/5369/5023 5136/5361/5015
f 5136/5361/5015 5144/5369/5023 5137/5362/5016
f 5133/5358/5012 5132/5357/5011 5148/5373/5027
f 5148/5373/5027 5132/5357/5011 5144/5369/5023
f 5106/5331/4985 5108/5333/4987 5129/5354/5008
f 5129/5354/5008 5108/5333/4987 5115/5340/4994
f 5123/5348/5002 5134/5359/5013 5135/5360/5014
f 5135/5360/5014 5134/5359/5013 5149/5374/5028
f 5126/5351/5005 5131/5356/5010 5128/5353/5007
f 5128/5353/5007 5131/5356/5010 5133/5358/5012
f 5133/5358/5012 5148/5373/5027 5128/5353/5007
f 5128/5353/5007 5148/5373/5027 5127/5352/5006
f 5134/5359/5013 5127/5352/5006 5136/5361/5015
f 5136/5361/5015 5127/5352/5006 5148/5373/5027
f 5134/5359/5013 5136/5361/5015 5149/5374/5028
f 5149/5374/5028 5136/5361/5015 5138/5363/5017
f 5135/5360/5014 5149/5374/5028 5140/5365/5019
f 5140/5365/5019 5149/5374/5028 5138/5363/5017
f 5071/5296/4950 5135/5360/5014 5080/5305/4959
f 5080/5305/4959 5135/5360/5014 5140/5365/5019
f 5150/5375/5029 5143/5368/5022 5151/5376/5030
f 5151/5376/5030 5143/5368/5022 5142/5367/5021
f 5145/5370/5024 5152/5377/5031 5146/5371/5025
f 5146/5371/5025 5152/5377/5031 5153/5378/5032
f 5154/5379/5033 5147/5372/5026 5153/5378/5032
f 5153/5378/5032 5147/5372/5026 5146/5371/5025
f 5130/5355/5009 5099/5324/4978 5142/5367/5021
f 5142/5367/5021 5099/5324/4978 5151/5376/5030
f 5147/5372/5026 5154/5379/5033 5087/5312/4966
f 5087/5312/4966 5154/5379/5033 5096/5321/4975
f 5105/5330/4984 5101/5326/4980 5130/5355/5009
f 5130/5355/5009 5101/5326/4980 5099/5324/4978
f 5143/5368/5022 5150/5375/5029 5145/5370/5024
f 5145/5370/5024 5150/5375/5029 5152/5377/5031
f 5101/5326/4980 5105/5330/4984 5155/5380/5034
f 5155/5380/5034 5105/5330/4984 5103/5328/4982
f 5155/5380/5034 5100/5325/4979 5101/5326/4980
f 5151/5376/5030 5099/5324/4978 5098/5323/4977
f 5043/5268/4922 5156/5381/5035 5089/5314/4968
f 5040/5265/4919 5157/5382/5036 5043/5268/4922
f 5043/5268/4922 5157/5382/5036 5156/5381/5035
f 5157/5382/5036 5040/5265/4919 5037/5262/4916
f 5037/5262/4916 5040/5265/4919 5039/5264/4918
f 5065/5290/4944 5089/5314/4968 5158/5383/5037
f 5159/5384/5038 5160/5385/5039 5089/5314/4968
f 5158/5383/5037 5089/5314/4968 5160/5385/5039
f 5058/5283/4937 5065/5290/4944 5161/5386/5040
f 5161/5386/5040 5065/5290/4944 5158/5383/5037
f 5058/5283/4937 5161/5386/5040 5059/5284/4938
f 5059/5284/4938 5161/5386/5040 5162/5387/5041
f 5163/5388/5042 5107/5332/4986 5106/5331/4985
f 5163/5388/5042 5106/5331/4985 5164/5389/5043
f 5129/5354/5008 5165/5390/5044 5106/5331/4985
f 5106/5331/4985 5165/5390/5044 5164/5389/5043
f 5124/5349/5003 5166/5391/5045 5129/5354/5008
f 5129/5354/5008 5166/5391/5045 5165/5390/5044
f 5124/5349/5003 5059/5284/4938 5166/5391/5045
f 5166/5391/5045 5059/5284/4938 5162/5387/5041
f 5089/5314/4968 5156/5381/5035 5159/5384/5038
f 5167/5392/5046 5155/5380/5034 5168/5393/5047
f 5111/5336/4990 5169/5394/5048 5102/5327/4981
f 5168/5393/5047 5103/5328/4982 5169/5394/5048
f 5169/5394/5048 5103/5328/4982 5102/5327/4981
f 5168/5393/5047 5155/5380/5034 5103/5328/4982
f 5167/5392/5046 5168/5393/5047 5170/5395/5049
f 5107/5332/4986 5163/5388/5042 5171/5396/5050
f 5111/5336/4990 5107/5332/4986 5172/5397/5051
f 5172/5397/5051 5107/5332/4986 5171/5396/5050
f 5173/5398/5052 5169/5394/5048 5172/5397/5051
f 5172/5397/5051 5169/5394/5048 5111/5336/4990
f 5174/5399/5053 5168/5393/5047 5173/5398/5052
f 5173/5398/5052 5168/5393/5047 5169/5394/5048
f 5170/5395/5049 5168/5393/5047 5174/5399/5053
f 5035/5260/4914 5175/5400/5054 5037/5262/4916
f 5176/5382/5055 5177/5400/5056 5178/5401/5057
f 5178/5401/5057 5177/5400/5056 5179/5402/5058
f 5177/5400/5056 5180/5403/5059 5179/5402/5058
f 5179/5402/5058 5180/5403/5059 5181/5404/5060
f 5159/5384/5038 5182/5381/5061 5183/5405/5062
f 5176/5382/5055 5178/5401/5057 5182/5381/5061
f 5182/5381/5061 5178/5401/5057 5183/5405/5062
f 5180/5403/5059 5184/5406/5063 5181/5404/5060
f 5175/5400/5054 5157/5382/5036 5037/5262/4916
f 5185/5403/5064 5175/5400/5054 5035/5260/4914
f 5035/5260/4914 5097/5322/4976 5185/5403/5064
f 5185/5403/5064 5097/5322/4976 5186/5407/5065
f 5186/5407/5065 5184/5406/5063 5185/5403/5064
o Hair
v 0.065269 1.800630 -0.095793
v 0.037662 1.851420 -0.084433
v 0.081232 1.807740 -0.071927
v 0.051324 1.857670 -0.064342
v 0.044617 1.792550 -0.113775
v 0.019984 1.844320 -0.099571
v 0.020678 1.784060 -0.124647
v -0.000505 1.836850 -0.108724
v -0.004909 1.775730 -0.127668
v -0.022409 1.829530 -0.111267
v 0.023256 1.804750 0.103740
v 0.001700 1.855050 0.083542
v -0.002240 1.797150 0.108775
v -0.020124 1.848360 0.087781
v 0.046927 1.811100 0.090990
v 0.021962 1.860630 0.072809
v 0.067157 1.815780 0.071396
v 0.039277 1.864740 0.056314
v 0.082566 1.818450 0.046293
v 0.052466 1.867090 0.035181
v 0.092104 1.818940 0.017391
v 0.060630 1.867520 0.010850
v 0.091413 1.813400 -0.043804
v 0.060040 1.862650 -0.040666
v 0.095122 1.817220 -0.013338
v 0.063214 1.866010 -0.015019
v -0.000122 1.989150 -0.046834
v -0.007169 1.985240 -0.066267
v -0.064273 1.965960 -0.022695
v -0.018205 1.980320 -0.082742
v -0.032470 1.974740 -0.095142
v -0.048992 1.968880 -0.102632
v -0.066651 1.963130 -0.104712
v -0.064808 1.977920 0.058548
v -0.047212 1.983170 0.055078
v -0.030874 1.987560 0.046292
v -0.016901 1.990790 0.032778
v -0.006245 1.992640 0.015448
v 0.000356 1.992980 -0.004523
v 0.002446 1.991790 -0.025770
v 0.019236 1.987980 -0.067605
v 0.023196 1.990420 -0.054273
v 0.026775 1.984590 -0.054309
v 0.007101 1.982060 -0.091724
v 0.013828 1.985210 -0.080142
v 0.017240 1.979290 -0.080644
v -0.009888 1.975010 -0.111131
v -0.000855 1.978670 -0.102092
v 0.002293 1.972630 -0.102991
v -0.030571 1.967330 -0.124505
v -0.019851 1.971240 -0.118625
v -0.017044 1.965070 -0.119827
v -0.053535 1.959530 -0.130942
v -0.041863 1.963430 -0.128620
v -0.039458 1.957120 -0.130005
v -0.051102 1.979070 0.084676
v -0.062948 1.975470 0.086062
v -0.060929 1.969370 0.088560
v -0.028302 1.985540 0.076434
v -0.039493 1.982460 0.081432
v -0.037045 1.976490 0.083845
v -0.007941 1.990650 0.061441
v -0.017725 1.988310 0.069711
v -0.014881 1.982440 0.071909
v 0.008595 1.994060 0.040713
v 0.000880 1.992600 0.051695
v 0.004060 1.986820 0.053563
v 0.020177 1.995530 0.015658
v 0.015055 1.995060 0.028607
v 0.018489 1.989320 0.030058
v 0.026006 1.994960 -0.012014
v 0.023831 1.995520 0.002022
v 0.027421 1.989780 0.002994
v 0.025686 1.992380 -0.040416
v 0.026609 1.993930 -0.026247
v 0.030247 1.988170 -0.025781
v 0.006796 1.991450 -0.062550
v -0.003839 1.986260 -0.083649
v -0.018712 1.980100 -0.100606
v -0.036800 1.973380 -0.112280
v -0.056870 1.966560 -0.117894
v -0.054742 1.983650 0.070686
v -0.034816 1.989300 0.063494
v -0.017008 1.993780 0.050405
v -0.002530 1.996770 0.032291
v 0.007619 1.998060 0.010372
v 0.012735 1.997560 -0.013861
v 0.012454 1.995310 -0.038742
v -0.089831 1.756200 -0.066795
v -0.100406 1.756850 -0.036279
v -0.095164 1.810750 -0.058660
v -0.103347 1.810310 -0.034329
v -0.074401 1.756970 -0.090878
v -0.081945 1.813110 -0.079794
v -0.054144 1.761580 -0.110897
v -0.064590 1.817230 -0.096291
v -0.030440 1.768120 -0.122631
v -0.044283 1.822830 -0.107026
v -0.022409 1.829530 -0.111267
v -0.027862 1.788810 0.105756
v -0.042077 1.841020 0.085240
v -0.051832 1.780310 0.094885
v -0.062612 1.833540 0.076089
v -0.072514 1.772220 0.076905
v -0.080330 1.826430 0.060953
v -0.090119 1.765100 0.053039
v -0.094022 1.820170 0.040863
v -0.098692 1.760680 0.025985
v -0.102756 1.815190 0.017188
v -0.102405 1.757700 -0.005548
v -0.105937 1.811830 -0.008458
v -0.131989 1.948030 -0.041634
v -0.125368 1.948380 -0.061605
v -0.114684 1.950230 -0.078937
v -0.100672 1.953470 -0.092452
v -0.084289 1.957870 -0.101240
v -0.082509 1.972160 0.056470
v -0.099075 1.966290 0.048981
v -0.113381 1.960700 0.036583
v -0.124446 1.955780 0.020109
v -0.131512 1.951860 0.000677
v -0.134086 1.949220 -0.020386
v -0.095164 1.810750 -0.058660
v -0.103347 1.810310 -0.034329
v -0.109167 1.859070 -0.062035
v -0.117054 1.858660 -0.038045
v -0.081945 1.813110 -0.079794
v -0.096424 1.861300 -0.082873
v -0.064590 1.817230 -0.096291
v -0.079696 1.865190 -0.099138
v -0.044283 1.822830 -0.107026
v -0.060122 1.870480 -0.109723
v -0.022409 1.829530 -0.111267
v -0.039037 1.876810 -0.113905
v -0.020124 1.848360 0.087781
v -0.036837 1.894590 0.082351
v -0.042077 1.841020 0.085240
v -0.057996 1.887660 0.079845
v -0.062612 1.833540 0.076089
v -0.077790 1.880590 0.070824
v -0.080330 1.826430 0.060953
v -0.094868 1.873880 0.055900
v -0.094022 1.820170 0.040863
v -0.108066 1.867960 0.036092
v -0.102756 1.815190 0.017188
v -0.116485 1.863260 0.012749
v -0.105937 1.811830 -0.008458
v -0.119550 1.860090 -0.012537
v -0.099901 1.756640 -0.071398
v -0.110635 1.757490 -0.039469
v -0.089831 1.756200 -0.066795
v -0.100406 1.756850 -0.036279
v -0.082083 1.755110 -0.098943
v -0.074401 1.756970 -0.090878
v -0.059244 1.758810 -0.120455
v -0.054144 1.761580 -0.110897
v -0.032709 1.764640 -0.134422
v -0.030440 1.768120 -0.122631
v -0.004513 1.772920 -0.139967
v -0.004909 1.775730 -0.127668
v -0.000899 1.794510 0.121536
v -0.002240 1.797150 0.108775
v -0.029357 1.785960 0.118158
v -0.027862 1.788810 0.105756
v -0.056325 1.778180 0.106032
v -0.051832 1.780310 0.094885
v -0.079952 1.771690 0.085960
v -0.072514 1.772220 0.076905
v -0.098471 1.766520 0.059347
v -0.090119 1.765100 0.053039
v -0.109936 1.761950 0.028193
v -0.098692 1.760680 0.025985
v -0.114103 1.758930 -0.005511
v -0.102405 1.757700 -0.005548
v -0.133852 1.754810 -0.045968
v -0.120484 1.753210 -0.084166
v -0.098650 1.752390 -0.117112
v -0.070727 1.755070 -0.142760
v -0.038219 1.759940 -0.159342
v -0.003773 1.767910 -0.165829
v 0.001849 1.789730 0.148002
v -0.032602 1.780600 0.143871
v -0.066306 1.775360 0.128986
v -0.096038 1.771800 0.104500
v -0.119087 1.768340 0.072266
v -0.133024 1.762420 0.034865
v -0.138328 1.758690 -0.005457
v -0.136657 1.757980 -0.093523
v -0.146237 1.761540 -0.073065
v -0.133652 1.760050 -0.091461
v -0.143003 1.763130 -0.071506
v -0.111237 1.753590 -0.129904
v -0.124869 1.755170 -0.112557
v -0.108947 1.755980 -0.126933
v -0.122310 1.757460 -0.110126
v -0.078712 1.752220 -0.158155
v -0.095620 1.752170 -0.145147
v -0.077379 1.755020 -0.154483
v -0.093878 1.754790 -0.141906
v -0.041626 1.754970 -0.176433
v -0.060556 1.753000 -0.168622
v -0.041370 1.758080 -0.172318
v -0.059815 1.756000 -0.164826
v -0.003357 1.764330 -0.183715
v -0.022470 1.758850 -0.181490
v -0.004145 1.767370 -0.179425
v -0.022769 1.761990 -0.177387
v -0.014740 1.778210 0.165889
v -0.015639 1.782220 0.161175
v -0.034266 1.774380 0.161973
v -0.034608 1.778320 0.157246
v -0.053636 1.771940 0.155008
v -0.053440 1.775730 0.150630
v -0.072507 1.770860 0.145146
v -0.071716 1.774370 0.140904
v -0.090530 1.771120 0.132535
v -0.089218 1.774090 0.128787
v -0.107191 1.772020 0.117470
v -0.105161 1.774350 0.114026
v -0.121894 1.772630 0.100265
v -0.119487 1.774530 0.097357
v -0.134553 1.773390 0.081196
v -0.131545 1.774830 0.078735
v -0.144898 1.774190 0.060581
v -0.141593 1.775090 0.058699
v -0.152352 1.773690 0.038899
v -0.148660 1.774460 0.037586
v -0.157061 1.772820 0.016437
v -0.153347 1.773560 0.015731
v -0.158929 1.771490 -0.006408
v -0.155024 1.772200 -0.006503
v -0.153104 1.764650 -0.051452
v -0.157346 1.767970 -0.029101
v -0.149507 1.766010 -0.050405
v -0.153704 1.769040 -0.028584
v -0.118419 1.747710 -0.083591
v -0.141024 1.757170 -0.071024
v -0.131517 1.753590 -0.090887
v -0.096037 1.745040 -0.116268
v -0.120165 1.750940 -0.109540
v -0.106776 1.749380 -0.126319
v -0.067870 1.746750 -0.141762
v -0.091674 1.748080 -0.141288
v -0.075167 1.748230 -0.153835
v -0.035038 1.750300 -0.158176
v -0.057595 1.749160 -0.164172
v -0.039161 1.751230 -0.171651
v -0.000825 1.758690 -0.164679
v -0.020564 1.755110 -0.176719
v -0.001954 1.760500 -0.178751
v -0.029266 1.770320 0.144364
v -0.013259 1.774730 0.161717
v -0.032256 1.770980 0.157772
v -0.063340 1.766690 0.129412
v -0.051131 1.768570 0.151142
v -0.069456 1.767430 0.141414
v -0.093739 1.765500 0.104836
v -0.087013 1.767450 0.129306
v -0.103069 1.768000 0.114513
v -0.117355 1.763860 0.072541
v -0.117412 1.768260 0.097874
v -0.129290 1.767980 0.079285
v -0.131864 1.759760 0.035043
v -0.139585 1.769010 0.059220
v -0.146633 1.768330 0.038090
v -0.137173 1.756040 -0.005244
v -0.151323 1.767400 0.016243
v -0.153071 1.766310 -0.006009
v -0.132274 1.750880 -0.045611
v -0.151671 1.762860 -0.028069
v -0.147455 1.759820 -0.049877
v 0.003133 1.787400 0.161832
v 0.004572 1.783450 0.166711
v 0.005538 1.779830 0.162377
v -0.097788 1.750670 -0.070544
v -0.108910 1.752150 -0.039001
v -0.079840 1.750370 -0.097790
v -0.056750 1.752650 -0.119000
v -0.030143 1.757520 -0.132770
v -0.001993 1.765130 -0.138217
v 0.005401 1.778520 0.148572
v 0.003155 1.781620 0.121534
v -0.025739 1.775260 0.118008
v -0.054018 1.772380 0.105584
v -0.078272 1.768530 0.085463
v -0.096790 1.763860 0.059025
v -0.108320 1.758760 0.028085
v -0.112399 1.754590 -0.005332
v -0.084813 1.752940 -0.062296
v -0.094906 1.752470 -0.034760
v -0.070112 1.755490 -0.086214
v -0.050332 1.758440 -0.104756
v -0.027232 1.762880 -0.116766
v -0.002582 1.769110 -0.121479
v 0.001292 1.785330 0.104145
v -0.023909 1.779870 0.101058
v -0.047880 1.775330 0.090400
v -0.068101 1.769250 0.073132
v -0.084414 1.763140 0.050338
v -0.093255 1.757750 0.023543
v -0.096792 1.754110 -0.005481
v 0.089050 1.813480 -0.078850
v 0.081232 1.807740 -0.071927
v 0.100155 1.820280 -0.047782
v 0.091413 1.813400 -0.043804
v 0.072149 1.803210 -0.105026
v 0.065269 1.800630 -0.095793
v 0.049779 1.792810 -0.124754
v 0.044617 1.792550 -0.113775
v 0.023707 1.782240 -0.136647
v 0.020678 1.784060 -0.124647
v 0.023256 1.804750 0.103740
v 0.027043 1.803550 0.115933
v 0.046927 1.811100 0.090990
v 0.052695 1.812180 0.101732
v 0.074302 1.819790 0.079876
v 0.067157 1.815780 0.071396
v 0.082566 1.818450 0.046293
v 0.090496 1.825450 0.051894
v 0.092104 1.818940 0.017391
v 0.100852 1.826620 0.019880
v 0.095122 1.817220 -0.013338
v 0.104132 1.824910 -0.014118
v 0.106097 1.823870 -0.093102
v 0.118894 1.833620 -0.055936
v 0.086306 1.810070 -0.124406
v 0.060056 1.795860 -0.147918
v 0.029459 1.781040 -0.162011
v 0.034983 1.801670 0.141205
v 0.064493 1.816150 0.123828
v 0.089102 1.829530 0.097198
v 0.107620 1.839030 0.063325
v 0.119707 1.841240 0.024898
v 0.123269 1.840260 -0.015774
v 0.115931 1.836750 -0.103485
v 0.112435 1.836790 -0.101166
v 0.123216 1.845570 -0.083692
v 0.119776 1.845070 -0.081869
v 0.094998 1.817910 -0.138037
v 0.091969 1.818640 -0.134857
v 0.106514 1.827320 -0.121683
v 0.103284 1.827810 -0.119023
v 0.067114 1.797690 -0.163906
v 0.064687 1.799320 -0.160086
v 0.081923 1.807540 -0.152149
v 0.079234 1.808770 -0.148733
v 0.033853 1.778510 -0.179409
v 0.032159 1.781010 -0.175218
v 0.051048 1.787800 -0.173024
v 0.048995 1.789930 -0.169117
v 0.015588 1.770710 -0.182991
v 0.014329 1.773560 -0.178850
v 0.038898 1.801240 0.154347
v 0.021421 1.793770 0.159714
v 0.041214 1.797920 0.158996
v 0.023318 1.790080 0.164388
v 0.070354 1.818670 0.135301
v 0.055314 1.809650 0.146341
v 0.073320 1.816330 0.139395
v 0.057967 1.806740 0.150607
v 0.095801 1.837020 0.106100
v 0.083966 1.828100 0.121957
v 0.099045 1.836330 0.109336
v 0.087013 1.826480 0.125532
v 0.114573 1.851580 0.069028
v 0.106219 1.844920 0.088456
v 0.118036 1.852160 0.071234
v 0.109489 1.844780 0.091139
v 0.125818 1.860050 0.026761
v 0.121200 1.857040 0.048335
v 0.129376 1.861540 0.027788
v 0.124555 1.858220 0.049954
v 0.129125 1.860810 -0.017709
v 0.128586 1.861480 0.004612
v 0.132737 1.862450 -0.017911
v 0.132099 1.863000 0.005033
v 0.128623 1.852510 -0.062563
v 0.124975 1.851610 -0.061231
v 0.131813 1.858150 -0.040505
v 0.128255 1.856970 -0.039704
v 0.119876 1.829510 -0.055555
v 0.121599 1.839070 -0.081382
v 0.126878 1.845370 -0.060697
v 0.107593 1.818200 -0.092504
v 0.105300 1.821250 -0.118432
v 0.114427 1.830280 -0.100587
v 0.088436 1.802570 -0.123544
v 0.081316 1.802020 -0.148111
v 0.094019 1.811990 -0.134238
v 0.062553 1.787420 -0.146906
v 0.051142 1.783070 -0.168460
v 0.066808 1.792500 -0.159435
v 0.032457 1.771350 -0.160838
v 0.016508 1.766680 -0.178181
v 0.034323 1.774140 -0.174549
v 0.023799 1.786290 0.160256
v 0.038172 1.791350 0.141705
v 0.057563 1.802460 0.146855
v 0.041212 1.793890 0.154875
v 0.067062 1.807350 0.124269
v 0.085999 1.821400 0.122482
v 0.072514 1.811700 0.135815
v 0.090849 1.823060 0.097556
v 0.108146 1.838600 0.088979
v 0.097755 1.830630 0.106593
v 0.108783 1.834380 0.063623
v 0.123070 1.850920 0.048861
v 0.116686 1.844680 0.069584
v 0.120295 1.838390 0.025098
v 0.130490 1.855280 0.005129
v 0.127703 1.853880 0.027271
v 0.123855 1.837440 -0.015539
v 0.130165 1.850750 -0.039184
v 0.130935 1.854880 -0.017210
v 0.100148 1.817340 -0.047246
v 0.089607 1.809110 -0.077934
v 0.073110 1.798070 -0.103823
v 0.051365 1.786370 -0.123264
v 0.025801 1.774970 -0.134976
v 0.030195 1.792700 0.115802
v 0.054095 1.806100 0.101320
v 0.074701 1.816230 0.079430
v 0.090617 1.822300 0.051634
v 0.100735 1.823950 0.019840
v 0.104042 1.822090 -0.013868
v 0.087867 1.809150 -0.041929
v 0.078166 1.803760 -0.068724
v 0.062959 1.796990 -0.091462
v 0.043760 1.787790 -0.108467
v 0.021471 1.778070 -0.118687
v 0.024795 1.795050 0.099137
v 0.046212 1.804680 0.086689
v 0.064970 1.810750 0.067884
v 0.079437 1.813970 0.043910
v 0.088525 1.814440 0.016374
v 0.091400 1.812790 -0.012903
v -0.007966 1.800820 -0.010779
v 0.008646 1.988580 -0.077735
v 0.013841 1.991230 -0.065855
v 0.017568 1.993540 -0.053117
v -0.005329 1.982360 -0.098613
v 0.002268 1.985590 -0.088817
v -0.023402 1.975300 -0.114333
v -0.013913 1.978880 -0.107274
v -0.044338 1.967870 -0.123831
v -0.033596 1.971570 -0.119981
v -0.065402 1.955770 -0.131396
v -0.066720 1.960580 -0.126469
v -0.055437 1.964150 -0.126093
v -0.042083 1.985980 0.076002
v -0.053120 1.982750 0.079140
v -0.064385 1.979330 0.080402
v -0.021380 1.991530 0.064862
v -0.031437 1.988900 0.071312
v -0.003678 1.995620 0.047732
v -0.012059 1.993770 0.057065
v 0.009815 1.997960 0.025771
v 0.003693 1.997020 0.037349
v 0.018172 1.998400 0.000471
v 0.014736 1.998420 0.013495
v 0.020819 1.996890 -0.026439
v 0.020301 1.997880 -0.012874
v 0.019996 1.995430 -0.039947
v 0.002004 1.988990 -0.073449
v 0.010201 1.993540 -0.050834
v -0.010835 1.983270 -0.092627
v -0.027439 1.976780 -0.107066
v -0.046672 1.969960 -0.115791
v -0.067233 1.963260 -0.118213
v -0.044599 1.986590 0.067781
v -0.065088 1.980480 0.071822
v -0.025581 1.991700 0.057548
v -0.009318 1.995450 0.041812
v 0.003078 1.997610 0.021639
v 0.010757 1.998000 -0.001602
v 0.013188 1.996620 -0.026324
v -0.149487 1.941450 -0.046529
v -0.146027 1.941380 -0.059549
v -0.152401 1.935660 -0.047347
v -0.148723 1.935610 -0.060980
v -0.141106 1.941890 -0.071829
v -0.143601 1.936120 -0.073933
v -0.143045 1.929310 -0.074322
v -0.134955 1.942790 -0.083405
v -0.137111 1.937090 -0.086036
v -0.127576 1.944240 -0.093792
v -0.129386 1.938590 -0.097022
v -0.128577 1.931820 -0.097829
v -0.119160 1.946060 -0.103123
v -0.120529 1.940510 -0.106767
v -0.109827 1.948350 -0.110925
v -0.110731 1.942900 -0.115041
v -0.109583 1.936210 -0.116177
v -0.099730 1.950950 -0.117373
v -0.100112 1.945640 -0.121762
v -0.089067 1.953920 -0.122067
v -0.088904 1.948760 -0.126765
v -0.087359 1.942180 -0.128116
v -0.077988 1.957120 -0.125204
v -0.077252 1.952130 -0.130006
v -0.063427 1.949310 -0.132833
v -0.074819 1.971670 0.085611
v -0.075673 1.975720 0.080030
v -0.086812 1.972030 0.077766
v -0.086533 1.967800 0.083287
v -0.084946 1.961560 0.085734
v -0.097844 1.963850 0.079177
v -0.097571 1.968280 0.073921
v -0.107804 1.964580 0.068270
v -0.108605 1.959970 0.073295
v -0.107420 1.953590 0.075558
v -0.118582 1.956150 0.065805
v -0.117305 1.960950 0.061215
v -0.125925 1.957500 0.052553
v -0.127651 1.952520 0.056764
v -0.126810 1.946010 0.058724
v -0.135617 1.949090 0.046401
v -0.133531 1.954230 0.042761
v -0.139938 1.951260 0.031676
v -0.142373 1.945970 0.034816
v -0.141797 1.939340 0.036379
v -0.147784 1.943150 0.022282
v -0.145132 1.948570 0.019800
v -0.148882 1.946300 0.007059
v -0.151766 1.940760 0.008947
v -0.151356 1.934030 0.010045
v -0.154249 1.938750 -0.004905
v -0.151302 1.944370 -0.006106
v -0.152140 1.942950 -0.019618
v -0.155186 1.937240 -0.019077
v -0.154838 1.930450 -0.018482
v -0.151607 1.941910 -0.033179
v -0.154570 1.936170 -0.033306
v -0.152003 1.928840 -0.047258
v -0.143272 1.945680 -0.044780
v -0.140127 1.945630 -0.056755
v -0.135572 1.946090 -0.068023
v -0.129948 1.946940 -0.078675
v -0.123141 1.948250 -0.088198
v -0.115432 1.949930 -0.096791
v -0.106834 1.952020 -0.103935
v -0.097575 1.954420 -0.109883
v -0.087763 1.957140 -0.114170
v -0.077594 1.960100 -0.117077
v -0.075467 1.977180 0.071503
v -0.085691 1.973780 0.069401
v -0.095591 1.970350 0.065891
v -0.104977 1.966940 0.060679
v -0.113727 1.963620 0.054219
v -0.121624 1.960430 0.046241
v -0.128640 1.957440 0.037264
v -0.134499 1.954700 0.027064
v -0.139303 1.952240 0.016166
v -0.142717 1.950140 0.004450
v -0.144976 1.948380 -0.007641
v -0.145710 1.947070 -0.020058
v -0.145257 1.946130 -0.032522
v 0.019454 1.951780 -0.074051
v 0.028269 1.956680 -0.049702
v 0.005636 1.945620 -0.094713
v -0.012244 1.938630 -0.110280
v -0.032968 1.931270 -0.119692
v -0.055130 1.924060 -0.122307
v -0.030736 1.949190 0.078035
v -0.052820 1.942600 0.082395
v -0.010242 1.954690 0.066997
v 0.007270 1.958740 0.050034
v 0.020610 1.961050 0.028300
v 0.028867 1.961480 0.003278
v 0.031480 1.959990 -0.023326
v -0.137030 1.905130 -0.043183
v -0.128748 1.905560 -0.068206
v -0.115371 1.907890 -0.089940
v -0.097809 1.911940 -0.106906
v -0.077259 1.917460 -0.117945
v -0.075028 1.935380 0.079782
v -0.095808 1.928010 0.070372
v -0.113737 1.921000 0.054806
v -0.127594 1.914840 0.034145
v -0.136432 1.909930 0.009797
v -0.139651 1.906620 -0.016577
v 0.060040 1.862650 -0.040666
v 0.051324 1.857670 -0.064342
v 0.040403 1.908080 -0.044295
v 0.032006 1.903380 -0.067639
v 0.063214 1.866010 -0.015019
v 0.043461 1.911250 -0.019008
v 0.060630 1.867520 0.010850
v 0.040973 1.912680 0.006499
v 0.052466 1.867090 0.035181
v 0.033106 1.912270 0.030488
v 0.039277 1.864740 0.056314
v 0.020399 1.910050 0.051325
v 0.021962 1.860630 0.072809
v 0.003715 1.906180 0.067588
v 0.001700 1.855050 0.083542
v -0.015806 1.900900 0.078171
v -0.000505 1.836850 -0.108724
v -0.022409 1.829530 -0.111267
v -0.017931 1.883730 -0.111398
v 0.019984 1.844320 -0.099571
v 0.001809 1.890780 -0.102374
v 0.037662 1.851420 -0.084433
v 0.018843 1.897480 -0.087448
v -0.051332 1.756440 0.098303
v -0.056151 1.741261 0.096288
v -0.063200 1.745401 0.087878
v 0.043892 1.818550 0.084284
v 0.037741 1.815250 0.089355
v 0.032997 1.821590 0.087265
v 0.024803 1.816010 0.091375
v 0.017135 1.810860 0.095207
v 0.031482 1.810330 0.093909
v 0.061338 1.803220 0.074902
v 0.059864 1.798960 0.083684
v 0.054132 1.812740 0.078850
v 0.050086 1.809760 0.084824
v 0.053488 1.794090 0.090642
v 0.043608 1.803960 0.089941
v 0.067575 1.784740 0.080293
v 0.060300 1.780680 0.087771
v 0.068629 1.787070 0.073104
v 0.061064 1.766460 0.085743
v 0.069100 1.768340 0.080780
v 0.071743 1.769510 0.073553
v 0.068547 1.751360 0.081994
v 0.060489 1.750350 0.085388
v 0.067734 1.738540 0.080935
v 0.072074 1.740560 0.073787
v 0.073299 1.752520 0.074688
v 0.059422 1.736690 0.085100
v 0.061173 1.801520 0.075455
v 0.058520 1.798720 0.083025
v 0.052144 1.794090 0.089257
v 0.066767 1.783970 0.078873
v 0.059196 1.780680 0.086109
v 0.068523 1.785610 0.071089
v 0.069473 1.770200 0.076998
v 0.062599 1.768330 0.083464
v 0.071344 1.771360 0.070545
v 0.065104 1.756450 0.080544
v 0.070871 1.757260 0.076100
v 0.070654 1.745810 0.072617
v 0.066374 1.744200 0.077354
v 0.072336 1.758530 0.069718
v 0.072514 1.747850 0.067150
v -0.055237 1.774500 0.090386
v -0.052355 1.788180 0.090585
v -0.042887 1.784000 0.097682
v -0.059217 1.761170 0.090973
v -0.047686 1.771530 0.100651
v -0.035498 1.768090 0.105681
v -0.040448 1.752360 0.104210
v -0.058081 1.726302 0.094827
v -0.067304 1.729133 0.083053
v -0.045722 1.723722 0.098637
v -0.044409 1.737311 0.101281
v -0.031002 1.781240 0.104429
v -0.041711 1.791520 0.096222
v -0.026644 1.794510 0.101007
v 0.065929 1.817520 0.062508
v 0.055069 1.813930 0.077708
v 0.059523 1.823760 0.068336
v 0.048189 1.823170 0.080023
v 0.043823 1.808790 0.087945
v 0.080809 1.795920 0.048924
v 0.072589 1.788270 0.066907
v 0.071932 1.808820 0.056623
v 0.063795 1.801840 0.073066
v 0.082825 1.773320 0.057292
v 0.086988 1.783490 0.039964
v -0.058078 1.773830 0.087859
v -0.061153 1.785110 0.078381
v -0.064824 1.772460 0.072920
v -0.045505 1.775810 0.099601
v -0.066482 1.763060 0.070346
v -0.061716 1.763410 0.085584
v -0.048461 1.763370 0.098831
v -0.068185 1.750660 0.068782
v -0.065052 1.750050 0.083073
v -0.052543 1.749930 0.096111
v -0.069779 1.736330 0.067341
v -0.067000 1.736150 0.080676
v -0.055509 1.736400 0.092394
v -0.069776 1.720208 0.064732
v -0.067636 1.720588 0.077989
v -0.057783 1.721348 0.088324
v 0.029058 1.789200 -0.109298
v 0.009812 1.784860 -0.119186
v 0.028905 1.777820 -0.113658
v 0.010474 1.774780 -0.122742
v -0.018980 1.685370 -0.119100
v -0.002724 1.680640 -0.122553
v -0.011763 1.701980 -0.125278
v 0.004546 1.697790 -0.130822
v 0.008397 1.718160 -0.133626
v -0.008288 1.721760 -0.128271
v 0.024338 1.716140 -0.123630
v 0.019375 1.695460 -0.121201
v 0.011194 1.740860 -0.133088
v 0.028022 1.739650 -0.123694
v -0.007116 1.740330 -0.128816
v 0.029475 1.760570 -0.118713
v 0.011496 1.759160 -0.128707
v -0.007182 1.758310 -0.128596
v 0.014487 1.677230 -0.117651
v 0.029218 1.797490 -0.107013
v 0.009386 1.791360 -0.113436
v -0.009096 1.771680 -0.124121
v -0.011734 1.785210 -0.113818
v -0.010524 1.778300 -0.118150
v 0.052672 1.794910 0.087998
v 0.091648 1.770680 0.031273
v -0.035143 1.784240 0.101481
v -0.019223 1.785800 0.101719
v -0.044868 1.771600 0.101361
v -0.026378 1.775710 0.106508
v -0.035615 1.763800 0.105760
v -0.017889 1.767770 0.108814
v -0.047504 1.751460 0.100804
v -0.053775 1.758330 0.095729
v -0.027851 1.755990 0.105460
v -0.009481 1.777310 0.107851
v -0.010519 1.799550 0.102851
v -0.000696 1.790120 0.101019
v 0.008357 1.804670 0.102276
v -0.037043 1.743560 0.100803
v -0.078604 1.736272 0.059457
v -0.066738 1.736252 0.076121
v -0.077291 1.719039 0.060018
v -0.082623 1.753860 0.041808
v -0.077980 1.769870 0.045495
v -0.076668 1.754310 0.059010
v -0.073297 1.771320 0.060387
v -0.062223 1.773490 0.077746
v -0.064641 1.754150 0.078072
v -0.069095 1.782460 0.063176
v -0.074454 1.780020 0.051102
v -0.086716 1.735702 0.040282
v 0.080056 1.808670 0.025826
v 0.080470 1.806630 0.044675
v 0.073379 1.825350 0.039253
v 0.069383 1.824740 0.056068
v 0.067125 1.803840 0.065022
v 0.058134 1.823760 0.068336
v 0.089005 1.783890 0.035422
v 0.081215 1.778360 0.055963
v 0.089209 1.788190 0.015730
v 0.096402 1.765650 0.006492
v 0.097626 1.758870 0.023111
v 0.043987 1.738850 -0.117355
v 0.054570 1.727900 -0.116412
v 0.051624 1.747720 -0.110246
v 0.064488 1.738980 -0.106679
v 0.066316 1.803080 -0.088054
v 0.077239 1.804000 -0.076180
v 0.063939 1.810280 -0.087153
v 0.073182 1.817200 -0.071243
v 0.045525 1.719210 -0.125285
v 0.035429 1.730370 -0.123406
v 0.072669 1.754010 -0.096614
v 0.060375 1.762160 -0.099928
v 0.080112 1.770860 -0.087635
v 0.081067 1.789560 -0.080150
v 0.065126 1.776220 -0.093208
v 0.066630 1.791580 -0.089435
v 0.084549 1.803440 -0.056866
v 0.080447 1.823960 -0.048616
v 0.087477 1.785850 -0.065150
v 0.087551 1.765060 -0.074456
v 0.081010 1.745130 -0.085738
v 0.070984 1.729570 -0.098093
v 0.060944 1.717810 -0.109597
v 0.050006 1.708430 -0.120271
v -0.032578 1.780240 -0.108500
v -0.056430 1.777580 -0.096948
v -0.041614 1.771560 -0.112001
v -0.062885 1.769090 -0.096639
v -0.053906 1.742070 -0.113417
v -0.069904 1.741990 -0.099030
v -0.058087 1.724060 -0.112428
v -0.070770 1.724650 -0.097844
v -0.069990 1.706360 -0.097101
v -0.059071 1.706180 -0.109171
v -0.021071 1.773010 -0.120916
v -0.005373 1.760320 -0.127445
v -0.028604 1.757870 -0.121196
v -0.011654 1.736910 -0.129316
v -0.031072 1.738260 -0.119871
v -0.008871 1.670770 -0.117314
v -0.013111 1.691700 -0.121211
v -0.025740 1.670100 -0.106538
v -0.030301 1.691240 -0.111639
v 0.007278 1.691670 -0.122811
v 0.010561 1.671290 -0.116807
v -0.021300 1.653200 -0.105144
v -0.037039 1.674420 -0.106344
v -0.041429 1.689360 -0.108005
v -0.051614 1.672260 -0.102998
v -0.057323 1.687090 -0.105934
v -0.062480 1.669960 -0.093326
v -0.067083 1.686780 -0.095230
v 0.007592 1.713060 -0.127288
v -0.014812 1.714360 -0.126862
v -0.033060 1.715420 -0.116751
v 0.010962 1.737040 -0.126863
v 0.016474 1.759560 -0.123876
v 0.001843 1.776810 -0.123145
v 0.023637 1.780290 -0.115396
v -0.049267 1.757510 -0.113994
v -0.035753 1.740420 -0.119075
v -0.066210 1.756800 -0.096948
v -0.040463 1.721950 -0.114867
v -0.041755 1.705960 -0.110896
v -0.067439 1.719779 0.075327
v 0.087486 1.812250 -0.010807
v 0.088945 1.813700 -0.036111
v 0.095579 1.793430 -0.014516
v 0.095647 1.796200 -0.040557
v 0.100947 1.772940 -0.019584
v 0.101765 1.773480 -0.045289
v 0.103641 1.750340 -0.022662
v 0.106046 1.749940 -0.048293
v 0.081068 1.813440 -0.057456
v 0.085873 1.796490 -0.062347
v 0.089696 1.773490 -0.067066
v 0.093661 1.748630 -0.069589
v 0.080037 1.828060 -0.000970
v 0.080926 1.826790 -0.025867
v 0.106133 1.727820 -0.022239
v 0.110149 1.724560 -0.046144
v 0.108532 1.703450 -0.020013
v 0.112415 1.697890 -0.039150
v 0.098859 1.723350 -0.066721
v 0.104076 1.694160 -0.058197
v -0.080399 1.778100 0.033750
v -0.082948 1.767640 0.033697
v -0.072108 1.770120 0.054985
v -0.089045 1.765640 0.014981
v -0.082947 1.776300 0.015167
v -0.090535 1.732842 0.033733
v -0.086651 1.751920 0.034125
v -0.078870 1.732382 0.055077
v -0.074388 1.752830 0.060267
v -0.097497 1.733352 0.012975
v -0.095754 1.750780 0.014325
v -0.097270 1.720166 0.010144
v -0.093775 1.716007 0.029636
v -0.081240 1.712440 0.048154
v -0.098456 1.708879 0.004788
v 0.065485 1.796790 -0.090007
v 0.050409 1.794000 -0.102276
v 0.065750 1.779480 -0.092145
v 0.050040 1.779550 -0.107550
v 0.047251 1.803450 -0.098691
v 0.048163 1.760430 -0.113320
v 0.064945 1.761670 -0.093866
v 0.025860 1.760380 -0.119933
v 0.026919 1.777100 -0.115095
v 0.045267 1.738980 -0.116776
v 0.063657 1.739340 -0.092190
v 0.062199 1.718040 -0.089831
v 0.046212 1.716320 -0.114567
v 0.025106 1.738610 -0.125453
v 0.027966 1.789280 -0.110425
v 0.078417 1.802390 -0.071570
v 0.067004 1.797670 -0.088008
v 0.083960 1.785230 -0.072538
v 0.069991 1.783170 -0.087228
v 0.085100 1.806970 -0.050432
v 0.092663 1.787350 -0.051753
v 0.087061 1.765530 -0.075147
v 0.096939 1.765270 -0.054678
v 0.087206 1.742170 -0.079413
v 0.099811 1.743240 -0.056961
v 0.071574 1.764990 -0.090099
v 0.068968 1.742050 -0.091189
v 0.085425 1.719140 -0.080518
v 0.101001 1.721520 -0.059434
v 0.064598 1.718570 -0.089877
v 0.086841 1.812790 -0.007519
v 0.084696 1.811670 0.011243
v 0.079378 1.826830 0.019559
v 0.079495 1.807950 0.029323
v 0.094850 1.788380 -0.001860
v 0.090332 1.784980 0.015860
v 0.094789 1.792240 -0.018763
v 0.103453 1.766580 -0.011403
v 0.098726 1.763520 0.006734
v 0.100499 1.769530 -0.028008
v 0.103398 1.745610 -0.034647
v 0.108366 1.742900 -0.017744
v 0.102981 1.740130 -0.000165
v 0.112311 1.719470 -0.021444
v 0.104687 1.721850 -0.037720
v 0.105993 1.717040 -0.004381
v -0.095140 1.735100 0.018680
v -0.091195 1.750340 0.023104
v -0.089051 1.735750 0.033784
v -0.084916 1.751720 0.037282
v -0.084207 1.714238 0.031282
v -0.095547 1.711204 0.015466
v -0.083473 1.765300 0.027297
v -0.074474 1.766970 0.043594
v -0.091165 1.764760 0.010307
v -0.099471 1.734060 0.003296
v -0.098654 1.751260 0.006433
v -0.099112 1.710002 -0.000125
v -0.096477 1.765030 -0.007907
v -0.086934 1.776160 -0.004482
v -0.104845 1.733300 -0.015814
v -0.104140 1.752020 -0.011910
v -0.101343 1.709370 -0.017336
v -0.094355 1.764750 -0.022753
v -0.085646 1.775280 -0.018258
v -0.102950 1.733250 -0.032179
v -0.102134 1.752450 -0.028008
v -0.099445 1.709370 -0.034369
v 0.026697 1.713560 -0.123061
v 0.039223 1.713130 -0.104918
v 0.039642 1.738800 -0.110369
v 0.020569 1.713300 -0.118416
v 0.020149 1.737100 -0.122425
v 0.001563 1.714620 -0.118616
v 0.000454 1.734470 -0.123353
v 0.016474 1.759560 -0.122181
v 0.035657 1.764740 -0.112156
v 0.011971 1.776400 -0.120393
v 0.031919 1.783420 -0.110967
v -0.003756 1.754530 -0.125859
v -0.007912 1.770970 -0.125071
v -0.011734 1.785210 -0.118363
v 0.012552 1.674360 -0.109840
v 0.030326 1.669100 -0.100862
v 0.036382 1.690200 -0.100084
v -0.002888 1.678200 -0.110624
v 0.018096 1.693190 -0.113881
v 0.000636 1.694100 -0.113999
v 0.071794 1.808270 0.052577
v 0.062610 1.806440 0.071364
v 0.050431 1.802470 0.084851
v 0.076620 1.785020 0.057402
v 0.065893 1.780650 0.076549
v 0.083134 1.788990 0.037176
v 0.083532 1.762820 0.048174
v 0.071534 1.758070 0.068765
v 0.088310 1.767420 0.029867
v -0.081262 1.731610 -0.085809
v -0.066285 1.730110 -0.102682
v -0.075775 1.756990 -0.085340
v -0.059366 1.758280 -0.103446
v 0.007098 1.765020 -0.121676
v 0.027460 1.768740 -0.114475
v -0.090838 1.752850 -0.064543
v -0.079316 1.774570 -0.060315
v -0.069219 1.776880 -0.080557
v -0.015495 1.762120 -0.123549
v -0.039512 1.760600 -0.117514
v -0.032578 1.780240 -0.113044
v -0.046000 1.730730 -0.113974
v -0.020391 1.731040 -0.122723
v 0.004249 1.732200 -0.121085
v 0.001654 1.678080 -0.108373
v 0.000530 1.702820 -0.115882
v -0.022729 1.678430 -0.109934
v -0.022873 1.703700 -0.116521
v 0.025270 1.732910 -0.117211
v 0.021778 1.704060 -0.108927
v -0.092327 1.732320 -0.062964
v -0.047039 1.680460 -0.104757
v -0.047703 1.704220 -0.108203
v -0.067213 1.704310 -0.099136
v -0.067600 1.683820 -0.093461
v -0.082845 1.686880 -0.075197
v -0.084094 1.707090 -0.082695
v -0.091812 1.689500 -0.054190
v -0.093171 1.710020 -0.059614
v -0.100190 1.751130 -0.042630
v -0.084587 1.774390 -0.040594
v -0.101214 1.732820 -0.041937
v -0.099080 1.712190 -0.039390
v -0.096831 1.693650 -0.033832
v -0.102355 1.751990 -0.021763
v -0.103120 1.732860 -0.021493
v -0.099436 1.714020 -0.020409
v -0.097330 1.697290 -0.016321
v 0.082644 1.798470 -0.059638
v 0.092395 1.795590 -0.040004
v 0.080838 1.814850 -0.053425
v 0.087381 1.814500 -0.034091
v 0.085872 1.814390 -0.005958
v 0.098946 1.767480 -0.047472
v 0.102720 1.761220 -0.019655
v 0.092916 1.791870 -0.012620
v 0.083034 1.771640 -0.065046
v 0.106612 1.730470 -0.027037
v 0.101444 1.725400 -0.006024
v 0.096144 1.755520 0.003681
v 0.100090 1.735870 -0.053224
v 0.081728 1.740400 -0.071974
v 0.105406 1.705750 -0.034962
v 0.104233 1.700970 -0.016758
v 0.098454 1.711130 -0.057485
v 0.078647 1.713870 -0.073555
v 0.081624 1.811620 0.016049
v 0.089279 1.785040 0.010722
v 0.076751 1.806950 0.037224
v 0.082984 1.777070 0.032794
v 0.085223 1.747550 0.025312
v 0.097712 1.723660 -0.001623
v 0.102879 1.727250 -0.022939
v 0.093586 1.699610 -0.024424
v 0.098593 1.698580 -0.004269
v 0.086790 1.719100 0.018595
v 0.010315 1.762980 -0.118003
v 0.033308 1.764630 -0.111609
v 0.009673 1.780470 -0.115676
v 0.031479 1.787260 -0.108914
v 0.051509 1.792980 -0.100832
v 0.054358 1.766180 -0.101401
v 0.081445 1.770430 -0.068641
v 0.086913 1.773020 -0.049546
v 0.077184 1.802290 -0.070327
v 0.083317 1.806740 -0.049831
v 0.082452 1.808560 -0.027551
v 0.087022 1.774830 -0.029152
v 0.089243 1.739840 -0.047956
v 0.086066 1.741270 -0.028402
v 0.071968 1.768380 -0.086621
v 0.074735 1.737510 -0.081689
v 0.084716 1.738800 -0.066345
v 0.055419 1.735740 -0.097729
v 0.034828 1.734000 -0.110632
v 0.011233 1.732880 -0.117825
v 0.088734 1.711800 -0.043613
v 0.087446 1.712880 -0.027240
v 0.085071 1.710270 -0.061571
v 0.075591 1.708410 -0.075170
v 0.057989 1.705600 -0.090645
v 0.034589 1.704190 -0.102499
v 0.011162 1.703380 -0.110653
v 0.067175 1.797510 -0.088114
v -0.012083 1.703350 -0.110804
v -0.012150 1.732850 -0.116304
v -0.011944 1.761880 -0.117118
v -0.011733 1.776240 -0.115547
v -0.032693 1.774720 -0.109527
v -0.033133 1.761150 -0.110017
v -0.054609 1.759990 -0.097795
v -0.033310 1.733890 -0.109622
v -0.053621 1.735660 -0.097625
v -0.032559 1.704100 -0.103467
v -0.050552 1.705550 -0.092142
v 0.083692 1.809950 -0.001595
v 0.086706 1.776170 -0.006237
v 0.084207 1.742880 -0.007406
v 0.082520 1.714240 -0.006477
v -0.084824 1.763430 -0.039731
v -0.081428 1.762020 -0.060235
v -0.081928 1.739090 -0.058096
v -0.086664 1.740560 -0.037929
v -0.080245 1.710610 -0.055312
v -0.086091 1.712380 -0.033611
v -0.085578 1.764690 -0.016398
v -0.084617 1.742500 -0.012501
v -0.077449 1.714100 -0.008492
v -0.070373 1.760630 -0.080204
v -0.071206 1.737540 -0.079294
v -0.068859 1.708090 -0.075384
v 0.077940 1.807950 0.029323
v 0.074402 1.805700 0.045956
v 0.067314 1.824460 0.056068
v 0.067333 1.801590 0.062059
v 0.080924 1.782520 0.038041
v 0.074179 1.779340 0.053285
v 0.081246 1.785340 0.020202
v 0.073880 1.756240 0.049571
v 0.083985 1.759470 0.035641
v 0.084644 1.760830 0.019241
v -0.077389 1.700210 -0.018940
v -0.072172 1.701870 -0.003519
v 0.074222 1.698020 -0.049249
v 0.065480 1.696170 -0.064292
v 0.051131 1.693350 -0.081412
v 0.032381 1.691940 -0.094523
v 0.010777 1.691130 -0.103544
v -0.010657 1.691100 -0.103711
v -0.046131 1.693300 -0.083068
v -0.029539 1.691850 -0.095595
v 0.079757 1.700240 -0.016398
v 0.076715 1.714240 -0.006477
v 0.000530 1.702820 -0.115882
v -0.051764 1.691206 0.081369
v -0.065371 1.703854 0.075140
v -0.056159 1.704995 0.084738
v -0.061521 1.688994 0.072440
v -0.069219 1.704283 0.063866
v -0.066602 1.689209 0.061950
v -0.086582 1.717921 0.040552
v -0.077470 1.698667 0.043669
v -0.074269 1.700412 0.061824
v -0.064396 1.701339 0.075613
v -0.098159 1.689509 0.012839
v -0.106949 1.686616 -0.011361
v -0.101684 1.697747 -0.002206
v -0.113449 1.678855 -0.018066
v -0.106414 1.680138 0.002973
v -0.091519 1.678954 0.027732
v -0.095104 1.700911 0.022373
v -0.084739 1.693615 0.038466
v -0.103467 1.668799 0.017471
v -0.114426 1.661508 0.007977
v -0.115381 1.673045 -0.005353
v 0.114253 1.697468 -0.022816
v 0.104725 1.695887 -0.037288
v 0.107793 1.698193 -0.005061
v 0.109027 1.675235 -0.001740
v 0.113333 1.673342 -0.018101
v 0.105721 1.652103 -0.023346
v 0.101780 1.649364 -0.010354
v 0.108512 1.667242 -0.018796
v 0.100672 1.663444 -0.006318
v 0.108034 1.680634 -0.010103
v 0.108985 1.671228 -0.032802
v 0.103265 1.655767 -0.037476
v 0.108643 1.685220 -0.024720
v 0.087120 1.698003 0.016690
v -0.098978 1.687363 -0.000743
v 0.016193 1.654440 -0.110972
v -0.003318 1.654600 -0.113746
v -0.030740 1.662660 -0.106727
v -0.043075 1.658640 -0.100569
v -0.053822 1.655970 -0.091265
v 0.021826 1.633590 -0.106811
v 0.002156 1.633900 -0.110170
v -0.016772 1.635040 -0.105101
v 0.062881 1.695760 -0.083289
v 0.050610 1.693160 -0.105745
v 0.040886 1.671540 -0.105155
v 0.057966 1.674640 -0.093880
v 0.033674 1.689110 -0.112582
v 0.068555 1.678120 -0.078260
v 0.064891 1.672460 -0.078824
v 0.070904 1.650160 -0.068445
v 0.086779 1.674980 -0.074932
v 0.091812 1.653920 -0.064586
v 0.062136 1.693600 -0.083730
v 0.085204 1.694910 -0.079643
v 0.103362 1.699320 -0.061082
v 0.104505 1.680580 -0.059430
v 0.107946 1.659050 -0.052194
v 0.109090 1.673059 -0.031226
v -0.102919 1.665422 0.002456
v -0.098227 1.668941 0.019015
v -0.095192 1.689528 0.015634
v -0.084949 1.691611 0.030990
v -0.088583 1.673383 0.034166
v -0.100885 1.685380 -0.016916
v -0.103290 1.662830 -0.013221
v -0.096125 1.683550 -0.032364
v -0.102081 1.663030 -0.028053
v 0.000087 1.636850 -0.110049
v 0.013177 1.631460 -0.108727
v 0.005933 1.655280 -0.110095
v 0.022013 1.649580 -0.104341
v -0.016059 1.641910 -0.107973
v -0.009804 1.660710 -0.109042
v -0.090039 1.669090 -0.045551
v -0.095650 1.675460 -0.027288
v -0.098094 1.651720 -0.037472
v -0.100323 1.657440 -0.021264
v -0.082257 1.668080 -0.068473
v -0.090742 1.672950 -0.049697
v -0.073580 1.663470 -0.083781
v -0.047573 1.656660 -0.094802
v -0.067917 1.659540 -0.084113
v -0.024824 1.653550 -0.101091
v -0.021770 1.657030 -0.105952
v -0.000574 1.656340 -0.105493
v 0.020438 1.676170 -0.101289
v 0.020362 1.655540 -0.099773
v -0.026049 1.628700 -0.093611
v -0.049607 1.633680 -0.086663
v -0.070878 1.639830 -0.077655
v -0.082643 1.646070 -0.077445
v -0.091845 1.650720 -0.062553
v -0.097568 1.654600 -0.045314
v -0.096465 1.680720 -0.010860
v -0.096721 1.663730 -0.001892
v 0.104129 1.678560 -0.022625
v 0.101860 1.684170 -0.039082
v 0.094325 1.687780 -0.059576
v 0.074521 1.691060 -0.070987
v 0.098316 1.654094 -0.009040
v 0.098914 1.672504 -0.005952
v 0.101950 1.655520 -0.025879
v 0.097715 1.658190 -0.041773
v 0.085899 1.659740 -0.059641
v 0.075206 1.661610 -0.066725
v 0.096067 1.695461 0.002614
v 0.089321 1.719430 0.013826
v 0.028102 1.610360 -0.104469
v 0.024959 1.622220 -0.101025
v 0.008517 1.611030 -0.111943
v 0.004946 1.626130 -0.109243
v -0.014518 1.612280 -0.105496
v -0.016635 1.626820 -0.104569
v 0.001335 1.639060 -0.107432
v 0.023800 1.636430 -0.099791
v -0.019440 1.641170 -0.105287
v 0.110397 1.644051 0.016423
v 0.099370 1.653774 0.030581
v 0.104512 1.658182 0.006106
v 0.091601 1.665829 0.023211
v 0.110430 1.637120 0.001067
v 0.086985 1.681354 0.017357
v 0.100332 1.652660 -0.012243
v 0.100820 1.675931 -0.000987
v 0.090224 1.673130 -0.022265
v -0.082537 1.605710 -0.068503
v -0.071826 1.621990 -0.066199
v -0.096959 1.614810 -0.045451
v -0.085569 1.629300 -0.044272
v -0.066427 1.642740 -0.065735
v -0.079086 1.649320 -0.046614
v -0.069110 1.677610 -0.072228
v -0.079655 1.681810 -0.051993
v 0.037775 1.611400 -0.096642
v 0.011835 1.611150 -0.109870
v 0.042884 1.592080 -0.110847
v 0.013778 1.591140 -0.122990
v 0.086678 1.688370 -0.022991
v 0.087191 1.684850 -0.040448
v 0.075450 1.679440 -0.069622
v 0.081768 1.683280 -0.056238
v 0.032660 1.671040 -0.094629
v 0.054701 1.674230 -0.085340
v 0.010504 1.670580 -0.102334
v 0.087964 1.658170 -0.036344
v 0.091640 1.662550 -0.020014
v 0.072219 1.648720 -0.067029
v 0.080626 1.653720 -0.052134
v 0.055780 1.641030 -0.081220
v 0.034143 1.637080 -0.092733
v 0.010267 1.634260 -0.103466
v -0.012063 1.610680 -0.100726
v -0.014164 1.590200 -0.114240
v -0.011473 1.633790 -0.096647
v -0.011310 1.670390 -0.099930
v -0.046441 1.673830 -0.085381
v -0.047291 1.638520 -0.081172
v -0.052544 1.616680 -0.083235
v -0.065498 1.600170 -0.090438
v -0.030296 1.670960 -0.093918
v -0.030218 1.635490 -0.089424
v -0.033761 1.612660 -0.094573
v -0.040654 1.594260 -0.105699
v 0.090119 1.624950 -0.050817
v 0.078269 1.618630 -0.067063
v 0.101321 1.609310 -0.055917
v 0.086823 1.601460 -0.073035
v 0.061410 1.614750 -0.082070
v 0.066831 1.595560 -0.091998
v 0.085174 1.691190 -0.005292
v 0.094030 1.665830 -0.002869
v 0.110136 1.616400 -0.034790
v 0.116833 1.624960 -0.017189
v 0.096816 1.631090 -0.033726
v 0.101727 1.638270 -0.017685
v 0.123101 1.634580 0.000837
v 0.106227 1.644990 -0.000690
v -0.082682 1.691190 -0.005292
v -0.088386 1.663140 -0.000548
v -0.086451 1.687190 -0.031186
v -0.085369 1.655740 -0.023712
v -0.092461 1.637650 -0.021461
v -0.096802 1.646520 0.003864
v -0.105360 1.624470 -0.019820
v -0.109012 1.632180 0.006755
v -0.076820 1.611910 -0.063147
v -0.065392 1.632480 -0.058361
v -0.089646 1.619040 -0.035188
v -0.076566 1.640110 -0.034509
v -0.082545 1.647030 -0.007084
v -0.085442 1.656778 0.013703
v -0.097887 1.627760 -0.000808
v -0.101307 1.636890 0.020556
v -0.063011 1.695840 -0.064529
v -0.075679 1.698310 -0.042406
v 0.103942 1.622230 0.004261
v 0.090564 1.644990 -0.003673
v 0.096656 1.617340 -0.018145
v 0.082084 1.638720 -0.019955
v 0.010766 1.595870 -0.105286
v 0.033849 1.598720 -0.098172
v 0.010700 1.618550 -0.095023
v 0.032109 1.619560 -0.085657
v 0.058577 1.603090 -0.083701
v 0.052285 1.623600 -0.074445
v 0.075033 1.607910 -0.062960
v 0.087092 1.612860 -0.041375
v 0.064238 1.628680 -0.057114
v 0.073072 1.633080 -0.041537
v 0.077119 1.699060 -0.031426
v 0.082145 1.674760 -0.010945
v 0.077872 1.670830 -0.026055
v 0.062736 1.662890 -0.059308
v 0.072091 1.665690 -0.044579
v 0.031362 1.656170 -0.087552
v 0.050259 1.659160 -0.075694
v 0.010417 1.652850 -0.096758
v -0.013679 1.596320 -0.106077
v -0.011082 1.619040 -0.095374
v -0.010232 1.653600 -0.096916
v -0.059058 1.604290 -0.087080
v -0.049135 1.625580 -0.077429
v -0.034500 1.598650 -0.100212
v -0.029612 1.621880 -0.087241
v 0.096913 1.648670 0.011631
v 0.107956 1.626550 0.021658
v -0.075722 1.676757 0.005161
v -0.076946 1.672179 -0.012804
v -0.074247 1.666520 -0.038076
v -0.061620 1.661760 -0.060411
v -0.045019 1.658040 -0.077559
v -0.028172 1.654250 -0.088129
v 0.087171 1.679070 0.003559
v 0.122355 1.729763 -0.000004
v 0.111469 1.719113 0.018616
v 0.112426 1.733204 0.011766
v 0.071906 1.715486 0.074444
v 0.064388 1.711080 0.077725
v 0.061206 1.723994 0.083800
v 0.073967 1.720104 0.068067
v 0.069442 1.726862 0.078175
v 0.072654 1.698318 0.070278
v 0.076148 1.703926 0.068072
v 0.077271 1.711046 0.061989
v 0.072035 1.729912 0.071674
v 0.074830 1.726033 0.060251
v 0.072313 1.723553 0.062295
v 0.071906 1.735652 0.067734
v 0.068876 1.733342 0.071452
v 0.075680 1.729213 0.056811
v 0.073052 1.738192 0.063015
v 0.114126 1.739880 -0.007546
v 0.104856 1.738074 0.023819
v 0.103855 1.744221 0.003667
v 0.099201 1.724272 0.031191
v 0.096470 1.746384 0.037015
v 0.099894 1.750971 0.015459
v 0.087213 1.733202 0.046891
v 0.089741 1.759122 0.047113
v 0.096709 1.759491 0.022611
v 0.061673 1.779320 0.082252
v 0.071411 1.762661 0.073074
v 0.079532 1.746624 0.060012
v 0.125975 1.718028 0.007714
v 0.125978 1.716693 -0.022445
v 0.120229 1.725262 -0.031349
v 0.137920 1.715043 -0.038822
v 0.131651 1.722592 -0.044870
v 0.114077 1.724223 -0.003670
v 0.104734 1.738472 0.010641
v 0.102925 1.748920 -0.003210
v 0.101569 1.708500 0.005487
v 0.093986 1.728088 0.025403
v 0.144212 1.702964 -0.032091
v 0.119296 1.700007 -0.016298
v 0.109940 1.734761 -0.015350
v 0.088666 1.751161 0.041754
v 0.090250 1.746972 0.021206
v 0.089434 1.742972 0.040456
v 0.083951 1.702152 0.030987
v 0.079969 1.719233 0.045764
v 0.098581 1.707029 0.016037
v 0.104330 1.693355 -0.000586
v 0.088704 1.687173 0.015282
v 0.095730 1.675630 0.001960
v 0.104995 1.698962 -0.012680
v 0.093120 1.723698 0.029152
v 0.100058 1.713223 -0.000358
v 0.075584 1.738464 0.059371
v 0.093814 1.727444 0.011454
v 0.084656 1.702967 0.029834
v 0.081268 1.701414 0.037590
v 0.081283 1.716964 0.040409
v 0.077233 1.700401 0.043756
v 0.072681 1.715907 0.048649
v 0.072819 1.735306 0.050362
v 0.081850 1.735654 0.038866
v 0.085252 1.736734 0.025711
v 0.086382 1.683516 0.030371
v 0.082604 1.682219 0.035111
v 0.087851 1.685513 0.023884
v 0.083812 1.716843 0.032599
vn 0.5718 0.4624 -0.6777
vn 0.5719 0.4623 -0.6776
vn 0.7136 0.5019 -0.4888
vn 0.7136 0.5020 -0.4888
vn 0.3783 0.4077 -0.8311
vn 0.1419 0.3370 -0.9307
vn 0.1419 0.3371 -0.9307
vn -0.1176 0.2537 -0.9601
vn -0.1177 0.2537 -0.9601
vn 0.1899 0.4345 0.8804
vn 0.1898 0.4345 0.8805
vn -0.0755 0.3550 0.9318
vn 0.4265 0.4932 0.7582
vn 0.6141 0.5300 0.5848
vn 0.7445 0.5483 0.3810
vn 0.7444 0.5482 0.3811
vn 0.8176 0.5523 0.1627
vn 0.8176 0.5523 0.1628
vn 0.8014 0.5289 -0.2794
vn 0.8014 0.5288 -0.2793
vn 0.8360 0.5454 -0.0597
vn -0.3900 0.9191 -0.0562
vn -0.3803 0.9242 -0.0357
vn -0.2997 0.9504 -0.0827
vn -0.3651 0.9308 -0.0183
vn -0.3453 0.9385 -0.0053
vn -0.3222 0.9467 0.0025
vn -0.2976 0.9547 0.0045
vn -0.2995 0.9390 -0.1693
vn -0.3241 0.9314 -0.1654
vn -0.3470 0.9249 -0.1557
vn -0.3664 0.9197 -0.1411
vn -0.3813 0.9163 -0.1225
vn -0.3904 0.9151 -0.1011
vn -0.3934 0.9160 -0.0786
vn 0.6729 0.6391 -0.3725
vn 0.6493 0.7112 -0.2693
vn 0.9112 0.3134 -0.2675
vn 0.5709 0.5995 -0.5610
vn 0.5746 0.6794 -0.4564
vn 0.8310 0.2707 -0.4859
vn 0.4168 0.5476 -0.7256
vn 0.4503 0.6367 -0.6259
vn 0.6947 0.2122 -0.6873
vn 0.2139 0.4828 -0.8492
vn 0.2775 0.5821 -0.7643
vn 0.4997 0.1381 -0.8551
vn -0.0252 0.4077 -0.9128
vn 0.0639 0.5161 -0.8542
vn 0.2522 0.0517 -0.9663
vn -0.0046 0.5624 0.8268
vn -0.1531 0.5913 0.7918
vn -0.0034 0.1366 0.9906
vn 0.2332 0.6247 0.7452
vn 0.0830 0.6589 0.7476
vn 0.2749 0.2197 0.9360
vn 0.4332 0.6663 0.6069
vn 0.2946 0.7076 0.6422
vn 0.5197 0.2847 0.8055
vn 0.5832 0.6880 0.4318
vn 0.4642 0.7365 0.4920
vn 0.7105 0.3279 0.6227
vn 0.6805 0.6934 0.2367
vn 0.5843 0.7482 0.3143
vn 0.8419 0.3499 0.4109
vn 0.7269 0.6859 0.0330
vn 0.6543 0.7462 0.1226
vn 0.9167 0.3535 0.1864
vn 0.7244 0.6676 -0.1720
vn 0.6757 0.7335 -0.0741
vn 0.9392 0.3410 -0.0415
vn -0.2672 0.9588 -0.0962
vn -0.2719 0.9568 -0.1032
vn -0.2784 0.9543 -0.1089
vn -0.2864 0.9515 -0.1127
vn -0.2953 0.9485 -0.1146
vn -0.2946 0.9543 -0.0511
vn -0.2857 0.9568 -0.0536
vn -0.2778 0.9589 -0.0581
vn -0.2713 0.9603 -0.0643
vn -0.2669 0.9611 -0.0717
vn -0.2646 0.9611 -0.0799
vn -0.2647 0.9603 -0.0882
vn -0.9013 -0.0239 -0.4324
vn -0.9780 -0.0518 -0.2023
vn -0.7783 0.0227 -0.6274
vn -0.7784 0.0227 -0.6274
vn -0.5965 0.0922 -0.7973
vn -0.3666 0.1712 -0.9145
vn -0.3397 0.2619 0.9034
vn -0.3397 0.2618 0.9033
vn -0.5740 0.1665 0.8017
vn -0.5741 0.1664 0.8017
vn -0.7530 0.0889 0.6520
vn -0.8926 0.0259 0.4502
vn -0.8926 0.0259 0.4501
vn -0.9736 -0.0314 0.2261
vn -0.9980 -0.0584 0.0239
vn -0.2062 0.9764 -0.0635
vn -0.2155 0.9756 -0.0422
vn -0.2304 0.9728 -0.0236
vn -0.2500 0.9682 -0.0090
vn -0.2729 0.9620 0.0005
vn -0.2748 0.9468 -0.1673
vn -0.2517 0.9546 -0.1594
vn -0.2318 0.9617 -0.1464
vn -0.2165 0.9677 -0.1290
vn -0.2067 0.9724 -0.1084
vn -0.2032 0.9754 -0.0861
vn -0.8630 -0.2800 -0.4205
vn -0.9395 -0.2820 -0.1945
vn -0.8443 -0.3406 -0.4136
vn -0.9198 -0.3443 -0.1882
vn -0.7295 -0.2597 -0.6328
vn -0.7122 -0.3180 -0.6258
vn -0.5374 -0.2174 -0.8148
vn -0.5214 -0.2731 -0.8084
vn -0.2939 -0.1505 -0.9439
vn -0.2781 -0.2047 -0.9385
vn -0.0195 -0.0617 -0.9979
vn -0.0025 -0.1163 -0.9932
vn 0.0017 0.1182 0.9930
vn 0.0189 0.0645 0.9977
vn -0.2726 0.0190 0.9619
vn -0.2571 -0.0330 0.9658
vn -0.5178 -0.0711 0.8526
vn -0.5024 -0.1240 0.8557
vn -0.7130 -0.1454 0.6859
vn -0.6967 -0.2008 0.6886
vn -0.8513 -0.2022 0.4841
vn -0.8334 -0.2606 0.4873
vn -0.9334 -0.2428 0.2642
vn -0.9142 -0.3039 0.2681
vn -0.9625 -0.2690 0.0360
vn -0.9425 -0.3318 0.0411
vn -0.0464 0.9974 -0.0542
vn -0.0034 0.9990 -0.0454
vn 0.0035 0.9997 -0.0253
vn 0.0720 0.9973 -0.0166
vn -0.1382 0.9884 -0.0635
vn -0.1514 0.9868 -0.0579
vn -0.2396 0.9664 -0.0930
vn -0.2844 0.9515 -0.1176
vn -0.2830 0.9461 -0.1577
vn -0.3152 0.9297 -0.1907
vn -0.2992 0.9359 -0.1861
vn -0.2984 0.9294 -0.2170
vn -0.2854 0.9394 0.1899
vn -0.2845 0.9377 0.1995
vn -0.3209 0.9334 0.1603
vn -0.3305 0.9310 0.1547
vn -0.2821 0.9579 0.0538
vn -0.3151 0.9484 0.0344
vn -0.1686 0.9828 -0.0753
vn -0.1941 0.9756 -0.1025
vn -0.0327 0.9893 -0.1420
vn -0.0227 0.9854 -0.1687
vn 0.0339 0.9912 -0.1280
vn 0.0786 0.9873 -0.1377
vn 0.0320 0.9967 -0.0745
vn 0.0936 0.9935 -0.0654
vn 0.3554 0.9347 0.0039
vn 0.2324 0.9714 0.0483
vn 0.0738 0.9957 0.0567
vn -0.1042 0.9945 -0.0104
vn -0.2154 0.9718 -0.0959
vn -0.2997 0.9494 -0.0933
vn -0.2862 0.9408 0.1813
vn -0.2393 0.9619 0.1324
vn -0.1304 0.9914 0.0147
vn 0.0351 0.9918 -0.1225
vn 0.2303 0.9519 -0.2020
vn 0.3738 0.9091 -0.1837
vn 0.4138 0.9061 -0.0878
vn -0.8736 0.0755 -0.4807
vn -0.9185 0.1235 -0.3757
vn 0.0316 0.9905 -0.1337
vn 0.1790 0.9818 -0.0630
vn -0.7436 0.0276 -0.6681
vn -0.8166 0.0444 -0.5755
vn -0.0811 0.9842 -0.1576
vn 0.0266 0.9963 -0.0822
vn -0.5567 -0.0104 -0.8307
vn -0.6558 0.0091 -0.7549
vn -0.2005 0.9463 -0.2537
vn -0.1141 0.9830 -0.1437
vn -0.3155 -0.0279 -0.9485
vn -0.4404 -0.0239 -0.8975
vn -0.2599 0.9028 -0.3426
vn -0.2124 0.9446 -0.2502
vn -0.0451 0.0185 -0.9988
vn -0.1831 -0.0147 -0.9830
vn -0.2931 0.8986 -0.3266
vn -0.2795 0.9162 -0.2873
vn -0.1165 -0.0225 0.9929
vn -0.2619 0.8911 0.3706
vn -0.2628 -0.0468 0.9637
vn -0.2597 0.8800 0.3978
vn -0.3987 -0.0557 0.9154
vn -0.2391 0.9205 0.3090
vn -0.5204 -0.0418 0.8529
vn -0.2300 0.9200 0.3174
vn -0.6261 0.0010 0.7797
vn -0.1511 0.9733 0.1725
vn -0.7169 0.0609 0.6945
vn -0.1186 0.9833 0.1382
vn -0.7885 0.1290 0.6013
vn 0.0011 1.0000 -0.0001
vn -0.8458 0.1995 0.4949
vn 0.0441 0.9990 -0.0019
vn -0.8935 0.2520 0.3716
vn 0.2004 0.9738 -0.1071
vn -0.9292 0.2745 0.2474
vn 0.2049 0.9747 -0.0890
vn -0.9526 0.2783 0.1233
vn 0.3072 0.9467 -0.0969
vn -0.9652 0.2608 -0.0208
vn 0.2355 0.9665 -0.1022
vn -0.9486 0.1725 -0.2654
vn -0.9632 0.2197 -0.1552
vn 0.1581 0.9824 -0.0992
vn 0.2855 0.9535 -0.0963
vn -0.2188 -0.9757 -0.0142
vn -0.5122 -0.8554 -0.0768
vn -0.4863 -0.8650 -0.1239
vn -0.0883 -0.9951 -0.0437
vn -0.3982 -0.9001 -0.1771
vn -0.3715 -0.8934 -0.2527
vn 0.0622 -0.9980 -0.0147
vn -0.2390 -0.9372 -0.2540
vn -0.1797 -0.9337 -0.3098
vn 0.1776 -0.9841 0.0077
vn -0.0590 -0.9562 -0.2867
vn 0.0249 -0.9304 -0.3658
vn 0.2977 -0.9547 -0.0002
vn 0.1666 -0.9282 -0.3327
vn 0.2571 -0.8760 -0.4081
vn 0.1682 -0.9857 -0.0112
vn 0.1795 -0.9304 0.3195
vn 0.0485 -0.9285 0.3681
vn 0.0660 -0.9978 -0.0031
vn -0.0287 -0.9602 0.2779
vn -0.1553 -0.9408 0.3012
vn -0.0345 -0.9969 0.0700
vn -0.2053 -0.9476 0.2448
vn -0.3149 -0.9078 0.2769
vn -0.1499 -0.9791 0.1374
vn -0.3330 -0.9090 0.2506
vn -0.4422 -0.8658 0.2344
vn -0.3027 -0.9397 0.1593
vn -0.4825 -0.8500 0.2113
vn -0.5675 -0.8024 0.1843
vn -0.3620 -0.9267 0.1005
vn -0.5712 -0.8110 0.1267
vn -0.6092 -0.7883 0.0862
vn -0.3243 -0.9457 0.0238
vn -0.5774 -0.8153 0.0446
vn -0.5759 -0.8169 -0.0327
vn -0.2525 0.8647 0.4342
vn 0.0342 0.0165 0.9993
vn 0.2879 -0.8736 0.3924
vn 0.1185 -0.9889 0.0898
vn 0.0251 -0.9970 0.0737
vn 0.2109 -0.9672 0.1417
vn 0.2579 -0.9468 0.1927
vn 0.2755 -0.9346 0.2252
vn 0.2978 -0.9255 0.2340
vn 0.2975 -0.9547 -0.0061
vn 0.2857 -0.9400 -0.1867
vn 0.2145 -0.9607 -0.1760
vn 0.1945 -0.9748 -0.1092
vn 0.1559 -0.9877 0.0145
vn 0.0714 -0.9910 0.1128
vn -0.0021 -0.9912 0.1327
vn -0.0237 -0.9947 0.1005
vn 0.3007 -0.9463 0.1187
vn 0.2508 -0.9642 0.0864
vn 0.3331 -0.9253 0.1812
vn 0.3201 -0.9163 0.2408
vn 0.2973 -0.9190 0.2590
vn 0.2968 -0.9189 0.2598
vn 0.2854 -0.9392 -0.1912
vn 0.2301 -0.9575 -0.1739
vn 0.2600 -0.9601 -0.1033
vn 0.2799 -0.9600 -0.0032
vn 0.2584 -0.9634 0.0715
vn 0.2368 -0.9666 0.0981
vn 0.2303 -0.9695 0.0838
vn -0.5351 0.8448 0.0034
vn -0.5363 0.8436 0.0271
vn -0.5992 0.8005 -0.0104
vn -0.6139 0.7894 0.0083
vn -0.4414 0.8967 -0.0317
vn -0.4129 0.9103 -0.0294
vn -0.3572 0.9297 -0.0901
vn -0.3130 0.9423 -0.1185
vn -0.3161 0.9357 -0.1566
vn -0.2828 0.9398 -0.1917
vn -0.2463 0.9573 0.1512
vn -0.2552 0.9540 0.1575
vn -0.2775 0.9602 0.0328
vn -0.3083 0.9497 0.0551
vn -0.4246 0.9030 -0.0652
vn -0.4033 0.9100 -0.0967
vn -0.5445 0.8224 -0.1648
vn -0.5425 0.8297 -0.1316
vn -0.6238 0.7691 -0.1392
vn -0.6078 0.7840 -0.1264
vn -0.6423 0.7638 -0.0640
vn -0.6273 0.7759 -0.0659
vn -0.7489 0.6547 0.1027
vn -0.8391 0.5407 0.0599
vn -0.6231 0.7768 0.0917
vn -0.4797 0.8774 0.0041
vn -0.3818 0.9199 -0.0896
vn -0.3402 0.9304 0.1366
vn -0.4544 0.8904 0.0283
vn -0.6001 0.7941 -0.0965
vn -0.7452 0.6458 -0.1662
vn -0.8425 0.5198 -0.1413
vn -0.8738 0.4848 -0.0386
vn 0.6369 0.5502 -0.5400
vn -0.5982 0.7939 -0.1088
vn 0.6538 0.6174 -0.4374
vn -0.7094 0.7043 -0.0278
vn 0.5445 0.4326 -0.7185
vn -0.5036 0.8523 -0.1410
vn 0.6012 0.4902 -0.6311
vn -0.5936 0.8027 -0.0576
vn 0.4018 0.2911 -0.8682
vn -0.3909 0.8869 -0.2462
vn 0.4772 0.3655 -0.7992
vn -0.4749 0.8705 -0.1295
vn 0.2060 0.1362 -0.9690
vn -0.3239 0.8829 -0.3401
vn 0.3096 0.2121 -0.9269
vn -0.3799 0.8923 -0.2437
vn 0.0877 0.0705 -0.9936
vn -0.3115 0.9062 -0.2860
vn -0.2579 0.8805 0.3977
vn -0.2644 0.8903 0.3707
vn 0.3109 0.1337 0.9410
vn 0.1794 0.0706 0.9812
vn -0.3108 0.8947 0.3206
vn -0.3042 0.9002 0.3117
vn 0.5109 0.2827 0.8118
vn 0.4237 0.2031 0.8827
vn -0.4511 0.8795 0.1516
vn -0.4163 0.8906 0.1832
vn 0.6018 0.4755 0.6417
vn 0.5678 0.3766 0.7320
vn -0.6038 0.7968 0.0239
vn -0.5689 0.8221 0.0225
vn 0.6138 0.6581 0.4361
vn 0.6148 0.5702 0.5448
vn -0.7286 0.6830 -0.0520
vn -0.7257 0.6844 -0.0705
vn 0.6214 0.7613 0.1852
vn 0.6141 0.7254 0.3109
vn -0.7500 0.6584 -0.0632
vn -0.7972 0.6013 -0.0532
vn 0.6392 0.7644 -0.0845
vn 0.6294 0.7747 0.0601
vn 0.6583 0.6772 -0.3287
vn -0.6952 0.7158 -0.0654
vn 0.6513 0.7265 -0.2190
vn -0.7833 0.6193 -0.0540
vn 0.8047 -0.5933 -0.0207
vn 0.9012 -0.4124 -0.1334
vn 0.9347 -0.3431 -0.0928
vn 0.7325 -0.6788 -0.0516
vn 0.8257 -0.5168 -0.2262
vn 0.8820 -0.4361 -0.1788
vn 0.6343 -0.7697 -0.0721
vn 0.7105 -0.6401 -0.2923
vn 0.7945 -0.5282 -0.2997
vn 0.5144 -0.8569 -0.0324
vn 0.5709 -0.7593 -0.3122
vn 0.6556 -0.6724 -0.3436
vn 0.4135 -0.9105 -0.0015
vn 0.3664 -0.8658 -0.3408
vn 0.4815 -0.7876 -0.3844
vn 0.4039 -0.8604 0.3108
vn 0.4206 -0.9070 -0.0216
vn 0.5889 -0.7673 0.2538
vn 0.5140 -0.7832 0.3500
vn 0.5119 -0.8588 -0.0214
vn 0.7246 -0.6569 0.2083
vn 0.6837 -0.6786 0.2684
vn 0.5992 -0.7994 0.0444
vn 0.8081 -0.5519 0.2058
vn 0.7944 -0.5607 0.2334
vn 0.6885 -0.7177 0.1039
vn 0.8946 -0.4185 0.1570
vn 0.8720 -0.4541 0.1826
vn 0.7932 -0.5978 0.1158
vn 0.9390 -0.3374 0.0669
vn 0.9353 -0.3311 0.1249
vn 0.8304 -0.5546 0.0534
vn 0.9406 -0.3392 -0.0158
vn 0.9543 -0.2977 0.0241
vn 0.5485 -0.8344 0.0533
vn 0.4694 -0.8797 0.0764
vn 0.3853 -0.9128 0.1356
vn 0.3393 -0.9213 0.1899
vn 0.3205 -0.9205 0.2237
vn 0.3565 -0.9163 -0.1823
vn 0.3854 -0.9152 -0.1177
vn 0.4331 -0.9013 0.0032
vn 0.5108 -0.8544 0.0952
vn 0.5716 -0.8132 0.1094
vn 0.5884 -0.8049 0.0764
vn 0.3446 -0.9351 0.0831
vn 0.2965 -0.9480 0.1154
vn 0.2648 -0.9466 0.1841
vn 0.2749 -0.9304 0.2426
vn 0.2963 -0.9193 0.2591
vn 0.3423 -0.9225 -0.1784
vn 0.3242 -0.9400 -0.1060
vn 0.3127 -0.9498 -0.0019
vn 0.3381 -0.9387 0.0675
vn 0.3611 -0.9282 0.0894
vn 0.3657 -0.9271 0.0825
vn 0.2986 -0.9514 0.0749
vn 0.1544 0.9386 -0.3085
vn 0.1818 0.9492 -0.2570
vn 0.2018 0.9581 -0.2031
vn 0.0783 0.9130 -0.4003
vn 0.1197 0.9266 -0.3565
vn -0.0229 0.8815 -0.4716
vn 0.0305 0.8980 -0.4389
vn -0.1426 0.8449 -0.5156
vn -0.0809 0.8638 -0.4973
vn -0.1726 0.4424 -0.8800
vn -0.2718 0.8049 -0.5275
vn -0.2067 0.8252 -0.5257
vn -0.1324 0.9238 0.3594
vn -0.1963 0.9063 0.3743
vn -0.2615 0.8867 0.3813
vn -0.0135 0.9517 0.3066
vn -0.0711 0.9390 0.3365
vn 0.0859 0.9698 0.2284
vn 0.0390 0.9620 0.2702
vn 0.1599 0.9783 0.1315
vn 0.1263 0.9752 0.1817
vn 0.2046 0.9786 0.0230
vn 0.1859 0.9794 0.0782
vn 0.2187 0.9716 -0.0905
vn 0.2155 0.9759 -0.0335
vn 0.2141 0.9657 -0.1472
vn -0.2374 0.9643 -0.1175
vn -0.2300 0.9678 -0.1021
vn -0.2489 0.9597 -0.1305
vn -0.2639 0.9543 -0.1403
vn -0.2813 0.9484 -0.1461
vn -0.2997 0.9425 -0.1476
vn -0.2798 0.9599 -0.0204
vn -0.2983 0.9543 -0.0174
vn -0.2626 0.9645 -0.0275
vn -0.2478 0.9680 -0.0385
vn -0.2366 0.9702 -0.0524
vn -0.2296 0.9709 -0.0684
vn -0.2274 0.9701 -0.0853
vn -0.7241 0.6692 -0.1668
vn -0.7063 0.6721 -0.2224
vn -0.9561 0.2078 -0.2064
vn -0.9416 0.1325 -0.3096
vn -0.6815 0.6778 -0.2760
vn -0.8898 0.2202 -0.3997
vn -0.8689 -0.2629 -0.4194
vn -0.6496 0.6865 -0.3267
vn -0.8485 0.1541 -0.5063
vn -0.6109 0.6979 -0.3737
vn -0.7753 0.2523 -0.5790
vn -0.7381 -0.2376 -0.6315
vn -0.5659 0.7118 -0.4160
vn -0.7040 0.1957 -0.6827
vn -0.5151 0.7278 -0.4527
vn -0.6121 0.3030 -0.7304
vn -0.5482 -0.1909 -0.8143
vn -0.4593 0.7457 -0.4828
vn -0.5095 0.2556 -0.8216
vn -0.3994 0.7647 -0.5058
vn -0.4060 0.3686 -0.8362
vn -0.3047 -0.1230 -0.9445
vn -0.3364 0.7846 -0.5207
vn -0.2759 0.3290 -0.9031
vn -0.0271 -0.0390 -0.9989
vn -0.2557 0.4836 0.8371
vn -0.3264 0.8657 0.3796
vn -0.3897 0.8434 0.3699
vn -0.3877 0.5112 0.7670
vn -0.2820 0.0448 0.9584
vn -0.4914 0.3973 0.7750
vn -0.4502 0.8207 0.3520
vn -0.5067 0.7978 0.3267
vn -0.5964 0.4283 0.6789
vn -0.5284 -0.0442 0.8478
vn -0.6891 0.3141 0.6531
vn -0.5583 0.7756 0.2944
vn -0.6043 0.7544 0.2563
vn -0.7630 0.3518 0.5423
vn -0.7225 -0.1218 0.6806
vn -0.8374 0.2424 0.4899
vn -0.6439 0.7349 0.2128
vn -0.6769 0.7173 0.1652
vn -0.8814 0.2888 0.3739
vn -0.8582 -0.1836 0.4794
vn -0.9348 0.1866 0.3021
vn -0.7029 0.7022 0.1139
vn -0.7218 0.6895 0.0600
vn -0.9519 0.2428 0.1872
vn -0.9380 -0.2285 0.2607
vn -0.9836 0.1493 0.1014
vn -0.7333 0.6799 0.0042
vn -0.7376 0.6732 -0.0527
vn -0.9765 0.2155 -0.0085
vn -0.9658 -0.2569 0.0342
vn -0.7344 0.6698 -0.1099
vn -0.9859 0.1310 -0.1045
vn -0.9434 -0.2687 -0.1944
vn -0.3679 0.9248 -0.0966
vn -0.3319 0.9386 -0.0936
vn -0.3609 0.9258 -0.1126
vn -0.3274 0.9395 -0.1010
vn -0.3498 0.9282 -0.1265
vn -0.3211 0.9410 -0.1072
vn -0.3352 0.9321 -0.1375
vn -0.3132 0.9431 -0.1117
vn -0.3181 0.9370 -0.1446
vn -0.3044 0.9457 -0.1141
vn -0.3037 0.9514 -0.0507
vn -0.3168 0.9483 -0.0189
vn -0.3126 0.9484 -0.0526
vn -0.3340 0.9422 -0.0247
vn -0.3205 0.9456 -0.0564
vn -0.3488 0.9366 -0.0345
vn -0.3270 0.9430 -0.0621
vn -0.3603 0.9316 -0.0475
vn -0.3317 0.9409 -0.0691
vn -0.3675 0.9279 -0.0629
vn -0.3341 0.9394 -0.0771
vn -0.3701 0.9256 -0.0797
vn -0.3342 0.9386 -0.0855
vn 0.8847 0.0639 -0.4619
vn 0.9627 0.1109 -0.2468
vn 0.7517 -0.0010 -0.6595
vn 0.5614 -0.0821 -0.8235
vn 0.3193 -0.1744 -0.9314
vn 0.0457 -0.2679 -0.9624
vn 0.3408 -0.0067 0.9401
vn 0.0682 -0.0925 0.9934
vn 0.5801 0.0642 0.8120
vn 0.7665 0.1146 0.6319
vn 0.8948 0.1430 0.4230
vn 0.9678 0.1509 0.2013
vn 0.9899 0.1398 -0.0238
vn -0.8615 -0.4775 -0.1727
vn -0.7868 -0.4752 -0.3938
vn -0.6563 -0.4551 -0.6018
vn -0.4678 -0.4140 -0.7809
vn -0.2272 -0.3506 -0.9086
vn -0.2056 -0.1828 0.9614
vn -0.4489 -0.2675 0.8526
vn -0.6413 -0.3393 0.6882
vn -0.7765 -0.3959 0.4902
vn -0.8563 -0.4373 0.2749
vn -0.8840 -0.4645 0.0520
vn 0.8910 0.3626 -0.2733
vn 0.8146 0.3085 -0.4912
vn 0.9205 0.2858 -0.2663
vn 0.8423 0.2357 -0.4847
vn 0.9173 0.3955 -0.0470
vn 0.9477 0.3168 -0.0397
vn 0.8953 0.4066 0.1819
vn 0.9253 0.3286 0.1891
vn 0.8234 0.3946 0.4079
vn 0.8518 0.3198 0.4148
vn 0.6965 0.3585 0.6216
vn 0.7227 0.2888 0.6279
vn 0.5117 0.2978 0.8059
vn 0.5350 0.2342 0.8117
vn 0.2737 0.2150 0.9375
vn 0.2938 0.1573 0.9428
vn 0.2542 0.0402 -0.9663
vn -0.0194 -0.0617 -0.9979
vn 0.2735 -0.0171 -0.9617
vn 0.4950 0.1425 -0.8571
vn 0.5173 0.0806 -0.8520
vn 0.6836 0.2341 -0.6913
vn 0.7088 0.1667 -0.6854
vn -0.4985 0.2561 0.8282
vn -0.3565 0.0778 0.9310
vn 0.7992 0.1968 -0.5679
vn 0.1818 0.3439 0.9212
vn 0.2764 0.3857 0.8803
vn 0.3428 0.3401 0.8757
vn -0.0219 -0.9636 0.2664
vn 0.8353 -0.0584 0.5467
vn 0.7366 -0.0754 0.6721
vn 0.4123 0.6456 0.6428
vn 0.6453 -0.7311 -0.2215
vn 0.9172 0.3979 0.0223
vn -0.5220 0.8420 -0.1362
vn 0.5677 0.3913 0.7243
vn 0.5865 -0.2376 0.7743
vn -0.8859 -0.2861 0.3651
vn -0.5437 0.1080 -0.8323
vn 0.7748 -0.3414 0.5321
vn -0.9628 -0.2699 -0.0100
vn 0.7862 -0.0297 0.6172
vn 0.3813 0.1255 -0.9159
vn 0.5502 0.7918 0.2651
vn 0.4279 0.3784 0.8208
vn 0.4991 0.2995 0.8131
vn 0.3430 0.3400 0.8756
vn 0.6334 0.3598 0.6850
vn 0.6212 0.2666 0.7369
vn 0.4988 0.5891 0.6357
vn 0.3509 0.3650 0.8623
vn 0.0026 -0.6181 -0.7861
vn 0.7725 0.2800 0.5700
vn -0.3997 0.2851 -0.8712
vn 0.7839 -0.0100 0.6208
vn 0.6409 -0.6351 0.4311
vn -0.1711 0.8612 0.4787
vn 0.3756 0.4313 0.8203
vn 0.5785 0.3416 0.7408
vn -0.5331 0.8453 -0.0365
vn 0.9449 0.3241 -0.0454
vn 0.8017 0.1041 0.5886
vn -0.6723 -0.1624 -0.7222
vn 0.6763 0.2454 0.6945
vn 0.0344 -0.8595 0.5101
vn 0.7566 0.0800 0.6490
vn -0.1833 -0.9428 -0.2786
vn 0.1036 0.9786 -0.1780
vn 0.0936 -0.0837 -0.9921
vn 0.6617 0.3193 0.6784
vn -0.6860 0.2303 -0.6902
vn 0.9548 -0.1490 -0.2572
vn 0.8575 -0.3944 0.3303
vn -0.9472 0.2601 -0.1876
vn 0.0536 0.9670 0.2489
vn 0.8074 -0.0163 -0.5897
vn 0.5819 -0.0739 -0.8099
vn -0.6697 0.1491 0.7276
vn 0.8321 -0.0455 -0.5527
vn -0.7454 -0.1752 0.6432
vn -0.5686 -0.0028 0.8226
vn -0.5205 0.0698 0.8510
vn -0.4299 -0.0034 0.9029
vn 0.9535 -0.1569 0.2573
vn 0.9894 -0.0167 -0.1440
vn 0.7562 -0.4282 -0.4948
vn 0.7005 -0.2513 -0.6679
vn 0.4559 -0.2280 -0.8603
vn -0.4266 -0.5114 -0.7460
vn -0.4875 -0.0140 0.8730
vn -0.3476 0.5962 0.7237
vn -0.7366 -0.1574 0.6578
vn 0.6837 -0.0412 -0.7286
vn 0.7527 0.5975 0.2765
vn 0.6031 0.7458 0.2831
vn -0.7076 -0.3697 0.6022
vn -0.3323 0.2445 0.9109
vn -0.0198 -0.9998 -0.0093
vn -0.7064 0.0004 0.7078
vn -0.7676 0.5579 0.3154
vn -0.7892 -0.0216 0.6138
vn -0.8816 -0.0126 0.4719
vn -0.7534 -0.0107 0.6575
vn 0.9858 0.1424 -0.0893
vn 0.0942 -0.9195 0.3816
vn -0.8036 -0.0033 0.5952
vn 0.9579 0.0440 -0.2836
vn 0.5456 0.0952 -0.8326
vn 0.3793 0.2256 0.8973
vn 0.0862 -0.0161 -0.9961
vn 0.1574 0.7328 -0.6619
vn 0.0731 -0.1884 -0.9794
vn -0.1995 -0.8755 -0.4402
vn 0.0502 -0.2034 -0.9778
vn 0.2783 -0.2089 -0.9375
vn 0.0978 -0.1074 -0.9894
vn 0.5158 -0.8320 0.2044
vn 0.2802 -0.9404 -0.1926
vn 0.3324 -0.2279 -0.9152
vn -0.0537 0.9950 -0.0847
vn 0.1662 -0.3876 0.9067
vn 0.0977 -0.1074 -0.9894
vn -0.5983 -0.0962 -0.7955
vn -0.7767 -0.5960 0.2038
vn 0.1265 0.1269 -0.9838
vn -0.8166 0.3095 0.4873
vn 0.2012 0.8441 -0.4971
vn -0.3686 -0.1748 -0.9130
vn 0.2045 -0.2787 -0.9384
vn 0.2150 -0.1289 -0.9681
vn 0.7852 0.2410 0.5704
vn 0.5953 0.2164 0.7738
vn 0.6461 0.3663 0.6697
vn 0.9356 0.0338 0.3513
vn -0.1239 -0.9018 0.4140
vn -0.9825 -0.1170 -0.1452
vn 0.2729 0.6123 0.7420
vn -0.1957 -0.9565 -0.2164
vn -0.1991 0.1443 0.9693
vn -0.3786 0.2693 0.8855
vn -0.1040 0.0059 0.9946
vn 0.3764 0.2477 0.8927
vn -0.3640 0.0070 0.9314
vn -0.2664 -0.4505 0.8521
vn -0.5845 0.8067 0.0879
vn -0.3640 0.0071 0.9314
vn 0.0855 -0.5183 -0.8509
vn 0.2063 -0.1834 -0.9611
vn -0.1914 0.1185 0.9743
vn -0.5105 0.3379 0.7907
vn 0.9783 -0.1319 -0.1596
vn -0.9261 0.0028 0.3774
vn -0.9252 0.0257 0.3785
vn -0.9252 0.0258 0.3786
vn -0.9115 0.0763 0.4042
vn -0.7809 0.0529 0.6224
vn -0.6364 0.3729 0.6752
vn 0.9330 0.1889 0.3064
vn -0.2898 -0.8915 -0.3482
vn -0.8904 -0.4227 0.1689
vn -0.5443 0.8046 -0.2372
vn 0.9998 0.0215 -0.0047
vn -0.9016 -0.1911 -0.3880
vn 0.9480 0.0879 0.3059
vn 0.9094 -0.3713 0.1873
vn 0.9883 -0.0103 0.1522
vn 0.9437 -0.2955 -0.1485
vn 0.5356 -0.1388 -0.8330
vn -0.5489 -0.8112 -0.2015
vn 0.7399 0.2615 -0.6199
vn 0.8851 0.2043 -0.4182
vn 0.8625 0.2966 -0.4100
vn -0.7690 -0.6325 -0.0923
vn 0.6372 0.6378 -0.4327
vn 0.3350 -0.7669 0.5474
vn 0.4059 0.6552 0.6372
vn 0.6329 -0.0853 -0.7695
vn -0.5206 -0.2584 0.8138
vn 0.7429 -0.0310 -0.6687
vn -0.3081 -0.9514 -0.0020
vn 0.9937 -0.1120 0.0037
vn -0.9205 -0.2070 0.3315
vn 0.1529 -0.8871 0.4355
vn 0.7831 0.1322 -0.6076
vn 0.6975 0.6660 -0.2644
vn -0.7821 0.0029 0.6232
vn 0.6274 -0.0614 -0.7762
vn 0.7609 0.5798 -0.2913
vn -0.0422 0.9211 -0.3871
vn 0.4951 0.7184 -0.4887
vn -0.8267 0.0759 -0.5575
vn -0.4310 -0.6242 -0.6516
vn -0.3075 -0.4090 -0.8592
vn -0.1121 -0.4790 -0.8706
vn -0.6196 0.0380 0.7840
vn -0.3101 0.0039 -0.9507
vn -0.5794 -0.6424 0.5016
vn 0.7061 -0.2245 -0.6715
vn -0.2597 0.0245 -0.9654
vn 0.0874 -0.1475 -0.9852
vn 0.5820 0.7973 0.1603
vn -0.0780 -0.1721 -0.9820
vn 0.3849 0.2143 -0.8977
vn -0.3124 0.1135 -0.9431
vn -0.3711 0.0554 -0.9269
vn -0.7541 0.4499 0.4784
vn 0.2552 0.4518 0.8549
vn 0.0564 0.6423 0.7644
vn 0.0539 0.6305 0.7743
vn -0.0361 0.5186 -0.8543
vn -0.3938 -0.2051 -0.8960
vn -0.1754 -0.4591 -0.8709
vn -0.2232 0.6285 0.7451
vn 0.6161 -0.6821 -0.3940
vn 0.1328 0.5266 -0.8397
vn -0.2019 -0.2069 -0.9573
vn 0.4677 -0.7133 0.5220
vn -0.1534 -0.0747 -0.9853
vn -0.4184 -0.8215 -0.3873
vn 0.0701 0.7107 -0.7000
vn -0.1482 -0.2235 -0.9634
vn -0.0555 -0.9826 -0.1770
vn 0.1229 0.6828 -0.7202
vn -0.5750 -0.7794 0.2489
vn 0.0049 0.0401 -0.9992
vn -0.5379 -0.8416 -0.0496
vn 0.1264 0.1269 -0.9838
vn -0.0929 0.7030 -0.7051
vn -0.3930 0.3845 -0.8353
vn -0.2654 0.4324 -0.8617
vn -0.4116 0.7102 0.5712
vn 0.1929 -0.0297 -0.9808
vn 0.0754 0.5448 -0.8352
vn -0.2893 -0.0364 -0.9565
vn 0.5248 -0.7074 -0.4735
vn 0.0110 0.2002 -0.9797
vn -0.4069 -0.2157 -0.8876
vn 0.3628 0.4679 -0.8059
vn -0.9308 -0.0271 0.3645
vn -0.6534 -0.7456 0.1311
vn 0.6305 0.7183 0.2941
vn 0.9914 0.0206 -0.1294
vn 0.8843 0.2442 -0.3980
vn 0.7617 0.6446 -0.0658
vn 0.0152 -0.8698 0.4932
vn 0.8235 -0.5080 0.2524
vn 0.9892 -0.0165 -0.1454
vn 0.2919 -0.9477 0.1289
vn -0.0353 0.7066 0.7068
vn 0.6061 -0.0086 -0.7953
vn 0.7212 0.6873 -0.0863
vn 0.6658 0.7113 0.2253
vn 0.9892 0.0805 -0.1222
vn 0.9338 0.3065 0.1844
vn 0.6291 -0.2614 -0.7321
vn -0.2663 -0.0194 -0.9637
vn 0.9897 -0.0598 -0.1299
vn 0.5827 0.7702 0.2593
vn 0.2380 -0.1779 -0.9548
vn -0.9970 -0.0726 0.0275
vn 0.9603 -0.2238 -0.1664
vn -0.5195 0.4723 0.7120
vn -0.7682 -0.1962 -0.6094
vn 0.9173 -0.3857 -0.0987
vn 0.9315 -0.0919 -0.3518
vn -0.9758 0.0065 0.2184
vn 0.5576 -0.8069 -0.1951
vn -0.7953 0.1523 -0.5868
vn 0.9391 0.3144 0.1385
vn -0.3123 -0.5106 0.8011
vn -0.9758 0.0066 0.2184
vn -0.1919 0.5965 0.7793
vn 0.4219 -0.7972 0.4319
vn -0.9781 -0.0339 0.2053
vn 0.1240 0.4598 0.8793
vn -0.0953 -0.9920 0.0831
vn -0.8463 0.0599 0.5293
vn 0.9226 -0.1863 -0.3379
vn -0.6992 -0.1095 0.7065
vn 0.2336 0.4781 -0.8467
vn 0.3870 0.8412 -0.3776
vn 0.8251 0.0915 -0.5575
vn 0.5644 0.2244 -0.7944
vn 0.2852 -0.1229 -0.9505
vn -0.7520 0.0099 0.6591
vn 0.8290 0.1774 -0.5303
vn 0.4669 -0.0985 -0.8788
vn -0.8297 0.4577 0.3196
vn -0.6708 0.0822 0.7371
vn 0.2044 -0.3243 -0.9236
vn 0.8958 0.1936 -0.4000
vn 0.9909 -0.1201 -0.0605
vn 0.1619 0.9643 0.2095
vn 0.8958 0.1937 -0.4000
vn -0.8743 -0.3873 0.2925
vn 0.8610 0.3104 -0.4029
vn -0.0753 -0.5527 -0.8300
vn 0.6392 0.4750 -0.6047
vn -0.9374 0.0241 0.3473
vn 0.9206 0.0712 -0.3839
vn -0.6995 -0.4631 -0.5442
vn 0.9607 0.0628 -0.2703
vn 0.4306 -0.5334 0.7281
vn 0.9428 -0.3335 0.0006
vn 0.5074 -0.7980 -0.3252
vn -0.4473 0.1130 0.8872
vn 0.8705 -0.3213 -0.3730
vn 0.8512 0.4881 -0.1931
vn 0.9644 -0.0677 0.2557
vn 0.9629 0.2053 0.1753
vn 0.9868 0.0900 -0.1346
vn 0.9318 0.3087 0.1911
vn 0.7772 -0.5994 0.1915
vn 0.3895 0.9190 -0.0614
vn 0.7604 -0.6340 -0.1408
vn 0.9977 0.0594 0.0333
vn 1.0000 -0.0036 0.0001
vn 0.5387 0.6292 0.5603
vn 0.9925 0.1223 -0.0037
vn 0.1502 -0.4973 -0.8545
vn 0.9493 0.3131 -0.0273
vn 1.0000 -0.0037 -0.0000
vn 0.3339 -0.9090 -0.2496
vn 0.8227 0.4845 0.2972
vn 0.9996 -0.0192 -0.0189
vn -0.8926 -0.1061 0.4381
vn -0.9983 -0.0361 0.0466
vn -0.9975 -0.0148 0.0692
vn -0.9893 -0.0591 0.1331
vn -0.9961 -0.0780 0.0406
vn -0.7668 0.1199 0.6306
vn -0.9956 -0.0078 0.0930
vn 0.5593 -0.4245 0.7120
vn -0.7693 -0.2972 -0.5655
vn -0.9497 -0.1668 0.2652
vn -0.8039 0.3994 0.4408
vn -0.9980 -0.0351 0.0527
vn -0.9959 -0.0837 0.0352
vn -0.9818 -0.1486 0.1181
vn -0.4902 0.6803 0.5448
vn -0.9369 -0.3337 -0.1044
vn -0.9983 0.0021 0.0579
vn 0.3635 -0.5280 -0.7675
vn -0.7813 0.4868 0.3907
vn -0.1308 0.3298 -0.9350
vn 0.4857 -0.7373 -0.4696
vn -0.9877 -0.0149 0.1554
vn -0.9956 -0.0079 0.0931
vn -0.9835 -0.0045 0.1809
vn -0.9975 -0.0147 0.0692
vn -1.0000 -0.0079 -0.0001
vn -0.2808 -0.9579 -0.0601
vn 0.7955 0.5150 0.3192
vn 0.4638 -0.1940 -0.8644
vn 0.4186 -0.2269 -0.8794
vn 0.3917 0.3066 -0.8675
vn 0.4712 -0.1010 -0.8762
vn 0.4930 -0.5964 -0.6335
vn 0.2419 -0.2290 -0.9429
vn 0.2515 -0.1034 -0.9623
vn 0.6020 0.0379 -0.7976
vn 0.6049 0.5174 -0.6052
vn 0.1438 0.0387 -0.9888
vn -0.7705 0.6323 -0.0807
vn -0.5478 -0.8212 0.1596
vn 0.1153 0.8379 0.5335
vn 0.1975 -0.0300 -0.9799
vn 0.4978 -0.5918 0.6340
vn 0.1265 0.1270 -0.9838
vn -0.4819 0.4390 0.7583
vn -0.4492 -0.3032 -0.8404
vn 0.6376 0.4640 0.6150
vn 0.1723 0.0443 -0.9840
vn -0.3196 -0.1096 0.9412
vn 0.1264 0.1270 -0.9838
vn 0.2429 -0.1161 -0.9631
vn 0.8956 0.3719 -0.2441
vn 0.2048 0.0052 -0.9788
vn -0.3067 -0.5654 -0.7656
vn 0.5358 -0.6071 -0.5867
vn 0.8794 -0.0486 0.4736
vn 0.7461 0.1704 0.6436
vn 0.5007 0.1650 -0.8497
vn 0.4175 0.0091 0.9086
vn 0.9374 0.0690 0.3412
vn 0.7987 0.0853 0.5957
vn 0.1196 -0.2163 -0.9690
vn 0.4032 -0.2157 -0.8893
vn 0.2051 -0.2386 -0.9492
vn -0.9097 -0.0160 -0.4149
vn -0.6293 -0.1196 -0.7679
vn -0.6255 -0.1281 -0.7696
vn -0.5024 0.6450 0.5758
vn -0.7976 -0.6025 -0.0307
vn -0.5888 0.1031 -0.8017
vn -0.8472 -0.0213 -0.5309
vn -0.3898 0.8282 -0.4026
vn -0.9092 -0.3637 -0.2027
vn 0.3257 0.3016 -0.8961
vn -0.2808 -0.1956 -0.9396
vn -0.2888 0.0088 -0.9573
vn -0.4012 0.6260 -0.6687
vn -0.4816 -0.1343 -0.8660
vn 0.0319 -0.1575 -0.9870
vn -0.0000 -0.2324 -0.9726
vn 0.0001 -0.2461 -0.9692
vn -0.2541 -0.2200 -0.9418
vn -0.2685 -0.2348 -0.9342
vn 0.2726 -0.2339 -0.9333
vn 0.0364 -0.1464 -0.9885
vn 0.0874 0.7572 -0.6473
vn -0.4598 -0.7995 0.3864
vn 0.7881 0.4708 -0.3965
vn -0.4256 -0.0214 -0.9047
vn -0.8457 0.0482 -0.5314
vn -0.4241 -0.4499 -0.7860
vn -0.2117 -0.1231 -0.9696
vn -0.5315 -0.0592 -0.8450
vn -0.4842 -0.2089 -0.8497
vn -0.9384 -0.1007 -0.3305
vn 0.2109 -0.9045 0.3708
vn -0.8521 0.0976 -0.5142
vn -0.6127 -0.1824 -0.7690
vn -0.9499 -0.1102 -0.2925
vn -0.2424 -0.1459 -0.9591
vn -0.8650 -0.0875 -0.4941
vn -0.6127 -0.1823 -0.7690
vn -0.9893 -0.1342 -0.0572
vn -0.9860 -0.0014 -0.1666
vn -0.9482 -0.0630 -0.3114
vn -0.9979 0.0133 -0.0638
vn -0.9499 -0.1099 -0.2925
vn -0.9925 -0.0401 -0.1157
vn -0.9681 -0.2502 -0.0114
vn -0.9727 0.0933 0.2124
vn -0.9992 -0.0145 -0.0368
vn -0.4063 0.8480 -0.3404
vn -0.9925 -0.0400 -0.1156
vn 0.1402 -0.8512 -0.5058
vn -0.5751 0.0755 -0.8146
vn 0.9609 0.1382 -0.2401
vn 0.6493 -0.7362 0.1907
vn 0.9951 0.0573 0.0800
vn -0.9400 -0.1600 0.3015
vn 0.8011 0.4625 -0.3800
vn 0.9271 0.2842 -0.2445
vn 0.7432 0.6670 0.0523
vn 0.8795 0.4748 -0.0325
vn 0.9310 -0.2662 -0.2498
vn 0.9995 -0.0099 -0.0287
vn 0.9300 0.3663 0.0316
vn 0.9666 -0.1483 -0.2092
vn 0.8865 0.2397 0.3957
vn 0.8935 0.4354 0.1104
vn 0.9778 -0.0413 -0.2057
vn 0.9836 -0.0232 -0.1789
vn 0.9893 0.0030 -0.1461
vn 0.9319 -0.0126 -0.3624
vn 0.9893 -0.0772 -0.1235
vn 0.9691 -0.1769 0.1718
vn 0.9599 -0.1060 -0.2597
vn 0.9343 0.2860 0.2130
vn 0.9367 0.3428 0.0720
vn 0.9317 0.3087 0.1912
vn 0.9999 0.0095 -0.0087
vn 0.9908 0.0335 0.1314
vn 0.1712 0.6462 -0.7437
vn 0.1034 -0.6855 -0.7207
vn 0.9983 -0.0127 0.0571
vn 0.9439 0.1257 0.3053
vn 0.9978 -0.0601 0.0293
vn 0.4891 -0.8144 0.3124
vn 0.0038 -0.0908 -0.9959
vn 0.4669 0.0241 -0.8840
vn 0.0378 0.3391 -0.9400
vn 0.3980 0.0947 -0.9125
vn 0.8975 0.1943 -0.3959
vn 0.9630 -0.0743 -0.2591
vn 0.9342 0.3035 -0.1877
vn 0.3829 0.1737 -0.9073
vn 0.9769 -0.0995 -0.1890
vn 0.8670 0.4634 -0.1829
vn 0.9817 0.1635 -0.0971
vn 0.9879 0.1368 0.0737
vn 0.9862 -0.0270 -0.1636
vn 0.9968 -0.0768 -0.0200
vn 0.6938 -0.1991 -0.6921
vn 0.8426 -0.0559 -0.5356
vn 0.9429 0.1661 -0.2886
vn 0.9152 -0.2151 -0.3407
vn 0.1370 -0.1448 -0.9799
vn 0.4118 -0.1200 -0.9033
vn 0.8405 -0.3003 -0.4509
vn 0.8872 0.1594 -0.4329
vn 0.8688 -0.1355 -0.4762
vn 0.6121 -0.1815 -0.7696
vn 0.6096 -0.1092 -0.7851
vn 0.4685 -0.2731 -0.8402
vn 0.4188 -0.0173 -0.9079
vn 0.1164 -0.0169 -0.9931
vn 0.1370 -0.1447 -0.9799
vn 0.7554 0.4186 -0.5041
vn 0.8625 0.2965 -0.4100
vn 0.7456 0.2732 -0.6078
vn 0.8958 0.1660 -0.4123
vn 0.7644 0.1698 -0.6220
vn 0.5644 0.2243 -0.7945
vn 0.4107 0.1775 -0.8943
vn 0.6074 -0.0027 -0.7944
vn -0.2102 -0.3459 -0.9144
vn -0.1420 0.0206 -0.9896
vn -0.1538 0.0384 -0.9874
vn -0.6215 -0.0240 -0.7830
vn -0.4050 0.0324 -0.9137
vn -0.6393 0.0499 -0.7673
vn -0.6057 -0.1100 -0.7881
vn -0.4060 -0.0207 -0.9136
vn -0.6216 -0.0240 -0.7830
vn -0.3814 -0.2215 -0.8975
vn -0.4004 -0.1380 -0.9059
vn -0.5638 -0.1969 -0.8021
vn -0.6057 -0.1100 -0.7880
vn -0.0308 0.1837 -0.9825
vn -0.3882 0.0551 -0.9199
vn -0.4121 -0.1825 -0.8927
vn -0.4059 -0.0207 -0.9137
vn -0.1482 -0.0382 -0.9882
vn -0.1530 -0.1460 -0.9774
vn -0.4007 -0.1318 -0.9067
vn -0.4006 -0.1318 -0.9067
vn 0.9828 0.1413 -0.1185
vn -0.9898 0.1346 -0.0475
vn 0.9403 0.3141 -0.1313
vn 0.7866 -0.1334 -0.6029
vn -0.3097 0.8804 -0.3591
vn -0.9891 0.0627 -0.1332
vn -0.1558 -0.5915 -0.7911
vn 0.9973 -0.0215 -0.0698
vn -0.4640 0.7461 -0.4776
vn 0.0011 -0.4720 -0.8816
vn 0.9861 -0.0270 -0.1637
vn 0.9970 0.0774 0.0055
vn 0.9866 -0.0169 -0.1621
vn -0.9925 0.0237 -0.1201
vn -0.9652 -0.1050 -0.2394
vn -0.8225 0.3519 -0.4468
vn -0.9624 -0.0406 -0.2684
vn -0.9785 0.1873 -0.0860
vn -0.9557 -0.0868 -0.2812
vn -0.9907 -0.1359 -0.0058
vn 0.9789 -0.1656 -0.1199
vn -0.9931 0.0258 -0.1142
vn 0.8402 0.4992 -0.2118
vn 0.9982 0.0330 0.0501
vn -0.9941 -0.0225 -0.1059
vn -0.9998 -0.0197 -0.0097
vn -0.8547 -0.0147 -0.5189
vn -0.8457 0.0482 -0.5315
vn -0.7816 -0.2436 -0.5743
vn -0.8399 0.0183 -0.5425
vn -0.8165 -0.0149 -0.5772
vn -0.8576 -0.0717 -0.5093
vn -0.9565 -0.0576 -0.2861
vn 0.4430 0.2169 0.8699
vn 0.9254 0.1982 0.3231
vn -0.3726 -0.8601 -0.3484
vn 0.9253 0.1982 0.3232
vn 0.8782 0.2085 0.4305
vn 0.8303 0.3729 0.4142
vn 0.4782 0.8629 0.1635
vn 0.1725 -0.9554 -0.2396
vn 0.9738 -0.0091 0.2271
vn 0.9638 -0.0065 -0.2667
vn 0.9391 -0.0483 -0.3403
vn 0.8695 -0.1799 -0.4599
vn 0.3951 -0.2167 -0.8927
vn 0.6176 -0.1070 -0.7791
vn 0.4089 -0.1296 -0.9033
vn -0.1339 -0.2433 -0.9607
vn 0.1369 -0.1448 -0.9800
vn -0.7485 0.0580 -0.6606
vn 0.0445 0.4101 0.9110
vn -0.9183 -0.3672 0.1478
vn -0.9929 -0.0182 -0.1180
vn 0.8198 -0.0000 -0.5726
vn 0.8854 -0.1442 -0.4419
vn 0.3950 -0.2167 -0.8927
vn 0.5765 -0.1101 -0.8097
vn 0.5215 -0.5823 -0.6236
vn 0.1394 -0.1045 -0.9847
vn 0.4302 -0.1297 -0.8934
vn 0.0916 -0.4576 -0.8844
vn 0.4928 -0.1891 -0.8493
vn -0.1339 -0.2432 -0.9607
vn -0.7122 -0.1270 -0.6904
vn -0.6147 -0.0749 -0.7852
vn -0.4055 -0.4843 -0.7753
vn -0.4092 -0.1005 -0.9069
vn -0.1469 -0.2595 -0.9545
vn -0.1531 -0.1460 -0.9774
vn 0.9391 -0.0483 -0.3402
vn 0.9941 -0.0359 -0.1022
vn 0.9897 -0.0938 -0.1083
vn 0.9734 -0.2275 0.0264
vn 0.9948 0.0242 -0.0985
vn 0.8610 -0.1167 -0.4951
vn -0.7173 -0.6050 -0.3457
vn 0.3517 0.0192 -0.9359
vn 0.2657 0.1312 -0.9551
vn 0.6175 0.1456 -0.7730
vn 0.6252 0.1831 -0.7586
vn 0.8800 0.2468 -0.4059
vn 0.9850 0.0532 -0.1643
vn 0.9161 -0.0221 -0.4003
vn 0.2481 -0.1055 -0.9630
vn 0.2891 0.2608 -0.9211
vn 0.3260 0.3786 -0.8662
vn 0.8626 0.2966 -0.4099
vn 0.9618 0.1664 -0.2174
vn 0.9481 0.2993 -0.1075
vn 0.9817 0.1635 -0.0972
vn 0.9271 0.2841 -0.2445
vn 0.9753 0.2107 -0.0663
vn 0.9955 0.0330 -0.0890
vn 0.9618 0.1663 -0.2173
vn 0.4022 -0.1490 -0.9034
vn 0.5960 -0.1446 -0.7899
vn 0.9214 0.0489 0.3854
vn 0.9865 -0.0854 -0.1394
vn 0.9859 -0.1673 -0.0074
vn 0.8379 0.0811 -0.5398
vn 0.9391 -0.0482 -0.3403
vn 0.8513 -0.1355 -0.5069
vn 0.7643 0.1698 -0.6221
vn 0.7643 0.1697 -0.6221
vn 0.7399 0.2614 -0.6199
vn 0.8610 -0.0690 -0.5039
vn 0.8157 0.0232 -0.5780
vn 0.6090 -0.1797 -0.7725
vn 0.6177 -0.1069 -0.7791
vn 0.1369 -0.1448 -0.9799
vn 0.1343 -0.2431 -0.9607
vn 0.1533 0.0268 -0.9878
vn 0.1391 -0.1428 -0.9799
vn -0.2433 0.1151 -0.9631
vn -0.1705 -0.2073 -0.9633
vn 0.0227 -0.6302 -0.7761
vn -0.3882 0.0550 -0.9199
vn -0.4007 -0.1317 -0.9067
vn -0.4096 -0.2402 -0.8801
vn -0.1551 -0.1851 -0.9704
vn 0.9996 0.0237 0.0139
vn 0.9964 -0.0830 0.0140
vn -0.9946 -0.0050 -0.1036
vn -0.9925 0.0236 -0.1200
vn -0.9365 0.1186 -0.3300
vn -0.9444 -0.1377 -0.2986
vn -0.0842 0.5790 -0.8110
vn -0.7455 -0.5771 -0.3334
vn -0.8971 0.1509 0.4152
vn 0.5796 -0.7805 -0.2342
vn -0.9907 -0.0441 -0.1289
vn -0.8509 0.0350 -0.5242
vn -0.6223 -0.0395 -0.7818
vn -0.6058 -0.1100 -0.7880
vn -0.8556 -0.0863 -0.5103
vn -0.5499 -0.1125 -0.8276
vn -0.8120 0.0745 -0.5789
vn -0.8458 0.0482 -0.5313
vn -0.8547 -0.0146 -0.5189
vn -0.9572 0.0361 -0.2872
vn -0.9569 -0.1061 -0.2703
vn -0.9624 -0.0406 -0.2685
vn -0.3769 -0.3945 0.8380
vn -0.4199 -0.3016 -0.8560
vn 0.1432 0.9896 0.0132
vn 0.2204 -0.6509 0.7265
vn -0.4284 -0.5888 -0.6854
vn 0.9016 0.3097 0.3020
vn 0.8996 0.2705 0.3429
vn 0.9655 0.2589 -0.0277
vn 0.9268 0.1945 -0.3213
vn -0.6954 0.4138 0.5876
vn 0.7463 0.6001 0.2879
vn 0.9598 -0.0739 0.2707
vn 0.9954 0.0862 0.0417
vn -0.8934 -0.3273 0.3077
vn 0.8240 0.1139 0.5550
vn 0.0125 -0.9515 -0.3073
vn 0.9934 -0.0917 -0.0684
vn 0.9948 -0.0879 -0.0508
vn 0.9214 -0.3839 0.0605
vn 0.9701 -0.1066 -0.2183
vn -0.2496 -0.1513 0.9565
vn -0.6381 0.3477 -0.6870
vn -0.6773 -0.0404 -0.7346
vn 0.3402 0.0072 -0.9403
vn 0.0772 -0.0076 -0.9970
vn -0.8458 0.0483 -0.5314
vn -0.6393 0.0500 -0.7673
vn -0.6334 -0.0287 -0.7733
vn -0.4239 0.0838 -0.9018
vn -0.6673 -0.0834 -0.7401
vn -0.0549 0.1444 -0.9880
vn -0.0765 -0.2309 -0.9700
vn -0.4249 0.0066 -0.9052
vn 0.0364 -0.1464 -0.9886
vn -0.0000 -0.2461 -0.9692
vn -0.2686 -0.2348 -0.9342
vn -0.0011 0.8708 -0.4916
vn 0.0364 -0.1465 -0.9885
vn -0.6377 -0.4689 -0.6112
vn -0.9149 0.1370 -0.3797
vn -0.9610 0.0374 -0.2739
vn -0.6049 -0.1661 -0.7788
vn -0.6175 -0.1675 -0.7685
vn -0.4166 -0.2325 -0.8789
vn -0.3720 -0.2687 -0.8885
vn -0.9629 -0.0991 -0.2510
vn -0.8992 -0.1149 -0.4221
vn -0.2686 -0.2347 -0.9342
vn -0.8307 -0.2372 -0.5037
vn -0.9519 -0.1072 -0.2869
vn -0.9826 -0.1240 -0.1381
vn -0.9254 0.1804 -0.3333
vn 0.4466 0.8838 -0.1393
vn -0.9992 -0.0145 -0.0369
vn 0.1934 0.8926 -0.4073
vn 0.2272 -0.3738 0.8993
vn -0.9872 -0.0981 -0.1261
vn 0.5048 -0.7933 0.3404
vn 0.9687 0.2060 -0.1382
vn -0.4161 0.3299 0.8474
vn 0.9487 0.3106 0.0583
vn 0.9830 0.1827 0.0175
vn 0.9481 0.2994 -0.1075
vn 0.8418 0.5151 0.1614
vn 0.9988 -0.0335 -0.0368
vn 0.9863 0.1006 -0.1305
vn 0.9958 -0.0874 0.0282
vn 0.7870 -0.2432 0.5670
vn 0.9893 0.0030 -0.1460
vn 0.9995 -0.0100 -0.0288
vn 0.9778 -0.0414 -0.2056
vn 0.9893 0.0029 -0.1460
vn 0.1907 0.8742 0.4465
vn -0.1573 -0.8766 0.4547
vn 0.7566 0.3289 -0.5651
vn 0.9422 0.0685 -0.3278
vn 0.9914 -0.1085 -0.0730
vn 0.9975 -0.0443 -0.0552
vn 0.6534 0.7006 -0.2868
vn -0.0102 -0.9957 0.0919
vn 0.9084 0.3752 0.1845
vn 0.9865 -0.0767 0.1444
vn 0.9727 0.1873 0.1370
vn -0.6740 0.6683 0.3149
vn -0.7571 0.2205 0.6149
vn 0.2429 -0.1162 -0.9631
vn -0.9360 -0.0643 -0.3460
vn 0.1698 0.0519 -0.9841
vn 0.4909 -0.0368 -0.8704
vn 0.2296 -0.0575 -0.9716
vn 0.4786 0.2321 -0.8468
vn 0.4182 -0.0092 -0.9083
vn -0.0783 0.0164 -0.9968
vn 0.3918 0.0693 -0.9174
vn 0.1018 -0.1093 -0.9888
vn -0.0518 -0.4714 -0.8804
vn -0.5400 -0.4109 -0.7345
vn -0.4697 -0.3868 -0.7935
vn 0.3262 -0.4808 -0.8139
vn 0.1162 -0.2480 -0.9618
vn -0.0322 -0.2352 -0.9714
vn -0.0452 0.0671 -0.9967
vn 0.0694 0.5510 -0.8316
vn 0.2428 -0.1161 -0.9631
vn -0.0218 -0.0505 -0.9985
vn 0.7763 0.2805 0.5645
vn 0.5355 0.5054 0.6766
vn 0.4484 0.4278 0.7848
vn 0.1662 -0.5633 -0.8094
vn -0.0492 0.9857 0.1612
vn 0.9726 0.1489 0.1786
vn 0.6458 -0.7491 0.1473
vn 0.8288 0.2361 0.5072
vn 0.9457 -0.0671 0.3180
vn 0.9499 0.2275 -0.2145
vn -0.4192 -0.5221 -0.7428
vn -0.9290 0.3487 0.1240
vn -0.7806 -0.5883 0.2110
vn -0.8537 0.1885 0.4855
vn 0.5644 0.2243 -0.7944
vn 0.0866 0.9541 -0.2868
vn 0.5520 0.0563 -0.8319
vn -0.0983 -0.5031 -0.8586
vn -0.0028 0.8022 -0.5971
vn 0.4765 -0.8159 0.3276
vn 0.5676 0.0449 -0.8221
vn 0.4638 -0.1940 -0.8645
vn 0.2979 -0.1085 -0.9484
vn 0.5529 0.1206 -0.8245
vn 0.0525 -0.9726 -0.2263
vn 0.5564 0.2466 0.7935
vn 0.1909 -0.7665 0.6133
vn -0.1167 -0.9931 -0.0139
vn 0.9314 0.0093 -0.3640
vn 0.7005 0.4341 -0.5664
vn 0.6010 0.1330 -0.7881
vn 0.3825 -0.8120 -0.4408
vn 0.9226 -0.0034 -0.3859
vn -0.1956 -0.8197 0.5383
vn 0.9018 -0.1094 -0.4181
vn 0.9607 0.2767 0.0238
vn 0.9688 0.2170 0.1198
vn 0.9318 0.3087 0.1912
vn 0.9771 0.0434 -0.2082
vn 0.9977 0.0593 0.0332
vn -0.3459 -0.6634 0.6635
vn 0.2502 -0.7039 0.6647
vn 0.7928 -0.6047 0.0758
vn 0.9856 0.0682 0.1548
vn 0.4548 0.6209 0.6385
vn 0.2320 -0.7305 -0.6423
vn 0.9769 -0.1979 -0.0812
vn 0.8765 0.4751 0.0779
vn 0.9696 0.0851 0.2292
vn 0.5541 -0.3267 -0.7657
vn -0.0599 0.9497 0.3073
vn 0.8925 0.2396 -0.3821
vn 0.9971 -0.0700 -0.0313
vn -0.8590 0.3158 0.4029
vn -0.8250 0.5246 0.2102
vn -0.9316 -0.0646 0.3577
vn -0.9935 -0.0885 0.0714
vn -0.9549 0.0236 -0.2959
vn -0.9902 -0.0819 0.1130
vn -0.9971 0.0200 0.0735
vn -0.7519 0.6591 0.0163
vn -0.9067 0.2360 0.3495
vn -0.6002 -0.7639 -0.2372
vn -0.9893 0.1314 0.0635
vn -0.9995 0.0083 0.0304
vn -1.0000 -0.0079 -0.0000
vn -0.9995 0.0240 0.0227
vn -0.7541 0.4115 0.5119
vn -0.9819 -0.0585 -0.1799
vn -0.9980 -0.0350 0.0527
vn -0.9992 -0.0370 -0.0131
vn -0.9959 -0.0836 0.0352
vn -0.4329 0.8760 0.2125
vn -0.9990 -0.0082 -0.0444
vn 0.4545 -0.1375 -0.8801
vn 0.8353 0.3357 -0.4355
vn 0.7522 0.6379 -0.1652
vn 0.9821 0.0260 -0.1867
vn 0.5579 -0.1922 -0.8073
vn 0.6281 0.6895 -0.3607
vn 0.9252 0.2352 -0.2977
vn 0.9914 0.0206 -0.1295
vn 0.9420 0.0309 -0.3343
vn -0.0382 -0.9380 -0.3446
vn 0.3457 0.9167 -0.2001
vn -0.2433 -0.6376 0.7309
vn 0.9911 -0.0190 -0.1318
vn 0.5720 0.7998 -0.1818
vn -0.8217 0.2150 -0.5277
vn 0.2409 -0.7031 0.6691
vn 0.2475 0.9210 0.3007
vn -0.9756 -0.0186 0.2186
vn -0.9425 0.0617 0.3284
vn -0.8858 0.4357 0.1601
vn -0.9918 0.0282 0.1245
vn -0.9776 0.1538 0.1439
vn 0.8471 -0.5021 -0.1739
vn -0.9201 -0.1129 0.3751
vn -0.8977 0.1705 0.4064
vn -0.7105 -0.1791 0.6805
vn -0.9942 -0.0366 0.1016
vn -0.9706 -0.1434 0.1935
vn -0.6366 0.0023 0.7712
vn -0.9303 0.2742 -0.2438
vn -0.9677 -0.0274 0.2505
vn 0.5543 0.8301 0.0603
vn -0.9239 -0.0897 0.3721
vn -0.9690 -0.0668 0.2380
vn 0.3551 -0.7304 -0.5835
vn -0.9296 0.0725 0.3613
vn -0.7450 -0.5603 -0.3621
vn -0.9385 0.1836 0.2924
vn 0.2855 -0.4741 -0.8329
vn -0.9549 0.2614 0.1405
vn -0.9189 0.0242 0.3938
vn 0.9551 0.2652 0.1319
vn 0.1462 -0.8703 -0.4704
vn 0.9541 -0.2740 0.1207
vn -0.7173 0.6563 -0.2338
vn -0.3845 -0.8766 0.2896
vn 0.5812 -0.3834 0.7177
vn -0.9087 -0.0568 0.4135
vn 0.8849 0.4439 0.1410
vn -0.0056 -0.2779 0.9606
vn 0.3680 -0.8557 0.3638
vn 0.9253 0.3775 0.0365
vn 0.9891 -0.0320 0.1434
vn -0.4196 -0.6554 0.6280
vn 0.9638 0.1754 0.2006
vn 0.9579 0.2653 0.1097
vn -0.5143 -0.8364 -0.1894
vn 0.3889 -0.0626 -0.9192
vn 0.7133 -0.2864 -0.6396
vn 0.7995 0.1732 -0.5751
vn 0.9073 -0.3295 0.2613
vn -0.4160 -0.7304 0.5417
vn 0.8954 0.2038 -0.3960
vn 0.4206 -0.9071 0.0174
vn 0.5402 -0.0488 0.8401
vn -0.0051 0.9920 0.1264
vn 0.1243 0.5943 -0.7946
vn 0.8974 0.1023 -0.4293
vn 0.8580 0.0170 -0.5134
vn 0.8728 0.2213 -0.4350
vn 0.8489 0.3210 -0.4200
vn 0.9526 0.3037 0.0166
vn 0.3126 -0.6854 -0.6576
vn -0.4255 0.4878 0.7622
vn -0.0074 0.1624 -0.9867
vn 0.1282 -0.0552 -0.9902
vn -0.2206 0.4503 0.8652
vn -0.9217 0.3701 0.1163
vn 0.4343 0.8941 -0.1090
vn 0.1964 -0.4314 -0.8805
vn 0.7969 -0.4720 -0.3769
vn -0.7972 0.4070 -0.4459
vn -0.8734 -0.2426 -0.4223
vn -0.0782 0.0242 -0.9966
vn -0.5455 -0.1862 -0.8172
vn 0.4793 -0.6803 -0.5545
vn -0.4788 -0.2268 -0.8481
vn -0.5230 0.6840 0.5086
vn -0.1190 -0.2445 -0.9623
vn -0.3487 -0.2117 -0.9130
vn -0.1138 -0.1141 -0.9869
vn -0.0579 0.0174 -0.9982
vn 0.9137 -0.3872 0.1238
vn -0.7818 -0.2383 -0.5762
vn -0.3437 -0.1080 -0.9329
vn -0.1139 -0.1141 -0.9869
vn -0.1579 0.0786 -0.9843
vn -0.0702 0.0743 -0.9948
vn 0.0612 -0.3382 -0.9391
vn 0.0345 0.4538 0.8904
vn -0.6159 -0.0653 -0.7851
vn -0.1111 0.8331 -0.5419
vn 0.0301 0.9817 0.1879
vn -0.5526 -0.2771 -0.7860
vn -0.5604 -0.0924 -0.8230
vn -0.8043 -0.5040 -0.3147
vn -0.3601 -0.6720 0.6471
vn -0.1967 0.9804 -0.0090
vn 0.6955 0.5199 -0.4959
vn 0.9350 0.3250 0.1416
vn 0.7187 0.1685 0.6746
vn 0.8148 -0.2263 0.5338
vn 0.4796 -0.6982 -0.5314
vn 0.9767 0.1957 0.0879
vn 0.4850 0.1438 0.8626
vn 0.8379 0.0101 0.5458
vn 0.7162 0.2714 0.6430
vn 0.9260 0.0134 0.3773
vn 0.2274 -0.0351 0.9732
vn -0.6197 0.1439 0.7716
vn -0.8348 0.0438 0.5488
vn -0.9347 0.1633 0.3157
vn 0.5904 -0.4156 0.6919
vn 0.2715 0.9273 -0.2577
vn -0.9132 -0.1207 0.3892
vn -0.2021 0.2731 0.9405
vn -0.4826 -0.3025 0.8220
vn -0.8576 0.2633 0.4419
vn 0.1810 -0.9833 0.0187
vn -0.6002 0.2841 0.7477
vn -0.7166 -0.0586 0.6951
vn -0.9119 -0.2010 0.3578
vn -0.5444 -0.2545 0.7993
vn 0.3888 -0.4098 -0.8252
vn 0.8803 0.0993 0.4640
vn 0.5704 0.5854 -0.5762
vn 0.1211 -0.1082 -0.9867
vn -0.1048 -0.2437 -0.9642
vn 0.1440 0.3084 -0.9403
vn -0.1675 -0.5956 -0.7857
vn -0.8693 -0.4942 -0.0038
vn 0.7133 0.2433 0.6573
vn -0.2091 0.8970 -0.3893
vn 0.0703 -0.1070 -0.9918
vn 0.1789 0.9817 0.0654
vn 0.0502 -0.2033 -0.9778
vn 0.5403 0.2076 -0.8154
vn 0.1198 -0.0147 -0.9927
vn 0.1151 -0.0307 -0.9929
vn 0.0182 -0.8402 -0.5419
vn -0.3417 0.7163 0.6084
vn 0.9704 0.0610 -0.2338
vn -0.5428 0.7397 -0.3979
vn 0.8700 -0.3224 0.3730
vn -0.3982 -0.0232 0.9170
vn 0.6463 0.6035 0.4671
vn -0.3996 0.2067 0.8931
vn -0.3290 -0.0051 0.9443
vn 0.6998 0.2113 0.6824
vn 0.2695 0.6609 -0.7004
vn -0.4748 0.6218 0.6229
vn -0.2893 0.9267 -0.2399
vn 0.5943 -0.1179 -0.7955
vn 0.2018 0.0414 0.9785
vn 0.7450 0.6600 -0.0969
vn 0.9444 -0.0850 -0.3176
vn 0.1312 0.0100 0.9913
vn -0.8796 -0.4757 -0.0033
vn -0.2091 0.9741 0.0858
vn 0.2416 0.0530 -0.9689
vn 0.2177 -0.0498 0.9747
vn -0.5690 0.8044 -0.1710
vn 0.2991 -0.1880 -0.9355
vn 0.4143 0.1661 -0.8949
vn -0.5524 -0.7095 -0.4376
vn -0.5980 -0.0155 0.8013
vn -0.5687 -0.0028 0.8226
vn -0.5191 0.0407 0.8537
vn -0.6360 -0.0001 0.7716
vn 0.4463 -0.6593 -0.6052
vn -0.3343 0.6774 -0.6552
vn 0.7878 0.0853 0.6100
vn 0.5449 0.4251 0.7228
vn 0.6998 -0.5533 0.4518
vn -0.5936 0.7703 -0.2332
vn 0.7822 0.1020 0.6147
vn 0.5784 0.3416 0.7408
vn 0.4990 0.2995 0.8132
vn 0.8283 0.0314 0.5594
vn 0.7821 0.1019 0.6148
vn 0.7321 0.0223 0.6808
vn 0.8526 0.1163 0.5095
vn 0.8112 -0.0163 0.5846
vn 0.8198 -0.4075 0.4022
vn 0.8622 -0.2703 0.4284
vn 0.0821 0.0917 0.9924
vn 0.4308 0.3743 0.8211
vn 0.3756 0.4312 0.8204
vn 0.2548 0.3647 0.8956
vn 0.3429 0.3401 0.8757
vn 0.7743 0.1051 0.6241
vn 0.6789 0.2448 0.6922
vn 0.6631 0.0967 0.7422
vn 0.7022 -0.0097 0.7119
vn 0.5945 -0.2670 0.7585
vn 0.6762 0.2236 0.7019
vn 0.3558 0.4208 0.8345
vn 0.8653 -0.0108 0.5011
vn 0.7958 0.0208 0.6052
vn -0.8647 0.1964 0.4623
vn -0.8426 -0.0527 0.5359
vn -0.1893 -0.2393 -0.9523
vn -0.8427 -0.0526 0.5359
vn 0.4946 0.3107 0.8117
vn -0.9347 0.1502 0.3223
vn 0.3647 -0.9062 0.2142
vn -0.4399 -0.2513 0.8622
vn -0.5899 0.3057 -0.7474
vn -0.9303 -0.0548 0.3626
vn -0.9672 -0.0649 0.2458
vn -0.9712 -0.2321 0.0533
vn -0.9010 0.4303 0.0551
vn -0.9890 -0.0874 0.1195
vn -0.2866 0.3714 0.8831
vn -0.4791 -0.2238 -0.8488
vn -0.5426 0.8144 0.2060
vn -0.4095 -0.0324 0.9117
vn 0.7119 -0.4134 0.5677
vn -0.2321 0.1966 -0.9526
vn -0.7434 0.6688 -0.0069
vn -0.9916 -0.0869 0.0963
vn -0.9959 -0.0800 0.0432
vn -0.9960 -0.0892 -0.0000
vn 0.8003 -0.5960 -0.0655
vn -0.7864 -0.0270 0.6172
vn 0.6225 -0.2731 -0.7334
vn 0.4463 0.7093 0.5457
vn 0.0948 0.2690 -0.9585
vn 0.0226 -0.9370 -0.3486
vn 0.8387 0.3254 0.4366
vn 0.9994 -0.0245 -0.0233
vn -0.9545 0.2901 0.0686
vn 0.8300 0.4861 0.2733
vn 0.7994 0.5981 -0.0567
vn -0.8346 -0.0526 -0.5484
vn 0.7823 -0.5237 0.3373
vn -0.4631 0.6565 -0.5954
vn 0.9717 0.2315 0.0468
vn 0.7211 -0.3377 0.6050
vn 0.0579 -0.7574 -0.6503
vn 0.9172 -0.3583 -0.1744
vn 0.9945 0.0942 0.0454
vn 0.7678 -0.0201 0.6404
vn -0.7137 0.0398 0.6994
vn -0.9852 -0.1614 -0.0571
vn 0.9955 -0.0873 -0.0363
vn 0.9963 -0.0862 0.0052
vn 0.9985 -0.0522 -0.0182
vn -0.9865 -0.1306 0.0988
vn -0.8665 -0.4955 0.0602
vn -0.2068 0.4913 0.8461
vn 0.7243 -0.5762 0.3788
vn -0.9770 -0.0812 0.1970
vn -0.7105 -0.6989 -0.0826
vn -0.9916 -0.0868 0.0963
vn -0.9994 -0.0267 0.0218
vn -0.1942 0.8413 0.5044
vn -0.9859 -0.0832 0.1452
vn 0.7086 0.5424 -0.4513
vn 0.9373 0.0418 -0.3459
vn -0.2394 0.9709 -0.0026
vn -0.9303 -0.0549 0.3626
vn -0.2432 -0.3972 0.8849
vn -0.1463 0.9494 0.2778
vn -0.8653 -0.3710 0.3371
vn 0.0157 0.4502 -0.8928
vn -0.7711 0.0439 0.6352
vn -0.6286 0.4552 0.6306
vn -0.8426 -0.0526 0.5359
vn 0.5998 0.7323 -0.3224
vn 0.4753 -0.8790 -0.0382
vn 0.3475 0.3203 0.8813
vn -0.3113 -0.0814 -0.9468
vn -0.3480 -0.3698 -0.8615
vn -0.7170 0.6744 0.1764
vn 0.2374 0.1929 0.9521
vn 0.2376 -0.6976 -0.6759
vn -0.4884 -0.1604 -0.8577
vn -0.3084 0.9473 -0.0868
vn 0.2704 0.3138 -0.9102
vn 0.2811 0.2715 -0.9205
vn 0.6748 0.6370 0.3728
vn -0.9727 0.2318 0.0096
vn -0.4970 0.0715 0.8648
vn -0.9457 -0.0314 0.3235
vn 0.8487 0.5282 -0.0254
vn 0.5542 -0.3379 -0.7608
vn 0.8113 -0.5758 -0.1011
vn -0.2111 0.4088 0.8879
vn 0.8404 0.3164 -0.4400
vn 0.3680 0.6494 -0.6655
vn 0.8912 -0.1224 -0.4367
vn 0.6993 -0.1615 -0.6964
vn 0.8912 -0.1223 -0.4368
vn 0.9018 -0.1093 -0.4180
vn -0.4300 0.7454 -0.5094
vn -0.3791 -0.0560 0.9237
vn -0.1217 0.2972 -0.9470
vn 0.9955 -0.0873 -0.0364
vn 0.1189 0.3290 0.9368
vn -0.3881 -0.9120 0.1328
vn -0.8814 -0.4356 -0.1825
vn -0.9659 -0.1989 0.1658
vn -0.4025 0.7871 0.4674
vn -0.5595 0.8210 -0.1137
vn -0.9956 -0.0887 0.0302
vn -0.9901 -0.0591 0.1271
vn 0.9947 -0.0971 0.0328
vn 0.4054 0.0516 -0.9127
vn -0.6859 -0.1503 0.7120
vn 0.6901 0.1413 0.7098
vn 0.4637 -0.1941 -0.8644
vn 0.0064 0.0968 -0.9953
vn -0.2158 -0.3277 0.9198
vn 0.2863 0.1606 -0.9446
vn -0.5367 -0.0045 -0.8438
vn 0.8633 0.0592 0.5012
vn 0.2392 0.9447 0.2243
vn 0.1197 -0.2163 -0.9690
vn 0.5501 -0.5866 -0.5943
vn -0.9985 -0.0147 -0.0518
vn -0.4430 0.7227 0.5306
vn -0.6025 0.5922 -0.5352
vn 0.9195 0.1220 0.3737
vn -0.8967 -0.2054 -0.3922
vn 0.7183 0.5618 -0.4104
vn 0.2744 -0.7939 -0.5426
vn -0.6101 -0.1751 -0.7727
vn -0.4072 0.3511 -0.8432
vn 0.5136 -0.4909 0.7037
vn 0.0702 -0.1107 -0.9914
vn 0.4185 -0.8696 -0.2621
vn -0.3617 -0.3349 -0.8700
vn -0.5766 -0.6806 0.4521
vn 0.0254 -0.1705 -0.9850
vn 0.0281 -0.0201 -0.9994
vn 0.7098 0.2048 -0.6739
vn -0.2435 0.9524 -0.1836
vn 0.1238 -0.3156 -0.9408
vn -0.6067 -0.0574 -0.7928
vn -0.2791 0.9560 -0.0902
vn -0.9961 -0.0591 -0.0661
vn 0.4009 -0.9074 0.1265
vn -0.6341 0.0192 -0.7730
vn 0.9964 -0.0738 -0.0422
vn 0.9840 -0.1051 -0.1438
vn -0.1031 0.8945 0.4350
vn 0.9434 -0.1037 -0.3149
vn 0.3242 -0.8751 0.3594
vn -0.1988 0.4491 -0.8711
vn -0.9076 0.1180 -0.4029
vn -0.2911 -0.5751 -0.7645
vn 0.9699 0.2409 0.0348
vn 0.8678 0.3352 0.3669
vn 0.5305 0.3222 -0.7841
vn 0.9434 -0.1037 -0.3150
vn 0.9585 -0.0341 0.2830
vn -0.3144 0.9463 0.0758
vn 0.7697 -0.0966 -0.6310
vn 0.9984 -0.0557 0.0055
vn -0.5670 0.8207 -0.0706
vn 0.7999 -0.1011 -0.5915
vn 0.1748 0.8367 0.5190
vn 0.0212 -0.0061 -0.9998
vn 0.9127 -0.3523 -0.2071
vn -0.0000 -0.0583 -0.9983
vn 0.0212 -0.0060 -0.9998
vn 0.2087 -0.0259 -0.9776
vn 0.5579 0.7760 0.2944
vn 0.9981 0.0162 0.0596
vn -0.7486 0.0020 -0.6630
vn 0.7638 -0.4732 -0.4389
vn 0.9565 0.2578 -0.1364
vn 0.9981 0.0162 0.0595
vn 0.9509 -0.1214 0.2848
vn -0.8738 0.4082 -0.2643
vn 0.9716 -0.2305 -0.0527
vn 0.9767 0.1666 -0.1353
vn -0.5120 0.5410 -0.6672
vn 0.0506 -0.1811 0.9822
vn -0.8863 0.4157 -0.2041
vn -0.8098 0.1263 -0.5730
vn -0.9429 -0.2097 -0.2588
vn -0.9635 -0.0940 -0.2507
vn -0.8209 -0.0804 -0.5654
vn -0.9040 0.0741 -0.4211
vn 0.4269 0.6845 -0.5910
vn -0.3096 0.8231 -0.4761
vn 0.5184 0.8537 -0.0502
vn -0.0936 -0.9146 0.3933
vn 0.9525 0.3038 -0.0188
vn 0.9906 0.0800 -0.1110
vn 0.9972 0.0421 0.0616
vn 0.8978 -0.0968 -0.4297
vn 0.9217 0.0039 -0.3878
vn 0.8689 -0.1354 -0.4762
vn 0.3620 -0.3377 -0.8689
vn 0.5823 -0.1280 -0.8029
vn 0.0947 -0.4236 -0.9009
vn 0.9116 -0.1457 -0.3844
vn 0.9983 0.0493 -0.0310
vn 0.9732 -0.0178 -0.2292
vn 0.8987 -0.0948 -0.4282
vn 0.6122 -0.1815 -0.7696
vn 0.5823 -0.1281 -0.8028
vn 0.0116 0.6347 -0.7727
vn 0.6625 0.6537 -0.3658
vn -0.5359 0.0893 -0.8396
vn -0.5363 0.1838 -0.8238
vn -0.8343 0.2268 -0.5024
vn -0.6474 0.7276 0.2269
vn -0.3758 -0.2071 -0.9033
vn -0.3814 -0.2216 -0.8974
vn -0.5358 -0.1503 -0.8309
vn -0.3701 0.2474 -0.8954
vn -0.2485 0.6448 -0.7228
vn -0.4183 0.6004 0.6816
vn -0.1324 -0.0131 -0.9911
vn -0.1355 -0.1857 -0.9732
vn 0.5477 0.0261 -0.8363
vn 0.8921 0.0574 -0.4483
vn 0.5823 -0.1280 -0.8028
vn 0.4235 0.4007 -0.8125
vn 0.1540 0.3823 -0.9111
vn -0.5503 -0.4201 0.7216
vn -0.4827 -0.4087 0.7745
vn 0.4945 0.1686 -0.8527
vn -0.9535 -0.3015 -0.0030
vn 0.5712 0.7745 0.2719
vn 0.7390 -0.0048 -0.6737
vn -0.8651 -0.4912 -0.1019
vn 0.9665 0.1678 -0.1941
vn 0.9126 0.4085 -0.0149
vn 0.8905 0.4501 -0.0668
vn -0.1455 -0.9664 0.2119
vn 0.9017 0.4194 -0.1050
vn -0.9806 0.1772 -0.0833
vn -0.7077 0.5271 -0.4705
vn -0.9979 0.0300 -0.0574
vn -0.2423 -0.9593 -0.1451
vn -0.9840 0.1717 -0.0467
vn 0.9961 -0.0843 0.0275
vn -0.9841 0.1717 -0.0467
vn 0.0179 -0.7008 -0.7132
vn -0.9841 0.1716 -0.0466
vn -0.9295 0.3675 -0.0325
vn -0.9632 0.2216 -0.1521
vn -0.9921 -0.0908 -0.0861
vn 0.9651 0.0320 -0.2600
vn 0.0595 0.0671 -0.9960
vn 0.3344 -0.0131 -0.9423
vn 0.4398 0.6847 0.5811
vn -0.8997 0.1578 -0.4069
vn -0.5530 0.4543 -0.6984
vn -0.8452 -0.1935 -0.4981
vn -0.9434 0.0569 -0.3268
vn -0.9768 -0.0852 -0.1964
vn 0.1018 0.0445 -0.9938
vn 0.2422 0.1852 -0.9524
vn 0.3086 0.0658 -0.9489
vn 0.9156 0.1868 -0.3562
vn 0.9578 0.1906 0.2153
vn 0.6339 0.1629 -0.7560
vn 0.9862 -0.0271 -0.1636
vn 0.9920 -0.0892 -0.0895
vn 0.8369 0.4080 -0.3649
vn 0.9995 -0.0263 -0.0176
vn 0.9878 -0.0724 -0.1376
vn 0.7831 -0.0067 -0.6218
vn 0.3950 -0.2166 -0.8928
vn 0.5569 -0.0585 -0.8285
vn 0.5913 -0.1743 -0.7874
vn 0.9169 -0.0140 -0.3988
vn 0.8802 -0.1237 -0.4582
vn -0.2733 -0.1828 -0.9444
vn 0.0728 0.1889 -0.9793
vn 0.1610 0.1630 -0.9734
vn -0.2119 0.1379 -0.9675
vn -0.4012 -0.2509 -0.8810
vn 0.1406 -0.2338 -0.9621
vn 0.0945 -0.1306 -0.9869
vn -0.5487 -0.1849 -0.8153
vn -0.8576 -0.0718 -0.5093
vn -0.8621 -0.1284 -0.4903
vn 0.3410 0.8049 -0.4856
vn -0.4828 0.6418 -0.5959
vn 0.8786 -0.4775 -0.0040
vn -0.4634 0.2741 0.8427
vn -0.1944 0.1545 -0.9687
vn -0.2570 -0.3070 0.9163
vn -0.1048 0.0423 -0.9936
vn 0.4442 0.6208 -0.6460
vn 0.9932 0.1144 0.0235
vn 0.6202 0.6964 0.3610
vn -0.8732 -0.3175 0.3697
vn -0.8808 -0.1775 -0.4389
vn 0.5933 0.8015 -0.0744
vn 0.6006 0.6721 -0.4332
vn 0.5067 0.1758 -0.8440
vn 0.8631 0.3074 -0.4008
vn 0.9935 0.0208 -0.1123
vn 0.4297 0.7512 -0.5011
vn 0.9530 0.2871 -0.0965
vn -0.9957 -0.0864 0.0332
vn -0.9563 -0.2530 0.1464
vn -0.9416 0.3209 0.1018
vn -0.9920 -0.0174 -0.1249
vn -0.9860 0.0430 -0.1612
vn -0.9070 -0.0194 -0.4207
vn -0.9094 -0.0098 -0.4157
vn -0.5082 -0.0647 -0.8588
vn -0.4892 -0.0426 -0.8711
vn -0.2768 -0.1136 -0.9542
vn 0.9989 0.0070 0.0463
vn 0.9966 0.0823 0.0084
vn 0.8534 -0.1359 -0.5033
vn 0.5570 -0.0585 -0.8285
vn -0.2885 0.0471 -0.9563
vn -0.3249 -0.0874 -0.9417
vn -0.9838 0.1384 -0.1138
vn -0.9956 0.0935 0.0092
vn -0.9991 -0.0411 -0.0132
vn -0.9941 0.0213 0.1065
vn -0.9127 0.0635 -0.4037
vn -0.9259 0.2275 0.3017
vn -0.6440 0.5351 -0.5468
vn -0.2839 0.3073 -0.9083
vn -0.3362 -0.0861 -0.9379
vn -0.7686 0.3997 -0.4995
vn -0.7086 0.6997 -0.0915
vn -0.8621 -0.1284 -0.4902
vn 0.2091 0.7194 -0.6623
vn 0.6064 0.2025 0.7690
vn 0.9674 0.2480 0.0520
vn 0.4451 0.4382 -0.7809
vn 0.6809 0.2925 0.6714
vn -0.6694 0.2860 -0.6856
vn 0.8049 0.5550 -0.2101
vn 0.2031 0.0814 -0.9758
vn 0.8186 0.1246 0.5607
vn 0.5281 0.0420 -0.8481
vn -0.3476 0.7083 0.6144
vn 0.8997 0.1828 -0.3964
vn -0.9226 -0.3586 0.1424
vn 0.9954 -0.0814 -0.0499
vn 0.9970 -0.0358 -0.0693
vn 0.9170 -0.0140 -0.3987
vn 0.9845 -0.0155 -0.1746
vn 0.6094 -0.0485 -0.7914
vn 0.4955 0.0432 -0.8676
vn 0.1223 -0.1570 -0.9800
vn 0.5914 -0.1743 -0.7873
vn 0.9147 0.0160 -0.4039
vn 0.5601 -0.1177 -0.8200
vn 0.5204 0.3926 -0.7583
vn -0.1048 0.0422 -0.9936
vn -0.5880 0.6813 -0.4360
vn -0.9765 -0.1185 -0.1800
vn -0.4680 0.0834 -0.8798
vn -0.8174 0.3389 -0.4659
vn -0.2410 0.1894 -0.9519
vn 0.9920 -0.0893 -0.0895
vn -0.1720 0.9090 0.3796
vn 0.8740 -0.4824 0.0584
vn -0.9963 -0.0322 -0.0799
vn -0.9926 0.0957 -0.0751
vn 0.9932 0.1143 0.0235
vn -0.5641 -0.7061 0.4281
vn 0.0754 0.4449 -0.8924
vn 0.8997 0.1828 -0.3965
vn -0.1115 -0.1110 -0.9875
vn -0.4357 -0.0526 -0.8985
vn -0.6464 0.2137 -0.7324
vn -0.9973 -0.0043 -0.0728
vn -0.5186 0.7019 -0.4882
vn -0.8157 -0.3318 -0.4738
vn 0.9378 -0.1146 -0.3277
vn 0.9483 -0.1036 -0.2999
vn 0.5822 -0.1281 -0.8029
vn 0.4017 -0.2192 -0.8892
vn 0.6121 -0.1815 -0.7697
vn 0.8626 -0.0245 -0.5053
vn 0.9651 0.1176 -0.2340
vn 0.5359 0.1494 -0.8310
vn 0.3693 -0.0703 -0.9267
vn 0.3478 0.0675 -0.9351
vn 0.5520 0.2120 -0.8065
vn 0.5822 -0.1280 -0.8029
vn 0.2118 -0.2109 -0.9543
vn 0.1542 0.2300 -0.9609
vn -0.2603 -0.3664 -0.8933
vn -0.1150 -0.0637 -0.9913
vn -0.4659 -0.2633 -0.8447
vn -0.4664 -0.0651 -0.8821
vn -0.8405 0.1362 -0.5244
vn -0.6210 0.7838 0.0010
vn -0.8344 0.2267 -0.5024
vn -0.5363 0.1256 -0.8346
vn -0.3814 -0.2216 -0.8975
vn -0.3157 -0.1110 0.9423
vn -0.3897 -0.1850 -0.9022
vn -0.3102 -0.0112 -0.9506
vn 0.6886 -0.7150 -0.1203
vn 0.6727 0.2866 -0.6822
vn -0.5679 0.4479 -0.6905
vn 0.2914 0.0699 -0.9541
vn 0.4230 0.8374 0.3463
vn 0.9700 0.2212 -0.1009
vn -0.8339 -0.5260 0.1669
vn -0.6739 -0.1024 -0.7317
vn 0.7590 0.3459 0.5517
vn 0.7755 0.4795 -0.4107
vn 0.3386 0.8314 -0.4405
vn -0.9994 0.0332 -0.0039
vn 0.0836 -0.9852 -0.1496
vn -0.9577 0.1832 -0.2220
vn -0.5584 0.8275 -0.0585
vn -0.9673 -0.0651 -0.2451
vn -0.9928 0.1027 0.0618
vn -0.9632 0.2216 -0.1522
vn -0.9841 0.1716 -0.0467
vn -0.9793 0.0706 -0.1899
vn 0.9240 0.0585 0.3780
vn -0.3247 0.3546 -0.8768
vn 0.3111 0.6362 0.7060
vn 0.1798 0.2266 -0.9573
vn -0.9569 -0.1060 -0.2703
vn 0.4987 0.7297 -0.4678
vn 0.3423 -0.8861 -0.3125
vn 0.9700 0.2212 -0.1010
vn 0.9936 0.0176 -0.1119
vn 0.5484 -0.1189 -0.8277
vn 0.9305 0.2699 -0.2476
vn -0.1477 0.0330 -0.9885
vn 0.0848 0.0846 -0.9928
vn -0.2613 0.3319 -0.9064
vn 0.6296 0.7553 0.1821
vn 0.5149 -0.2918 -0.8061
vn 0.9219 0.3830 -0.0594
vn 0.9934 -0.0273 0.1113
vn 0.9638 0.0057 0.2665
vn 0.8450 0.3291 -0.4215
vn 0.9836 0.1750 -0.0435
vn 0.4367 -0.8537 0.2836
vn -0.2622 -0.2484 0.9325
vn 0.3815 -0.2057 -0.9012
vn -0.0542 -0.9930 -0.1047
vn -0.4667 -0.0789 -0.8809
vn -0.0000 -0.1372 -0.9905
vn 0.8007 0.5984 0.0265
vn 0.3861 -0.9197 0.0709
vn -0.7553 0.3417 -0.5592
vn 0.8625 -0.4737 -0.1781
vn -0.5959 0.5376 -0.5966
vn 0.2593 0.5331 0.8054
vn -0.3144 0.1865 0.9308
vn -0.1181 0.3387 -0.9334
vn -0.9960 -0.0876 -0.0183
vn -0.9918 -0.0896 -0.0908
vn -0.0431 0.6978 -0.7150
vn -0.5769 0.6046 -0.5492
vn -0.5124 0.5158 0.6866
vn -0.9961 -0.0590 -0.0661
vn 0.7387 -0.1105 -0.6649
vn 0.9919 -0.0347 -0.1226
vn 0.6274 -0.0514 -0.7770
vn -0.1256 0.9031 0.4107
vn 0.3262 -0.8643 -0.3829
vn -0.3286 0.7054 0.6281
vn 0.9964 -0.0738 -0.0421
vn 0.9972 -0.0745 -0.0089
vn -0.4251 -0.7534 0.5016
vn 0.8846 -0.3146 -0.3443
vn 0.9916 -0.0690 0.1093
vn -0.8955 0.3997 -0.1959
vn 0.4920 0.0740 -0.8675
vn 0.0233 0.0995 0.9948
vn -0.0906 0.5327 -0.8415
vn 0.6290 0.0839 -0.7729
vn -0.1261 -0.9602 -0.2494
vn 0.0211 -0.0061 -0.9998
vn 0.9603 0.0779 0.2679
vn 0.0356 0.0145 -0.9993
vn -0.0787 0.5621 -0.8233
vn 0.0001 -0.0583 -0.9983
vn -0.0490 -0.9967 -0.0650
vn -0.5958 0.4096 -0.6908
vn -0.0000 -0.1371 -0.9906
vn 0.0252 -0.1636 -0.9862
vn -0.7756 0.6273 0.0700
vn 0.1801 0.0996 -0.9786
vn -0.8059 0.5504 -0.2183
vn -0.1719 -0.9847 -0.0288
vn 0.5995 -0.0874 -0.7956
vn 0.8475 0.2967 -0.4401
vn 0.8873 -0.1379 -0.4400
vn 0.5428 0.6963 -0.4696
vn 0.5054 -0.7076 0.4938
vn 0.6163 0.2761 -0.7375
vn 0.5276 0.2357 -0.8162
vn 0.7270 0.0059 -0.6867
vn 0.5057 -0.6036 -0.6164
vn -0.0092 -0.8134 0.5817
vn 0.8991 -0.0771 -0.4309
vn 0.8009 0.5326 0.2736
vn 0.9955 -0.0874 -0.0363
vn -0.4741 0.8640 0.1693
vn 0.7413 -0.2271 0.6315
vn -0.9901 -0.0864 0.1110
vn -0.9919 0.0209 -0.1255
vn -0.4818 0.6365 0.6022
vn -0.0699 0.5100 -0.8573
vn -0.9962 -0.0848 -0.0213
vn -0.9958 -0.0901 -0.0181
vn 0.6995 0.0500 -0.7129
vn 0.4458 -0.2925 -0.8460
vn 0.3060 -0.2197 -0.9263
vn -0.8021 0.5963 0.0327
vn 0.8336 0.5237 -0.1758
vn -0.4885 -0.1604 -0.8577
vn -0.9328 0.2978 -0.2029
vn 0.5838 0.6652 0.4655
vn -0.2155 -0.8644 -0.4543
vn -0.0033 -0.1432 -0.9897
vn 0.4639 0.8849 -0.0416
vn 0.9938 -0.0451 0.1014
vn 0.6357 0.1049 -0.7648
vn -0.6226 0.0554 -0.7806
vn 0.0663 0.3582 0.9313
vn 0.7225 0.3303 0.6074
vn 0.7372 0.5445 0.4000
vn 0.5722 -0.7831 0.2434
vn 0.4268 -0.0447 0.9032
vn 0.8669 -0.0540 0.4956
vn 0.7048 -0.2535 0.6626
vn -0.5804 0.7794 -0.2360
vn -0.8041 -0.1463 -0.5762
vn 0.1094 0.0209 0.9938
vn 0.9363 -0.2093 0.2819
vn 0.8593 0.2820 0.4266
vn 0.8700 -0.3028 0.3891
vn 0.9564 -0.2680 0.1164
vn -0.7728 0.2713 -0.5738
vn 0.8319 0.1712 0.5278
vn 0.9707 -0.1382 -0.1965
vn 0.8532 -0.4803 -0.2035
vn 0.6314 0.7199 0.2883
vn 0.9604 0.0649 0.2711
vn -0.8456 0.3127 0.4326
vn -0.9754 0.0882 -0.2018
vn 0.9458 0.1619 0.2815
vn 0.9852 0.0032 0.1713
vn 0.9666 -0.2400 -0.0903
vn 0.9586 -0.0083 0.2848
vn -0.1824 0.6420 0.7447
vn 0.9586 -0.0083 0.2847
vn 0.8669 -0.0036 0.4985
vn 0.9356 0.0338 0.3514
vn 0.7265 0.0863 0.6818
vn 0.8994 0.1096 0.4232
vn 0.9356 0.0339 0.3514
vn 0.9228 0.3850 0.0142
vn -0.7688 -0.6392 0.0192
vn 0.9756 -0.0161 0.2189
vn 0.7443 -0.6549 -0.1310
vn -0.9964 -0.0520 -0.0663
vn 0.9586 -0.0082 0.2847
vn -0.9240 -0.3648 -0.1146
vn 0.8898 0.2307 0.3937
vn 0.0581 0.9478 0.3136
vn 0.9962 -0.0563 -0.0659
vn -0.7906 -0.1025 -0.6037
vn 0.9703 -0.1604 -0.1811
vn 0.5902 0.2580 0.7649
vn -0.4888 0.5178 -0.7021
vn 0.0106 -0.0679 -0.9976
vn 0.9700 0.1538 -0.1883
vn -0.5746 0.7773 0.2562
vn 0.7316 0.4908 -0.4732
vn 0.2220 0.3601 0.9061
vn 0.9994 -0.0333 -0.0091
vn 0.9728 0.0592 0.2240
vn 0.3541 0.9241 0.1434
vn -0.2120 -0.5834 -0.7840
vn 0.8706 -0.0078 -0.4919
vn -0.3843 0.8797 0.2801
vn -0.2731 0.9506 -0.1473
vn 0.9818 0.0042 0.1900
vn 0.9544 0.2806 0.1021
vn 0.8036 0.3488 0.4822
vn 0.9368 0.0924 -0.3373
vn -0.6668 -0.5755 0.4735
vn 0.9914 -0.1058 0.0774
vn 0.8182 -0.5526 -0.1584
vn 0.6501 0.0502 0.7582
vn 0.9296 0.1519 0.3357
vn 0.3076 0.4732 -0.8255
vn 0.9374 -0.3439 0.0556
vn -0.1951 0.9752 0.1048
vn -0.2049 -0.2515 -0.9459
vn 0.9994 -0.0245 -0.0234
vn 0.9901 -0.0825 0.1134
vn 0.9812 -0.1538 0.1165
vn 0.7402 0.6699 0.0584
vn 0.9421 0.2986 0.1529
vn 0.9573 -0.2874 -0.0297
vn 0.2983 -0.9435 0.1445
vn 0.7524 -0.6551 -0.0687
vn 0.9017 0.3807 0.2052
vn 0.8049 -0.2009 0.5583
vn 0.9698 -0.0777 0.2310
vn 0.9688 -0.0944 0.2293
vn 0.9698 -0.0777 0.2311
vn 0.6511 0.4701 0.5959
vn 0.8997 -0.3932 0.1896
vn 0.9690 -0.0280 0.2455
vn 0.9738 -0.0092 0.2271
vn 0.9855 -0.0282 0.1674
vn -0.9630 0.2254 -0.1476
vn 0.0644 0.9978 0.0120
vn 0.8306 -0.4086 0.3784
vn 0.9423 0.1765 0.2846
vn -0.8303 0.2343 -0.5057
vn 0.9656 -0.0671 0.2513
vn 0.8526 0.4062 0.3288
vn 0.1811 -0.9125 -0.3667
vn -0.4911 -0.8039 -0.3355
vn 0.9935 -0.1015 0.0518
vn 0.9263 0.2117 0.3116
vn -0.2606 -0.8572 0.4441
vn 0.4088 0.9104 -0.0644
vn -0.8868 -0.2074 0.4130
vn -0.4490 -0.8923 -0.0474
vn 0.9395 -0.2161 0.2658
vn 0.9656 -0.0671 0.2512
vn 0.9498 -0.0655 0.3061
vn 0.9802 -0.0843 0.1793
vn 0.9602 -0.0750 0.2690
vn -0.9262 0.0098 -0.3769
vn -0.9107 -0.3127 -0.2698
vn -0.6274 0.2869 0.7239
vn 0.2721 -0.9365 0.2214
vn 0.9688 -0.0186 0.2471
vn -0.0990 0.4695 -0.8774
vn 0.9939 -0.1090 0.0176
vn 0.2171 0.5888 0.7786
vn 0.9899 -0.0836 0.1146
vn 0.4693 -0.6379 -0.6106
vn 0.9828 -0.0566 0.1756
vn -0.9944 -0.0826 0.0663
vn 0.9974 -0.0592 0.0420
vn 0.6707 -0.2837 0.6853
vn 0.4348 -0.4164 -0.7984
vn -0.9367 0.0882 -0.3388
vn 0.7064 -0.1793 0.6848
vn 0.9983 -0.0579 0.0095
vn 0.9653 0.1524 0.2123
vn 0.9667 -0.0131 0.2554
vn 0.9960 -0.0241 0.0858
vn 0.9855 -0.0476 0.1630
vn 0.9967 -0.0761 -0.0294
vn 0.7502 -0.0324 0.6604
vn -0.3165 -0.8969 -0.3088
vn -0.9106 -0.4106 -0.0479
vn 0.8826 -0.4104 -0.2292
vn 0.9818 -0.0515 0.1826
vn 0.9956 -0.0363 0.0867
vn 0.9883 -0.0247 0.1503
vn 0.9937 -0.0149 0.1109
vn 0.9756 -0.0162 0.2189
vn 0.9883 -0.0099 0.1523
vn 0.9801 0.0149 0.1978
vn 0.9356 0.0339 0.3513
vn 0.6388 0.7543 0.1516
vn 0.8244 -0.4307 -0.3672
vn 0.0235 0.8717 0.4894
vn 0.8283 -0.5499 -0.1073
vn 0.6264 0.7793 0.0187
vn 0.5097 0.4081 0.7574
vn 0.9062 0.2563 -0.3364
vn -0.6876 0.7202 -0.0922
vn 0.9770 -0.2080 -0.0479
vn 0.8691 0.0739 0.4891
vn 0.7633 -0.3627 0.5347
vn 0.8833 0.0071 -0.4688
vn -0.9794 -0.1722 -0.1056
vn -0.3966 0.4803 0.7823
vn 0.1687 -0.8287 0.5336
vn 0.8255 0.0400 0.5630
vn 0.5424 0.7078 -0.4525
vn 0.8668 -0.0541 0.4956
vn 0.2687 -0.9443 -0.1899
vn -0.9076 0.3505 -0.2310
vt 0.040002 0.102276
vt 0.081516 0.102276
vt 0.040001 0.122443
vt 0.081515 0.122443
vt 0.040003 0.081951
vt 0.081517 0.081951
vt 0.040004 0.061504
vt 0.081518 0.061504
vt 0.040005 0.041093
vt 0.081520 0.041093
vt 0.040001 0.272239
vt 0.081515 0.272239
vt 0.040001 0.291256
vt 0.081515 0.291256
vt 0.040001 0.251650
vt 0.081515 0.251650
vt 0.040001 0.231868
vt 0.081515 0.231868
vt 0.040001 0.209298
vt 0.081515 0.209298
vt 0.040001 0.188439
vt 0.081515 0.188439
vt 0.040001 0.144146
vt 0.081515 0.144146
vt 0.040001 0.166143
vt 0.081515 0.166143
vt 0.246007 0.748727
vt 0.238179 0.768075
vt 0.178637 0.725046
vt 0.226295 0.784467
vt 0.211177 0.796798
vt 0.193858 0.804240
vt 0.175509 0.806298
vt 0.181758 0.643773
vt 0.199895 0.647234
vt 0.216591 0.655984
vt 0.230717 0.669438
vt 0.241306 0.686695
vt 0.247626 0.706584
vt 0.249232 0.727748
vt 0.472601 0.544951
vt 0.472601 0.556015
vt 0.466628 0.556015
vt 0.472601 0.524046
vt 0.472601 0.534312
vt 0.466628 0.534312
vt 0.472601 0.503502
vt 0.472601 0.514145
vt 0.466628 0.514145
vt 0.472601 0.482916
vt 0.472601 0.493821
vt 0.466628 0.493821
vt 0.472601 0.463161
vt 0.472601 0.473373
vt 0.466628 0.473373
vt 0.472601 0.692766
vt 0.472601 0.703125
vt 0.466628 0.703125
vt 0.472601 0.673206
vt 0.472601 0.684107
vt 0.466628 0.684107
vt 0.472601 0.653998
vt 0.472635 0.663519
vt 0.466628 0.663519
vt 0.472601 0.632520
vt 0.472601 0.643737
vt 0.466628 0.643737
vt 0.472601 0.610086
vt 0.472601 0.621167
vt 0.466628 0.621167
vt 0.472601 0.588189
vt 0.472601 0.600308
vt 0.466628 0.600308
vt 0.472601 0.565759
vt 0.472601 0.578012
vt 0.466628 0.578012
vt 0.253280 0.764305
vt 0.241669 0.785321
vt 0.225781 0.802200
vt 0.206707 0.813812
vt 0.185744 0.819388
vt 0.192969 0.631501
vt 0.213441 0.638670
vt 0.231566 0.651712
vt 0.246111 0.669761
vt 0.256071 0.691607
vt 0.260744 0.715765
vt 0.259794 0.740571
vt 0.040001 0.464176
vt 0.040001 0.442205
vt 0.081515 0.464176
vt 0.081515 0.442205
vt 0.040001 0.483303
vt 0.081515 0.483303
vt 0.040001 0.503236
vt 0.081515 0.503236
vt 0.040001 0.524264
vt 0.081515 0.524264
vt 0.040001 0.542656
vt 0.081515 0.542656
vt 0.040001 0.312297
vt 0.081515 0.312297
vt 0.040001 0.332001
vt 0.081515 0.332001
vt 0.040001 0.351296
vt 0.081515 0.351296
vt 0.040001 0.372287
vt 0.081515 0.372287
vt 0.040001 0.395725
vt 0.081515 0.395725
vt 0.040001 0.419657
vt 0.081515 0.419657
vt 0.109467 0.743476
vt 0.115804 0.763366
vt 0.126423 0.780624
vt 0.140587 0.794081
vt 0.157329 0.802834
vt 0.163367 0.645830
vt 0.146003 0.653271
vt 0.130847 0.665600
vt 0.118934 0.681992
vt 0.111088 0.701336
vt 0.107856 0.722313
vt 0.358032 0.876045
vt 0.358032 0.854074
vt 0.399858 0.876045
vt 0.399858 0.854074
vt 0.358032 0.895172
vt 0.399858 0.895172
vt 0.358032 0.915105
vt 0.399858 0.915105
vt 0.358032 0.936132
vt 0.399858 0.936133
vt 0.358032 0.954525
vt 0.399858 0.954525
vt 0.358031 0.703125
vt 0.399858 0.703125
vt 0.358031 0.724166
vt 0.399858 0.724166
vt 0.358031 0.743870
vt 0.399858 0.743870
vt 0.358031 0.763165
vt 0.399858 0.763165
vt 0.358031 0.784156
vt 0.399858 0.784156
vt 0.358031 0.807594
vt 0.399858 0.807594
vt 0.358031 0.831526
vt 0.399858 0.831526
vt 0.081316 0.793277
vt 0.071235 0.761330
vt 0.091423 0.788875
vt 0.081417 0.758297
vt 0.098382 0.821334
vt 0.106294 0.813347
vt 0.121015 0.843029
vt 0.126640 0.833468
vt 0.147825 0.856940
vt 0.150883 0.844965
vt 0.176861 0.861995
vt 0.177091 0.849545
vt 0.182091 0.598655
vt 0.181755 0.611677
vt 0.152679 0.602385
vt 0.155119 0.614885
vt 0.124993 0.614856
vt 0.130072 0.625875
vt 0.101185 0.635502
vt 0.108726 0.644371
vt 0.083016 0.662657
vt 0.091326 0.669016
vt 0.072110 0.694073
vt 0.083259 0.696314
vt 0.068071 0.727597
vt 0.079687 0.727743
vt 0.048189 0.767592
vt 0.060451 0.805785
vt 0.081455 0.839199
vt 0.108966 0.865236
vt 0.141544 0.881953
vt 0.176591 0.888089
vt 0.182967 0.571749
vt 0.147657 0.576488
vt 0.114124 0.592198
vt 0.084873 0.617297
vt 0.062370 0.649952
vt 0.049393 0.687683
vt 0.044241 0.727485
vt 0.042364 0.815754
vt 0.032574 0.794914
vt 0.045690 0.813164
vt 0.036015 0.792984
vt 0.068000 0.852667
vt 0.054348 0.835068
vt 0.070710 0.849115
vt 0.057336 0.832052
vt 0.100320 0.881299
vt 0.083597 0.868113
vt 0.102265 0.876906
vt 0.085862 0.864179
vt 0.137072 0.900021
vt 0.118248 0.892017
vt 0.138136 0.894971
vt 0.119707 0.887347
vt 0.176286 0.906885
vt 0.156477 0.905013
vt 0.176370 0.901586
vt 0.157076 0.899879
vt 0.163644 0.552496
vt 0.164021 0.558710
vt 0.144036 0.557005
vt 0.144913 0.563083
vt 0.124940 0.564606
vt 0.126267 0.570221
vt 0.106648 0.575159
vt 0.108387 0.580415
vt 0.089313 0.588367
vt 0.091323 0.592871
vt 0.073164 0.603769
vt 0.075621 0.607655
vt 0.058651 0.620945
vt 0.061344 0.624173
vt 0.045812 0.639744
vt 0.048929 0.642440
vt 0.034913 0.659994
vt 0.038234 0.662037
vt 0.026618 0.681528
vt 0.030350 0.682958
vt 0.021386 0.704044
vt 0.025168 0.704808
vt 0.019060 0.727049
vt 0.023024 0.727083
vt 0.025296 0.772940
vt 0.020922 0.750171
vt 0.029075 0.771611
vt 0.024702 0.749445
vt 0.167797 0.165652
vt 0.143028 0.177183
vt 0.154038 0.157860
vt 0.190498 0.134885
vt 0.166331 0.140197
vt 0.180113 0.124451
vt 0.218414 0.111570
vt 0.195580 0.110872
vt 0.211983 0.099539
vt 0.250504 0.097224
vt 0.229318 0.090430
vt 0.247435 0.084112
vt 0.284206 0.092911
vt 0.265872 0.080239
vt 0.284566 0.079303
vt 0.243650 0.391322
vt 0.258170 0.408779
vt 0.240110 0.403856
vt 0.212382 0.374863
vt 0.222566 0.396305
vt 0.205866 0.385913
vt 0.184990 0.349563
vt 0.189964 0.373396
vt 0.175461 0.358564
vt 0.163700 0.317465
vt 0.162410 0.342169
vt 0.151651 0.324081
vt 0.150921 0.280669
vt 0.141504 0.304915
vt 0.134690 0.284404
vt 0.146843 0.241505
vt 0.130252 0.263101
vt 0.128487 0.241336
vt 0.152926 0.202305
vt 0.130962 0.219532
vt 0.135843 0.198019
vt 0.128498 0.196386
vt 0.136357 0.174804
vt 0.147586 0.154653
vt 0.160572 0.136440
vt 0.174826 0.119956
vt 0.191072 0.105940
vt 0.208196 0.094048
vt 0.226444 0.084715
vt 0.245530 0.078030
vt 0.265029 0.074106
vt 0.284732 0.073025
vt 0.183331 0.557726
vt 0.183498 0.551305
vt 0.257057 0.414083
vt 0.276424 0.416096
vt 0.276550 0.410587
vt 0.238051 0.408999
vt 0.219677 0.400946
vt 0.202195 0.390215
vt 0.185619 0.377151
vt 0.170362 0.362056
vt 0.156776 0.345205
vt 0.144721 0.326842
vt 0.134519 0.307034
vt 0.127182 0.285902
vt 0.122575 0.263835
vt 0.120804 0.241301
vt 0.123420 0.218694
vt 0.187284 0.179350
vt 0.175250 0.209560
vt 0.205676 0.153722
vt 0.228804 0.134303
vt 0.255288 0.122433
vt 0.283340 0.118902
vt 0.276850 0.397471
vt 0.277265 0.371624
vt 0.249538 0.366337
vt 0.223463 0.352362
vt 0.201038 0.331615
vt 0.183977 0.305110
vt 0.173649 0.274565
vt 0.170682 0.242023
vt 0.199550 0.188052
vt 0.188569 0.214178
vt 0.215292 0.165836
vt 0.235368 0.148934
vt 0.258419 0.138531
vt 0.282902 0.135340
vt 0.277649 0.354623
vt 0.253291 0.349912
vt 0.230707 0.338018
vt 0.211470 0.320106
vt 0.196173 0.297007
vt 0.188135 0.270520
vt 0.185578 0.242318
vt 0.274330 0.797666
vt 0.264465 0.791330
vt 0.285439 0.766417
vt 0.274341 0.763022
vt 0.256369 0.824511
vt 0.248739 0.815779
vt 0.233159 0.845158
vt 0.227863 0.834455
vt 0.206007 0.858001
vt 0.203372 0.845965
vt 0.208159 0.616251
vt 0.211271 0.603893
vt 0.232589 0.628500
vt 0.238283 0.617753
vt 0.261027 0.639539
vt 0.252972 0.648023
vt 0.267566 0.673364
vt 0.277856 0.667492
vt 0.275917 0.702286
vt 0.287289 0.699449
vt 0.278191 0.732754
vt 0.289859 0.733043
vt 0.294690 0.810616
vt 0.308269 0.773323
vt 0.272787 0.842789
vt 0.244677 0.867603
vt 0.211754 0.883126
vt 0.217976 0.578306
vt 0.250634 0.595701
vt 0.278543 0.622201
vt 0.299371 0.655833
vt 0.310524 0.693987
vt 0.313910 0.733741
vt 0.312160 0.821121
vt 0.308981 0.818443
vt 0.322629 0.800949
vt 0.319310 0.798908
vt 0.285597 0.856553
vt 0.283044 0.852957
vt 0.299650 0.839692
vt 0.296815 0.836615
vt 0.252717 0.883813
vt 0.250930 0.879396
vt 0.269687 0.871299
vt 0.267575 0.867335
vt 0.215620 0.901259
vt 0.214720 0.896199
vt 0.234585 0.893888
vt 0.233283 0.889203
vt 0.196120 0.905633
vt 0.195683 0.900492
vt 0.221406 0.565067
vt 0.202559 0.559711
vt 0.222597 0.559047
vt 0.203259 0.553527
vt 0.256957 0.584239
vt 0.239644 0.573151
vt 0.258960 0.579086
vt 0.241257 0.567618
vt 0.288243 0.613051
vt 0.273337 0.597524
vt 0.290884 0.609302
vt 0.275569 0.593136
vt 0.313109 0.648998
vt 0.301645 0.630207
vt 0.316341 0.646466
vt 0.304485 0.627126
vt 0.329668 0.690153
vt 0.322812 0.668995
vt 0.333440 0.688903
vt 0.326209 0.667121
vt 0.334962 0.734267
vt 0.333827 0.712075
vt 0.338893 0.734410
vt 0.337614 0.711485
vt 0.330705 0.779556
vt 0.327026 0.778083
vt 0.336021 0.757230
vt 0.332311 0.756345
vt 0.409090 0.208396
vt 0.419786 0.184065
vt 0.426103 0.204849
vt 0.396313 0.171596
vt 0.399107 0.146492
vt 0.410176 0.164647
vt 0.375429 0.139833
vt 0.371708 0.115634
vt 0.386345 0.130050
vt 0.348900 0.115058
vt 0.339162 0.093363
vt 0.355978 0.103408
vt 0.317637 0.099004
vt 0.303189 0.081225
vt 0.321403 0.086073
vt 0.294994 0.409622
vt 0.310300 0.392845
vt 0.331141 0.398787
vt 0.313264 0.405530
vt 0.342295 0.377823
vt 0.364770 0.377373
vt 0.348305 0.389163
vt 0.370820 0.353773
vt 0.393728 0.347387
vt 0.379943 0.363201
vt 0.393530 0.322633
vt 0.416239 0.311029
vt 0.405286 0.329766
vt 0.407845 0.286417
vt 0.429174 0.269731
vt 0.423892 0.290813
vt 0.413516 0.247544
vt 0.430150 0.226342
vt 0.431783 0.248106
vt 0.433405 0.203503
vt 0.426431 0.182050
vt 0.416670 0.161878
vt 0.405028 0.143126
vt 0.391868 0.125888
vt 0.376484 0.110973
vt 0.360063 0.098137
vt 0.342345 0.087809
vt 0.323631 0.080098
vt 0.304356 0.075143
vt 0.295864 0.414972
vt 0.315086 0.410763
vt 0.333815 0.403557
vt 0.351778 0.393630
vt 0.368944 0.381325
vt 0.384885 0.366922
vt 0.399231 0.350674
vt 0.412100 0.332825
vt 0.423135 0.313437
vt 0.431331 0.292613
vt 0.436803 0.270764
vt 0.439433 0.248364
vt 0.437665 0.225785
vt 0.386391 0.214601
vt 0.375929 0.184118
vt 0.358971 0.157710
vt 0.336958 0.137144
vt 0.311163 0.123902
vt 0.305205 0.367600
vt 0.331890 0.354818
vt 0.355232 0.335103
vt 0.373479 0.309408
vt 0.385092 0.279367
vt 0.389460 0.247059
vt 0.371953 0.218573
vt 0.363192 0.192129
vt 0.348673 0.169238
vt 0.329568 0.151367
vt 0.307144 0.139796
vt 0.302162 0.351018
vt 0.325229 0.340155
vt 0.345224 0.323126
vt 0.360732 0.300777
vt 0.370682 0.274708
vt 0.374491 0.246707
vt 0.280345 0.244447
vt 0.477690 0.534312
vt 0.477690 0.544951
vt 0.477690 0.556015
vt 0.477690 0.514145
vt 0.477690 0.524046
vt 0.477690 0.493821
vt 0.477690 0.503502
vt 0.477690 0.473373
vt 0.477690 0.482916
vt 0.472601 0.452962
vt 0.477690 0.452962
vt 0.477690 0.463161
vt 0.477690 0.684107
vt 0.477690 0.692766
vt 0.477690 0.703125
vt 0.477690 0.663519
vt 0.477690 0.673206
vt 0.477690 0.643737
vt 0.477690 0.653998
vt 0.477690 0.621167
vt 0.477690 0.632520
vt 0.477690 0.600308
vt 0.477690 0.610086
vt 0.477690 0.578012
vt 0.477690 0.588189
vt 0.477690 0.565759
vt 0.483847 0.534312
vt 0.483847 0.544951
vt 0.483847 0.556015
vt 0.483847 0.514145
vt 0.483847 0.524046
vt 0.483847 0.493821
vt 0.483847 0.503502
vt 0.483847 0.473373
vt 0.483847 0.482916
vt 0.483847 0.452962
vt 0.483847 0.463161
vt 0.483847 0.684107
vt 0.483847 0.692766
vt 0.483847 0.703125
vt 0.483847 0.663519
vt 0.483847 0.673206
vt 0.483847 0.643737
vt 0.483847 0.653998
vt 0.483847 0.621167
vt 0.483847 0.632520
vt 0.483847 0.600308
vt 0.483847 0.610086
vt 0.483847 0.578012
vt 0.483847 0.588189
vt 0.483847 0.565759
vt 0.477690 0.854074
vt 0.477690 0.864732
vt 0.472601 0.854074
vt 0.472601 0.864732
vt 0.477690 0.876045
vt 0.472601 0.876045
vt 0.466628 0.876045
vt 0.477690 0.886335
vt 0.472601 0.886335
vt 0.477690 0.895172
vt 0.472601 0.895172
vt 0.466628 0.895172
vt 0.477690 0.905258
vt 0.472601 0.905258
vt 0.477690 0.915105
vt 0.472601 0.915105
vt 0.466628 0.915105
vt 0.477690 0.925599
vt 0.472601 0.925600
vt 0.477690 0.936132
vt 0.472601 0.936132
vt 0.466628 0.936132
vt 0.477690 0.945760
vt 0.472601 0.945760
vt 0.477690 0.954525
vt 0.472601 0.954525
vt 0.466628 0.954525
vt 0.472601 0.713005
vt 0.477690 0.713005
vt 0.477690 0.724166
vt 0.472601 0.724166
vt 0.466628 0.724166
vt 0.472601 0.733886
vt 0.477690 0.733886
vt 0.477690 0.743870
vt 0.472601 0.743870
vt 0.466628 0.743870
vt 0.472601 0.753246
vt 0.477690 0.753246
vt 0.477690 0.763165
vt 0.472601 0.763165
vt 0.466628 0.763165
vt 0.472601 0.773514
vt 0.477690 0.773514
vt 0.477690 0.784156
vt 0.472601 0.784156
vt 0.466628 0.784156
vt 0.472601 0.795816
vt 0.477690 0.795816
vt 0.477690 0.807594
vt 0.472601 0.807594
vt 0.466628 0.807594
vt 0.472601 0.818903
vt 0.477690 0.818903
vt 0.477690 0.831526
vt 0.472601 0.831526
vt 0.466628 0.831526
vt 0.477690 0.840319
vt 0.472601 0.840319
vt 0.466628 0.854074
vt 0.483847 0.854074
vt 0.483847 0.864732
vt 0.483847 0.876045
vt 0.483847 0.886335
vt 0.483847 0.895172
vt 0.483847 0.905258
vt 0.483847 0.915105
vt 0.483847 0.925599
vt 0.483847 0.936132
vt 0.483847 0.945760
vt 0.483847 0.954525
vt 0.483847 0.713005
vt 0.483847 0.724166
vt 0.483847 0.733886
vt 0.483847 0.743870
vt 0.483847 0.753246
vt 0.483847 0.763165
vt 0.483847 0.773514
vt 0.483847 0.784156
vt 0.483847 0.795816
vt 0.483847 0.807594
vt 0.483847 0.818903
vt 0.483847 0.831526
vt 0.483847 0.840319
vt 0.101002 0.758445
vt 0.110989 0.780292
vt 0.125574 0.798344
vt 0.143749 0.811389
vt 0.164277 0.818562
vt 0.171502 0.630676
vt 0.150484 0.636251
vt 0.131361 0.647861
vt 0.115434 0.664739
vt 0.103798 0.685755
vt 0.097270 0.709482
vt 0.096316 0.734286
vt 0.442511 0.534312
vt 0.442511 0.556015
vt 0.442511 0.514145
vt 0.442511 0.493821
vt 0.442511 0.473373
vt 0.466628 0.452962
vt 0.442511 0.452962
vt 0.442511 0.684107
vt 0.442511 0.703125
vt 0.442511 0.663519
vt 0.442511 0.643737
vt 0.442511 0.621167
vt 0.442511 0.600308
vt 0.442511 0.578012
vt 0.442511 0.854074
vt 0.442511 0.876045
vt 0.442511 0.895172
vt 0.442511 0.915105
vt 0.442511 0.936132
vt 0.442511 0.954525
vt 0.442511 0.724166
vt 0.442511 0.743870
vt 0.442511 0.763165
vt 0.442511 0.784156
vt 0.442511 0.807594
vt 0.442511 0.831526
vt 0.251654 0.680375
vt 0.259015 0.703543
vt 0.260886 0.728191
vt 0.257136 0.752628
vt 0.248011 0.775164
vt 0.234168 0.794261
vt 0.216555 0.808628
vt 0.196375 0.817301
vt 0.174990 0.819700
vt 0.153810 0.815664
vt 0.134303 0.805463
vt 0.117801 0.789783
vt 0.105432 0.769677
vt 0.098050 0.746508
vt 0.096174 0.721860
vt 0.099937 0.697429
vt 0.109077 0.674896
vt 0.122954 0.655800
vt 0.140611 0.641433
vt 0.160843 0.632762
vt 0.182270 0.630364
vt 0.203408 0.634398
vt 0.222861 0.644594
vt 0.239319 0.660272
vt 0.358030 0.556015
vt 0.358030 0.534312
vt 0.399858 0.556015
vt 0.399858 0.534312
vt 0.358030 0.578012
vt 0.399858 0.578011
vt 0.358030 0.600308
vt 0.399858 0.600308
vt 0.358030 0.621167
vt 0.399858 0.621167
vt 0.358031 0.643737
vt 0.399858 0.643737
vt 0.358031 0.663519
vt 0.399858 0.663519
vt 0.358031 0.684108
vt 0.399858 0.684107
vt 0.358033 0.473373
vt 0.358034 0.452962
vt 0.399859 0.473373
vt 0.399859 0.452962
vt 0.358032 0.493821
vt 0.399858 0.493821
vt 0.358031 0.514145
vt 0.399858 0.514145
vt 0.900000 0.700021
vt 0.950000 0.700021
vt 0.950000 0.600021
vt 0.507661 0.600021
vt 0.507661 0.700021
vt 0.533913 0.600021
vt 0.621644 0.800000
vt 0.621644 0.700021
vt 0.561273 0.800000
vt 0.561273 0.700021
vt 0.621644 0.600021
vt 0.561273 0.600021
vt 0.697125 0.600021
vt 0.697125 0.700021
vt 0.697125 0.800000
vt 0.800000 0.600021
vt 0.800000 0.700021
vt 0.800000 0.800000
vt 0.850000 0.700021
vt 0.850000 0.600021
vt 0.850000 0.800000
vt 0.533913 0.700021
vt 0.533913 0.800000
vt 0.877281 0.700021
vt 0.877281 0.600021
vt 0.877281 0.800000
vt 0.533913 0.600000
vt 0.533913 0.500000
vt 0.507661 0.600000
vt 0.570739 0.500000
vt 0.631110 0.400000
vt 0.570739 0.400000
vt 0.697125 0.500000
vt 0.697125 0.400000
vt 0.631110 0.500000
vt 0.697125 0.600000
vt 0.631110 0.600000
vt 0.768445 0.400000
vt 0.768445 0.600000
vt 0.768445 0.500000
vt 0.835800 0.400000
vt 0.835800 0.500000
vt 0.835800 0.600000
vt 0.902525 0.400000
vt 0.900000 0.600021
vt 0.900000 0.800000
vt 0.990000 0.700021
vt 0.990000 0.600021
vt 0.700000 0.700021
vt 0.700000 0.800000
vt 0.950000 0.800000
vt 0.507661 0.900346
vt 0.550000 0.900346
vt 0.507661 0.800000
vt 0.550000 0.800000
vt 0.550000 0.990346
vt 0.507661 0.990346
vt 0.603274 0.800000
vt 0.603274 0.900346
vt 0.603274 0.990346
vt 0.732893 0.900346
vt 0.671130 0.800000
vt 0.671130 0.900346
vt 0.816371 0.800000
vt 0.732893 0.800000
vt 0.816371 0.900346
vt 0.990000 0.200000
vt 0.990000 0.099984
vt 0.900000 0.200000
vt 0.900000 0.099984
vt 0.800000 0.099984
vt 0.800000 0.200000
vt 0.800000 0.010833
vt 0.700000 0.099984
vt 0.700000 0.200000
vt 0.600000 0.010833
vt 0.600000 0.099984
vt 0.700000 0.010833
vt 0.600000 0.200000
vt 0.990000 0.010833
vt 0.507661 0.010833
vt 0.507661 0.099984
vt 0.531964 0.010833
vt 0.559185 0.099984
vt 0.559185 0.010833
vt 0.559185 0.200000
vt 0.531964 0.200000
vt 0.615077 0.299503
vt 0.615077 0.396785
vt 0.573632 0.299503
vt 0.737692 0.299503
vt 0.737692 0.200000
vt 0.806282 0.200000
vt 0.854460 0.600021
vt 0.920812 0.600021
vt 0.854460 0.700021
vt 0.991624 0.700021
vt 0.920812 0.700021
vt 0.920812 0.800000
vt 0.991624 0.800000
vt 0.726421 0.221004
vt 0.600000 0.221004
vt 0.726421 0.299592
vt 0.600000 0.299592
vt 0.507661 0.299592
vt 0.600000 0.400000
vt 0.550000 0.200000
vt 0.550000 0.109772
vt 0.507661 0.200000
vt 0.507661 0.109772
vt 0.550000 0.010833
vt 0.600000 0.109772
vt 0.700000 0.109772
vt 0.950000 0.200000
vt 0.950000 0.109772
vt 0.990000 0.109772
vt 0.650000 0.109772
vt 0.650000 0.200000
vt 0.800000 0.109772
vt 0.650000 0.010833
vt 0.900000 0.010833
vt 0.900000 0.109772
vt 0.950000 0.010833
vt 0.850000 0.200000
vt 0.850000 0.109772
vt 0.850000 0.010833
vt 0.852638 0.400000
vt 0.852638 0.299592
vt 0.726421 0.400000
vt 0.800000 0.400000
vt 0.700000 0.300000
vt 0.800000 0.300000
vt 0.600000 0.300000
vt 0.507661 0.400000
vt 0.507661 0.300000
vt 0.550000 0.400000
vt 0.550000 0.300000
vt 0.990000 0.400000
vt 0.900000 0.300000
vt 0.990000 0.300000
vt 0.700000 0.400000
vt 0.900000 0.400000
vt 0.650000 0.300000
vt 0.550000 0.099919
vt 0.600000 0.099919
vt 0.507661 0.099919
vt 0.700000 0.099919
vt 0.800000 0.099919
vt 0.850000 0.099919
vt 0.700000 0.186641
vt 0.600000 0.186641
vt 0.700000 0.110812
vt 0.850000 0.186641
vt 0.850000 0.110812
vt 0.550000 0.186641
vt 0.507661 0.186641
vt 0.600000 0.110812
vt 0.550000 0.110812
vt 0.800000 0.099588
vt 0.700000 0.099588
vt 0.600000 0.099588
vt 0.650000 0.099588
vt 0.507661 0.099588
vt 0.650000 0.400000
vt 0.900000 0.099588
vt 0.850000 0.099588
vt 0.650000 0.026315
vt 0.600000 0.026315
vt 0.600000 0.193993
vt 0.507661 0.193993
vt 0.507661 0.194987
vt 0.600000 0.194987
vt 0.850000 0.194987
vt 0.800000 0.194987
vt 0.507661 0.026315
vt 0.850000 0.026315
vt 0.800000 0.026315
vt 0.800000 0.193993
vt 0.650000 0.194987
vt 0.650000 0.193993
vt 0.850000 0.193993
vt 0.650000 0.018923
vt 0.600000 0.018923
vt 0.507661 0.018923
vt 0.600000 0.183104
vt 0.800000 0.183104
vt 0.800000 0.018923
vt 0.850000 0.183104
vt 0.850000 0.018923
vt 0.900000 0.183104
vt 0.507661 0.183104
vt 0.650000 0.183104
vt 0.874364 0.183104
vt 0.650000 0.033848
vt 0.600000 0.033848
vt 0.507661 0.033848
vt 0.507661 0.187328
vt 0.600000 0.187328
vt 0.650000 0.187328
vt 0.700000 0.187328
vt 0.700000 0.033848
vt 0.800000 0.187328
vt 0.800000 0.033848
vt 0.548406 0.800289
vt 0.548406 0.890078
vt 0.507661 0.800289
vt 0.548406 0.990346
vt 0.507661 0.890078
vt 0.644130 0.990346
vt 0.598406 0.990346
vt 0.644130 0.890078
vt 0.600000 0.186394
vt 0.507661 0.186394
vt 0.507661 0.033673
vt 0.600000 0.033673
vt 0.598406 0.890078
vt 0.598406 0.800289
vt 0.644130 0.800289
vt 0.874364 0.099588
vt 0.900000 0.018923
vt 0.507661 0.110812
vt 0.932775 0.299592
vt 0.507661 0.221004
vt 0.852638 0.221004
vt 0.932775 0.400000
vt 0.573632 0.200000
vt 0.507661 0.299503
vt 0.573632 0.396785
vt 0.507661 0.396785
vt 0.676384 0.200000
vt 0.615077 0.200000
vt 0.676384 0.299503
vt 0.671130 0.990346
vt 0.732893 0.990346
vt 0.816371 0.990346
vt 0.531964 0.099984
vt 0.854460 0.800000
vt 0.991624 0.600021
vt 0.650000 0.800000
vt 0.990000 0.800000
vt 0.570739 0.600000
vt 0.902525 0.500000
vt 0.902525 0.600000
vt 0.990000 0.990346
vt 0.903274 0.900346
vt 0.903274 0.990346
vt 0.990000 0.221004
vt 0.990000 0.299592
vt 0.932775 0.221004
vt 0.950000 0.400000
vt 0.950000 0.300000
vt 0.925941 0.099919
vt 0.925941 0.200000
vt 0.925941 0.010833
vt 0.990000 0.099919
vt 0.874364 0.010833
vt 0.990000 0.900346
vt 0.903274 0.800000
vt 0.900000 0.099919
vt 0.925941 0.110812
vt 0.990000 0.110812
vt 0.925941 0.186641
vt 0.990000 0.186641
vt 0.990000 0.099588
vt 0.950000 0.099588
vt 0.950000 0.193993
vt 0.990000 0.193993
vt 0.950000 0.026315
vt 0.922030 0.194987
vt 0.922030 0.099588
vt 0.922030 0.010833
vt 0.990000 0.026315
vt 0.950000 0.194987
vt 0.950000 0.183104
vt 0.950000 0.018923
vt 0.990000 0.183104
vt 0.990000 0.018923
vt 0.990000 0.194987
vt 0.976733 0.099588
vt 0.976733 0.194987
vt 0.897483 0.099588
vt 0.897483 0.183104
vt 0.990000 0.187328
vt 0.950000 0.187328
vt 0.900000 0.187328
vt 0.850000 0.187328
vt 0.950000 0.033848
vt 0.990000 0.033848
vt 0.850000 0.033848
vt 0.900000 0.033848
vt 0.990000 0.186394
vt 0.990000 0.033673
vt 0.900000 0.033673
vt 0.900000 0.186394
vt 0.507661 0.228942
vt 0.600000 0.228942
vt 0.759453 0.300000
vt 0.759453 0.228942
vt 0.759453 0.099588
vt 0.759453 0.033673
vt 0.759453 0.186394
vt 0.759453 0.400000
vt 0.990000 0.228942
vt 0.900000 0.228942
vt 0.897483 0.010833
vt 0.976733 0.010833
vt 0.990000 0.299503
vt 0.950000 0.396785
vt 0.950000 0.299503
vt 0.990000 0.600000
vt 0.950000 0.500000
vt 0.950000 0.600000
vt 0.900000 0.299503
vt 0.850000 0.396785
vt 0.850000 0.299503
vt 0.806282 0.396785
vt 0.806282 0.299503
vt 0.900000 0.396785
vt 0.737692 0.396785
vt 0.676384 0.396785
vt 0.726504 0.300000
vt 0.746483 0.400000
vt 0.850000 0.300000
vt 0.850000 0.400000
vt 0.726504 0.400000
vt 0.746483 0.300000
vt 0.746483 0.200000
vt 0.726504 0.200000
vt 0.887374 0.800289
vt 0.887374 0.890078
vt 0.797015 0.890078
vt 0.887374 0.990346
vt 0.797015 0.990346
vt 0.723356 0.890078
vt 0.723356 0.800289
vt 0.990000 0.890078
vt 0.990000 0.800289
vt 0.723356 0.990346
vt 0.797015 0.800289
vt 0.990000 0.396785
vt 0.990000 0.500000
s 1
usemtl Material_004
f 5187/5408/5066 5188/5409/5067 5189/5410/5068
f 5189/5410/5068 5188/5409/5067 5190/5411/5069
f 5191/5412/5070 5192/5413/5070 5187/5408/5066
f 5187/5408/5066 5192/5413/5070 5188/5409/5067
f 5193/5414/5071 5194/5415/5072 5191/5412/5070
f 5191/5412/5070 5194/5415/5072 5192/5413/5070
f 5195/5416/5073 5196/5417/5074 5193/5414/5071
f 5193/5414/5071 5196/5417/5074 5194/5415/5072
f 5197/5418/5075 5198/5419/5076 5199/5420/5077
f 5199/5420/5077 5198/5419/5076 5200/5421/5077
f 5197/5418/5075 5201/5422/5078 5198/5419/5076
f 5198/5419/5076 5201/5422/5078 5202/5423/5078
f 5201/5422/5078 5203/5424/5079 5202/5423/5078
f 5202/5423/5078 5203/5424/5079 5204/5425/5079
f 5203/5424/5079 5205/5426/5080 5204/5425/5079
f 5204/5425/5079 5205/5426/5080 5206/5427/5081
f 5207/5428/5082 5208/5429/5083 5205/5426/5080
f 5205/5426/5080 5208/5429/5083 5206/5427/5081
f 5209/5430/5084 5210/5431/5085 5211/5432/5086
f 5211/5432/5086 5210/5431/5085 5212/5433/5086
f 5213/5434/5087 5214/5435/5088 5215/5436/5089
f 5214/5435/5088 5216/5437/5090 5215/5436/5089
f 5216/5437/5090 5217/5438/5091 5215/5436/5089
f 5217/5438/5091 5218/5439/5092 5215/5436/5089
f 5218/5439/5092 5219/5440/5093 5215/5436/5089
f 5220/5441/5094 5221/5442/5095 5215/5436/5089
f 5221/5442/5095 5222/5443/5096 5215/5436/5089
f 5222/5443/5096 5223/5444/5097 5215/5436/5089
f 5223/5444/5097 5224/5445/5098 5215/5436/5089
f 5224/5445/5098 5225/5446/5099 5215/5436/5089
f 5225/5446/5099 5226/5447/5100 5215/5436/5089
f 5226/5447/5100 5213/5434/5087 5215/5436/5089
f 5227/5448/5101 5228/5449/5102 5229/5450/5103
f 5230/5451/5104 5231/5452/5105 5232/5453/5106
f 5233/5454/5107 5234/5455/5108 5235/5456/5109
f 5236/5457/5110 5237/5458/5111 5238/5459/5112
f 5239/5460/5113 5240/5461/5114 5241/5462/5115
f 5242/5463/5116 5243/5464/5117 5244/5465/5118
f 5245/5466/5119 5246/5467/5120 5247/5468/5121
f 5248/5469/5122 5249/5470/5123 5250/5471/5124
f 5251/5472/5125 5252/5473/5126 5253/5474/5127
f 5254/5475/5128 5255/5476/5129 5256/5477/5130
f 5257/5478/5131 5258/5479/5132 5259/5480/5133
f 5260/5481/5134 5261/5482/5135 5262/5483/5136
f 5214/5435/5088 5213/5434/5087 5263/5484/5137
f 5216/5437/5090 5214/5435/5088 5264/5485/5138
f 5217/5438/5091 5216/5437/5090 5265/5486/5139
f 5218/5439/5092 5217/5438/5091 5266/5487/5140
f 5218/5439/5092 5267/5488/5141 5219/5440/5093
f 5221/5442/5095 5220/5441/5094 5268/5489/5142
f 5222/5443/5096 5221/5442/5095 5269/5490/5143
f 5223/5444/5097 5222/5443/5096 5270/5491/5144
f 5224/5445/5098 5223/5444/5097 5271/5492/5145
f 5225/5446/5099 5224/5445/5098 5272/5493/5146
f 5226/5447/5100 5225/5446/5099 5273/5494/5147
f 5213/5434/5087 5226/5447/5100 5274/5495/5148
f 5275/5496/5149 5276/5497/5150 5277/5498/5149
f 5277/5498/5149 5276/5497/5150 5278/5499/5150
f 5279/5500/5151 5275/5496/5149 5280/5501/5152
f 5280/5501/5152 5275/5496/5149 5277/5498/5149
f 5281/5502/5153 5279/5500/5151 5282/5503/5153
f 5282/5503/5153 5279/5500/5151 5280/5501/5152
f 5283/5504/5154 5281/5502/5153 5284/5505/5154
f 5284/5505/5154 5281/5502/5153 5282/5503/5153
f 5195/5506/5074 5283/5504/5154 5285/5507/5074
f 5285/5507/5074 5283/5504/5154 5284/5505/5154
f 5199/5420/5077 5200/5421/5077 5286/5508/5155
f 5286/5508/5155 5200/5421/5077 5287/5509/5156
f 5286/5508/5155 5287/5509/5156 5288/5510/5157
f 5288/5510/5157 5287/5509/5156 5289/5511/5158
f 5288/5510/5157 5289/5511/5158 5290/5512/5159
f 5290/5512/5159 5289/5511/5158 5291/5513/5159
f 5290/5512/5159 5291/5513/5159 5292/5514/5160
f 5292/5514/5160 5291/5513/5159 5293/5515/5161
f 5292/5514/5160 5293/5515/5161 5294/5516/5162
f 5294/5516/5162 5293/5515/5161 5295/5517/5162
f 5294/5516/5162 5295/5517/5162 5296/5518/5163
f 5296/5518/5163 5295/5517/5162 5297/5519/5163
f 5276/5497/5150 5296/5518/5163 5278/5499/5150
f 5278/5499/5150 5296/5518/5163 5297/5519/5163
f 5298/5520/5164 5215/5436/5089 5299/5521/5165
f 5299/5521/5165 5215/5436/5089 5300/5522/5166
f 5300/5522/5166 5215/5436/5089 5301/5523/5167
f 5301/5523/5167 5215/5436/5089 5302/5524/5168
f 5302/5524/5168 5215/5436/5089 5219/5440/5093
f 5220/5441/5094 5215/5436/5089 5303/5525/5169
f 5303/5525/5169 5215/5436/5089 5304/5526/5170
f 5304/5526/5170 5215/5436/5089 5305/5527/5171
f 5305/5527/5171 5215/5436/5089 5306/5528/5172
f 5306/5528/5172 5215/5436/5089 5307/5529/5173
f 5307/5529/5173 5215/5436/5089 5308/5530/5174
f 5308/5530/5174 5215/5436/5089 5298/5520/5164
f 5309/5531/5175 5310/5532/5176 5311/5533/5177
f 5311/5533/5177 5310/5532/5176 5312/5534/5178
f 5313/5535/5179 5309/5531/5175 5314/5536/5180
f 5314/5536/5180 5309/5531/5175 5311/5533/5177
f 5315/5537/5181 5313/5535/5179 5316/5538/5182
f 5316/5538/5182 5313/5535/5179 5314/5536/5180
f 5317/5539/5183 5315/5537/5181 5318/5540/5184
f 5318/5540/5184 5315/5537/5181 5316/5538/5182
f 5319/5541/5185 5317/5539/5183 5320/5542/5186
f 5320/5542/5186 5317/5539/5183 5318/5540/5184
f 5321/5543/5187 5322/5544/5188 5323/5545/5189
f 5323/5545/5189 5322/5544/5188 5324/5546/5190
f 5323/5545/5189 5324/5546/5190 5325/5547/5191
f 5325/5547/5191 5324/5546/5190 5326/5548/5192
f 5325/5547/5191 5326/5548/5192 5327/5549/5193
f 5327/5549/5193 5326/5548/5192 5328/5550/5194
f 5329/5551/5195 5327/5549/5193 5330/5552/5196
f 5330/5552/5196 5327/5549/5193 5328/5550/5194
f 5331/5553/5197 5329/5551/5195 5332/5554/5198
f 5332/5554/5198 5329/5551/5195 5330/5552/5196
f 5333/5555/5199 5331/5553/5197 5334/5556/5200
f 5334/5556/5200 5331/5553/5197 5332/5554/5198
f 5310/5532/5176 5333/5555/5199 5312/5534/5178
f 5312/5534/5178 5333/5555/5199 5334/5556/5200
f 5335/5557/5201 5336/5558/5202 5337/5559/5203
f 5337/5559/5203 5336/5558/5202 5338/5560/5204
f 5339/5561/5205 5335/5557/5201 5340/5562/5206
f 5340/5562/5206 5335/5557/5201 5337/5559/5203
f 5341/5563/5207 5339/5561/5205 5342/5564/5208
f 5342/5564/5208 5339/5561/5205 5340/5562/5206
f 5343/5565/5209 5341/5563/5207 5344/5566/5210
f 5344/5566/5210 5341/5563/5207 5342/5564/5208
f 5345/5567/5211 5343/5565/5209 5346/5568/5212
f 5346/5568/5212 5343/5565/5209 5344/5566/5210
f 5347/5569/5213 5348/5570/5214 5349/5571/5215
f 5349/5571/5215 5348/5570/5214 5350/5572/5216
f 5349/5571/5215 5350/5572/5216 5351/5573/5217
f 5351/5573/5217 5350/5572/5216 5352/5574/5218
f 5351/5573/5217 5352/5574/5218 5353/5575/5219
f 5353/5575/5219 5352/5574/5218 5354/5576/5220
f 5353/5575/5219 5354/5576/5220 5355/5577/5221
f 5355/5577/5221 5354/5576/5220 5356/5578/5222
f 5355/5577/5221 5356/5578/5222 5357/5579/5223
f 5357/5579/5223 5356/5578/5222 5358/5580/5224
f 5359/5581/5225 5357/5579/5223 5360/5582/5226
f 5360/5582/5226 5357/5579/5223 5358/5580/5224
f 5336/5558/5202 5359/5581/5225 5338/5560/5204
f 5338/5560/5204 5359/5581/5225 5360/5582/5226
f 5336/5558/5202 5335/5557/5201 5361/5583/5227
f 5361/5583/5227 5335/5557/5201 5362/5584/5228
f 5335/5557/5201 5339/5561/5205 5362/5584/5228
f 5362/5584/5228 5339/5561/5205 5363/5585/5229
f 5339/5561/5205 5341/5563/5207 5363/5585/5229
f 5363/5585/5229 5341/5563/5207 5364/5586/5230
f 5341/5563/5207 5343/5565/5209 5364/5586/5230
f 5364/5586/5230 5343/5565/5209 5365/5587/5231
f 5343/5565/5209 5345/5567/5211 5365/5587/5231
f 5365/5587/5231 5345/5567/5211 5366/5588/5232
f 5367/5589/5233 5347/5569/5213 5368/5590/5234
f 5368/5590/5234 5347/5569/5213 5349/5571/5215
f 5368/5590/5234 5349/5571/5215 5351/5573/5217
f 5369/5591/5235 5351/5573/5217 5353/5575/5219
f 5370/5592/5236 5353/5575/5219 5355/5577/5221
f 5371/5593/5237 5355/5577/5221 5372/5594/5238
f 5372/5594/5238 5355/5577/5221 5357/5579/5223
f 5372/5594/5238 5357/5579/5223 5373/5595/5239
f 5373/5595/5239 5357/5579/5223 5359/5581/5225
f 5359/5581/5225 5336/5558/5202 5373/5595/5239
f 5373/5595/5239 5336/5558/5202 5361/5583/5227
f 5374/5596/5240 5375/5597/5241 5376/5598/5242
f 5376/5598/5242 5375/5597/5241 5377/5599/5243
f 5378/5600/5244 5379/5601/5245 5380/5602/5246
f 5380/5602/5246 5379/5601/5245 5381/5603/5247
f 5382/5604/5248 5383/5605/5249 5384/5606/5250
f 5384/5606/5250 5383/5605/5249 5385/5607/5251
f 5386/5608/5252 5387/5609/5253 5388/5610/5254
f 5388/5610/5254 5387/5609/5253 5389/5611/5255
f 5390/5612/5256 5391/5613/5257 5392/5614/5258
f 5392/5614/5258 5391/5613/5257 5393/5615/5259
f 5394/5616/5260 5395/5617/5261 5396/5618/5262
f 5396/5618/5262 5395/5617/5261 5397/5619/5263
f 5398/5620/5264 5399/5621/5265 5400/5622/5266
f 5400/5622/5266 5399/5621/5265 5401/5623/5267
f 5402/5624/5268 5403/5625/5269 5404/5626/5270
f 5404/5626/5270 5403/5625/5269 5405/5627/5271
f 5406/5628/5272 5407/5629/5273 5408/5630/5274
f 5408/5630/5274 5407/5629/5273 5409/5631/5275
f 5410/5632/5276 5411/5633/5277 5412/5634/5278
f 5412/5634/5278 5411/5633/5277 5413/5635/5279
f 5414/5636/5280 5415/5637/5281 5416/5638/5282
f 5416/5638/5282 5415/5637/5281 5417/5639/5283
f 5418/5640/5284 5419/5641/5285 5420/5642/5286
f 5420/5642/5286 5419/5641/5285 5421/5643/5287
f 5422/5644/5288 5423/5645/5289 5424/5646/5290
f 5425/5647/5291 5426/5648/5292 5427/5649/5293
f 5428/5650/5294 5429/5651/5295 5430/5652/5296
f 5431/5653/5297 5432/5654/5298 5433/5655/5299
f 5434/5656/5300 5435/5657/5301 5436/5658/5302
f 5437/5659/5303 5438/5660/5304 5439/5661/5305
f 5440/5662/5306 5441/5663/5307 5442/5664/5308
f 5443/5665/5309 5444/5666/5310 5445/5667/5311
f 5446/5668/5312 5447/5669/5313 5448/5670/5314
f 5449/5671/5315 5450/5672/5316 5451/5673/5317
f 5452/5674/5318 5453/5675/5319 5454/5676/5320
f 5455/5677/5321 5456/5678/5322 5457/5679/5323
f 5361/5583/5227 5362/5584/5228 5377/5599/5243
f 5362/5584/5228 5363/5585/5229 5381/5603/5247
f 5363/5585/5229 5364/5586/5230 5385/5607/5251
f 5364/5586/5230 5365/5587/5231 5389/5611/5255
f 5365/5587/5231 5366/5588/5232 5393/5615/5259
f 5367/5589/5233 5368/5590/5234 5395/5617/5261
f 5368/5590/5234 5369/5591/5235 5399/5621/5265
f 5369/5591/5235 5370/5592/5236 5403/5625/5269
f 5370/5592/5236 5371/5593/5237 5407/5629/5273
f 5371/5593/5237 5372/5594/5238 5411/5633/5277
f 5372/5594/5238 5373/5595/5239 5415/5637/5281
f 5373/5595/5239 5361/5583/5227 5421/5643/5287
f 5375/5597/5241 5418/5640/5284 5377/5599/5243
f 5377/5599/5243 5418/5640/5284 5420/5642/5286
f 5418/5680/5284 5375/5681/5241 5457/5679/5323
f 5457/5679/5323 5375/5681/5241 5423/5645/5289
f 5375/5681/5241 5374/5682/5240 5423/5645/5289
f 5423/5645/5289 5374/5682/5240 5424/5646/5290
f 5379/5601/5245 5374/5596/5240 5381/5603/5247
f 5381/5603/5247 5374/5596/5240 5376/5598/5242
f 5374/5682/5240 5379/5683/5245 5424/5646/5290
f 5424/5646/5290 5379/5683/5245 5426/5648/5292
f 5379/5683/5245 5378/5684/5244 5426/5648/5292
f 5426/5648/5292 5378/5684/5244 5427/5649/5293
f 5383/5605/5249 5378/5600/5244 5385/5607/5251
f 5385/5607/5251 5378/5600/5244 5380/5602/5246
f 5378/5684/5244 5383/5685/5249 5427/5649/5293
f 5427/5649/5293 5383/5685/5249 5429/5651/5295
f 5383/5685/5249 5382/5686/5248 5429/5651/5295
f 5429/5651/5295 5382/5686/5248 5430/5652/5296
f 5387/5609/5253 5382/5604/5248 5389/5611/5255
f 5389/5611/5255 5382/5604/5248 5384/5606/5250
f 5382/5686/5248 5387/5687/5253 5430/5652/5296
f 5430/5652/5296 5387/5687/5253 5432/5654/5298
f 5387/5687/5253 5386/5688/5252 5432/5654/5298
f 5432/5654/5298 5386/5688/5252 5433/5655/5299
f 5391/5613/5257 5386/5608/5252 5393/5615/5259
f 5393/5615/5259 5386/5608/5252 5388/5610/5254
f 5386/5688/5252 5391/5689/5257 5433/5655/5299
f 5433/5655/5299 5391/5689/5257 5435/5657/5301
f 5435/5657/5301 5391/5689/5257 5436/5658/5302
f 5436/5658/5302 5391/5689/5257 5390/5690/5256
f 5395/5617/5261 5394/5616/5260 5458/5691/5324
f 5458/5691/5324 5394/5616/5260 5459/5692/5325
f 5394/5693/5260 5438/5660/5304 5459/5694/5325
f 5459/5694/5325 5438/5660/5304 5460/5695/5326
f 5438/5660/5304 5394/5693/5260 5439/5661/5305
f 5439/5661/5305 5394/5693/5260 5396/5696/5262
f 5399/5621/5265 5398/5620/5264 5397/5619/5263
f 5397/5619/5263 5398/5620/5264 5396/5618/5262
f 5398/5697/5264 5441/5663/5307 5396/5696/5262
f 5396/5696/5262 5441/5663/5307 5439/5661/5305
f 5441/5663/5307 5398/5697/5264 5442/5664/5308
f 5442/5664/5308 5398/5697/5264 5400/5698/5266
f 5403/5625/5269 5402/5624/5268 5401/5623/5267
f 5401/5623/5267 5402/5624/5268 5400/5622/5266
f 5402/5699/5268 5444/5666/5310 5400/5698/5266
f 5400/5698/5266 5444/5666/5310 5442/5664/5308
f 5444/5666/5310 5402/5699/5268 5445/5667/5311
f 5445/5667/5311 5402/5699/5268 5404/5700/5270
f 5407/5629/5273 5406/5628/5272 5405/5627/5271
f 5405/5627/5271 5406/5628/5272 5404/5626/5270
f 5406/5701/5272 5447/5669/5313 5404/5700/5270
f 5404/5700/5270 5447/5669/5313 5445/5667/5311
f 5447/5669/5313 5406/5701/5272 5448/5670/5314
f 5448/5670/5314 5406/5701/5272 5408/5702/5274
f 5411/5633/5277 5410/5632/5276 5409/5631/5275
f 5409/5631/5275 5410/5632/5276 5408/5630/5274
f 5410/5703/5276 5450/5672/5316 5408/5702/5274
f 5408/5702/5274 5450/5672/5316 5448/5670/5314
f 5450/5672/5316 5410/5703/5276 5451/5673/5317
f 5451/5673/5317 5410/5703/5276 5412/5704/5278
f 5415/5637/5281 5414/5636/5280 5413/5635/5279
f 5413/5635/5279 5414/5636/5280 5412/5634/5278
f 5414/5705/5280 5453/5675/5319 5412/5704/5278
f 5412/5704/5278 5453/5675/5319 5451/5673/5317
f 5453/5675/5319 5414/5705/5280 5454/5676/5320
f 5454/5676/5320 5414/5705/5280 5416/5706/5282
f 5419/5641/5285 5416/5638/5282 5421/5643/5287
f 5421/5643/5287 5416/5638/5282 5417/5639/5283
f 5416/5706/5282 5419/5707/5285 5454/5676/5320
f 5454/5676/5320 5419/5707/5285 5456/5678/5322
f 5419/5707/5285 5418/5680/5284 5456/5678/5322
f 5456/5678/5322 5418/5680/5284 5457/5679/5323
f 5422/5644/5288 5461/5708/5327 5455/5677/5321
f 5455/5677/5321 5461/5708/5327 5462/5709/5328
f 5425/5647/5291 5463/5710/5329 5422/5644/5288
f 5422/5644/5288 5463/5710/5329 5461/5708/5327
f 5428/5650/5294 5464/5711/5330 5425/5647/5291
f 5425/5647/5291 5464/5711/5330 5463/5710/5329
f 5431/5653/5297 5465/5712/5331 5428/5650/5294
f 5428/5650/5294 5465/5712/5331 5464/5711/5330
f 5434/5656/5300 5466/5713/5332 5431/5653/5297
f 5431/5653/5297 5466/5713/5332 5465/5712/5331
f 5467/5714/5333 5437/5659/5303 5468/5715/5334
f 5468/5715/5334 5437/5659/5303 5469/5716/5335
f 5437/5659/5303 5440/5662/5306 5469/5716/5335
f 5469/5716/5335 5440/5662/5306 5470/5717/5336
f 5440/5662/5306 5443/5665/5309 5470/5717/5336
f 5470/5717/5336 5443/5665/5309 5471/5718/5337
f 5443/5665/5309 5446/5668/5312 5471/5718/5337
f 5471/5718/5337 5446/5668/5312 5472/5719/5338
f 5446/5668/5312 5449/5671/5315 5472/5719/5338
f 5472/5719/5338 5449/5671/5315 5473/5720/5339
f 5449/5671/5315 5452/5674/5318 5473/5720/5339
f 5473/5720/5339 5452/5674/5318 5474/5721/5340
f 5455/5677/5321 5462/5709/5328 5452/5674/5318
f 5452/5674/5318 5462/5709/5328 5474/5721/5340
f 5461/5708/5327 5475/5722/5341 5462/5709/5328
f 5462/5709/5328 5475/5722/5341 5476/5723/5342
f 5463/5710/5329 5477/5724/5343 5461/5708/5327
f 5461/5708/5327 5477/5724/5343 5475/5722/5341
f 5464/5711/5330 5478/5725/5344 5463/5710/5329
f 5463/5710/5329 5478/5725/5344 5477/5724/5343
f 5465/5712/5331 5479/5726/5345 5464/5711/5330
f 5464/5711/5330 5479/5726/5345 5478/5725/5344
f 5466/5713/5332 5480/5727/5346 5465/5712/5331
f 5465/5712/5331 5480/5727/5346 5479/5726/5345
f 5468/5715/5334 5469/5716/5335 5481/5728/5347
f 5481/5728/5347 5469/5716/5335 5482/5729/5348
f 5469/5716/5335 5470/5717/5336 5482/5729/5348
f 5482/5729/5348 5470/5717/5336 5483/5730/5349
f 5470/5717/5336 5471/5718/5337 5483/5730/5349
f 5483/5730/5349 5471/5718/5337 5484/5731/5350
f 5471/5718/5337 5472/5719/5338 5484/5731/5350
f 5484/5731/5350 5472/5719/5338 5485/5732/5351
f 5472/5719/5338 5473/5720/5339 5485/5732/5351
f 5485/5732/5351 5473/5720/5339 5486/5733/5352
f 5473/5720/5339 5474/5721/5340 5486/5733/5352
f 5486/5733/5352 5474/5721/5340 5487/5734/5353
f 5462/5709/5328 5476/5723/5342 5474/5721/5340
f 5474/5721/5340 5476/5723/5342 5487/5734/5353
f 5488/5735/5354 5489/5736/5355 5490/5737/5356
f 5490/5737/5356 5489/5736/5355 5491/5738/5357
f 5492/5739/5358 5493/5740/5359 5488/5735/5354
f 5488/5735/5354 5493/5740/5359 5489/5736/5355
f 5494/5741/5360 5495/5742/5361 5492/5739/5358
f 5492/5739/5358 5495/5742/5361 5493/5740/5359
f 5496/5743/5362 5497/5744/5363 5494/5741/5360
f 5494/5741/5360 5497/5744/5363 5495/5742/5361
f 5345/5567/5211 5346/5568/5212 5496/5743/5362
f 5496/5743/5362 5346/5568/5212 5497/5744/5363
f 5498/5745/5364 5348/5570/5214 5499/5746/5365
f 5499/5746/5365 5348/5570/5214 5347/5569/5213
f 5500/5747/5366 5498/5745/5364 5501/5748/5367
f 5501/5748/5367 5498/5745/5364 5499/5746/5365
f 5501/5748/5367 5502/5749/5368 5500/5747/5366
f 5500/5747/5366 5502/5749/5368 5503/5750/5369
f 5504/5751/5370 5503/5750/5369 5505/5752/5371
f 5505/5752/5371 5503/5750/5369 5502/5749/5368
f 5506/5753/5372 5504/5751/5370 5507/5754/5373
f 5507/5754/5373 5504/5751/5370 5505/5752/5371
f 5508/5755/5374 5506/5753/5372 5509/5756/5375
f 5509/5756/5375 5506/5753/5372 5507/5754/5373
f 5490/5737/5356 5491/5738/5357 5509/5756/5375
f 5509/5756/5375 5491/5738/5357 5508/5755/5374
f 5510/5757/5376 5488/5735/5354 5511/5758/5377
f 5511/5758/5377 5488/5735/5354 5490/5737/5356
f 5512/5759/5378 5492/5739/5358 5510/5757/5376
f 5510/5757/5376 5492/5739/5358 5488/5735/5354
f 5513/5760/5379 5494/5741/5360 5512/5759/5378
f 5512/5759/5378 5494/5741/5360 5492/5739/5358
f 5514/5761/5380 5496/5743/5362 5513/5760/5379
f 5513/5760/5379 5496/5743/5362 5494/5741/5360
f 5366/5588/5232 5345/5567/5211 5514/5761/5380
f 5514/5761/5380 5345/5567/5211 5496/5743/5362
f 5367/5589/5233 5515/5762/5381 5347/5569/5213
f 5347/5569/5213 5515/5762/5381 5499/5746/5365
f 5515/5762/5381 5516/5763/5382 5501/5748/5367
f 5516/5763/5382 5517/5764/5383 5502/5749/5368
f 5517/5764/5383 5518/5765/5384 5505/5752/5371
f 5518/5765/5384 5519/5766/5385 5505/5752/5371
f 5505/5752/5371 5519/5766/5385 5507/5754/5373
f 5519/5766/5385 5520/5767/5386 5507/5754/5373
f 5507/5754/5373 5520/5767/5386 5509/5756/5375
f 5511/5758/5377 5490/5737/5356 5520/5767/5386
f 5520/5767/5386 5490/5737/5356 5509/5756/5375
f 5521/5768/5387 5522/5769/5388 5523/5770/5389
f 5523/5770/5389 5522/5769/5388 5524/5771/5390
f 5525/5772/5391 5526/5773/5392 5527/5774/5393
f 5527/5774/5393 5526/5773/5392 5528/5775/5394
f 5529/5776/5395 5530/5777/5396 5531/5778/5397
f 5531/5778/5397 5530/5777/5396 5532/5779/5398
f 5533/5780/5399 5534/5781/5400 5535/5782/5401
f 5535/5782/5401 5534/5781/5400 5536/5783/5402
f 5390/5612/5256 5392/5614/5258 5537/5784/5403
f 5537/5784/5403 5392/5614/5258 5538/5785/5404
f 5539/5786/5405 5540/5787/5406 5541/5788/5407
f 5541/5788/5407 5540/5787/5406 5542/5789/5408
f 5543/5790/5409 5544/5791/5410 5545/5792/5411
f 5545/5792/5411 5544/5791/5410 5546/5793/5412
f 5547/5794/5413 5548/5795/5414 5549/5796/5415
f 5549/5796/5415 5548/5795/5414 5550/5797/5416
f 5551/5798/5417 5552/5799/5418 5553/5800/5419
f 5553/5800/5419 5552/5799/5418 5554/5801/5420
f 5555/5802/5421 5556/5803/5422 5557/5804/5423
f 5557/5804/5423 5556/5803/5422 5558/5805/5424
f 5559/5806/5425 5560/5807/5426 5561/5808/5427
f 5561/5808/5427 5560/5807/5426 5562/5809/5428
f 5563/5810/5429 5564/5811/5430 5565/5812/5431
f 5565/5812/5431 5564/5811/5430 5566/5813/5432
f 5567/5814/5433 5568/5815/5434 5569/5816/5435
f 5570/5817/5436 5571/5818/5437 5572/5819/5438
f 5573/5820/5439 5574/5821/5440 5575/5822/5441
f 5576/5823/5442 5577/5824/5443 5578/5825/5444
f 5579/5826/5445 5580/5827/5446 5581/5828/5447
f 5467/5714/5333 5582/5829/5448 5460/5695/5326
f 5583/5830/5449 5584/5831/5450 5585/5832/5451
f 5586/5833/5452 5587/5834/5453 5588/5835/5454
f 5589/5836/5455 5590/5837/5456 5591/5838/5457
f 5592/5839/5458 5593/5840/5459 5594/5841/5460
f 5595/5842/5461 5596/5843/5462 5597/5844/5463
f 5598/5845/5464 5599/5846/5465 5600/5847/5466
f 5511/5758/5377 5524/5771/5390 5510/5757/5376
f 5510/5757/5376 5528/5775/5394 5512/5759/5378
f 5512/5759/5378 5532/5779/5398 5513/5760/5379
f 5513/5760/5379 5536/5783/5402 5514/5761/5380
f 5514/5761/5380 5538/5785/5404 5366/5588/5232
f 5367/5589/5233 5540/5787/5406 5515/5762/5381
f 5515/5762/5381 5544/5791/5410 5516/5763/5382
f 5516/5763/5382 5548/5795/5414 5517/5764/5383
f 5517/5764/5383 5552/5799/5418 5518/5765/5384
f 5518/5765/5384 5556/5803/5422 5519/5766/5385
f 5519/5766/5385 5560/5807/5426 5520/5767/5386
f 5520/5767/5386 5566/5813/5432 5511/5758/5377
f 5564/5811/5430 5563/5810/5429 5524/5771/5390
f 5524/5771/5390 5563/5810/5429 5523/5770/5389
f 5563/5848/5429 5569/5816/5435 5523/5849/5389
f 5523/5849/5389 5569/5816/5435 5568/5815/5434
f 5572/5819/5438 5521/5850/5387 5568/5815/5434
f 5568/5815/5434 5521/5850/5387 5523/5849/5389
f 5522/5769/5388 5521/5768/5387 5528/5775/5394
f 5528/5775/5394 5521/5768/5387 5527/5774/5393
f 5521/5850/5387 5572/5819/5438 5527/5851/5393
f 5527/5851/5393 5572/5819/5438 5571/5818/5437
f 5575/5822/5441 5525/5852/5391 5571/5818/5437
f 5571/5818/5437 5525/5852/5391 5527/5851/5393
f 5526/5773/5392 5525/5772/5391 5532/5779/5398
f 5532/5779/5398 5525/5772/5391 5531/5778/5397
f 5525/5852/5391 5575/5822/5441 5531/5853/5397
f 5531/5853/5397 5575/5822/5441 5574/5821/5440
f 5578/5825/5444 5529/5854/5395 5574/5821/5440
f 5574/5821/5440 5529/5854/5395 5531/5853/5397
f 5530/5777/5396 5529/5776/5395 5536/5783/5402
f 5536/5783/5402 5529/5776/5395 5535/5782/5401
f 5529/5854/5395 5578/5825/5444 5535/5855/5401
f 5535/5855/5401 5578/5825/5444 5577/5824/5443
f 5581/5828/5447 5533/5856/5399 5577/5824/5443
f 5577/5824/5443 5533/5856/5399 5535/5855/5401
f 5534/5781/5400 5533/5780/5399 5538/5785/5404
f 5538/5785/5404 5533/5780/5399 5537/5784/5403
f 5533/5856/5399 5581/5828/5447 5537/5857/5403
f 5537/5857/5403 5581/5828/5447 5580/5827/5446
f 5580/5827/5446 5436/5658/5302 5537/5857/5403
f 5537/5857/5403 5436/5658/5302 5390/5690/5256
f 5540/5787/5406 5458/5691/5324 5542/5789/5408
f 5542/5789/5408 5458/5691/5324 5459/5692/5325
f 5460/5695/5326 5582/5829/5448 5459/5694/5325
f 5459/5694/5325 5582/5829/5448 5542/5858/5408
f 5582/5829/5448 5585/5832/5451 5542/5858/5408
f 5542/5858/5408 5585/5832/5451 5541/5859/5407
f 5544/5791/5410 5539/5786/5405 5546/5793/5412
f 5546/5793/5412 5539/5786/5405 5541/5788/5407
f 5585/5832/5451 5584/5831/5450 5541/5859/5407
f 5541/5859/5407 5584/5831/5450 5546/5860/5412
f 5584/5831/5450 5588/5835/5454 5546/5860/5412
f 5546/5860/5412 5588/5835/5454 5545/5861/5411
f 5548/5795/5414 5543/5790/5409 5550/5797/5416
f 5550/5797/5416 5543/5790/5409 5545/5792/5411
f 5588/5835/5454 5587/5834/5453 5545/5861/5411
f 5545/5861/5411 5587/5834/5453 5550/5862/5416
f 5587/5834/5453 5591/5838/5457 5550/5862/5416
f 5550/5862/5416 5591/5838/5457 5549/5863/5415
f 5552/5799/5418 5547/5794/5413 5554/5801/5420
f 5554/5801/5420 5547/5794/5413 5549/5796/5415
f 5591/5838/5457 5590/5837/5456 5549/5863/5415
f 5549/5863/5415 5590/5837/5456 5554/5864/5420
f 5590/5837/5456 5594/5841/5460 5554/5864/5420
f 5554/5864/5420 5594/5841/5460 5553/5865/5419
f 5556/5803/5422 5551/5798/5417 5558/5805/5424
f 5558/5805/5424 5551/5798/5417 5553/5800/5419
f 5594/5841/5460 5593/5840/5459 5553/5865/5419
f 5553/5865/5419 5593/5840/5459 5558/5866/5424
f 5593/5840/5459 5597/5844/5463 5558/5866/5424
f 5558/5866/5424 5597/5844/5463 5557/5867/5423
f 5560/5807/5426 5555/5802/5421 5562/5809/5428
f 5562/5809/5428 5555/5802/5421 5557/5804/5423
f 5597/5844/5463 5596/5843/5462 5557/5867/5423
f 5557/5867/5423 5596/5843/5462 5562/5868/5428
f 5596/5843/5462 5600/5847/5466 5562/5868/5428
f 5562/5868/5428 5600/5847/5466 5561/5869/5427
f 5559/5806/5425 5561/5808/5427 5566/5813/5432
f 5566/5813/5432 5561/5808/5427 5565/5812/5431
f 5561/5869/5427 5600/5847/5466 5565/5870/5431
f 5565/5870/5431 5600/5847/5466 5599/5846/5465
f 5569/5816/5435 5563/5848/5429 5599/5846/5465
f 5599/5846/5465 5563/5848/5429 5565/5870/5431
f 5601/5871/5467 5602/5872/5468 5567/5814/5433
f 5567/5814/5433 5602/5872/5468 5570/5817/5436
f 5602/5872/5468 5603/5873/5469 5570/5817/5436
f 5570/5817/5436 5603/5873/5469 5573/5820/5439
f 5603/5873/5469 5604/5874/5470 5573/5820/5439
f 5573/5820/5439 5604/5874/5470 5576/5823/5442
f 5604/5874/5470 5605/5875/5471 5576/5823/5442
f 5576/5823/5442 5605/5875/5471 5579/5826/5445
f 5605/5875/5471 5466/5713/5332 5579/5826/5445
f 5579/5826/5445 5466/5713/5332 5434/5656/5300
f 5467/5714/5333 5468/5715/5334 5583/5830/5449
f 5583/5830/5449 5468/5715/5334 5606/5876/5472
f 5583/5830/5449 5606/5876/5472 5586/5833/5452
f 5586/5833/5452 5606/5876/5472 5607/5877/5473
f 5586/5833/5452 5607/5877/5473 5589/5836/5455
f 5589/5836/5455 5607/5877/5473 5608/5878/5474
f 5589/5836/5455 5608/5878/5474 5592/5839/5458
f 5592/5839/5458 5608/5878/5474 5609/5879/5475
f 5592/5839/5458 5609/5879/5475 5595/5842/5461
f 5595/5842/5461 5609/5879/5475 5610/5880/5476
f 5595/5842/5461 5610/5880/5476 5598/5845/5464
f 5598/5845/5464 5610/5880/5476 5611/5881/5477
f 5611/5881/5477 5601/5871/5467 5598/5845/5464
f 5598/5845/5464 5601/5871/5467 5567/5814/5433
f 5612/5882/5478 5613/5883/5479 5601/5871/5467
f 5601/5871/5467 5613/5883/5479 5602/5872/5468
f 5613/5883/5479 5614/5884/5480 5602/5872/5468
f 5602/5872/5468 5614/5884/5480 5603/5873/5469
f 5614/5884/5480 5615/5885/5481 5603/5873/5469
f 5603/5873/5469 5615/5885/5481 5604/5874/5470
f 5615/5885/5481 5616/5886/5482 5604/5874/5470
f 5604/5874/5470 5616/5886/5482 5605/5875/5471
f 5616/5886/5482 5480/5727/5346 5605/5875/5471
f 5605/5875/5471 5480/5727/5346 5466/5713/5332
f 5468/5715/5334 5481/5728/5347 5606/5876/5472
f 5606/5876/5472 5481/5728/5347 5617/5887/5483
f 5606/5876/5472 5617/5887/5483 5607/5877/5473
f 5607/5877/5473 5617/5887/5483 5618/5888/5484
f 5607/5877/5473 5618/5888/5484 5608/5878/5474
f 5608/5878/5474 5618/5888/5484 5619/5889/5485
f 5608/5878/5474 5619/5889/5485 5609/5879/5475
f 5609/5879/5475 5619/5889/5485 5620/5890/5486
f 5609/5879/5475 5620/5890/5486 5610/5880/5476
f 5610/5880/5476 5620/5890/5486 5621/5891/5487
f 5610/5880/5476 5621/5891/5487 5611/5881/5477
f 5611/5881/5477 5621/5891/5487 5622/5892/5488
f 5622/5892/5488 5612/5882/5478 5611/5881/5477
f 5611/5881/5477 5612/5882/5478 5601/5871/5467
f 5431/5653/5297 5433/5655/5299 5435/5657/5301
f 5431/5653/5297 5435/5657/5301 5434/5656/5300
f 5428/5650/5294 5430/5652/5296 5432/5654/5298
f 5428/5650/5294 5432/5654/5298 5431/5653/5297
f 5425/5647/5291 5427/5649/5293 5429/5651/5295
f 5425/5647/5291 5429/5651/5295 5428/5650/5294
f 5422/5644/5288 5424/5646/5290 5426/5648/5292
f 5422/5644/5288 5426/5648/5292 5425/5647/5291
f 5455/5677/5321 5457/5679/5323 5423/5645/5289
f 5455/5677/5321 5423/5645/5289 5422/5644/5288
f 5452/5674/5318 5454/5676/5320 5456/5678/5322
f 5452/5674/5318 5456/5678/5322 5455/5677/5321
f 5449/5671/5315 5451/5673/5317 5453/5675/5319
f 5449/5671/5315 5453/5675/5319 5452/5674/5318
f 5446/5668/5312 5448/5670/5314 5450/5672/5316
f 5446/5668/5312 5450/5672/5316 5449/5671/5315
f 5443/5665/5309 5445/5667/5311 5447/5669/5313
f 5443/5665/5309 5447/5669/5313 5446/5668/5312
f 5440/5662/5306 5442/5664/5308 5444/5666/5310
f 5440/5662/5306 5444/5666/5310 5443/5665/5309
f 5437/5659/5303 5439/5661/5305 5441/5663/5307
f 5437/5659/5303 5441/5663/5307 5440/5662/5306
f 5467/5714/5333 5460/5695/5326 5438/5660/5304
f 5467/5714/5333 5438/5660/5304 5437/5659/5303
f 5582/5829/5448 5583/5830/5449 5585/5832/5451
f 5467/5714/5333 5583/5830/5449 5582/5829/5448
f 5584/5831/5450 5586/5833/5452 5588/5835/5454
f 5583/5830/5449 5586/5833/5452 5584/5831/5450
f 5587/5834/5453 5589/5836/5455 5591/5838/5457
f 5586/5833/5452 5589/5836/5455 5587/5834/5453
f 5590/5837/5456 5592/5839/5458 5594/5841/5460
f 5589/5836/5455 5592/5839/5458 5590/5837/5456
f 5593/5840/5459 5595/5842/5461 5597/5844/5463
f 5592/5839/5458 5595/5842/5461 5593/5840/5459
f 5596/5843/5462 5598/5845/5464 5600/5847/5466
f 5595/5842/5461 5598/5845/5464 5596/5843/5462
f 5599/5846/5465 5567/5814/5433 5569/5816/5435
f 5598/5845/5464 5567/5814/5433 5599/5846/5465
f 5568/5815/5434 5570/5817/5436 5572/5819/5438
f 5567/5814/5433 5570/5817/5436 5568/5815/5434
f 5571/5818/5437 5573/5820/5439 5575/5822/5441
f 5570/5817/5436 5573/5820/5439 5571/5818/5437
f 5574/5821/5440 5576/5823/5442 5578/5825/5444
f 5573/5820/5439 5576/5823/5442 5574/5821/5440
f 5577/5824/5443 5579/5826/5445 5581/5828/5447
f 5576/5823/5442 5579/5826/5445 5577/5824/5443
f 5580/5827/5446 5434/5656/5300 5436/5658/5302
f 5579/5826/5445 5434/5656/5300 5580/5827/5446
f 5367/5589/5233 5458/5691/5324 5540/5787/5406
f 5515/5762/5381 5540/5787/5406 5539/5786/5405
f 5515/5762/5381 5539/5786/5405 5544/5791/5410
f 5516/5763/5382 5544/5791/5410 5543/5790/5409
f 5516/5763/5382 5543/5790/5409 5548/5795/5414
f 5517/5764/5383 5548/5795/5414 5547/5794/5413
f 5517/5764/5383 5547/5794/5413 5552/5799/5418
f 5518/5765/5384 5552/5799/5418 5551/5798/5417
f 5518/5765/5384 5551/5798/5417 5556/5803/5422
f 5519/5766/5385 5556/5803/5422 5555/5802/5421
f 5519/5766/5385 5555/5802/5421 5560/5807/5426
f 5520/5767/5386 5560/5807/5426 5559/5806/5425
f 5520/5767/5386 5559/5806/5425 5566/5813/5432
f 5511/5758/5377 5566/5813/5432 5564/5811/5430
f 5511/5758/5377 5564/5811/5430 5524/5771/5390
f 5510/5757/5376 5524/5771/5390 5522/5769/5388
f 5510/5757/5376 5522/5769/5388 5528/5775/5394
f 5512/5759/5378 5528/5775/5394 5526/5773/5392
f 5512/5759/5378 5526/5773/5392 5532/5779/5398
f 5513/5760/5379 5532/5779/5398 5530/5777/5396
f 5513/5760/5379 5530/5777/5396 5536/5783/5402
f 5514/5761/5380 5536/5783/5402 5534/5781/5400
f 5514/5761/5380 5534/5781/5400 5538/5785/5404
f 5366/5588/5232 5538/5785/5404 5392/5614/5258
f 5393/5615/5259 5366/5588/5232 5392/5614/5258
f 5365/5587/5231 5393/5615/5259 5388/5610/5254
f 5389/5611/5255 5365/5587/5231 5388/5610/5254
f 5364/5586/5230 5389/5611/5255 5384/5606/5250
f 5385/5607/5251 5364/5586/5230 5384/5606/5250
f 5363/5585/5229 5385/5607/5251 5380/5602/5246
f 5381/5603/5247 5363/5585/5229 5380/5602/5246
f 5362/5584/5228 5381/5603/5247 5376/5598/5242
f 5377/5599/5243 5362/5584/5228 5376/5598/5242
f 5361/5583/5227 5377/5599/5243 5420/5642/5286
f 5421/5643/5287 5361/5583/5227 5420/5642/5286
f 5373/5595/5239 5421/5643/5287 5417/5639/5283
f 5415/5637/5281 5373/5595/5239 5417/5639/5283
f 5372/5594/5238 5415/5637/5281 5413/5635/5279
f 5411/5633/5277 5372/5594/5238 5413/5635/5279
f 5371/5593/5237 5411/5633/5277 5409/5631/5275
f 5407/5629/5273 5371/5593/5237 5409/5631/5275
f 5370/5592/5236 5407/5629/5273 5405/5627/5271
f 5403/5625/5269 5370/5592/5236 5405/5627/5271
f 5369/5591/5235 5403/5625/5269 5401/5623/5267
f 5399/5621/5265 5369/5591/5235 5401/5623/5267
f 5368/5590/5234 5399/5621/5265 5397/5619/5263
f 5395/5617/5261 5368/5590/5234 5397/5619/5263
f 5367/5589/5233 5395/5617/5261 5458/5691/5324
f 5613/5883/5479 5612/5882/5478 5623/5893/5489
f 5614/5884/5480 5613/5883/5479 5623/5893/5489
f 5615/5885/5481 5614/5884/5480 5623/5893/5489
f 5616/5886/5482 5615/5885/5481 5623/5893/5489
f 5480/5727/5346 5616/5886/5482 5623/5893/5489
f 5617/5887/5483 5481/5728/5347 5623/5893/5489
f 5618/5888/5484 5617/5887/5483 5623/5893/5489
f 5619/5889/5485 5618/5888/5484 5623/5893/5489
f 5620/5890/5486 5619/5889/5485 5623/5893/5489
f 5621/5891/5487 5620/5890/5486 5623/5893/5489
f 5622/5892/5488 5621/5891/5487 5623/5893/5489
f 5612/5882/5478 5622/5892/5488 5623/5893/5489
f 5475/5722/5341 5623/5893/5489 5476/5723/5342
f 5477/5724/5343 5623/5893/5489 5475/5722/5341
f 5478/5725/5344 5623/5893/5489 5477/5724/5343
f 5479/5726/5345 5623/5893/5489 5478/5725/5344
f 5480/5727/5346 5623/5893/5489 5479/5726/5345
f 5482/5729/5348 5623/5893/5489 5481/5728/5347
f 5483/5730/5349 5623/5893/5489 5482/5729/5348
f 5484/5731/5350 5623/5893/5489 5483/5730/5349
f 5485/5732/5351 5623/5893/5489 5484/5731/5350
f 5486/5733/5352 5623/5893/5489 5485/5732/5351
f 5487/5734/5353 5623/5893/5489 5486/5733/5352
f 5476/5723/5342 5623/5893/5489 5487/5734/5353
f 5231/5452/5105 5624/5894/5490 5227/5448/5101
f 5227/5448/5101 5624/5894/5490 5625/5895/5491
f 5626/5896/5492 5228/5449/5102 5625/5895/5491
f 5625/5895/5491 5228/5449/5102 5227/5448/5101
f 5234/5455/5108 5627/5897/5493 5230/5451/5104
f 5230/5451/5104 5627/5897/5493 5628/5898/5494
f 5624/5894/5490 5231/5452/5105 5628/5898/5494
f 5628/5898/5494 5231/5452/5105 5230/5451/5104
f 5237/5458/5111 5629/5899/5495 5233/5454/5107
f 5233/5454/5107 5629/5899/5495 5630/5900/5496
f 5627/5897/5493 5234/5455/5108 5630/5900/5496
f 5630/5900/5496 5234/5455/5108 5233/5454/5107
f 5240/5461/5114 5631/5901/5497 5236/5457/5110
f 5236/5457/5110 5631/5901/5497 5632/5902/5498
f 5629/5899/5495 5237/5458/5111 5632/5902/5498
f 5632/5902/5498 5237/5458/5111 5236/5457/5110
f 5633/5903/5499 5634/5904/5500 5239/5460/5113
f 5239/5460/5113 5634/5904/5500 5635/5905/5501
f 5631/5901/5497 5240/5461/5114 5635/5905/5501
f 5635/5905/5501 5240/5461/5114 5239/5460/5113
f 5636/5906/5502 5637/5907/5503 5246/5467/5120
f 5246/5467/5120 5637/5907/5503 5242/5463/5116
f 5637/5907/5503 5638/5908/5504 5242/5463/5116
f 5242/5463/5116 5638/5908/5504 5243/5464/5117
f 5639/5909/5505 5640/5910/5506 5249/5470/5123
f 5249/5470/5123 5640/5910/5506 5245/5466/5119
f 5640/5910/5506 5636/5906/5502 5245/5466/5119
f 5245/5466/5119 5636/5906/5502 5246/5467/5120
f 5641/5911/5507 5642/5912/5508 5252/5473/5126
f 5252/5473/5126 5642/5912/5508 5248/5469/5122
f 5642/5912/5508 5639/5909/5505 5248/5469/5122
f 5248/5469/5122 5639/5909/5505 5249/5470/5123
f 5643/5913/5509 5644/5914/5510 5255/5476/5129
f 5255/5476/5129 5644/5914/5510 5251/5472/5125
f 5644/5914/5510 5641/5911/5507 5251/5472/5125
f 5251/5472/5125 5641/5911/5507 5252/5473/5126
f 5645/5915/5511 5646/5916/5512 5258/5479/5132
f 5258/5479/5132 5646/5916/5512 5254/5475/5128
f 5646/5916/5512 5643/5913/5509 5254/5475/5128
f 5254/5475/5128 5643/5913/5509 5255/5476/5129
f 5647/5917/5513 5648/5918/5514 5261/5482/5135
f 5261/5482/5135 5648/5918/5514 5257/5478/5131
f 5648/5918/5514 5645/5915/5511 5257/5478/5131
f 5257/5478/5131 5645/5915/5511 5258/5479/5132
f 5228/5449/5102 5626/5896/5492 5260/5481/5134
f 5260/5481/5134 5626/5896/5492 5649/5919/5515
f 5647/5917/5513 5261/5482/5135 5649/5919/5515
f 5649/5919/5515 5261/5482/5135 5260/5481/5134
f 5624/5894/5490 5650/5920/5516 5625/5895/5491
f 5625/5895/5491 5650/5920/5516 5263/5921/5137
f 5651/5922/5517 5626/5896/5492 5263/5921/5137
f 5263/5921/5137 5626/5896/5492 5625/5895/5491
f 5627/5897/5493 5652/5923/5518 5628/5898/5494
f 5628/5898/5494 5652/5923/5518 5264/5924/5138
f 5650/5920/5516 5624/5894/5490 5264/5924/5138
f 5264/5924/5138 5624/5894/5490 5628/5898/5494
f 5629/5899/5495 5653/5925/5519 5630/5900/5496
f 5630/5900/5496 5653/5925/5519 5265/5926/5139
f 5652/5923/5518 5627/5897/5493 5265/5926/5139
f 5265/5926/5139 5627/5897/5493 5630/5900/5496
f 5631/5901/5497 5654/5927/5520 5632/5902/5498
f 5632/5902/5498 5654/5927/5520 5266/5928/5140
f 5653/5925/5519 5629/5899/5495 5266/5928/5140
f 5266/5928/5140 5629/5899/5495 5632/5902/5498
f 5634/5904/5500 5655/5929/5521 5635/5905/5501
f 5635/5905/5501 5655/5929/5521 5267/5930/5141
f 5654/5927/5520 5631/5901/5497 5267/5930/5141
f 5267/5930/5141 5631/5901/5497 5635/5905/5501
f 5656/5931/5522 5268/5932/5142 5636/5906/5502
f 5636/5906/5502 5268/5932/5142 5637/5907/5503
f 5268/5932/5142 5657/5933/5523 5637/5907/5503
f 5637/5907/5503 5657/5933/5523 5638/5908/5504
f 5658/5934/5524 5269/5935/5143 5639/5909/5505
f 5639/5909/5505 5269/5935/5143 5640/5910/5506
f 5269/5935/5143 5656/5931/5522 5640/5910/5506
f 5640/5910/5506 5656/5931/5522 5636/5906/5502
f 5659/5936/5525 5270/5937/5144 5641/5911/5507
f 5641/5911/5507 5270/5937/5144 5642/5912/5508
f 5270/5937/5144 5658/5934/5524 5642/5912/5508
f 5642/5912/5508 5658/5934/5524 5639/5909/5505
f 5660/5938/5526 5271/5939/5145 5643/5913/5509
f 5643/5913/5509 5271/5939/5145 5644/5914/5510
f 5271/5939/5145 5659/5936/5525 5644/5914/5510
f 5644/5914/5510 5659/5936/5525 5641/5911/5507
f 5661/5940/5527 5272/5941/5146 5645/5915/5511
f 5645/5915/5511 5272/5941/5146 5646/5916/5512
f 5272/5941/5146 5660/5938/5526 5646/5916/5512
f 5646/5916/5512 5660/5938/5526 5643/5913/5509
f 5662/5942/5528 5273/5943/5147 5647/5917/5513
f 5647/5917/5513 5273/5943/5147 5648/5918/5514
f 5273/5943/5147 5661/5940/5527 5648/5918/5514
f 5648/5918/5514 5661/5940/5527 5645/5915/5511
f 5626/5896/5492 5651/5922/5517 5649/5919/5515
f 5649/5919/5515 5651/5922/5517 5274/5944/5148
f 5662/5942/5528 5647/5917/5513 5274/5944/5148
f 5274/5944/5148 5647/5917/5513 5649/5919/5515
f 5663/5945/5529 5664/5946/5530 5665/5947/5531
f 5665/5947/5531 5664/5946/5530 5666/5948/5532
f 5664/5946/5530 5667/5949/5533 5666/5948/5532
f 5666/5948/5532 5667/5949/5533 5668/5950/5534
f 5666/5948/5532 5668/5950/5534 5669/5951/5535
f 5667/5949/5533 5670/5952/5536 5668/5950/5534
f 5668/5950/5534 5670/5952/5536 5671/5953/5537
f 5670/5952/5536 5672/5954/5538 5671/5953/5537
f 5671/5953/5537 5672/5954/5538 5673/5955/5539
f 5671/5953/5537 5673/5955/5539 5674/5956/5540
f 5672/5954/5538 5675/5957/5541 5673/5955/5539
f 5673/5955/5539 5675/5957/5541 5676/5958/5542
f 5675/5957/5541 5677/5959/5543 5676/5958/5542
f 5676/5958/5542 5677/5959/5543 5678/5960/5544
f 5676/5958/5542 5678/5960/5544 5679/5961/5545
f 5677/5959/5543 5680/5962/5546 5678/5960/5544
f 5678/5960/5544 5680/5962/5546 5681/5963/5547
f 5680/5962/5546 5682/5964/5548 5681/5963/5547
f 5681/5963/5547 5682/5964/5548 5683/5965/5549
f 5681/5963/5547 5683/5965/5549 5684/5966/5550
f 5682/5964/5548 5685/5967/5551 5683/5965/5549
f 5683/5965/5549 5685/5967/5551 5686/5968/5552
f 5685/5967/5551 5634/5969/5500 5686/5968/5552
f 5686/5968/5552 5634/5969/5500 5633/5970/5499
f 5686/5968/5552 5633/5970/5499 5687/5971/5553
f 5243/5464/5117 5638/5908/5504 5688/5972/5554
f 5688/5972/5554 5638/5908/5504 5689/5973/5555
f 5690/5974/5556 5691/5975/5557 5689/5973/5555
f 5689/5973/5555 5691/5975/5557 5688/5972/5554
f 5688/5972/5554 5691/5975/5557 5692/5976/5558
f 5691/5975/5557 5690/5974/5556 5693/5977/5559
f 5693/5977/5559 5690/5974/5556 5694/5978/5560
f 5695/5979/5561 5696/5980/5562 5694/5978/5560
f 5694/5978/5560 5696/5980/5562 5693/5977/5559
f 5693/5977/5559 5696/5980/5562 5697/5981/5563
f 5696/5980/5562 5695/5979/5561 5698/5982/5564
f 5698/5982/5564 5695/5979/5561 5699/5983/5565
f 5700/5984/5566 5701/5985/5567 5699/5983/5565
f 5699/5983/5565 5701/5985/5567 5698/5982/5564
f 5698/5982/5564 5701/5985/5567 5702/5986/5568
f 5701/5985/5567 5700/5984/5566 5703/5987/5569
f 5703/5987/5569 5700/5984/5566 5704/5988/5570
f 5705/5989/5571 5706/5990/5572 5704/5988/5570
f 5704/5988/5570 5706/5990/5572 5703/5987/5569
f 5703/5987/5569 5706/5990/5572 5707/5991/5573
f 5706/5990/5572 5705/5989/5571 5708/5992/5574
f 5708/5992/5574 5705/5989/5571 5709/5993/5575
f 5710/5994/5576 5711/5995/5577 5709/5993/5575
f 5709/5993/5575 5711/5995/5577 5708/5992/5574
f 5708/5992/5574 5711/5995/5577 5712/5996/5578
f 5711/5995/5577 5710/5994/5576 5713/5997/5579
f 5713/5997/5579 5710/5994/5576 5714/5998/5580
f 5715/5999/5581 5716/6000/5582 5714/5998/5580
f 5714/5998/5580 5716/6000/5582 5713/5997/5579
f 5713/5997/5579 5716/6000/5582 5717/6001/5583
f 5715/5999/5581 5718/6002/5584 5716/6000/5582
f 5716/6000/5582 5718/6002/5584 5719/6003/5585
f 5718/6002/5584 5663/5945/5529 5719/6003/5585
f 5719/6003/5585 5663/5945/5529 5665/5947/5531
f 5719/6003/5585 5665/5947/5531 5720/6004/5586
f 5721/6005/5587 5722/6006/5588 5663/5945/5529
f 5663/5945/5529 5722/6006/5588 5664/5946/5530
f 5722/6006/5588 5723/6007/5589 5664/5946/5530
f 5664/5946/5530 5723/6007/5589 5667/5949/5533
f 5723/6007/5589 5724/6008/5590 5667/5949/5533
f 5667/5949/5533 5724/6008/5590 5670/5952/5536
f 5724/6008/5590 5725/6009/5591 5670/5952/5536
f 5670/5952/5536 5725/6009/5591 5672/5954/5538
f 5725/6009/5591 5726/6010/5592 5672/5954/5538
f 5672/5954/5538 5726/6010/5592 5675/5957/5541
f 5726/6010/5592 5727/6011/5593 5675/5957/5541
f 5675/5957/5541 5727/6011/5593 5677/5959/5543
f 5727/6011/5593 5728/6012/5594 5677/5959/5543
f 5677/5959/5543 5728/6012/5594 5680/5962/5546
f 5728/6012/5594 5729/6013/5595 5680/5962/5546
f 5680/5962/5546 5729/6013/5595 5682/5964/5548
f 5729/6013/5595 5730/6014/5596 5682/5964/5548
f 5682/5964/5548 5730/6014/5596 5685/5967/5551
f 5730/6014/5596 5655/6015/5521 5685/5967/5551
f 5685/5967/5551 5655/6015/5521 5634/5969/5500
f 5638/5908/5504 5657/5933/5523 5689/5973/5555
f 5689/5973/5555 5657/5933/5523 5731/6016/5597
f 5732/6017/5598 5690/5974/5556 5731/6016/5597
f 5731/6016/5597 5690/5974/5556 5689/5973/5555
f 5690/5974/5556 5732/6017/5598 5694/5978/5560
f 5694/5978/5560 5732/6017/5598 5733/6018/5599
f 5734/6019/5600 5695/5979/5561 5733/6018/5599
f 5733/6018/5599 5695/5979/5561 5694/5978/5560
f 5695/5979/5561 5734/6019/5600 5699/5983/5565
f 5699/5983/5565 5734/6019/5600 5735/6020/5601
f 5736/6021/5602 5700/5984/5566 5735/6020/5601
f 5735/6020/5601 5700/5984/5566 5699/5983/5565
f 5700/5984/5566 5736/6021/5602 5704/5988/5570
f 5704/5988/5570 5736/6021/5602 5737/6022/5603
f 5738/6023/5604 5705/5989/5571 5737/6022/5603
f 5737/6022/5603 5705/5989/5571 5704/5988/5570
f 5705/5989/5571 5738/6023/5604 5709/5993/5575
f 5709/5993/5575 5738/6023/5604 5739/6024/5605
f 5740/6025/5606 5710/5994/5576 5739/6024/5605
f 5739/6024/5605 5710/5994/5576 5709/5993/5575
f 5710/5994/5576 5740/6025/5606 5714/5998/5580
f 5714/5998/5580 5740/6025/5606 5741/6026/5607
f 5742/6027/5608 5715/5999/5581 5741/6026/5607
f 5741/6026/5607 5715/5999/5581 5714/5998/5580
f 5742/6027/5608 5743/6028/5609 5715/5999/5581
f 5715/5999/5581 5743/6028/5609 5718/6002/5584
f 5743/6028/5609 5721/6005/5587 5718/6002/5584
f 5718/6002/5584 5721/6005/5587 5663/5945/5529
f 5298/5520/5164 5299/5521/5165 5722/6029/5588
f 5299/5521/5165 5300/5522/5166 5724/6030/5590
f 5300/5522/5166 5301/5523/5167 5726/6031/5592
f 5301/5523/5167 5302/5524/5168 5728/6032/5594
f 5302/5524/5168 5219/5440/5093 5730/6033/5596
f 5220/5441/5094 5303/5525/5169 5731/6034/5597
f 5303/5525/5169 5304/5526/5170 5733/6035/5599
f 5304/5526/5170 5305/5527/5171 5735/6036/5601
f 5305/5527/5171 5306/5528/5172 5737/6037/5603
f 5306/5528/5172 5307/5529/5173 5739/6038/5605
f 5307/5529/5173 5308/5530/5174 5741/6039/5607
f 5308/5530/5174 5298/5520/5164 5743/6040/5609
f 5232/5453/5106 5229/5450/5103 5744/6041/5610
f 5744/6041/5610 5229/5450/5103 5745/6042/5611
f 5235/5456/5109 5232/5453/5106 5746/6043/5612
f 5746/6043/5612 5232/5453/5106 5744/6041/5610
f 5238/5459/5112 5235/5456/5109 5747/6044/5613
f 5747/6044/5613 5235/5456/5109 5746/6043/5612
f 5241/5462/5115 5238/5459/5112 5748/6045/5614
f 5748/6045/5614 5238/5459/5112 5747/6044/5613
f 5687/6046/5553 5241/5462/5115 5749/6047/5615
f 5749/6047/5615 5241/5462/5115 5748/6045/5614
f 5750/6048/5616 5247/5468/5121 5751/6049/5617
f 5751/6049/5617 5247/5468/5121 5244/5465/5118
f 5752/6050/5618 5250/5471/5124 5750/6048/5616
f 5750/6048/5616 5250/5471/5124 5247/5468/5121
f 5753/6051/5619 5253/5474/5127 5752/6050/5618
f 5752/6050/5618 5253/5474/5127 5250/5471/5124
f 5754/6052/5620 5256/5477/5130 5753/6051/5619
f 5753/6051/5619 5256/5477/5130 5253/5474/5127
f 5755/6053/5621 5259/5480/5133 5754/6052/5620
f 5754/6052/5620 5259/5480/5133 5256/5477/5130
f 5756/6054/5622 5262/5483/5136 5755/6053/5621
f 5755/6053/5621 5262/5483/5136 5259/5480/5133
f 5229/5450/5103 5262/5483/5136 5745/6042/5611
f 5745/6042/5611 5262/5483/5136 5756/6054/5622
f 5757/6055/5623 5720/6004/5586 5758/6056/5624
f 5758/6056/5624 5720/6004/5586 5669/5951/5535
f 5758/6056/5624 5669/5951/5535 5759/6057/5625
f 5759/6057/5625 5669/5951/5535 5674/5956/5540
f 5759/6057/5625 5674/5956/5540 5760/6058/5626
f 5760/6058/5626 5674/5956/5540 5679/5961/5545
f 5760/6058/5626 5679/5961/5545 5761/6059/5627
f 5761/6059/5627 5679/5961/5545 5684/5966/5550
f 5761/6059/5627 5684/5966/5550 5749/6060/5615
f 5749/6060/5615 5684/5966/5550 5687/5971/5553
f 5244/5465/5118 5692/5976/5558 5751/6049/5617
f 5751/6049/5617 5692/5976/5558 5762/6061/5628
f 5692/5976/5558 5697/5981/5563 5762/6061/5628
f 5762/6061/5628 5697/5981/5563 5763/6062/5629
f 5697/5981/5563 5702/5986/5568 5763/6062/5629
f 5763/6062/5629 5702/5986/5568 5764/6063/5630
f 5702/5986/5568 5707/5991/5573 5764/6063/5630
f 5764/6063/5630 5707/5991/5573 5765/6064/5631
f 5707/5991/5573 5712/5996/5578 5765/6064/5631
f 5765/6064/5631 5712/5996/5578 5766/6065/5632
f 5712/5996/5578 5717/6001/5583 5766/6065/5632
f 5766/6065/5632 5717/6001/5583 5767/6066/5633
f 5767/6066/5633 5717/6001/5583 5757/6055/5623
f 5757/6055/5623 5717/6001/5583 5720/6004/5586
f 5227/5448/5101 5232/5453/5106 5231/5452/5105
f 5227/5448/5101 5229/5450/5103 5232/5453/5106
f 5230/5451/5104 5235/5456/5109 5234/5455/5108
f 5230/5451/5104 5232/5453/5106 5235/5456/5109
f 5233/5454/5107 5238/5459/5112 5237/5458/5111
f 5233/5454/5107 5235/5456/5109 5238/5459/5112
f 5236/5457/5110 5241/5462/5115 5240/5461/5114
f 5236/5457/5110 5238/5459/5112 5241/5462/5115
f 5239/5460/5113 5687/6046/5553 5633/5903/5499
f 5239/5460/5113 5241/5462/5115 5687/6046/5553
f 5686/5968/5552 5684/5966/5550 5683/5965/5549
f 5686/5968/5552 5687/5971/5553 5684/5966/5550
f 5681/5963/5547 5679/5961/5545 5678/5960/5544
f 5681/5963/5547 5684/5966/5550 5679/5961/5545
f 5676/5958/5542 5674/5956/5540 5673/5955/5539
f 5676/5958/5542 5679/5961/5545 5674/5956/5540
f 5671/5953/5537 5669/5951/5535 5668/5950/5534
f 5671/5953/5537 5674/5956/5540 5669/5951/5535
f 5666/5948/5532 5720/6004/5586 5665/5947/5531
f 5666/5948/5532 5669/5951/5535 5720/6004/5586
f 5719/6003/5585 5717/6001/5583 5716/6000/5582
f 5719/6003/5585 5720/6004/5586 5717/6001/5583
f 5713/5997/5579 5712/5996/5578 5711/5995/5577
f 5713/5997/5579 5717/6001/5583 5712/5996/5578
f 5708/5992/5574 5707/5991/5573 5706/5990/5572
f 5708/5992/5574 5712/5996/5578 5707/5991/5573
f 5703/5987/5569 5702/5986/5568 5701/5985/5567
f 5703/5987/5569 5707/5991/5573 5702/5986/5568
f 5698/5982/5564 5697/5981/5563 5696/5980/5562
f 5698/5982/5564 5702/5986/5568 5697/5981/5563
f 5693/5977/5559 5692/5976/5558 5691/5975/5557
f 5693/5977/5559 5697/5981/5563 5692/5976/5558
f 5688/5972/5554 5244/5465/5118 5243/5464/5117
f 5688/5972/5554 5692/5976/5558 5244/5465/5118
f 5242/5463/5116 5247/5468/5121 5246/5467/5120
f 5242/5463/5116 5244/5465/5118 5247/5468/5121
f 5245/5466/5119 5250/5471/5124 5249/5470/5123
f 5245/5466/5119 5247/5468/5121 5250/5471/5124
f 5248/5469/5122 5253/5474/5127 5252/5473/5126
f 5248/5469/5122 5250/5471/5124 5253/5474/5127
f 5251/5472/5125 5256/5477/5130 5255/5476/5129
f 5251/5472/5125 5253/5474/5127 5256/5477/5130
f 5254/5475/5128 5259/5480/5133 5258/5479/5132
f 5254/5475/5128 5256/5477/5130 5259/5480/5133
f 5257/5478/5131 5262/5483/5136 5261/5482/5135
f 5257/5478/5131 5259/5480/5133 5262/5483/5136
f 5260/5481/5134 5229/5450/5103 5228/5449/5102
f 5260/5481/5134 5262/5483/5136 5229/5450/5103
f 5272/5493/5146 5224/5445/5098 5660/6067/5526
f 5225/5446/5099 5272/5493/5146 5661/6068/5527
f 5273/5494/5147 5225/5446/5099 5661/6068/5527
f 5226/5447/5100 5273/5494/5147 5662/6069/5528
f 5274/5495/5148 5226/5447/5100 5662/6069/5528
f 5213/5434/5087 5274/5495/5148 5651/6070/5517
f 5263/5484/5137 5213/5434/5087 5651/6070/5517
f 5214/5435/5088 5263/5484/5137 5650/6071/5516
f 5264/5485/5138 5214/5435/5088 5650/6071/5516
f 5216/5437/5090 5264/5485/5138 5652/6072/5518
f 5265/5486/5139 5216/5437/5090 5652/6072/5518
f 5217/5438/5091 5265/5486/5139 5653/6073/5519
f 5266/5487/5140 5217/5438/5091 5653/6073/5519
f 5218/5439/5092 5266/5487/5140 5654/6074/5520
f 5218/5439/5092 5654/6074/5520 5267/5488/5141
f 5219/5440/5093 5267/5488/5141 5655/6075/5521
f 5730/6033/5596 5219/5440/5093 5655/6075/5521
f 5302/5524/5168 5730/6033/5596 5729/6076/5595
f 5728/6032/5594 5302/5524/5168 5729/6076/5595
f 5301/5523/5167 5728/6032/5594 5727/6077/5593
f 5726/6031/5592 5301/5523/5167 5727/6077/5593
f 5300/5522/5166 5726/6031/5592 5725/6078/5591
f 5724/6030/5590 5300/5522/5166 5725/6078/5591
f 5299/5521/5165 5724/6030/5590 5723/6079/5589
f 5722/6029/5588 5299/5521/5165 5723/6079/5589
f 5298/5520/5164 5722/6029/5588 5721/6080/5587
f 5743/6040/5609 5298/5520/5164 5721/6080/5587
f 5308/5530/5174 5743/6040/5609 5742/6081/5608
f 5741/6039/5607 5308/5530/5174 5742/6081/5608
f 5307/5529/5173 5741/6039/5607 5740/6082/5606
f 5739/6038/5605 5307/5529/5173 5740/6082/5606
f 5306/5528/5172 5739/6038/5605 5738/6083/5604
f 5737/6037/5603 5306/5528/5172 5738/6083/5604
f 5305/5527/5171 5737/6037/5603 5736/6084/5602
f 5735/6036/5601 5305/5527/5171 5736/6084/5602
f 5304/5526/5170 5735/6036/5601 5734/6085/5600
f 5733/6035/5599 5304/5526/5170 5734/6085/5600
f 5303/5525/5169 5733/6035/5599 5732/6086/5598
f 5731/6034/5597 5303/5525/5169 5732/6086/5598
f 5220/5441/5094 5731/6034/5597 5657/6087/5523
f 5268/5489/5142 5220/5441/5094 5657/6087/5523
f 5221/5442/5095 5268/5489/5142 5656/6088/5522
f 5269/5490/5143 5221/5442/5095 5656/6088/5522
f 5222/5443/5096 5269/5490/5143 5658/6089/5524
f 5270/5491/5144 5222/5443/5096 5658/6089/5524
f 5223/5444/5097 5270/5491/5144 5659/6090/5525
f 5271/5492/5145 5223/5444/5097 5659/6090/5525
f 5224/5445/5098 5271/5492/5145 5660/6067/5526
f 5369/5591/5235 5353/5575/5219 5370/5592/5236
f 5368/5590/5234 5351/5573/5217 5369/5591/5235
f 5515/5762/5381 5501/5748/5367 5499/5746/5365
f 5516/5763/5382 5502/5749/5368 5501/5748/5367
f 5517/5764/5383 5505/5752/5371 5502/5749/5368
f 5370/5592/5236 5355/5577/5221 5371/5593/5237
f 5210/5431/5085 5209/5430/5084 5190/5411/5069
f 5190/5411/5069 5209/5430/5084 5189/5410/5068
f 5211/5432/5086 5212/5433/5086 5207/5428/5082
f 5207/5428/5082 5212/5433/5086 5208/5429/5083
f 5768/6091/5634 5769/6092/5635 5770/6093/5636
f 5770/6093/5636 5769/6092/5635 5771/6094/5637
f 5772/6095/5638 5768/6091/5634 5773/6096/5639
f 5773/6096/5639 5768/6091/5634 5770/6093/5636
f 5772/6095/5638 5773/6096/5639 5774/6097/5640
f 5774/6097/5640 5773/6096/5639 5775/6098/5641
f 5774/6097/5640 5775/6098/5641 5776/6099/5642
f 5776/6099/5642 5775/6098/5641 5777/6100/5643
f 5776/6099/5642 5777/6100/5643 5778/6101/5644
f 5778/6101/5644 5777/6100/5643 5779/6102/5645
f 5778/6101/5644 5779/6102/5645 5780/6103/5646
f 5780/6103/5646 5779/6102/5645 5781/6104/5647
f 5780/6103/5646 5781/6104/5647 5782/6105/5648
f 5782/6105/5648 5781/6104/5647 5783/6106/5649
f 5322/5544/5188 5321/5543/5187 5783/6106/5649
f 5783/6106/5649 5321/5543/5187 5782/6105/5648
f 5784/6107/5650 5785/6108/5651 5786/6109/5652
f 5786/6109/5652 5785/6108/5651 5320/6110/5186
f 5787/6111/5653 5784/6107/5650 5788/6112/5654
f 5788/6112/5654 5784/6107/5650 5786/6109/5652
f 5789/6113/5655 5787/6111/5653 5790/6114/5656
f 5790/6114/5656 5787/6111/5653 5788/6112/5654
f 5769/6092/5635 5789/6113/5655 5771/6094/5637
f 5771/6094/5637 5789/6113/5655 5790/6114/5656
f 5751/6049/5617 5322/5544/5188 5750/6048/5616
f 5750/6048/5616 5322/5544/5188 5783/6106/5649
f 5762/6061/5628 5324/5546/5190 5751/6049/5617
f 5751/6049/5617 5324/5546/5190 5322/5544/5188
f 5763/6062/5629 5326/5548/5192 5762/6061/5628
f 5762/6061/5628 5326/5548/5192 5324/5546/5190
f 5764/6063/5630 5328/5550/5194 5763/6062/5629
f 5763/6062/5629 5328/5550/5194 5326/5548/5192
f 5765/6064/5631 5330/5552/5196 5764/6063/5630
f 5764/6063/5630 5330/5552/5196 5328/5550/5194
f 5766/6065/5632 5332/5554/5198 5765/6064/5631
f 5765/6064/5631 5332/5554/5198 5330/5552/5196
f 5767/6066/5633 5334/5556/5200 5766/6065/5632
f 5766/6065/5632 5334/5556/5200 5332/5554/5198
f 5757/6055/5623 5312/5534/5178 5767/6066/5633
f 5767/6066/5633 5312/5534/5178 5334/5556/5200
f 5758/6056/5624 5311/5533/5177 5757/6055/5623
f 5757/6055/5623 5311/5533/5177 5312/5534/5178
f 5314/5536/5180 5311/5533/5177 5759/6057/5625
f 5759/6057/5625 5311/5533/5177 5758/6056/5624
f 5316/5538/5182 5314/5536/5180 5760/6058/5626
f 5760/6058/5626 5314/5536/5180 5759/6057/5625
f 5318/5540/5184 5316/5538/5182 5761/6059/5627
f 5761/6059/5627 5316/5538/5182 5760/6058/5626
f 5320/5542/5186 5318/5540/5184 5749/6060/5615
f 5749/6060/5615 5318/5540/5184 5761/6059/5627
f 5786/6109/5652 5320/6110/5186 5748/6045/5614
f 5748/6045/5614 5320/6110/5186 5749/6047/5615
f 5788/6112/5654 5786/6109/5652 5747/6044/5613
f 5747/6044/5613 5786/6109/5652 5748/6045/5614
f 5790/6114/5656 5788/6112/5654 5746/6043/5612
f 5746/6043/5612 5788/6112/5654 5747/6044/5613
f 5771/6094/5637 5790/6114/5656 5744/6041/5610
f 5744/6041/5610 5790/6114/5656 5746/6043/5612
f 5770/6093/5636 5771/6094/5637 5745/6042/5611
f 5745/6042/5611 5771/6094/5637 5744/6041/5610
f 5773/6096/5639 5770/6093/5636 5756/6054/5622
f 5756/6054/5622 5770/6093/5636 5745/6042/5611
f 5755/6053/5621 5775/6098/5641 5756/6054/5622
f 5756/6054/5622 5775/6098/5641 5773/6096/5639
f 5754/6052/5620 5777/6100/5643 5755/6053/5621
f 5755/6053/5621 5777/6100/5643 5775/6098/5641
f 5753/6051/5619 5779/6102/5645 5754/6052/5620
f 5754/6052/5620 5779/6102/5645 5777/6100/5643
f 5752/6050/5618 5781/6104/5647 5753/6051/5619
f 5753/6051/5619 5781/6104/5647 5779/6102/5645
f 5750/6048/5616 5783/6106/5649 5752/6050/5618
f 5752/6050/5618 5783/6106/5649 5781/6104/5647
f 5791/6115/5657 5792/6116/5658 5793/6117/5659
f 5798/6118/5660 5797/6119/5661 5799/6120/5662
f 5800/6121/5663 5801/6122/5664 5802/6123/5665
f 5802/6123/5665 5801/6122/5664 5803/6124/5666
f 5801/6122/5664 5804/6125/5667 5803/6124/5666
f 5803/6124/5666 5804/6125/5667 5805/6126/5668
f 5801/6122/5664 5807/6127/5669 5804/6125/5667
f 5806/6128/5670 5801/6122/5664 5808/6129/5671
f 5808/6129/5671 5801/6122/5664 5800/6121/5663
f 5809/6130/5672 5807/6127/5673 5810/6131/5674
f 5810/6131/5674 5807/6127/5673 5806/6128/5670
f 5811/6132/5675 5810/6131/5674 5806/6128/5670
f 5812/6133/5676 5813/6134/5677 5809/6130/5672
f 5812/6133/5676 5809/6130/5672 5810/6131/5674
f 5816/6135/5678 5810/6131/5674 5811/6132/5675
f 5808/6129/5671 5811/6132/5675 5806/6128/5670
f 5795/6136/5679 5805/6126/5680 5799/6120/5681
f 5802/6123/5682 5803/6124/5683 5794/6137/5684
f 5794/6137/5684 5803/6124/5683 5795/6136/5685
f 5813/6134/5686 5814/6138/5687 5817/6139/5688
f 5812/6133/5689 5816/6135/5690 5815/6140/5691
f 5794/6141/5684 5795/6142/5685 5796/6143/5692
f 5803/6144/5693 5820/6145/5694 5805/6146/5695
f 5821/6147/5696 5822/6148/5697 5819/6149/5698
f 5823/6150/5699 5821/6147/5700 5818/6151/5701
f 5821/6147/5696 5825/6152/5702 5822/6148/5697
f 5826/6153/5703 5824/6154/5704 5821/6147/5700
f 5827/6155/5705 5825/6152/5706 5824/6154/5704
f 5828/6156/5707 5824/6154/5704 5826/6153/5703
f 5827/6155/5705 5824/6154/5704 5828/6156/5707
f 5828/6156/5707 5826/6153/5703 5831/6157/5708
f 5823/6150/5699 5826/6153/5703 5821/6147/5700
f 5828/6156/5707 5830/6158/5709 5827/6155/5705
f 5833/6134/5710 5834/6130/5711 5835/6131/5712
f 5836/6159/5713 5833/6134/5710 5837/6133/5714
f 5791/6115/5715 5837/6133/5714 5838/6135/5716
f 5792/6116/5658 5791/6115/5657 5839/6160/5717
f 5840/6161/5718 5841/6162/5719 5792/6116/5658
f 5837/6133/5714 5835/6131/5712 5844/6132/5720
f 5791/6115/5657 5793/6117/5659 5836/6159/5721
f 5838/6135/5716 5837/6133/5714 5844/6132/5720
f 5835/6131/5712 5834/6130/5711 5845/6163/5722
f 5846/6164/5723 5835/6131/5712 5845/6163/5722
f 5840/6161/5718 5792/6116/5658 5843/6165/5724
f 5841/6162/5719 5793/6117/5659 5792/6116/5658
f 5837/6133/5714 5833/6134/5710 5835/6131/5712
f 5846/6164/5723 5844/6132/5720 5835/6131/5712
f 5834/6166/5725 5858/6167/5726 5859/6168/5727
f 5859/6168/5727 5858/6167/5726 5860/6169/5728
f 5858/6167/5726 5834/6166/5725 5861/6170/5729
f 5861/6170/5729 5834/6166/5725 5845/6171/5730
f 5862/6172/5731 5860/6169/5732 5863/6173/5733
f 5864/6174/5734 5858/6167/5726 5861/6170/5729
f 5869/6175/5735 5865/6176/5736 5866/6177/5737
f 5871/6178/5738 5868/6179/5739 5872/6180/5740
f 5878/6181/5741 5879/6182/5742 5880/6183/5743
f 5880/6183/5743 5879/6182/5742 5881/6184/5744
f 5880/6183/5745 5882/6185/5746 5883/6186/5747
f 5882/6185/5748 5884/6187/5749 5886/6188/5750
f 5883/6186/5747 5882/6185/5746 5888/6189/5751
f 5889/6190/5752 5890/6191/5753 5887/6192/5754
f 5891/6193/5755 5886/6188/5756 5890/6191/5753
f 5892/6194/5757 5881/6184/5744 5879/6182/5742
f 5893/6195/5758 5894/6196/5759 5874/6197/5760
f 5890/6191/5753 5889/6190/5752 5877/6198/5761
f 5877/6198/5761 5889/6190/5752 5876/6199/5762
f 5891/6193/5755 5890/6191/5753 5895/6200/5763
f 5895/6200/5763 5890/6191/5753 5877/6198/5761
f 5877/6198/5761 5897/6201/5764 5895/6200/5763
f 5855/6202/5765 5898/6203/5766 5848/6204/5767
f 5856/6205/5768 5857/6206/5769 5899/6207/5770
f 5900/6208/5771 5846/6130/5772 5901/6131/5773
f 5902/6209/5774 5900/6208/5771 5903/6210/5775
f 5906/6211/5776 5904/6212/5777 5908/6213/5778
f 5913/6214/5779 5906/6211/5776 5908/6213/5778
f 5904/6212/5780 5902/6209/5774 5903/6210/5775
f 5903/6210/5775 5900/6208/5771 5901/6131/5773
f 5911/6164/5781 5909/6132/5782 5901/6131/5783
f 5917/6215/5784 5918/6216/5785 5919/6217/5786
f 5919/6217/5786 5918/6216/5785 5920/6218/5787
f 5920/6218/5788 5923/6219/5789 5921/6220/5790
f 5926/6221/5791 5927/6222/5792 5928/6223/5793
f 5929/6224/5794 5930/6225/5795 5931/6195/5796
f 5934/6193/5797 5932/6226/5798 5926/6221/5799
f 5934/6193/5797 5936/6227/5800 5932/6226/5798
f 5937/6228/5801 5938/6229/5802 5939/6183/5803
f 5943/6223/5804 5942/6226/5805 5944/6224/5806
f 5945/6230/5807 5938/6229/5808 5946/6181/5809
f 5951/6189/5810 5950/6231/5811 5952/6232/5812
f 5947/6233/5813 5951/6189/5814 5948/6186/5815
f 5955/6234/5816 5950/6231/5811 5956/6192/5817
f 5956/6192/5817 5950/6231/5811 5949/6227/5818
f 5956/6192/5817 5949/6227/5818 5957/6187/5819
f 5957/6187/5819 5949/6227/5818 5947/6233/5813
f 5958/6235/5820 5947/6233/5813 5940/6236/5821
f 5958/6235/5820 5940/6236/5821 5959/6237/5822
f 5960/6194/5823 5938/6229/5808 5945/6230/5807
f 5950/6231/5811 5955/6234/5816 5942/6226/5824
f 5950/6231/5811 5942/6226/5824 5952/6232/5812
f 5965/6227/5825 5966/6189/5826 5967/6233/5827
f 5967/6233/5827 5966/6189/5826 5968/6186/5828
f 5969/6238/5829 5970/6239/5830 5968/6186/5828
f 5968/6186/5828 5970/6239/5830 5967/6233/5827
f 5896/6195/5831 5961/6224/5832 5971/6225/5833
f 5972/6226/5834 5973/6193/5835 5974/6227/5836
f 5974/6227/5836 5973/6193/5835 5975/6189/5837
f 5976/6236/5838 5977/6239/5839 5978/6183/5840
f 5978/6183/5840 5977/6239/5839 5979/6238/5841
f 5977/6239/5839 5976/6236/5838 5980/6240/5842
f 5980/6240/5842 5976/6236/5838 5981/6235/5843
f 5982/6228/5844 5976/6236/5838 5978/6183/5840
f 5985/6229/5845 5986/6236/5846 5987/6228/5847
f 5987/6228/5847 5986/6236/5846 5988/6183/5848
f 5988/6183/5848 5986/6236/5846 5969/6238/5829
f 5969/6238/5829 5986/6236/5846 5970/6239/5830
f 5980/6240/5842 5989/6187/5849 5977/6239/5839
f 5977/6239/5839 5989/6187/5849 5990/6233/5850
f 5977/6239/5839 5991/6186/5851 5979/6238/5841
f 5990/6233/5850 5989/6187/5849 5974/6227/5852
f 5974/6227/5852 5989/6187/5849 5992/6192/5853
f 5991/6186/5854 5990/6233/5855 5975/6189/5856
f 5894/6224/5857 5896/6223/5858 5994/6222/5859
f 5893/6195/5860 5894/6224/5861 5995/6225/5862
f 5997/6192/5863 5996/6226/5864 5965/6227/5825
f 5996/6226/5864 5998/6193/5865 5965/6227/5825
f 5965/6227/5825 5998/6193/5865 5966/6189/5826
f 5993/6190/5866 5994/6222/5867 5972/6226/5834
f 5994/6222/5867 5971/6221/5868 5972/6226/5834
f 5972/6226/5834 5971/6221/5868 5973/6193/5835
f 5996/6226/5864 5964/6221/5869 5998/6193/5865
f 5997/6192/5863 5965/6227/5825 5999/6187/5870
f 5999/6187/5870 5965/6227/5825 5967/6233/5827
f 5986/6236/5846 5984/6235/5871 5970/6239/5830
f 5915/6241/5872 5914/6242/5873 5922/6243/5874
f 6008/6244/5875 6007/6245/5876 6009/6246/5877
f 6005/6247/5878 6010/6221/5879 6011/6193/5880
f 6009/6246/5881 6012/6189/5882 6013/6186/5883
f 6014/6248/5884 6015/6249/5885 6002/6250/5886
f 6002/6250/5886 6015/6249/5885 6003/6251/5887
f 6010/6221/5888 6003/6251/5887 5954/6223/5889
f 5954/6223/5889 6003/6251/5887 6015/6249/5885
f 6018/6252/5890 6017/6253/5891 6019/6254/5892
f 6004/6220/5893 6005/6247/5878 6006/6255/5894
f 6006/6255/5894 6005/6247/5878 6007/6245/5895
f 6012/6189/5896 6007/6245/5895 6011/6193/5880
f 6011/6193/5880 6007/6245/5895 6005/6247/5878
f 6008/6244/5875 6009/6246/5877 6016/6256/5897
f 6016/6256/5897 6009/6246/5877 6017/6253/5898
f 6009/6246/5877 6020/6183/5899 6017/6253/5898
f 6023/6251/5900 5924/6248/5901 6024/6250/5902
f 6025/6221/5903 6026/6223/5904 6023/6251/5905
f 6031/6232/5906 6032/6193/5907 6027/6257/5908
f 6033/6189/5909 6031/6232/5910 6034/6245/5911
f 6036/6186/5912 6033/6189/5909 6034/6245/5911
f 6037/6221/5913 6038/6258/5914 6039/6193/5915
f 6039/6193/5915 6038/6258/5914 6040/6259/5916
f 6038/6258/5914 6037/6221/5913 6041/6260/5917
f 6042/6261/5918 6043/6189/5919 6040/6259/5916
f 6045/6190/5920 6042/6261/5918 6040/6259/5916
f 6046/6262/5921 6047/6186/5922 6042/6261/5918
f 6042/6261/5918 6047/6186/5922 6043/6189/5919
f 6048/6238/5923 6047/6186/5922 6046/6262/5921
f 6038/6258/5914 6051/6225/5924 6040/6259/5916
f 6040/6259/5916 6051/6225/5924 6045/6190/5920
f 6052/6258/5925 5943/6223/5926 6053/6221/5927
f 6052/6258/5928 6056/6225/5929 5944/6260/5930
f 5944/6260/5930 6056/6225/5929 5954/6195/5931
f 6058/6261/5932 6059/6192/5933 6054/6259/5934
f 6054/6259/5934 6059/6192/5933 6057/6190/5935
f 6060/6262/5936 6061/6187/5937 6058/6261/5932
f 6058/6261/5932 6061/6187/5937 6059/6192/5933
f 6062/6189/5938 6058/6261/5932 6055/6193/5939
f 6063/6186/5940 6060/6262/5936 6062/6189/5938
f 6062/6189/5938 6060/6262/5936 6058/6261/5932
f 6064/6263/5941 6065/6240/5942 6060/6262/5936
f 6060/6262/5936 6065/6240/5942 6061/6187/5937
f 6060/6262/5936 6063/6186/5940 6064/6263/5941
f 6067/6221/5943 6068/6258/5944 6014/6223/5945
f 6014/6223/5945 6068/6258/5944 6069/6260/5946
f 6069/6260/5947 6070/6225/5948 5928/6195/5949
f 6067/6221/5943 6071/6259/5950 6068/6258/5944
f 6074/6261/5951 6075/6192/5952 6071/6259/5953
f 6071/6259/5953 6075/6192/5952 6072/6190/5954
f 6076/6189/5955 6074/6261/5956 6073/6193/5957
f 6080/6263/5958 6078/6262/5959 6081/6238/5960
f 6092/6264/5961 6093/6265/5962 6083/6266/5963
f 6094/6267/5964 6092/6264/5961 6088/6268/5965
f 6088/6268/5965 6092/6264/5961 6083/6266/5963
f 6091/6269/5966 6096/6260/5967 6026/6270/5968
f 6097/6261/5969 6098/6259/5970 6092/6264/5971
f 6097/6261/5969 6094/6267/5972 6099/6263/5973
f 6100/6225/5974 6101/6195/5975 6095/6258/5976
f 6095/6258/5976 6101/6195/5975 6096/6260/5977
f 6102/6192/5978 6103/6190/5979 6097/6261/5969
f 6097/6261/5969 6103/6190/5979 6098/6259/5970
f 6104/6240/5980 6102/6192/5978 6099/6263/5973
f 6099/6263/5973 6102/6192/5978 6097/6261/5969
f 6084/6271/5981 6091/6269/5982 6089/6272/5983
f 6093/6265/5984 6095/6258/5985 6091/6269/5966
f 6103/6190/5979 6100/6225/5986 6098/6259/5970
f 6105/6240/5987 6049/6263/5988 6050/6187/5989
f 6049/6263/5988 6048/6238/5923 6046/6262/5921
f 6050/6187/5990 6046/6262/5991 6044/6192/5992
f 6108/6273/5993 6109/6274/5994 6110/6186/5995
f 6110/6186/5995 6109/6274/5994 6111/6189/5996
f 6114/6275/5997 6113/6234/5998 6115/6190/5999
f 6116/6232/6000 6112/6276/6001 6117/6193/6002
f 5894/6277/6003 6115/6190/6004 5893/6195/6005
f 6117/6193/6006 6114/6275/6007 6118/6223/6008
f 6118/6223/6008 6114/6275/6007 5894/6277/6009
f 6109/6274/6010 6107/6192/6011 6112/6276/6012
f 6112/6276/6012 6107/6192/6011 6113/6234/6013
f 6111/6189/5996 6109/6274/5994 6116/6232/6014
f 6125/6193/6015 6126/6247/6016 5849/6223/6017
f 5849/6223/6017 6126/6247/6016 5850/6249/6018
f 6128/6257/6019 6129/6278/6020 6126/6247/6016
f 6125/6193/6015 6128/6257/6019 6126/6247/6016
f 6119/6279/6021 6121/6240/6022 6123/6280/6023
f 6136/6275/6024 6135/6281/6025 6137/6282/6026
f 5894/6277/5759 6139/6190/6027 5893/6195/6028
f 6140/6283/6029 6136/6275/6030 6141/6284/6031
f 5894/6277/6003 6118/6285/6032 6138/6275/6033
f 6138/6275/6033 6118/6285/6032 6143/6286/6034
f 6137/6286/6026 6144/6275/6035 5962/6285/6036
f 6137/6286/6026 6146/6276/6037 6144/6275/6035
f 6138/6275/6033 6143/6286/6034 6148/6276/6038
f 6149/6280/6039 6150/6273/6040 6151/6287/6041
f 6151/6287/6041 6150/6273/6040 6152/6288/6042
f 6154/6187/6043 6148/6276/6044 6150/6273/6040
f 6149/6280/6039 6154/6187/6043 6150/6273/6040
f 6148/6276/6038 6153/6234/6045 6138/6275/6033
f 6138/6275/6033 6153/6234/6045 6139/6190/6046
f 6118/6289/6032 6145/6277/6047 6143/6282/6034
f 6143/6282/6034 6145/6277/6047 6144/6275/6048
f 6142/6277/6049 6136/6275/6024 5962/6289/6036
f 5962/6289/6036 6136/6275/6024 6137/6282/6026
f 6151/6290/6050 6152/6291/6051 6156/6280/6052
f 6156/6280/6052 6152/6291/6051 6157/6273/6053
f 6160/6280/6054 6159/6290/6055 6161/6273/6056
f 6161/6273/6056 6159/6290/6055 6158/6291/6057
f 6163/6292/6058 6160/6280/6054 6161/6273/6056
f 6148/6276/6044 6147/6293/6059 6150/6273/6040
f 6150/6273/6040 6147/6293/6059 6152/6288/6042
f 6134/6276/6060 6158/6291/6061 6135/6281/6025
f 6164/6275/6062 6140/6283/6029 6165/6277/6063
f 6165/6277/6063 6140/6283/6029 6141/6284/6031
f 6164/6275/6062 6155/6294/6064 6140/6283/6029
f 6167/6273/6065 6163/6292/6066 6166/6276/6067
f 6168/6280/6068 6162/6295/6069 6167/6273/6065
f 6167/6273/6065 6162/6295/6069 6163/6292/6066
f 6164/6275/6062 6165/6277/6063 6169/6190/6070
f 6170/6234/6071 6166/6276/6072 6169/6190/6073
f 6172/6240/6074 6168/6280/6068 6171/6187/6075
f 6171/6187/6075 6168/6280/6068 6167/6273/6065
f 6173/6296/6076 6174/6276/6077 6175/6297/6078
f 6175/6297/6078 6174/6276/6077 6176/6275/6079
f 5954/6298/6080 6176/6275/6079 6015/6277/6081
f 6176/6275/6079 6177/6299/6082 6015/6277/6081
f 6178/6273/6083 6179/6300/6084 6174/6276/6077
f 6178/6273/6083 6174/6276/6077 6181/6301/6085
f 6181/6301/6085 6174/6276/6077 6173/6296/6076
f 6182/6302/6086 6183/6280/6087 6179/6300/6088
f 6182/6302/6086 6179/6300/6088 6185/6280/6089
f 6185/6280/6090 6178/6273/6091 6186/6303/6092
f 6187/6304/6093 6188/6279/6094 6182/6302/6086
f 6182/6302/6086 6188/6279/6094 6183/6280/6087
f 6186/6303/6092 6189/6279/6095 6185/6280/6090
f 6177/6299/6082 6191/6275/6096 6014/6305/6097
f 6014/6305/6097 6191/6275/6096 6069/6277/6098
f 6180/6306/6099 6192/6276/6100 6177/6299/6082
f 6177/6299/6082 6192/6276/6100 6191/6275/6096
f 6174/6276/6077 6180/6306/6099 6176/6275/6079
f 6176/6275/6079 6180/6306/6099 6177/6299/6082
f 6195/6187/6101 6194/6234/6102 6184/6273/6103
f 6198/6307/6104 6196/6280/6105 6197/6302/6106
f 6201/6276/6107 6202/6308/6108 6203/6275/6109
f 6203/6275/6109 6202/6308/6108 6204/6309/6110
f 6209/6275/6111 6208/6308/6112 6210/6309/6113
f 5894/6277/5861 6204/6309/6110 5893/6310/6114
f 5944/6277/5806 6210/6309/6115 5954/6310/6116
f 6211/6275/6117 5954/6311/6116 6210/6312/6115
f 6208/6313/6112 6212/6276/6118 6210/6312/6113
f 6213/6314/6119 6214/6274/6120 6208/6313/6112
f 6208/6313/6112 6214/6274/6120 6212/6276/6118
f 6215/6313/6121 6216/6314/6122 6207/6276/6123
f 6207/6276/6123 6216/6314/6122 6217/6274/6124
f 6220/6274/6125 6219/6315/6126 6201/6276/6107
f 6201/6276/6107 6219/6315/6126 6202/6308/6108
f 6223/6273/6127 6217/6274/6128 6224/6316/6129
f 6225/6273/6130 6218/6274/6131 6226/6316/6132
f 6226/6316/6132 6218/6274/6131 6219/6314/6133
f 6226/6317/6132 6219/6315/6133 6227/6273/6134
f 6227/6273/6134 6219/6315/6133 6220/6274/6135
f 6207/6276/6123 6228/6312/6136 6215/6313/6121
f 5944/6277/6137 5943/6311/6138 6209/6275/6139
f 6209/6275/6139 5943/6311/6138 6228/6312/6140
f 6228/6309/6136 6041/6277/6141 6205/6275/6142
f 6228/6309/6136 6205/6275/6142 6215/6308/6121
f 6215/6308/6121 6205/6275/6142 6206/6276/6143
f 6229/6316/6144 6227/6273/6134 6230/6314/6145
f 6232/6312/6146 6201/6276/6107 6203/6275/6109
f 6235/6313/6147 6233/6275/6148 5962/6312/6149
f 6237/6314/6150 6234/6276/6151 6235/6313/6152
f 6238/6273/6153 6236/6274/6154 6239/6316/6155
f 6239/6316/6155 6236/6274/6154 6237/6314/6156
f 6232/6309/6157 6145/6277/6158 6233/6275/6159
f 6234/6276/6160 6231/6308/6161 6233/6275/6159
f 6233/6275/6159 6231/6308/6161 6232/6309/6157
f 6230/6315/6162 6234/6276/6160 6236/6274/6163
f 6230/6315/6145 6236/6274/6164 6229/6317/6144
f 6211/6275/6165 6240/6190/6166 6015/6277/6167
f 6015/6277/6167 6240/6190/6166 6014/6195/6168
f 6240/6190/6166 6211/6275/6165 6241/6234/6169
f 6214/6274/6120 6242/6192/6170 6212/6276/6118
f 6212/6276/6118 6242/6192/6170 6241/6234/6171
f 6214/6274/6172 6243/6187/6173 6242/6192/6174
f 6217/6274/6124 6213/6315/6175 6207/6276/6123
f 6221/6317/6176 6213/6315/6177 6223/6273/6127
f 6223/6273/6127 6213/6315/6177 6217/6274/6128
f 6165/6277/6178 6245/6313/6179 6141/6311/6180
f 6246/6314/6181 6247/6274/6182 6248/6316/6183
f 6248/6316/6183 6247/6274/6182 6249/6273/6184
f 6250/6234/6185 6244/6276/6186 6101/6195/6187
f 6101/6195/6187 6244/6276/6186 6165/6277/6188
f 6250/6234/6185 6247/6274/6189 6244/6276/6186
f 6251/6192/6190 6249/6273/6184 6247/6274/6182
f 6253/6276/6191 5962/6310/6149 6142/6277/6192
f 6255/6273/6193 6237/6315/6156 6254/6274/6194
f 6245/6313/6179 6253/6276/6195 6141/6311/6180
f 6253/6276/6195 6245/6313/6179 6254/6274/6196
f 6255/6273/6193 6254/6274/6194 6248/6316/6197
f 6256/6318/6198 6257/6319/6199 5928/6320/6200
f 6257/6319/6201 6259/6321/6202 6258/6322/6203
f 6263/6323/6204 6261/6324/6205 6264/6325/6206
f 6268/6275/6207 6217/6277/6208 6269/6326/6209
f 6271/6326/6210 6218/6277/6211 6219/6327/6212
f 6230/6327/6162 6273/6326/6213 6220/6277/6214
f 6267/6220/6215 6251/6248/6216 6266/6247/6217
f 6266/6247/6217 6251/6248/6216 6247/6249/6218
f 6216/6327/6219 6217/6277/6208 6269/6326/6220
f 6271/6326/6221 6218/6277/6222 6270/6275/6223
f 6220/6277/6224 6219/6328/6225 6272/6275/6226
f 6272/6275/6226 6219/6328/6225 6271/6329/6227
f 6269/6329/6220 6270/6275/6223 6216/6328/6219
f 6216/6328/6219 6270/6275/6223 6218/6277/6222
f 6273/6326/6228 6220/6277/6224 6272/6275/6226
f 6274/6329/6229 6254/6277/6196 6237/6328/6230
f 6274/6326/6229 6237/6327/6230 6275/6275/6231
f 6275/6275/6231 6237/6327/6230 6236/6277/6232
f 6275/6275/6231 6236/6277/6232 6273/6329/6233
f 6273/6329/6233 6236/6277/6232 6230/6328/6234
f 6217/6277/6235 6213/6328/6236 6268/6275/6237
f 6276/6247/6238 6214/6249/6239 6277/6220/6240
f 6277/6220/6240 6214/6249/6239 6242/6248/6241
f 6202/6313/6242 6204/6312/6243 6206/6276/6244
f 6206/6276/6244 6204/6312/6243 6205/6275/6245
f 6209/6275/6246 6208/6308/6247 6207/6276/6248
f 6203/6275/6249 5894/6277/6250 6204/6309/6110
f 6041/6277/6141 6205/6275/6245 5893/6311/6251
f 5893/6311/6251 6205/6275/6245 6204/6312/6243
f 5944/6277/6252 6210/6309/6253 6209/6275/6111
f 6015/6277/6254 6211/6275/6255 5954/6311/6256
f 6211/6275/6257 6212/6276/6258 6210/6312/6259
f 6202/6313/6242 6206/6276/6244 6219/6314/6260
f 6219/6314/6260 6206/6276/6244 6218/6274/6261
f 6213/6314/6119 6214/6274/6262 6221/6316/6263
f 6221/6316/6263 6214/6274/6262 6222/6273/6264
f 6216/6314/6265 6217/6274/6266 6224/6316/6267
f 6209/6275/6246 6207/6276/6248 6228/6312/6268
f 6228/6309/6269 6041/6277/6141 5943/6310/6270
f 6216/6315/6271 6218/6274/6261 6215/6308/6272
f 6215/6308/6272 6218/6274/6261 6206/6276/6244
f 6224/6317/6267 6225/6273/6273 6216/6315/6265
f 6216/6315/6265 6225/6273/6273 6218/6274/6274
f 6220/6274/6275 6227/6273/6276 6230/6314/6162
f 6201/6276/6277 6220/6274/6278 6231/6313/6279
f 6231/6313/6279 6220/6274/6278 6230/6314/6280
f 6232/6312/6146 6201/6276/6277 6231/6313/6279
f 5894/6277/6250 6203/6275/6249 6118/6311/6032
f 6118/6311/6032 6203/6275/6249 6232/6312/6281
f 5962/6312/6149 6145/6277/6282 6233/6275/6148
f 6235/6313/6152 6233/6275/6148 6234/6276/6151
f 6236/6274/6283 6237/6314/6156 6234/6276/6160
f 6232/6309/6281 6145/6277/6047 6118/6310/6032
f 6230/6315/6280 6234/6276/6160 6231/6308/6279
f 6238/6273/6284 6236/6274/6163 6229/6317/6285
f 6212/6276/6258 6211/6275/6257 6241/6234/6286
f 6222/6273/6264 6214/6274/6262 6243/6187/6287
f 6208/6308/6247 6213/6315/6175 6207/6276/6248
f 6244/6276/6288 6165/6277/6289 6245/6313/6290
f 6247/6274/6189 6244/6276/6288 6246/6314/6291
f 6246/6314/6291 6244/6276/6288 6245/6313/6290
f 6251/6192/6292 6250/6234/6293 6247/6274/6189
f 6252/6187/6294 6251/6192/6295 6249/6273/6296
f 6253/6276/6297 5962/6310/6149 6235/6308/6298
f 6237/6315/6299 6254/6274/6300 6235/6308/6298
f 6235/6308/6298 6254/6274/6300 6253/6276/6297
f 6239/6317/6301 6255/6273/6302 6237/6315/6299
f 6142/6277/6303 6253/6276/6304 6141/6311/6305
f 6246/6314/6291 6245/6313/6290 6254/6274/6196
f 6254/6274/6196 6248/6316/6306 6246/6314/6307
f 6257/6319/6199 5928/6320/6308 6258/6322/6309
f 6259/6321/6310 6258/6322/6311 5849/6171/6312
f 6260/6330/6313 6257/6319/6314 6261/6324/6315
f 6261/6324/6315 6257/6319/6314 6259/6321/6316
f 6262/6331/6317 6256/6318/6318 6260/6330/6313
f 6260/6330/6313 6256/6318/6318 6257/6319/6314
f 6260/6330/6313 6261/6324/6315 6264/6325/6319
f 6262/6331/6317 6260/6330/6313 6265/6332/6320
f 6265/6332/6320 6260/6330/6313 6264/6325/6319
f 6179/6300/6321 6184/6273/6322 6197/6302/6323
f 6197/6302/6323 6184/6273/6322 6196/6280/6324
f 6198/6307/6325 6196/6280/6324 6199/6333/6326
f 6196/6280/6324 6195/6187/6327 6200/6240/6328
f 6196/6280/6324 6200/6240/6328 6199/6333/6326
f 6196/6280/6324 6184/6273/6322 6195/6187/6327
f 6136/6275/6329 6135/6281/6025 6134/6276/6330
f 5894/6277/5759 6139/6190/6331 6138/6275/6332
f 6142/6277/6333 6136/6275/6030 6141/6284/6305
f 6144/6275/6048 5962/6285/6334 6145/6277/6158
f 6137/6286/6335 6146/6276/6336 6135/6293/6337
f 6143/6282/6338 6147/6281/6339 6144/6275/6340
f 6144/6275/6340 6147/6281/6339 6146/6276/6336
f 6147/6293/6339 6143/6286/6338 6148/6276/6341
f 6149/6280/6039 6151/6287/6041 6278/6273/6342
f 6278/6273/6342 6151/6287/6041 6152/6288/6343
f 6278/6273/6342 6148/6276/6044 6154/6187/6043
f 6154/6187/6344 6148/6276/6345 6153/6234/6346
f 6154/6187/6043 6149/6280/6039 6278/6273/6342
f 6155/6294/6347 6140/6283/6348 6134/6276/6330
f 6134/6276/6330 6140/6283/6348 6136/6275/6329
f 6159/6287/6349 6158/6288/6350 6156/6280/6351
f 6156/6280/6351 6158/6288/6350 6157/6273/6352
f 6162/6295/6353 6163/6292/6058 6160/6280/6354
f 6152/6288/6343 6147/6293/6059 6278/6273/6342
f 6278/6273/6342 6147/6293/6059 6148/6276/6044
f 6157/6273/6352 6146/6276/6336 6152/6291/6355
f 6152/6291/6355 6146/6276/6336 6147/6281/6339
f 6158/6288/6350 6135/6293/6337 6157/6273/6352
f 6157/6273/6352 6135/6293/6337 6146/6276/6336
f 6134/6276/6330 6158/6291/6061 6161/6273/6356
f 6163/6292/6357 6155/6294/6347 6161/6273/6356
f 6161/6273/6356 6155/6294/6347 6134/6276/6330
f 6166/6276/6358 6164/6275/6359 6155/6294/6347
f 6163/6292/6357 6166/6276/6358 6155/6294/6347
f 6101/6289/6187 6165/6277/6188 6169/6282/6360
f 6166/6276/6358 6169/6282/6361 6164/6275/6359
f 6171/6291/6362 6170/6281/6363 6167/6273/6364
f 6167/6273/6364 6170/6281/6363 6166/6276/6072
f 5954/6298/6365 6176/6275/6366 6175/6297/6367
f 6014/6305/6368 6177/6299/6369 6015/6277/6370
f 6180/6306/6371 6179/6300/6372 6174/6276/6373
f 6183/6280/6374 6179/6300/6084 6184/6273/6375
f 6178/6273/6376 6179/6300/6377 6185/6280/6378
f 6178/6273/6379 6186/6303/6380 6181/6301/6381
f 6189/6279/6382 6185/6280/6383 6187/6304/6384
f 6187/6304/6384 6185/6280/6383 6182/6302/6385
f 6190/6334/6386 6186/6303/6387 6189/6279/6382
f 6192/6276/6388 6184/6273/6389 6180/6306/6371
f 6180/6306/6371 6184/6273/6389 6179/6300/6372
f 6191/6275/6390 6069/6277/5947 6193/6190/6391
f 6193/6190/6391 6069/6277/5947 5928/6195/5949
f 6191/6275/6390 6193/6190/6391 6192/6276/6388
f 6192/6276/6388 6193/6190/6391 6194/6234/6392
f 6192/6276/6388 6194/6234/6392 6184/6273/6389
f 6109/6274/6393 6107/6192/6394 6108/6273/6395
f 6108/6273/6395 6107/6192/6394 6106/6187/6396
f 6112/6276/6397 6114/6275/6398 6113/6234/6399
f 6112/6276/6397 6117/6193/6400 6114/6275/6398
f 6114/6275/5997 5894/6277/5759 6115/6190/6401
f 6119/6279/6402 6121/6240/6403 6120/6235/6404
f 6122/6183/6405 6123/6280/6406 6119/6279/6407
f 6124/6238/6408 6110/6186/6409 6123/6280/6406
f 6123/6280/6406 6110/6186/6409 6108/6273/6395
f 6121/6240/6410 6123/6280/6406 6106/6187/6396
f 6109/6274/6411 6116/6232/6412 6112/6276/6001
f 6126/6247/6413 5850/6249/6414 6127/6220/6415
f 6127/6220/6415 5850/6249/6414 5796/6248/6416
f 6129/6278/6417 6126/6247/6413 6127/6220/6415
f 6130/6232/6418 6125/6193/6419 6128/6257/6420
f 6131/6245/6421 6128/6257/6420 6132/6255/6422
f 6132/6255/6422 6128/6257/6420 6129/6278/6423
f 6133/6189/6424 6130/6232/6418 6131/6245/6421
f 6131/6245/6421 6130/6232/6418 6128/6257/6420
f 6122/6183/6405 6124/6238/6408 6123/6280/6406
f 6106/6187/6396 6123/6280/6406 6108/6273/6395
f 5943/6223/6425 6037/6221/6426 6041/6260/6427
f 6043/6189/6428 6040/6259/6429 6039/6193/6430
f 6044/6192/6431 6045/6190/6432 6042/6261/6433
f 6046/6262/5991 6044/6192/6431 6042/6261/6433
f 6049/6263/6434 6050/6187/6435 6046/6262/5991
f 6041/6260/6141 6038/6258/6436 5893/6195/6437
f 5893/6195/6437 6038/6258/6436 6051/6225/6438
f 6055/6193/6439 6053/6221/6440 6054/6259/6441
f 6054/6259/6441 6053/6221/6440 6052/6258/6442
f 6052/6258/5925 5943/6223/6270 5944/6260/5806
f 6054/6259/6441 6052/6258/6442 6057/6190/6443
f 6057/6190/6443 6052/6258/6442 6056/6225/6444
f 6058/6261/6445 6055/6193/6439 6054/6259/6441
f 6063/6186/6446 6064/6263/6447 6066/6238/6448
f 6068/6258/6449 6069/6260/6450 6070/6225/6451
f 6071/6259/6452 6068/6258/6449 6072/6190/6453
f 6072/6190/6453 6068/6258/6449 6070/6225/6451
f 6073/6193/6454 6067/6221/6455 6071/6259/6456
f 6074/6261/5956 6073/6193/6454 6071/6259/6456
f 6077/6186/6457 6076/6189/6458 6078/6262/6459
f 6078/6262/6459 6076/6189/6458 6074/6261/6460
f 6078/6262/6459 6074/6261/6460 6079/6187/6461
f 6079/6187/6461 6074/6261/6460 6075/6192/6462
f 6078/6262/6459 6081/6238/6463 6077/6186/6457
f 6079/6187/6461 6082/6240/6464 6078/6262/6459
f 6078/6262/6459 6082/6240/6464 6080/6263/6465
f 6086/6190/6466 6084/6271/6467 6085/6192/6468
f 6085/6192/6468 6084/6271/6467 6083/6266/6469
f 6085/6192/6468 6083/6266/6469 6087/6240/6470
f 6087/6240/6470 6083/6266/6469 6088/6268/6471
f 6089/6272/6472 6090/6225/6473 6022/6335/6474
f 6022/6335/6474 6090/6225/6473 5924/6195/6475
f 6091/6269/5966 6089/6272/6472 6026/6270/6476
f 6026/6270/6476 6089/6272/6472 6022/6335/6474
f 6093/6265/6477 6083/6266/6469 6084/6271/6467
f 6095/6258/6478 6091/6269/5982 6096/6260/6479
f 6093/6265/6480 6098/6259/6481 6092/6264/6482
f 6092/6264/5971 6097/6261/6483 6094/6267/6484
f 6084/6271/6467 6086/6190/6466 6089/6272/6472
f 6089/6272/6472 6086/6190/6466 6090/6225/6473
f 6093/6265/6477 6084/6271/6467 6091/6269/5966
f 6098/6259/6481 6093/6265/6480 6095/6258/6485
f 6100/6225/6486 6098/6259/6481 6095/6258/6485
f 6002/6250/6487 6004/6220/6488 6003/6251/6489
f 6003/6251/6489 6004/6220/6488 6005/6247/6490
f 6006/6255/6491 6008/6244/6492 6007/6245/5876
f 6003/6251/6489 6005/6247/6490 6010/6221/6493
f 6007/6245/6494 6009/6246/5881 6012/6189/6495
f 6016/6256/6496 6018/6252/6497 6017/6253/5891
f 6020/6183/6498 6017/6253/6499 6021/6181/6500
f 6021/6181/6500 6017/6253/6499 6019/6254/6501
f 6013/6186/6502 6009/6246/5881 6020/6183/6503
f 6023/6251/6504 5924/6248/6505 6022/6249/6506
f 6026/6223/6507 6023/6251/6504 6022/6249/6506
f 6027/6257/6508 6029/6278/6509 6028/6247/6510
f 6028/6247/6510 6029/6278/6509 6030/6220/6511
f 6032/6193/6512 6027/6257/6508 6028/6247/6510
f 6031/6232/6513 6034/6245/6514 6027/6257/6508
f 6029/6278/6509 6027/6257/6508 6035/6255/6515
f 6035/6255/6515 6027/6257/6508 6034/6245/6514
f 6030/6220/6511 6024/6250/6516 6028/6247/6510
f 6028/6247/6510 6024/6250/6516 6023/6251/6517
f 6032/6193/6512 6028/6247/6510 6025/6221/6518
f 6025/6221/6518 6028/6247/6510 6023/6251/6517
f 5914/6242/5873 5916/6336/6519 5915/6241/6520
f 5921/6220/6521 5920/6218/6522 5922/6243/6523
f 5922/6243/6523 5920/6218/6522 5919/6217/6524
f 5923/6219/6525 5924/6337/6526 5920/6218/6527
f 5920/6218/6527 5924/6337/6526 5918/6216/6528
f 5859/6248/6529 5923/6219/6530 5921/6220/6531
f 5925/6338/6532 5919/6217/6524 5917/6215/6533
f 5914/6242/6534 5922/6243/6523 5919/6217/6524
f 5927/6222/6535 5928/6223/6536 5929/6224/6537
f 5927/6222/6535 5929/6224/6537 5930/6225/6538
f 5932/6226/6539 5927/6222/6535 5933/6190/6540
f 5933/6190/6540 5927/6222/6535 5930/6225/6538
f 5932/6226/6539 5926/6221/6541 5927/6222/6535
f 5935/6189/6542 5934/6193/6543 5936/6227/5800
f 5938/6229/6544 5939/6183/6545 5940/6236/6546
f 5941/6193/6547 5943/6223/6548 5942/6226/6549
f 5937/6228/6550 5938/6229/5802 5946/6181/6551
f 5939/6183/6545 5948/6186/6552 5940/6236/6546
f 5940/6236/6546 5948/6186/6552 5947/6233/5813
f 5951/6189/6553 5950/6231/6554 5949/6227/6555
f 5947/6233/5813 5951/6189/6553 5949/6227/6555
f 5942/6226/6556 5944/6224/6557 5953/6190/6558
f 5953/6190/6558 5944/6224/6557 5954/6195/6559
f 5958/6235/6560 5947/6233/5813 5957/6187/6561
f 5938/6229/6544 5940/6236/6546 5959/6237/6562
f 5960/6194/6563 5938/6229/6544 5959/6237/6562
f 5955/6234/6564 5942/6226/6556 5953/6190/6558
f 5941/6193/6547 5942/6226/6549 5952/6232/6565
f 5964/6221/6566 5962/6223/6567 5963/6222/6568
f 5963/6222/6568 5962/6223/6567 5961/6224/6569
f 5963/6222/6568 5961/6224/6569 5971/6225/6570
f 5986/6236/6571 5984/6235/6572 5985/6229/6573
f 5985/6229/6573 5984/6235/6572 5983/6237/6574
f 5977/6239/6575 5991/6186/6576 5990/6233/5855
f 5974/6227/6577 5972/6226/6578 5992/6192/6579
f 5992/6192/6579 5972/6226/6578 5993/6190/6580
f 5990/6233/5855 5975/6189/6581 5974/6227/6582
f 5971/6221/5833 5896/6223/6583 5994/6222/5859
f 5994/6222/6584 5894/6224/5759 5995/6225/6585
f 5997/6192/6586 5996/6226/6587 5973/6190/6588
f 5993/6190/6589 5994/6222/6584 5995/6225/6585
f 5996/6226/6587 5963/6222/6568 5973/6190/6588
f 5973/6190/6588 5963/6222/6568 5971/6225/6570
f 5996/6226/6587 5964/6221/6566 5963/6222/6568
f 5970/6239/6590 5967/6233/6591 6000/6240/6592
f 6000/6240/6592 5967/6233/6591 5999/6187/6593
f 5984/6235/6594 5970/6239/6590 6000/6240/6592
f 5915/6241/6520 5916/6336/6519 6001/6339/6595
f 5925/6338/6532 5914/6242/6534 5919/6217/6524
f 5847/6340/6596 5849/6223/6017 5848/6204/6597
f 5848/6204/6597 5849/6223/6017 5850/6341/6018
f 5848/6204/6597 5850/6341/6018 5851/6342/6598
f 5851/6342/6598 5850/6341/6018 5796/6343/6599
f 5852/6344/6600 5854/6345/6601 5853/6346/6602
f 5853/6346/6602 5854/6345/6601 5855/6202/6603
f 5853/6346/6602 5856/6205/6604 5852/6344/6600
f 5852/6344/6600 5856/6205/6604 5857/6206/6605
f 5858/6167/6606 5860/6169/6607 5863/6173/6608
f 5864/6174/6609 5858/6167/6606 5863/6173/6608
f 5863/6173/6608 5862/6172/6610 5866/6177/6611
f 5866/6177/6611 5862/6172/6610 5865/6176/6612
f 5866/6177/6611 5867/6347/6613 5863/6173/6608
f 5863/6173/6608 5867/6347/6613 5864/6174/6609
f 5869/6175/6614 5865/6176/6615 5868/6179/6616
f 5869/6175/6614 5870/6348/6617 5866/6177/6611
f 5866/6177/6611 5870/6348/6617 5867/6347/6613
f 5869/6175/6614 5868/6179/6616 5872/6180/6618
f 5872/6180/6618 5873/6349/6619 5869/6175/6614
f 5869/6175/6614 5873/6349/6619 5870/6348/6617
f 5874/6197/6620 5876/6199/6621 5875/6350/6622
f 5875/6350/6622 5876/6199/6621 5877/6198/6623
f 5880/6183/6624 5882/6185/6625 5881/6184/6626
f 5885/6235/6627 5881/6184/6626 5884/6187/6628
f 5884/6187/6628 5881/6184/6626 5882/6185/6625
f 5884/6187/6629 5886/6188/6630 5887/6192/6631
f 5882/6185/6632 5888/6189/6633 5886/6188/6634
f 5886/6188/6630 5890/6191/6635 5887/6192/6631
f 5888/6189/6633 5891/6193/6636 5886/6188/6634
f 5885/6235/6627 5892/6194/6637 5881/6184/6626
f 5875/6350/6622 5894/6196/5857 5874/6197/6620
f 5894/6196/5857 5875/6350/6622 5896/6223/5858
f 5896/6223/5858 5875/6350/6622 5897/6201/6638
f 5875/6350/6622 5877/6198/6623 5897/6201/6638
f 5898/6203/6639 5848/6204/6597 5851/6342/6598
f 5854/6345/6601 5847/6340/6596 5855/6202/6603
f 5855/6202/6603 5847/6340/6596 5848/6204/6597
f 5853/6346/6602 5855/6202/6603 5898/6203/6640
f 5904/6212/6641 5905/6351/6642 5903/6210/6643
f 5904/6212/6644 5907/6352/6645 5906/6211/6646
f 5903/6210/6643 5909/6132/6647 5901/6131/5783
f 5908/6213/6648 5905/6351/6642 5904/6212/6641
f 5904/6212/6644 5902/6209/6649 5907/6352/6645
f 5905/6351/6642 5909/6132/6647 5903/6210/6643
f 5901/6131/6650 5910/6163/6651 5846/6130/6652
f 5911/6164/6653 5910/6163/6651 5901/6131/6650
f 5912/6353/6654 5910/6163/6651 5911/6164/6653
f 5842/6354/6655 5843/6165/6656 5840/6161/6657
f 5839/6160/6658 5838/6135/6659 5791/6115/5715
f 5843/6165/6660 5839/6160/6661 5792/6116/6662
f 5791/6115/6663 5837/6133/6664 5836/6159/6665
f 5818/6151/6666 5802/6355/6667 5819/6149/6668
f 5819/6149/6668 5802/6355/6667 5803/6144/6669
f 5819/6149/6668 5803/6144/6669 5820/6145/6670
f 5822/6148/6671 5819/6149/6668 5820/6145/6670
f 5821/6147/6672 5818/6151/6666 5819/6149/6668
f 5803/6144/6673 5795/6142/5679 5805/6146/6674
f 5824/6154/6675 5821/6147/6676 5825/6152/6677
f 5828/6156/6678 5830/6158/6679 5829/6356/6680
f 5831/6157/6681 5828/6156/6678 5829/6356/6680
f 5831/6157/6681 5829/6356/6680 5832/6357/6682
f 5795/6136/6683 5796/6168/6684 5797/6119/6685
f 5797/6119/6685 5799/6120/6686 5795/6136/6683
f 5806/6128/6687 5801/6122/6688 5807/6127/6689
f 5813/6134/6690 5814/6138/6691 5812/6133/6692
f 5812/6133/6692 5814/6138/6691 5815/6140/6693
f 5816/6135/6694 5810/6131/6695 5812/6133/5689
f 6279/6358/6696 6280/6359/6697 6281/6360/6698
f 6280/6359/6699 5871/6178/5738 5872/6180/5740
f 6286/6361/6700 5916/6336/6701 6287/6362/6702
f 6287/6362/6702 5916/6336/6701 6001/6339/6703
f 6288/6252/6704 6287/6362/6702 6001/6339/6703
f 5914/6242/5873 5916/6336/6705 6285/6363/6706
f 6295/6246/6707 6296/6244/6708 6289/6253/6709
f 6291/6183/6710 6036/6186/5912 6295/6246/6707
f 6297/6364/6711 6298/6252/6712 6293/6365/6713
f 6293/6365/6713 6298/6252/6712 6299/6254/6714
f 6035/6255/6715 6295/6246/6707 6034/6245/5911
f 6296/6244/6708 6294/6256/6716 6289/6253/6709
f 6035/6255/6715 6296/6244/6708 6295/6246/6707
f 6289/6253/6717 6293/6365/6718 6290/6228/6719
f 6295/6246/6707 6036/6186/5912 6034/6245/5911
f 6300/6366/6720 6080/6263/5958 6301/6367/6721
f 6301/6367/6721 6080/6263/5958 6081/6238/5960
f 6082/6240/6722 6080/6263/5958 6302/6368/6723
f 6302/6368/6723 6080/6263/5958 6300/6366/6720
f 6303/6194/6724 6302/6368/6725 6304/6369/6726
f 6307/6365/6727 6310/6228/6728 6311/6181/6729
f 6199/6333/6730 6313/6370/6731 6200/6240/6732
f 6305/6254/6733 6307/6365/6734 6306/6252/6735
f 6306/6252/6735 6307/6365/6734 6308/6364/6736
f 6307/6365/6737 6310/6228/6738 6309/6253/6739
f 6305/6254/6733 6311/6181/6740 6307/6365/6734
f 6309/6253/6739 6310/6228/6738 6312/6183/6741
f 6300/6366/6742 6302/6368/6743 6304/6369/6744
f 6289/6253/6745 6291/6183/6746 6290/6228/6747
f 6292/6181/6748 6293/6365/6749 6290/6228/6750
f 6289/6253/6751 6293/6365/6752 6294/6256/6753
f 6291/6183/6746 6289/6253/6745 6295/6246/6754
f 6292/6181/6748 6299/6254/6755 6293/6365/6749
f 6294/6256/6753 6293/6365/6752 6297/6364/6756
f 6286/6361/6757 5916/6336/6758 6285/6363/6759
f 5925/6338/6532 6285/6363/6760 5914/6242/6534
f 6282/6371/6761 6279/6358/6762 6280/6359/6763
f 5873/6349/6619 5872/6180/6618 6281/6360/6764
f 6281/6360/6764 5872/6180/6618 6280/6359/6765
f 6283/6372/6766 6280/6359/6763 5871/6178/6767
f 6284/6354/6768 6282/6371/6761 6283/6372/6766
f 6283/6372/6766 6282/6371/6761 6280/6359/6763
f 6315/6237/6769 5981/6235/5843 6316/6229/6770
f 6316/6229/6770 5981/6235/5843 5976/6236/5838
f 6316/6229/6770 5976/6236/5838 5982/6228/5844
f 6317/6194/6771 5983/6237/6772 6318/6230/6773
f 6318/6230/6773 5983/6237/6772 5985/6229/6774
f 6319/6181/6775 5985/6229/5845 5987/6228/5847
f 6321/6230/6776 6315/6237/6769 6316/6229/6770
f 6321/6230/6776 6316/6229/6770 6322/6181/6777
f 6325/6194/6778 6326/6369/6779 6327/6368/6780
f 6328/6181/6781 6323/6367/6782 6324/6366/6783
f 6329/6367/6784 6330/6181/6785 6331/6366/6786
f 6331/6366/6786 6330/6181/6785 6332/6369/6787
f 6334/6373/6788 6329/6367/6784 6331/6366/6786
f 6066/6238/6789 6334/6373/6790 6064/6263/6791
f 6337/6194/6792 6336/6368/6793 6332/6369/6787
f 6332/6369/6787 6336/6368/6793 6331/6366/6786
f 6304/6369/6794 6300/6366/6795 6338/6181/6796
f 6087/6240/6797 6342/6368/6798 6088/6268/5965
f 6088/6268/5965 6342/6368/6798 6341/6374/6799
f 6340/6375/6800 6341/6374/6799 6343/6194/6801
f 6343/6194/6801 6341/6374/6799 6342/6368/6798
f 6314/6376/6802 6094/6267/5964 6341/6374/6799
f 6341/6374/6799 6094/6267/5964 6088/6268/5965
f 6099/6263/5973 6314/6376/6802 6344/6366/6803
f 6345/6369/6804 6344/6366/6803 6339/6377/6805
f 6346/6368/6806 6104/6240/5980 6344/6366/6803
f 6344/6366/6803 6104/6240/5980 6099/6263/5973
f 6345/6369/6804 6347/6194/6807 6344/6366/6803
f 6344/6366/6803 6347/6194/6807 6346/6368/6806
f 6324/6366/6783 6323/6367/6782 6049/6263/6808
f 6348/6378/6809 6349/6194/6810 6350/6379/6811
f 6350/6379/6811 6349/6194/6810 6351/6237/6812
f 6352/6181/6813 6348/6378/6809 6350/6379/6811
f 6353/6228/6814 6350/6379/6811 6119/6279/6815
f 6352/6181/6813 6350/6379/6811 6353/6228/6814
f 6354/6380/6816 6355/6379/6817 6356/6381/6818
f 6356/6381/6818 6355/6379/6817 6357/6378/6819
f 6160/6280/6054 6162/6295/6820 6358/6379/6821
f 6358/6379/6821 6162/6295/6820 6359/6380/6822
f 6159/6290/6055 6160/6280/6054 6360/6382/6823
f 6360/6382/6823 6160/6280/6054 6358/6379/6821
f 6156/6280/6052 6159/6287/6349 6361/6379/6824
f 6151/6290/6050 6156/6280/6052 6363/6382/6825
f 6363/6382/6825 6156/6280/6052 6361/6379/6824
f 6364/6383/6826 6365/6384/6827 6151/6287/6828
f 6366/6240/6829 6154/6187/6830 6149/6280/6831
f 6149/6280/6831 6365/6384/6832 6366/6240/6829
f 6366/6240/6829 6365/6384/6832 6367/6385/6833
f 6368/6386/6834 6363/6382/6825 6369/6378/6835
f 6369/6378/6835 6363/6382/6825 6361/6379/6824
f 6361/6379/6824 6362/6387/6836 6369/6378/6835
f 6360/6382/6823 6358/6379/6821 6371/6386/6837
f 6162/6295/6069 6168/6280/6068 6354/6380/6816
f 6354/6380/6816 6168/6280/6068 6355/6379/6817
f 6355/6379/6838 6172/6240/6839 6374/6237/6840
f 6376/6379/6841 6188/6279/6094 6377/6388/6842
f 6377/6388/6842 6188/6279/6094 6187/6304/6093
f 6379/6389/6843 6378/6379/6844 6190/6334/6845
f 6380/6194/6846 6381/6237/6847 6382/6378/6848
f 6382/6378/6848 6381/6237/6847 6376/6379/6849
f 6382/6378/6848 6376/6379/6849 6383/6390/6850
f 6384/6378/6851 6378/6379/6852 6385/6391/6853
f 6184/6273/6103 6387/6240/6854 6195/6187/6855
f 6183/6280/6856 6386/6235/6857 6387/6240/6858
f 6392/6392/6859 6391/6393/6860 6393/6394/6861
f 6394/6379/6862 6391/6393/6863 6395/6237/6864
f 6394/6379/6862 6367/6385/6833 6365/6384/6832
f 6364/6383/6826 6396/6387/6865 6365/6384/6827
f 6399/6379/6866 6398/6194/6867 6400/6237/6868
f 6403/6388/6869 6399/6379/6870 6404/6395/6871
f 6405/6396/6872 6404/6395/6871 6199/6333/6730
f 6403/6388/6869 6404/6395/6871 6405/6396/6872
f 6404/6395/6871 6313/6370/6731 6199/6333/6730
f 6405/6396/6872 6199/6333/6730 6198/6307/6873
f 6406/6378/6874 6407/6379/6875 6408/6397/6876
f 6408/6397/6876 6407/6379/6875 6409/6398/6877
f 6407/6379/6875 6410/6279/6878 6409/6398/6877
f 6409/6398/6877 6410/6279/6878 6411/6399/6879
f 6413/6400/6880 6255/6273/6193 6248/6316/6197
f 6410/6279/6878 6412/6280/6881 6411/6399/6879
f 6411/6399/6879 6412/6280/6881 6413/6400/6882
f 6414/6401/6883 6415/6379/6884 6416/6402/6885
f 6416/6402/6885 6415/6379/6884 6417/6378/6886
f 6418/6280/6887 6222/6273/6888 6419/6400/6889
f 6419/6400/6889 6222/6273/6888 6221/6316/6176
f 6420/6400/6890 6421/6280/6891 6224/6316/6892
f 6422/6400/6893 6423/6280/6894 6226/6316/6132
f 6422/6403/6893 6226/6317/6132 6424/6280/6895
f 6424/6280/6895 6226/6317/6132 6227/6273/6134
f 6425/6399/6896 6426/6279/6897 6419/6400/6889
f 6419/6400/6889 6426/6279/6897 6418/6280/6887
f 6420/6400/6890 6428/6279/6898 6421/6280/6891
f 6420/6403/6899 6225/6273/6900 6423/6280/6901
f 6432/6398/6902 6433/6397/6903 6415/6379/6884
f 6415/6379/6884 6433/6397/6903 6417/6378/6886
f 6229/6316/6144 6424/6280/6895 6227/6273/6134
f 6438/6401/6904 6437/6404/6905 6407/6379/6906
f 6439/6402/6907 6407/6379/6875 6406/6378/6874
f 6440/6280/6908 6238/6273/6909 6436/6400/6910
f 6441/6279/6911 6440/6280/6908 6437/6399/6905
f 6437/6399/6905 6440/6280/6908 6436/6400/6910
f 6442/6379/6912 6441/6279/6911 6438/6398/6904
f 6438/6398/6904 6441/6279/6911 6437/6399/6905
f 6442/6379/6912 6438/6398/6904 6443/6378/6913
f 6434/6404/6914 6435/6403/6915 6441/6279/6911
f 6432/6401/6902 6434/6404/6914 6442/6379/6912
f 6442/6379/6912 6434/6404/6914 6441/6279/6911
f 6433/6402/6903 6432/6401/6902 6443/6378/6913
f 6443/6378/6913 6432/6401/6902 6442/6379/6912
f 6429/6279/6916 6427/6404/6917 6423/6280/6918
f 6419/6403/6889 6221/6317/6176 6421/6280/6891
f 6421/6280/6891 6221/6317/6176 6223/6273/6127
f 6419/6403/6889 6421/6280/6891 6425/6404/6896
f 6425/6404/6896 6421/6280/6891 6428/6279/6898
f 6444/6379/6919 6445/6398/6920 6446/6378/6921
f 6446/6378/6921 6445/6398/6920 6447/6397/6922
f 6445/6401/6920 6448/6379/6923 6447/6402/6922
f 6449/6378/6924 6414/6398/6883 6416/6397/6885
f 6418/6280/6887 6450/6240/6925 6222/6273/6888
f 6222/6273/6888 6450/6240/6925 6243/6187/6926
f 6426/6279/6897 6451/6235/6927 6418/6280/6887
f 6418/6280/6887 6451/6235/6927 6450/6240/6925
f 6454/6398/6928 6453/6378/6929 6455/6379/6930
f 6446/6378/6921 6452/6402/6931 6444/6379/6919
f 6444/6379/6919 6452/6402/6931 6454/6401/6932
f 6411/6399/6879 6413/6400/6882 6461/6279/6933
f 6463/6237/6934 6461/6279/6935 6459/6235/6936
f 6462/6379/6937 6411/6399/6879 6461/6279/6933
f 6465/6194/6938 6462/6379/6939 6463/6237/6940
f 6462/6379/6941 6464/6378/6942 6409/6398/6943
f 6460/6280/6944 6248/6316/6183 6249/6273/6184
f 6454/6398/6928 6455/6379/6930 6425/6399/6896
f 6425/6399/6896 6455/6379/6930 6426/6279/6897
f 6444/6379/6919 6454/6401/6932 6428/6279/6945
f 6415/6379/6884 6414/6401/6883 6431/6279/6946
f 6431/6279/6946 6414/6401/6883 6430/6404/6947
f 6466/6378/6948 6467/6279/6949 6468/6405/6950
f 6474/6275/6951 6246/6327/6952 6475/6326/6953
f 6482/6279/6954 6481/6406/6955 6483/6407/6956
f 6488/6408/6957 6487/6378/6958 6489/6279/6959
f 6213/6409/6960 6490/6410/6961 6214/6249/6172
f 6491/6411/6962 6276/6247/6963 6492/6412/6964
f 6269/6326/6209 6494/6413/6965 6268/6275/6207
f 6271/6326/6966 6496/6413/6967 6270/6275/6968
f 6270/6275/6968 6493/6414/6969 6269/6329/6970
f 6499/6408/6971 6480/6378/6972 6482/6279/6973
f 6273/6326/6974 6500/6415/6975 6272/6275/6976
f 6272/6275/6976 6500/6415/6975 6497/6413/6977
f 6246/6409/6952 6247/6249/6189 6475/6410/6953
f 6274/6329/6978 6254/6277/6979 6474/6275/6980
f 6501/6406/6981 6502/6407/6982 6466/6378/6983
f 6503/6378/6984 6504/6279/6985 6501/6405/6981
f 6501/6405/6981 6504/6279/6985 6502/6408/6982
f 6498/6406/6986 6499/6407/6987 6503/6378/6988
f 6477/6253/6989 6476/6254/6990 6505/6256/6991
f 6505/6256/6991 6476/6254/6990 6506/6252/6992
f 6484/6378/6993 6486/6406/6994 6485/6279/6995
f 6485/6279/6995 6486/6406/6994 6488/6407/6996
f 6494/6413/6965 6492/6414/6997 6268/6275/6207
f 6268/6275/6207 6492/6414/6997 6490/6329/6961
f 6478/6406/6998 6479/6407/6999 6487/6378/6958
f 6487/6378/6958 6479/6407/6999 6489/6279/6959
f 6267/6220/7000 6508/6411/7001 6266/6247/7002
f 6508/6411/7001 6509/6412/7003 6266/6247/7002
f 6475/6326/6953 6509/6415/7004 6474/6275/6951
f 6474/6275/6951 6509/6415/7004 6510/6413/7005
f 6274/6329/6978 6510/6413/7006 6511/6414/7007
f 6275/6275/7008 6511/6415/7007 6512/6413/7009
f 6273/6329/6974 6275/6275/7008 6500/6414/6975
f 6500/6414/6975 6275/6275/7008 6512/6413/7009
f 6491/6411/6962 6513/6416/7010 6276/6247/6963
f 6477/6253/7011 6513/6416/7010 6491/6411/6962
f 6492/6412/6964 6477/6253/7011 6491/6411/6962
f 6489/6279/6959 6479/6407/6999 6494/6413/6965
f 6494/6413/6965 6479/6407/6999 6492/6414/6997
f 6488/6408/6957 6489/6279/6959 6493/6415/7012
f 6493/6415/7012 6489/6279/6959 6494/6413/6965
f 6485/6279/6995 6488/6407/6996 6496/6413/7013
f 6482/6279/6973 6497/6413/6977 6499/6408/6971
f 6499/6408/6971 6497/6413/6977 6500/6415/6975
f 6499/6407/6971 6500/6414/6975 6504/6279/7014
f 6504/6279/6985 6512/6413/7015 6502/6408/6982
f 6469/6408/7016 6510/6413/7005 6509/6415/7004
f 6470/6253/7017 6508/6411/7018 6471/6256/7019
f 6467/6279/7020 6468/6405/7021 6469/6408/7022
f 6473/6252/7023 6471/6256/7024 6472/6254/7025
f 6472/6254/7025 6471/6256/7024 6470/6253/7026
f 6474/6275/7027 6246/6327/6307 6254/6277/6196
f 6476/6254/7028 6478/6417/7029 6477/6253/7030
f 6477/6253/7030 6478/6417/7029 6479/6418/7031
f 6480/6378/7032 6482/6279/6954 6481/6406/7033
f 6481/6405/7034 6483/6408/7035 6484/6378/7036
f 6484/6378/7036 6483/6408/7035 6485/6279/7037
f 6486/6405/7038 6488/6408/7039 6487/6378/7040
f 6490/6410/7041 6214/6249/6239 6276/6247/6238
f 6276/6247/6238 6492/6412/7042 6490/6410/7041
f 6493/6415/7043 6269/6326/6970 6494/6413/7044
f 6271/6326/6227 6496/6413/7045 6495/6415/7046
f 6271/6329/6227 6495/6414/7046 6272/6275/6226
f 6272/6275/6226 6495/6414/7046 6497/6413/7047
f 6270/6275/7048 6493/6414/7049 6496/6413/7050
f 6498/6405/7051 6499/6408/7052 6480/6378/7053
f 6266/6247/6217 6247/6249/6218 6475/6410/7054
f 6472/6254/7025 6470/6253/7026 6468/6417/7021
f 6468/6417/7021 6470/6253/7026 6469/6418/7022
f 6502/6407/7055 6466/6378/7056 6467/6279/7020
f 6499/6407/7052 6503/6378/7057 6504/6279/7014
f 6268/6275/6237 6213/6328/6236 6490/6329/7058
f 6507/6416/7059 6267/6220/7060 6508/6411/7061
f 6475/6410/7054 6509/6412/7003 6266/6247/6217
f 6274/6329/6978 6510/6413/7006 6474/6275/6980
f 6275/6275/6231 6511/6415/7007 6274/6326/6229
f 6277/6220/6240 6513/6416/7062 6276/6247/6238
f 6477/6253/7063 6513/6416/7064 6505/6256/7065
f 6479/6418/7031 6492/6412/7042 6477/6253/7030
f 6488/6407/7066 6496/6413/7050 6493/6414/7049
f 6496/6413/7045 6485/6279/7037 6495/6415/7046
f 6495/6415/7046 6485/6279/7037 6483/6408/7035
f 6495/6414/7046 6483/6407/7035 6497/6413/7047
f 6497/6413/7047 6483/6407/7035 6482/6279/6954
f 6512/6413/7015 6500/6414/7067 6504/6279/7014
f 6511/6415/7068 6512/6413/7015 6502/6408/7055
f 6510/6413/7069 6511/6414/7068 6467/6279/7020
f 6467/6279/7020 6511/6414/7068 6502/6407/7055
f 6469/6408/7022 6510/6413/7069 6467/6279/7020
f 6508/6411/7018 6509/6412/7070 6470/6253/7026
f 6470/6253/7026 6509/6412/7070 6469/6418/7022
f 6507/6416/7059 6508/6411/7061 6471/6256/7071
f 6412/6280/7072 6413/6400/6880 6255/6273/6302
f 6223/6273/7073 6421/6280/7074 6224/6316/6129
f 6423/6280/7075 6226/6316/7076 6225/6273/7077
f 6420/6400/7078 6428/6279/7079 6427/6399/7080
f 6430/6399/7081 6422/6400/7082 6429/6279/7083
f 6429/6279/7083 6422/6400/7082 6423/6280/7084
f 6431/6279/7085 6424/6280/7086 6430/6404/7081
f 6430/6404/7081 6424/6280/7086 6422/6403/7082
f 6420/6403/6899 6225/6273/6273 6224/6317/6267
f 6424/6280/7086 6431/6279/7085 6435/6400/7087
f 6435/6400/7087 6431/6279/7085 6434/6399/7088
f 6229/6316/6285 6424/6280/7086 6435/6400/7087
f 6436/6403/7089 6412/6280/7072 6239/6317/6301
f 6239/6317/6301 6412/6280/7072 6255/6273/6302
f 6437/6404/7090 6410/6279/7091 6436/6403/7089
f 6436/6403/7089 6410/6279/7091 6412/6280/7072
f 6437/6404/7090 6407/6379/6906 6410/6279/7091
f 6439/6402/7092 6407/6379/7093 6438/6401/7094
f 6238/6273/7095 6436/6400/7089 6239/6316/6301
f 6439/6397/7092 6438/6398/7094 6443/6378/7096
f 6440/6280/7097 6238/6273/6284 6435/6403/7087
f 6435/6403/7087 6238/6273/6284 6229/6317/6285
f 6435/6403/7087 6441/6279/7098 6440/6280/7097
f 6427/6404/7080 6423/6280/7084 6420/6403/7078
f 6449/6378/7099 6448/6379/7100 6447/6402/7101
f 6449/6378/7099 6414/6398/7102 6448/6379/7100
f 6452/6397/7103 6454/6398/7104 6453/6378/7105
f 6456/6194/7106 6453/6378/7107 6457/6237/7108
f 6457/6237/7108 6453/6378/7107 6455/6379/7109
f 6461/6279/7110 6459/6235/7111 6460/6280/7112
f 6460/6280/7112 6459/6235/7111 6458/6240/7113
f 6413/6400/7114 6461/6279/7110 6460/6280/7112
f 6462/6379/6937 6463/6237/7115 6461/6279/6935
f 6409/6398/7116 6462/6379/7117 6411/6399/7118
f 6464/6378/7119 6465/6194/7120 6462/6379/7117
f 6408/6397/7121 6464/6378/7122 6409/6398/6943
f 6413/6400/7114 6460/6280/7112 6248/6316/7123
f 6460/6280/7112 6458/6240/7113 6249/6273/6296
f 6249/6273/6296 6458/6240/7113 6252/6187/6294
f 6455/6379/7109 6426/6279/7124 6457/6237/7108
f 6457/6237/7108 6426/6279/7124 6451/6235/7125
f 6454/6401/7126 6428/6279/6945 6425/6404/7127
f 6445/6398/7128 6427/6399/7080 6444/6379/7129
f 6444/6379/7129 6427/6399/7080 6428/6279/7079
f 6448/6379/7100 6429/6279/7083 6445/6401/7128
f 6445/6401/7128 6429/6279/7083 6427/6404/7080
f 6414/6398/7102 6430/6399/7081 6448/6379/7100
f 6448/6379/7100 6430/6399/7081 6429/6279/7083
f 6434/6399/7088 6431/6279/7085 6432/6398/7130
f 6432/6398/7130 6431/6279/7085 6415/6379/7131
f 6397/6378/7132 6399/6379/7133 6398/6194/7134
f 6401/6390/7135 6399/6379/7133 6397/6378/7132
f 6399/6379/7136 6402/6419/7137 6400/6237/7138
f 6404/6395/7139 6313/6370/7140 6402/6419/7137
f 6401/6390/7135 6403/6388/7141 6399/6379/7133
f 6399/6379/7136 6404/6395/7139 6402/6419/7137
f 6362/6387/7142 6159/6287/7143 6361/6379/7144
f 6365/6384/7145 6151/6287/6041 6149/6280/6039
f 6370/6392/7146 6362/6387/7147 6369/6378/7148
f 6372/6378/7149 6358/6379/7150 6371/6386/7151
f 6358/6379/7150 6372/6378/7149 6359/6380/7152
f 6359/6380/7152 6372/6378/7149 6373/6381/7153
f 6355/6379/6838 6172/6290/7154 6168/6280/7155
f 6375/6386/7156 6374/6382/7157 6357/6378/7158
f 6357/6378/7158 6374/6382/7157 6355/6379/7159
f 6189/6279/6382 6187/6304/6384 6378/6379/7160
f 6378/6379/7160 6187/6304/6384 6377/6388/7161
f 6378/6379/7160 6190/6334/6386 6189/6279/6382
f 6377/6388/7161 6376/6379/6841 6383/6390/7162
f 6384/6378/7163 6378/6379/7160 6383/6390/7162
f 6383/6390/7162 6378/6379/7160 6377/6388/7161
f 6379/6389/7164 6378/6379/6844 6385/6391/7165
f 6376/6379/7166 6188/6279/7167 6381/6237/7168
f 6381/6237/7168 6188/6279/7167 6386/6235/7169
f 6183/6280/6374 6184/6273/6375 6387/6240/7170
f 6188/6279/7167 6183/6280/6856 6386/6235/7169
f 6388/6194/7171 6390/6378/7172 6389/6420/7173
f 6389/6420/7173 6390/6378/7172 6391/6393/7174
f 6390/6378/7172 6392/6392/7175 6391/6393/7174
f 6389/6420/7173 6391/6393/7174 6395/6237/7176
f 6391/6393/7177 6393/6394/7178 6394/6379/7179
f 6394/6379/7179 6393/6394/7178 6396/6387/7180
f 6394/6379/7181 6367/6385/7182 6395/6237/7183
f 6394/6379/7179 6396/6387/7180 6365/6384/7184
f 6350/6379/7185 6120/6235/6404 6351/6237/7186
f 6350/6379/7185 6119/6279/6402 6120/6235/6404
f 6353/6228/7187 6122/6183/6405 6119/6279/6407
f 6323/6367/7188 6049/6263/5988 6048/6238/7189
f 6324/6366/7190 6105/6240/7191 6049/6263/5988
f 6334/6373/7192 6329/6367/7193 6333/6183/7194
f 6334/6373/7195 6064/6263/7196 6335/6235/7197
f 6335/6235/7197 6064/6263/7196 6065/6240/7198
f 6333/6183/7194 6066/6238/7199 6334/6373/7192
f 6331/6366/7200 6334/6373/7195 6336/6368/7201
f 6336/6368/7201 6334/6373/7195 6335/6235/7197
f 6300/6366/7202 6338/6181/7203 6301/6367/7204
f 6341/6374/7205 6314/6376/7206 6340/6375/7207
f 6340/6375/7207 6314/6376/7206 6339/6377/7208
f 6094/6267/6484 6099/6263/7209 6314/6376/6802
f 6344/6366/7210 6339/6377/7208 6314/6376/7206
f 6328/6181/7211 6326/6369/7212 6324/6366/7190
f 6327/6368/7213 6105/6240/7191 6324/6366/7190
f 6326/6369/7212 6327/6368/7213 6324/6366/7190
f 6318/6230/7214 6319/6181/7215 5985/6229/7216
f 6320/6194/7217 6321/6230/7218 6315/6237/7219
f 6316/6229/7220 6322/6181/7221 5982/6228/7222
f 6514/6421/7223 6515/6422/7224 6516/6423/7225
f 6517/6116/7226 6518/6117/7227 6519/6159/7228
f 6520/6165/7229 6517/6116/7230 6521/6115/7231
f 6522/6162/7232 6518/6117/7227 6523/6161/7233
f 6523/6161/7233 6518/6117/7227 6517/6116/7226
f 6524/6354/7234 6523/6161/7233 6517/6116/7226
f 6520/6165/7229 6521/6115/7231 6525/6160/7235
f 6525/6160/7235 6521/6115/7231 5814/6138/5687
f 5817/6139/5688 5814/6138/5687 6521/6115/7231
f 6530/6424/7236 6528/6425/7237 6531/6426/7238
f 6528/6425/7237 6529/6364/7239 5829/6356/7240
f 5829/6356/7240 6529/6364/7239 5830/6158/7241
f 6531/6426/7238 6528/6425/7237 5832/6357/7242
f 5832/6357/7242 6528/6425/7237 5829/6356/7240
f 6532/6181/7243 6514/6421/7223 6516/6423/7225
f 6516/6423/7225 6533/6427/7244 6534/6228/7245
f 6538/6428/7246 6536/6429/7247 6533/6427/7248
f 6543/6430/7249 6539/6431/7250 6536/6429/7247
f 6543/6430/7249 6536/6429/7247 6538/6428/7246
f 6538/6428/7246 6533/6427/7248 6535/6432/7251
f 6539/6431/7252 6542/6433/7253 5856/6205/7254
f 6541/6434/7255 5853/6346/7256 5856/6205/7257
f 6535/6432/7258 6516/6423/7225 6515/6422/7224
f 6532/6181/7243 6516/6423/7225 6534/6228/7245
f 6533/6427/7244 6537/6183/7259 6534/6228/7245
f 6536/6429/7260 6540/6238/7261 6537/6183/7262
f 6539/6431/7263 5899/6207/7264 6540/6238/7265
f 6545/6229/7266 6546/6228/7267 6547/6230/7268
f 6549/6236/7269 6550/6233/7270 6551/6186/7271
f 6552/6235/7272 6553/6187/7273 6550/6233/7270
f 6554/6194/7274 6555/6237/7275 6545/6229/7266
f 6545/6229/7266 6549/6236/7276 6556/6183/7277
f 5932/6226/7278 6557/6192/7279 5933/6190/7280
f 6557/6192/7281 5936/6227/5800 6553/6187/7282
f 6550/6233/7270 5935/6189/7283 6551/6186/7271
f 6555/6237/7275 6549/6236/7276 6545/6229/7266
f 6552/6235/7272 6550/6233/7270 6549/6236/7269
f 6547/6230/7268 6554/6194/7274 6545/6229/7266
f 6550/6233/7270 5936/6227/5800 5935/6189/7283
f 6133/6189/7284 6559/6435/7285 6131/6245/7286
f 6560/6244/7287 6561/6436/7288 6562/6246/7289
f 6309/6253/7290 6563/6437/7291 6312/6183/7292
f 6565/6256/7293 6564/6438/7294 6309/6253/7290
f 6308/6364/7295 6565/6256/7296 6307/6365/7297
f 6563/6437/7291 6562/6246/7298 6566/6238/7299
f 6569/6439/7300 6132/6255/7301 6559/6435/7285
f 6561/6436/7288 6569/6439/7300 6567/6440/7302
f 6570/6441/7303 6567/6440/7302 6558/6442/7304
f 6558/6442/7304 6567/6440/7302 6559/6435/7285
f 6561/6436/7288 6567/6440/7302 6562/6246/7289
f 6569/6439/7300 6559/6435/7285 6567/6440/7302
f 6567/6440/7302 6570/6441/7303 6568/6186/7305
f 6564/6438/7294 6563/6437/7291 6309/6253/7290
f 6563/6437/7291 6566/6238/7299 6312/6183/7292
f 6132/6255/7301 6131/6245/7286 6559/6435/7285
f 6571/6443/7306 6572/6444/7307 6573/6445/7308
f 6572/6444/7309 6574/6446/7310 6575/6447/7311
f 6577/6448/7312 6264/6325/7313 6578/6449/7314
f 6579/6450/7315 6580/6358/7316 6574/6446/7317
f 6581/6451/7318 6579/6450/7319 6572/6444/7309
f 6573/6445/7320 6575/6447/7321 6576/6452/7322
f 6571/6443/7306 6573/6445/7308 6582/6453/7323
f 6264/6325/6206 6263/6323/7324 6577/6448/7325
f 6577/6448/7325 6263/6323/7324 6576/6452/7326
f 6265/6332/6320 6264/6325/6319 6578/6449/7327
f 6578/6449/7328 6577/6448/7325 6582/6453/7329
f 6582/6453/7329 6577/6448/7325 6573/6445/7330
f 6572/6444/7307 6573/6445/7331 6575/6447/7332
f 6573/6445/7330 6577/6448/7325 6576/6452/7326
f 6579/6450/7333 6572/6444/7309 6574/6446/7334
f 6581/6451/7335 6571/6443/7336 6572/6444/7309
f 6558/6442/7337 6133/6189/7338 6559/6435/7339
f 6564/6438/7340 6563/6437/7341 6560/6244/7342
f 6562/6246/7343 6568/6186/7344 6567/6440/7345
f 6560/6244/7342 6563/6437/7341 6562/6246/7298
f 6562/6246/7343 6566/6238/7346 6568/6186/7344
f 6565/6256/7347 6307/6365/6737 6309/6253/6739
f 6548/6181/7348 6546/6228/7349 6547/6230/7350
f 6555/6237/7351 6549/6236/7352 6552/6235/7353
f 5936/6227/5800 5932/6226/7278 6557/6192/7354
f 6550/6233/7355 5936/6227/5800 6553/6187/7356
f 6545/6229/7357 6546/6228/7358 6556/6183/7359
f 6549/6236/7352 6556/6183/7360 6551/6186/7361
f 6535/6432/7362 6516/6423/7363 6533/6427/7364
f 6533/6427/7364 6537/6183/7365 6536/6429/7366
f 6536/6429/7260 6540/6238/7367 6539/6431/7252
f 6539/6431/7252 5899/6207/7368 5856/6205/7369
f 5853/6346/6602 5898/6203/6640 6541/6434/7370
f 6541/6434/7371 6542/6433/7372 5856/6205/7369
f 6539/6431/7252 6542/6433/7373 6543/6430/7374
f 6514/6421/7375 6515/6422/7376 6544/6454/7377
f 6526/6455/7378 6528/6425/7379 6527/6252/7380
f 6527/6252/7380 6528/6425/7379 6529/6364/7381
f 6530/6424/7382 6528/6425/7379 6526/6455/7378
f 6524/6354/7383 6520/6165/7384 6517/6116/7230
f 6521/6115/7385 6519/6159/7386 6517/6116/7387
f 5817/6139/7388 6519/6159/7386 6521/6115/7385
f 5815/6140/6693 5814/6138/6691 6525/6160/7389
