# Generated by XMODS on 03/07/2025

v 0.005999 1.727660 -0.005999
v -0.005999 1.727660 -0.005999
v 0.005999 1.715670 -0.005999
v -0.005999 1.715670 -0.005999
v 0.005999 1.715670 -0.005999
v -0.005999 1.715670 -0.005999
v 0.005999 1.715670 0.005999
v -0.005999 1.715670 0.005999
v 0.005999 1.715670 0.005999
v -0.005999 1.715670 0.005999
v 0.005999 1.727660 0.005999
v -0.005999 1.727660 0.005999
v 0.005999 1.727660 0.005999
v -0.005999 1.727660 0.005999
v 0.005999 1.727660 -0.005999
v -0.005999 1.727660 -0.005999
v -0.005999 1.727660 -0.005999
v -0.005999 1.727660 0.005999
v -0.005999 1.715670 -0.005999
v -0.005999 1.715670 0.005999
v 0.005999 1.727660 0.005999
v 0.005999 1.727660 -0.005999
v 0.005999 1.715670 0.005999
v 0.005999 1.715670 -0.005999
v -0.042206 1.741254 0.087318
v -0.042041 1.735370 0.083560
v -0.035756 1.740823 0.088389
v -0.035820 1.734443 0.084316
v -0.042398 1.747222 0.088041
v -0.035713 1.747213 0.089176
v -0.049152 1.747204 0.083634
v -0.048480 1.741189 0.083171
v -0.046958 1.736598 0.081304
v -0.029180 1.741151 0.087419
v -0.023708 1.741198 0.083933
v -0.028910 1.747101 0.088145
v -0.022979 1.747045 0.084419
v -0.029467 1.735258 0.083649
v -0.025358 1.736645 0.082075
v -0.029153 1.753556 0.087361
v -0.029238 1.759000 0.083764
v -0.035665 1.753968 0.088323
v -0.035576 1.759880 0.084440
v -0.023788 1.753415 0.083921
v -0.025157 1.757510 0.082176
v -0.048225 1.753406 0.083170
v -0.042064 1.753622 0.087261
v -0.041814 1.759046 0.083674
v -0.046757 1.757463 0.081405
v -0.047629 1.759365 0.077057
v -0.042121 1.762288 0.077879
v -0.035531 1.763394 0.078284
v -0.042561 1.764462 0.069759
v -0.036175 1.765755 0.069760
v -0.048971 1.760799 0.069761
v -0.022084 1.760536 0.069864
v -0.028304 1.764406 0.069833
v -0.023503 1.759131 0.077134
v -0.028846 1.762241 0.077957
v -0.023736 1.735005 0.077017
v -0.029136 1.732044 0.078379
v -0.035842 1.730967 0.078695
v -0.028635 1.729946 0.069585
v -0.035834 1.728709 0.069754
v -0.022343 1.733656 0.069608
v -0.049230 1.733909 0.069754
v -0.042891 1.730086 0.069753
v -0.047862 1.735239 0.078155
v -0.042411 1.732166 0.078949
v -0.018238 1.740383 0.069659
v -0.020422 1.740823 0.078038
v -0.019474 1.747026 0.078257
v -0.017142 1.747044 0.069697
v -0.020539 1.753753 0.078111
v -0.018378 1.754268 0.069628
v -0.051036 1.741123 0.078586
v -0.051899 1.747232 0.078799
v -0.053171 1.740711 0.069753
v -0.054172 1.747241 0.069757
v -0.052840 1.754605 0.069755
v -0.050741 1.754043 0.078660
v 0.029207 1.741151 0.087419
v 0.029494 1.735258 0.083649
v 0.035783 1.740823 0.088389
v 0.035847 1.734443 0.084316
v 0.028937 1.747101 0.088145
v 0.035740 1.747213 0.089176
v 0.023006 1.747045 0.084419
v 0.023735 1.741198 0.083933
v 0.025385 1.736645 0.082075
v 0.042233 1.741254 0.087318
v 0.048507 1.741189 0.083171
v 0.042425 1.747222 0.088041
v 0.049179 1.747204 0.083634
v 0.042068 1.735370 0.083560
v 0.046985 1.736598 0.081304
v 0.042091 1.753622 0.087261
v 0.041841 1.759046 0.083674
v 0.035692 1.753968 0.088323
v 0.035603 1.759880 0.084440
v 0.048252 1.753406 0.083170
v 0.046784 1.757463 0.081405
v 0.023815 1.753415 0.083921
v 0.029180 1.753556 0.087361
v 0.029265 1.759000 0.083764
v 0.025184 1.757510 0.082176
v 0.023530 1.759131 0.077134
v 0.028873 1.762241 0.077957
v 0.035558 1.763394 0.078284
v 0.036202 1.765755 0.069760
v 0.028331 1.764406 0.069833
v 0.022111 1.760536 0.069864
v 0.048998 1.760799 0.069761
v 0.042588 1.764462 0.069759
v 0.047656 1.759365 0.077057
v 0.042148 1.762288 0.077879
v 0.047889 1.735239 0.078155
v 0.042438 1.732166 0.078949
v 0.035869 1.730967 0.078695
v 0.035861 1.728709 0.069754
v 0.042918 1.730086 0.069753
v 0.049257 1.733909 0.069754
v 0.022370 1.733656 0.069608
v 0.028662 1.729946 0.069585
v 0.023763 1.735005 0.077017
v 0.029163 1.732044 0.078379
v 0.053198 1.740711 0.069753
v 0.051063 1.741123 0.078586
v 0.051926 1.747232 0.078799
v 0.054199 1.747241 0.069757
v 0.050768 1.754043 0.078660
v 0.052867 1.754605 0.069755
v 0.020449 1.740823 0.078038
v 0.019501 1.747026 0.078257
v 0.018265 1.740383 0.069659
v 0.017169 1.747044 0.069697
v 0.018405 1.754268 0.069628
v 0.020566 1.753753 0.078111
v 0.044813 1.667060 -0.057055
v 0.059423 1.684060 -0.052204
v 0.056735 1.665990 -0.046383
v 0.045365 1.682710 -0.065888
v 0.061722 1.660891 -0.018993
v 0.065122 1.679895 -0.020963
v 0.024913 1.681420 -0.076284
v 0.024746 1.667940 -0.069546
v 0.000000 1.680440 -0.080241
v 0.000000 1.667140 -0.075221
v 0.070146 1.698010 -0.016669
v 0.080259 1.749480 0.014347
v 0.080171 1.763390 0.017637
v 0.078096 1.747380 0.026055
v 0.077469 1.760990 0.029447
v -0.045365 1.682710 -0.065888
v -0.044813 1.667060 -0.057055
v -0.059423 1.684060 -0.052204
v -0.056735 1.665990 -0.046383
v -0.061722 1.660891 -0.018993
v -0.065122 1.679895 -0.020963
v -0.024913 1.681420 -0.076284
v -0.024746 1.667940 -0.069546
v -0.070146 1.698010 -0.016669
v -0.080259 1.749480 0.014347
v -0.078096 1.747380 0.026055
v -0.080171 1.763390 0.017637
v -0.077469 1.760990 0.029447
v 0.056953 1.647290 -0.045380
v 0.062839 1.642354 -0.017592
v 0.025180 1.650753 -0.067381
v 0.043753 1.648809 -0.055239
v 0.000000 1.650613 -0.072706
v -0.056953 1.647290 -0.045380
v -0.062839 1.642354 -0.017592
v -0.025180 1.650753 -0.067381
v -0.043753 1.648809 -0.055239
v 0.009857 1.618874 0.050088
v 0.016347 1.619740 0.040444
v 0.028579 1.624817 0.047973
v 0.042536 1.634177 0.033831
v 0.035934 1.625350 0.029201
v 0.026919 1.659887 0.059638
v 0.016262 1.656387 0.057328
v 0.022680 1.661807 0.089151
v 0.013223 1.661057 0.089948
v 0.000000 1.656007 0.063406
v 0.000000 1.660747 0.092526
v 0.000000 1.618024 0.050326
v 0.000000 1.617070 0.042896
v -0.016347 1.619740 0.040444
v -0.028579 1.624817 0.047973
v -0.035934 1.625350 0.029201
v -0.042536 1.634177 0.033831
v -0.026919 1.659887 0.059638
v -0.022680 1.661807 0.089151
v -0.016262 1.656387 0.057328
v -0.013223 1.661057 0.089948
v -0.009857 1.618874 0.050088
v 0.000000 1.617070 0.042896
v -0.010534 1.623378 0.069193
v -0.022723 1.627541 0.069778
v -0.010633 1.621213 0.059081
v 0.000000 1.622252 0.068930
v 0.000000 1.620264 0.059628
v 0.011008 1.623378 0.069193
v 0.010633 1.621213 0.059081
v 0.029865 1.654121 0.089989
v 0.020389 1.653802 0.095781
v 0.021766 1.647424 0.093949
v 0.010693 1.644591 0.097201
v 0.010133 1.650421 0.098634
v 0.000000 1.643784 0.098565
v 0.000000 1.649258 0.099378
v 0.010934 1.636901 0.094130
v 0.000000 1.636012 0.094954
v 0.010619 1.630737 0.087900
v 0.000000 1.629583 0.088641
v 0.000000 1.624997 0.079042
v 0.010262 1.625855 0.078718
v 0.022037 1.640188 0.090608
v 0.021754 1.633669 0.084343
v 0.021502 1.629427 0.076744
v 0.022723 1.627541 0.069778
v 0.025958 1.626406 0.059936
v -0.021295 1.647424 0.093949
v -0.020389 1.653802 0.095781
v -0.029381 1.654605 0.089989
v -0.010133 1.650421 0.098634
v -0.010693 1.644591 0.097201
v -0.010934 1.636901 0.094130
v -0.010619 1.630737 0.087900
v -0.010262 1.625855 0.078718
v -0.021567 1.640658 0.090608
v -0.021284 1.634139 0.084343
v -0.021030 1.629900 0.076744
v -0.025958 1.626406 0.059936
v -0.070558 1.698300 -0.000835
v 0.065640 1.678837 0.000536
v 0.028154 1.663365 0.033319
v 0.033969 1.666586 0.034177
v 0.027545 1.668586 0.031307
v 0.032974 1.668695 0.057975
v 0.026852 1.666926 0.085686
v 0.022265 1.661705 0.031152
v 0.029393 1.676650 0.030900
v 0.027545 1.668586 0.031307
v 0.023468 1.692600 0.051829
v 0.023283 1.686080 0.031262
v 0.031073 1.682020 0.052839
v 0.031073 1.682020 0.052839
v 0.024760 1.677860 0.079481
v 0.023038 1.686440 0.083589
v 0.000000 1.695480 0.049915
v 0.000000 1.689540 0.028432
v 0.000000 1.688400 0.086930
v 0.023475 1.676120 0.029560
v 0.000000 1.682170 0.027037
v 0.023475 1.676120 0.029560
v 0.070558 1.698300 -0.000835
v 0.071630 1.696790 0.004345
v 0.065640 1.678837 0.000536
v 0.070558 1.698300 -0.000835
v -0.065640 1.678837 0.000536
v -0.028154 1.663365 0.033319
v -0.027545 1.668586 0.031307
v -0.033969 1.666586 0.034177
v -0.026852 1.666926 0.085686
v -0.032974 1.668695 0.057975
v -0.022265 1.661705 0.031152
v -0.029393 1.676650 0.030900
v -0.027545 1.668586 0.031307
v -0.023283 1.686080 0.031262
v -0.031073 1.682020 0.052839
v -0.031073 1.682020 0.052839
v -0.023468 1.692600 0.051829
v -0.027260 1.677860 0.080981
v -0.023038 1.686440 0.083589
v 0.000000 1.689540 0.028432
v -0.023475 1.676120 0.029560
v 0.000000 1.682170 0.027037
v -0.023475 1.676120 0.029560
v -0.070558 1.698300 -0.000835
v -0.065640 1.678837 0.000536
v -0.071630 1.696790 0.004345
v -0.049547 1.641887 0.021979
v 0.058528 1.654883 0.004613
v 0.055271 1.632116 0.011409
v 0.055271 1.632116 0.011409
v 0.049547 1.641887 0.021979
v 0.058528 1.654883 0.004613
v -0.058528 1.654883 0.004613
v -0.055271 1.632116 0.011409
v -0.055271 1.632116 0.011409
v -0.058528 1.654883 0.004613
v 0.074636 1.711420 -0.019086
v 0.084252 1.730050 -0.033627
v 0.079552 1.711710 -0.022771
v 0.078682 1.732030 -0.031216
v 0.074636 1.711420 -0.019086
v 0.081531 1.746080 -0.021314
v 0.087220 1.744510 -0.031488
v 0.076799 1.697750 -0.009172
v 0.094425 1.740380 -0.034631
v 0.092981 1.726420 -0.035100
v 0.098958 1.726400 -0.032357
v 0.100495 1.739140 -0.031675
v 0.089708 1.714770 -0.030549
v 0.095118 1.715540 -0.028747
v 0.086221 1.706240 -0.016860
v 0.090813 1.705950 -0.015030
v 0.099698 1.739100 -0.026829
v 0.098105 1.727770 -0.027755
v 0.089229 1.740340 -0.002372
v 0.092570 1.747370 -0.003939
v 0.087028 1.742420 0.002187
v 0.091642 1.750430 -0.000814
v 0.094571 1.717810 -0.025586
v 0.091445 1.710810 -0.011441
v 0.090429 1.757860 -0.011272
v 0.085785 1.752950 -0.002251
v 0.096033 1.754890 -0.009165
v 0.081531 1.746080 -0.021314
v 0.094220 1.750070 -0.030814
v 0.100498 1.749750 -0.027701
v 0.080347 1.709540 0.006601
v 0.086080 1.705740 0.001423
v 0.083169 1.709640 0.002006
v 0.099486 1.746890 -0.023746
v 0.085362 1.696510 -0.000968
v 0.088105 1.698770 -0.007973
v 0.087782 1.713310 -0.009148
v 0.068778 1.710810 -0.002173
v 0.094528 1.729860 -0.026976
v 0.091802 1.718010 -0.024898
v 0.094987 1.740100 -0.025916
v 0.080446 1.724210 -0.007857
v 0.082364 1.724530 0.000451
v 0.083756 1.698260 -0.010624
v 0.078495 1.696320 0.004814
v 0.077142 1.698110 0.009094
v 0.078648 1.712830 0.010963
v 0.078096 1.694490 0.001754
v 0.082338 1.694650 -0.003060
v 0.079348 1.743520 0.005756
v 0.083967 1.735690 0.003258
v 0.096319 1.750990 -0.011334
v 0.091989 1.750320 -0.012872
v 0.088315 1.747240 -0.006721
v 0.090810 1.721180 -0.018040
v 0.083347 1.739150 -0.005786
v 0.086278 1.734080 -0.001695
v 0.094960 1.736170 -0.020728
v 0.081191 1.747170 0.002941
v 0.083347 1.739150 -0.005786
v 0.094817 1.749990 -0.020155
v 0.098718 1.751030 -0.019435
v 0.098943 1.755500 -0.020929
v 0.093031 1.758140 -0.023136
v -0.074636 1.711420 -0.019086
v -0.084252 1.730050 -0.033627
v -0.078682 1.732030 -0.031216
v -0.079552 1.711710 -0.022771
v -0.074636 1.711420 -0.019086
v -0.081531 1.746080 -0.021314
v -0.087220 1.744510 -0.031488
v -0.076799 1.697750 -0.009172
v -0.094425 1.740380 -0.034631
v -0.092981 1.726420 -0.035100
v -0.098958 1.726400 -0.032357
v -0.100495 1.739140 -0.031675
v -0.090813 1.705950 -0.015030
v -0.095118 1.715540 -0.028747
v -0.086221 1.706240 -0.016860
v -0.089708 1.714770 -0.030549
v -0.098105 1.727770 -0.027755
v -0.099698 1.739100 -0.026829
v -0.091642 1.750430 -0.000814
v -0.092570 1.747370 -0.003939
v -0.087028 1.742420 0.002187
v -0.089229 1.740340 -0.002372
v -0.094571 1.717810 -0.025586
v -0.091445 1.710810 -0.011441
v -0.090429 1.757860 -0.011272
v -0.096033 1.754890 -0.009165
v -0.085785 1.752950 -0.002251
v -0.081531 1.746080 -0.021314
v -0.100498 1.749750 -0.027701
v -0.094220 1.750070 -0.030814
v -0.080347 1.709540 0.006601
v -0.083169 1.709640 0.002006
v -0.086080 1.705740 0.001423
v -0.099486 1.746890 -0.023746
v -0.088105 1.698770 -0.007973
v -0.085362 1.696510 -0.000968
v -0.068778 1.710810 -0.002173
v -0.087782 1.713310 -0.009148
v -0.094528 1.729860 -0.026976
v -0.091802 1.718010 -0.024898
v -0.094987 1.740100 -0.025916
v -0.082364 1.724530 0.000451
v -0.080446 1.724210 -0.007857
v -0.083756 1.698260 -0.010624
v -0.078495 1.696320 0.004814
v -0.077142 1.698110 0.009094
v -0.078648 1.712830 0.010963
v -0.078096 1.694490 0.001754
v -0.082338 1.694650 -0.003060
v -0.096319 1.750990 -0.011334
v -0.088315 1.747240 -0.006721
v -0.091989 1.750320 -0.012872
v -0.090810 1.721180 -0.018040
v -0.086278 1.734080 -0.001695
v -0.083347 1.739150 -0.005786
v -0.094960 1.736170 -0.020728
v -0.083967 1.735690 0.003258
v -0.081191 1.747170 0.002941
v -0.087028 1.742420 0.002187
v -0.079348 1.743520 0.005756
v -0.083347 1.739150 -0.005786
v -0.094817 1.749990 -0.020155
v -0.098718 1.751030 -0.019435
v -0.098943 1.755500 -0.020929
v -0.093031 1.758140 -0.023136
v 0.077699 1.732062 0.024990
v 0.077093 1.711307 0.023612
v 0.068347 1.665670 0.016306
v 0.071263 1.680807 0.008863
v 0.072180 1.671710 0.023100
v 0.077378 1.695172 0.024576
v 0.075128 1.683277 0.015893
v 0.075040 1.680845 0.025630
v 0.072387 1.691713 0.041664
v 0.032170 1.646759 0.084930
v 0.033020 1.641451 0.079837
v 0.039533 1.655632 0.080724
v 0.046277 1.649701 0.072326
v 0.061411 1.654057 0.027941
v 0.066895 1.663287 0.033761
v 0.052748 1.652721 0.059099
v 0.059865 1.656517 0.046309
v 0.057171 1.667204 0.063684
v 0.063734 1.671328 0.051485
v 0.044415 1.666306 0.082275
v 0.051143 1.665831 0.073529
v 0.035470 1.659936 0.086625
v 0.052065 1.679309 0.079243
v 0.045474 1.677891 0.084905
v 0.065705 1.686689 0.056463
v 0.058926 1.682651 0.069623
v 0.031426 1.633042 0.072438
v 0.039692 1.635859 0.065893
v 0.070415 1.676504 0.037988
v 0.046894 1.639417 0.053356
v 0.053759 1.645347 0.041286
v -0.071781 1.681307 0.008863
v -0.075128 1.683277 0.015893
v -0.031202 1.648681 0.084930
v -0.039533 1.657105 0.080724
v -0.033020 1.641451 0.079355
v -0.046277 1.650201 0.072326
v -0.061946 1.654057 0.027941
v -0.069939 1.665670 0.016306
v -0.066895 1.663287 0.033761
v -0.072180 1.671710 0.023100
v -0.034979 1.659936 0.086625
v -0.030940 1.635450 0.073883
v -0.039692 1.635859 0.065893
v -0.046894 1.639417 0.053356
v -0.053759 1.645347 0.041286
v -0.059865 1.656517 0.046309
v -0.052748 1.652721 0.059099
v 0.000000 1.687511 0.108037
v 0.002914 1.687938 0.107936
v 0.000000 1.689959 0.106438
v 0.002450 1.686418 0.108346
v 0.000000 1.686560 0.108440
v 0.000000 1.681356 0.108259
v 0.002397 1.681617 0.108354
v 0.003458 1.690046 0.106672
v 0.000000 1.676942 0.104625
v 0.002130 1.676992 0.104670
v 0.000000 1.676942 0.104625
v 0.000000 1.675050 0.096625
v -0.002440 1.686418 0.108346
v -0.002914 1.687938 0.107936
v -0.002397 1.681617 0.108354
v -0.003458 1.690046 0.106672
v -0.002130 1.676992 0.104670
v 0.000000 1.675050 0.096625
v 0.018805 1.704296 0.100301
v 0.018359 1.703782 0.099316
v 0.019537 1.709015 0.100046
v 0.019744 1.711219 0.098825
v 0.017496 1.708180 0.104592
v 0.018767 1.713200 0.101886
v 0.019905 1.710627 0.099039
v 0.017556 1.716433 0.099781
v 0.016531 1.717909 0.100073
v 0.015139 1.723093 0.104952
v 0.011567 1.726177 0.108607
v 0.015404 1.720970 0.106523
v 0.011748 1.723110 0.110815
v 0.015429 1.717510 0.108103
v 0.012780 1.719637 0.113485
v 0.014660 1.712155 0.111353
v 0.012719 1.714043 0.116621
v -0.039082 1.668307 0.085769
v -0.033297 1.665544 0.089449
v -0.035488 1.670968 0.089382
v -0.028772 1.659539 0.091766
v -0.029356 1.668917 0.093279
v -0.039763 1.678132 0.089037
v 0.008869 1.705948 0.115172
v 0.011445 1.708364 0.116699
v 0.006443 1.703635 0.116256
v 0.013167 1.702623 0.109128
v 0.012581 1.699515 0.105852
v 0.016161 1.704250 0.107771
v 0.016458 1.700188 0.103436
v 0.016300 1.699837 0.102458
v 0.012414 1.699070 0.104750
v 0.000022 1.695793 0.110198
v 0.004041 1.696678 0.110250
v 0.000026 1.697178 0.113295
v 0.004227 1.698090 0.112373
v 0.000005 1.693927 0.105743
v 0.003752 1.694091 0.106383
v 0.001975 1.690972 0.106281
v 0.000002 1.690671 0.106143
v 0.013749 1.707194 0.113265
v 0.010814 1.705357 0.113982
v 0.008491 1.723036 0.117307
v 0.005865 1.722157 0.119320
v 0.009665 1.719150 0.119961
v 0.005702 1.718815 0.122793
v 0.006897 1.726727 0.114004
v 0.004817 1.706513 0.124465
v 0.008564 1.707592 0.121652
v 0.009615 1.700198 0.108506
v 0.010064 1.706578 0.107645
v 0.006904 1.700096 0.110255
v 0.009363 1.708147 0.110290
v 0.010017 1.713072 0.122372
v 0.007699 1.709022 0.113304
v 0.006177 1.712190 0.125374
v 0.000026 1.711691 0.126971
v 0.000026 1.705531 0.125259
v 0.000026 1.700430 0.118586
v 0.004035 1.701108 0.117580
v 0.006820 1.693618 0.107021
v 0.007040 1.698078 0.109461
v 0.009615 1.698979 0.107181
v 0.000026 1.718575 0.124027
v -0.003742 1.694091 0.106383
v -0.001970 1.690972 0.106281
v -0.006816 1.693618 0.107021
v -0.004780 1.706510 0.124476
v -0.008580 1.707594 0.121693
v -0.006457 1.703638 0.116299
v 0.000025 1.722308 0.120448
v 0.000019 1.726391 0.115604
v -0.013236 1.702609 0.109209
v -0.016243 1.704235 0.107860
v -0.012650 1.699501 0.105933
v -0.016540 1.700173 0.103525
v -0.016377 1.699821 0.102542
v -0.012480 1.699055 0.104826
v -0.004013 1.696675 0.110261
v -0.004190 1.698088 0.112384
v -0.018895 1.704502 0.100347
v -0.019624 1.709000 0.100137
v -0.018446 1.703767 0.099408
v -0.019834 1.711426 0.098871
v -0.018854 1.713185 0.101977
v -0.017583 1.708164 0.104684
v -0.016819 1.717886 0.100142
v -0.019956 1.710610 0.099098
v -0.017856 1.716411 0.099860
v -0.013831 1.707179 0.113354
v -0.010883 1.705343 0.114063
v -0.005828 1.722154 0.119331
v -0.006898 1.726719 0.114038
v -0.005665 1.718812 0.122804
v -0.011835 1.723095 0.110907
v -0.011655 1.726161 0.108699
v -0.015491 1.720955 0.106615
v -0.015226 1.723078 0.105044
v -0.008938 1.705934 0.115253
v -0.011523 1.708349 0.116786
v -0.012867 1.719621 0.113577
v -0.015516 1.717494 0.108194
v -0.008507 1.723040 0.117349
v -0.009680 1.719154 0.120002
v -0.010112 1.706342 0.107761
v -0.009665 1.700185 0.108576
v -0.009413 1.708134 0.110359
v -0.006916 1.700098 0.110299
v -0.010032 1.713075 0.122412
v -0.012806 1.714027 0.116713
v -0.007749 1.709009 0.113374
v -0.006140 1.712187 0.125384
v -0.003998 1.701106 0.117591
v -0.007066 1.698066 0.109508
v -0.009660 1.698965 0.107240
v -0.014747 1.712140 0.111445
v -0.007749 1.709009 0.113374
v -0.006114 1.729324 0.110961
v -0.000113 1.733959 0.107523
v -0.005486 1.733982 0.107035
v -0.000061 1.729285 0.111773
v 0.006025 1.729331 0.110939
v 0.005241 1.733987 0.107024
v 0.010731 1.729488 0.104991
v 0.009126 1.733264 0.102629
v 0.004513 1.740849 0.102594
v 0.008205 1.739869 0.099193
v 0.004333 1.746781 0.099732
v -0.000184 1.741722 0.103376
v -0.000184 1.747166 0.101311
v -0.010880 1.729470 0.105056
v -0.009377 1.733252 0.102659
v -0.004881 1.740849 0.102594
v -0.004701 1.746781 0.099732
v -0.008547 1.739866 0.099198
v -0.031951 1.677087 0.092958
v -0.030203 1.684476 0.094745
v -0.034544 1.678122 0.091736
v -0.027090 1.678123 0.095691
v -0.026503 1.676558 0.095487
v -0.019119 1.682461 0.102306
v -0.018667 1.681426 0.102511
v -0.005701 1.677042 0.103762
v -0.011515 1.676840 0.101891
v -0.006354 1.675687 0.095212
v -0.025363 1.674008 0.087362
v -0.022941 1.675271 0.088903
v -0.026272 1.675827 0.091598
v -0.024732 1.675458 0.094519
v -0.029759 1.676272 0.093033
v -0.028207 1.675548 0.092495
v -0.005516 1.686459 0.109182
v -0.005851 1.687689 0.108612
v -0.012467 1.684326 0.106780
v -0.012721 1.685596 0.106341
v -0.036359 1.678259 0.090592
v -0.038706 1.689218 0.092956
v -0.033739 1.686859 0.093858
v -0.006429 1.678328 0.091741
v 0.000000 1.678132 0.092714
v -0.006354 1.675687 0.095212
v 0.000000 1.675050 0.096625
v -0.015460 1.677694 0.089568
v -0.015500 1.675125 0.092782
v -0.024786 1.675449 0.085772
v -0.022543 1.676928 0.086677
v -0.025363 1.674008 0.087362
v -0.022941 1.675271 0.088903
v -0.022971 1.691184 0.098465
v -0.020138 1.685745 0.100868
v -0.015697 1.692555 0.102439
v -0.013385 1.688418 0.104568
v -0.028371 1.680468 0.095546
v -0.006404 1.690092 0.107203
v -0.010884 1.692948 0.105199
v -0.012633 1.697343 0.104199
v -0.017415 1.698141 0.101363
v -0.027040 1.675355 0.092058
v -0.025549 1.676043 0.095146
v -0.017760 1.678012 0.101003
v -0.012255 1.679882 0.105450
v -0.005989 1.681263 0.107814
v -0.016765 1.676516 0.098988
v -0.015500 1.675125 0.092782
v -0.003725 1.753020 0.101290
v -0.067230 1.742636 0.062788
v -0.063071 1.743466 0.070525
v -0.065361 1.750286 0.066898
v -0.061669 1.747986 0.073658
v -0.020695 1.701086 0.098918
v -0.027830 1.694753 0.095952
v -0.000135 1.752446 0.101846
v -0.072803 1.743798 0.047561
v -0.072095 1.754218 0.048839
v 0.014205 1.726067 0.102101
v 0.015138 1.725087 0.102885
v 0.017361 1.717892 0.101086
v 0.012603 1.730024 0.099698
v 0.015200 1.724270 0.097440
v 0.016293 1.719527 0.100135
v 0.011655 1.735317 0.097365
v 0.014584 1.727683 0.096509
v 0.011409 1.737772 0.096819
v 0.006404 1.690093 0.107342
v 0.012720 1.685596 0.106744
v 0.013383 1.688418 0.104971
v 0.005700 1.677043 0.103901
v 0.006350 1.675688 0.095351
v 0.011510 1.676840 0.102295
v 0.005851 1.687690 0.108751
v 0.012467 1.684327 0.107183
v 0.005517 1.686460 0.109321
v 0.018661 1.681425 0.103029
v 0.019113 1.682460 0.102822
v 0.006350 1.675688 0.095351
v 0.006425 1.678329 0.091880
v 0.015483 1.675125 0.093303
v 0.015441 1.677694 0.090089
v 0.022963 1.691182 0.098946
v 0.015694 1.692555 0.102842
v 0.020131 1.685744 0.101384
v 0.010886 1.692949 0.105337
v 0.012582 1.697362 0.104338
v 0.017373 1.698157 0.101503
v 0.000000 1.675050 0.096625
v 0.012253 1.679883 0.105854
v 0.017752 1.678011 0.101521
v 0.005989 1.681264 0.107953
v 0.016755 1.676515 0.099507
v 0.015483 1.675125 0.093303
v -0.017409 1.717875 0.101141
v -0.023081 1.713880 0.098643
v -0.021100 1.711280 0.099252
v -0.026684 1.703738 0.098151
v -0.030018 1.705802 0.097775
v -0.015219 1.725071 0.102972
v -0.033997 1.711864 0.096314
v -0.024805 1.718068 0.097293
v -0.033251 1.696055 0.096020
v -0.011696 1.737772 0.096819
v -0.014903 1.731874 0.095352
v -0.011934 1.735314 0.097370
v -0.014655 1.727681 0.096513
v -0.012828 1.730051 0.099711
v -0.015266 1.724261 0.097460
v -0.014336 1.726049 0.102159
v -0.016570 1.719513 0.100165
v -0.035837 1.716777 0.094953
v -0.025446 1.722274 0.096191
v -0.035687 1.723159 0.092751
v -0.025576 1.726421 0.094355
v 0.026494 1.676557 0.095694
v 0.027081 1.678122 0.095898
v 0.025355 1.674008 0.087426
v 0.026265 1.675827 0.091662
v 0.022930 1.675270 0.089111
v 0.024723 1.675457 0.094727
v 0.028200 1.675548 0.092560
v 0.029752 1.676272 0.093097
v 0.039762 1.678132 0.089037
v 0.038705 1.689218 0.092987
v 0.036355 1.678259 0.090622
v 0.033736 1.686859 0.093923
v 0.022930 1.675270 0.089111
v 0.022530 1.676927 0.086886
v 0.025355 1.674008 0.087426
v 0.024778 1.675449 0.085836
v 0.035484 1.670969 0.089381
v 0.033295 1.665049 0.089448
v 0.039080 1.668307 0.086269
v 0.028772 1.659539 0.091765
v 0.029353 1.668917 0.093278
v 0.030194 1.684474 0.094950
v 0.028363 1.680467 0.095752
v 0.034537 1.678122 0.091800
v 0.031944 1.677087 0.093022
v 0.025539 1.676042 0.095353
v 0.027033 1.675355 0.092122
v -0.056774 1.737149 0.080636
v -0.056256 1.743163 0.079754
v -0.058534 1.740769 0.077767
v -0.051945 1.745324 0.081950
v -0.052542 1.746685 0.081458
v -0.054143 1.744188 0.080970
v -0.054566 1.745998 0.080450
v -0.051237 1.746778 0.081311
v -0.050490 1.745172 0.081595
v -0.056965 1.747811 0.080018
v -0.059098 1.748205 0.077494
v -0.058118 1.745369 0.077709
v -0.060603 1.744622 0.074143
v -0.056215 1.746050 0.079387
v -0.021238 1.744410 0.084699
v -0.021711 1.746305 0.083634
v -0.021494 1.744625 0.083400
v -0.016479 1.739236 0.092136
v -0.024961 1.735013 0.091026
v -0.015692 1.735676 0.094183
v -0.025300 1.730755 0.092538
v -0.036579 1.749852 0.069420
v -0.009351 1.745366 0.097952
v -0.010173 1.749611 0.099061
v -0.061506 1.737904 0.074882
v -0.035837 1.731248 0.090868
v -0.035819 1.727636 0.091452
v -0.060040 1.733519 0.078973
v -0.055219 1.730057 0.084043
v -0.048183 1.727679 0.088743
v -0.052822 1.734152 0.084974
v -0.046889 1.732081 0.088713
v -0.011709 1.742153 0.096097
v -0.012283 1.747136 0.093919
v -0.046113 1.736612 0.088895
v -0.036029 1.735288 0.090652
v -0.049986 1.744104 0.082972
v -0.026345 1.742473 0.087635
v -0.051028 1.744254 0.083948
v -0.026004 1.742257 0.088780
v -0.020434 1.744400 0.085687
v -0.051361 1.738290 0.085491
v -0.025264 1.738643 0.090022
v -0.034304 1.740204 0.090386
v -0.034192 1.740654 0.089101
v -0.038797 1.739691 0.090626
v -0.038695 1.740581 0.088997
v -0.054674 1.740993 0.081674
v -0.036149 1.738380 0.090590
v -0.052964 1.742878 0.082824
v -0.045359 1.739069 0.089186
v -0.049995 1.740444 0.086150
v -0.025447 1.741081 0.089452
v -0.049680 1.742423 0.086128
v -0.048826 1.742620 0.085080
v -0.019310 1.743716 0.087517
v -0.017754 1.742866 0.089555
v -0.044616 1.740864 0.089306
v -0.044208 1.741229 0.087666
v -0.050563 1.719923 0.089703
v -0.058954 1.722520 0.082622
v -0.077585 1.711307 0.023612
v -0.077696 1.732062 0.024990
v -0.077370 1.695172 0.024576
v -0.075035 1.680845 0.025630
v -0.063546 1.728557 0.075766
v -0.065119 1.733859 0.070967
v -0.073411 1.710195 0.047700
v -0.072375 1.691713 0.041664
v -0.072936 1.728539 0.047425
v -0.063727 1.671328 0.051485
v -0.057163 1.667204 0.063684
v -0.044412 1.666306 0.082275
v -0.049584 1.665831 0.073529
v -0.045469 1.677891 0.084905
v -0.043331 1.690848 0.092412
v -0.052642 1.709787 0.090653
v -0.037245 1.697858 0.095672
v -0.044841 1.703282 0.094063
v -0.050774 1.694262 0.088016
v -0.065693 1.686689 0.056463
v -0.058914 1.682651 0.069623
v -0.065577 1.703142 0.067155
v -0.057966 1.698001 0.080664
v -0.068791 1.731720 0.064068
v -0.066855 1.722492 0.069464
v -0.052056 1.679309 0.079243
v -0.070407 1.676504 0.037988
v -0.063024 1.713494 0.076831
v 0.028465 1.675085 0.092145
v 0.029772 1.675154 0.092248
v 0.028660 1.674043 0.092480
v 0.027509 1.674736 0.092169
v 0.023098 1.670566 0.096738
v 0.022665 1.669089 0.096759
v 0.026410 1.675698 0.091156
v 0.025896 1.672407 0.087611
v 0.025932 1.675941 0.091160
v 0.025972 1.671491 0.088418
v 0.025972 1.671491 0.088418
v 0.025896 1.672407 0.087611
v 0.021561 1.672443 0.091373
v 0.032721 1.674122 0.091451
v 0.020589 1.661682 0.096747
v 0.034772 1.674146 0.090801
v 0.021561 1.672443 0.091373
v 0.022016 1.675811 0.095113
v 0.026526 1.674933 0.092238
v 0.022997 1.674414 0.095961
v 0.027356 1.675126 0.092010
v 0.025355 1.674008 0.087426
v 0.000000 1.684087 0.080770
v -0.006727 1.684827 0.079910
v 0.000000 1.679627 0.084621
v 0.000000 1.674157 0.085365
v 0.009392 1.675137 0.083730
v 0.009122 1.680747 0.083384
v 0.006727 1.684827 0.079910
v -0.009122 1.680747 0.083384
v -0.009392 1.675137 0.083730
v 0.008858 1.658619 0.099194
v 0.008430 1.665001 0.104643
v -0.000152 1.657978 0.100820
v 0.008232 1.666745 0.105384
v -0.000168 1.664780 0.105505
v -0.000168 1.666790 0.106134
v 0.018736 1.666895 0.100582
v 0.018569 1.668490 0.101097
v 0.014635 1.674010 0.094064
v 0.004512 1.674871 0.095769
v 0.016583 1.675854 0.098685
v 0.014635 1.674010 0.094064
v 0.006214 1.676557 0.102657
v 0.004512 1.674871 0.095769
v 0.000000 1.674484 0.095904
v 0.000000 1.676313 0.103417
v 0.007552 1.671602 0.104921
v 0.000000 1.671867 0.105538
v 0.017984 1.672708 0.100879
v 0.000000 1.674484 0.095904
v -0.008858 1.658619 0.099668
v 0.000000 1.656007 0.063406
v 0.000000 1.670247 0.057781
v -0.016262 1.656387 0.057328
v 0.018962 1.672872 0.038649
v 0.018163 1.679748 0.053962
v 0.012099 1.673397 0.052567
v 0.011989 1.677338 0.056967
v 0.018108 1.685368 0.053970
v 0.019233 1.680172 0.033987
v 0.013336 1.689618 0.053145
v 0.014043 1.681402 0.032628
v 0.000000 1.689858 0.051158
v 0.000000 1.682042 0.031711
v 0.000000 1.670247 0.057781
v 0.000000 1.675028 0.058222
v 0.011989 1.677338 0.056967
v 0.016974 1.678797 0.065884
v 0.016205 1.683687 0.067743
v 0.016262 1.656387 0.057328
v 0.000000 1.656007 0.063406
v 0.000000 1.674157 0.085365
v 0.000000 1.687177 0.065571
v 0.010750 1.687797 0.066595
v 0.023475 1.676120 0.029560
v 0.000000 1.682170 0.027037
v 0.022265 1.661705 0.031152
v -0.011989 1.677338 0.056967
v -0.018163 1.679748 0.053962
v -0.012099 1.673397 0.052567
v -0.018962 1.672872 0.038649
v -0.019233 1.680172 0.033987
v -0.018108 1.685368 0.053970
v -0.014043 1.681402 0.032628
v -0.013336 1.689618 0.053145
v 0.000000 1.675028 0.058222
v -0.011989 1.677338 0.056967
v -0.016974 1.678797 0.065884
v -0.016205 1.683687 0.067743
v -0.010750 1.687797 0.066595
v -0.023475 1.676120 0.029560
v -0.022265 1.661705 0.031152
v -0.066373 1.817730 0.055258
v -0.061984 1.803450 0.070626
v -0.053564 1.825520 0.068825
v 0.066373 1.817730 0.055258
v 0.061984 1.803450 0.070626
v 0.073981 1.794360 0.047841
v 0.037513 1.832480 0.076145
v 0.023812 1.834600 0.080002
v 0.034679 1.813970 0.088051
v 0.021655 1.814980 0.091997
v 0.009237 1.815300 0.094423
v 0.010856 1.836190 0.082092
v 0.000000 1.836620 0.083211
v 0.000000 1.815340 0.095387
v 0.053564 1.825520 0.068825
v 0.050558 1.810070 0.082102
v 0.077013 1.775420 0.037793
v -0.073981 1.794360 0.047841
v -0.021655 1.814980 0.091997
v -0.023812 1.834600 0.080002
v -0.034679 1.813970 0.088051
v -0.037513 1.832480 0.076145
v -0.009237 1.815300 0.094423
v -0.010856 1.836190 0.082092
v -0.050558 1.810070 0.082102
v -0.077013 1.775420 0.037793
v 0.057978 1.698001 0.080664
v 0.052650 1.709787 0.090653
v 0.050783 1.694262 0.088016
v 0.073423 1.710195 0.047700
v 0.003452 1.753020 0.101290
v -0.000034 1.759027 0.105404
v 0.067230 1.742636 0.062788
v 0.065361 1.750286 0.066898
v 0.063071 1.743466 0.070525
v 0.061669 1.747986 0.073658
v 0.072940 1.728539 0.047425
v 0.072803 1.743798 0.047561
v 0.021070 1.711293 0.099216
v 0.020655 1.701101 0.098871
v 0.026666 1.703748 0.098128
v 0.030009 1.705807 0.097763
v 0.023062 1.713889 0.098620
v 0.033992 1.711866 0.096309
v 0.024796 1.718074 0.097281
v 0.043336 1.690848 0.092412
v 0.033249 1.696055 0.096085
v 0.027826 1.694752 0.096153
v 0.050565 1.719923 0.089703
v 0.035837 1.716777 0.094953
v 0.035687 1.723159 0.092751
v 0.014836 1.731874 0.095352
v 0.025444 1.722275 0.096188
v 0.025576 1.726421 0.094355
v 0.037247 1.697858 0.095672
v 0.044846 1.703282 0.094063
v 0.065589 1.703142 0.067155
v 0.066859 1.722492 0.069464
v 0.068793 1.731720 0.064068
v 0.065119 1.733859 0.070967
v 0.063548 1.728557 0.075766
v 0.072095 1.754218 0.048839
v 0.063032 1.713494 0.076831
v 0.058956 1.722520 0.082622
v -0.024659 1.750640 0.087227
v -0.049108 1.752546 0.087933
v -0.052633 1.747657 0.082894
v -0.048299 1.751412 0.086739
v -0.051424 1.747535 0.082368
v -0.054105 1.747800 0.082161
v -0.049881 1.753285 0.087644
v -0.029783 1.756384 0.091444
v -0.029789 1.755047 0.091464
v -0.022689 1.752139 0.089607
v -0.023716 1.751736 0.088725
v -0.019102 1.747190 0.087480
v -0.017036 1.747263 0.089939
v -0.050662 1.753714 0.087276
v -0.055331 1.747837 0.081064
v -0.021635 1.746783 0.085273
v -0.020438 1.747113 0.086267
v -0.029982 1.753550 0.090179
v -0.029936 1.757232 0.092351
v -0.021808 1.753173 0.091982
v -0.037112 1.755637 0.092234
v -0.037487 1.756892 0.091874
v -0.036887 1.754164 0.091011
v -0.040695 1.757265 0.091938
v -0.042869 1.753576 0.089647
v -0.042980 1.755019 0.091122
v -0.042803 1.756144 0.091028
v -0.018744 1.666896 0.100582
v -0.018576 1.668491 0.101097
v -0.022673 1.669091 0.096760
v -0.008233 1.666745 0.105384
v -0.008434 1.665002 0.104643
v -0.027516 1.674737 0.092170
v -0.028470 1.675085 0.092146
v -0.028667 1.674044 0.092481
v -0.029777 1.675154 0.092249
v -0.023106 1.670568 0.096739
v -0.026416 1.675698 0.091157
v -0.025940 1.675942 0.091161
v -0.025901 1.672407 0.087612
v -0.025979 1.671492 0.088419
v -0.025979 1.671492 0.088419
v -0.025901 1.672407 0.087612
v -0.021570 1.672445 0.091374
v -0.014643 1.674011 0.094065
v -0.004513 1.674871 0.095769
v -0.032727 1.674122 0.091452
v -0.020593 1.661683 0.096747
v -0.034777 1.674146 0.090802
v -0.022024 1.675812 0.095114
v -0.021570 1.672445 0.091374
v -0.014643 1.674011 0.094065
v -0.016590 1.675856 0.098686
v -0.004513 1.674871 0.095769
v -0.006215 1.676557 0.102657
v -0.007386 1.671602 0.104921
v -0.017991 1.672709 0.100880
v -0.023005 1.674415 0.095961
v -0.026533 1.674934 0.092239
v -0.027361 1.675126 0.092011
v -0.025363 1.674008 0.087362
v 0.048186 1.727679 0.088743
v 0.052835 1.734152 0.084974
v 0.046903 1.732081 0.088713
v 0.060043 1.733519 0.078973
v 0.061509 1.737904 0.074882
v 0.052650 1.746767 0.081458
v 0.054169 1.744188 0.080970
v 0.054591 1.745998 0.080450
v 0.060606 1.744622 0.074143
v 0.059101 1.748205 0.077494
v 0.058132 1.745369 0.077709
v 0.056979 1.747811 0.080018
v 0.056278 1.743163 0.079754
v 0.056237 1.746050 0.079387
v 0.021737 1.746305 0.083634
v 0.021264 1.744410 0.084699
v 0.021520 1.744625 0.083400
v 0.025304 1.730755 0.092538
v 0.024974 1.735013 0.091026
v 0.015695 1.735676 0.094183
v 0.016492 1.739236 0.092136
v 0.036605 1.749852 0.069420
v 0.010042 1.749611 0.099061
v 0.009051 1.745366 0.097952
v 0.056787 1.737149 0.080636
v 0.058547 1.740769 0.077767
v 0.050598 1.745172 0.081595
v 0.051345 1.746778 0.080637
v 0.035822 1.727636 0.091452
v 0.035850 1.731248 0.090868
v 0.055222 1.730057 0.084043
v 0.011472 1.742153 0.096097
v 0.012199 1.747136 0.093919
v -0.032040 1.798997 0.095806
v -0.019032 1.798263 0.099385
v -0.016393 1.750050 0.095070
v -0.021380 1.754156 0.095121
v -0.029737 1.757224 0.095194
v -0.008206 1.797058 0.101470
v 0.000000 1.796094 0.102204
v 0.029809 1.756384 0.091444
v 0.037138 1.755637 0.092234
v 0.037512 1.756892 0.091874
v 0.049134 1.752546 0.087933
v 0.048325 1.751412 0.086739
v 0.052659 1.747657 0.082812
v 0.051450 1.747535 0.082368
v 0.049907 1.753285 0.087644
v 0.054130 1.747800 0.082161
v 0.023742 1.751736 0.088725
v 0.029815 1.755047 0.091464
v 0.022715 1.752139 0.089607
v 0.019335 1.743716 0.087517
v 0.019128 1.747190 0.087480
v 0.017776 1.742866 0.089555
v 0.017057 1.747263 0.089939
v 0.050683 1.753714 0.087276
v 0.055353 1.747837 0.081064
v 0.052006 1.745324 0.082003
v 0.021661 1.746783 0.085273
v 0.020460 1.744400 0.085687
v 0.020464 1.747113 0.086267
v 0.024685 1.750640 0.087227
v 0.030008 1.753550 0.090179
v 0.021830 1.753173 0.091982
v 0.029957 1.757232 0.092351
v 0.036913 1.754164 0.091011
v 0.040716 1.757265 0.091938
v 0.042895 1.753576 0.089647
v 0.043006 1.755019 0.091122
v 0.042828 1.756144 0.091028
v 0.016406 1.750050 0.095070
v 0.021389 1.754156 0.095121
v 0.029746 1.757224 0.095194
v 0.008206 1.797058 0.101470
v 0.019032 1.798263 0.099385
v 0.032040 1.798997 0.095806
v -0.041662 1.759798 0.096373
v -0.056762 1.760047 0.087676
v -0.054170 1.755512 0.087131
v -0.031879 1.785289 0.099354
v -0.070050 1.788275 0.059311
v -0.060052 1.795944 0.076782
v -0.057821 1.765415 0.087598
v -0.041031 1.757562 0.093361
v -0.030232 1.760066 0.099122
v -0.051943 1.753805 0.087017
v -0.064608 1.778213 0.071594
v -0.058537 1.782295 0.081900
v -0.044126 1.769915 0.099734
v -0.043046 1.764137 0.098694
v -0.071957 1.771155 0.051249
v -0.065594 1.769212 0.068422
v -0.058214 1.774495 0.084292
v -0.044793 1.784095 0.094390
v -0.044330 1.775935 0.097648
v -0.047025 1.798592 0.089383
v 0.034330 1.740204 0.090386
v 0.025472 1.741081 0.089452
v 0.036174 1.738380 0.090590
v 0.050094 1.744104 0.082972
v 0.026371 1.742473 0.087635
v 0.051136 1.744254 0.083948
v 0.026031 1.742257 0.088780
v 0.051383 1.738290 0.085491
v 0.046133 1.736612 0.088895
v 0.025285 1.738643 0.090022
v 0.036049 1.735288 0.090652
v 0.038721 1.740581 0.088997
v 0.034218 1.740654 0.089101
v 0.038823 1.739691 0.090626
v 0.054695 1.740993 0.081674
v 0.052989 1.742878 0.082824
v 0.050021 1.740444 0.086150
v 0.045384 1.739069 0.089186
v 0.049706 1.742423 0.086128
v 0.048852 1.742620 0.085080
v 0.044642 1.740864 0.089306
v 0.044234 1.741229 0.087666
v 0.058214 1.774495 0.084292
v 0.044793 1.784095 0.094390
v 0.044330 1.775935 0.097648
v 0.031879 1.785289 0.099354
v 0.060052 1.795944 0.076782
v 0.070050 1.788275 0.059311
v 0.054173 1.755512 0.087131
v 0.056762 1.760047 0.087676
v 0.057821 1.765415 0.087598
v 0.041041 1.757562 0.093361
v 0.041665 1.759798 0.096373
v 0.030235 1.760066 0.099122
v 0.051953 1.753805 0.087017
v 0.058537 1.782295 0.081900
v 0.064608 1.778213 0.071594
v 0.043046 1.764137 0.098694
v 0.044126 1.769915 0.099734
v 0.071957 1.771155 0.051249
v 0.065594 1.769212 0.068422
v 0.047025 1.798592 0.089383
v -0.003637 1.759506 0.105332
v 0.003566 1.759506 0.105332
v 0.004265 1.769555 0.106531
v -0.000005 1.769734 0.106413
v -0.000001 1.780920 0.104650
v -0.004275 1.769555 0.106531
v 0.007869 1.781082 0.104685
v 0.012011 1.773887 0.105482
v 0.019120 1.785310 0.103053
v 0.021225 1.758647 0.100201
v 0.021672 1.764155 0.104141
v 0.030996 1.764955 0.102673
v 0.014538 1.762085 0.105143
v 0.013701 1.757072 0.101364
v 0.031789 1.776905 0.101683
v 0.031940 1.770525 0.104013
v 0.007657 1.769446 0.106518
v 0.006443 1.761226 0.105403
v 0.010141 1.758065 0.104051
v 0.006553 1.753278 0.101135
v 0.009974 1.761805 0.105768
v 0.013971 1.769015 0.106315
v 0.021627 1.770515 0.105779
v 0.010222 1.767155 0.106596
v 0.020853 1.776825 0.104647
v -0.019120 1.785310 0.103053
v -0.020853 1.776825 0.104647
v -0.030996 1.764955 0.102673
v -0.021672 1.764155 0.104141
v -0.021222 1.758647 0.100201
v -0.014538 1.762085 0.105143
v -0.013698 1.757072 0.101364
v -0.031940 1.770525 0.104013
v -0.031789 1.776905 0.101683
v -0.006498 1.761226 0.105403
v -0.007667 1.769446 0.106518
v -0.010141 1.758065 0.104051
v -0.006769 1.753273 0.101177
v -0.009974 1.761805 0.105768
v -0.007869 1.781082 0.104685
v -0.013971 1.769015 0.106315
v -0.021627 1.770515 0.105779
v -0.010222 1.767155 0.106596
v -0.012015 1.773887 0.105482
v 0.022087 1.676819 0.089858
v 0.029895 1.679389 0.080192
v 0.022087 1.691079 0.089856
v 0.029895 1.691599 0.080190
v 0.011607 1.677149 0.094808
v 0.012115 1.691369 0.094806
v 0.000000 1.677059 0.095727
v 0.000000 1.691239 0.095725
v 0.000000 1.676409 0.092503
v 0.011085 1.676439 0.092204
v 0.020371 1.676129 0.087440
v 0.026710 1.677929 0.080193
v 0.032993 1.679009 0.056208
v 0.032949 1.691259 0.056369
v 0.029809 1.678059 0.056904
v -0.022087 1.676819 0.089858
v -0.022087 1.691079 0.089856
v -0.029895 1.679389 0.080192
v -0.029895 1.691599 0.080190
v -0.012115 1.691369 0.094806
v -0.011607 1.677149 0.094808
v 0.000000 1.677059 0.095727
v 0.000000 1.691239 0.095725
v 0.000000 1.676409 0.092503
v -0.011085 1.676439 0.092204
v -0.020371 1.676129 0.087440
v -0.026710 1.677929 0.080193
v -0.032949 1.691259 0.056369
v -0.032993 1.679009 0.056208
v -0.029809 1.678059 0.056904
v 0.022087 1.676837 0.087997
v 0.022087 1.662587 0.087998
v 0.029894 1.674457 0.078331
v 0.029894 1.662057 0.078332
v 0.012115 1.662297 0.092948
v 0.011607 1.676507 0.092947
v 0.000000 1.676607 0.093865
v 0.000000 1.662417 0.093867
v 0.000000 1.677257 0.090641
v 0.011085 1.677227 0.090342
v 0.020371 1.677527 0.085579
v 0.026710 1.675907 0.078332
v 0.032949 1.662397 0.054511
v 0.032993 1.674827 0.054347
v 0.029809 1.675777 0.055043
v -0.022087 1.676837 0.087997
v -0.029895 1.674457 0.078331
v -0.022087 1.662587 0.087998
v -0.029895 1.662057 0.078332
v -0.011607 1.676507 0.092947
v -0.012115 1.662297 0.092948
v 0.000000 1.676607 0.093865
v 0.000000 1.662417 0.093867
v 0.000000 1.677257 0.090641
v -0.011085 1.677227 0.090342
v -0.020371 1.677527 0.085579
v -0.026710 1.675907 0.078332
v -0.032993 1.674827 0.054347
v -0.032949 1.662397 0.054511
v -0.029809 1.675777 0.055043
v 0.021568 1.746953 0.089886
v 0.022682 1.750628 0.092396
v 0.024685 1.750640 0.087226
v 0.030007 1.753550 0.090177
v 0.027420 1.755404 0.095382
v 0.032069 1.757288 0.096558
v 0.036913 1.754164 0.091011
v 0.036967 1.757574 0.096938
v 0.042084 1.757174 0.096275
v 0.024462 1.753061 0.094002
v 0.048325 1.751412 0.086739
v 0.052711 1.752166 0.090101
v 0.054474 1.749998 0.087501
v 0.049706 1.754614 0.093012
v 0.042895 1.753576 0.089647
v 0.045922 1.755984 0.094843
v 0.021661 1.746783 0.085273
v 0.051450 1.747535 0.082368
v 0.054474 1.749998 0.087501
v 0.055972 1.746828 0.084021
v 0.051450 1.747535 0.082368
v 0.021568 1.746953 0.089886
v 0.024685 1.750640 0.087226
v 0.022682 1.750628 0.092396
v 0.030007 1.753550 0.090177
v 0.032069 1.757288 0.096558
v 0.027420 1.755404 0.095382
v 0.036913 1.754164 0.091011
v 0.042084 1.757174 0.096275
v 0.036967 1.757574 0.096938
v 0.024462 1.753061 0.094002
v 0.048325 1.751412 0.086739
v 0.054474 1.749998 0.087501
v 0.052711 1.752166 0.090101
v 0.051450 1.747535 0.082368
v 0.055972 1.746828 0.084021
v 0.054474 1.749998 0.087501
v 0.049706 1.754614 0.093012
v 0.045922 1.755984 0.094843
v 0.042895 1.753576 0.089647
v 0.021661 1.746783 0.085273
v 0.051450 1.747535 0.082368
v -0.021237 1.747483 0.089580
v -0.024658 1.750905 0.087226
v -0.022656 1.750893 0.092396
v -0.029981 1.753550 0.090177
v -0.032043 1.757288 0.096558
v -0.027394 1.755404 0.095077
v -0.036887 1.754164 0.091011
v -0.042058 1.757174 0.096275
v -0.036941 1.757574 0.096938
v -0.024436 1.753327 0.094002
v -0.048299 1.751412 0.086739
v -0.054448 1.749998 0.087501
v -0.052685 1.752166 0.090101
v -0.051424 1.747535 0.082368
v -0.055946 1.746828 0.084021
v -0.054448 1.749998 0.087501
v -0.049679 1.754614 0.093012
v -0.045896 1.755984 0.094843
v -0.042869 1.753576 0.089647
v -0.021635 1.747579 0.085273
v -0.051424 1.747535 0.082368
v -0.021237 1.747483 0.089580
v -0.022656 1.750893 0.092396
v -0.024658 1.750905 0.087226
v -0.029981 1.753550 0.090177
v -0.027394 1.755404 0.095077
v -0.032043 1.757288 0.096558
v -0.036887 1.754164 0.091011
v -0.036941 1.757574 0.096938
v -0.042058 1.757174 0.096275
v -0.024436 1.753327 0.094002
v -0.048299 1.751412 0.086739
v -0.052685 1.752166 0.090101
v -0.054448 1.749998 0.087501
v -0.049679 1.754614 0.093012
v -0.042869 1.753576 0.089647
v -0.045896 1.755984 0.094843
v -0.021635 1.747579 0.085273
v -0.051424 1.747535 0.082368
v -0.054448 1.749998 0.087501
v -0.055946 1.746828 0.084021
v -0.051424 1.747535 0.082368
v -0.067987 0.064951 -0.017960
v -0.068715 0.060393 0.004154
v -0.065416 0.064791 -0.017714
v -0.081475 0.083430 0.040454
v -0.069049 0.074715 0.019709
v -0.078678 0.104099 0.017216
v -0.067746 0.097977 -0.009933
v -0.104980 0.084898 0.044519
v -0.105481 0.105917 0.024185
v -0.067746 0.097977 -0.009933
v -0.069049 0.074715 0.019709
v -0.067987 0.064951 -0.017960
v -0.068715 0.060393 0.004154
v -0.084396 0.079324 -0.062765
v -0.085649 0.095471 -0.059488
v -0.071326 0.069401 -0.035878
v -0.125585 0.096592 0.010556
v -0.127149 0.074177 0.027666
v -0.126399 0.089698 -0.027754
v -0.129891 0.067657 -0.023066
v -0.069218 0.068787 0.030137
v -0.069218 0.068787 0.030137
v -0.117474 0.079188 -0.061597
v -0.116854 0.092796 -0.057523
v -0.101144 0.083496 -0.072227
v -0.101797 0.096503 -0.069875
v -0.129891 0.067657 -0.023066
v -0.126399 0.089698 -0.027754
v -0.084396 0.079324 -0.062765
v -0.071326 0.069401 -0.035878
v -0.082800 0.079654 -0.063538
v -0.068903 0.070004 -0.036340
v -0.118708 0.079303 -0.062923
v -0.117474 0.079188 -0.061597
v -0.101697 0.083779 -0.073540
v -0.101144 0.083496 -0.072227
v -0.129891 0.067657 -0.023066
v -0.132848 0.068020 -0.023822
v -0.101697 0.083779 -0.073540
v -0.101144 0.083496 -0.072227
v -0.065791 0.060198 0.004580
v -0.081475 0.083430 0.040454
v -0.104980 0.084898 0.044519
v -0.080378 0.088392 0.040491
v -0.105337 0.092749 0.043248
v -0.069218 0.068787 0.030137
v -0.067368 0.070104 0.030012
v -0.100360 0.000000 -0.079195
v -0.081677 0.000000 -0.071235
v -0.117686 0.000000 -0.073088
v -0.073326 0.000000 -0.052508
v -0.127611 0.000000 -0.054309
v -0.068903 0.070004 -0.036340
v -0.067756 0.061515 -0.041416
v -0.082800 0.079654 -0.063538
v -0.080504 0.070516 -0.066607
v -0.079764 0.041034 -0.073417
v -0.071164 0.022699 -0.053846
v -0.079810 0.023639 -0.074061
v -0.101697 0.083779 -0.073540
v -0.100692 0.074632 -0.076912
v -0.118708 0.079303 -0.062923
v -0.120729 0.070091 -0.067208
v -0.132848 0.068020 -0.023822
v -0.134200 0.052605 -0.039505
v -0.121421 0.042030 -0.074545
v -0.121726 0.023279 -0.075937
v -0.131784 0.022694 -0.056175
v -0.100391 0.044611 -0.083691
v -0.100377 0.023707 -0.082504
v -0.100692 0.074632 -0.076912
v -0.101697 0.083779 -0.073540
v -0.100391 0.044611 -0.083691
v -0.100377 0.023707 -0.082504
v -0.100360 0.000000 -0.079195
v -0.117686 0.000000 -0.073088
v -0.100377 0.023707 -0.082504
v -0.121726 0.023279 -0.075937
v -0.131784 0.022694 -0.056175
v -0.127611 0.000000 -0.054309
v -0.081677 0.000000 -0.071235
v -0.079810 0.023639 -0.074061
v -0.073326 0.000000 -0.052508
v -0.071164 0.022699 -0.053846
v -0.065416 0.064791 -0.017714
v -0.065791 0.060198 0.004580
v -0.064941 0.045919 -0.003506
v -0.129629 0.118062 -0.031641
v -0.063073 0.122893 -0.015719
v -0.060087 0.185976 -0.018122
v -0.075885 0.124356 0.007641
v -0.083288 0.186196 0.014186
v -0.104533 0.125069 0.016724
v -0.107167 0.185770 0.011058
v -0.085812 0.121121 -0.060834
v -0.084141 0.182351 -0.065903
v -0.063073 0.122893 -0.015719
v -0.060087 0.185976 -0.018122
v -0.101835 0.181758 -0.067006
v -0.101506 0.120611 -0.069865
v -0.113900 0.183583 -0.056587
v -0.115496 0.118791 -0.057450
v -0.122028 0.183795 -0.031185
v -0.118466 0.184117 -0.003028
v -0.123101 0.120296 0.001617
v -0.129629 0.118062 -0.031641
v -0.122028 0.183795 -0.031185
v -0.079958 0.072919 0.056347
v -0.067368 0.070104 0.030012
v -0.080378 0.088392 0.040491
v -0.128674 0.067963 0.038931
v -0.138449 0.054201 0.043828
v -0.133400 0.063938 0.032421
v -0.135131 0.060211 0.013363
v -0.069603 0.055747 0.045106
v -0.069603 0.055747 0.045106
v -0.067051 0.055166 0.044493
v -0.138449 0.054201 0.043828
v -0.135131 0.060211 0.013363
v -0.142695 0.055085 0.042511
v -0.137846 0.060116 0.012790
v -0.129645 0.082603 0.035693
v -0.128674 0.067963 0.038931
v -0.137138 0.067857 0.026312
v -0.133400 0.063938 0.032421
v -0.142695 0.055085 0.042511
v -0.138449 0.054201 0.043828
v -0.137138 0.067857 0.026312
v -0.133400 0.063938 0.032421
v -0.069603 0.055747 0.045106
v -0.068101 0.014468 -0.017926
v -0.068291 0.009685 0.013807
v -0.137275 0.013830 -0.018099
v -0.145377 0.008894 0.013750
v -0.070725 0.000000 -0.018674
v -0.133229 0.000000 -0.018626
v -0.158433 -0.000916 0.051392
v -0.065589 -0.000916 0.049957
v -0.137275 0.013830 -0.018099
v -0.133229 0.000000 -0.018626
v -0.068101 0.014468 -0.017926
v -0.070725 0.000000 -0.018674
v -0.065894 0.002186 0.118786
v -0.162688 0.001040 0.105353
v -0.063283 0.000301 0.091227
v -0.163380 -0.000669 0.074608
v -0.130404 0.016534 0.192731
v -0.142172 0.010338 0.170374
v -0.108217 0.016852 0.194593
v -0.154986 0.003990 0.138502
v -0.069753 0.004728 0.142381
v -0.075265 0.010271 0.170229
v -0.108028 0.036920 0.183167
v -0.108023 0.030529 0.188590
v -0.089071 0.035638 0.182027
v -0.086382 0.030196 0.186653
v -0.066468 0.040921 0.071837
v -0.067051 0.055166 0.044493
v -0.079236 0.056672 0.079972
v -0.107721 0.053292 0.101666
v -0.107899 0.046029 0.121587
v -0.080692 0.047161 0.102766
v -0.083456 0.041689 0.124021
v -0.085568 0.037660 0.143163
v -0.107873 0.040921 0.141505
v -0.067321 0.030906 0.025888
v -0.066862 0.005810 0.050924
v -0.072508 0.027754 0.122016
v -0.067608 0.007976 0.118849
v -0.068750 0.032073 0.099282
v -0.064956 0.007019 0.093056
v -0.068659 0.015788 0.016254
v -0.067783 0.020716 -0.017169
v -0.079717 0.026889 0.167046
v -0.077531 0.016042 0.168195
v -0.075545 0.025807 0.143290
v -0.072426 0.010926 0.142244
v -0.107923 0.037925 0.166400
v -0.126106 0.035376 0.166896
v -0.129972 0.037787 0.140529
v -0.137288 0.026939 0.167799
v -0.124257 0.035426 0.181891
v -0.127257 0.030097 0.187366
v -0.105554 0.076571 0.060033
v -0.132598 0.068559 0.053067
v -0.107104 0.061984 0.081996
v -0.135275 0.054842 0.075784
v -0.132945 0.042799 0.117682
v -0.148801 0.026627 0.138796
v -0.155116 0.028870 0.110473
v -0.137333 0.020399 -0.017867
v -0.144840 0.015448 0.015881
v -0.137846 0.060116 0.012790
v -0.142695 0.055085 0.042511
v -0.084212 0.021162 0.188367
v -0.107937 0.022138 0.190901
v -0.139188 0.016189 0.168545
v -0.129043 0.021647 0.189226
v -0.160634 0.006962 0.105577
v -0.151502 0.009830 0.138013
v -0.137275 0.013830 -0.018099
v -0.145377 0.008894 0.013750
v -0.137333 0.020399 -0.017867
v -0.144840 0.015448 0.015881
v -0.068659 0.015788 0.016254
v -0.068291 0.009685 0.013807
v -0.067783 0.020716 -0.017169
v -0.068101 0.014468 -0.017926
v -0.160634 0.006962 0.105577
v -0.161853 0.006065 0.076515
v -0.162688 0.001040 0.105353
v -0.163380 -0.000669 0.074608
v -0.075878 0.016035 0.169376
v -0.075265 0.010271 0.170229
v -0.070743 0.010836 0.142341
v -0.069753 0.004728 0.142381
v -0.108217 0.016852 0.194593
v -0.082470 0.016476 0.191521
v -0.108188 0.022569 0.193109
v -0.082568 0.022014 0.190018
v -0.154986 0.003990 0.138502
v -0.142172 0.010338 0.170374
v -0.153353 0.009831 0.138581
v -0.141179 0.016197 0.169785
v -0.130404 0.016534 0.192731
v -0.130144 0.022268 0.191303
v -0.067783 0.020716 -0.017169
v -0.068101 0.014468 -0.017926
v -0.157119 0.005810 0.052689
v -0.158433 -0.000916 0.051392
v -0.065589 -0.000916 0.049957
v -0.066862 0.005810 0.050924
v -0.133229 0.000000 -0.018626
v -0.070725 0.000000 -0.018674
v -0.075878 0.016035 0.169376
v -0.070743 0.010836 0.142341
v -0.077531 0.016042 0.168195
v -0.072426 0.010926 0.142244
v -0.082568 0.022014 0.190018
v -0.084212 0.021162 0.188367
v -0.108188 0.022569 0.193109
v -0.107937 0.022138 0.190901
v -0.151502 0.009830 0.138013
v -0.153353 0.009831 0.138581
v -0.139188 0.016189 0.168545
v -0.141179 0.016197 0.169785
v -0.129043 0.021647 0.189226
v -0.130144 0.022268 0.191303
v -0.063283 0.000301 0.091227
v -0.064956 0.007019 0.093056
v -0.065894 0.002186 0.118786
v -0.067608 0.007976 0.118849
v -0.088026 0.035527 0.165939
v -0.157119 0.005810 0.052689
v -0.150343 0.040094 0.067305
v -0.067608 0.007976 0.118849
v -0.161853 0.006065 0.076515
v -0.154330 0.033811 0.086530
v -0.134629 0.048139 0.095612
v -0.160634 0.006962 0.105577
v -0.105337 0.092749 0.043248
v -0.129645 0.082603 0.035693
v -0.082470 0.016476 0.191521
v -0.137138 0.067857 0.026312
v 0.137288 0.026939 0.167799
v 0.126106 0.035376 0.166896
v 0.124257 0.035426 0.181891
v 0.130404 0.016534 0.192731
v 0.108217 0.016852 0.194593
v 0.142172 0.010338 0.170374
v 0.086382 0.030196 0.186653
v 0.108023 0.030529 0.188590
v 0.089071 0.035638 0.182027
v 0.108028 0.036920 0.183167
v 0.127257 0.030097 0.187366
v 0.107937 0.022138 0.190901
v 0.084212 0.021162 0.188367
v 0.129043 0.021647 0.189226
v 0.139188 0.016189 0.168545
v 0.148801 0.026627 0.138796
v 0.151502 0.009830 0.138013
v 0.107923 0.037925 0.166400
v 0.082568 0.022014 0.190018
v 0.082470 0.016476 0.191521
v 0.108188 0.022569 0.193109
v 0.108217 0.016852 0.194593
v 0.141179 0.016197 0.169785
v 0.142172 0.010338 0.170374
v 0.153353 0.009831 0.138581
v 0.154986 0.003990 0.138502
v 0.130144 0.022268 0.191303
v 0.130404 0.016534 0.192731
v 0.107937 0.022138 0.190901
v 0.084212 0.021162 0.188367
v 0.108188 0.022569 0.193109
v 0.082568 0.022014 0.190018
v 0.151502 0.009830 0.138013
v 0.139188 0.016189 0.168545
v 0.153353 0.009831 0.138581
v 0.141179 0.016197 0.169785
v 0.129043 0.021647 0.189226
v 0.130144 0.022268 0.191303
v 0.129972 0.037787 0.140529
v 0.088026 0.035527 0.165939
v 0.075265 0.010271 0.170229
v 0.082470 0.016476 0.191521
v 0.079717 0.026889 0.167046
v 0.077531 0.016042 0.168195
v 0.075878 0.016035 0.169376
v 0.077531 0.016042 0.168195
v 0.075878 0.016035 0.169376
v 0.075265 0.010271 0.170229
v 0.154330 0.033811 0.086530
v 0.161853 0.006065 0.076515
v 0.150343 0.040094 0.067305
v 0.104980 0.084898 0.044519
v 0.128674 0.067963 0.038931
v 0.127149 0.074177 0.027666
v 0.133400 0.063938 0.032421
v 0.135131 0.060211 0.013363
v 0.069218 0.068787 0.030137
v 0.081475 0.083430 0.040454
v 0.069049 0.074715 0.019709
v 0.069218 0.068787 0.030137
v 0.068715 0.060393 0.004154
v 0.069603 0.055747 0.045106
v 0.138449 0.054201 0.043828
v 0.069049 0.074715 0.019709
v 0.067051 0.055166 0.044493
v 0.069218 0.068787 0.030137
v 0.069603 0.055747 0.045106
v 0.137846 0.060116 0.012790
v 0.135131 0.060211 0.013363
v 0.142695 0.055085 0.042511
v 0.138449 0.054201 0.043828
v 0.105337 0.092749 0.043248
v 0.104980 0.084898 0.044519
v 0.080378 0.088392 0.040491
v 0.081475 0.083430 0.040454
v 0.129645 0.082603 0.035693
v 0.128674 0.067963 0.038931
v 0.133400 0.063938 0.032421
v 0.142695 0.055085 0.042511
v 0.138449 0.054201 0.043828
v 0.065791 0.060198 0.004580
v 0.067051 0.055166 0.044493
v 0.068715 0.060393 0.004154
v 0.069603 0.055747 0.045106
v 0.068101 0.014468 -0.017926
v 0.137275 0.013830 -0.018099
v 0.068291 0.009685 0.013807
v 0.145377 0.008894 0.013750
v 0.100360 0.000000 -0.079195
v 0.117686 0.000000 -0.073088
v 0.081677 0.000000 -0.071235
v 0.073326 0.000000 -0.052508
v 0.127611 0.000000 -0.054309
v 0.070725 0.000000 -0.018674
v 0.133229 0.000000 -0.018626
v 0.158433 -0.000916 0.051392
v 0.065589 -0.000916 0.049957
v 0.137275 0.013830 -0.018099
v 0.068101 0.014468 -0.017926
v 0.133229 0.000000 -0.018626
v 0.070725 0.000000 -0.018674
v 0.065894 0.002186 0.118786
v 0.063283 0.000301 0.091227
v 0.162688 0.001040 0.105353
v 0.163380 -0.000669 0.074608
v 0.154986 0.003990 0.138502
v 0.069753 0.004728 0.142381
v 0.066468 0.040921 0.071837
v 0.079236 0.056672 0.079972
v 0.067051 0.055166 0.044493
v 0.079958 0.072919 0.056347
v 0.107721 0.053292 0.101666
v 0.080692 0.047161 0.102766
v 0.107899 0.046029 0.121587
v 0.083456 0.041689 0.124021
v 0.107873 0.040921 0.141505
v 0.085568 0.037660 0.143163
v 0.067321 0.030906 0.025888
v 0.066862 0.005810 0.050924
v 0.079764 0.041034 -0.073417
v 0.079810 0.023639 -0.074061
v 0.071164 0.022699 -0.053846
v 0.064956 0.007019 0.093056
v 0.067608 0.007976 0.118849
v 0.068750 0.032073 0.099282
v 0.072508 0.027754 0.122016
v 0.068659 0.015788 0.016254
v 0.067783 0.020716 -0.017169
v 0.064941 0.045919 -0.003506
v 0.072426 0.010926 0.142244
v 0.075545 0.025807 0.143290
v 0.105554 0.076571 0.060033
v 0.107104 0.061984 0.081996
v 0.132598 0.068559 0.053067
v 0.135275 0.054842 0.075784
v 0.132945 0.042799 0.117682
v 0.155116 0.028870 0.110473
v 0.142695 0.055085 0.042511
v 0.144840 0.015448 0.015881
v 0.137846 0.060116 0.012790
v 0.137333 0.020399 -0.017867
v 0.121421 0.042030 -0.074545
v 0.131784 0.022694 -0.056175
v 0.121726 0.023279 -0.075937
v 0.100391 0.044611 -0.083691
v 0.100377 0.023707 -0.082504
v 0.160634 0.006962 0.105577
v 0.134200 0.052605 -0.039505
v 0.100391 0.044611 -0.083691
v 0.100377 0.023707 -0.082504
v 0.144840 0.015448 0.015881
v 0.145377 0.008894 0.013750
v 0.137333 0.020399 -0.017867
v 0.137275 0.013830 -0.018099
v 0.068659 0.015788 0.016254
v 0.067783 0.020716 -0.017169
v 0.068291 0.009685 0.013807
v 0.068101 0.014468 -0.017926
v 0.121726 0.023279 -0.075937
v 0.117686 0.000000 -0.073088
v 0.100377 0.023707 -0.082504
v 0.100360 0.000000 -0.079195
v 0.131784 0.022694 -0.056175
v 0.127611 0.000000 -0.054309
v 0.163380 -0.000669 0.074608
v 0.161853 0.006065 0.076515
v 0.162688 0.001040 0.105353
v 0.160634 0.006962 0.105577
v 0.070743 0.010836 0.142341
v 0.069753 0.004728 0.142381
v 0.067783 0.020716 -0.017169
v 0.071164 0.022699 -0.053846
v 0.068101 0.014468 -0.017926
v 0.079810 0.023639 -0.074061
v 0.081677 0.000000 -0.071235
v 0.073326 0.000000 -0.052508
v 0.157119 0.005810 0.052689
v 0.158433 -0.000916 0.051392
v 0.066862 0.005810 0.050924
v 0.065589 -0.000916 0.049957
v 0.133229 0.000000 -0.018626
v 0.070725 0.000000 -0.018674
v 0.072426 0.010926 0.142244
v 0.070743 0.010836 0.142341
v 0.063283 0.000301 0.091227
v 0.065894 0.002186 0.118786
v 0.064956 0.007019 0.093056
v 0.067608 0.007976 0.118849
v 0.157119 0.005810 0.052689
v 0.067608 0.007976 0.118849
v 0.134629 0.048139 0.095612
v 0.160634 0.006962 0.105577
v 0.105337 0.092749 0.043248
v 0.080378 0.088392 0.040491
v 0.129645 0.082603 0.035693
v 0.065791 0.060198 0.004580
v 0.116854 0.092796 -0.057523
v 0.126399 0.089698 -0.027754
v 0.117474 0.079188 -0.061597
v 0.067746 0.097977 -0.009933
v 0.078678 0.104099 0.017216
v 0.067746 0.097977 -0.009933
v 0.067987 0.064951 -0.017960
v 0.084396 0.079324 -0.062765
v 0.071326 0.069401 -0.035878
v 0.085649 0.095471 -0.059488
v 0.105481 0.105917 0.024185
v 0.125585 0.096592 0.010556
v 0.129891 0.067657 -0.023066
v 0.101144 0.083496 -0.072227
v 0.101797 0.096503 -0.069875
v 0.067368 0.070104 0.030012
v 0.068903 0.070004 -0.036340
v 0.071326 0.069401 -0.035878
v 0.082800 0.079654 -0.063538
v 0.084396 0.079324 -0.062765
v 0.118708 0.079303 -0.062923
v 0.101697 0.083779 -0.073540
v 0.117474 0.079188 -0.061597
v 0.101144 0.083496 -0.072227
v 0.132848 0.068020 -0.023822
v 0.129891 0.067657 -0.023066
v 0.101697 0.083779 -0.073540
v 0.101144 0.083496 -0.072227
v 0.065416 0.064791 -0.017714
v 0.067987 0.064951 -0.017960
v 0.137138 0.067857 0.026312
v 0.137138 0.067857 0.026312
v 0.133400 0.063938 0.032421
v 0.069218 0.068787 0.030137
v 0.068903 0.070004 -0.036340
v 0.082800 0.079654 -0.063538
v 0.067756 0.061515 -0.041416
v 0.080504 0.070516 -0.066607
v 0.132848 0.068020 -0.023822
v 0.101697 0.083779 -0.073540
v 0.118708 0.079303 -0.062923
v 0.100692 0.074632 -0.076912
v 0.120729 0.070091 -0.067208
v 0.101697 0.083779 -0.073540
v 0.100692 0.074632 -0.076912
v 0.065416 0.064791 -0.017714
v 0.067368 0.070104 0.030012
v 0.137138 0.067857 0.026312
v 0.104533 0.125069 0.016724
v 0.083288 0.186196 0.014186
v 0.060087 0.185976 -0.018122
v 0.075885 0.124356 0.007641
v 0.063073 0.122893 -0.015719
v 0.107167 0.185770 0.011058
v 0.085812 0.121121 -0.060834
v 0.063073 0.122893 -0.015719
v 0.084141 0.182351 -0.065903
v 0.060087 0.185976 -0.018122
v 0.101506 0.120611 -0.069865
v 0.101835 0.181758 -0.067006
v 0.129629 0.118062 -0.031641
v 0.115496 0.118791 -0.057450
v 0.122028 0.183795 -0.031185
v 0.113900 0.183583 -0.056587
v 0.123101 0.120296 0.001617
v 0.118466 0.184117 -0.003028
v 0.000134 1.534464 0.076655
v -0.008671 1.537592 0.068541
v -0.005170 1.533974 0.076794
v -0.003752 1.516662 0.090125
v -0.004874 1.526844 0.083365
v -0.006371 1.510746 0.092469
v -0.010898 1.528094 0.078956
v 0.005300 1.533924 0.076821
v 0.008661 1.537502 0.068595
v 0.000134 1.497663 0.093806
v 0.000134 1.507813 0.093273
v -0.003854 1.499047 0.097730
v -0.006371 1.510746 0.092469
v 0.000134 1.507813 0.093273
v 0.000134 1.515217 0.090932
v 0.005100 1.526834 0.083138
v 0.010604 1.527944 0.079052
v 0.000134 1.525584 0.086106
v 0.004084 1.516242 0.090168
v -0.067482 1.513063 0.083958
v -0.032452 1.506595 0.092516
v -0.064138 1.516468 0.082374
v -0.018191 1.529943 0.076697
v -0.008671 1.537592 0.068541
v -0.023580 1.531703 0.075796
v -0.076851 1.547958 0.055014
v -0.077169 1.549065 0.057010
v -0.067482 1.513063 0.083958
v -0.067988 1.513783 0.086076
v -0.076851 1.547958 0.055014
v -0.072423 1.546313 0.056261
v -0.064138 1.516468 0.082374
v -0.045295 1.538815 0.080670
v -0.072423 1.546314 0.056261
v -0.077692 1.515192 0.083660
v -0.076687 1.465443 0.111911
v -0.067988 1.513783 0.086076
v -0.077169 1.549065 0.057010
v -0.022753 1.522183 0.082845
v -0.023715 1.507875 0.094502
v -0.010898 1.528094 0.078956
v -0.008671 1.537592 0.068541
v -0.018191 1.529943 0.076697
v -0.022753 1.522183 0.082845
v -0.032452 1.506595 0.092516
v -0.171869 1.523921 0.046187
v -0.174242 1.563665 0.024128
v -0.187089 1.522325 0.043167
v -0.092365 1.456123 -0.122840
v -0.142497 1.460153 -0.110681
v -0.097289 1.510663 -0.116431
v -0.141859 1.507534 -0.107917
v -0.142319 1.557143 -0.098004
v -0.130087 1.466659 0.089307
v -0.134726 1.520459 0.064303
v -0.168614 1.424912 -0.020650
v -0.168657 1.424282 0.013458
v -0.172265 1.422146 -0.024432
v -0.175884 1.442219 0.018752
v -0.140937 1.585796 -0.028116
v -0.142471 1.578472 -0.069287
v -0.174962 1.581021 -0.024314
v -0.175868 1.573266 -0.070798
v -0.174091 1.549904 -0.099836
v -0.172743 1.506660 -0.108252
v -0.174165 1.463484 -0.107094
v -0.170349 1.448692 0.042634
v -0.184817 1.468842 0.044743
v -0.174620 1.565545 0.026101
v -0.174962 1.581021 -0.024314
v -0.174242 1.563665 0.024128
v -0.175061 1.578301 -0.024277
v -0.174165 1.463484 -0.107094
v -0.181105 1.425505 -0.081204
v -0.174477 1.464588 -0.103657
v -0.178179 1.426988 -0.079107
v -0.174422 1.548554 -0.098023
v -0.172923 1.507144 -0.105675
v -0.194839 1.542162 -0.097594
v -0.186054 1.507587 -0.105265
v -0.201498 1.565189 -0.071772
v -0.203957 1.570593 -0.022488
v -0.175820 1.571161 -0.070143
v -0.175061 1.578301 -0.024277
v -0.166733 1.471532 0.050551
v -0.207349 1.516617 0.038374
v -0.201542 1.559319 0.020274
v -0.203957 1.570593 -0.022488
v -0.221660 1.549913 0.017058
v -0.226228 1.559236 -0.021987
v -0.185691 1.431116 -0.080702
v -0.178179 1.426989 -0.079107
v -0.172265 1.422146 -0.024432
v -0.168614 1.424912 -0.020650
v -0.182116 1.465098 -0.102954
v -0.174477 1.464588 -0.103657
v -0.165893 1.451207 0.047494
v -0.153170 1.469349 0.068864
v -0.165792 1.524523 0.050805
v -0.175061 1.578301 -0.024277
v -0.165893 1.451207 0.047494
v -0.167052 1.450422 0.050362
v -0.166733 1.471532 0.050551
v -0.166532 1.471682 0.053920
v -0.226078 1.552774 -0.073649
v -0.226228 1.559236 -0.021987
v -0.206642 1.504158 -0.103636
v -0.192838 1.459520 -0.102109
v -0.171619 1.524081 0.048872
v -0.171869 1.523921 0.046187
v -0.136153 1.553887 0.038340
v -0.138571 1.577489 0.002719
v -0.140937 1.585796 -0.028116
v -0.174962 1.581021 -0.024314
v -0.174620 1.565545 0.026101
v -0.137490 1.568866 0.022964
v -0.171619 1.524081 0.048872
v -0.166532 1.471682 0.053920
v -0.167052 1.450422 0.050362
v -0.172743 1.506660 -0.108252
v -0.172923 1.507144 -0.105675
v -0.174091 1.549904 -0.099836
v -0.174422 1.548554 -0.098023
v -0.174962 1.581021 -0.024314
v -0.175868 1.573266 -0.070798
v -0.175061 1.578301 -0.024277
v -0.175820 1.571161 -0.070143
v -0.146773 1.424038 0.077813
v -0.122575 1.423526 0.100113
v 0.000134 1.315053 -0.108783
v 0.000134 1.363372 -0.116172
v 0.018947 1.314917 -0.107473
v -0.079907 1.364715 -0.113883
v -0.136271 1.368121 -0.091049
v -0.085862 1.414547 -0.119333
v -0.141561 1.421149 -0.103395
v -0.010802 1.459540 0.120532
v -0.020490 1.460100 0.123535
v -0.071724 1.417165 0.122576
v -0.013311 1.449449 0.123899
v -0.067857 1.359749 0.125142
v -0.114847 1.359309 0.105343
v -0.019702 1.363228 -0.115866
v -0.020299 1.408892 -0.123633
v -0.159285 1.315331 -0.046635
v -0.168547 1.369966 -0.059548
v -0.125890 1.314926 -0.080519
v -0.164764 1.368083 -0.008771
v 0.000134 1.315053 -0.108783
v -0.018677 1.314917 -0.107473
v 0.000134 1.363372 -0.116172
v -0.181105 1.425505 -0.081204
v -0.170405 1.408974 -0.019675
v -0.170405 1.408974 -0.019675
v -0.166323 1.412045 0.014500
v -0.072949 1.313863 -0.106436
v -0.138314 1.360705 0.083965
v -0.052147 1.462823 0.115467
v -0.040886 1.466412 0.119935
v -0.022866 1.451600 0.122409
v -0.045740 1.460397 0.117040
v 0.000134 1.415066 0.128494
v -0.025653 1.413556 0.127824
v 0.000134 1.380153 0.129377
v -0.005316 1.369467 0.129957
v -0.026753 1.359681 0.129032
v -0.005252 1.360325 0.129762
v -0.025653 1.413556 0.127824
v -0.052147 1.462823 0.115467
v -0.170405 1.408974 -0.019675
v -0.172407 1.407699 -0.019608
v -0.166323 1.412046 0.014500
v -0.168626 1.410252 0.015244
v -0.172407 1.407699 -0.019608
v -0.172407 1.407699 -0.019608
v -0.170405 1.408974 -0.019675
v -0.165530 1.427796 0.041759
v -0.153695 1.363937 0.051743
v -0.172407 1.407699 -0.019608
v -0.164764 1.368083 -0.008771
v -0.168626 1.410252 0.015244
v -0.161435 1.365209 0.024958
v -0.163438 1.429420 0.039147
v -0.163438 1.429420 0.039147
v -0.165530 1.427796 0.041759
v -0.052147 1.462823 0.115467
v -0.045740 1.460397 0.117040
v -0.048268 1.437209 0.128568
v -0.022866 1.451600 0.122409
v -0.024421 1.434649 0.130005
v -0.012282 1.434257 0.130777
v -0.013311 1.449449 0.123899
v -0.004914 1.458166 0.122417
v -0.010802 1.459540 0.120532
v 0.000134 1.497663 0.093806
v 0.000134 1.472132 0.111433
v -0.045740 1.460397 0.117040
v -0.052147 1.462823 0.115467
v -0.048808 1.452225 0.119036
v -0.048808 1.452225 0.119036
v -0.053996 1.434317 0.122367
v -0.035490 1.430156 0.124648
v -0.025148 1.429128 0.124778
v -0.035490 1.430156 0.124648
v -0.010018 1.427721 0.124906
v 0.000134 1.456797 0.116446
v -0.001633 1.456917 0.116345
v 0.000134 1.463837 0.111867
v -0.052147 1.462823 0.115467
v -0.048808 1.452225 0.119036
v -0.053996 1.434317 0.122367
v -0.035490 1.430156 0.124648
v -0.025148 1.429128 0.124778
v -0.010018 1.427721 0.124906
v -0.001633 1.456918 0.116345
v 0.000134 1.463837 0.111867
v 0.000134 1.380154 0.129377
v -0.005316 1.369467 0.129957
v 0.000134 1.360375 0.130133
v -0.005252 1.360325 0.129762
v 0.000134 1.380153 0.129377
v 0.161705 1.365209 0.024958
v 0.168896 1.410252 0.015244
v 0.153965 1.363513 0.051743
v 0.021601 1.454060 -0.128024
v 0.020569 1.408892 -0.123633
v 0.000134 1.453735 -0.127012
v 0.000134 1.408072 -0.123321
v 0.080176 1.364715 -0.113883
v 0.086132 1.414547 -0.119333
v 0.136541 1.368121 -0.091049
v 0.141831 1.421149 -0.103395
v 0.019972 1.363228 -0.115866
v 0.021864 1.514406 -0.119478
v 0.000134 1.516341 -0.119133
v 0.005451 1.483157 0.105642
v 0.008888 1.491906 0.101756
v 0.000134 1.497663 0.093806
v 0.005155 1.499652 0.097007
v 0.071994 1.417165 0.122576
v 0.122845 1.423526 0.100113
v 0.076956 1.465443 0.111911
v 0.012554 1.458370 0.119042
v 0.023603 1.432459 0.127555
v 0.022570 1.455260 0.120170
v 0.115117 1.359309 0.105343
v 0.068127 1.359749 0.125142
v 0.168817 1.369966 -0.059548
v 0.126160 1.314926 -0.080519
v 0.159554 1.315331 -0.046635
v 0.165034 1.368083 -0.008771
v 0.073219 1.313863 -0.106436
v 0.147043 1.424038 0.077813
v 0.138584 1.360705 0.083965
v 0.067751 1.513063 0.083958
v 0.053902 1.462753 0.112924
v 0.068258 1.513783 0.086076
v 0.067751 1.513063 0.083958
v 0.064407 1.516468 0.082374
v 0.033379 1.506685 0.092024
v 0.054224 1.482850 0.108782
v 0.060333 1.438709 0.125880
v 0.050210 1.462092 0.118732
v 0.025923 1.413556 0.127824
v 0.077121 1.547958 0.055353
v 0.072693 1.546313 0.056261
v 0.064407 1.516468 0.082374
v 0.072693 1.546314 0.056261
v 0.045565 1.538815 0.080670
v 0.027023 1.359681 0.129032
v 0.025923 1.413556 0.127824
v 0.053902 1.462753 0.112924
v 0.068258 1.513783 0.086076
v 0.168896 1.410252 0.015244
v 0.172676 1.407699 -0.019608
v 0.166593 1.412046 0.014500
v 0.170674 1.408549 -0.019675
v 0.172676 1.407699 -0.019608
v 0.165800 1.427457 0.041759
v 0.172676 1.407699 -0.019608
v 0.165034 1.368083 -0.008771
v 0.165800 1.427457 0.041759
v 0.163708 1.429420 0.039147
v -0.021331 1.454060 -0.128024
v 0.000134 1.453735 -0.127012
v 0.000134 1.408072 -0.123321
v 0.000134 1.516341 -0.119133
v -0.021594 1.514406 -0.119478
v 0.006406 1.510746 0.092457
v 0.000134 1.507813 0.093273
v 0.016645 1.529454 0.076124
v 0.008661 1.537502 0.068595
v 0.010604 1.527943 0.079052
v 0.016632 1.518716 0.088182
v 0.006406 1.510746 0.092457
v 0.048186 1.477669 0.111605
v 0.024542 1.508495 0.096630
v 0.021000 1.466340 0.120969
v 0.044327 1.485611 0.113957
v 0.011093 1.503676 0.100108
v 0.004800 1.480747 0.102083
v 0.023312 1.422542 0.125335
v 0.031117 1.424173 0.124600
v 0.067526 1.433284 0.120819
v 0.031117 1.424173 0.124600
v 0.009193 1.459410 0.114264
v 0.004800 1.480747 0.102083
v 0.000134 1.507813 0.093273
v 0.005155 1.499652 0.097007
v 0.008888 1.491906 0.101756
v 0.048186 1.477669 0.111605
v 0.022570 1.455260 0.120170
v 0.033379 1.506685 0.092024
v 0.054224 1.482850 0.108782
v 0.023012 1.520553 0.083756
v 0.053902 1.462753 0.112924
v 0.048186 1.477669 0.111605
v 0.004800 1.480747 0.102083
v 0.000134 1.497663 0.093806
v 0.023312 1.422542 0.125335
v 0.009193 1.459410 0.114264
v 0.031117 1.424173 0.124600
v 0.067526 1.433284 0.120819
v 0.053902 1.462753 0.112924
v 0.023012 1.520553 0.083756
v 0.176090 1.571161 -0.070143
v 0.176138 1.573266 -0.070798
v 0.175331 1.578301 -0.024277
v 0.092635 1.456123 -0.122840
v 0.142767 1.460153 -0.110681
v 0.130357 1.466659 0.089307
v 0.142129 1.507534 -0.107917
v 0.097558 1.510663 -0.116431
v 0.142589 1.557143 -0.098004
v 0.134996 1.520459 0.064303
v 0.077961 1.515192 0.083660
v 0.168884 1.424912 -0.020650
v 0.172535 1.422146 -0.024432
v 0.168927 1.424282 0.013458
v 0.176154 1.442219 0.018752
v 0.153440 1.469688 0.068864
v 0.176138 1.573266 -0.070798
v 0.142741 1.578472 -0.069287
v 0.175232 1.581021 -0.024314
v 0.141206 1.585796 -0.028116
v 0.174785 1.549904 -0.099836
v 0.173013 1.506660 -0.108252
v 0.174860 1.463484 -0.107094
v 0.181375 1.425505 -0.081204
v 0.178448 1.426989 -0.079107
v 0.168884 1.424912 -0.020650
v 0.170674 1.408549 -0.019675
v 0.185087 1.468842 0.044743
v 0.170618 1.448267 0.042634
v 0.170674 1.408549 -0.019675
v 0.166593 1.412045 0.014500
v 0.174890 1.565545 0.026101
v 0.174511 1.563665 0.024128
v 0.175232 1.581021 -0.024314
v 0.175331 1.578301 -0.024277
v 0.174860 1.463484 -0.107094
v 0.174747 1.464588 -0.103657
v 0.181375 1.425505 -0.081204
v 0.178448 1.426988 -0.079107
v 0.174692 1.548554 -0.098023
v 0.195109 1.542162 -0.097594
v 0.173193 1.506720 -0.105675
v 0.186324 1.507587 -0.105265
v 0.175331 1.578301 -0.024277
v 0.204227 1.570593 -0.022488
v 0.176090 1.571161 -0.070143
v 0.201768 1.565189 -0.071772
v 0.185536 1.430691 -0.081126
v 0.172535 1.422146 -0.024432
v 0.174747 1.464588 -0.103657
v 0.182386 1.465098 -0.102954
v 0.167003 1.471532 0.050551
v 0.166163 1.451207 0.047494
v 0.166062 1.524523 0.050805
v 0.077121 1.547958 0.055353
v 0.077439 1.549065 0.057010
v 0.174511 1.563665 0.024128
v 0.201812 1.559319 0.020274
v 0.175331 1.578301 -0.024277
v 0.204227 1.570593 -0.022488
v 0.187359 1.522325 0.043167
v 0.172139 1.523921 0.046187
v 0.166163 1.451207 0.047494
v 0.167003 1.471532 0.050551
v 0.167321 1.450422 0.050701
v 0.166801 1.471682 0.053920
v 0.193108 1.459520 -0.102109
v 0.172139 1.523921 0.046187
v 0.171889 1.524081 0.048872
v 0.077439 1.549065 0.057010
v 0.136423 1.553887 0.038340
v 0.138840 1.577489 0.002719
v 0.175232 1.581021 -0.024314
v 0.141206 1.585796 -0.028116
v 0.174890 1.565545 0.026101
v 0.137760 1.568866 0.022964
v 0.171889 1.524081 0.048872
v 0.166801 1.471682 0.053920
v 0.167321 1.450422 0.050701
v 0.173193 1.506720 -0.105675
v 0.173013 1.506660 -0.108252
v 0.174692 1.548554 -0.098023
v 0.174785 1.549904 -0.099836
v 0.175232 1.581021 -0.024314
v 0.170674 1.408549 -0.019675
v 0.172676 1.407699 -0.019608
v 0.163708 1.429420 0.039147
v 0.078359 1.570023 0.026780
v 0.056733 1.557027 0.053094
v 0.000134 1.597174 -0.094016
v 0.024885 1.595569 -0.090767
v 0.000134 1.573733 -0.102779
v 0.022515 1.571921 -0.101752
v 0.100721 1.592113 -0.064857
v 0.097907 1.564071 -0.097216
v 0.110989 1.594826 -0.031709
v 0.024275 1.531703 0.075796
v 0.016645 1.529454 0.076124
v 0.110989 1.594826 -0.031709
v 0.108235 1.584367 0.002281
v 0.000134 1.538026 0.066014
v 0.008661 1.537502 0.068595
v 0.006882 1.547156 0.062203
v 0.046856 1.535872 0.069642
v 0.033348 1.551357 0.054320
v 0.064407 1.516468 0.082374
v 0.045565 1.538815 0.080670
v 0.046856 1.535872 0.069642
v 0.033348 1.551357 0.054320
v 0.031382 1.554921 0.078642
v 0.031382 1.554921 0.078642
v 0.083120 1.568802 0.026166
v 0.078359 1.570023 0.026780
v 0.083391 1.571852 0.027321
v 0.083120 1.568802 0.026166
v 0.083391 1.571852 0.027321
v -0.022245 1.571921 -0.101752
v -0.024615 1.595569 -0.090767
v 0.000134 1.573733 -0.102779
v 0.000134 1.597174 -0.094016
v -0.100451 1.592113 -0.064857
v -0.097637 1.564071 -0.097216
v -0.110719 1.594826 -0.031709
v -0.107965 1.584367 0.002281
v -0.110719 1.594826 -0.031709
v -0.033078 1.551357 0.054320
v -0.046586 1.535872 0.069642
v -0.064138 1.516468 0.082374
v -0.046586 1.535872 0.069642
v -0.045295 1.538815 0.080670
v -0.033078 1.551357 0.054320
v -0.031113 1.554921 0.078303
v -0.056464 1.557027 0.053094
v -0.031113 1.554921 0.078303
v -0.078090 1.570023 0.026780
v -0.082851 1.568802 0.026166
v -0.078090 1.570023 0.026780
v -0.083121 1.571852 0.027321
v -0.082851 1.568802 0.026166
v -0.083121 1.571852 0.027321
v 0.000134 1.538026 0.066014
v -0.006613 1.547156 0.062203
v 0.000134 1.538026 0.066014
v -0.023449 1.555322 0.060200
v 0.052137 1.632474 -0.056239
v 0.066288 1.625357 -0.036452
v 0.055096 1.629884 -0.059724
v 0.071546 1.621787 -0.034948
v 0.000134 1.632933 -0.077724
v 0.000067 1.634884 -0.074070
v 0.025856 1.632349 -0.072079
v 0.025887 1.634259 -0.068215
v 0.060078 1.611625 -0.006475
v 0.066475 1.605898 -0.005767
v 0.023718 1.555322 0.060200
v 0.081715 1.608175 -0.034086
v 0.075647 1.594533 -0.003436
v 0.089210 1.601199 -0.033460
v 0.083961 1.585104 -0.000105
v 0.074951 1.608609 -0.067863
v 0.064330 1.619509 -0.063082
v 0.073866 1.608554 -0.064178
v 0.026159 1.605968 -0.086622
v 0.074951 1.608609 -0.067863
v 0.026135 1.605913 -0.090254
v 0.000134 1.606213 -0.093308
v 0.000134 1.605833 -0.089641
v 0.086754 1.584928 0.000659
v 0.083961 1.585104 -0.000105
v 0.086754 1.584928 0.000659
v 0.000134 1.538026 0.066014
v 0.006882 1.547156 0.062203
v 0.005939 1.549591 0.068067
v 0.020685 1.561171 0.076753
v 0.023718 1.555322 0.060200
v 0.048451 1.593516 0.023312
v 0.043907 1.583816 0.018121
v 0.028371 1.572289 0.043966
v 0.025176 1.561096 0.042562
v 0.089210 1.601199 -0.033460
v 0.056313 1.587001 0.024180
v 0.066735 1.576607 0.025247
v 0.019440 1.563213 0.053797
v 0.012097 1.549921 0.054486
v 0.005939 1.549591 0.068067
v 0.000134 1.538026 0.066014
v 0.000067 1.538216 0.060647
v 0.020685 1.561171 0.076753
v 0.036680 1.577733 0.049032
v 0.044662 1.571019 0.051177
v 0.026243 1.620244 -0.080565
v 0.000134 1.621302 -0.084402
v 0.089210 1.601199 -0.033460
v 0.073866 1.608554 -0.064178
v 0.026159 1.605968 -0.086622
v 0.000134 1.605833 -0.089641
v 0.086754 1.584928 0.000659
v 0.089210 1.601199 -0.033460
v 0.060078 1.611625 -0.006475
v 0.043907 1.583816 0.018121
v 0.048451 1.593516 0.023312
v -0.052002 1.632474 -0.056239
v -0.054826 1.629884 -0.059724
v -0.066154 1.625357 -0.036452
v -0.071276 1.621787 -0.034948
v -0.025586 1.632349 -0.072079
v -0.025752 1.634259 -0.068215
v -0.066205 1.605898 -0.005767
v -0.059939 1.611595 -0.006462
v -0.081445 1.608175 -0.034086
v -0.088940 1.601199 -0.033460
v -0.075377 1.594533 -0.003436
v -0.083691 1.585104 -0.000105
v -0.088940 1.601199 -0.033460
v -0.074636 1.608700 -0.068281
v -0.073597 1.608554 -0.064178
v -0.074636 1.608700 -0.068281
v -0.064060 1.619509 -0.063082
v -0.025866 1.605913 -0.090254
v -0.025974 1.620244 -0.080565
v -0.025889 1.605968 -0.086622
v -0.025866 1.605913 -0.090254
v -0.086145 1.584928 0.000659
v -0.083691 1.585104 -0.000105
v -0.086145 1.584928 0.000659
v 0.000134 1.538026 0.066014
v -0.005669 1.549591 0.068067
v -0.006613 1.547156 0.062203
v -0.020415 1.561171 0.076753
v -0.023449 1.555322 0.060200
v -0.048181 1.593516 0.023312
v -0.028102 1.572289 0.043542
v -0.043772 1.583816 0.018121
v -0.025179 1.561636 0.041795
v -0.088940 1.601199 -0.033460
v -0.056044 1.587001 0.024180
v -0.066465 1.576607 0.025247
v -0.018831 1.563213 0.053797
v -0.011913 1.549652 0.054623
v -0.005669 1.549591 0.068067
v 0.000067 1.538216 0.060647
v 0.000134 1.538026 0.066014
v -0.020415 1.561171 0.076753
v -0.036410 1.577733 0.049032
v -0.044392 1.571019 0.051177
v -0.088940 1.601199 -0.033460
v -0.073597 1.608554 -0.064178
v -0.025889 1.605968 -0.086622
v 0.000134 1.605833 -0.089641
v -0.086145 1.584928 0.000659
v -0.088940 1.601199 -0.033460
v -0.059939 1.611595 -0.006462
v -0.048181 1.593516 0.023312
v -0.043772 1.583816 0.018121
v 0.089210 1.601199 -0.033460
v 0.000134 1.606213 -0.093308
v 0.026135 1.605913 -0.090254
v 0.043907 1.583816 0.018121
v 0.060078 1.611625 -0.006475
v 0.047736 1.608335 0.014653
v 0.057482 1.617890 -0.008761
v 0.033435 1.604644 0.019948
v 0.030327 1.579730 0.025454
v 0.017974 1.601164 0.031268
v 0.016301 1.574639 0.034502
v 0.000000 1.600022 0.035975
v 0.000000 1.572741 0.037565
v 0.025176 1.561096 0.042562
v 0.012097 1.549921 0.054486
v 0.000000 1.617070 0.042896
v 0.016347 1.619740 0.040444
v 0.035934 1.625350 0.029201
v 0.055271 1.632116 0.011409
v 0.062839 1.642354 -0.017592
v 0.066288 1.625357 -0.036452
v 0.056953 1.647290 -0.045380
v 0.066288 1.625357 -0.036452
v 0.052137 1.632474 -0.056239
v 0.056953 1.647290 -0.045380
v 0.043753 1.648809 -0.055239
v 0.025887 1.634259 -0.068215
v 0.025180 1.650753 -0.067381
v 0.000067 1.634884 -0.074070
v 0.000000 1.650613 -0.072706
v -0.066154 1.625357 -0.036452
v -0.059939 1.611595 -0.006462
v -0.057482 1.617890 -0.008761
v -0.043772 1.583816 0.018121
v -0.047736 1.608335 0.014653
v -0.033435 1.604644 0.019948
v -0.030327 1.579730 0.025454
v -0.016301 1.574639 0.034502
v -0.017974 1.601164 0.031268
v -0.025179 1.561636 0.041795
v -0.016347 1.619740 0.040444
v -0.035934 1.625350 0.029201
v -0.055271 1.632116 0.011409
v -0.062839 1.642354 -0.017592
v -0.056953 1.647290 -0.045380
v -0.066154 1.625357 -0.036452
v -0.056953 1.647290 -0.045380
v -0.052002 1.632474 -0.056239
v -0.043753 1.648809 -0.055239
v -0.025752 1.634259 -0.068215
v -0.025180 1.650753 -0.067381
v 0.000067 1.538216 0.060647
v -0.011913 1.549652 0.054623
v 0.153117 1.282330 -0.041578
v 0.121231 1.283977 -0.076639
v 0.064974 1.319288 0.122753
v 0.062262 1.283948 0.120736
v 0.108486 1.315171 0.104900
v 0.104018 1.283467 0.104515
v 0.145016 1.312953 0.053898
v 0.131337 1.312267 0.085391
v 0.141402 1.282107 0.055432
v 0.127696 1.283033 0.084595
v 0.151299 1.281941 0.003529
v 0.154684 1.315233 -0.000461
v 0.000134 1.283301 -0.102260
v 0.019204 1.283536 -0.102550
v 0.069425 1.282718 -0.101307
v 0.154684 1.315233 -0.000461
v 0.151889 1.314094 0.029777
v 0.151299 1.281941 0.003529
v 0.025852 1.321076 0.128174
v 0.001063 1.322381 0.129024
v 0.000134 1.285261 0.126541
v 0.025055 1.285219 0.124870
v 0.000134 1.093288 0.141871
v 0.026787 1.093719 0.138224
v 0.000134 1.139442 0.138611
v 0.025300 1.139993 0.135010
v 0.000134 1.235461 0.127546
v 0.024094 1.234516 0.126877
v 0.059354 1.233971 0.121608
v 0.098727 1.234457 0.107148
v 0.124302 1.237089 0.085805
v 0.140436 1.241526 0.054630
v 0.148829 1.244498 0.005873
v 0.149177 1.157650 0.007200
v 0.144739 1.152270 0.052771
v 0.156386 1.114520 0.005292
v 0.152451 1.107654 0.050554
v 0.125858 1.148743 0.088588
v 0.131458 1.103318 0.088933
v 0.096548 1.144764 0.113255
v 0.099846 1.099084 0.114241
v 0.146664 1.119139 -0.044561
v 0.110808 1.121408 -0.087491
v 0.144133 1.162668 -0.039611
v 0.109997 1.162683 -0.080452
v 0.156386 1.114520 0.005292
v 0.149177 1.157650 0.007200
v 0.000134 1.142575 -0.106442
v 0.017378 1.141625 -0.106660
v 0.000134 1.121291 -0.111225
v 0.078735 1.141841 -0.099079
v 0.078325 1.120902 -0.103045
v 0.018695 1.248049 -0.100817
v 0.066372 1.248446 -0.099346
v 0.116265 1.249321 -0.074094
v 0.000134 1.247769 -0.100501
v 0.148259 1.248221 -0.038056
v 0.148829 1.244498 0.005873
v 0.058816 1.142083 0.128598
v 0.061031 1.096054 0.131073
v 0.000134 1.184616 0.132553
v 0.024428 1.184313 0.130613
v 0.058622 1.184819 0.125263
v 0.095073 1.186779 0.110299
v 0.122638 1.190879 0.087889
v 0.141201 1.196850 0.052872
v 0.147584 1.201667 0.008341
v 0.147584 1.201667 0.008341
v 0.144328 1.203891 -0.038186
v 0.111724 1.205285 -0.074685
v 0.061481 1.162162 -0.102515
v 0.062482 1.205000 -0.098836
v 0.017337 1.162985 -0.103301
v 0.017571 1.203324 -0.099689
v 0.000134 1.162585 -0.103058
v 0.000134 1.202384 -0.099228
v -0.064705 1.319288 0.122753
v -0.108217 1.315171 0.104900
v -0.061992 1.283948 0.120736
v -0.103749 1.283467 0.104515
v -0.144746 1.312953 0.053898
v -0.131067 1.312267 0.085391
v -0.141133 1.282107 0.055432
v -0.127426 1.283033 0.084595
v -0.152847 1.282330 -0.041578
v -0.154414 1.315233 -0.000461
v -0.151029 1.281941 0.003529
v -0.018934 1.283536 -0.102550
v 0.000134 1.283301 -0.102260
v -0.120961 1.283977 -0.076639
v -0.069155 1.282718 -0.101307
v -0.154414 1.315233 -0.000461
v -0.151029 1.281941 0.003529
v -0.151619 1.314094 0.029777
v -0.025582 1.321076 0.128174
v -0.004324 1.322141 0.128583
v -0.005247 1.285061 0.126163
v -0.024786 1.285219 0.124870
v 0.000134 1.093848 0.138557
v -0.005191 1.101148 0.138522
v -0.026517 1.093719 0.138224
v -0.005232 1.235301 0.127147
v -0.023824 1.234516 0.126877
v -0.098457 1.234457 0.107148
v -0.059084 1.233971 0.121608
v -0.140166 1.241526 0.054630
v -0.124032 1.237089 0.085805
v -0.148559 1.244498 0.005873
v -0.148568 1.157650 0.007200
v -0.156116 1.114520 0.005292
v -0.144469 1.152270 0.052771
v -0.152181 1.107654 0.050554
v -0.125588 1.148743 0.088248
v -0.131188 1.103318 0.088933
v -0.096279 1.144764 0.113255
v -0.099576 1.099084 0.114241
v -0.109727 1.162683 -0.080452
v -0.110538 1.121408 -0.087491
v -0.143863 1.162668 -0.039611
v -0.146394 1.119139 -0.044561
v -0.148568 1.157650 0.007200
v -0.156116 1.114520 0.005292
v -0.016706 1.121281 -0.110934
v -0.061716 1.121281 -0.109974
v -0.017108 1.142575 -0.106660
v -0.061846 1.141821 -0.105600
v -0.078866 1.141851 -0.098929
v -0.078237 1.120892 -0.102978
v -0.066102 1.248446 -0.099346
v -0.018425 1.248049 -0.100817
v -0.115995 1.249321 -0.074094
v 0.000134 1.247769 -0.100501
v -0.147990 1.248221 -0.038056
v -0.148559 1.244498 0.005873
v -0.058547 1.142083 0.128598
v -0.060761 1.096054 0.131073
v -0.025030 1.139993 0.135010
v -0.004281 1.139612 0.138242
v -0.005219 1.184696 0.132149
v -0.024158 1.184313 0.130613
v -0.058352 1.184819 0.125263
v -0.094803 1.186779 0.110299
v -0.122368 1.190879 0.087889
v -0.140931 1.196850 0.052872
v -0.147314 1.201667 0.008341
v -0.144058 1.203891 -0.038186
v -0.147314 1.201667 0.008341
v -0.111454 1.205285 -0.074685
v -0.061211 1.162162 -0.102515
v -0.062212 1.205000 -0.098836
v -0.017068 1.162985 -0.103301
v -0.017301 1.203324 -0.099689
v 0.000134 1.162585 -0.103058
v 0.000134 1.202384 -0.099228
v -0.004281 1.139612 0.138242
v -0.005210 1.101208 0.141761
v -0.005219 1.184696 0.132149
v -0.005232 1.235301 0.127147
v -0.005247 1.285061 0.126163
v -0.004324 1.322141 0.128583
v 0.000134 1.093288 0.141871
v -0.005210 1.101208 0.141761
v 0.000134 1.093848 0.138557
v -0.005191 1.101148 0.138522
v -0.004281 1.139612 0.138242
v 0.078735 1.141841 -0.099079
v 0.078325 1.120902 -0.103045
v 0.062116 1.141001 -0.105600
v -0.078237 1.120892 -0.102978
v -0.078866 1.141851 -0.098929
v -0.061846 1.141821 -0.105600
v -0.017108 1.142575 -0.106660
v 0.000134 1.142575 -0.106442
v 0.000134 1.142575 -0.106442
v 0.017378 1.141625 -0.106660
v 0.062116 1.141001 -0.105600
v -0.220103 1.507279 0.037326
v -0.207349 1.516617 0.038374
v -0.237100 1.535194 0.014783
v -0.296471 1.457934 0.006743
v -0.306962 1.462807 -0.029131
v -0.322309 1.432721 0.005922
v -0.331412 1.437694 -0.031015
v -0.277218 1.443325 0.034923
v -0.303594 1.417486 0.035334
v -0.240985 1.419428 0.041860
v -0.268223 1.391443 0.042312
v -0.246125 1.371710 0.012659
v -0.217151 1.401801 0.013704
v -0.235812 1.362154 -0.032271
v -0.206802 1.393091 -0.031846
v -0.266516 1.386317 -0.097182
v -0.243266 1.409340 -0.096110
v -0.244961 1.370697 -0.082235
v -0.218428 1.401152 -0.084344
v -0.294806 1.409957 -0.096906
v -0.274281 1.433061 -0.094929
v -0.299915 1.456670 -0.071905
v -0.322353 1.431202 -0.073884
v -0.347589 1.404271 0.007687
v -0.357057 1.411269 -0.032968
v -0.368982 1.378982 0.006621
v -0.380595 1.386521 -0.034182
v -0.349342 1.362072 0.034146
v -0.330647 1.389871 0.033854
v -0.321055 1.334350 0.039405
v -0.293282 1.364625 0.042400
v -0.302747 1.314304 0.012165
v -0.274611 1.346163 0.011986
v -0.295740 1.303943 -0.034397
v -0.268447 1.335795 -0.032074
v -0.292862 1.355045 -0.101865
v -0.273772 1.339414 -0.079545
v -0.315854 1.324754 -0.105286
v -0.298490 1.307570 -0.076840
v -0.321454 1.382286 -0.099227
v -0.346965 1.353619 -0.103306
v -0.346801 1.403635 -0.075516
v -0.371825 1.377221 -0.079609
v -0.275960 1.483007 0.008836
v -0.285397 1.485024 -0.026858
v -0.255048 1.465018 0.034629
v -0.220203 1.439113 0.042211
v -0.197269 1.419872 0.014591
v -0.189771 1.409528 -0.028544
v -0.221492 1.429804 -0.097940
v -0.203258 1.417903 -0.083600
v -0.256666 1.452927 -0.096973
v -0.280496 1.476900 -0.072369
v -0.258786 1.505309 0.010371
v -0.266798 1.510591 -0.024872
v -0.239728 1.483698 0.035823
v -0.207121 1.451294 0.043733
v -0.184419 1.435272 0.016775
v -0.179028 1.418880 -0.025671
v -0.209304 1.442245 -0.100036
v -0.190902 1.428302 -0.081587
v -0.242181 1.470882 -0.099586
v -0.263461 1.501600 -0.073222
v -0.221660 1.549913 0.017058
v -0.243370 1.541968 -0.022453
v -0.226228 1.559236 -0.021987
v -0.194782 1.462860 0.044765
v -0.184817 1.468842 0.044743
v -0.175884 1.442219 0.018752
v -0.172265 1.422146 -0.024432
v -0.192838 1.459520 -0.102109
v -0.185691 1.431116 -0.080702
v -0.198940 1.452258 -0.101749
v -0.206642 1.504158 -0.103636
v -0.223223 1.490218 -0.103180
v -0.226078 1.552774 -0.073649
v -0.240881 1.532192 -0.075342
v -0.179028 1.418880 -0.025671
v -0.172265 1.422146 -0.024432
v -0.189771 1.409528 -0.028544
v -0.206802 1.393091 -0.031846
v -0.235812 1.362154 -0.032271
v -0.268447 1.335795 -0.032074
v -0.295740 1.303943 -0.034397
v 0.185028 1.435272 0.016775
v 0.207391 1.451294 0.043733
v 0.195390 1.462860 0.045190
v 0.208043 1.516617 0.038374
v 0.221930 1.549913 0.017058
v 0.226498 1.559236 -0.021987
v 0.331672 1.437694 -0.031439
v 0.306806 1.462807 -0.029131
v 0.322570 1.432721 0.005497
v 0.296740 1.457934 0.006743
v 0.304279 1.417486 0.035334
v 0.277488 1.443325 0.034923
v 0.268484 1.391443 0.042312
v 0.241255 1.419428 0.041860
v 0.246386 1.371710 0.012659
v 0.217421 1.401801 0.014128
v 0.236073 1.362154 -0.032271
v 0.207071 1.393091 -0.031846
v 0.266777 1.386317 -0.097182
v 0.245221 1.370697 -0.082235
v 0.243536 1.409340 -0.096110
v 0.218697 1.401152 -0.084344
v 0.295067 1.409957 -0.096906
v 0.274550 1.433061 -0.094929
v 0.322613 1.431202 -0.073459
v 0.300271 1.456670 -0.071905
v 0.357334 1.411269 -0.032968
v 0.347867 1.404271 0.007687
v 0.330924 1.389871 0.033854
v 0.293984 1.364625 0.042400
v 0.274888 1.346163 0.011986
v 0.268724 1.335795 -0.032074
v 0.293139 1.355045 -0.101865
v 0.274050 1.339414 -0.079545
v 0.321731 1.382286 -0.099227
v 0.346739 1.403635 -0.075516
v 0.285666 1.485024 -0.026858
v 0.276229 1.482668 0.008836
v 0.255318 1.465018 0.034629
v 0.220472 1.439113 0.042211
v 0.197539 1.419872 0.015016
v 0.190041 1.409528 -0.028544
v 0.221762 1.429379 -0.097940
v 0.203527 1.417903 -0.083600
v 0.256597 1.452927 -0.096973
v 0.280340 1.476900 -0.072369
v 0.267068 1.510166 -0.024872
v 0.259056 1.505309 0.010796
v 0.239998 1.483698 0.035823
v 0.178873 1.418116 -0.026096
v 0.209573 1.442245 -0.100036
v 0.190748 1.428302 -0.081926
v 0.242450 1.470882 -0.099586
v 0.263731 1.501600 -0.073222
v 0.237370 1.535194 0.014783
v 0.243640 1.541968 -0.022453
v 0.221930 1.549913 0.017058
v 0.226498 1.559236 -0.021987
v 0.220373 1.507279 0.037326
v 0.208043 1.516617 0.038374
v 0.185087 1.468842 0.044743
v 0.176154 1.442219 0.018752
v 0.172535 1.422146 -0.024432
v 0.185536 1.430691 -0.081126
v 0.199210 1.452258 -0.101749
v 0.193108 1.459520 -0.102109
v 0.223493 1.490218 -0.103180
v 0.206911 1.504158 -0.103636
v 0.241151 1.532192 -0.075342
v 0.226347 1.552774 -0.073649
v 0.178873 1.418116 -0.026096
v 0.172535 1.422146 -0.024432
v 0.190041 1.409528 -0.028544
v 0.207071 1.393091 -0.031846
v 0.236073 1.362154 -0.032271
v 0.268724 1.335795 -0.032074
v 0.226498 1.559236 -0.021987
v 0.226347 1.552774 -0.073649
v 0.206911 1.504158 -0.103636
v 0.061986 1.120461 -0.109974
v 0.016976 1.120341 -0.110934
v 0.063316 1.079084 -0.117628
v 0.113248 1.080756 -0.094025
v 0.053960 1.121011 -0.083239
v 0.053960 1.121011 -0.083239
v 0.113248 1.080756 -0.094025
v 0.100065 1.121403 -0.062966
v 0.151774 1.080844 -0.049814
v 0.100065 1.121403 -0.062966
v 0.151774 1.080844 -0.049814
v 0.123607 1.118514 -0.028034
v 0.165823 1.077531 0.003035
v 0.136223 1.114410 0.008664
v 0.136223 1.114410 0.008664
v 0.160313 1.068880 0.049478
v 0.140739 1.063507 0.089772
v 0.105624 1.055655 0.115031
v 0.063061 1.050117 0.133237
v 0.028443 1.047711 0.140201
v 0.160313 1.068880 0.049478
v 0.141644 1.058187 0.089518
v 0.132427 1.063317 0.078475
v 0.106422 1.045724 0.114855
v 0.102880 1.055394 0.102830
v 0.063905 1.031126 0.134564
v 0.061557 1.049742 0.124619
v 0.028274 1.047462 0.131378
v 0.029500 1.019259 0.141420
v 0.018088 1.047361 0.141473
v 0.017581 1.047381 0.136064
v 0.029500 1.019259 0.141420
v 0.061986 1.120461 -0.109974
v 0.063316 1.079084 -0.117628
v 0.016976 1.120341 -0.110934
v 0.113248 1.080756 -0.094025
v 0.151774 1.080844 -0.049814
v 0.165823 1.077531 0.003035
v 0.165823 1.077531 0.003035
v 0.141644 1.058187 0.089518
v 0.106422 1.045724 0.114855
v 0.063905 1.031126 0.134564
v 0.029500 1.019259 0.141420
v 0.018088 1.047361 0.141473
v 0.054753 1.097893 0.108713
v 0.061557 1.049742 0.124619
v 0.026295 1.095439 0.114870
v 0.026295 1.095439 0.114870
v 0.054753 1.097893 0.108713
v 0.102880 1.055394 0.102830
v 0.089584 1.099779 0.098816
v 0.089584 1.099779 0.098816
v 0.132427 1.063317 0.078475
v 0.112600 1.104678 0.081192
v 0.134276 1.109516 0.045920
v 0.134276 1.109516 0.045920
v 0.160313 1.068880 0.049478
v 0.165823 1.077531 0.003035
v 0.000000 1.094998 0.118168
v 0.017581 1.047381 0.136064
v 0.017581 1.047381 0.136064
v 0.000000 1.094998 0.118168
v 0.368153 1.248536 0.000306
v 0.391553 1.259829 0.002659
v 0.380369 1.264992 0.029942
v 0.395380 1.357286 -0.031721
v 0.401057 1.344491 -0.032052
v 0.390860 1.346462 -0.075870
v 0.397723 1.334032 -0.073606
v 0.363094 1.237177 -0.068502
v 0.381429 1.254371 -0.098975
v 0.385158 1.243782 -0.070070
v 0.413374 1.288361 -0.101943
v 0.412078 1.273784 -0.091128
v 0.434078 1.313572 -0.078092
v 0.423775 1.292579 -0.077451
v 0.436281 1.323040 -0.032688
v 0.436240 1.300737 -0.050453
v 0.425665 1.317603 0.010971
v 0.435076 1.309200 -0.016453
v 0.406707 1.281442 0.023905
v 0.423828 1.300261 0.012413
v 0.405532 1.296702 0.033139
v 0.380865 1.386521 -0.034182
v 0.369252 1.378982 0.006197
v 0.349612 1.362072 0.034146
v 0.321324 1.334350 0.039405
v 0.303017 1.314304 0.011826
v 0.296010 1.303943 -0.034397
v 0.298759 1.307570 -0.076840
v 0.316124 1.324754 -0.105286
v 0.347235 1.353619 -0.103306
v 0.372095 1.377221 -0.079609
v 0.385412 1.351098 0.006005
v 0.368043 1.336707 0.029432
v 0.345002 1.311390 0.031118
v 0.355173 1.286917 -0.094215
v 0.345829 1.295352 -0.097749
v 0.381065 1.313428 -0.093104
v 0.372517 1.322049 -0.096605
v 0.296010 1.303943 -0.034397
v 0.362573 1.240722 -0.030294
v 0.377067 1.240188 -0.025082
v 0.393449 1.339468 0.005929
v 0.377091 1.325417 0.025967
v 0.353935 1.299890 0.027780
v 0.344853 1.286259 0.000083
v 0.330348 1.291335 0.005224
v 0.340418 1.274330 -0.032747
v 0.325782 1.280608 -0.032653
v 0.345467 1.278743 -0.068430
v 0.340418 1.274330 -0.032747
v 0.330421 1.283936 -0.070157
v 0.325782 1.280608 -0.032653
v 0.384279 1.321212 0.032845
v 0.404017 1.339806 0.010071
v 0.377091 1.325417 0.025967
v 0.393449 1.339468 0.005929
v 0.356670 1.289877 0.033671
v 0.353935 1.299890 0.027780
v 0.344853 1.286259 0.000083
v 0.345821 1.273686 0.003593
v 0.341065 1.262529 -0.031958
v 0.340418 1.274330 -0.032747
v 0.338017 1.259067 -0.072646
v 0.341065 1.262529 -0.031958
v 0.345467 1.278743 -0.068430
v 0.340418 1.274330 -0.032747
v 0.355173 1.286917 -0.094215
v 0.358645 1.276547 -0.102489
v 0.381065 1.313428 -0.093104
v 0.388842 1.309267 -0.103423
v 0.397723 1.334032 -0.073606
v 0.409906 1.334192 -0.080962
v 0.401057 1.344491 -0.032052
v 0.413905 1.344491 -0.031808
v 0.370091 1.279022 0.028773
v 0.395240 1.308236 0.028799
v 0.359451 1.264235 -0.001332
v 0.362573 1.240722 -0.030294
v 0.354598 1.252763 -0.031409
v 0.351018 1.249112 -0.069360
v 0.354598 1.252763 -0.031409
v 0.370497 1.266867 -0.098070
v 0.401773 1.298246 -0.099452
v 0.421325 1.322071 -0.078145
v 0.423275 1.331436 -0.031595
v 0.413984 1.326625 0.007800
v 0.377067 1.240188 -0.025082
v 0.443182 1.273649 0.011692
v 0.472087 1.243528 0.010977
v 0.457293 1.281554 -0.019827
v 0.482983 1.251803 -0.018710
v 0.489699 1.221485 0.008208
v 0.500189 1.228175 -0.018232
v 0.428275 1.258371 0.022658
v 0.457293 1.231174 0.021317
v 0.478247 1.209777 0.017187
v 0.410134 1.237043 0.008463
v 0.439160 1.212242 0.010466
v 0.464012 1.191848 0.010749
v 0.395442 1.217568 -0.023087
v 0.425595 1.194737 -0.023856
v 0.452444 1.176791 -0.023437
v 0.395442 1.217568 -0.023087
v 0.410857 1.224736 -0.067085
v 0.425595 1.194737 -0.023856
v 0.438831 1.203376 -0.065445
v 0.452444 1.176791 -0.023437
v 0.465061 1.182742 -0.061531
v 0.461492 1.221668 -0.081519
v 0.435953 1.245232 -0.086840
v 0.486277 1.197732 -0.076755
v 0.501020 1.212997 -0.063305
v 0.479988 1.236572 -0.069193
v 0.452303 1.263668 -0.075231
v 0.506053 1.226059 -0.039968
v 0.486579 1.248291 -0.043912
v 0.462004 1.278561 -0.047955
v 0.435076 1.309200 -0.016453
v 0.436240 1.300737 -0.050453
v 0.377067 1.240188 -0.025082
v 0.385158 1.243782 -0.070070
v 0.412078 1.273784 -0.091128
v 0.423775 1.292579 -0.077451
v 0.391553 1.259829 0.002659
v 0.377067 1.240188 -0.025082
v 0.406707 1.281442 0.023905
v 0.423828 1.300261 0.012413
v -0.391757 1.259829 0.002659
v -0.410134 1.237043 0.008463
v -0.376932 1.240188 -0.025082
v -0.395118 1.357286 -0.031721
v -0.390597 1.346462 -0.075870
v -0.400787 1.344915 -0.032052
v -0.397454 1.334032 -0.073606
v -0.367031 1.243030 -0.069609
v -0.385022 1.243782 -0.070070
v -0.381404 1.253141 -0.102022
v -0.411943 1.273784 -0.091128
v -0.413401 1.288071 -0.103444
v -0.423640 1.292579 -0.077451
v -0.435265 1.314162 -0.079427
v -0.436105 1.300737 -0.050453
v -0.437159 1.323970 -0.032231
v -0.434941 1.309200 -0.016453
v -0.426654 1.318293 0.011802
v -0.406572 1.281442 0.023905
v -0.406308 1.296762 0.034577
v -0.423693 1.300261 0.012413
v -0.391757 1.259829 0.002659
v -0.379460 1.264022 0.031938
v -0.367218 1.247046 0.001378
v -0.385150 1.351437 0.006005
v -0.367780 1.336707 0.029432
v -0.344740 1.311390 0.031118
v -0.372255 1.322049 -0.096605
v -0.345567 1.295352 -0.097749
v -0.380796 1.313428 -0.093104
v -0.354903 1.286917 -0.094215
v -0.376932 1.240188 -0.025082
v -0.361554 1.239052 -0.030286
v -0.393180 1.339043 0.005929
v -0.376821 1.325417 0.025967
v -0.353666 1.299890 0.027780
v -0.330086 1.291335 0.005224
v -0.344583 1.286259 0.000083
v -0.340149 1.274330 -0.032747
v -0.325519 1.280947 -0.032653
v -0.325519 1.280947 -0.032653
v -0.340149 1.274330 -0.032747
v -0.330159 1.283936 -0.070157
v -0.345197 1.278743 -0.068430
v -0.383847 1.322082 0.038963
v -0.376821 1.325417 0.025967
v -0.404253 1.341305 0.014772
v -0.393180 1.339043 0.005929
v -0.355316 1.289272 0.039917
v -0.353666 1.299890 0.027780
v -0.344583 1.286259 0.000083
v -0.344108 1.272986 0.004742
v -0.340149 1.274330 -0.032747
v -0.339223 1.261569 -0.032413
v -0.344791 1.264274 -0.073840
v -0.345197 1.278743 -0.068430
v -0.339223 1.261569 -0.032413
v -0.340149 1.274330 -0.032747
v -0.354903 1.286917 -0.094215
v -0.357893 1.276057 -0.107379
v -0.388527 1.309727 -0.105492
v -0.380796 1.313428 -0.093104
v -0.410289 1.335511 -0.082428
v -0.397454 1.334032 -0.073606
v -0.414486 1.346531 -0.031818
v -0.400787 1.344915 -0.032052
v -0.369172 1.278472 0.033583
v -0.395189 1.308676 0.032702
v -0.358190 1.262781 0.000477
v -0.361554 1.239052 -0.030286
v -0.352460 1.251493 -0.031423
v -0.358168 1.254763 -0.070109
v -0.352460 1.251493 -0.031423
v -0.369717 1.266047 -0.102128
v -0.401863 1.298286 -0.101352
v -0.422075 1.322951 -0.079496
v -0.424184 1.332706 -0.031588
v -0.414570 1.327675 0.010014
v -0.376932 1.240188 -0.025082
v -0.482983 1.251803 -0.018710
v -0.472087 1.243528 0.010977
v -0.457293 1.281554 -0.019827
v -0.443182 1.273649 0.011692
v -0.500189 1.228175 -0.018232
v -0.489699 1.221485 0.008208
v -0.428275 1.258371 0.022658
v -0.457293 1.231174 0.021317
v -0.478247 1.209777 0.017187
v -0.439160 1.212242 0.010466
v -0.464012 1.191848 0.010749
v -0.395442 1.217568 -0.023087
v -0.425595 1.194737 -0.023856
v -0.452444 1.176791 -0.023437
v -0.395442 1.217568 -0.023087
v -0.425595 1.194737 -0.023856
v -0.410857 1.224736 -0.067085
v -0.438831 1.203376 -0.065445
v -0.452444 1.176791 -0.023437
v -0.465061 1.182742 -0.061531
v -0.435953 1.245232 -0.086840
v -0.461492 1.221668 -0.081519
v -0.486277 1.197732 -0.076755
v -0.501020 1.212997 -0.063305
v -0.479988 1.236572 -0.069193
v -0.452303 1.263668 -0.075231
v -0.506053 1.226059 -0.039968
v -0.486579 1.248291 -0.043912
v -0.462004 1.278561 -0.047955
v -0.436105 1.300737 -0.050453
v -0.434941 1.309200 -0.016453
v -0.376932 1.240188 -0.025082
v -0.385022 1.243782 -0.070070
v -0.411943 1.273784 -0.091128
v -0.423640 1.292579 -0.077451
v -0.406572 1.281442 0.023905
v -0.423693 1.300261 0.012413
v 0.701163 0.988649 -0.006286
v 0.711167 0.970406 -0.006390
v 0.696601 0.984765 -0.008118
v 0.700940 0.989478 0.010726
v 0.697042 0.985830 0.012494
v 0.714725 0.973996 0.010992
v 0.711851 0.971138 0.012254
v 0.715903 0.966890 0.010105
v 0.719142 0.970119 0.009232
v 0.718224 0.969646 -0.003405
v 0.715324 0.966757 -0.003146
v 0.713864 0.973524 -0.005256
v 0.703512 0.989884 0.002205
v 0.717720 0.975009 0.002802
v 0.715822 0.973717 -0.003500
v 0.716578 0.974251 0.008781
v 0.721437 0.969699 0.003076
v 0.721437 0.969699 0.003076
v 0.697042 0.985830 0.012494
v 0.691033 0.980314 0.009923
v 0.711851 0.971138 0.012254
v 0.708645 0.965990 0.010194
v 0.690258 0.978881 0.002498
v 0.708454 0.965186 0.003217
v 0.690792 0.979750 -0.005279
v 0.708233 0.965613 -0.003605
v 0.696601 0.984765 -0.008118
v 0.711167 0.970406 -0.006390
v 0.715324 0.966757 -0.003146
v 0.715903 0.966890 0.010105
v 0.717047 0.965812 0.003297
v 0.715324 0.966757 -0.003146
v 0.717047 0.965812 0.003297
v 0.717047 0.965812 0.003297
v 0.017738 1.076842 -0.119795
v 0.013970 1.121390 -0.080976
v 0.001063 1.076712 -0.120005
v 0.001063 1.076712 -0.120005
v 0.013970 1.121390 -0.080976
v 0.000000 1.121400 -0.078757
v 0.017738 1.076842 -0.119795
v 0.000134 1.121291 -0.111225
v 0.001063 1.076712 -0.120005
v 0.017738 1.076842 -0.119795
v -0.013970 1.121390 -0.080976
v -0.013970 1.121390 -0.080976
v -0.017468 1.076842 -0.119795
v -0.053960 1.121011 -0.083239
v -0.017468 1.076842 -0.119795
v -0.053960 1.121011 -0.083239
v -0.063047 1.079084 -0.117628
v -0.112978 1.080756 -0.094025
v -0.112978 1.080756 -0.094025
v -0.100065 1.121403 -0.062966
v -0.100065 1.121403 -0.062966
v -0.151505 1.080844 -0.049814
v -0.151505 1.080844 -0.049814
v -0.123607 1.118514 -0.028034
v -0.165553 1.077531 0.003035
v -0.136223 1.114410 0.008664
v -0.136223 1.114410 0.008664
v -0.160043 1.068880 0.049478
v -0.140469 1.063507 0.089772
v -0.105354 1.055655 0.115031
v -0.062792 1.050117 0.133237
v -0.028173 1.047711 0.140201
v -0.160043 1.068880 0.049478
v -0.132157 1.063317 0.078475
v -0.141374 1.058187 0.089518
v -0.102610 1.055394 0.102830
v -0.106152 1.045724 0.114855
v -0.061287 1.049742 0.124619
v -0.063635 1.031126 0.134564
v -0.029231 1.019259 0.141420
v -0.028004 1.047462 0.131378
v -0.017818 1.047361 0.141473
v -0.029231 1.019259 0.141420
v -0.017311 1.047381 0.136064
v 0.001063 1.076712 -0.120005
v -0.017468 1.076842 -0.119795
v 0.000134 1.121291 -0.111225
v -0.016706 1.121281 -0.110934
v -0.063047 1.079084 -0.117628
v -0.061716 1.121281 -0.109974
v -0.112978 1.080756 -0.094025
v -0.151505 1.080844 -0.049814
v -0.165553 1.077531 0.003035
v -0.165553 1.077531 0.003035
v -0.141374 1.058187 0.089518
v -0.106152 1.045724 0.114855
v -0.063635 1.031126 0.134564
v -0.029231 1.019259 0.141420
v -0.017818 1.047361 0.141473
v 0.000000 1.094998 0.118168
v 0.000134 1.093848 0.138557
v -0.026295 1.095439 0.114870
v -0.026295 1.095439 0.114870
v -0.061287 1.049742 0.124619
v -0.054753 1.097893 0.108714
v -0.089584 1.099779 0.098816
v -0.102610 1.055394 0.102830
v -0.054753 1.097893 0.108714
v -0.112600 1.104678 0.081192
v -0.132157 1.063317 0.078475
v -0.089584 1.099779 0.098816
v -0.134276 1.109516 0.045920
v -0.134276 1.109516 0.045920
v -0.165553 1.077531 0.003035
v -0.017311 1.047381 0.136064
v -0.017311 1.047381 0.136064
v 0.664687 1.007290 -0.015064
v 0.650888 1.018050 -0.016711
v 0.663700 1.005920 -0.022036
v 0.642067 1.021640 -0.024239
v 0.649032 1.018890 -0.031646
v 0.649401 1.016780 -0.024067
v 0.664021 1.006160 -0.029665
v 0.683819 0.986071 -0.020222
v 0.669852 1.000060 -0.021514
v 0.684033 0.986391 -0.027060
v 0.682754 1.011860 -0.014573
v 0.683941 1.012220 -0.022432
v 0.679374 1.016470 -0.014561
v 0.680803 1.017450 -0.022780
v 0.678940 1.014150 -0.030434
v 0.682182 1.009710 -0.029848
v 0.677001 1.005060 -0.031768
v 0.673469 1.008770 -0.032512
v 0.674459 1.010890 -0.012160
v 0.678149 1.006720 -0.012518
v 0.677001 1.005060 -0.031768
v 0.670119 1.000250 -0.028799
v 0.673469 1.008770 -0.032512
v 0.670903 1.001620 -0.015212
v 0.684923 0.988057 -0.013863
v 0.678149 1.006720 -0.012518
v 0.674459 1.010890 -0.012160
v 0.660079 1.034310 -0.032232
v 0.654875 1.026280 -0.034167
v 0.609128 1.090610 -0.044626
v 0.620418 1.074690 -0.048049
v 0.598253 1.082580 -0.051359
v 0.610503 1.066070 -0.053053
v 0.662456 1.035990 -0.024899
v 0.653336 1.047510 -0.025101
v 0.661169 1.035600 -0.017093
v 0.645495 1.061410 -0.017299
v 0.639413 1.059210 -0.038841
v 0.616414 1.098180 -0.018174
v 0.613482 1.100100 0.005115
v 0.631376 1.082240 -0.012699
v 0.628484 1.083120 0.010840
v 0.625859 1.076400 -0.039651
v 0.641726 1.062540 0.025024
v 0.646059 1.062770 0.017578
v 0.645258 1.064470 0.005049
v 0.633593 1.058780 -0.051005
v 0.623835 1.049250 -0.053322
v 0.608597 1.053250 -0.031811
v 0.585136 1.074380 -0.030709
v 0.604853 1.055640 -0.048804
v 0.587704 1.076340 -0.046407
v 0.654875 1.026280 -0.034167
v 0.656852 1.027000 -0.014606
v 0.656852 1.027000 -0.014606
v 0.696724 0.994545 -0.028058
v 0.701573 0.992764 -0.020857
v 0.700957 0.992379 -0.013356
v 0.710825 0.979947 -0.014529
v 0.710434 0.978216 -0.012163
v 0.711675 0.980866 -0.019907
v 0.709223 0.979728 -0.024924
v 0.699549 0.991066 -0.027511
v 0.708212 0.977479 -0.026899
v 0.714825 0.975754 -0.019406
v 0.712094 0.975441 -0.024830
v 0.713428 0.975890 -0.014145
v 0.710608 0.970607 -0.013926
v 0.710787 0.969643 -0.019210
v 0.709723 0.970568 -0.024430
v 0.705633 0.973797 -0.027539
v 0.694082 0.985599 -0.029460
v 0.695504 0.987792 -0.011747
v 0.707498 0.974455 -0.011673
v 0.707498 0.974455 -0.011673
v 0.695504 0.987792 -0.011747
v 0.703786 0.970224 -0.013490
v 0.689794 0.983093 -0.013768
v 0.710608 0.970607 -0.013926
v 0.710787 0.969643 -0.019210
v 0.703340 0.969276 -0.019245
v 0.709723 0.970568 -0.024430
v 0.703392 0.969574 -0.025256
v 0.688849 0.981629 -0.019754
v 0.689196 0.981561 -0.026418
v 0.705633 0.973797 -0.027539
v 0.694082 0.985599 -0.029460
v 0.698552 0.996809 -0.020913
v 0.697703 0.996269 -0.013499
v 0.691933 0.988910 -0.029911
v 0.693205 0.991197 -0.011928
v 0.691933 0.988910 -0.029911
v 0.693205 0.991197 -0.011928
v 0.653262 1.047580 -0.016993
v 0.653555 1.031670 -0.014430
v 0.654916 1.047780 -0.012749
v 0.656766 1.049920 -0.003676
v 0.643765 1.022060 -0.010284
v 0.652194 1.018330 -0.009951
v 0.643009 1.020960 -0.002534
v 0.650486 1.016050 -0.001454
v 0.660671 1.026480 -0.012062
v 0.653132 1.031600 -0.013600
v 0.665582 1.034970 -0.009433
v 0.653132 1.031600 -0.013600
v 0.660671 1.026480 -0.012062
v 0.667631 1.036560 -0.001061
v 0.665722 1.035940 0.007302
v 0.651679 1.019480 0.006359
v 0.653555 1.031670 -0.014430
v 0.643164 1.022410 -0.016340
v 0.653132 1.031600 -0.013600
v 0.653132 1.031600 -0.013600
v 0.637001 1.025960 -0.004253
v 0.634982 1.027610 -0.022488
v 0.665488 1.005820 0.008428
v 0.664715 1.004020 0.000632
v 0.665882 1.005350 -0.007877
v 0.660094 1.027750 0.009653
v 0.624363 1.039580 -0.030327
v -0.703512 0.989884 0.002205
v -0.713864 0.973524 -0.005256
v -0.715822 0.973717 -0.003500
v -0.700940 0.989478 0.010726
v -0.714725 0.973996 0.010992
v -0.697042 0.985830 0.012494
v -0.711851 0.971138 0.012254
v -0.719142 0.970119 0.009232
v -0.715903 0.966890 0.010105
v -0.718224 0.969646 -0.003405
v -0.715324 0.966757 -0.003146
v -0.711167 0.970406 -0.006390
v -0.701163 0.988649 -0.006286
v -0.696601 0.984765 -0.008118
v -0.717720 0.975009 0.002802
v -0.716578 0.974251 0.008781
v -0.721437 0.969699 0.003076
v -0.721437 0.969699 0.003076
v -0.708645 0.965990 0.010194
v -0.691033 0.980314 0.009923
v -0.711851 0.971138 0.012254
v -0.697042 0.985830 0.012494
v -0.690258 0.978881 0.002498
v -0.708454 0.965186 0.003217
v -0.708233 0.965613 -0.003605
v -0.690792 0.979750 -0.005279
v -0.711167 0.970406 -0.006390
v -0.696601 0.984765 -0.008118
v -0.715324 0.966757 -0.003146
v -0.717047 0.965812 0.003297
v -0.715903 0.966890 0.010105
v -0.715324 0.966757 -0.003146
v -0.717047 0.965812 0.003297
v -0.717047 0.965812 0.003297
v -0.699549 0.991066 -0.027511
v -0.694082 0.985599 -0.029460
v -0.708212 0.977479 -0.026899
v -0.710434 0.978216 -0.012163
v -0.700957 0.992379 -0.013356
v -0.710825 0.979947 -0.014529
v -0.701573 0.992764 -0.020857
v -0.711675 0.980866 -0.019907
v -0.709223 0.979728 -0.024924
v -0.712094 0.975441 -0.024830
v -0.714825 0.975754 -0.019406
v -0.713428 0.975890 -0.014145
v -0.710787 0.969643 -0.019210
v -0.710608 0.970607 -0.013926
v -0.710787 0.969643 -0.019210
v -0.709723 0.970568 -0.024430
v -0.705633 0.973797 -0.027539
v -0.707498 0.974455 -0.011673
v -0.695504 0.987792 -0.011747
v -0.707498 0.974455 -0.011673
v -0.703786 0.970224 -0.013490
v -0.695504 0.987792 -0.011747
v -0.689794 0.983093 -0.013768
v -0.710608 0.970607 -0.013926
v -0.710787 0.969643 -0.019210
v -0.703340 0.969276 -0.019245
v -0.709723 0.970568 -0.024430
v -0.703392 0.969574 -0.025256
v -0.689196 0.981561 -0.026418
v -0.688849 0.981629 -0.019754
v -0.705633 0.973797 -0.027539
v -0.694082 0.985599 -0.029460
v 0.622093 1.037600 0.013927
v 0.637643 1.059060 0.028993
v 0.645891 1.054320 0.028600
v 0.649530 1.018840 0.013965
v 0.647521 1.017520 0.022559
v 0.641549 1.023290 0.012394
v 0.637868 1.024820 0.020591
v 0.661705 1.009160 0.015895
v 0.659873 1.007970 0.023835
v 0.656893 1.026500 0.011032
v 0.649995 1.032260 0.009350
v 0.660125 1.037090 0.014609
v 0.650757 1.051170 0.011425
v 0.649995 1.032260 0.009350
v 0.656893 1.026500 0.011032
v 0.641075 1.043550 0.033811
v 0.636109 1.031460 0.030071
v 0.654422 1.030870 0.034284
v 0.647690 1.021740 0.030532
v 0.641075 1.043550 0.033811
v 0.659125 1.038660 0.030555
v 0.654422 1.030870 0.034284
v 0.661833 1.038100 0.022623
v 0.651820 1.052600 0.019497
v 0.660509 1.009900 0.031023
v 0.653679 1.050050 0.006252
v 0.650026 1.032420 0.008690
v 0.642490 1.022310 0.006133
v 0.650026 1.032420 0.008690
v 0.660094 1.027750 0.009653
v 0.649995 1.032260 0.009350
v 0.649995 1.032260 0.009350
v 0.633380 1.028900 0.018927
v 0.543961 1.167107 -0.053884
v 0.534673 1.170457 0.004773
v 0.546031 1.176057 -0.024417
v 0.576827 1.131069 0.003192
v 0.583998 1.133644 -0.022978
v 0.526004 1.161828 0.011852
v 0.566448 1.121581 0.011258
v 0.515560 1.150995 0.003929
v 0.559912 1.111959 0.002234
v 0.510236 1.141725 -0.022717
v 0.555279 1.105445 -0.019901
v 0.510236 1.141725 -0.022717
v 0.516729 1.144122 -0.053095
v 0.555279 1.105445 -0.019901
v 0.561575 1.107776 -0.043474
v 0.532933 1.154192 -0.063803
v 0.570787 1.115705 -0.052218
v 0.580508 1.127147 -0.045217
v 0.592021 1.112030 -0.042366
v 0.595208 1.119330 -0.021888
v 0.581587 1.103400 -0.048370
v 0.590295 1.119050 0.003723
v 0.578201 1.110620 0.012370
v 0.570754 1.099880 0.005246
v 0.568021 1.093740 -0.016784
v 0.568021 1.093740 -0.016784
v 0.572570 1.097390 -0.040196
v 0.599487 1.101370 -0.042879
v 0.606088 1.108870 -0.020624
v 0.590034 1.092120 -0.048397
v 0.601244 1.109170 0.004085
v 0.587694 1.103150 0.014098
v 0.577897 1.088570 0.007254
v 0.579449 1.096160 0.013222
v 0.576338 1.086720 -0.017352
v 0.579558 1.086730 -0.039401
v 0.576338 1.086720 -0.017352
v 0.676523 1.018290 0.015570
v 0.667614 1.003160 0.031562
v 0.667135 1.001230 0.024240
v 0.668935 1.002420 0.016844
v 0.678485 0.991302 0.025361
v 0.679921 0.991774 0.018295
v 0.679444 0.993281 0.032310
v 0.674922 1.007750 0.013735
v 0.671609 1.011530 0.012819
v 0.675358 1.019460 0.033052
v 0.679158 1.014960 0.033057
v 0.677823 1.021440 0.024179
v 0.681510 1.015650 0.024575
v 0.679653 1.013720 0.016374
v 0.671609 1.011530 0.012819
v 0.674922 1.007750 0.013735
v 0.670485 1.013050 0.035636
v 0.674271 1.009120 0.035561
v 0.674271 1.009120 0.035561
v 0.670485 1.013050 0.035636
v 0.671115 1.000150 0.008813
v 0.675479 1.010160 0.011698
v 0.684236 1.011520 0.009137
v 0.698274 0.993762 0.010444
v 0.685914 1.011830 0.000853
v 0.700393 0.995058 0.002210
v 0.680882 1.016490 0.009129
v 0.675479 1.010160 0.011698
v 0.678703 1.007090 0.011615
v 0.693882 0.989417 0.012384
v 0.682506 1.017560 0.000345
v 0.681029 1.015910 -0.008348
v 0.676426 1.009380 -0.010483
v 0.693997 0.988376 -0.008619
v 0.698442 0.993320 -0.006416
v 0.679664 1.005750 -0.009900
v 0.684848 1.010740 -0.007693
v 0.676426 1.009380 -0.010483
v 0.679664 1.005750 -0.009900
v 0.671875 0.999320 -0.007211
v 0.670668 0.998047 0.001102
v 0.678703 1.007090 0.011615
v 0.693882 0.989417 0.012384
v 0.685666 0.985820 0.009609
v 0.684813 0.984006 0.002177
v 0.685800 0.985091 -0.005542
v 0.693997 0.988376 -0.008619
v 0.640546 1.023000 -0.032231
v 0.659292 1.012560 -0.036483
v 0.651504 1.029090 -0.035691
v 0.645880 1.023490 -0.036726
v 0.645022 1.023330 -0.048934
v 0.658914 1.012380 -0.047833
v 0.644518 1.021990 -0.042962
v 0.658208 1.011580 -0.041800
v 0.649057 1.028970 -0.052223
v 0.644432 1.046290 -0.052521
v 0.638197 1.038980 -0.053754
v 0.648883 1.031560 -0.035039
v 0.650062 1.046050 -0.034368
v 0.648883 1.031560 -0.035039
v 0.648206 1.047110 -0.037478
v 0.648802 1.046440 -0.045182
v 0.648925 1.031960 -0.035604
v 0.648925 1.031960 -0.035604
v 0.640159 1.025540 -0.036605
v 0.654955 1.035920 -0.051145
v 0.637295 1.030020 -0.051601
v 0.648925 1.031960 -0.035604
v 0.648925 1.031960 -0.035604
v 0.656443 1.036710 -0.038069
v 0.651504 1.029090 -0.035691
v 0.656743 1.037100 -0.044423
v 0.639763 1.025880 -0.044181
v 0.619896 1.041730 -0.047410
v 0.632838 1.030240 -0.045962
v 0.684434 0.987565 0.032404
v 0.684054 0.985090 0.025719
v 0.694850 0.995536 0.018043
v 0.706430 0.978912 0.019335
v 0.691161 0.991307 0.015841
v 0.703028 0.975974 0.018075
v 0.706072 0.972887 0.020579
v 0.709010 0.975970 0.021302
v 0.696844 0.996836 0.026142
v 0.707840 0.980270 0.021382
v 0.706828 0.980957 0.032471
v 0.708648 0.981198 0.026949
v 0.694054 0.996457 0.033913
v 0.705630 0.981088 0.034512
v 0.708386 0.977077 0.032772
v 0.711254 0.976721 0.027329
v 0.711254 0.976721 0.027329
v 0.706114 0.973891 0.034645
v 0.706838 0.972377 0.027296
v 0.706838 0.972377 0.027296
v 0.689543 0.993001 0.036286
v 0.702672 0.978012 0.035808
v 0.706114 0.973891 0.034645
v 0.698757 0.972931 0.032883
v 0.706838 0.972377 0.027296
v 0.699051 0.971018 0.026805
v 0.699430 0.972344 0.021270
v 0.706072 0.972887 0.020579
v 0.685080 0.986448 0.018756
v 0.691161 0.991307 0.015841
v 0.703028 0.975974 0.018075
v 0.689543 0.993001 0.036286
v 0.702672 0.978012 0.035808
v 0.688419 0.995036 0.015383
v 0.690774 1.000800 0.033742
v 0.693099 1.001800 0.025712
v 0.688419 0.995036 0.015383
v 0.691650 0.999386 0.017640
v 0.687130 0.996314 0.036132
v 0.687130 0.996314 0.036132
v -0.546031 1.176057 -0.024417
v -0.534673 1.170457 0.004773
v -0.526004 1.161828 0.011852
v -0.515560 1.150995 0.003929
v -0.510236 1.141725 -0.022717
v -0.510236 1.141725 -0.022717
v -0.516729 1.144122 -0.053095
v -0.532933 1.154192 -0.063803
v -0.543961 1.167107 -0.053884
v -0.696724 0.994545 -0.028058
v -0.698552 0.996809 -0.020913
v -0.683941 1.012220 -0.022432
v -0.682754 1.011860 -0.014573
v -0.697703 0.996269 -0.013499
v -0.682182 1.009710 -0.029848
v -0.691933 0.988910 -0.029911
v -0.677001 1.005060 -0.031768
v -0.693205 0.991197 -0.011928
v -0.678149 1.006720 -0.012518
v -0.670119 1.000250 -0.028799
v -0.684033 0.986391 -0.027060
v -0.677001 1.005060 -0.031768
v -0.691933 0.988910 -0.029911
v -0.683819 0.986071 -0.020222
v -0.669852 1.000060 -0.021514
v -0.684923 0.988057 -0.013863
v -0.670903 1.001620 -0.015212
v -0.693205 0.991197 -0.011928
v -0.678149 1.006720 -0.012518
v -0.685666 0.985820 0.009609
v -0.693882 0.989417 0.012384
v -0.700393 0.995058 0.002210
v -0.698274 0.993762 0.010444
v -0.685914 1.011830 0.000853
v -0.684236 1.011520 0.009137
v -0.693882 0.989417 0.012384
v -0.678703 1.007090 0.011615
v -0.698442 0.993320 -0.006416
v -0.693997 0.988376 -0.008619
v -0.684848 1.010740 -0.007693
v -0.679664 1.005750 -0.009900
v -0.678703 1.007090 0.011615
v -0.671115 1.000150 0.008813
v -0.684813 0.984006 0.002177
v -0.685800 0.985091 -0.005542
v -0.670668 0.998047 0.001102
v -0.671875 0.999320 -0.007211
v -0.679664 1.005750 -0.009900
v -0.693997 0.988376 -0.008619
v -0.580508 1.127147 -0.045217
v -0.583998 1.133644 -0.022978
v -0.576827 1.131069 0.003192
v -0.566448 1.121581 0.011258
v -0.559912 1.111959 0.002234
v -0.555279 1.105445 -0.019901
v -0.561575 1.107776 -0.043474
v -0.555279 1.105445 -0.019901
v -0.570787 1.115705 -0.052218
v -0.592021 1.112030 -0.042366
v -0.595208 1.119330 -0.021888
v -0.581587 1.103400 -0.048370
v -0.590295 1.119050 0.003723
v -0.578201 1.110620 0.012370
v -0.568021 1.093740 -0.016784
v -0.570754 1.099880 0.005246
v -0.568021 1.093740 -0.016784
v -0.572570 1.097390 -0.040196
v -0.609128 1.090610 -0.044626
v -0.616414 1.098180 -0.018174
v -0.599487 1.101370 -0.042879
v -0.606088 1.108870 -0.020624
v -0.610503 1.066070 -0.053053
v -0.620418 1.074690 -0.048049
v -0.598253 1.082580 -0.051359
v -0.590034 1.092120 -0.048397
v -0.601244 1.109170 0.004085
v -0.587694 1.103150 0.014098
v -0.613482 1.100100 0.005115
v -0.631037 1.082240 -0.012699
v -0.628484 1.083120 0.010840
v -0.625859 1.076400 -0.039651
v -0.646059 1.062770 0.017578
v -0.641726 1.062540 0.025024
v -0.645258 1.064470 0.005049
v -0.645495 1.061410 -0.017299
v -0.639413 1.059210 -0.038841
v -0.633593 1.058780 -0.051005
v -0.623835 1.049250 -0.053322
v -0.579449 1.096160 0.013222
v -0.577897 1.088570 0.007254
v -0.587704 1.076340 -0.046407
v -0.585136 1.074380 -0.030709
v -0.604853 1.055640 -0.048804
v -0.608597 1.053250 -0.031811
v -0.579558 1.086730 -0.039401
v -0.576338 1.086720 -0.017352
v -0.576338 1.086720 -0.017352
v 0.695109 0.987011 -0.046926
v 0.685537 0.997117 -0.048190
v 0.697186 0.989678 -0.046461
v 0.700634 0.987656 -0.044646
v 0.697936 0.984105 -0.044691
v 0.688743 0.999704 -0.047328
v 0.689562 1.001300 -0.034931
v 0.686169 0.998102 -0.033422
v 0.697680 0.990239 -0.033972
v 0.695580 0.987744 -0.033097
v 0.700688 0.987956 -0.035286
v 0.698054 0.984575 -0.034615
v 0.686169 0.998102 -0.033422
v 0.680764 0.993474 -0.035301
v 0.695580 0.987744 -0.033097
v 0.692875 0.982392 -0.034436
v 0.698054 0.984575 -0.034615
v 0.698880 0.982783 -0.039545
v 0.692268 0.981622 -0.039266
v 0.692698 0.982123 -0.044078
v 0.697936 0.984105 -0.044691
v 0.679736 0.992513 -0.040526
v 0.680301 0.993093 -0.045891
v 0.698880 0.982783 -0.039545
v 0.701881 0.987400 -0.040090
v 0.690669 1.001930 -0.041274
v 0.698841 0.991194 -0.036006
v 0.699655 0.991782 -0.040596
v 0.698796 0.990852 -0.044923
v 0.603646 1.023690 0.063895
v 0.610830 1.020780 0.070368
v 0.609589 1.028190 0.066094
v 0.605462 1.016490 0.069427
v 0.603646 1.023690 0.063895
v 0.603341 1.019420 0.058502
v 0.605462 1.016490 0.069427
v 0.605866 1.011950 0.065095
v 0.611822 1.008100 0.077352
v 0.612120 1.004880 0.074717
v 0.613873 1.011480 0.077740
v 0.611822 1.008100 0.077352
v 0.617094 1.028340 0.064617
v 0.617499 1.021040 0.068915
v 0.622497 1.024820 0.059282
v 0.623039 1.017710 0.064319
v 0.620645 1.010090 0.077848
v 0.624180 1.009600 0.072452
v 0.622503 1.019830 0.052569
v 0.623822 1.013250 0.059406
v 0.624365 1.006150 0.072133
v 0.619343 1.006150 0.076703
v 0.619343 1.006150 0.076703
v 0.617503 1.002790 0.073151
v 0.624365 1.006150 0.072133
v 0.622200 1.003300 0.069536
v 0.619343 1.006150 0.076703
v 0.612751 1.009320 0.060518
v 0.619951 1.009220 0.058361
v 0.623822 1.013250 0.059406
v 0.622503 1.019830 0.052569
v 0.618285 1.016490 0.051053
v 0.610392 1.016790 0.053120
v -0.617662 1.081960 0.024132
v -0.607529 1.100380 0.012429
v -0.593671 1.097010 0.018322
v -0.637643 1.059060 0.028993
v -0.583901 1.072920 -0.000583
v -0.604629 1.055870 -0.004818
v -0.577897 1.088570 0.007254
v -0.584017 1.063010 0.006361
v -0.580625 1.080290 0.015165
v -0.601414 1.052280 0.002293
v -0.580625 1.080290 0.015165
v -0.585700 1.090250 0.020794
v -0.696844 0.996836 0.026142
v -0.707840 0.980270 0.021382
v -0.708648 0.981198 0.026949
v -0.703028 0.975974 0.018075
v -0.706430 0.978912 0.019335
v -0.691161 0.991307 0.015841
v -0.694850 0.995536 0.018043
v -0.706072 0.972887 0.020579
v -0.709010 0.975970 0.021302
v -0.706828 0.980957 0.032471
v -0.694054 0.996457 0.033913
v -0.705630 0.981088 0.034512
v -0.708386 0.977077 0.032772
v -0.711254 0.976721 0.027329
v -0.711254 0.976721 0.027329
v -0.706838 0.972377 0.027296
v -0.706114 0.973891 0.034645
v -0.702672 0.978012 0.035808
v -0.689543 0.993001 0.036286
v -0.706114 0.973891 0.034645
v -0.706838 0.972377 0.027296
v -0.698757 0.972931 0.032883
v -0.699051 0.971018 0.026805
v -0.706072 0.972887 0.020579
v -0.699430 0.972344 0.021270
v -0.685080 0.986448 0.018756
v -0.684054 0.985090 0.025719
v -0.684434 0.987565 0.032404
v -0.691161 0.991307 0.015841
v -0.703028 0.975974 0.018075
v -0.702672 0.978012 0.035808
v -0.689543 0.993001 0.036286
v 0.671324 1.020280 -0.049537
v 0.673208 1.022570 -0.043128
v 0.675195 1.016210 -0.048934
v 0.667411 1.015450 -0.051188
v 0.682593 1.000130 -0.048539
v 0.685879 1.003910 -0.047502
v 0.670822 1.011970 -0.050558
v 0.687952 1.005600 -0.041361
v 0.676921 1.017420 -0.042773
v 0.675970 1.016640 -0.036341
v 0.686743 1.004870 -0.035235
v 0.671897 1.020460 -0.036469
v 0.667880 1.015480 -0.034345
v 0.671696 1.011960 -0.033943
v 0.683428 1.001130 -0.033262
v 0.667880 1.015480 -0.034345
v 0.664554 1.007170 -0.047720
v 0.664019 1.006380 -0.041676
v 0.665046 1.007730 -0.036321
v 0.671696 1.011960 -0.033943
v 0.683428 1.001130 -0.033262
v 0.676025 0.998241 -0.035330
v 0.675373 0.997943 -0.046654
v 0.674694 0.997342 -0.040985
v -0.698796 0.990852 -0.044923
v -0.700634 0.987656 -0.044646
v -0.699655 0.991782 -0.040596
v -0.697186 0.989678 -0.046461
v -0.697936 0.984105 -0.044691
v -0.695109 0.987011 -0.046926
v -0.688743 0.999704 -0.047328
v -0.685537 0.997117 -0.048190
v -0.689562 1.001300 -0.034931
v -0.697680 0.990239 -0.033972
v -0.686169 0.998102 -0.033422
v -0.695580 0.987744 -0.033097
v -0.700688 0.987956 -0.035286
v -0.698054 0.984575 -0.034615
v -0.692875 0.982392 -0.034436
v -0.680764 0.993474 -0.035301
v -0.695580 0.987744 -0.033097
v -0.686169 0.998102 -0.033422
v -0.698054 0.984575 -0.034615
v -0.692268 0.981622 -0.039266
v -0.698880 0.982783 -0.039545
v -0.697936 0.984105 -0.044691
v -0.692698 0.982123 -0.044078
v -0.680301 0.993093 -0.045891
v -0.679736 0.992513 -0.040526
v -0.701881 0.987400 -0.040090
v -0.698880 0.982783 -0.039545
v -0.698880 0.982783 -0.039545
v -0.690669 1.001930 -0.041274
v -0.698841 0.991194 -0.036006
v -0.674922 1.007750 0.013735
v -0.691650 0.999386 0.017640
v -0.679653 1.013720 0.016374
v -0.678485 0.991302 0.025361
v -0.679444 0.993281 0.032310
v -0.679921 0.991774 0.018295
v -0.668935 1.002420 0.016844
v -0.667135 1.001230 0.024240
v -0.667614 1.003160 0.031562
v -0.688419 0.995036 0.015383
v -0.674922 1.007750 0.013735
v -0.693099 1.001800 0.025712
v -0.690774 1.000800 0.033742
v -0.681510 1.015650 0.024575
v -0.679158 1.014960 0.033057
v -0.688419 0.995036 0.015383
v -0.687130 0.996314 0.036132
v -0.674271 1.009120 0.035561
v -0.687130 0.996314 0.036132
v -0.674271 1.009120 0.035561
v -0.624365 1.006150 0.072133
v -0.624180 1.009600 0.072452
v -0.623822 1.013250 0.059406
v -0.609589 1.028190 0.066094
v -0.610830 1.020780 0.070368
v -0.603646 1.023690 0.063895
v -0.605462 1.016490 0.069427
v -0.603646 1.023690 0.063895
v -0.605462 1.016490 0.069427
v -0.603341 1.019420 0.058502
v -0.605866 1.011950 0.065095
v -0.611822 1.008100 0.077352
v -0.612120 1.004880 0.074717
v -0.613873 1.011480 0.077740
v -0.611822 1.008100 0.077352
v -0.617094 1.028340 0.064617
v -0.622497 1.024820 0.059282
v -0.617499 1.021040 0.068915
v -0.623039 1.017710 0.064319
v -0.620645 1.010090 0.077848
v -0.622503 1.019830 0.052569
v -0.619343 1.006150 0.076703
v -0.622200 1.003300 0.069536
v -0.617503 1.002790 0.073151
v -0.624365 1.006150 0.072133
v -0.619343 1.006150 0.076703
v -0.619951 1.009220 0.058361
v -0.612751 1.009320 0.060518
v -0.623822 1.013250 0.059406
v -0.622503 1.019830 0.052569
v -0.618285 1.016490 0.051053
v -0.610392 1.016790 0.053120
v 0.580625 1.080290 0.015165
v 0.583901 1.072920 -0.000583
v 0.584017 1.063010 0.006361
v 0.631392 1.047980 0.032338
v 0.627612 1.039780 0.027124
v 0.607529 1.100380 0.012429
v 0.593671 1.097010 0.018322
v 0.628849 1.056770 0.032208
v 0.631392 1.047980 0.032338
v 0.617662 1.081960 0.024132
v 0.604629 1.055870 -0.004818
v 0.577897 1.088570 0.007254
v 0.601414 1.052280 0.002293
v 0.585700 1.090250 0.020794
v 0.580625 1.080290 0.015165
v -0.621404 1.028900 0.055856
v -0.604158 1.079550 0.032477
v -0.616926 1.055710 0.040042
v -0.610708 1.057280 0.043804
v -0.612087 1.048610 0.047778
v -0.618988 1.044340 0.041669
v -0.616028 1.031930 0.061815
v -0.593120 1.075670 0.033985
v -0.600224 1.056880 0.043678
v -0.603790 1.047800 0.049105
v -0.608896 1.032150 0.063102
v -0.593168 1.050240 0.040061
v -0.586484 1.067000 0.028515
v -0.597781 1.042350 0.045295
v -0.602728 1.027760 0.060187
v -0.593168 1.050240 0.040061
v -0.594822 1.044200 0.031497
v -0.586484 1.067000 0.028515
v -0.586348 1.056060 0.015601
v -0.601420 1.045510 0.011206
v -0.600186 1.041140 0.025695
v -0.607973 1.039910 0.025722
v -0.601235 1.027390 0.050952
v -0.607787 1.024420 0.045601
v -0.598574 1.038180 0.039962
v -0.603632 1.035710 0.034158
v -0.602728 1.027760 0.060187
v -0.597781 1.042350 0.045295
v -0.613064 1.034820 0.033392
v -0.614734 1.024750 0.044126
v -0.613685 1.040240 0.026881
v -0.616337 1.042550 0.018818
v -0.620539 1.045110 0.030666
v -0.620539 1.045110 0.030666
v -0.613685 1.040240 0.026881
v -0.618112 1.038960 0.036391
v -0.618112 1.038960 0.036391
v -0.621017 1.024470 0.048509
v -0.618112 1.038960 0.036391
v -0.621017 1.024470 0.048509
v -0.621332 1.053420 0.035166
v -0.620539 1.045110 0.030666
v -0.679374 1.016470 -0.014561
v -0.649032 1.018890 -0.031646
v -0.642067 1.021640 -0.024239
v -0.649401 1.016780 -0.024067
v -0.662456 1.035990 -0.024899
v -0.661169 1.035600 -0.017093
v -0.653336 1.047510 -0.025101
v -0.660079 1.034310 -0.032232
v -0.624363 1.039580 -0.030327
v -0.678940 1.014150 -0.030434
v -0.680803 1.017450 -0.022780
v -0.673469 1.008770 -0.032512
v -0.654875 1.026280 -0.034167
v -0.674459 1.010890 -0.012160
v -0.673469 1.008770 -0.032512
v -0.654875 1.026280 -0.034167
v -0.664021 1.006160 -0.029665
v -0.664687 1.007290 -0.015064
v -0.663700 1.005920 -0.022036
v -0.650888 1.018050 -0.016711
v -0.674459 1.010890 -0.012160
v -0.656852 1.027000 -0.014606
v -0.656852 1.027000 -0.014606
v -0.659292 1.012560 -0.036483
v -0.658208 1.011580 -0.041800
v -0.645880 1.023490 -0.036726
v -0.651504 1.029090 -0.035691
v -0.658914 1.012380 -0.047833
v -0.644518 1.021990 -0.042962
v -0.645022 1.023330 -0.048934
v -0.649057 1.028970 -0.052223
v -0.638197 1.038980 -0.053754
v -0.644432 1.046290 -0.052521
v -0.640546 1.023000 -0.032231
v -0.648883 1.031560 -0.035039
v -0.650062 1.046050 -0.034368
v -0.648883 1.031560 -0.035039
v -0.648206 1.047110 -0.037478
v -0.648802 1.046440 -0.045182
v -0.648925 1.031960 -0.035604
v -0.648925 1.031960 -0.035604
v -0.640159 1.025540 -0.036605
v -0.654955 1.035920 -0.051145
v -0.637295 1.030020 -0.051601
v -0.648925 1.031960 -0.035604
v -0.651504 1.029090 -0.035691
v -0.648925 1.031960 -0.035604
v -0.656443 1.036710 -0.038069
v -0.656743 1.037100 -0.044423
v -0.639763 1.025880 -0.044181
v -0.634982 1.027610 -0.022488
v -0.632838 1.030240 -0.045962
v -0.619896 1.041730 -0.047410
v -0.685879 1.003910 -0.047502
v -0.670822 1.011970 -0.050558
v -0.682593 1.000130 -0.048539
v -0.671324 1.020280 -0.049537
v -0.673208 1.022570 -0.043128
v -0.667411 1.015450 -0.051188
v -0.675195 1.016210 -0.048934
v -0.687952 1.005600 -0.041361
v -0.676921 1.017420 -0.042773
v -0.686743 1.004870 -0.035235
v -0.675970 1.016640 -0.036341
v -0.671897 1.020460 -0.036469
v -0.667880 1.015480 -0.034345
v -0.671696 1.011960 -0.033943
v -0.683428 1.001130 -0.033262
v -0.667880 1.015480 -0.034345
v -0.664019 1.006380 -0.041676
v -0.664554 1.007170 -0.047720
v -0.665046 1.007730 -0.036321
v -0.671696 1.011960 -0.033943
v -0.683428 1.001130 -0.033262
v -0.676025 0.998241 -0.035330
v -0.674694 0.997342 -0.040985
v -0.675373 0.997943 -0.046654
v -0.647690 1.021740 0.030532
v -0.636109 1.031460 0.030071
v -0.654422 1.030870 0.034284
v -0.645891 1.054320 0.028600
v -0.631392 1.047980 0.032338
v -0.641075 1.043550 0.033811
v -0.627612 1.039780 0.027124
v -0.649530 1.018840 0.013965
v -0.647521 1.017520 0.022559
v -0.661705 1.009160 0.015895
v -0.659873 1.007970 0.023835
v -0.631392 1.047980 0.032338
v -0.628849 1.056770 0.032208
v -0.641075 1.043550 0.033811
v -0.654422 1.030870 0.034284
v -0.659125 1.038660 0.030555
v -0.661833 1.038100 0.022623
v -0.651820 1.052600 0.019497
v -0.660125 1.037090 0.014609
v -0.637868 1.024820 0.020591
v -0.660509 1.009900 0.031023
v -0.633380 1.028900 0.018927
v -0.622093 1.037600 0.013927
v -0.671609 1.011530 0.012819
v -0.656893 1.026500 0.011032
v -0.675358 1.019460 0.033052
v -0.677823 1.021440 0.024179
v -0.676523 1.018290 0.015570
v -0.656893 1.026500 0.011032
v -0.671609 1.011530 0.012819
v -0.670485 1.013050 0.035636
v -0.670485 1.013050 0.035636
v 0.620539 1.045110 0.030666
v 0.613685 1.040240 0.026881
v 0.616337 1.042550 0.018818
v 0.604158 1.079550 0.032477
v 0.610708 1.057280 0.043804
v 0.616926 1.055710 0.040042
v 0.612087 1.048610 0.047778
v 0.618988 1.044340 0.041669
v 0.621404 1.028900 0.055856
v 0.616028 1.031930 0.061815
v 0.593120 1.075670 0.033985
v 0.600224 1.056880 0.043678
v 0.603790 1.047800 0.049105
v 0.608896 1.032150 0.063102
v 0.593168 1.050240 0.040061
v 0.586484 1.067000 0.028515
v 0.597781 1.042350 0.045295
v 0.602728 1.027760 0.060187
v 0.586348 1.056060 0.015601
v 0.594822 1.044200 0.031497
v 0.586484 1.067000 0.028515
v 0.593168 1.050240 0.040061
v 0.601420 1.045510 0.011206
v 0.607973 1.039910 0.025722
v 0.600186 1.041140 0.025695
v 0.603632 1.035710 0.034158
v 0.607787 1.024420 0.045601
v 0.598574 1.038180 0.039962
v 0.601235 1.027390 0.050952
v 0.597781 1.042350 0.045295
v 0.602728 1.027760 0.060187
v 0.613064 1.034820 0.033392
v 0.614734 1.024750 0.044126
v 0.618112 1.038960 0.036391
v 0.618112 1.038960 0.036391
v 0.613685 1.040240 0.026881
v 0.620539 1.045110 0.030666
v 0.621017 1.024470 0.048509
v 0.618112 1.038960 0.036391
v 0.621017 1.024470 0.048509
v 0.620539 1.045110 0.030666
v 0.621332 1.053420 0.035166
v -0.650757 1.051170 0.011425
v -0.641549 1.023290 0.012394
v -0.649995 1.032260 0.009350
v -0.649995 1.032260 0.009350
v -0.653262 1.047580 -0.016993
v -0.654916 1.047780 -0.012749
v -0.653679 1.050050 0.006252
v -0.656766 1.049920 -0.003676
v -0.643765 1.022060 -0.010284
v -0.643009 1.020960 -0.002534
v -0.652194 1.018330 -0.009951
v -0.650486 1.016050 -0.001454
v -0.660671 1.026480 -0.012062
v -0.665582 1.034970 -0.009433
v -0.653132 1.031600 -0.013600
v -0.653132 1.031600 -0.013600
v -0.660671 1.026480 -0.012062
v -0.660094 1.027750 0.009653
v -0.651679 1.019480 0.006359
v -0.650026 1.032420 0.008690
v -0.642490 1.022310 0.006133
v -0.660094 1.027750 0.009653
v -0.650026 1.032420 0.008690
v -0.665722 1.035940 0.007302
v -0.667631 1.036560 -0.001061
v -0.649995 1.032260 0.009350
v -0.649995 1.032260 0.009350
v -0.653555 1.031670 -0.014430
v -0.643164 1.022410 -0.016340
v -0.653555 1.031670 -0.014430
v -0.653132 1.031600 -0.013600
v -0.653132 1.031600 -0.013600
v -0.637001 1.025960 -0.004253
v -0.680882 1.016490 0.009129
v -0.675479 1.010160 0.011698
v -0.682506 1.017560 0.000345
v -0.681029 1.015910 -0.008348
v -0.676426 1.009380 -0.010483
v -0.664715 1.004020 0.000632
v -0.665488 1.005820 0.008428
v -0.665882 1.005350 -0.007877
v -0.675479 1.010160 0.011698
v -0.676426 1.009380 -0.010483
v -0.110095 0.981437 -0.098636
v -0.056837 0.971100 -0.119342
v -0.108060 0.943074 -0.097332
v -0.055544 0.932630 -0.107732
v -0.154142 1.014736 -0.003788
v -0.133891 0.997708 -0.051055
v -0.152122 0.974372 -0.001423
v -0.155109 0.976414 0.036906
v -0.154142 1.014736 -0.003788
v -0.152122 0.974372 -0.001423
v -0.138632 0.959867 -0.050802
v -0.119256 0.947454 -0.091631
v -0.139427 0.925743 -0.052660
v -0.120819 0.884500 0.093198
v -0.103211 0.934391 0.095091
v -0.147734 0.894486 0.086309
v -0.131514 0.939921 0.085259
v -0.172463 0.840232 0.078179
v -0.147640 0.824244 0.087272
v -0.188485 0.797102 0.041118
v -0.167905 0.777981 0.042058
v -0.183844 0.783192 0.002783
v -0.163807 0.765339 0.005077
v -0.126935 0.915898 -0.085321
v -0.108685 0.910092 -0.092235
v -0.135904 0.884153 -0.081682
v -0.115076 0.881969 -0.090649
v -0.162066 0.802903 -0.047530
v -0.141730 0.784952 -0.052903
v -0.125607 0.828048 -0.073395
v -0.146549 0.839574 -0.069163
v -0.131514 0.939921 0.085259
v -0.133229 0.884353 0.087203
v -0.147734 0.894486 0.086309
v -0.150852 0.824302 0.078389
v -0.172463 0.840232 0.078179
v -0.167266 0.785554 0.041740
v -0.188485 0.797102 0.041118
v -0.163707 0.774542 0.005091
v -0.183844 0.783192 0.002783
v -0.135904 0.884153 -0.081682
v -0.127190 0.882861 -0.076602
v -0.126935 0.915898 -0.085321
v -0.141954 0.799940 -0.050488
v -0.162066 0.802903 -0.047530
v -0.135431 0.829691 -0.062872
v -0.146549 0.839574 -0.069163
v -0.159278 0.886021 0.001380
v -0.164452 0.887611 0.041607
v -0.154409 0.939882 -0.000604
v -0.161052 0.942572 0.038947
v -0.141173 0.942532 0.079603
v -0.144510 0.885965 0.081576
v -0.131514 0.939921 0.085259
v -0.133229 0.884353 0.087203
v -0.055654 0.882203 -0.103196
v -0.054919 0.909733 -0.101410
v -0.006404 0.873350 -0.067195
v -0.154409 0.939882 -0.000604
v -0.159278 0.886021 0.001380
v -0.143683 0.885106 -0.054803
v -0.108685 0.910092 -0.092235
v -0.126935 0.915898 -0.085321
v -0.138819 0.973589 0.076311
v -0.115076 0.881969 -0.090649
v -0.062655 0.925674 0.115488
v -0.063913 0.963790 0.108144
v -0.103211 0.934391 0.095091
v -0.104747 0.968124 0.091324
v -0.062773 0.877835 0.119689
v -0.107739 0.883051 0.100049
v -0.058032 0.828668 -0.103172
v -0.060278 0.768685 -0.099135
v -0.109135 0.829518 -0.088379
v -0.108031 0.770004 -0.092072
v -0.125607 0.828048 -0.073395
v -0.141730 0.784952 -0.052903
v -0.141820 0.768298 -0.052456
v -0.007323 0.828273 -0.068440
v -0.012427 0.767792 -0.067032
v -0.163807 0.765339 0.005077
v -0.164387 0.824784 0.002131
v -0.167487 0.826091 0.043300
v -0.167905 0.777981 0.042058
v -0.163807 0.765339 0.005077
v -0.167982 0.763644 0.041990
v -0.149540 0.763122 0.084479
v -0.147640 0.824244 0.087272
v -0.110581 0.762902 0.106259
v -0.108961 0.822821 0.105347
v -0.006625 0.825983 0.005596
v -0.006661 0.764489 0.007571
v -0.003473 0.869717 0.004611
v -0.140088 0.826247 -0.054312
v -0.164387 0.824784 0.002131
v -0.064600 0.823880 0.121021
v -0.012229 0.871261 0.090807
v -0.016001 0.824707 0.088940
v -0.003473 0.869717 0.004611
v -0.006625 0.825983 0.005596
v -0.120819 0.884500 0.093198
v -0.065102 0.762297 0.118482
v -0.017673 0.762660 0.085815
v -0.006661 0.764489 0.007571
v -0.150852 0.824302 0.078389
v -0.167266 0.785554 0.041740
v -0.163707 0.774542 0.005091
v -0.141954 0.799940 -0.050488
v -0.163707 0.774542 0.005091
v -0.135431 0.829691 -0.062872
v -0.127190 0.882861 -0.076602
v 0.012422 0.934130 -0.098167
v 0.000000 0.973083 -0.112367
v 0.011985 0.973463 -0.112893
v 0.000000 0.905762 -0.064334
v 0.000000 0.918620 -0.084973
v 0.007031 0.905654 -0.076547
v 0.010168 0.917702 -0.087193
v 0.055544 0.932630 -0.107732
v 0.056837 0.971100 -0.119342
v 0.106901 0.943074 -0.097332
v 0.109596 0.981437 -0.098636
v 0.000000 0.934767 -0.096443
v 0.152121 0.974372 -0.001423
v 0.133891 0.997708 -0.051055
v 0.154142 1.014736 -0.003788
v 0.154142 1.014736 -0.003788
v 0.155108 0.976414 0.036906
v 0.152121 0.974372 -0.001423
v -0.012422 0.934130 -0.098167
v -0.011985 0.973463 -0.112893
v 0.000000 0.973083 -0.112367
v 0.000000 0.934767 -0.096443
v 0.000000 0.905762 -0.064334
v 0.000000 0.892958 0.002540
v -0.007032 0.905654 -0.076547
v -0.010168 0.917702 -0.087193
v 0.000000 0.918620 -0.084973
v -0.020272 0.925382 0.115552
v -0.022886 0.960171 0.114151
v 0.000000 0.892958 0.002540
v 0.000000 0.898293 0.071031
v -0.019404 0.913763 0.112799
v 0.000000 0.958495 0.114078
v 0.000000 0.925702 0.116364
v 0.000000 0.913171 0.111999
v 0.000000 0.905579 0.099330
v -0.018851 0.530794 0.001072
v -0.026359 0.535275 -0.058441
v -0.027170 0.570763 -0.063935
v -0.114527 0.553084 0.084263
v -0.077311 0.547951 0.093857
v -0.153390 0.570182 0.053610
v -0.153969 0.594463 0.003658
v -0.141319 0.618866 -0.045708
v -0.153969 0.594463 0.003658
v -0.110159 0.629760 -0.081037
v -0.062575 0.628175 -0.088998
v -0.019437 0.612898 -0.063895
v -0.015930 0.581765 0.002542
v -0.015930 0.581765 0.002542
v -0.030468 0.556861 0.068401
v -0.137493 0.541140 -0.042900
v -0.155003 0.540462 -0.000550
v -0.139083 0.577502 -0.046189
v -0.107622 0.546433 -0.075094
v -0.108410 0.585835 -0.080093
v -0.064707 0.583529 -0.087754
v -0.067840 0.544572 -0.082516
v -0.153837 0.531459 0.050531
v -0.114733 0.520225 0.080561
v -0.031608 0.523108 0.064884
v -0.078259 0.516882 0.088514
v -0.155003 0.540462 -0.000550
v -0.018851 0.530794 0.001072
v 0.000000 0.898293 0.071031
v 0.012228 0.871261 0.090807
v 0.000000 0.905579 0.099330
v 0.120089 0.884436 0.094054
v 0.146686 0.892937 0.088180
v 0.103155 0.932588 0.095091
v 0.131059 0.939787 0.085510
v 0.147930 0.824071 0.087272
v 0.170120 0.840002 0.079708
v 0.168013 0.778070 0.041845
v 0.186744 0.797102 0.041118
v 0.163806 0.764215 0.005077
v 0.184784 0.783192 0.002782
v 0.126397 0.917931 -0.085481
v 0.134768 0.884153 -0.081301
v 0.107029 0.910092 -0.093384
v 0.112098 0.881899 -0.091217
v 0.141740 0.785110 -0.052645
v 0.162973 0.802903 -0.046179
v 0.124340 0.828065 -0.072949
v 0.145977 0.842947 -0.069018
v 0.161051 0.942572 0.038947
v 0.164451 0.887611 0.041607
v 0.154408 0.939882 -0.000604
v 0.159278 0.886021 0.001380
v 0.141172 0.942532 0.079603
v 0.144509 0.885965 0.081576
v 0.131447 0.886011 0.088871
v 0.131059 0.939787 0.085510
v 0.003472 0.869717 0.004611
v 0.000000 0.892958 0.002540
v 0.006403 0.873350 -0.067195
v 0.055653 0.882203 -0.103196
v 0.054918 0.909733 -0.101410
v 0.154408 0.939882 -0.000604
v 0.159278 0.886021 0.001380
v 0.139426 0.925743 -0.052660
v 0.143682 0.885106 -0.054803
v 0.107029 0.910092 -0.093384
v 0.119911 0.947794 -0.090766
v 0.138631 0.959867 -0.050802
v 0.126397 0.917931 -0.085481
v 0.138819 0.973589 0.076311
v 0.103312 0.968124 0.094117
v 0.103155 0.932588 0.095091
v 0.020271 0.925382 0.115552
v 0.062654 0.925674 0.115488
v 0.022886 0.960171 0.114151
v 0.063913 0.963790 0.108144
v 0.000000 0.892958 0.002540
v 0.003472 0.869717 0.004611
v 0.019403 0.913763 0.112799
v 0.000000 0.925702 0.116364
v 0.000000 0.958495 0.114078
v 0.125511 0.882677 -0.078354
v 0.112098 0.881899 -0.091217
v 0.107738 0.883051 0.100049
v 0.062772 0.877835 0.119689
v 0.000000 0.913171 0.111999
v 0.058032 0.828668 -0.103172
v 0.109134 0.829518 -0.088379
v 0.060277 0.768685 -0.099135
v 0.108030 0.770004 -0.092072
v 0.133864 0.827416 -0.063858
v 0.140088 0.826247 -0.054312
v 0.142002 0.800210 -0.052933
v 0.008554 0.828273 -0.068440
v 0.012427 0.767792 -0.067032
v 0.164386 0.824784 0.002131
v 0.163741 0.772020 0.005086
v 0.167486 0.826091 0.043300
v 0.164386 0.824784 0.002131
v 0.108960 0.822821 0.105347
v 0.110581 0.762902 0.106259
v 0.147930 0.824071 0.087272
v 0.149539 0.763122 0.084479
v 0.006624 0.825983 0.005596
v 0.006660 0.764489 0.007571
v 0.016000 0.824707 0.088940
v 0.064599 0.823880 0.121021
v 0.006624 0.825983 0.005596
v 0.065101 0.762297 0.118482
v 0.017672 0.762660 0.085815
v 0.006660 0.764489 0.007571
v 0.131447 0.886011 0.088871
v 0.131059 0.939787 0.085510
v 0.146686 0.892937 0.088180
v 0.170120 0.840002 0.079708
v 0.150678 0.826862 0.078240
v 0.186744 0.797102 0.041118
v 0.167339 0.786423 0.041555
v 0.184784 0.783192 0.002782
v 0.163741 0.772020 0.005086
v 0.126397 0.917931 -0.085481
v 0.125511 0.882677 -0.078354
v 0.134768 0.884153 -0.081301
v 0.162973 0.802903 -0.046179
v 0.142002 0.800209 -0.052933
v 0.133864 0.827416 -0.063858
v 0.145977 0.842947 -0.069018
v 0.120089 0.884436 0.094054
v 0.168013 0.778070 0.041845
v 0.167981 0.763644 0.041990
v 0.163806 0.764215 0.005077
v 0.141740 0.785110 -0.052645
v 0.163806 0.764215 0.005077
v 0.141819 0.768298 -0.052456
v 0.124340 0.828065 -0.072949
v 0.167339 0.786423 0.041555
v 0.163741 0.772020 0.005086
v 0.150678 0.826862 0.078240
v -0.012801 1.017447 -0.114819
v -0.014949 1.077812 -0.093580
v 0.000000 1.017907 -0.114444
v 0.057426 1.020847 -0.114082
v 0.012801 1.017447 -0.114819
v 0.000000 1.017907 -0.114444
v 0.103364 1.027141 -0.098114
v 0.014949 1.077812 -0.093580
v 0.056360 1.080144 -0.094938
v 0.000000 1.076988 -0.092268
v 0.130844 1.080710 -0.040103
v 0.130380 1.034071 -0.046226
v 0.100911 1.080636 -0.076968
v 0.142027 1.076551 0.006813
v 0.153388 1.031477 0.000598
v 0.151319 1.025796 0.039293
v 0.142027 1.076551 0.006813
v 0.140538 1.072140 0.040308
v 0.153388 1.031477 0.000598
v 0.133234 1.019211 0.073549
v 0.127912 1.064157 0.076974
v 0.103516 1.013870 0.091645
v 0.099398 1.057534 0.097361
v 0.000000 1.049492 0.126796
v 0.025858 1.051212 0.124775
v 0.000000 1.094998 0.118168
v 0.026295 1.095439 0.114870
v 0.134276 1.109516 0.045920
v 0.136223 1.114410 0.008664
v 0.112600 1.104678 0.081192
v 0.089584 1.099779 0.098816
v 0.100065 1.121403 -0.062966
v 0.123607 1.118514 -0.028034
v 0.136223 1.114410 0.008664
v 0.053960 1.121011 -0.083239
v 0.013970 1.121390 -0.080976
v 0.000000 1.121400 -0.078757
v 0.059306 1.053002 0.118467
v 0.062552 1.009179 0.107520
v 0.054753 1.097894 0.108713
v 0.024444 1.006258 0.114698
v 0.000000 1.004868 0.116274
v -0.057426 1.020847 -0.114082
v -0.103364 1.027141 -0.098114
v -0.056360 1.080144 -0.094938
v 0.000000 1.076988 -0.092268
v -0.130844 1.080710 -0.040103
v -0.100911 1.080636 -0.076968
v -0.130380 1.034071 -0.046226
v -0.153388 1.031477 0.000598
v -0.142027 1.076551 0.006813
v -0.151319 1.025796 0.039293
v -0.142027 1.076551 0.006813
v -0.153388 1.031477 0.000598
v -0.140538 1.072140 0.040308
v -0.133234 1.019211 0.073549
v -0.127912 1.064157 0.076975
v -0.099398 1.057534 0.097361
v -0.103516 1.013870 0.091645
v -0.024444 1.006258 0.114698
v -0.062552 1.009179 0.107520
v 0.000000 1.004868 0.116274
v 0.000000 1.049492 0.126796
v 0.000000 1.094998 0.118168
v -0.025858 1.051212 0.124775
v -0.026295 1.095439 0.114870
v -0.134276 1.109516 0.045920
v -0.136223 1.114410 0.008664
v -0.112600 1.104678 0.081192
v -0.089584 1.099779 0.098816
v -0.100065 1.121403 -0.062966
v -0.123607 1.118514 -0.028034
v -0.136223 1.114410 0.008664
v -0.053960 1.121011 -0.083239
v -0.013970 1.121390 -0.080976
v 0.000000 1.121400 -0.078757
v -0.059306 1.053002 0.118467
v -0.054753 1.097894 0.108714
v 0.153968 0.594463 0.003658
v 0.114526 0.553084 0.084263
v 0.077311 0.547951 0.093857
v 0.153389 0.570182 0.053610
v 0.141318 0.618866 -0.045708
v 0.153968 0.594463 0.003658
v 0.110158 0.629760 -0.081037
v 0.062574 0.628175 -0.088998
v 0.019436 0.612898 -0.063895
v 0.012997 0.581765 0.002542
v 0.012997 0.581765 0.002542
v 0.027702 0.556861 0.068401
v 0.137492 0.541140 -0.042900
v 0.139082 0.577502 -0.046189
v 0.155002 0.540462 -0.000550
v 0.014863 0.530794 0.001072
v 0.024065 0.570763 -0.063510
v 0.028163 0.535275 -0.058441
v 0.107621 0.546433 -0.075094
v 0.108409 0.585835 -0.080093
v 0.067839 0.544572 -0.082516
v 0.064706 0.583529 -0.087754
v 0.153836 0.531459 0.050531
v 0.114732 0.520225 0.080561
v 0.078258 0.516882 0.088514
v 0.030373 0.522769 0.064884
v 0.155002 0.540462 -0.000550
v 0.014863 0.530794 0.001072
v -0.159212 0.461932 -0.009467
v -0.148398 0.462001 -0.057282
v -0.139685 0.504864 -0.046572
v -0.026692 0.455188 -0.070357
v -0.020094 0.454207 -0.008216
v -0.030148 0.498684 -0.061859
v -0.033831 0.356930 -0.079029
v -0.065616 0.459036 -0.097925
v -0.067611 0.356378 -0.107803
v -0.110640 0.355974 -0.104419
v -0.113783 0.461235 -0.092609
v -0.145878 0.356810 -0.065714
v -0.163331 0.355848 -0.017875
v -0.163331 0.355848 -0.017875
v -0.161042 0.355011 0.029714
v -0.159212 0.461932 -0.009467
v -0.156613 0.462427 0.036731
v -0.121373 0.353545 0.070393
v -0.117739 0.459848 0.074620
v -0.087956 0.353240 0.078544
v -0.082324 0.456923 0.083521
v -0.036820 0.352999 0.049017
v -0.033626 0.453730 0.053108
v -0.020094 0.454207 -0.008216
v -0.022279 0.356154 -0.019432
v -0.022279 0.356154 -0.019432
v -0.109402 0.507457 -0.078750
v -0.067623 0.505701 -0.086189
v -0.032246 0.503216 0.061816
v -0.080355 0.488087 0.083817
v -0.113810 0.490707 0.075671
v -0.154645 0.512718 0.048394
v -0.042242 0.294857 0.045128
v -0.027597 0.294941 -0.019635
v -0.090319 0.295172 0.078141
v -0.121446 0.295568 0.071602
v -0.157595 0.296776 0.033137
v -0.159102 0.297420 -0.018829
v -0.145071 0.298550 -0.067123
v -0.159102 0.297420 -0.018829
v -0.113168 0.297736 -0.100518
v -0.074281 0.296955 -0.103299
v -0.036646 0.297125 -0.077868
v -0.027597 0.294941 -0.019635
v 0.157991 0.461932 -0.009467
v 0.147177 0.462001 -0.057282
v 0.139684 0.504864 -0.046572
v 0.026519 0.455188 -0.070357
v 0.015883 0.454207 -0.007791
v 0.029402 0.499108 -0.062198
v 0.031748 0.356930 -0.079368
v 0.067846 0.356378 -0.107803
v 0.036995 0.297512 -0.077866
v 0.074692 0.297342 -0.103297
v 0.110357 0.355974 -0.104844
v 0.112636 0.298124 -0.100516
v 0.143969 0.356810 -0.065375
v 0.143191 0.298937 -0.067206
v 0.162596 0.355848 -0.017536
v 0.158239 0.297806 -0.018818
v 0.162596 0.355848 -0.017536
v 0.160362 0.355011 0.029714
v 0.158239 0.297806 -0.018818
v 0.156847 0.297161 0.033150
v 0.121075 0.353545 0.070393
v 0.120870 0.295952 0.071611
v 0.088443 0.353240 0.078544
v 0.090424 0.295556 0.078152
v 0.042396 0.295242 0.045140
v 0.036971 0.352999 0.049017
v 0.018624 0.355390 -0.019007
v 0.023548 0.295326 -0.019285
v 0.018624 0.355390 -0.019007
v 0.023548 0.295326 -0.019285
v 0.065615 0.459036 -0.097925
v 0.113782 0.461235 -0.092609
v 0.155392 0.462427 0.036731
v 0.157991 0.461932 -0.009467
v 0.117738 0.459848 0.074620
v 0.082324 0.456923 0.083521
v 0.032901 0.453730 0.053108
v 0.015883 0.454207 -0.007791
v 0.109401 0.507457 -0.078750
v 0.067622 0.505701 -0.086189
v 0.031500 0.503216 0.062155
v 0.080354 0.488087 0.083817
v 0.113809 0.490707 0.075671
v 0.154644 0.512718 0.048394
v 0.134191 0.096211 -0.067591
v 0.166232 0.041447 -0.025906
v 0.145606 0.102864 -0.033731
v 0.159301 0.185992 -0.024492
v 0.162820 0.106355 -0.030886
v 0.148909 0.186629 -0.069219
v 0.151675 0.098045 -0.077820
v 0.117830 0.186772 -0.097761
v 0.120695 0.094219 -0.108702
v 0.083969 0.186761 -0.104237
v 0.084953 0.093772 -0.112788
v 0.049585 0.186180 -0.081015
v 0.053464 0.097161 -0.086448
v 0.035584 0.184995 -0.021420
v 0.041787 0.106806 -0.026290
v 0.053549 0.185056 0.041921
v 0.035584 0.184995 -0.021420
v 0.056935 0.124256 0.036359
v 0.041787 0.106806 -0.026290
v 0.095434 0.136432 0.071304
v 0.094049 0.185207 0.068232
v 0.121104 0.185190 0.062633
v 0.122108 0.135879 0.066278
v 0.156537 0.185513 0.025187
v 0.156907 0.123143 0.025798
v 0.159301 0.185992 -0.024492
v 0.162820 0.106355 -0.030886
v 0.154632 0.033263 -0.077588
v 0.120367 0.031737 -0.105505
v 0.088197 0.030777 -0.109561
v 0.055536 0.032749 -0.086151
v 0.046985 0.042527 -0.021345
v 0.166232 0.041447 -0.025906
v 0.113900 0.183583 -0.056587
v 0.113900 0.183583 -0.056587
v 0.145606 0.102864 -0.033731
v 0.122028 0.183795 -0.031185
v 0.111581 0.093166 -0.086805
v 0.101835 0.181758 -0.067006
v 0.101835 0.181758 -0.067006
v 0.134191 0.096211 -0.067591
v 0.094855 0.093584 -0.084581
v 0.066727 0.095654 -0.074474
v 0.084141 0.182351 -0.065903
v 0.084141 0.182351 -0.065903
v 0.094855 0.093584 -0.084581
v 0.101835 0.181758 -0.067006
v 0.057394 0.103948 -0.024000
v 0.057394 0.103948 -0.024000
v 0.060087 0.185976 -0.018122
v 0.060087 0.185976 -0.018122
v 0.070631 0.120103 0.022458
v 0.070631 0.120103 0.022458
v 0.083288 0.186196 0.014186
v 0.107167 0.185770 0.011058
v 0.101709 0.122147 0.040425
v 0.083288 0.186196 0.014186
v 0.101709 0.122147 0.040425
v 0.113994 0.121861 0.037971
v 0.107167 0.185770 0.011058
v 0.140576 0.118310 0.008157
v 0.118466 0.184117 -0.003028
v 0.118466 0.184117 -0.003028
v 0.113994 0.121861 0.037971
v 0.107167 0.185770 0.011058
v 0.122028 0.183795 -0.031185
v 0.140576 0.118310 0.008157
v 0.046985 0.042527 -0.021345
v 0.055536 0.032749 -0.086151
v 0.088197 0.030777 -0.109561
v 0.120367 0.031737 -0.105505
v 0.154632 0.033263 -0.077588
v -0.120546 0.094169 -0.109269
v -0.152972 0.098017 -0.078178
v -0.117590 0.186772 -0.097761
v -0.163467 0.106358 -0.030933
v -0.148266 0.186629 -0.069219
v -0.160137 0.185992 -0.024492
v -0.084156 0.186761 -0.104237
v -0.085038 0.093719 -0.113378
v -0.046640 0.186180 -0.081015
v -0.049648 0.097127 -0.086855
v -0.035550 0.184995 -0.021420
v -0.044025 0.106812 -0.026310
v -0.054098 0.185056 0.041921
v -0.056184 0.124301 0.036719
v -0.035550 0.184995 -0.021420
v -0.044025 0.106812 -0.026310
v -0.095448 0.136500 0.071893
v -0.094105 0.185207 0.068232
v -0.121947 0.135944 0.066838
v -0.120829 0.185190 0.062633
v -0.157591 0.123181 0.026099
v -0.157013 0.185513 0.025187
v -0.163467 0.106358 -0.030933
v -0.160137 0.185992 -0.024492
v -0.120112 0.031737 -0.105505
v -0.111491 0.093110 -0.087223
v -0.153961 0.033263 -0.077588
v -0.133953 0.096172 -0.067852
v -0.088331 0.030777 -0.109561
v -0.094875 0.093530 -0.084977
v -0.056109 0.032749 -0.086151
v -0.066932 0.095612 -0.074764
v -0.047697 0.042527 -0.021345
v -0.056639 0.103937 -0.024008
v -0.165421 0.041447 -0.025906
v -0.145294 0.102847 -0.033793
v -0.153961 0.033263 -0.077588
v -0.165421 0.041447 -0.025906
v -0.120112 0.031737 -0.105505
v -0.088331 0.030777 -0.109561
v -0.056109 0.032749 -0.086151
v -0.047697 0.042527 -0.021345
v -0.113889 0.121892 0.038340
v -0.107167 0.185770 0.011058
v -0.101684 0.122180 0.040808
v -0.070810 0.120125 0.022740
v -0.083288 0.186196 0.014186
v -0.083288 0.186196 0.014186
v -0.101684 0.122180 0.040808
v -0.107167 0.185770 0.011058
v -0.060087 0.185976 -0.018122
v -0.060087 0.185976 -0.018122
v -0.070810 0.120125 0.022740
v -0.084141 0.182351 -0.065903
v -0.084141 0.182351 -0.065903
v -0.056639 0.103937 -0.024008
v -0.094875 0.093530 -0.084977
v -0.101835 0.181758 -0.067006
v -0.133953 0.096172 -0.067852
v -0.101835 0.181758 -0.067006
v -0.113900 0.183583 -0.056587
v -0.113900 0.183583 -0.056587
v -0.145294 0.102847 -0.033793
v -0.122028 0.183795 -0.031185
v -0.122028 0.183795 -0.031185
v -0.140296 0.118322 0.008348
v -0.140296 0.118322 0.008348
v -0.118466 0.184117 -0.003028
v -0.118466 0.184117 -0.003028
v -0.113889 0.121892 0.038340
v -0.107167 0.185770 0.011058
v 0.121059 0.081546 0.081403
v 0.057824 0.062132 0.043149
v 0.046985 0.042527 -0.021345
v 0.097430 0.084014 0.086536
v 0.160793 0.056786 0.028467
v 0.166232 0.041447 -0.025906
v 0.160793 0.056786 0.028467
v 0.121059 0.081546 0.081403
v 0.097430 0.084014 0.086536
v 0.057824 0.062132 0.043149
v -0.097452 0.084014 0.086536
v -0.058326 0.062132 0.043149
v -0.120795 0.081546 0.081403
v -0.160048 0.056786 0.028467
v -0.058326 0.062132 0.043149
v -0.047697 0.042527 -0.021345
v -0.097452 0.084014 0.086536
v -0.120795 0.081546 0.081403
v -0.160048 0.056786 0.028467
v -0.165421 0.041447 -0.025906
v 0.073981 1.794360 0.047841
v 0.077013 1.775420 0.037793
v 0.076785 1.799530 0.035848
v 0.079653 1.778450 0.023296
v 0.082600 1.782780 -0.002533
v 0.081923 1.764180 -0.005962
v 0.083109 1.787750 -0.030849
v 0.082366 1.764200 -0.033228
v 0.077203 1.794200 -0.064338
v 0.075203 1.767760 -0.067951
v 0.070771 1.735670 -0.065193
v 0.054564 1.740570 -0.090819
v 0.057335 1.772870 -0.095050
v 0.067313 1.714280 -0.059970
v 0.050665 1.717170 -0.082948
v 0.027741 1.742150 -0.104702
v 0.000000 1.744080 -0.110203
v 0.029510 1.775220 -0.108918
v 0.000000 1.777230 -0.115046
v 0.027352 1.717970 -0.096390
v 0.031596 1.837580 -0.092146
v 0.058985 1.829650 -0.077721
v 0.030832 1.807420 -0.104881
v 0.059823 1.802340 -0.090188
v 0.000000 1.841520 -0.098337
v 0.000000 1.861360 -0.075719
v 0.030108 1.858650 -0.072600
v 0.000000 1.716890 -0.100662
v 0.027321 1.698440 -0.083800
v 0.000000 1.697130 -0.088632
v 0.058215 1.846830 -0.063682
v 0.000000 1.810810 -0.113187
v 0.075427 1.821550 -0.048826
v 0.070304 1.837710 -0.029482
v 0.060066 1.852940 -0.033796
v 0.047516 1.699390 -0.074746
v 0.079071 1.815440 -0.013331
v 0.079381 1.807310 0.011527
v 0.072842 1.836530 -0.004347
v 0.072208 1.833270 0.014962
v 0.044279 1.864730 -0.036376
v 0.000000 1.873800 -0.039571
v 0.017420 1.872390 -0.036448
v 0.048802 1.863960 0.001757
v 0.030323 1.871140 0.003000
v 0.045646 1.856800 0.035354
v 0.029398 1.863260 0.039735
v 0.014149 1.865450 0.041133
v 0.015768 1.873010 0.003599
v 0.000000 1.866150 0.042143
v 0.000000 1.874330 0.003393
v 0.069506 1.826710 0.037161
v 0.060966 1.847150 0.027868
v 0.057271 1.838920 0.051283
v 0.027007 1.849500 0.064503
v 0.042040 1.845160 0.059630
v 0.012373 1.851520 0.067149
v 0.000000 1.851700 0.068845
v 0.063262 1.852490 -0.000355
v 0.063666 1.698800 -0.057065
v 0.030981 1.869930 -0.028831
v 0.066373 1.817730 0.055258
v 0.053564 1.825520 0.068825
v 0.023812 1.834600 0.080002
v 0.037513 1.832480 0.076145
v 0.010856 1.836190 0.082092
v 0.000000 1.836620 0.083211
v 0.080171 1.763390 0.017637
v -0.073981 1.794360 0.047841
v -0.076785 1.799530 0.035848
v -0.077013 1.775420 0.037793
v -0.079653 1.778450 0.023296
v -0.082366 1.764200 -0.033228
v -0.081923 1.764180 -0.005962
v -0.083109 1.787750 -0.030849
v -0.082600 1.782780 -0.002533
v -0.063666 1.698800 -0.057065
v -0.074450 1.711490 -0.020122
v -0.067313 1.714280 -0.059970
v -0.075203 1.767760 -0.067951
v -0.070771 1.735670 -0.065193
v -0.078639 1.731930 -0.032274
v -0.077203 1.794200 -0.064338
v -0.057335 1.772870 -0.095050
v -0.054564 1.740570 -0.090819
v -0.050665 1.717170 -0.082948
v -0.027741 1.742150 -0.104702
v -0.029510 1.775220 -0.108918
v -0.027352 1.717970 -0.096390
v -0.059823 1.802340 -0.090188
v -0.058985 1.829650 -0.077721
v -0.030832 1.807420 -0.104881
v -0.031596 1.837580 -0.092146
v -0.030108 1.858650 -0.072600
v -0.027321 1.698440 -0.083800
v -0.058215 1.846830 -0.063682
v -0.075427 1.821550 -0.048826
v -0.060066 1.852940 -0.033796
v -0.070304 1.837710 -0.029482
v -0.047516 1.699390 -0.074746
v -0.079381 1.807310 0.011527
v -0.079071 1.815440 -0.013331
v -0.072208 1.833270 0.014962
v -0.072842 1.836530 -0.004347
v -0.044279 1.864730 -0.036376
v -0.017420 1.872390 -0.036448
v -0.048802 1.863960 0.001757
v -0.045646 1.856800 0.035354
v -0.030323 1.871140 0.003000
v -0.029398 1.863260 0.039735
v -0.015768 1.873010 0.003599
v -0.014149 1.865450 0.041133
v -0.069506 1.826710 0.037161
v -0.057271 1.838920 0.051283
v -0.060966 1.847150 0.027868
v -0.042040 1.845160 0.059630
v -0.027007 1.849500 0.064503
v -0.012373 1.851520 0.067149
v -0.063262 1.852490 -0.000355
v -0.030981 1.869930 -0.028831
v -0.053564 1.825520 0.068825
v -0.066373 1.817730 0.055258
v -0.037513 1.832480 0.076145
v -0.023812 1.834600 0.080002
v -0.010856 1.836190 0.082092
v -0.080171 1.763390 0.017637
v 0.074414 1.711510 -0.020324
v 0.078644 1.732200 -0.032186
v 0.045365 1.682710 -0.065888
v 0.070146 1.698010 -0.016669
v 0.059423 1.684060 -0.052204
v 0.024913 1.681420 -0.076284
v 0.000000 1.680440 -0.080241
v -0.070146 1.698010 -0.016669
v -0.059423 1.684060 -0.052204
v -0.045365 1.682710 -0.065888
v -0.024913 1.681420 -0.076284
v -0.080259 1.749480 0.014347
v -0.081326 1.748040 0.003205
v -0.081582 1.747190 -0.022043
v -0.079348 1.743520 0.005756
v -0.074636 1.711420 -0.019086
v -0.078682 1.732030 -0.031216
v -0.081531 1.746080 -0.021314
v -0.081191 1.747170 0.002941
v 0.081573 1.746980 -0.021906
v 0.078644 1.732200 -0.032186
v 0.081573 1.746980 -0.021906
v 0.078682 1.732030 -0.031216
v 0.081531 1.746080 -0.021314
v 0.081176 1.747810 0.003125
v 0.081191 1.747170 0.002941
v 0.074414 1.711510 -0.020324
v 0.074636 1.711420 -0.019086
v 0.079348 1.743520 0.005756
v 0.081176 1.747810 0.003125
v 0.080259 1.749480 0.014347
v 0.017423 1.839030 0.087961
v 0.028689 1.848020 0.069396
v 0.020436 1.837500 0.089702
v 0.021114 1.833460 0.086750
v 0.012147 1.825730 0.100256
v 0.008300 1.826530 0.098769
v 0.015227 1.822930 0.098068
v 0.004125 1.809520 0.106794
v 0.000230 1.811060 0.105321
v 0.006718 1.806780 0.104800
v -0.005523 1.796450 0.110386
v -0.016478 1.785220 0.114035
v -0.009138 1.798840 0.109582
v -0.019745 1.787290 0.112951
v -0.003077 1.793910 0.108007
v -0.014197 1.782960 0.112366
v 0.021114 1.833460 0.086750
v 0.024159 1.832980 0.088492
v 0.026836 1.830130 0.088680
v 0.019005 1.822170 0.098787
v 0.015466 1.822780 0.096232
v 0.022270 1.819540 0.098781
v 0.010868 1.807630 0.105286
v 0.007385 1.808610 0.102379
v 0.014129 1.805370 0.104541
v 0.003071 1.791920 0.106843
v -0.002724 1.778530 0.108295
v -0.000959 1.792840 0.104248
v -0.006802 1.779290 0.105879
v 0.006443 1.790290 0.105520
v 0.000490 1.777100 0.107427
v 0.020035 1.829970 0.088581
v 0.028689 1.848020 0.069396
v 0.026836 1.830130 0.088680
v 0.032987 1.828270 0.084190
v 0.023132 1.811140 0.103269
v 0.016996 1.813010 0.101116
v 0.030772 1.808280 0.098867
v 0.015460 1.790500 0.109590
v 0.009608 1.794080 0.106527
v 0.021601 1.786840 0.107015
v 0.003634 1.772000 0.108727
v -0.000482 1.775350 0.106456
v 0.008778 1.768820 0.107219
v 0.032987 1.828270 0.084190
v 0.028689 1.848020 0.069396
v 0.034372 1.833230 0.084478
v 0.037509 1.835780 0.081256
v 0.044585 1.820060 0.087736
v 0.041328 1.817580 0.087222
v 0.047331 1.820840 0.084099
v 0.062947 1.787950 0.079175
v 0.059812 1.786550 0.079964
v 0.055816 1.803920 0.085774
v 0.052620 1.802770 0.085911
v 0.064932 1.788590 0.075103
v 0.058468 1.804570 0.081728
v 0.067737 1.771540 0.075028
v 0.064574 1.770590 0.075723
v 0.069257 1.771740 0.071639
v 0.028689 1.848020 0.069396
v 0.041713 1.846890 0.074130
v 0.032987 1.828270 0.084190
v 0.054607 1.838910 0.077882
v 0.066237 1.822010 0.074995
v 0.043236 1.819810 0.083860
v 0.053665 1.807100 0.082586
v 0.074597 1.801910 0.070164
v 0.061815 1.791390 0.076269
v 0.076584 1.782170 0.064441
v 0.066042 1.774450 0.070208
v 0.075290 1.761080 0.060620
v 0.066870 1.755870 0.065393
v 0.029398 1.863260 0.039735
v 0.045071 1.859630 0.055685
v 0.058925 1.849690 0.060662
v 0.072495 1.829680 0.061005
v 0.078433 1.809300 0.058407
v 0.080982 1.789250 0.054245
v 0.079667 1.765520 0.049497
v 0.023812 1.834600 0.080002
v 0.023812 1.834600 0.080002
v 0.020035 1.829970 0.088581
v 0.028689 1.848020 0.069396
v 0.015687 1.848990 0.082900
v 0.013720 1.862100 0.068832
v 0.029398 1.863260 0.039735
v 0.008110 1.822970 0.096278
v 0.001420 1.838930 0.096842
v -0.006114 1.848730 0.089361
v -0.000732 1.808750 0.105054
v -0.011352 1.817870 0.107304
v -0.022606 1.825620 0.102449
v -0.010331 1.790460 0.111117
v -0.026456 1.796500 0.111871
v -0.037711 1.800250 0.104742
v -0.026812 1.771040 0.111237
v -0.041206 1.775460 0.111398
v -0.051219 1.780530 0.102668
v 0.023812 1.834600 0.080002
v 0.028689 1.848020 0.069396
v 0.036310 1.830470 0.081580
v 0.043943 1.847600 0.071116
v 0.059472 1.838470 0.067764
v 0.074283 1.822010 0.059671
v 0.050763 1.821580 0.078574
v 0.061405 1.808120 0.071518
v 0.082602 1.804300 0.049956
v 0.069828 1.791080 0.062340
v 0.087341 1.783410 0.041432
v 0.073379 1.774450 0.053650
v 0.086194 1.750310 0.031794
v 0.073816 1.743860 0.047390
v 0.082040 1.714590 0.026643
v 0.074320 1.711550 0.041677
v 0.029398 1.863260 0.039735
v 0.046802 1.863000 0.048386
v 0.064275 1.853050 0.047237
v 0.076986 1.836160 0.040346
v 0.086549 1.816060 0.032413
v 0.094426 1.792210 0.024415
v 0.091328 1.755730 0.015103
v 0.087807 1.718120 0.009668
v 0.016038 1.832810 0.085235
v 0.014958 1.850080 0.079011
v 0.023812 1.834600 0.080002
v 0.028689 1.848020 0.069396
v -0.001249 1.843970 0.090948
v 0.007582 1.824740 0.092258
v -0.015900 1.829900 0.100099
v -0.005542 1.814370 0.098836
v -0.033063 1.812640 0.103260
v -0.021890 1.801060 0.102876
v -0.033129 1.789510 0.103729
v -0.045933 1.798900 0.104817
v -0.048322 1.776660 0.103102
v -0.055695 1.784610 0.098966
v -0.056050 1.767330 0.096321
v -0.062942 1.773710 0.088936
v 0.011880 1.866140 0.062020
v 0.029398 1.863260 0.039735
v -0.005839 1.859520 0.077236
v -0.023417 1.842520 0.090399
v -0.038701 1.823310 0.095099
v -0.052407 1.807100 0.095551
v -0.061513 1.792980 0.088544
v -0.068169 1.781680 0.079562
v -0.070973 1.759560 0.074803
v -0.075933 1.766880 0.065777
v -0.064753 1.753990 0.082650
v -0.001249 1.843970 0.090948
v 0.007582 1.824740 0.092258
v -0.015547 1.831080 0.097451
v -0.005847 1.814750 0.096187
v -0.021801 1.804460 0.100101
v -0.034613 1.816930 0.099853
v -0.034924 1.794320 0.099992
v -0.044552 1.804590 0.099602
v -0.057974 1.787550 0.093281
v -0.052180 1.780090 0.095109
v -0.063469 1.764590 0.082514
v -0.068616 1.771520 0.076766
v -0.005839 1.859520 0.077236
v -0.022900 1.844530 0.087762
v -0.039390 1.827150 0.090921
v -0.049661 1.812780 0.090640
v -0.063476 1.796950 0.085051
v -0.074943 1.780730 0.068049
v -0.077235 1.755380 0.058278
v -0.080647 1.764440 0.049592
v -0.072501 1.749290 0.065466
v 0.083278 1.805840 0.045066
v 0.071487 1.789970 0.055209
v 0.074283 1.822010 0.059671
v 0.061405 1.808120 0.071518
v 0.090098 1.778760 0.026148
v 0.078359 1.764640 0.036468
v 0.099787 1.761280 -0.002525
v 0.090792 1.744560 0.009749
v 0.106369 1.746090 -0.040649
v 0.103212 1.731940 -0.031372
v 0.076986 1.836160 0.040346
v 0.084897 1.820570 0.030232
v 0.089087 1.801520 0.016006
v 0.099598 1.776860 -0.010001
v 0.105998 1.761530 -0.046670
v 0.084897 1.820570 0.030232
v 0.088514 1.830270 0.012447
v 0.089087 1.801520 0.016006
v 0.092472 1.810430 -0.000737
v 0.098339 1.773740 -0.005398
v 0.098487 1.782820 -0.022888
v 0.091460 1.815580 -0.020472
v 0.096117 1.789100 -0.043521
v 0.101474 1.750070 -0.021209
v 0.104043 1.756850 -0.040190
v 0.092821 1.762850 -0.058727
v 0.046802 1.863000 0.048386
v 0.029398 1.863260 0.039735
v 0.048362 1.870530 0.029004
v 0.026984 1.868070 0.024504
v 0.064275 1.853050 0.047237
v 0.066314 1.861700 0.027654
v 0.076986 1.836160 0.040346
v 0.081206 1.846050 0.021403
v 0.046755 1.873110 0.006288
v 0.030323 1.871140 0.003000
v 0.065071 1.865240 0.005311
v 0.078646 1.851480 0.000000
v 0.086522 1.836480 -0.007851
v 0.101126 1.727950 -0.045974
v 0.099335 1.724300 -0.026231
v 0.091741 1.732800 -0.065431
v 0.091460 1.815580 -0.020472
v 0.090942 1.823660 -0.039415
v 0.094790 1.797650 -0.060829
v 0.092135 1.758780 -0.063552
v 0.088453 1.769460 -0.078775
v 0.082455 1.739420 -0.092128
v 0.086778 1.728880 -0.074468
v 0.034087 1.871280 -0.012646
v 0.047894 1.875520 -0.011970
v 0.065071 1.865240 0.005311
v 0.065464 1.868150 -0.013958
v 0.078646 1.851480 0.000000
v 0.077331 1.855390 -0.020008
v 0.086522 1.836480 -0.007851
v 0.085604 1.840100 -0.028330
v 0.042933 1.873300 -0.029846
v 0.030981 1.869930 -0.028831
v 0.059043 1.868380 -0.033873
v 0.069679 1.857590 -0.040916
v 0.077932 1.844460 -0.050256
v 0.080270 1.827940 -0.061499
v 0.079654 1.799760 -0.082762
v 0.075676 1.777220 -0.093636
v 0.071596 1.747720 -0.103807
v 0.051881 1.774360 -0.115690
v 0.024539 1.779440 -0.125174
v 0.040134 1.743530 -0.120373
v 0.016514 1.748430 -0.126406
v 0.030981 1.869930 -0.028831
v 0.042140 1.875870 -0.034450
v 0.042933 1.873300 -0.029846
v 0.053449 1.871110 -0.044446
v 0.059043 1.868380 -0.033873
v 0.060956 1.862850 -0.056405
v 0.069679 1.857590 -0.040916
v 0.065446 1.850960 -0.070003
v 0.077932 1.844460 -0.050256
v 0.065781 1.833920 -0.083661
v 0.080270 1.827940 -0.061499
v 0.060920 1.805660 -0.104673
v 0.079654 1.799760 -0.082762
v 0.073104 1.768360 -0.101095
v 0.062094 1.738190 -0.106701
v 0.036067 1.874400 -0.037900
v 0.040328 1.870590 -0.052772
v 0.043340 1.865310 -0.068772
v 0.042810 1.852580 -0.083382
v 0.039690 1.836010 -0.098139
v 0.030027 1.806850 -0.116543
v 0.030801 1.878000 -0.038569
v 0.036067 1.874400 -0.037900
v 0.028321 1.876410 -0.055444
v 0.040328 1.870590 -0.052772
v 0.024874 1.868810 -0.073756
v 0.043340 1.865310 -0.068772
v 0.020381 1.856920 -0.088798
v 0.042810 1.852580 -0.083382
v 0.014944 1.842450 -0.103146
v 0.039690 1.836010 -0.098139
v 0.004221 1.815730 -0.120097
v 0.030027 1.806850 -0.116543
v 0.013387 1.774410 -0.126522
v -0.010162 1.784280 -0.126364
v -0.007202 1.744360 -0.127499
v -0.029909 1.750530 -0.127564
v 0.024863 1.877910 -0.037163
v 0.015666 1.875490 -0.052852
v 0.007242 1.872070 -0.068717
v -0.001647 1.861540 -0.083948
v -0.010116 1.845830 -0.099955
v -0.024617 1.818370 -0.113316
v -0.034635 1.789700 -0.117570
v -0.049137 1.757330 -0.116749
v 0.030981 1.869930 -0.028831
v 0.015631 1.880650 -0.029277
v 0.018921 1.880370 -0.034473
v 0.002502 1.881800 -0.044631
v -0.007131 1.881660 -0.030500
v -0.029925 1.880620 -0.037075
v -0.011301 1.877380 -0.056703
v -0.050531 1.870810 -0.049486
v -0.028336 1.869840 -0.071585
v 0.024863 1.877910 -0.037163
v 0.015666 1.875490 -0.052852
v 0.007242 1.872070 -0.068717
v -0.001647 1.861540 -0.083948
v -0.042143 1.853370 -0.086225
v -0.010116 1.845830 -0.099955
v -0.065756 1.853330 -0.063475
v -0.056677 1.825190 -0.096260
v -0.024617 1.818370 -0.113316
v -0.079192 1.823180 -0.072943
v -0.068564 1.790020 -0.096061
v -0.041596 1.786710 -0.116975
v -0.086290 1.792080 -0.076338
v -0.076983 1.755790 -0.091858
v -0.058836 1.754670 -0.110046
v -0.091686 1.756400 -0.072978
v 0.012534 1.881920 -0.016577
v 0.011920 1.884020 -0.021787
v -0.013241 1.885270 -0.016741
v -0.014053 1.884070 -0.002607
v -0.041026 1.879710 0.007187
v -0.038716 1.881770 -0.016113
v -0.065013 1.865440 0.010618
v -0.062923 1.868940 -0.019965
v 0.015631 1.880650 -0.029277
v -0.007131 1.881660 -0.030500
v -0.029925 1.880620 -0.037075
v -0.050531 1.870810 -0.049486
v -0.080902 1.850680 -0.029715
v -0.065756 1.853330 -0.063475
v -0.082851 1.844710 0.007651
v -0.094066 1.820960 -0.036622
v -0.079192 1.823180 -0.072943
v -0.094923 1.815640 -0.001223
v -0.097287 1.787160 -0.041631
v -0.084039 1.786580 -0.072195
v -0.097346 1.787610 -0.012238
v -0.104616 1.754600 -0.040419
v -0.090894 1.751700 -0.067757
v -0.103489 1.757940 -0.016420
v 0.012801 1.878800 0.022433
v 0.009963 1.883910 0.003963
v 0.030323 1.871140 0.003000
v 0.034087 1.871280 -0.012646
v 0.012534 1.881920 -0.016577
v 0.030981 1.869930 -0.028831
v -0.015590 1.882620 0.021002
v -0.014777 1.876830 0.042083
v -0.014053 1.884070 -0.002607
v -0.040443 1.875670 0.032734
v -0.037116 1.866830 0.054087
v -0.041026 1.879710 0.007187
v -0.062432 1.860530 0.038188
v -0.056604 1.852120 0.059457
v -0.065013 1.865440 0.010618
v -0.081095 1.840020 0.035626
v -0.072857 1.832390 0.058767
v -0.082851 1.844710 0.007651
v -0.092848 1.814030 0.026682
v -0.094923 1.815640 -0.001223
v -0.083137 1.806700 0.050694
v -0.087710 1.767010 0.032869
v -0.097125 1.772820 0.013895
v -0.097665 1.777160 -0.008230
v -0.094813 1.732040 0.011435
v -0.103421 1.742210 -0.002820
v -0.102082 1.749210 -0.020600
v 0.010301 1.875730 0.044230
v 0.012801 1.878800 0.022433
v 0.026984 1.868070 0.024504
v 0.030323 1.871140 0.003000
v 0.011880 1.866140 0.062020
v 0.029398 1.863260 0.039735
v -0.012063 1.870590 0.062624
v -0.005839 1.859520 0.077236
v -0.014777 1.876830 0.042083
v -0.033224 1.858750 0.075088
v -0.022900 1.844530 0.087762
v -0.037116 1.866830 0.054087
v -0.049551 1.842870 0.077829
v -0.039390 1.827150 0.090921
v -0.056604 1.852120 0.059457
v -0.063279 1.825620 0.077443
v -0.049661 1.812780 0.090640
v -0.072857 1.832390 0.058767
v -0.064492 1.794530 0.085742
v -0.075686 1.802230 0.072163
v -0.083137 1.806700 0.050694
v -0.075802 1.768530 0.073993
v -0.083393 1.767620 0.052946
v -0.087205 1.770870 0.035432
v -0.082575 1.739160 0.050998
v -0.090019 1.738730 0.035095
v -0.091246 1.743270 0.018972
v -0.021801 1.804460 0.100101
v -0.036343 1.794660 0.098084
v -0.034613 1.816930 0.099853
v -0.046505 1.805390 0.096168
v -0.056709 1.783800 0.088311
v -0.062288 1.793260 0.084936
v -0.070105 1.771920 0.069436
v -0.075392 1.779180 0.065890
v -0.039390 1.827150 0.090921
v -0.049392 1.814040 0.087982
v -0.064202 1.802710 0.079208
v -0.077370 1.789500 0.060064
v -0.085149 1.774940 0.036566
v -0.082866 1.764940 0.040101
v -0.075027 1.756780 0.044241
v 0.091460 1.815580 -0.020472
v 0.090942 1.823660 -0.039415
v 0.094544 1.788300 -0.037101
v 0.092914 1.795630 -0.056793
v 0.091018 1.753200 -0.050969
v 0.088418 1.759230 -0.069050
v 0.087590 1.722850 -0.073154
v 0.090239 1.718690 -0.054340
v 0.080270 1.827940 -0.061499
v 0.079654 1.799760 -0.076955
v 0.076710 1.763680 -0.086789
v 0.080246 1.727630 -0.089358
v 0.089087 1.801520 0.016006
v 0.092472 1.810430 -0.000737
v 0.096900 1.773440 -0.006328
v 0.097452 1.782700 -0.020304
v 0.091460 1.815580 -0.020472
v 0.094544 1.788300 -0.037101
v 0.097382 1.745590 -0.017423
v 0.101189 1.749190 -0.035839
v 0.094126 1.753370 -0.049544
v 0.099717 1.716720 -0.037137
v 0.095985 1.714880 -0.019891
v 0.095231 1.718210 -0.054108
v 0.052633 1.731620 -0.104705
v 0.056604 1.768810 -0.107887
v 0.031678 1.736520 -0.115373
v 0.031331 1.774820 -0.120539
v 0.063020 1.804470 -0.098666
v 0.079654 1.799760 -0.076955
v 0.065781 1.833920 -0.083661
v 0.080270 1.827940 -0.061499
v 0.069086 1.726280 -0.088842
v 0.074710 1.763740 -0.088394
v 0.034669 1.810570 -0.111765
v 0.039690 1.836010 -0.098139
v 0.008097 1.816800 -0.116196
v 0.034669 1.810570 -0.111765
v 0.014944 1.842450 -0.103146
v 0.039690 1.836010 -0.098139
v 0.028254 1.775240 -0.121212
v 0.003139 1.777980 -0.126253
v 0.022343 1.739820 -0.116612
v -0.000908 1.740130 -0.122955
v -0.017161 1.820440 -0.112175
v -0.010116 1.845830 -0.099955
v -0.021486 1.779000 -0.121881
v -0.021977 1.741470 -0.121423
v -0.042143 1.853370 -0.086225
v -0.051614 1.824430 -0.098387
v -0.010116 1.845830 -0.099955
v -0.017161 1.820440 -0.112175
v -0.065756 1.853330 -0.063475
v -0.075394 1.823490 -0.075967
v -0.052328 1.779610 -0.109415
v -0.024567 1.778780 -0.120726
v -0.075422 1.779430 -0.087199
v -0.058072 1.734060 -0.107481
v -0.032144 1.735260 -0.118529
v -0.075315 1.732660 -0.086175
v -0.080902 1.850680 -0.029715
v -0.089859 1.819290 -0.043825
v -0.065756 1.853330 -0.063475
v -0.075394 1.823490 -0.075967
v -0.082851 1.844710 0.007651
v -0.093184 1.814340 -0.006484
v -0.089821 1.777690 -0.055601
v -0.077505 1.780730 -0.084945
v -0.094450 1.774690 -0.026633
v -0.094063 1.734410 -0.058355
v -0.079002 1.734740 -0.081152
v -0.098931 1.734900 -0.034507
v -0.081095 1.840020 0.035626
v -0.089782 1.812730 0.024714
v -0.082851 1.844710 0.007651
v -0.093184 1.814340 -0.006484
v -0.072857 1.832390 0.058767
v -0.082369 1.806700 0.048729
v -0.086142 1.764130 0.018059
v -0.095716 1.769660 0.000700
v -0.094761 1.773920 -0.024342
v -0.088479 1.724940 0.002063
v -0.098512 1.731850 -0.013282
v -0.096870 1.738480 -0.033971
v -0.049392 1.814040 0.087982
v -0.065889 1.792690 0.077804
v -0.063279 1.825620 0.077443
v -0.075020 1.799420 0.063100
v -0.072857 1.832390 0.058767
v -0.082369 1.806700 0.048729
v -0.075076 1.751010 0.040308
v -0.084595 1.757900 0.031609
v -0.086169 1.762270 0.014560
v -0.080009 1.726490 0.022770
v -0.085851 1.731430 0.010482
v -0.086925 1.738130 -0.009587
v -0.077013 1.775420 0.037793
v -0.077469 1.760990 0.029447
v -0.088530 1.768800 0.009764
v -0.080259 1.749480 0.014347
v -0.081191 1.747170 0.002941
v -0.089947 1.763150 -0.024699
v -0.081531 1.742620 -0.022048
v -0.088751 1.753700 -0.037310
v -0.084007 1.732030 -0.031216
v -0.086635 1.728460 -0.041554
v -0.080546 1.799530 0.035848
v -0.090109 1.790680 0.005188
v -0.085894 1.784160 -0.030644
v -0.082341 1.763990 -0.048663
v -0.082723 1.727000 -0.060467
v 0.077013 1.775420 0.037793
v 0.087526 1.768800 0.009764
v 0.077469 1.760990 0.029447
v 0.080259 1.749480 0.014347
v 0.092675 1.766210 -0.023965
v 0.085785 1.754000 -0.002251
v 0.089262 1.757160 -0.036576
v 0.081531 1.746080 -0.021314
v 0.089365 1.730490 -0.044878
v 0.084124 1.732030 -0.031216
v 0.076785 1.799530 0.035848
v 0.088480 1.790680 0.005188
v 0.088550 1.784160 -0.030644
v 0.084156 1.763990 -0.048663
v 0.088758 1.731930 -0.061793
v 0.085377 1.728530 -0.046822
v 0.082673 1.731800 -0.031681
v 0.086787 1.757160 -0.036576
v 0.081531 1.746080 -0.021314
v 0.080674 1.725160 -0.060747
v 0.084156 1.763990 -0.048663
v 0.075984 1.722840 -0.073728
v 0.080674 1.725160 -0.060747
v 0.082553 1.768880 -0.062733
v 0.084156 1.763990 -0.048663
v 0.068540 1.719790 -0.087799
v 0.074738 1.772930 -0.073882
v 0.056199 1.718180 -0.100192
v 0.068540 1.719790 -0.087799
v 0.063545 1.775050 -0.093663
v 0.074738 1.772930 -0.073882
v 0.041791 1.717890 -0.107809
v 0.047975 1.775920 -0.104941
v 0.026060 1.776100 -0.116048
v 0.002711 1.776770 -0.120487
v 0.021220 1.717650 -0.115230
v 0.000116 1.718730 -0.117579
v 0.047975 1.775920 -0.104941
v 0.041791 1.717890 -0.107809
v -0.047464 1.775920 -0.104941
v -0.041748 1.719650 -0.105107
v -0.023410 1.777440 -0.116295
v -0.021413 1.718380 -0.114243
v 0.002711 1.776770 -0.120487
v 0.000116 1.718730 -0.117579
v -0.075041 1.772930 -0.076118
v -0.072400 1.719870 -0.084505
v -0.063033 1.775050 -0.093663
v -0.060953 1.718270 -0.096908
v -0.047464 1.775920 -0.104941
v -0.041748 1.719650 -0.105107
v -0.082341 1.763990 -0.048663
v -0.079539 1.724040 -0.054293
v -0.080600 1.768880 -0.062733
v -0.078777 1.720990 -0.069020
v -0.075041 1.772930 -0.076118
v -0.072400 1.719870 -0.084505
v -0.081531 1.742620 -0.022048
v -0.084007 1.732030 -0.031216
v -0.086276 1.753700 -0.037310
v -0.083186 1.727940 -0.042780
v -0.082341 1.763990 -0.048663
v -0.079539 1.724040 -0.054293
v -0.047464 1.775920 -0.104941
v -0.038955 1.738050 -0.103826
v -0.023410 1.777440 -0.116295
v -0.020986 1.738550 -0.113887
v -0.017254 1.680540 -0.106469
v -0.033707 1.680090 -0.097749
v 0.000118 1.737940 -0.117927
v 0.002711 1.776770 -0.120487
v 0.000130 1.680590 -0.109902
v -0.081531 1.742620 -0.022048
v -0.082464 1.732030 -0.031216
v -0.086276 1.753700 -0.037310
v -0.081127 1.730410 -0.046111
v -0.083972 1.685920 -0.036533
v -0.084849 1.689990 -0.017893
v -0.082341 1.763990 -0.048663
v -0.076419 1.731240 -0.058566
v -0.077541 1.684150 -0.051478
v -0.080600 1.768880 -0.062733
v -0.073451 1.733180 -0.071619
v -0.075041 1.772930 -0.076118
v -0.065606 1.735750 -0.083956
v -0.070803 1.681220 -0.069843
v -0.060851 1.680120 -0.080846
v -0.075041 1.772930 -0.076118
v -0.065606 1.735750 -0.083956
v -0.063033 1.775050 -0.093663
v -0.054659 1.737080 -0.096341
v -0.049172 1.680430 -0.092468
v -0.060851 1.680120 -0.080846
v 0.026060 1.776100 -0.116048
v 0.002711 1.776770 -0.120487
v 0.020807 1.737320 -0.113667
v 0.000118 1.737940 -0.117927
v 0.000130 1.680590 -0.109902
v 0.016522 1.680650 -0.106248
v 0.047975 1.775920 -0.104941
v 0.040973 1.736940 -0.103826
v 0.034864 1.680370 -0.102132
v 0.055171 1.737080 -0.096341
v 0.064914 1.735690 -0.081846
v 0.063545 1.775050 -0.093663
v 0.074738 1.772930 -0.073882
v 0.040973 1.736940 -0.103826
v 0.047975 1.775920 -0.104941
v 0.049708 1.680430 -0.092554
v 0.061650 1.680240 -0.080724
v 0.034864 1.680370 -0.102132
v 0.074756 1.733180 -0.071619
v 0.078369 1.731240 -0.058566
v 0.082553 1.768880 -0.062733
v 0.084156 1.763990 -0.048663
v 0.071272 1.682820 -0.067405
v 0.078012 1.686120 -0.053291
v 0.081638 1.730410 -0.046111
v 0.081568 1.731800 -0.031681
v 0.086787 1.757160 -0.036576
v 0.081531 1.746080 -0.021314
v 0.084054 1.688470 -0.041229
v 0.087612 1.692030 -0.025093
v 0.078369 1.731240 -0.058566
v 0.084156 1.763990 -0.048663
v 0.078012 1.686120 -0.053291
v 0.081638 1.730410 -0.046111
v 0.074388 1.705380 -0.040688
v 0.081568 1.731800 -0.031681
v 0.074636 1.711420 -0.019086
v 0.071244 1.671350 -0.026783
v 0.072464 1.684760 -0.003629
v 0.078369 1.731240 -0.058566
v 0.071866 1.704600 -0.053886
v 0.067645 1.665540 -0.039227
v 0.074756 1.733180 -0.071619
v 0.066170 1.704390 -0.066822
v 0.078369 1.731240 -0.058566
v 0.071866 1.704600 -0.053886
v 0.064914 1.735690 -0.081846
v 0.055826 1.705380 -0.076207
v 0.061813 1.660730 -0.053735
v 0.067645 1.665540 -0.039227
v 0.047798 1.657630 -0.063446
v 0.045453 1.703640 -0.086120
v 0.055826 1.705380 -0.076207
v 0.055171 1.737080 -0.096341
v 0.064914 1.735690 -0.081846
v 0.031498 1.704180 -0.089681
v 0.040973 1.736940 -0.103826
v 0.037494 1.656330 -0.070389
v 0.047798 1.657630 -0.063446
v 0.025474 1.656180 -0.072557
v 0.000118 1.737940 -0.117927
v 0.000135 1.703810 -0.100531
v 0.020807 1.737320 -0.113667
v 0.015885 1.703860 -0.097033
v 0.000716 1.656590 -0.079789
v 0.011602 1.656630 -0.075940
v -0.020986 1.738550 -0.113887
v -0.038955 1.738050 -0.103826
v -0.016568 1.703750 -0.098127
v -0.030986 1.704180 -0.089681
v -0.012315 1.656540 -0.078494
v -0.024828 1.656180 -0.072557
v 0.000118 1.737940 -0.117927
v 0.000135 1.703810 -0.100531
v 0.000716 1.656590 -0.079789
v -0.054659 1.737080 -0.096341
v -0.065606 1.735750 -0.083956
v -0.044941 1.703640 -0.086120
v -0.056466 1.703340 -0.076207
v -0.036849 1.656330 -0.070389
v -0.047152 1.657630 -0.063446
v -0.073451 1.733180 -0.071619
v -0.076419 1.731240 -0.058566
v -0.065176 1.702350 -0.065472
v -0.069916 1.702560 -0.052963
v -0.065606 1.735750 -0.083956
v -0.056466 1.703340 -0.076207
v -0.060998 1.658690 -0.050996
v -0.065097 1.663500 -0.039227
v -0.047152 1.657630 -0.063446
v -0.081127 1.730410 -0.046111
v -0.082464 1.732030 -0.031216
v -0.075887 1.707140 -0.035690
v -0.074636 1.710500 -0.015881
v -0.071818 1.680500 -0.005920
v -0.070599 1.669310 -0.022769
v -0.076419 1.731240 -0.058566
v -0.069916 1.702560 -0.052963
v -0.065097 1.663500 -0.039227
v 0.081638 1.730410 -0.046111
v 0.081568 1.731800 -0.031681
v 0.074388 1.705380 -0.040688
v 0.074636 1.711420 -0.019086
v 0.071244 1.671350 -0.026783
v 0.072464 1.684760 -0.003629
v 0.078369 1.731240 -0.058566
v 0.071866 1.704600 -0.053886
v 0.067645 1.665540 -0.039227
v 0.074756 1.733180 -0.071619
v 0.078369 1.731240 -0.058566
v 0.066170 1.704390 -0.066822
v 0.071866 1.704600 -0.053886
v 0.064914 1.735690 -0.081846
v 0.055826 1.705380 -0.076207
v 0.061813 1.660730 -0.053735
v 0.067645 1.665540 -0.039227
v 0.047798 1.657630 -0.063446
v 0.064914 1.735690 -0.081846
v 0.055826 1.705380 -0.076207
v 0.055171 1.737080 -0.096341
v 0.045453 1.703640 -0.086120
v 0.040973 1.736940 -0.103826
v 0.031498 1.704180 -0.089681
v 0.047798 1.657630 -0.063446
v 0.037494 1.656330 -0.070389
v 0.025474 1.656180 -0.072557
v 0.015885 1.703860 -0.097033
v 0.000135 1.703810 -0.100531
v 0.020807 1.737320 -0.113667
v 0.000118 1.737940 -0.117927
v 0.011602 1.656630 -0.075940
v 0.000716 1.656590 -0.079789
v -0.020986 1.738550 -0.113887
v -0.016568 1.703750 -0.098127
v -0.038955 1.738050 -0.103826
v -0.030986 1.704180 -0.089681
v -0.012315 1.656540 -0.078494
v -0.024828 1.656180 -0.072557
v 0.000135 1.703810 -0.100531
v 0.000118 1.737940 -0.117927
v 0.000716 1.656590 -0.079789
v -0.054659 1.737080 -0.096341
v -0.044941 1.703640 -0.086120
v -0.065606 1.735750 -0.083956
v -0.056466 1.703340 -0.076207
v -0.036849 1.656330 -0.070389
v -0.047152 1.657630 -0.063446
v -0.073451 1.733180 -0.071619
v -0.065176 1.702350 -0.065472
v -0.076419 1.731240 -0.058566
v -0.069916 1.702560 -0.052963
v -0.065606 1.735750 -0.083956
v -0.056466 1.703340 -0.076207
v -0.060998 1.658690 -0.050996
v -0.065097 1.663500 -0.039227
v -0.047152 1.657630 -0.063446
v -0.081127 1.730410 -0.046111
v -0.075887 1.707140 -0.035690
v -0.082464 1.732030 -0.031216
v -0.074636 1.710500 -0.015881
v -0.070599 1.669310 -0.022769
v -0.071818 1.680500 -0.005920
v -0.076419 1.731240 -0.058566
v -0.069916 1.702560 -0.052963
v -0.065097 1.663500 -0.039227
v -0.020986 1.738550 -0.113887
v -0.038955 1.738050 -0.103826
v -0.023410 1.777440 -0.116295
v -0.047464 1.775920 -0.104941
v -0.017254 1.680540 -0.106469
v -0.033707 1.680090 -0.097749
v 0.000118 1.737940 -0.117927
v 0.002711 1.776770 -0.120487
v 0.000130 1.680590 -0.109902
v -0.081127 1.730410 -0.046111
v -0.082464 1.732030 -0.031216
v -0.086276 1.753700 -0.037310
v -0.081531 1.742620 -0.022048
v -0.083972 1.685920 -0.036533
v -0.084849 1.689990 -0.017893
v -0.082341 1.763990 -0.048663
v -0.076419 1.731240 -0.058566
v -0.077541 1.684150 -0.051478
v -0.073451 1.733180 -0.071619
v -0.080600 1.768880 -0.062733
v -0.065606 1.735750 -0.083956
v -0.075041 1.772930 -0.076118
v -0.070803 1.681220 -0.069843
v -0.060851 1.680120 -0.080846
v -0.054659 1.737080 -0.096341
v -0.065606 1.735750 -0.083956
v -0.063033 1.775050 -0.093663
v -0.075041 1.772930 -0.076118
v -0.049172 1.680430 -0.092468
v -0.060851 1.680120 -0.080846
v 0.026060 1.776100 -0.116048
v 0.020807 1.737320 -0.113667
v 0.002711 1.776770 -0.120487
v 0.000118 1.737940 -0.117927
v 0.016522 1.680650 -0.106248
v 0.000130 1.680590 -0.109902
v 0.047975 1.775920 -0.104941
v 0.040973 1.736940 -0.103826
v 0.034864 1.680370 -0.102132
v 0.074738 1.772930 -0.073882
v 0.064914 1.735690 -0.081846
v 0.063545 1.775050 -0.093663
v 0.055171 1.737080 -0.096341
v 0.047975 1.775920 -0.104941
v 0.040973 1.736940 -0.103826
v 0.049708 1.680430 -0.092554
v 0.061650 1.680240 -0.080724
v 0.034864 1.680370 -0.102132
v 0.084156 1.763990 -0.048663
v 0.078369 1.731240 -0.058566
v 0.082553 1.768880 -0.062733
v 0.074756 1.733180 -0.071619
v 0.071272 1.682820 -0.067405
v 0.078012 1.686120 -0.053291
v 0.081531 1.746080 -0.021314
v 0.081568 1.731800 -0.031681
v 0.086787 1.757160 -0.036576
v 0.081638 1.730410 -0.046111
v 0.087612 1.692030 -0.025093
v 0.084054 1.688470 -0.041229
v 0.084156 1.763990 -0.048663
v 0.078369 1.731240 -0.058566
v 0.078012 1.686120 -0.053291
v 0.028689 1.848020 0.069396
v 0.023812 1.834600 0.080002
v 0.044560 1.847540 0.066486
v 0.037513 1.832480 0.076145
v 0.053564 1.825520 0.068825
v 0.059942 1.840320 0.055185
v 0.066373 1.817730 0.055258
v 0.073831 1.827410 0.039879
v 0.076785 1.799530 0.035848
v 0.082682 1.809490 0.023103
v 0.079653 1.778450 0.023296
v 0.087196 1.790680 0.005188
v 0.081923 1.764180 -0.005962
v 0.088939 1.774800 -0.016833
v 0.081531 1.746080 -0.021314
v 0.086787 1.757160 -0.036576
v 0.082673 1.731800 -0.031681
v 0.085377 1.728530 -0.046822
v 0.029398 1.863260 0.039735
v 0.048424 1.862800 0.043386
v 0.063989 1.853400 0.035074
v 0.078646 1.840280 0.021922
v 0.085291 1.820320 0.005315
v 0.088837 1.802280 -0.012202
v 0.088550 1.784160 -0.030644
v 0.084156 1.763990 -0.048663
v 0.080674 1.725160 -0.060747
v 0.026984 1.868070 0.024504
v 0.029398 1.863260 0.039735
v 0.048404 1.870090 0.024779
v 0.048424 1.862800 0.043386
v 0.030323 1.871140 0.003000
v 0.047180 1.872430 0.001944
v 0.063989 1.853400 0.035074
v 0.065846 1.861080 0.017537
v 0.066049 1.864640 -0.002737
v 0.078646 1.840280 0.021922
v 0.079003 1.848320 0.006926
v 0.078023 1.851970 -0.010592
v 0.085291 1.820320 0.005315
v 0.087120 1.829330 -0.007151
v 0.084616 1.835980 -0.020381
v 0.088837 1.802280 -0.012202
v 0.089166 1.811160 -0.023745
v 0.085949 1.818030 -0.036837
v 0.088550 1.784160 -0.030644
v 0.087102 1.792470 -0.042729
v 0.082768 1.798690 -0.056895
v 0.084156 1.763990 -0.048663
v 0.082553 1.768880 -0.062733
v 0.074738 1.772930 -0.073882
v 0.080674 1.725160 -0.060747
v 0.075984 1.722840 -0.073728
v 0.068540 1.719790 -0.087799
v 0.030323 1.871140 0.003000
v 0.047180 1.872430 0.001944
v 0.034087 1.871280 -0.012646
v 0.048017 1.873560 -0.013988
v 0.030981 1.869930 -0.028831
v 0.039176 1.869830 -0.030806
v 0.066049 1.864640 -0.002737
v 0.063189 1.866690 -0.019585
v 0.051725 1.866230 -0.039125
v 0.078023 1.851970 -0.010592
v 0.074140 1.854400 -0.029951
v 0.059835 1.857230 -0.051000
v 0.084616 1.835980 -0.020381
v 0.079002 1.840470 -0.043011
v 0.062960 1.843380 -0.064489
v 0.085949 1.818030 -0.036837
v 0.077241 1.822100 -0.058701
v 0.061271 1.827050 -0.078229
v 0.082768 1.798690 -0.056895
v 0.073633 1.802170 -0.077115
v 0.056590 1.808450 -0.092817
v 0.074738 1.772930 -0.073882
v 0.063545 1.775050 -0.093663
v 0.047975 1.775920 -0.104941
v 0.068540 1.719790 -0.087799
v 0.056199 1.718180 -0.100192
v 0.041791 1.717890 -0.107809
v 0.030981 1.869930 -0.028831
v 0.035518 1.870570 -0.034257
v 0.031141 1.871660 -0.035929
v 0.039645 1.868110 -0.049050
v 0.028589 1.870400 -0.050496
v 0.043340 1.863630 -0.063766
v 0.024867 1.867440 -0.065361
v 0.042394 1.852520 -0.079783
v 0.018968 1.857460 -0.083261
v 0.039409 1.835320 -0.095184
v 0.011617 1.840200 -0.100191
v 0.034881 1.815660 -0.106251
v 0.006950 1.820450 -0.111518
v 0.029711 1.797400 -0.113138
v 0.004305 1.800130 -0.117619
v 0.002711 1.776770 -0.120487
v 0.026060 1.776100 -0.116048
v 0.021220 1.717650 -0.115230
v 0.000116 1.718730 -0.117579
v 0.039176 1.869830 -0.030806
v 0.051725 1.866230 -0.039125
v 0.059835 1.857230 -0.051000
v 0.062960 1.843380 -0.064489
v 0.061271 1.827050 -0.078229
v 0.056590 1.808450 -0.092817
v 0.047975 1.775920 -0.104941
v 0.041791 1.717890 -0.107809
v 0.026712 1.872190 -0.035336
v 0.023156 1.872630 -0.032892
v 0.017131 1.872690 -0.047069
v 0.012664 1.875180 -0.038053
v 0.001415 1.875820 -0.043116
v 0.006043 1.871020 -0.060479
v -0.009041 1.874810 -0.048099
v -0.009935 1.861500 -0.078868
v -0.025315 1.869910 -0.052854
v -0.037836 1.866380 -0.062084
v -0.018594 1.843280 -0.097605
v -0.052963 1.855930 -0.069489
v -0.055876 1.843660 -0.077572
v -0.021441 1.822400 -0.107006
v -0.057679 1.824920 -0.088669
v -0.023190 1.801290 -0.113468
v -0.052642 1.803600 -0.097719
v -0.023410 1.777440 -0.116295
v -0.047464 1.775920 -0.104941
v -0.021413 1.718380 -0.114243
v -0.041748 1.719650 -0.105107
v 0.031141 1.871660 -0.035929
v 0.028589 1.870400 -0.050496
v 0.024867 1.867440 -0.065361
v 0.018968 1.857460 -0.083261
v 0.011617 1.840200 -0.100191
v 0.006950 1.820450 -0.111518
v 0.004305 1.800130 -0.117619
v 0.002711 1.776770 -0.120487
v 0.000116 1.718730 -0.117579
v 0.034087 1.871280 -0.012646
v 0.030981 1.869930 -0.028831
v 0.019052 1.877110 -0.015241
v 0.023156 1.872630 -0.032892
v 0.030323 1.871140 0.003000
v 0.016250 1.878550 0.004121
v 0.005215 1.880540 -0.017780
v 0.001442 1.880510 0.004476
v 0.012664 1.875180 -0.038053
v -0.007869 1.880470 -0.021132
v -0.014368 1.880090 0.003503
v 0.001415 1.875820 -0.043116
v -0.023498 1.878820 -0.024667
v -0.031972 1.879080 0.001076
v -0.009041 1.874810 -0.048099
v -0.037947 1.875640 -0.030080
v -0.049614 1.873410 -0.003743
v -0.025315 1.869910 -0.052854
v -0.057740 1.865520 -0.037515
v -0.062067 1.865500 -0.011701
v -0.037836 1.866380 -0.062084
v -0.065213 1.854460 -0.048140
v -0.074472 1.851740 -0.021120
v -0.052963 1.855930 -0.069489
v -0.074996 1.838510 -0.057773
v -0.082406 1.837630 -0.031810
v -0.055876 1.843660 -0.077572
v -0.075704 1.822530 -0.068767
v -0.083760 1.818030 -0.045974
v -0.057679 1.824920 -0.088669
v -0.069999 1.802170 -0.081800
v -0.084586 1.798690 -0.061503
v -0.052642 1.803600 -0.097719
v -0.063033 1.775050 -0.093663
v -0.075041 1.772930 -0.076118
v -0.047464 1.775920 -0.104941
v -0.060953 1.718270 -0.096908
v -0.072400 1.719870 -0.084505
v -0.041748 1.719650 -0.105107
v 0.030323 1.871140 0.003000
v 0.016250 1.878550 0.004121
v 0.026984 1.868070 0.024504
v 0.014796 1.874960 0.027389
v 0.001442 1.880510 0.004476
v 0.000136 1.877980 0.028570
v 0.029398 1.863260 0.039735
v 0.013997 1.869360 0.050115
v 0.000835 1.870380 0.051625
v -0.014709 1.877680 0.028369
v -0.009894 1.869950 0.051044
v -0.014368 1.880090 0.003503
v -0.034259 1.876310 0.025626
v -0.032693 1.868470 0.048779
v -0.031972 1.879080 0.001076
v -0.051248 1.868290 0.020355
v -0.050380 1.862090 0.043386
v -0.049614 1.873410 -0.003743
v -0.065899 1.860340 0.012448
v -0.064770 1.851970 0.033317
v -0.062067 1.865500 -0.011701
v -0.080394 1.844100 0.001308
v -0.079061 1.839790 0.021471
v -0.074472 1.851740 -0.021120
v -0.086205 1.828570 -0.012677
v -0.089517 1.814470 0.005315
v -0.082406 1.837630 -0.031810
v -0.091360 1.807590 -0.028855
v -0.091488 1.802280 -0.012202
v -0.083760 1.818030 -0.045974
v -0.087074 1.792470 -0.045793
v -0.085894 1.784160 -0.030644
v -0.084586 1.798690 -0.061503
v -0.080600 1.768880 -0.062733
v -0.082341 1.763990 -0.048663
v -0.075041 1.772930 -0.076118
v -0.078777 1.720990 -0.069020
v -0.079539 1.724040 -0.054293
v -0.072400 1.719870 -0.084505
v 0.028689 1.848020 0.069396
v 0.013997 1.850490 0.073920
v 0.023812 1.834600 0.080002
v 0.010856 1.836190 0.082092
v 0.000071 1.851280 0.076251
v 0.000000 1.836620 0.083211
v -0.013569 1.850680 0.075508
v -0.010856 1.836190 0.082092
v -0.028581 1.849080 0.071327
v -0.023812 1.834600 0.080559
v -0.044119 1.846820 0.066486
v -0.037513 1.832480 0.076702
v -0.062136 1.840320 0.055185
v -0.056255 1.826230 0.068825
v -0.075811 1.827050 0.039879
v -0.066373 1.817730 0.055258
v -0.085272 1.809490 0.023103
v -0.080546 1.799530 0.035848
v -0.089557 1.790680 0.005188
v -0.079653 1.778450 0.023296
v -0.087195 1.774800 -0.016833
v -0.081923 1.760720 -0.006696
v -0.086276 1.753700 -0.037310
v -0.081531 1.742620 -0.022048
v -0.083186 1.727940 -0.042780
v -0.084007 1.732030 -0.031216
v 0.029398 1.863260 0.039735
v 0.013997 1.869360 0.050115
v 0.000835 1.870380 0.051625
v -0.009894 1.869950 0.051044
v -0.032693 1.868470 0.048779
v -0.050380 1.862090 0.043386
v -0.064770 1.851970 0.033317
v -0.079061 1.839790 0.021471
v -0.089517 1.814470 0.005315
v -0.091488 1.802280 -0.012202
v -0.085894 1.784160 -0.030644
v -0.082341 1.763990 -0.048663
v -0.079539 1.724040 -0.054293
v -0.077013 1.775420 0.037793
v -0.088530 1.768800 0.009764
v -0.077469 1.760990 0.029447
v -0.080259 1.749480 0.014347
v -0.089947 1.763150 -0.024699
v -0.081191 1.747170 0.002941
v -0.088751 1.753700 -0.037310
v -0.081531 1.742620 -0.022048
v -0.086635 1.728460 -0.041554
v -0.084007 1.732030 -0.031216
v -0.080546 1.799530 0.035848
v -0.090109 1.790680 0.005188
v -0.085894 1.784160 -0.030644
v -0.082341 1.763990 -0.048663
v -0.082723 1.727000 -0.060467
v 0.077013 1.775420 0.037793
v 0.077469 1.760990 0.029447
v 0.087526 1.768800 0.009764
v 0.080259 1.749480 0.014347
v 0.085785 1.754000 -0.002251
v 0.092675 1.766210 -0.023965
v 0.081531 1.746080 -0.021314
v 0.089262 1.757160 -0.036576
v 0.084124 1.732030 -0.031216
v 0.089365 1.730490 -0.044878
v 0.076785 1.799530 0.035848
v 0.088480 1.790680 0.005188
v 0.088550 1.784160 -0.030644
v 0.084156 1.763990 -0.048663
v 0.088758 1.731930 -0.061793
v 0.092914 1.795630 -0.056793
v 0.090942 1.823660 -0.039415
v 0.094544 1.788300 -0.037101
v 0.091460 1.815580 -0.020472
v 0.088418 1.759230 -0.069050
v 0.091018 1.753200 -0.050969
v 0.090239 1.718690 -0.054340
v 0.087590 1.722850 -0.073154
v 0.079654 1.799760 -0.076955
v 0.080270 1.827940 -0.061499
v 0.076710 1.763680 -0.086789
v 0.080246 1.727630 -0.089358
v 0.097452 1.782700 -0.020304
v 0.092472 1.810430 -0.000737
v 0.096900 1.773440 -0.006328
v 0.089087 1.801520 0.016006
v 0.094544 1.788300 -0.037101
v 0.091460 1.815580 -0.020472
v 0.097382 1.745590 -0.017423
v 0.101189 1.749190 -0.035839
v 0.094126 1.753370 -0.049544
v 0.099717 1.716720 -0.037137
v 0.095985 1.714880 -0.019891
v 0.095231 1.718210 -0.054108
v 0.052633 1.731620 -0.104705
v 0.031678 1.736520 -0.115373
v 0.056604 1.768810 -0.107887
v 0.031331 1.774820 -0.120539
v 0.080270 1.827940 -0.061499
v 0.079654 1.799760 -0.076955
v 0.065781 1.833920 -0.083661
v 0.063020 1.804470 -0.098666
v 0.069086 1.726280 -0.088842
v 0.074710 1.763740 -0.088394
v 0.039690 1.836010 -0.098139
v 0.034669 1.810570 -0.111765
v 0.039690 1.836010 -0.098139
v 0.034669 1.810570 -0.111765
v 0.014944 1.842450 -0.103146
v 0.008097 1.816800 -0.116196
v -0.000908 1.740130 -0.122955
v 0.003139 1.777980 -0.126253
v 0.022343 1.739820 -0.116612
v 0.028254 1.775240 -0.121212
v -0.010116 1.845830 -0.099955
v -0.017161 1.820440 -0.112175
v -0.021486 1.779000 -0.121881
v -0.021977 1.741470 -0.121423
v -0.042143 1.853370 -0.086225
v -0.010116 1.845830 -0.099955
v -0.051614 1.824430 -0.098387
v -0.017161 1.820440 -0.112175
v -0.065756 1.853330 -0.063475
v -0.075394 1.823490 -0.075967
v -0.052328 1.779610 -0.109415
v -0.024567 1.778780 -0.120726
v -0.075422 1.779430 -0.087199
v -0.032144 1.735260 -0.118529
v -0.058072 1.734060 -0.107481
v -0.075315 1.732660 -0.086175
v -0.080902 1.850680 -0.029715
v -0.065756 1.853330 -0.063475
v -0.089859 1.819290 -0.043825
v -0.075394 1.823490 -0.075967
v -0.082851 1.844710 0.007651
v -0.093184 1.814340 -0.006484
v -0.089821 1.777690 -0.055601
v -0.077505 1.780730 -0.084945
v -0.094450 1.774690 -0.026633
v -0.079002 1.734740 -0.081152
v -0.094063 1.734410 -0.058355
v -0.098931 1.734900 -0.034507
v -0.093184 1.814340 -0.006484
v -0.089782 1.812730 0.024714
v -0.082851 1.844710 0.007651
v -0.081095 1.840020 0.035626
v -0.082369 1.806700 0.048729
v -0.072857 1.832390 0.058767
v -0.095716 1.769660 0.000700
v -0.086142 1.764130 0.018059
v -0.094761 1.773920 -0.024342
v -0.098512 1.731850 -0.013282
v -0.088479 1.724940 0.002063
v -0.096870 1.738480 -0.033971
v -0.075020 1.799420 0.063100
v -0.065889 1.792690 0.077804
v -0.063279 1.825620 0.077443
v -0.049392 1.814040 0.087982
v -0.082369 1.806700 0.048729
v -0.072857 1.832390 0.058767
v -0.084595 1.757900 0.031609
v -0.075076 1.751010 0.040308
v -0.086169 1.762270 0.014560
v -0.085851 1.731430 0.010482
v -0.080009 1.726490 0.022770
v -0.086925 1.738130 -0.009587
v -0.046505 1.805390 0.096168
v -0.036343 1.794660 0.098084
v -0.034613 1.816930 0.099853
v -0.021801 1.804460 0.100101
v -0.062288 1.793260 0.084936
v -0.056709 1.783800 0.088311
v -0.075392 1.779180 0.065890
v -0.070105 1.771920 0.069436
v -0.039390 1.827150 0.090921
v -0.049392 1.814040 0.087982
v -0.064202 1.802710 0.079208
v -0.077370 1.789500 0.060064
v -0.085149 1.774940 0.036566
v -0.082866 1.764940 0.040101
v -0.075027 1.756780 0.044241
v 0.092472 1.810430 -0.000737
v 0.088514 1.830270 0.012447
v 0.089087 1.801520 0.016006
v 0.084897 1.820570 0.030232
v 0.098487 1.782820 -0.022888
v 0.098339 1.773740 -0.005398
v 0.096117 1.789100 -0.043521
v 0.091460 1.815580 -0.020472
v 0.101474 1.750070 -0.021209
v 0.104043 1.756850 -0.040190
v 0.092821 1.762850 -0.058727
v 0.046802 1.863000 0.048386
v 0.048362 1.870530 0.029004
v 0.029398 1.863260 0.039735
v 0.026984 1.868070 0.024504
v 0.064275 1.853050 0.047237
v 0.066314 1.861700 0.027654
v 0.081206 1.846050 0.021403
v 0.076986 1.836160 0.040346
v 0.046755 1.873110 0.006288
v 0.030323 1.871140 0.003000
v 0.065071 1.865240 0.005311
v 0.078646 1.851480 0.000000
v 0.086522 1.836480 -0.007851
v 0.101126 1.727950 -0.045974
v 0.099335 1.724300 -0.026231
v 0.091741 1.732800 -0.065431
v 0.094790 1.797650 -0.060829
v 0.090942 1.823660 -0.039415
v 0.091460 1.815580 -0.020472
v 0.088453 1.769460 -0.078775
v 0.092135 1.758780 -0.063552
v 0.086778 1.728880 -0.074468
v 0.082455 1.739420 -0.092128
v 0.047894 1.875520 -0.011970
v 0.034087 1.871280 -0.012646
v 0.065464 1.868150 -0.013958
v 0.065071 1.865240 0.005311
v 0.077331 1.855390 -0.020008
v 0.078646 1.851480 0.000000
v 0.085604 1.840100 -0.028330
v 0.086522 1.836480 -0.007851
v 0.042933 1.873300 -0.029846
v 0.030981 1.869930 -0.028831
v 0.059043 1.868380 -0.033873
v 0.069679 1.857590 -0.040916
v 0.077932 1.844460 -0.050256
v 0.080270 1.827940 -0.061499
v 0.079654 1.799760 -0.082762
v 0.075676 1.777220 -0.093636
v 0.071596 1.747720 -0.103807
v 0.016514 1.748430 -0.126406
v 0.024539 1.779440 -0.125174
v 0.040134 1.743530 -0.120373
v 0.051881 1.774360 -0.115690
v 0.030981 1.869930 -0.028831
v 0.042933 1.873300 -0.029846
v 0.042140 1.875870 -0.034450
v 0.053449 1.871110 -0.044446
v 0.059043 1.868380 -0.033873
v 0.069679 1.857590 -0.040916
v 0.060956 1.862850 -0.056405
v 0.077932 1.844460 -0.050256
v 0.065446 1.850960 -0.070003
v 0.080270 1.827940 -0.061499
v 0.065781 1.833920 -0.083661
v 0.079654 1.799760 -0.082762
v 0.060920 1.805660 -0.104673
v 0.062094 1.738190 -0.106701
v 0.073104 1.768360 -0.101095
v 0.036067 1.874400 -0.037900
v 0.040328 1.870590 -0.052772
v 0.043340 1.865310 -0.068772
v 0.042810 1.852580 -0.083382
v 0.039690 1.836010 -0.098139
v 0.030027 1.806850 -0.116543
v 0.036067 1.874400 -0.037900
v 0.030801 1.878000 -0.038569
v 0.040328 1.870590 -0.052772
v 0.028321 1.876410 -0.055444
v 0.043340 1.865310 -0.068772
v 0.024874 1.868810 -0.073756
v 0.042810 1.852580 -0.083382
v 0.020381 1.856920 -0.088798
v 0.039690 1.836010 -0.098139
v 0.014944 1.842450 -0.103146
v 0.030027 1.806850 -0.116543
v 0.004221 1.815730 -0.120097
v -0.029909 1.750530 -0.127564
v -0.010162 1.784280 -0.126364
v -0.007202 1.744360 -0.127499
v 0.013387 1.774410 -0.126522
v 0.024863 1.877910 -0.037163
v 0.015666 1.875490 -0.052852
v 0.007242 1.872070 -0.068717
v -0.001647 1.861540 -0.083948
v -0.010116 1.845830 -0.099955
v -0.024617 1.818370 -0.113316
v -0.034635 1.789700 -0.117570
v -0.049137 1.757330 -0.116749
v 0.030981 1.869930 -0.028831
v 0.018921 1.880370 -0.034473
v 0.015631 1.880650 -0.029277
v 0.002502 1.881800 -0.044631
v -0.007131 1.881660 -0.030500
v -0.011301 1.877380 -0.056703
v -0.029925 1.880620 -0.037075
v -0.028336 1.869840 -0.071585
v -0.050531 1.870810 -0.049486
v 0.024863 1.877910 -0.037163
v 0.015666 1.875490 -0.052852
v 0.007242 1.872070 -0.068717
v -0.001647 1.861540 -0.083948
v -0.042143 1.853370 -0.086225
v -0.010116 1.845830 -0.099955
v -0.065756 1.853330 -0.063475
v -0.024617 1.818370 -0.113316
v -0.056677 1.825190 -0.096260
v -0.079192 1.823180 -0.072943
v -0.041596 1.786710 -0.116975
v -0.068564 1.790020 -0.096061
v -0.086290 1.792080 -0.076338
v -0.058836 1.754670 -0.110046
v -0.076983 1.755790 -0.091858
v -0.091686 1.756400 -0.072978
v 0.011920 1.884020 -0.021787
v 0.012534 1.881920 -0.016577
v -0.013241 1.885270 -0.016741
v -0.014053 1.884070 -0.002607
v -0.038716 1.881770 -0.016113
v -0.041026 1.879710 0.007187
v -0.062923 1.868940 -0.019965
v -0.065013 1.865440 0.010618
v 0.015631 1.880650 -0.029277
v -0.007131 1.881660 -0.030500
v -0.029925 1.880620 -0.037075
v -0.050531 1.870810 -0.049486
v -0.080902 1.850680 -0.029715
v -0.065756 1.853330 -0.063475
v -0.082851 1.844710 0.007651
v -0.094066 1.820960 -0.036622
v -0.079192 1.823180 -0.072943
v -0.094923 1.815640 -0.001223
v -0.084039 1.786580 -0.072195
v -0.097287 1.787160 -0.041631
v -0.097346 1.787610 -0.012238
v -0.090894 1.751700 -0.067757
v -0.104616 1.754600 -0.040419
v -0.103489 1.757940 -0.016420
v 0.034087 1.871280 -0.012646
v 0.009963 1.883910 0.003963
v 0.030323 1.871140 0.003000
v 0.012801 1.878800 0.022433
v 0.030981 1.869930 -0.028831
v 0.012534 1.881920 -0.016577
v -0.015590 1.882620 0.021002
v -0.014777 1.876830 0.042083
v -0.014053 1.884070 -0.002607
v -0.040443 1.875670 0.032734
v -0.037116 1.866830 0.054087
v -0.041026 1.879710 0.007187
v -0.062432 1.860530 0.038188
v -0.056604 1.852120 0.059457
v -0.065013 1.865440 0.010618
v -0.081095 1.840020 0.035626
v -0.072857 1.832390 0.058767
v -0.082851 1.844710 0.007651
v -0.094923 1.815640 -0.001223
v -0.092848 1.814030 0.026682
v -0.083137 1.806700 0.050694
v -0.097125 1.772820 0.013895
v -0.087710 1.767010 0.032869
v -0.097665 1.777160 -0.008230
v -0.103421 1.742210 -0.002820
v -0.094813 1.732040 0.011435
v -0.102082 1.749210 -0.020600
v 0.030323 1.871140 0.003000
v 0.012801 1.878800 0.022433
v 0.026984 1.868070 0.024504
v 0.010301 1.875730 0.044230
v 0.029398 1.863260 0.039735
v 0.011880 1.866140 0.062020
v -0.012063 1.870590 0.062624
v -0.005839 1.859520 0.077236
v -0.014777 1.876830 0.042083
v -0.033224 1.858750 0.075088
v -0.022900 1.844530 0.087762
v -0.037116 1.866830 0.054087
v -0.049551 1.842870 0.077829
v -0.039390 1.827150 0.090921
v -0.056604 1.852120 0.059457
v -0.063279 1.825620 0.077443
v -0.049661 1.812780 0.090640
v -0.072857 1.832390 0.058767
v -0.075686 1.802230 0.072163
v -0.064492 1.794530 0.085742
v -0.083137 1.806700 0.050694
v -0.083393 1.767620 0.052946
v -0.075802 1.768530 0.073993
v -0.087205 1.770870 0.035432
v -0.090019 1.738730 0.035095
v -0.082575 1.739160 0.050998
v -0.091246 1.743270 0.018972
v -0.001249 1.843970 0.090948
v -0.015547 1.831080 0.097451
v 0.007582 1.824740 0.092258
v -0.005847 1.814750 0.096187
v -0.034613 1.816930 0.099853
v -0.021801 1.804460 0.100101
v -0.044552 1.804590 0.099602
v -0.034924 1.794320 0.099992
v -0.057974 1.787550 0.093281
v -0.052180 1.780090 0.095109
v -0.068616 1.771520 0.076766
v -0.063469 1.764590 0.082514
v -0.005839 1.859520 0.077236
v -0.022900 1.844530 0.087762
v -0.039390 1.827150 0.090921
v -0.049661 1.812780 0.090640
v -0.063476 1.796950 0.085051
v -0.074943 1.780730 0.068049
v -0.080647 1.764440 0.049592
v -0.077235 1.755380 0.058278
v -0.072501 1.749290 0.065466
v 0.061405 1.808120 0.071518
v 0.071487 1.789970 0.055209
v 0.074283 1.822010 0.059671
v 0.083278 1.805840 0.045066
v 0.090098 1.778760 0.026148
v 0.078359 1.764640 0.036468
v 0.090792 1.744560 0.009749
v 0.099787 1.761280 -0.002525
v 0.103212 1.731940 -0.031372
v 0.106369 1.746090 -0.040649
v 0.076986 1.836160 0.040346
v 0.084897 1.820570 0.030232
v 0.089087 1.801520 0.016006
v 0.099598 1.776860 -0.010001
v 0.105998 1.761530 -0.046670
v 0.023812 1.834600 0.080002
v 0.036310 1.830470 0.081580
v 0.028689 1.848020 0.069396
v 0.043943 1.847600 0.071116
v 0.059472 1.838470 0.067764
v 0.050763 1.821580 0.078574
v 0.074283 1.822010 0.059671
v 0.061405 1.808120 0.071518
v 0.082602 1.804300 0.049956
v 0.069828 1.791080 0.062340
v 0.087341 1.783410 0.041432
v 0.073379 1.774450 0.053650
v 0.086194 1.750310 0.031794
v 0.073816 1.743860 0.047390
v 0.082040 1.714590 0.026643
v 0.074320 1.711550 0.041677
v 0.046802 1.863000 0.048386
v 0.029398 1.863260 0.039735
v 0.064275 1.853050 0.047237
v 0.076986 1.836160 0.040346
v 0.086549 1.816060 0.032413
v 0.094426 1.792210 0.024415
v 0.091328 1.755730 0.015103
v 0.087807 1.718120 0.009668
v 0.028689 1.848020 0.069396
v 0.014958 1.850080 0.079011
v 0.023812 1.834600 0.080002
v 0.016038 1.832810 0.085235
v -0.001249 1.843970 0.090948
v -0.015900 1.829900 0.100099
v 0.007582 1.824740 0.092258
v -0.005542 1.814370 0.098836
v -0.033063 1.812640 0.103260
v -0.021890 1.801060 0.102876
v -0.045933 1.798900 0.104817
v -0.033129 1.789510 0.103729
v -0.055695 1.784610 0.098966
v -0.048322 1.776660 0.103102
v -0.062942 1.773710 0.088936
v -0.056050 1.767330 0.096321
v 0.029398 1.863260 0.039735
v 0.011880 1.866140 0.062020
v -0.005839 1.859520 0.077236
v -0.023417 1.842520 0.090399
v -0.038701 1.823310 0.095099
v -0.052407 1.807100 0.095551
v -0.061513 1.792980 0.088544
v -0.068169 1.781680 0.079562
v -0.075933 1.766880 0.065777
v -0.070973 1.759560 0.074803
v -0.064753 1.753990 0.082650
v 0.028689 1.848020 0.069396
v 0.032987 1.828270 0.084190
v 0.041713 1.846890 0.074130
v 0.054607 1.838910 0.077882
v 0.043236 1.819810 0.083860
v 0.066237 1.822010 0.074995
v 0.053665 1.807100 0.082586
v 0.074597 1.801910 0.070164
v 0.061815 1.791390 0.076269
v 0.076584 1.782170 0.064441
v 0.066042 1.774450 0.070208
v 0.075290 1.761080 0.060620
v 0.066870 1.755870 0.065393
v 0.045071 1.859630 0.055685
v 0.029398 1.863260 0.039735
v 0.058925 1.849690 0.060662
v 0.072495 1.829680 0.061005
v 0.078433 1.809300 0.058407
v 0.080982 1.789250 0.054245
v 0.079667 1.765520 0.049497
v 0.023812 1.834600 0.080002
v 0.023812 1.834600 0.080002
v 0.028689 1.848020 0.069396
v 0.020035 1.829970 0.088581
v 0.029398 1.863260 0.039735
v 0.013720 1.862100 0.068832
v 0.015687 1.848990 0.082900
v 0.001420 1.838930 0.096842
v 0.008110 1.822970 0.096278
v -0.006114 1.848730 0.089361
v -0.011352 1.817870 0.107304
v -0.000732 1.808750 0.105054
v -0.022606 1.825620 0.102449
v -0.010331 1.790460 0.111117
v -0.026456 1.796500 0.111871
v -0.037711 1.800250 0.104742
v -0.026812 1.771040 0.111237
v -0.041206 1.775460 0.111398
v -0.051219 1.780530 0.102668
v 0.020035 1.829970 0.088581
v 0.026836 1.830130 0.088680
v 0.028689 1.848020 0.069396
v 0.032987 1.828270 0.084190
v 0.016996 1.813010 0.101116
v 0.023132 1.811140 0.103269
v 0.030772 1.808280 0.098867
v 0.009608 1.794080 0.106527
v 0.015460 1.790500 0.109590
v 0.021601 1.786840 0.107015
v -0.000482 1.775350 0.106456
v 0.003634 1.772000 0.108727
v 0.008778 1.768820 0.107219
v 0.032987 1.828270 0.084190
v 0.034372 1.833230 0.084478
v 0.028689 1.848020 0.069396
v 0.037509 1.835780 0.081256
v 0.044585 1.820060 0.087736
v 0.041328 1.817580 0.087222
v 0.047331 1.820840 0.084099
v 0.052620 1.802770 0.085911
v 0.059812 1.786550 0.079964
v 0.055816 1.803920 0.085774
v 0.062947 1.787950 0.079175
v 0.058468 1.804570 0.081728
v 0.064932 1.788590 0.075103
v 0.067737 1.771540 0.075028
v 0.064574 1.770590 0.075723
v 0.069257 1.771740 0.071639
v 0.017423 1.839030 0.087961
v 0.020436 1.837500 0.089702
v 0.028689 1.848020 0.069396
v 0.021114 1.833460 0.086750
v 0.008300 1.826530 0.098769
v 0.012147 1.825730 0.100256
v 0.015227 1.822930 0.098068
v 0.004125 1.809520 0.106794
v 0.000230 1.811060 0.105321
v 0.006718 1.806780 0.104800
v -0.005523 1.796450 0.110386
v -0.009138 1.798840 0.109582
v -0.016478 1.785220 0.114035
v -0.019745 1.787290 0.112951
v -0.003077 1.793910 0.108007
v -0.014197 1.782960 0.112366
v 0.021114 1.833460 0.086750
v 0.024159 1.832980 0.088492
v 0.026836 1.830130 0.088680
v 0.015466 1.822780 0.096232
v 0.019005 1.822170 0.098787
v 0.022270 1.819540 0.098781
v 0.007385 1.808610 0.102379
v 0.010868 1.807630 0.105286
v 0.014129 1.805370 0.104541
v 0.003071 1.791920 0.106843
v -0.000959 1.792840 0.104248
v -0.002724 1.778530 0.108295
v -0.006802 1.779290 0.105879
v 0.006443 1.790290 0.105520
v 0.000490 1.777100 0.107427

vt 0.375000 0.000000
vt 0.625000 0.000000
vt 0.375000 0.250000
vt 0.625000 0.250000
vt 0.375000 0.250000
vt 0.625000 0.250000
vt 0.375000 0.500000
vt 0.625000 0.500000
vt 0.375000 0.500000
vt 0.625000 0.500000
vt 0.375000 0.750000
vt 0.625000 0.750000
vt 0.375000 0.750000
vt 0.625000 0.750000
vt 0.375000 1.000000
vt 0.625000 1.000000
vt 0.625000 0.000000
vt 0.875000 0.000000
vt 0.625000 0.250000
vt 0.875000 0.250000
vt 0.125000 0.000000
vt 0.375000 0.000000
vt 0.125000 0.250000
vt 0.375000 0.250000
vt 0.122841 0.059376
vt 0.117076 0.038307
vt 0.089134 0.054432
vt 0.089277 0.033729
vt 0.124677 0.090012
vt 0.088249 0.088971
vt 0.143834 0.091126
vt 0.142499 0.062655
vt 0.133882 0.046363
vt 0.055835 0.057553
vt 0.030849 0.059790
vt 0.052466 0.088050
vt 0.028665 0.087082
vt 0.061737 0.036864
vt 0.044727 0.044154
vt 0.054340 0.121177
vt 0.059095 0.141044
vt 0.087232 0.123608
vt 0.086418 0.146950
vt 0.031739 0.115261
vt 0.040903 0.134472
vt 0.139601 0.121714
vt 0.120748 0.123149
vt 0.114428 0.142755
vt 0.131604 0.136253
vt 0.139512 0.144981
vt 0.115288 0.156627
vt 0.085850 0.160646
vt 0.116970 0.166330
vt 0.085339 0.171059
vt 0.144797 0.150339
vt 0.027006 0.147347
vt 0.054527 0.164369
vt 0.032000 0.142999
vt 0.057139 0.154810
vt 0.036114 0.035473
vt 0.060485 0.022835
vt 0.089452 0.018593
vt 0.058345 0.013773
vt 0.089452 0.008836
vt 0.029993 0.029556
vt 0.147784 0.032549
vt 0.120798 0.015347
vt 0.141805 0.038158
vt 0.118643 0.024314
vt 0.011698 0.058743
vt 0.019500 0.058871
vt 0.016624 0.087815
vt 0.006284 0.087887
vt 0.020663 0.117373
vt 0.011026 0.119611
vt 0.154358 0.060430
vt 0.158677 0.091424
vt 0.164740 0.062630
vt 0.168507 0.092008
vt 0.162002 0.123446
vt 0.153341 0.123691
vt 0.122841 0.059376
vt 0.117076 0.038307
vt 0.089134 0.054432
vt 0.089277 0.033729
vt 0.124677 0.090012
vt 0.088249 0.088971
vt 0.143834 0.091126
vt 0.142499 0.062655
vt 0.133882 0.046363
vt 0.055835 0.057553
vt 0.030849 0.059790
vt 0.052466 0.088050
vt 0.028665 0.087082
vt 0.061737 0.036864
vt 0.044727 0.044154
vt 0.054340 0.121177
vt 0.059095 0.141044
vt 0.087232 0.123608
vt 0.086418 0.146950
vt 0.031739 0.115261
vt 0.040903 0.134472
vt 0.139601 0.121714
vt 0.120748 0.123149
vt 0.114428 0.142755
vt 0.131604 0.136253
vt 0.139512 0.144981
vt 0.115288 0.156627
vt 0.085850 0.160646
vt 0.085339 0.171059
vt 0.116970 0.166330
vt 0.144797 0.150339
vt 0.027006 0.147347
vt 0.054527 0.164369
vt 0.032000 0.142999
vt 0.057139 0.154810
vt 0.036114 0.035473
vt 0.060485 0.022835
vt 0.089452 0.018593
vt 0.089452 0.008836
vt 0.058345 0.013773
vt 0.029993 0.029556
vt 0.147784 0.032549
vt 0.120798 0.015347
vt 0.141805 0.038158
vt 0.118643 0.024314
vt 0.011698 0.058743
vt 0.019500 0.058871
vt 0.016624 0.087815
vt 0.006284 0.087887
vt 0.020663 0.117373
vt 0.011026 0.119611
vt 0.154358 0.060430
vt 0.158677 0.091424
vt 0.164740 0.062630
vt 0.168507 0.092008
vt 0.162002 0.123446
vt 0.153341 0.123691
vt 0.390602 0.031553
vt 0.324558 0.054552
vt 0.326374 0.031553
vt 0.390602 0.054552
vt 0.257880 0.031553
vt 0.257880 0.054552
vt 0.448254 0.054552
vt 0.448254 0.031553
vt 0.500000 0.054552
vt 0.500000 0.030561
vt 0.257586 0.065212
vt 0.888953 0.679332
vt 0.889704 0.753374
vt 0.861777 0.672899
vt 0.867432 0.742244
vt 0.609398 0.054552
vt 0.609398 0.031553
vt 0.675442 0.054552
vt 0.673626 0.031553
vt 0.742120 0.031553
vt 0.742120 0.054552
vt 0.551746 0.054552
vt 0.551746 0.031553
vt 0.742414 0.065212
vt 0.111047 0.679332
vt 0.138223 0.672899
vt 0.110296 0.753374
vt 0.132568 0.742244
vt 0.326374 0.001842
vt 0.257880 0.001842
vt 0.448254 0.001842
vt 0.390602 0.001842
vt 0.500000 0.001842
vt 0.673626 0.001842
vt 0.742120 0.001842
vt 0.551746 0.001842
vt 0.609398 0.001842
vt 0.581048 0.122388
vt 0.716769 0.137090
vt 0.715857 0.162067
vt 0.779697 0.178249
vt 0.806414 0.163608
vt 0.925543 0.941735
vt 0.919497 0.929039
vt 0.928883 0.937618
vt 0.926967 0.925047
vt 0.919419 0.902026
vt 0.927731 0.901996
vt 0.500000 0.112543
vt 0.500000 0.098675
vt 0.283231 0.137090
vt 0.284143 0.162067
vt 0.193586 0.163608
vt 0.220303 0.178249
vt 0.925543 0.862317
vt 0.928883 0.866434
vt 0.919497 0.875012
vt 0.926967 0.879005
vt 0.418952 0.122388
vt 0.500000 0.098675
vt 0.455137 0.148638
vt 0.394262 0.168435
vt 0.436708 0.132520
vt 0.500000 0.143362
vt 0.500000 0.124145
vt 0.544863 0.148638
vt 0.563292 0.132520
vt 0.632673 0.270135
vt 0.583302 0.285778
vt 0.573975 0.255175
vt 0.532797 0.245150
vt 0.534570 0.273572
vt 0.500000 0.244980
vt 0.500000 0.271121
vt 0.531213 0.218961
vt 0.500000 0.216753
vt 0.532019 0.191160
vt 0.500000 0.182509
vt 0.500000 0.167257
vt 0.533139 0.169007
vt 0.571713 0.226454
vt 0.571066 0.202791
vt 0.577744 0.183294
vt 0.605738 0.168435
vt 0.665282 0.164457
vt 0.426025 0.255175
vt 0.416698 0.285778
vt 0.367327 0.270135
vt 0.465430 0.273572
vt 0.467203 0.245150
vt 0.468787 0.218961
vt 0.467981 0.191160
vt 0.466861 0.169007
vt 0.428287 0.226454
vt 0.428934 0.202791
vt 0.422256 0.183294
vt 0.334718 0.164457
vt 0.823818 0.077186
vt 0.176182 0.057164
vt 0.922201 0.951702
vt 0.936518 0.963560
vt 0.927065 0.973468
vt 0.939869 0.956626
vt 0.945310 0.949485
vt 0.911452 0.937973
vt 0.969755 0.970971
vt 0.927065 0.973468
vt 0.984805 0.939287
vt 0.984611 0.981135
vt 0.966959 0.959915
vt 0.966959 0.959915
vt 0.958886 0.951437
vt 0.970917 0.936229
vt 0.996207 0.902006
vt 0.996207 0.995706
vt 0.979144 0.901990
vt 0.911452 0.980892
vt 0.911452 0.995537
vt 0.911452 0.980892
vt 0.943952 0.423770
vt 0.909328 0.436532
vt 0.930728 0.369460
vt 0.176182 0.077186
vt 0.823818 0.057164
vt 0.922201 0.852350
vt 0.927065 0.830584
vt 0.936518 0.840492
vt 0.945310 0.854567
vt 0.939869 0.847425
vt 0.911452 0.866078
vt 0.969755 0.833081
vt 0.927065 0.830584
vt 0.984611 0.822917
vt 0.966959 0.844137
vt 0.966959 0.844137
vt 0.984805 0.864765
vt 0.958886 0.852615
vt 0.970917 0.867823
vt 0.996207 0.808346
vt 0.911452 0.823160
vt 0.911452 0.808515
vt 0.911452 0.823160
vt 0.056047 0.423770
vt 0.069272 0.369460
vt 0.090671 0.436532
vt 0.180337 0.200343
vt 0.176182 0.031553
vt 0.176182 0.001842
vt 0.897885 0.242294
vt 0.819663 0.200343
vt 0.893374 0.306305
vt 0.823818 0.031553
vt 0.823818 0.001842
vt 0.102115 0.242294
vt 0.106626 0.306305
vt 0.256997 0.103744
vt 0.986521 0.621937
vt 0.976583 0.479854
vt 0.995681 0.713213
vt 0.995402 0.459606
vt 0.938496 0.752993
vt 0.981979 0.703010
vt 0.936516 0.444701
vt 0.977338 0.653828
vt 0.979691 0.615606
vt 0.969005 0.614485
vt 0.971089 0.649871
vt 0.976368 0.537608
vt 0.971673 0.551615
vt 0.965717 0.488712
vt 0.959426 0.502544
vt 0.962877 0.647983
vt 0.961908 0.613796
vt 0.922316 0.635122
vt 0.926593 0.670747
vt 0.913986 0.661420
vt 0.921935 0.680942
vt 0.966921 0.561834
vt 0.951265 0.521706
vt 0.938593 0.719994
vt 0.922154 0.711199
vt 0.933660 0.702599
vt 0.938496 0.752993
vt 0.970506 0.697127
vt 0.966951 0.687402
vt 0.894624 0.504076
vt 0.926264 0.499735
vt 0.918169 0.512578
vt 0.961516 0.675043
vt 0.927058 0.473562
vt 0.944311 0.481663
vt 0.939418 0.538538
vt 0.921170 0.534765
vt 0.955529 0.613222
vt 0.960154 0.567647
vt 0.954782 0.647235
vt 0.919364 0.564344
vt 0.896492 0.572471
vt 0.948929 0.468535
vt 0.907746 0.472310
vt 0.887851 0.461444
vt 0.884790 0.519421
vt 0.919676 0.455770
vt 0.931623 0.457687
vt 0.889564 0.606987
vt 0.895197 0.605721
vt 0.935660 0.686731
vt 0.936752 0.675030
vt 0.929892 0.659639
vt 0.951483 0.568591
vt 0.925924 0.630385
vt 0.919973 0.597716
vt 0.946318 0.628226
vt 0.901252 0.713958
vt 0.925924 0.630385
vt 0.948666 0.679567
vt 0.949628 0.693992
vt 0.950567 0.710164
vt 0.949410 0.726390
vt 0.743003 0.103744
vt 0.013479 0.621937
vt 0.004319 0.713213
vt 0.023417 0.479854
vt 0.004598 0.459606
vt 0.061503 0.752993
vt 0.018021 0.703010
vt 0.063484 0.444701
vt 0.022661 0.653828
vt 0.020309 0.615606
vt 0.030994 0.614485
vt 0.028911 0.649871
vt 0.040574 0.502544
vt 0.028326 0.551615
vt 0.034282 0.488712
vt 0.023631 0.537608
vt 0.038092 0.613796
vt 0.037123 0.647983
vt 0.078064 0.680942
vt 0.073406 0.670747
vt 0.086014 0.661420
vt 0.077683 0.635122
vt 0.033079 0.561834
vt 0.048735 0.521706
vt 0.061406 0.719994
vt 0.066340 0.702599
vt 0.077845 0.711199
vt 0.061503 0.752993
vt 0.033049 0.687402
vt 0.029494 0.697127
vt 0.105376 0.504076
vt 0.081831 0.512578
vt 0.073736 0.499735
vt 0.038484 0.675043
vt 0.055689 0.481663
vt 0.072941 0.473562
vt 0.078830 0.534765
vt 0.060581 0.538538
vt 0.044470 0.613222
vt 0.039845 0.567647
vt 0.045217 0.647235
vt 0.103508 0.572471
vt 0.080636 0.564344
vt 0.051071 0.468535
vt 0.092253 0.472310
vt 0.112149 0.461444
vt 0.115210 0.519421
vt 0.080324 0.455770
vt 0.068376 0.457687
vt 0.064340 0.686731
vt 0.070107 0.659639
vt 0.063247 0.675030
vt 0.048516 0.568591
vt 0.080026 0.597716
vt 0.074075 0.630385
vt 0.053681 0.628226
vt 0.104803 0.605721
vt 0.098747 0.713958
vt 0.086014 0.661420
vt 0.110436 0.606987
vt 0.074075 0.630385
vt 0.051334 0.679567
vt 0.050372 0.693992
vt 0.049432 0.710164
vt 0.050589 0.726390
vt 0.855106 0.610823
vt 0.846625 0.550997
vt 0.861644 0.322481
vt 0.899089 0.381429
vt 0.851221 0.357227
vt 0.844936 0.485583
vt 0.873382 0.390346
vt 0.840317 0.399786
vt 0.807752 0.469114
vt 0.632137 0.245941
vt 0.630043 0.217729
vt 0.679614 0.281710
vt 0.703730 0.253557
vt 0.816161 0.267151
vt 0.811973 0.320374
vt 0.745840 0.276126
vt 0.781195 0.299559
vt 0.745616 0.353740
vt 0.780509 0.372056
vt 0.697535 0.346042
vt 0.717546 0.346322
vt 0.665177 0.299721
vt 0.707146 0.417672
vt 0.687932 0.410934
vt 0.773307 0.448630
vt 0.734661 0.428776
vt 0.625520 0.191926
vt 0.699938 0.210969
vt 0.809186 0.387947
vt 0.745289 0.228627
vt 0.784178 0.247902
vt 0.100911 0.381429
vt 0.126618 0.390346
vt 0.367863 0.245941
vt 0.320386 0.281710
vt 0.369957 0.217729
vt 0.296270 0.253557
vt 0.183839 0.267151
vt 0.138356 0.322481
vt 0.188027 0.320374
vt 0.148779 0.357227
vt 0.334823 0.299721
vt 0.374480 0.191926
vt 0.300062 0.210969
vt 0.254711 0.228627
vt 0.215822 0.247902
vt 0.218805 0.299559
vt 0.254160 0.276126
vt 0.500000 0.409091
vt 0.511752 0.408754
vt 0.500000 0.427593
vt 0.510095 0.401001
vt 0.500000 0.399624
vt 0.500000 0.390982
vt 0.510239 0.392164
vt 0.517912 0.430057
vt 0.500000 0.365918
vt 0.508832 0.369408
vt 0.500000 0.365918
vt 0.532228 0.366193
vt 0.489905 0.401001
vt 0.488248 0.408754
vt 0.489761 0.392164
vt 0.482088 0.430057
vt 0.491168 0.369408
vt 0.467772 0.366193
vt 0.601830 0.499092
vt 0.604000 0.497947
vt 0.601903 0.511063
vt 0.601275 0.523870
vt 0.579830 0.510574
vt 0.586997 0.528329
vt 0.604024 0.524771
vt 0.589403 0.534955
vt 0.589270 0.543925
vt 0.565957 0.549602
vt 0.544886 0.552393
vt 0.563026 0.543864
vt 0.537264 0.537475
vt 0.561358 0.534627
vt 0.535586 0.527868
vt 0.552559 0.516185
vt 0.533177 0.515159
vt 0.316363 0.350467
vt 0.348696 0.332342
vt 0.334545 0.363008
vt 0.368137 0.311659
vt 0.367550 0.344837
vt 0.324328 0.408725
vt 0.537205 0.497640
vt 0.533696 0.506104
vt 0.530484 0.492183
vt 0.564310 0.490551
vt 0.578339 0.479820
vt 0.571848 0.497816
vt 0.590549 0.484256
vt 0.592867 0.480352
vt 0.578806 0.472831
vt 0.500000 0.465761
vt 0.526523 0.465148
vt 0.500000 0.474761
vt 0.525616 0.475305
vt 0.500000 0.455193
vt 0.522667 0.451250
vt 0.511842 0.442292
vt 0.500000 0.445909
vt 0.548171 0.505143
vt 0.545699 0.497968
vt 0.518498 0.533087
vt 0.510854 0.534566
vt 0.518132 0.524937
vt 0.509631 0.525246
vt 0.518829 0.552674
vt 0.511149 0.499994
vt 0.521064 0.502632
vt 0.559282 0.475459
vt 0.556267 0.486196
vt 0.543345 0.476818
vt 0.546794 0.489848
vt 0.519548 0.512899
vt 0.541710 0.493073
vt 0.510172 0.511997
vt 0.500000 0.509779
vt 0.500000 0.497977
vt 0.500000 0.486123
vt 0.516108 0.488821
vt 0.540559 0.449485
vt 0.545738 0.467565
vt 0.561970 0.467869
vt 0.500000 0.524883
vt 0.477333 0.451250
vt 0.488158 0.442292
vt 0.459441 0.449485
vt 0.488851 0.499994
vt 0.478936 0.502632
vt 0.469516 0.492183
vt 0.500000 0.535050
vt 0.500000 0.553489
vt 0.435690 0.490551
vt 0.428152 0.497816
vt 0.421661 0.479820
vt 0.409451 0.484256
vt 0.407133 0.480352
vt 0.421194 0.472831
vt 0.473477 0.465148
vt 0.474384 0.475305
vt 0.398170 0.499092
vt 0.398097 0.511063
vt 0.396000 0.497947
vt 0.398725 0.523870
vt 0.413003 0.528329
vt 0.420170 0.510574
vt 0.410730 0.543925
vt 0.395976 0.524771
vt 0.410597 0.534955
vt 0.451829 0.505143
vt 0.454301 0.497968
vt 0.489146 0.534566
vt 0.481171 0.552674
vt 0.490369 0.525246
vt 0.462736 0.537475
vt 0.455114 0.552393
vt 0.436974 0.543864
vt 0.434043 0.549602
vt 0.462795 0.497640
vt 0.466304 0.506104
vt 0.464414 0.527868
vt 0.438642 0.534627
vt 0.481502 0.533087
vt 0.481868 0.524937
vt 0.443733 0.486196
vt 0.440718 0.475459
vt 0.453206 0.489848
vt 0.456655 0.476818
vt 0.480452 0.512899
vt 0.466823 0.515159
vt 0.458290 0.493073
vt 0.489828 0.511997
vt 0.483892 0.488821
vt 0.454262 0.467565
vt 0.438030 0.467869
vt 0.447441 0.516185
vt 0.458290 0.493073
vt 0.481556 0.569762
vt 0.500000 0.597282
vt 0.474817 0.593663
vt 0.500000 0.571997
vt 0.518444 0.569762
vt 0.525183 0.593663
vt 0.547826 0.575342
vt 0.548609 0.592203
vt 0.527634 0.623343
vt 0.549358 0.623253
vt 0.526510 0.651111
vt 0.500000 0.624701
vt 0.500000 0.652774
vt 0.452174 0.575342
vt 0.451391 0.592203
vt 0.472366 0.623343
vt 0.473490 0.651111
vt 0.450642 0.623253
vt 0.357696 0.382959
vt 0.360626 0.419826
vt 0.349850 0.397769
vt 0.374007 0.383173
vt 0.376372 0.377569
vt 0.410362 0.402267
vt 0.412522 0.398868
vt 0.463051 0.378397
vt 0.434165 0.381688
vt 0.433344 0.364922
vt 0.388577 0.361534
vt 0.394152 0.362168
vt 0.385251 0.364076
vt 0.389976 0.370091
vt 0.365134 0.373076
vt 0.370030 0.369944
vt 0.472870 0.405538
vt 0.473845 0.411396
vt 0.437192 0.406166
vt 0.435895 0.410926
vt 0.338611 0.403444
vt 0.340481 0.450907
vt 0.352314 0.435717
vt 0.960947 0.890877
vt 0.960860 0.902006
vt 0.955207 0.889971
vt 0.954975 0.902026
vt 0.961178 0.878379
vt 0.955030 0.878235
vt 0.953847 0.858469
vt 0.959508 0.870629
vt 0.952408 0.860348
vt 0.953843 0.872175
vt 0.385247 0.433140
vt 0.405650 0.409925
vt 0.414140 0.441274
vt 0.432813 0.418204
vt 0.369954 0.393723
vt 0.465773 0.425715
vt 0.437449 0.446032
vt 0.418851 0.469985
vt 0.403823 0.471229
vt 0.377185 0.369031
vt 0.383034 0.373276
vt 0.413272 0.387702
vt 0.438054 0.394986
vt 0.469134 0.393472
vt 0.411682 0.378558
vt 0.413472 0.362931
vt 0.482816 0.672727
vt 0.232846 0.657330
vt 0.254172 0.652947
vt 0.257187 0.711280
vt 0.274820 0.687948
vt 0.388385 0.493132
vt 0.371112 0.455606
vt 0.500000 0.673857
vt 0.189868 0.662465
vt 0.189868 0.723832
vt 0.568362 0.577512
vt 0.567855 0.559071
vt 0.589683 0.551102
vt 0.568664 0.592585
vt 0.587960 0.584392
vt 0.589210 0.568380
vt 0.568023 0.614082
vt 0.586433 0.602696
vt 0.568013 0.622723
vt 0.534227 0.425715
vt 0.564105 0.410926
vt 0.567187 0.418204
vt 0.536949 0.378397
vt 0.566656 0.364922
vt 0.565835 0.381688
vt 0.526155 0.411396
vt 0.562808 0.406166
vt 0.527130 0.405538
vt 0.587478 0.398868
vt 0.589638 0.402267
vt 0.955207 0.914081
vt 0.960947 0.913175
vt 0.955030 0.925817
vt 0.961178 0.925673
vt 0.614753 0.433140
vt 0.585860 0.441274
vt 0.594350 0.409925
vt 0.562551 0.446032
vt 0.581149 0.469985
vt 0.596177 0.471229
vt 0.532228 0.366193
vt 0.561946 0.394986
vt 0.586728 0.387702
vt 0.530866 0.393472
vt 0.588318 0.378558
vt 0.586528 0.362931
vt 0.410317 0.551102
vt 0.385760 0.548507
vt 0.388778 0.533012
vt 0.373599 0.504392
vt 0.365531 0.518047
vt 0.432145 0.559071
vt 0.358925 0.539087
vt 0.383335 0.564135
vt 0.358275 0.478466
vt 0.431987 0.622723
vt 0.413524 0.613483
vt 0.431977 0.614082
vt 0.413567 0.602696
vt 0.431336 0.592585
vt 0.412040 0.584392
vt 0.431638 0.577512
vt 0.410790 0.568380
vt 0.356437 0.556057
vt 0.382658 0.575931
vt 0.357174 0.571566
vt 0.380913 0.586055
vt 0.623628 0.377569
vt 0.625993 0.383173
vt 0.611423 0.361534
vt 0.614749 0.364076
vt 0.605848 0.362168
vt 0.610024 0.370091
vt 0.629970 0.369944
vt 0.634866 0.373076
vt 0.675672 0.408725
vt 0.659519 0.450907
vt 0.661389 0.403444
vt 0.647686 0.435717
vt 0.953843 0.931877
vt 0.959508 0.933423
vt 0.952408 0.943703
vt 0.953847 0.945583
vt 0.665455 0.363008
vt 0.651304 0.332342
vt 0.683637 0.350467
vt 0.631863 0.311659
vt 0.632450 0.344837
vt 0.639374 0.419826
vt 0.630046 0.393723
vt 0.650150 0.397769
vt 0.642304 0.382959
vt 0.616966 0.373276
vt 0.622815 0.369031
vt 0.289095 0.616331
vt 0.292988 0.634894
vt 0.282534 0.632255
vt 0.319237 0.638792
vt 0.318450 0.646034
vt 0.305814 0.636800
vt 0.307293 0.647138
vt 0.326142 0.645530
vt 0.325223 0.640276
vt 0.297502 0.668211
vt 0.287864 0.676131
vt 0.281084 0.647176
vt 0.268095 0.649486
vt 0.293113 0.647560
vt 0.389281 0.632766
vt 0.389854 0.640328
vt 0.388109 0.636361
vt 0.408570 0.624344
vt 0.380633 0.604795
vt 0.411955 0.619742
vt 0.380944 0.596715
vt 0.354633 0.640140
vt 0.448189 0.643345
vt 0.448060 0.660802
vt 0.270192 0.627615
vt 0.359016 0.590688
vt 0.357775 0.582842
vt 0.278989 0.608387
vt 0.300195 0.587014
vt 0.329934 0.576921
vt 0.308360 0.596138
vt 0.334022 0.585791
vt 0.432632 0.634223
vt 0.430344 0.643452
vt 0.336616 0.592522
vt 0.360079 0.596807
vt 0.327564 0.629427
vt 0.377026 0.621526
vt 0.322710 0.628237
vt 0.377262 0.619356
vt 0.392587 0.630144
vt 0.313416 0.602134
vt 0.380368 0.611062
vt 0.363666 0.613179
vt 0.362420 0.615392
vt 0.353188 0.611174
vt 0.351714 0.614157
vt 0.295983 0.621522
vt 0.359910 0.605211
vt 0.309352 0.625136
vt 0.339988 0.602749
vt 0.320914 0.612235
vt 0.378302 0.615932
vt 0.329678 0.619301
vt 0.332163 0.622391
vt 0.398972 0.629630
vt 0.403051 0.627683
vt 0.341087 0.611740
vt 0.342382 0.615452
vt 0.323411 0.563621
vt 0.287484 0.574276
vt 0.153375 0.550997
vt 0.144894 0.610823
vt 0.155064 0.485583
vt 0.159683 0.399786
vt 0.267325 0.595194
vt 0.256627 0.620733
vt 0.209506 0.553450
vt 0.192248 0.469114
vt 0.192479 0.613067
vt 0.219491 0.372056
vt 0.254384 0.353740
vt 0.302465 0.346042
vt 0.282454 0.346322
vt 0.312068 0.410934
vt 0.329057 0.461764
vt 0.310839 0.533374
vt 0.348491 0.490841
vt 0.333482 0.510903
vt 0.312011 0.475266
vt 0.226693 0.448630
vt 0.265339 0.428776
vt 0.246614 0.519489
vt 0.285258 0.492528
vt 0.237456 0.616214
vt 0.251994 0.572416
vt 0.292854 0.417672
vt 0.190815 0.387947
vt 0.270952 0.551488
vt 0.630116 0.363002
vt 0.637212 0.364658
vt 0.630250 0.351526
vt 0.622782 0.355281
vt 0.603153 0.341855
vt 0.601201 0.336079
vt 0.616049 0.360808
vt 0.613000 0.360000
vt 0.615515 0.357962
vt 0.613009 0.358876
vt 0.943399 0.944039
vt 0.948346 0.944397
vt 0.943179 0.937211
vt 0.646434 0.367316
vt 0.588716 0.315266
vt 0.652483 0.380653
vt 0.607194 0.357654
vt 0.605759 0.352297
vt 0.619983 0.356046
vt 0.604941 0.347445
vt 0.622840 0.362139
vt 0.611423 0.361534
vt 0.027474 0.901625
vt 0.027664 0.912827
vt 0.021007 0.901625
vt 0.003110 0.901625
vt 0.016965 0.863345
vt 0.021376 0.879136
vt 0.027664 0.890438
vt 0.021376 0.924129
vt 0.016965 0.939919
vt 0.534309 0.299133
vt 0.533318 0.315117
vt 0.500000 0.299183
vt 0.533116 0.319799
vt 0.500000 0.312244
vt 0.500000 0.319096
vt 0.580334 0.327315
vt 0.580426 0.331901
vt 0.947043 0.924884
vt 0.948087 0.914284
vt 0.584214 0.346628
vt 0.586895 0.358985
vt 0.533946 0.346117
vt 0.537117 0.362758
vt 0.500000 0.364034
vt 0.500000 0.345137
vt 0.532404 0.332114
vt 0.500000 0.334863
vt 0.582399 0.340982
vt 0.947624 0.902026
vt 0.465691 0.299133
vt 0.003110 0.991911
vt 0.003110 0.968857
vt 0.023099 0.991911
vt 0.065437 0.834408
vt 0.045510 0.848079
vt 0.023099 0.834408
vt 0.022798 0.844055
vt 0.054689 0.861374
vt 0.070769 0.854481
vt 0.059385 0.878006
vt 0.079430 0.873039
vt 0.059385 0.901625
vt 0.079430 0.901625
vt 0.003110 0.834408
vt 0.003110 0.852713
vt 0.022798 0.844055
vt 0.030822 0.855544
vt 0.036543 0.867176
vt 0.023099 0.811354
vt 0.003110 0.811354
vt 0.003110 0.901625
vt 0.043502 0.901625
vt 0.043502 0.883234
vt 0.093473 0.834408
vt 0.093473 0.901632
vt 0.069633 0.811354
vt 0.022798 0.959210
vt 0.045510 0.955186
vt 0.023099 0.968857
vt 0.065437 0.968857
vt 0.070769 0.948784
vt 0.054689 0.941890
vt 0.079430 0.930226
vt 0.059385 0.925258
vt 0.003110 0.950551
vt 0.022798 0.959210
vt 0.030822 0.947721
vt 0.036543 0.936089
vt 0.043502 0.920031
vt 0.093473 0.968857
vt 0.069633 0.991911
vt 0.205030 0.997869
vt 0.245358 0.917854
vt 0.281449 0.997869
vt 0.794970 0.997869
vt 0.754642 0.917854
vt 0.845515 0.907163
vt 0.647338 0.997869
vt 0.588338 0.997869
vt 0.630119 0.917854
vt 0.576961 0.917854
vt 0.535720 0.917854
vt 0.543064 0.997869
vt 0.500000 0.997869
vt 0.500000 0.917854
vt 0.718551 0.997869
vt 0.683357 0.917854
vt 0.867997 0.833636
vt 0.154485 0.907163
vt 0.423039 0.917854
vt 0.411662 0.997869
vt 0.369881 0.917854
vt 0.352662 0.997869
vt 0.464280 0.917854
vt 0.456936 0.997869
vt 0.316643 0.917854
vt 0.132003 0.833636
vt 0.714742 0.492528
vt 0.689161 0.533374
vt 0.687989 0.475266
vt 0.790494 0.553450
vt 0.517184 0.672727
vt 0.500000 0.697034
vt 0.767154 0.657330
vt 0.742813 0.711280
vt 0.745828 0.652947
vt 0.725180 0.687948
vt 0.807521 0.613067
vt 0.810132 0.662465
vt 0.611222 0.533012
vt 0.611615 0.493132
vt 0.626401 0.504392
vt 0.634469 0.518047
vt 0.614240 0.548507
vt 0.641075 0.539087
vt 0.616665 0.564135
vt 0.670943 0.461764
vt 0.641725 0.478466
vt 0.628888 0.455606
vt 0.676589 0.563621
vt 0.643563 0.556057
vt 0.642826 0.571566
vt 0.586476 0.613483
vt 0.617342 0.575931
vt 0.619087 0.586055
vt 0.651509 0.490841
vt 0.666518 0.510903
vt 0.753386 0.519489
vt 0.748006 0.572416
vt 0.762544 0.616214
vt 0.743373 0.620733
vt 0.732675 0.595194
vt 0.810132 0.723832
vt 0.729048 0.551488
vt 0.712516 0.574276
vt 0.389304 0.651028
vt 0.334101 0.673384
vt 0.323636 0.657068
vt 0.337367 0.665845
vt 0.326185 0.648239
vt 0.315432 0.659734
vt 0.334214 0.681650
vt 0.383387 0.678067
vt 0.381493 0.672059
vt 0.397196 0.656096
vt 0.392985 0.652375
vt 0.403554 0.641227
vt 0.410762 0.644327
vt 0.330513 0.690103
vt 0.307040 0.663579
vt 0.393710 0.637680
vt 0.398848 0.637789
vt 0.377684 0.661834
vt 0.385249 0.682097
vt 0.402666 0.663741
vt 0.368310 0.675390
vt 0.366068 0.686062
vt 0.367452 0.666107
vt 0.362203 0.696091
vt 0.353532 0.668344
vt 0.354267 0.676941
vt 0.353779 0.685776
vt 0.419666 0.327315
vt 0.419574 0.331901
vt 0.398799 0.336079
vt 0.466884 0.319799
vt 0.466682 0.315117
vt 0.377218 0.355281
vt 0.369884 0.363002
vt 0.369750 0.351526
vt 0.362788 0.364658
vt 0.396847 0.341855
vt 0.383951 0.360808
vt 0.384485 0.357962
vt 0.387000 0.360000
vt 0.386991 0.358876
vt 0.943399 0.860013
vt 0.948346 0.859655
vt 0.943179 0.866841
vt 0.947043 0.879168
vt 0.948087 0.889768
vt 0.353566 0.367316
vt 0.411284 0.315266
vt 0.347517 0.380653
vt 0.394241 0.352297
vt 0.392806 0.357654
vt 0.413105 0.358985
vt 0.415786 0.346628
vt 0.462883 0.362758
vt 0.466054 0.346117
vt 0.467596 0.332114
vt 0.417601 0.340982
vt 0.395059 0.347445
vt 0.380017 0.356046
vt 0.377160 0.362139
vt 0.388577 0.361534
vt 0.670066 0.576921
vt 0.691640 0.596138
vt 0.665978 0.585791
vt 0.721011 0.608387
vt 0.729808 0.627615
vt 0.681550 0.646034
vt 0.694186 0.636800
vt 0.692707 0.647138
vt 0.731905 0.649486
vt 0.712136 0.676131
vt 0.718916 0.647176
vt 0.702498 0.668211
vt 0.707012 0.634894
vt 0.706887 0.647560
vt 0.610146 0.640328
vt 0.610719 0.632766
vt 0.611891 0.636361
vt 0.619056 0.596715
vt 0.619367 0.604795
vt 0.588045 0.619742
vt 0.591430 0.624344
vt 0.645367 0.640140
vt 0.551940 0.660802
vt 0.551811 0.643345
vt 0.710905 0.616331
vt 0.717466 0.632255
vt 0.674777 0.640276
vt 0.673858 0.645530
vt 0.642225 0.582842
vt 0.640984 0.590688
vt 0.699805 0.587014
vt 0.567368 0.634223
vt 0.569656 0.643452
vt 0.389058 0.837645
vt 0.437356 0.837645
vt 0.425985 0.655661
vt 0.409642 0.676456
vt 0.388686 0.692987
vt 0.474857 0.837645
vt 0.500000 0.837645
vt 0.616613 0.678067
vt 0.631690 0.675390
vt 0.633932 0.686062
vt 0.665899 0.673384
vt 0.662633 0.665845
vt 0.676364 0.657068
vt 0.673815 0.648239
vt 0.665786 0.681650
vt 0.684568 0.659734
vt 0.607015 0.652375
vt 0.618507 0.672059
vt 0.602804 0.656096
vt 0.601028 0.629630
vt 0.596446 0.641227
vt 0.596949 0.627683
vt 0.589238 0.644327
vt 0.669487 0.690103
vt 0.692960 0.663579
vt 0.680763 0.638792
vt 0.606290 0.637680
vt 0.607413 0.630144
vt 0.601152 0.637789
vt 0.610696 0.651028
vt 0.622316 0.661834
vt 0.597334 0.663741
vt 0.614751 0.682097
vt 0.632548 0.666107
vt 0.637797 0.696091
vt 0.646468 0.668344
vt 0.645733 0.676941
vt 0.646221 0.685776
vt 0.574015 0.655661
vt 0.590358 0.676456
vt 0.611314 0.692987
vt 0.525143 0.837645
vt 0.562644 0.837645
vt 0.610942 0.837645
vt 0.357852 0.717788
vt 0.314971 0.728793
vt 0.322836 0.712221
vt 0.392305 0.797737
vt 0.208676 0.837645
vt 0.273331 0.837645
vt 0.309042 0.743640
vt 0.359596 0.705239
vt 0.390435 0.708998
vt 0.327016 0.699495
vt 0.246734 0.779591
vt 0.288895 0.796929
vt 0.353634 0.752472
vt 0.357184 0.733696
vt 0.188652 0.779577
vt 0.244117 0.753495
vt 0.297244 0.771601
vt 0.345768 0.796450
vt 0.348819 0.773396
vt 0.338794 0.837645
vt 0.636334 0.613179
vt 0.621698 0.615932
vt 0.640090 0.605211
vt 0.672436 0.629427
vt 0.622974 0.621526
vt 0.677290 0.628237
vt 0.622738 0.619356
vt 0.686584 0.602134
vt 0.663384 0.592522
vt 0.619632 0.611062
vt 0.639921 0.596807
vt 0.648286 0.614157
vt 0.637580 0.615392
vt 0.646812 0.611174
vt 0.704017 0.621522
vt 0.690648 0.625136
vt 0.679086 0.612235
vt 0.660012 0.602749
vt 0.670322 0.619301
vt 0.667837 0.622391
vt 0.658913 0.611740
vt 0.657618 0.615452
vt 0.702756 0.771601
vt 0.654232 0.796450
vt 0.651181 0.773396
vt 0.607695 0.797737
vt 0.726669 0.837645
vt 0.791324 0.837645
vt 0.677164 0.712221
vt 0.685029 0.728793
vt 0.690958 0.743640
vt 0.640404 0.705239
vt 0.642148 0.717788
vt 0.609565 0.708998
vt 0.672984 0.699495
vt 0.711105 0.796929
vt 0.753266 0.779591
vt 0.642816 0.733696
vt 0.646366 0.752472
vt 0.811348 0.779577
vt 0.755883 0.753495
vt 0.661206 0.837645
vt 0.488181 0.698116
vt 0.511819 0.698116
vt 0.509546 0.739460
vt 0.500000 0.742903
vt 0.500000 0.787862
vt 0.490454 0.739460
vt 0.524074 0.783260
vt 0.531667 0.752976
vt 0.559825 0.795587
vt 0.582203 0.695228
vt 0.567393 0.717993
vt 0.605223 0.729572
vt 0.547908 0.709909
vt 0.557914 0.678007
vt 0.605211 0.775491
vt 0.602710 0.751526
vt 0.520617 0.733756
vt 0.519296 0.698487
vt 0.542087 0.679322
vt 0.532531 0.670267
vt 0.533419 0.701552
vt 0.539584 0.737393
vt 0.556885 0.747986
vt 0.529218 0.729736
vt 0.555948 0.769497
vt 0.440175 0.795587
vt 0.444052 0.769497
vt 0.394777 0.729572
vt 0.432607 0.717993
vt 0.417797 0.695228
vt 0.452092 0.709909
vt 0.442086 0.678007
vt 0.397290 0.751526
vt 0.394789 0.775491
vt 0.480704 0.698487
vt 0.479383 0.733756
vt 0.457913 0.679322
vt 0.467469 0.670267
vt 0.466581 0.701552
vt 0.475926 0.783260
vt 0.460416 0.737393
vt 0.443115 0.747986
vt 0.470782 0.729736
vt 0.468333 0.752976
vt 0.913225 0.114823
vt 0.913395 0.143683
vt 0.848265 0.114823
vt 0.848265 0.143683
vt 0.913035 0.056729
vt 0.848265 0.056729
vt 0.912884 0.004253
vt 0.848265 0.004253
vt 0.919529 0.004253
vt 0.919529 0.056729
vt 0.919529 0.114823
vt 0.919529 0.143683
vt 0.913558 0.192845
vt 0.848265 0.192845
vt 0.919529 0.192845
vt 0.913225 0.114823
vt 0.848265 0.114823
vt 0.913395 0.143683
vt 0.848265 0.143683
vt 0.848265 0.056729
vt 0.913035 0.056729
vt 0.912884 0.004253
vt 0.848265 0.004253
vt 0.919529 0.004253
vt 0.919529 0.056729
vt 0.919529 0.114823
vt 0.919529 0.143683
vt 0.848265 0.192845
vt 0.913558 0.192845
vt 0.919529 0.192845
vt 0.932367 0.114823
vt 0.996344 0.114823
vt 0.932185 0.143683
vt 0.996344 0.143683
vt 0.996344 0.056729
vt 0.932570 0.056729
vt 0.932732 0.003448
vt 0.996344 0.003448
vt 0.925625 0.003448
vt 0.925625 0.056729
vt 0.925625 0.114823
vt 0.925625 0.143683
vt 0.996344 0.192595
vt 0.932010 0.192595
vt 0.925625 0.192595
vt 0.932367 0.114823
vt 0.932185 0.143683
vt 0.996344 0.114823
vt 0.996344 0.143683
vt 0.932570 0.056729
vt 0.996344 0.056729
vt 0.932732 0.003448
vt 0.996344 0.003448
vt 0.925625 0.003448
vt 0.925625 0.056729
vt 0.925625 0.114823
vt 0.925625 0.143683
vt 0.932010 0.192595
vt 0.996344 0.192595
vt 0.925625 0.192595
vt 0.010204 0.183299
vt 0.010225 0.197865
vt 0.074848 0.192706
vt 0.074891 0.220268
vt 0.010263 0.224670
vt 0.010284 0.240056
vt 0.074925 0.245786
vt 0.010301 0.252926
vt 0.010322 0.267562
vt 0.010245 0.211770
vt 0.075025 0.300218
vt 0.010383 0.311243
vt 0.010403 0.325721
vt 0.010363 0.296817
vt 0.074983 0.273170
vt 0.010345 0.283334
vt 0.074793 0.176854
vt 0.075065 0.340846
vt 0.010403 0.325721
vt 0.010423 0.340701
vt 0.075065 0.340846
vt 0.010204 0.183299
vt 0.074848 0.192706
vt 0.010225 0.197865
vt 0.074891 0.220268
vt 0.010284 0.240056
vt 0.010263 0.224670
vt 0.074925 0.245786
vt 0.010322 0.267562
vt 0.010301 0.252926
vt 0.010245 0.211770
vt 0.075025 0.300218
vt 0.010403 0.325721
vt 0.010383 0.311243
vt 0.075065 0.340846
vt 0.010423 0.340701
vt 0.010403 0.325721
vt 0.010363 0.296817
vt 0.010345 0.283334
vt 0.074983 0.273170
vt 0.074793 0.176854
vt 0.075065 0.340846
vt 0.010204 0.183299
vt 0.074848 0.192706
vt 0.010225 0.197865
vt 0.074891 0.220268
vt 0.010284 0.240056
vt 0.010263 0.224670
vt 0.074925 0.245786
vt 0.010322 0.267562
vt 0.010301 0.252926
vt 0.010245 0.211770
vt 0.075025 0.300218
vt 0.010403 0.325721
vt 0.010383 0.311243
vt 0.075065 0.340846
vt 0.010423 0.340701
vt 0.010403 0.325721
vt 0.010363 0.296817
vt 0.010345 0.283334
vt 0.074983 0.273170
vt 0.074793 0.176854
vt 0.075065 0.340846
vt 0.010204 0.183299
vt 0.010225 0.197865
vt 0.074848 0.192706
vt 0.074891 0.220268
vt 0.010263 0.224670
vt 0.010284 0.240056
vt 0.074925 0.245786
vt 0.010301 0.252926
vt 0.010322 0.267562
vt 0.010245 0.211770
vt 0.075025 0.300218
vt 0.010383 0.311243
vt 0.010403 0.325721
vt 0.010363 0.296817
vt 0.074983 0.273170
vt 0.010345 0.283334
vt 0.074793 0.176854
vt 0.075065 0.340846
vt 0.010403 0.325721
vt 0.010423 0.340701
vt 0.075065 0.340846
vt 0.187885 0.194010
vt 0.171104 0.189053
vt 0.187728 0.190588
vt 0.320294 0.127854
vt 0.336832 0.130663
vt 0.319062 0.150283
vt 0.336722 0.150355
vt 0.298859 0.125383
vt 0.295192 0.148931
vt 0.642762 0.150667
vt 0.636003 0.130968
vt 0.654536 0.134242
vt 0.646045 0.126610
vt 0.682466 0.145874
vt 0.681907 0.154006
vt 0.661836 0.138221
vt 0.271150 0.146526
vt 0.276397 0.123045
vt 0.242554 0.145341
vt 0.243495 0.133127
vt 0.336813 0.125109
vt 0.636030 0.125238
vt 0.721187 0.144218
vt 0.720193 0.150384
vt 0.700006 0.148455
vt 0.699901 0.154455
vt 0.748196 0.135444
vt 0.752152 0.145341
vt 0.226403 0.194733
vt 0.202288 0.195029
vt 0.225799 0.191607
vt 0.202347 0.191507
vt 0.032338 0.191607
vt 0.032842 0.194733
vt 0.019426 0.191607
vt 0.019426 0.194733
vt 0.058346 0.192795
vt 0.058519 0.189441
vt 0.238556 0.191607
vt 0.238389 0.194733
vt 0.172302 0.185960
vt 0.141586 0.184449
vt 0.126362 0.184449
vt 0.141521 0.181957
vt 0.126362 0.181957
vt 0.154411 0.184449
vt 0.152344 0.181957
vt 0.519629 0.038965
vt 0.523433 0.028745
vt 0.522571 0.049846
vt 0.531711 0.025241
vt 0.530503 0.053524
vt 0.202347 0.191507
vt 0.203862 0.182732
vt 0.225799 0.191607
vt 0.226122 0.183141
vt 0.225024 0.167053
vt 0.212329 0.158467
vt 0.223609 0.158467
vt 0.019426 0.191607
vt 0.019426 0.182794
vt 0.032338 0.191607
vt 0.032362 0.183249
vt 0.058519 0.189441
vt 0.050426 0.178403
vt 0.032916 0.168298
vt 0.035518 0.158467
vt 0.043603 0.158467
vt 0.019426 0.168814
vt 0.019426 0.158467
vt 0.238556 0.182794
vt 0.238556 0.191607
vt 0.238556 0.168814
vt 0.238556 0.158467
vt 0.689109 0.094776
vt 0.677354 0.094776
vt 0.689109 0.077549
vt 0.677354 0.077546
vt 0.668125 0.077546
vt 0.668125 0.094776
vt 0.701227 0.094776
vt 0.701227 0.077551
vt 0.711388 0.094776
vt 0.711387 0.077551
vt 0.187728 0.190588
vt 0.172302 0.185960
vt 0.179770 0.176640
vt 0.752152 0.163902
vt 0.340760 0.165531
vt 0.342271 0.200269
vt 0.320999 0.165101
vt 0.319705 0.200267
vt 0.295216 0.165421
vt 0.294669 0.200267
vt 0.680959 0.164864
vt 0.678870 0.200267
vt 0.642029 0.163810
vt 0.641878 0.200267
vt 0.701831 0.200267
vt 0.700184 0.164848
vt 0.722309 0.200267
vt 0.720341 0.164354
vt 0.752152 0.200267
vt 0.268505 0.200267
vt 0.269935 0.164496
vt 0.242554 0.163902
vt 0.242554 0.200267
vt 0.141916 0.166937
vt 0.152344 0.181957
vt 0.141521 0.181957
vt 0.276267 0.116286
vt 0.268023 0.104882
vt 0.270605 0.114222
vt 0.259949 0.118272
vt 0.638216 0.111335
vt 0.156523 0.173178
vt 0.154841 0.165617
vt 0.093679 0.170935
vt 0.080441 0.180515
vt 0.097041 0.164480
vt 0.079763 0.176808
vt 0.107224 0.181957
vt 0.107224 0.184449
vt 0.099316 0.181957
vt 0.096415 0.184449
vt 0.097041 0.164480
vt 0.093679 0.170935
vt 0.099316 0.181957
vt 0.096415 0.184449
vt 0.156523 0.173178
vt 0.556080 0.022258
vt 0.572455 0.021433
vt 0.556000 0.058944
vt 0.572428 0.063354
vt 0.548399 0.023589
vt 0.548039 0.057280
vt 0.589044 0.067729
vt 0.589002 0.021205
vt 0.768877 0.082439
vt 0.768877 0.094776
vt 0.735174 0.082439
vt 0.735174 0.094776
vt 0.619637 0.021468
vt 0.613392 0.069508
vt 0.606826 0.020143
vt 0.599100 0.069079
vt 0.654966 0.054443
vt 0.643154 0.060853
vt 0.654920 0.041871
vt 0.628803 0.065751
vt 0.630606 0.023228
vt 0.643097 0.026207
vt 0.126380 0.086496
vt 0.126380 0.078054
vt 0.138344 0.088734
vt 0.140414 0.082926
vt 0.155054 0.147068
vt 0.154841 0.165617
vt 0.142171 0.149286
vt 0.126362 0.137367
vt 0.126362 0.125790
vt 0.142720 0.136770
vt 0.141841 0.125540
vt 0.140547 0.114156
vt 0.126362 0.114075
vt 0.170087 0.159335
vt 0.174306 0.143314
vt 0.153852 0.123317
vt 0.165564 0.120119
vt 0.155351 0.134722
vt 0.169492 0.130468
vt 0.180564 0.152493
vt 0.189067 0.156810
vt 0.146414 0.097032
vt 0.153555 0.094817
vt 0.151950 0.111519
vt 0.160179 0.107191
vt 0.126380 0.099308
vt 0.114025 0.098540
vt 0.110960 0.113460
vt 0.104446 0.095688
vt 0.116976 0.087900
vt 0.113435 0.081860
vt 0.126362 0.166835
vt 0.106903 0.166100
vt 0.126362 0.149272
vt 0.107614 0.148004
vt 0.109502 0.125088
vt 0.099523 0.110314
vt 0.095770 0.122269
vt 0.059399 0.156992
vt 0.069750 0.151298
vt 0.079763 0.176808
vt 0.097041 0.164480
vt 0.143893 0.078424
vt 0.126380 0.072326
vt 0.096786 0.093529
vt 0.108762 0.076910
vt 0.085343 0.118159
vt 0.089729 0.107356
vt 0.641880 0.082439
vt 0.625391 0.082439
vt 0.641880 0.077546
vt 0.625391 0.077546
vt 0.462603 0.077551
vt 0.462603 0.082439
vt 0.445095 0.077551
vt 0.445095 0.082439
vt 0.589119 0.077551
vt 0.598630 0.077551
vt 0.589554 0.082439
vt 0.598630 0.082439
vt 0.522451 0.077551
vt 0.522451 0.082439
vt 0.508608 0.077551
vt 0.508608 0.082439
vt 0.543708 0.082439
vt 0.532761 0.082439
vt 0.543706 0.077551
vt 0.532761 0.077551
vt 0.580266 0.082439
vt 0.566423 0.082439
vt 0.580266 0.077551
vt 0.566423 0.077551
vt 0.556114 0.082439
vt 0.556114 0.077551
vt 0.735174 0.077551
vt 0.735174 0.082439
vt 0.610837 0.077546
vt 0.610837 0.082439
vt 0.478038 0.082439
vt 0.478038 0.077551
vt 0.641880 0.094776
vt 0.735174 0.094776
vt 0.522451 0.077551
vt 0.508608 0.077551
vt 0.522451 0.074425
vt 0.508608 0.074425
vt 0.532761 0.077551
vt 0.530749 0.074425
vt 0.543706 0.077551
vt 0.545897 0.074425
vt 0.580266 0.074425
vt 0.580266 0.077551
vt 0.566423 0.074425
vt 0.566423 0.077551
vt 0.557659 0.074425
vt 0.556114 0.077551
vt 0.490245 0.082439
vt 0.490245 0.077551
vt 0.501364 0.082439
vt 0.499910 0.077551
vt 0.138828 0.099523
vt 0.077579 0.137867
vt 0.094880 0.144560
vt 0.499910 0.077551
vt 0.081618 0.127584
vt 0.095006 0.133467
vt 0.108310 0.136484
vt 0.589119 0.077551
vt 0.126362 0.181957
vt 0.107224 0.181957
vt 0.654599 0.030949
vt 0.099316 0.181957
vt 0.188523 0.122476
vt 0.198102 0.119624
vt 0.201053 0.130265
vt 0.348449 0.054443
vt 0.348496 0.041871
vt 0.360262 0.060853
vt 0.224492 0.135238
vt 0.210458 0.140111
vt 0.222421 0.129430
vt 0.210458 0.131668
vt 0.197513 0.136304
vt 0.210458 0.145838
vt 0.227970 0.139740
vt 0.192839 0.141254
vt 0.180864 0.124635
vt 0.183601 0.107851
vt 0.173807 0.110809
vt 0.210458 0.118857
vt 0.517154 0.093190
vt 0.517154 0.098077
vt 0.506209 0.093190
vt 0.506207 0.098077
vt 0.483491 0.093190
vt 0.483491 0.098077
vt 0.469648 0.093190
vt 0.469649 0.098077
vt 0.493801 0.093190
vt 0.493801 0.098077
vt 0.504018 0.090064
vt 0.519165 0.090064
vt 0.506209 0.093190
vt 0.517154 0.093190
vt 0.469648 0.090064
vt 0.483491 0.090064
vt 0.469648 0.093190
vt 0.483491 0.093190
vt 0.492255 0.090064
vt 0.493801 0.093190
vt 0.195038 0.104705
vt 0.222905 0.118642
vt 0.360319 0.026207
vt 0.348816 0.030949
vt 0.230492 0.121132
vt 0.237632 0.123347
vt 0.527464 0.093190
vt 0.527464 0.090064
vt 0.527464 0.093190
vt 0.527464 0.098077
vt 0.179084 0.084697
vt 0.165696 0.090581
vt 0.178958 0.073605
vt 0.443771 0.125399
vt 0.466305 0.119291
vt 0.466232 0.123061
vt 0.472094 0.117374
vt 0.488574 0.113767
vt 0.405816 0.125179
vt 0.422424 0.129475
vt 0.405797 0.130679
vt 0.616202 0.125309
vt 0.602972 0.125231
vt 0.607310 0.107789
vt 0.485032 0.102849
vt 0.616229 0.130984
vt 0.238919 0.052547
vt 0.238489 0.033715
vt 0.240601 0.044986
vt 0.163841 0.041357
vt 0.164519 0.037649
vt 0.181119 0.053685
vt 0.177757 0.047229
vt 0.210440 0.036208
vt 0.210440 0.033715
vt 0.225598 0.036208
vt 0.225664 0.033715
vt 0.191301 0.036208
vt 0.191301 0.033715
vt 0.180493 0.033715
vt 0.181119 0.053685
vt 0.177757 0.047229
vt 0.256379 0.032204
vt 0.238919 0.052547
vt 0.255181 0.029112
vt 0.240601 0.044986
vt 0.447335 0.022258
vt 0.447416 0.058944
vt 0.430961 0.021433
vt 0.430987 0.063354
vt 0.483786 0.038965
vt 0.480845 0.049846
vt 0.479983 0.028745
vt 0.471705 0.025241
vt 0.472913 0.053524
vt 0.455017 0.023589
vt 0.455377 0.057280
vt 0.414372 0.067729
vt 0.414414 0.021205
vt 0.281038 0.098077
vt 0.314741 0.098077
vt 0.281038 0.110415
vt 0.314741 0.110415
vt 0.383779 0.021468
vt 0.396590 0.020143
vt 0.390023 0.069508
vt 0.404316 0.069079
vt 0.374612 0.065751
vt 0.372809 0.023228
vt 0.239131 0.071096
vt 0.226248 0.068879
vt 0.238919 0.052547
vt 0.225993 0.051227
vt 0.210440 0.080798
vt 0.226797 0.081394
vt 0.210440 0.092374
vt 0.225919 0.092624
vt 0.210440 0.104090
vt 0.224625 0.104009
vt 0.254164 0.058830
vt 0.258383 0.074850
vt 0.309101 0.051112
vt 0.307687 0.059697
vt 0.296406 0.059697
vt 0.253570 0.087697
vt 0.249642 0.098046
vt 0.239429 0.083442
vt 0.237929 0.094847
vt 0.264642 0.065671
vt 0.273145 0.061354
vt 0.263847 0.041525
vt 0.244256 0.110974
vt 0.236028 0.106646
vt 0.210440 0.051329
vt 0.210440 0.068892
vt 0.190981 0.052065
vt 0.191691 0.070161
vt 0.193579 0.093076
vt 0.179848 0.095895
vt 0.181119 0.053685
vt 0.153828 0.066866
vt 0.163841 0.041357
vt 0.143477 0.061172
vt 0.116994 0.049866
vt 0.127680 0.059697
vt 0.119596 0.059697
vt 0.103504 0.049350
vt 0.103504 0.059697
vt 0.169421 0.100006
vt 0.134504 0.039761
vt 0.322634 0.049350
vt 0.322634 0.059697
vt 0.424523 0.093185
vt 0.424523 0.098077
vt 0.408035 0.093185
vt 0.408035 0.098077
vt 0.587312 0.093190
vt 0.604819 0.093190
vt 0.587312 0.098077
vt 0.604819 0.098077
vt 0.372561 0.093185
vt 0.372561 0.110415
vt 0.360805 0.093187
vt 0.360805 0.110415
vt 0.381789 0.093185
vt 0.381789 0.110415
vt 0.451285 0.098077
vt 0.451285 0.093185
vt 0.460361 0.098077
vt 0.460795 0.093190
vt 0.541306 0.093190
vt 0.541306 0.098077
vt 0.314741 0.093190
vt 0.338527 0.093190
vt 0.314741 0.098077
vt 0.348687 0.093190
vt 0.348687 0.110415
vt 0.338527 0.110415
vt 0.439078 0.093185
vt 0.439078 0.098077
vt 0.571877 0.093190
vt 0.571877 0.098077
vt 0.408035 0.110415
vt 0.314741 0.110415
vt 0.541306 0.090064
vt 0.541306 0.093190
vt 0.559670 0.098077
vt 0.548551 0.098077
vt 0.559670 0.093190
vt 0.550005 0.093190
vt 0.161657 0.080298
vt 0.550005 0.093190
vt 0.192387 0.081681
vt 0.460795 0.093190
vt 0.210440 0.036208
vt 0.225598 0.036208
vt 0.191301 0.036208
vt 0.256379 0.032204
vt 0.532039 0.150400
vt 0.500078 0.145357
vt 0.530962 0.143720
vt 0.405908 0.150371
vt 0.423568 0.150299
vt 0.609470 0.150683
vt 0.596964 0.133236
vt 0.569766 0.145890
vt 0.588144 0.138130
vt 0.570325 0.154022
vt 0.447437 0.148947
vt 0.471480 0.146541
vt 0.501907 0.132661
vt 0.552220 0.148143
vt 0.552331 0.154471
vt 0.236421 0.036208
vt 0.286424 0.026657
vt 0.286366 0.023135
vt 0.309876 0.026557
vt 0.310480 0.023432
vt 0.116416 0.026557
vt 0.103504 0.026557
vt 0.116920 0.023432
vt 0.103504 0.023432
vt 0.142597 0.028724
vt 0.142424 0.025369
vt 0.322634 0.026557
vt 0.322466 0.023432
vt 0.271805 0.027577
vt 0.271963 0.024154
vt 0.183394 0.036208
vt 0.183394 0.036208
vt 0.180493 0.033715
vt 0.238489 0.033715
vt 0.286424 0.026657
vt 0.309876 0.026557
vt 0.287939 0.035432
vt 0.310199 0.035023
vt 0.142597 0.028724
vt 0.103504 0.026557
vt 0.116416 0.026557
vt 0.103504 0.035370
vt 0.116440 0.034915
vt 0.322634 0.026557
vt 0.322634 0.035370
vt 0.271805 0.027577
vt 0.236421 0.036208
vt 0.183394 0.036208
vt 0.447414 0.165437
vt 0.422925 0.200282
vt 0.400358 0.200284
vt 0.421631 0.165117
vt 0.401869 0.165547
vt 0.447961 0.200283
vt 0.571273 0.164880
vt 0.610203 0.163826
vt 0.573363 0.200283
vt 0.610354 0.200283
vt 0.552048 0.164864
vt 0.550401 0.200283
vt 0.500078 0.163918
vt 0.531892 0.164370
vt 0.500078 0.200283
vt 0.529923 0.200283
vt 0.472695 0.164512
vt 0.474124 0.200283
vt 0.071176 0.410515
vt 0.069140 0.415182
vt 0.069052 0.412248
vt 0.062886 0.405182
vt 0.066197 0.409428
vt 0.059471 0.403950
vt 0.064787 0.411837
vt 0.072834 0.408432
vt 0.075692 0.408561
vt 0.053298 0.389247
vt 0.053298 0.394482
vt 0.050947 0.389593
vt 0.049663 0.395224
vt 0.061517 0.400855
vt 0.063957 0.403296
vt 0.070067 0.405549
vt 0.072204 0.404301
vt 0.067644 0.406982
vt 0.065701 0.402030
vt 0.077304 0.273842
vt 0.097966 0.271445
vt 0.081674 0.276029
vt 0.107219 0.286265
vt 0.110317 0.288767
vt 0.104995 0.286897
vt 0.323501 0.928521
vt 0.321340 0.928600
vt 0.327637 0.911874
vt 0.325314 0.911490
vt 0.072586 0.290490
vt 0.078592 0.289595
vt 0.209437 0.462718
vt 0.197324 0.457630
vt 0.207769 0.445339
vt 0.315505 0.911490
vt 0.316644 0.884705
vt 0.320643 0.911490
vt 0.316727 0.928600
vt 0.104503 0.281255
vt 0.039841 0.392652
vt 0.047845 0.404560
vt 0.048558 0.410003
vt 0.043747 0.405599
vt 0.040658 0.401039
vt 0.034492 0.391931
vt 0.257048 0.922347
vt 0.258329 0.945698
vt 0.249161 0.921479
vt 0.691163 0.875144
vt 0.720861 0.878125
vt 0.693575 0.901867
vt 0.720700 0.901867
vt 0.720386 0.918579
vt 0.292121 0.890005
vt 0.288459 0.916105
vt 0.222879 0.865854
vt 0.237131 0.866645
vt 0.222879 0.869994
vt 0.240596 0.877356
vt 0.720331 0.954033
vt 0.720466 0.935962
vt 0.734164 0.951952
vt 0.733723 0.931796
vt 0.734061 0.915520
vt 0.734844 0.903129
vt 0.737719 0.880750
vt 0.250174 0.881469
vt 0.245699 0.896728
vt 0.264182 0.942795
vt 0.264784 0.960739
vt 0.262059 0.942795
vt 0.262800 0.960672
vt 0.745770 0.884372
vt 0.759012 0.860189
vt 0.748394 0.884860
vt 0.760722 0.862335
vt 0.749384 0.920866
vt 0.749635 0.907626
vt 0.757713 0.919890
vt 0.756497 0.907615
vt 0.759251 0.935772
vt 0.761173 0.956421
vt 0.748951 0.936933
vt 0.749590 0.957486
vt 0.256035 0.897118
vt 0.236638 0.918140
vt 0.244144 0.945698
vt 0.243172 0.962601
vt 0.230219 0.945698
vt 0.228969 0.961936
vt 0.766954 0.869967
vt 0.763748 0.864472
vt 0.781928 0.869994
vt 0.781928 0.865854
vt 0.755550 0.888575
vt 0.750646 0.886998
vt 0.255346 0.881324
vt 0.278059 0.891963
vt 0.274304 0.917642
vt 0.259070 0.963575
vt 0.259076 0.878421
vt 0.261701 0.878207
vt 0.259765 0.894215
vt 0.262334 0.894244
vt 0.770210 0.934633
vt 0.772427 0.955515
vt 0.766696 0.907444
vt 0.763812 0.890316
vt 0.263085 0.919444
vt 0.260778 0.919444
vt 0.287713 0.935003
vt 0.285967 0.951589
vt 0.285022 0.963203
vt 0.272475 0.961483
vt 0.272543 0.940802
vt 0.287559 0.941319
vt 0.270694 0.917432
vt 0.271617 0.891388
vt 0.269892 0.875352
vt 0.744137 0.905488
vt 0.746609 0.905488
vt 0.743926 0.919141
vt 0.746358 0.918729
vt 0.744028 0.955573
vt 0.743588 0.935417
vt 0.746564 0.955349
vt 0.745925 0.934796
vt 0.281811 0.858997
vt 0.297385 0.857766
vt 0.642747 0.812036
vt 0.642747 0.832121
vt 0.630702 0.812023
vt 0.688506 0.832121
vt 0.719313 0.832121
vt 0.689883 0.852835
vt 0.719811 0.855388
vt 0.046301 0.363387
vt 0.041303 0.363703
vt 0.320976 0.856329
vt 0.045072 0.357515
vt 0.322781 0.832121
vt 0.300718 0.832121
vt 0.662348 0.832121
vt 0.662348 0.851162
vt 0.746562 0.811574
vt 0.747374 0.832121
vt 0.718469 0.811820
vt 0.769079 0.832121
vt 0.649872 0.812036
vt 0.661918 0.812023
vt 0.649872 0.832121
vt 0.749148 0.856568
vt 0.781928 0.859795
vt 0.222879 0.859795
vt 0.237131 0.862496
vt 0.687526 0.811810
vt 0.284695 0.832121
vt 0.334927 0.883509
vt 0.027829 0.367158
vt 0.039441 0.358920
vt 0.026362 0.364016
vt 0.115985 0.225807
vt 0.104453 0.225807
vt 0.115986 0.209290
vt 0.355870 0.836288
vt 0.344362 0.832121
vt 0.355870 0.832121
vt 0.344818 0.855576
vt 0.329929 0.883509
vt 0.233711 0.856892
vt 0.233711 0.854437
vt 0.245480 0.859593
vt 0.246013 0.856962
vt 0.769038 0.851582
vt 0.778903 0.855203
vt 0.778903 0.857657
vt 0.265275 0.861219
vt 0.267021 0.832121
vt 0.245764 0.851582
vt 0.245764 0.832121
vt 0.257654 0.854106
vt 0.256735 0.832121
vt 0.251762 0.869096
vt 0.255493 0.866193
vt 0.257255 0.864075
vt 0.088745 0.246666
vt 0.030264 0.355813
vt 0.029075 0.340751
vt 0.043344 0.350717
vt 0.042745 0.338115
vt 0.049899 0.337036
vt 0.048975 0.349312
vt 0.054173 0.354843
vt 0.050203 0.355184
vt 0.057200 0.381044
vt 0.057200 0.363137
vt 0.092259 0.245219
vt 0.088745 0.246666
vt 0.091446 0.241195
vt 0.333083 0.877592
vt 0.330189 0.866703
vt 0.339851 0.864895
vt 0.104453 0.233565
vt 0.100126 0.234573
vt 0.111548 0.231855
vt 0.115983 0.251375
vt 0.115111 0.251448
vt 0.115979 0.255064
vt 0.021486 0.365811
vt 0.028906 0.350827
vt 0.025550 0.338740
vt 0.036455 0.336020
vt 0.042699 0.334625
vt 0.051616 0.332925
vt 0.056158 0.354808
vt 0.057200 0.358703
vt 0.371909 0.840367
vt 0.368712 0.836288
vt 0.371906 0.832121
vt 0.368712 0.832121
vt 0.358703 0.840367
vt 0.473861 0.832121
vt 0.472942 0.854106
vt 0.463575 0.832121
vt 0.630271 0.873289
vt 0.630271 0.851162
vt 0.642747 0.872593
vt 0.642747 0.850803
vt 0.604114 0.832121
vt 0.602736 0.852835
vt 0.573307 0.832121
vt 0.572809 0.855388
vt 0.630271 0.832121
vt 0.630271 0.901344
vt 0.642747 0.900845
vt 0.080963 0.364593
vt 0.082789 0.370522
vt 0.077829 0.375150
vt 0.080589 0.375601
vt 0.409620 0.856329
vt 0.433210 0.857767
vt 0.411882 0.884705
vt 0.085700 0.348634
vt 0.091261 0.330798
vt 0.091603 0.346885
vt 0.429878 0.832121
vt 0.407815 0.832121
vt 0.545246 0.832121
vt 0.574150 0.811820
vt 0.546058 0.811574
vt 0.523951 0.832121
vt 0.605093 0.811810
vt 0.448785 0.858997
vt 0.445901 0.832121
vt 0.403132 0.911874
vt 0.393608 0.884698
vt 0.405455 0.911490
vt 0.154295 0.273842
vt 0.149924 0.276029
vt 0.133982 0.271485
vt 0.143619 0.257583
vt 0.112805 0.335703
vt 0.107190 0.351110
vt 0.127504 0.225807
vt 0.159013 0.290490
vt 0.153007 0.289595
vt 0.209437 0.213311
vt 0.207769 0.231062
vt 0.197324 0.218399
vt 0.386234 0.832121
vt 0.384003 0.856884
vt 0.398421 0.884698
vt 0.409954 0.911490
vt 0.482982 0.857901
vt 0.495284 0.855376
vt 0.483514 0.860532
vt 0.495284 0.857831
vt 0.523992 0.851582
vt 0.465321 0.861219
vt 0.484884 0.851582
vt 0.484884 0.832121
vt 0.471740 0.865014
vt 0.473502 0.867132
vt 0.662348 0.873289
vt 0.649872 0.872593
vt 0.649872 0.850803
vt 0.649872 0.900845
vt 0.662348 0.901344
vt 0.064516 0.398910
vt 0.077829 0.380385
vt 0.087975 0.403731
vt 0.084069 0.408361
vt 0.084615 0.402882
vt 0.088818 0.397351
vt 0.082991 0.393634
vt 0.105798 0.360213
vt 0.093280 0.391407
vt 0.093074 0.364250
vt 0.105971 0.376197
vt 0.085354 0.389171
vt 0.059950 0.368938
vt 0.126377 0.230271
vt 0.130162 0.231191
vt 0.407594 0.865079
vt 0.386794 0.862268
vt 0.120941 0.251791
vt 0.118289 0.264631
vt 0.079495 0.392889
vt 0.082254 0.388104
vt 0.084454 0.383025
vt 0.107463 0.372717
vt 0.093268 0.359388
vt 0.098688 0.390389
vt 0.110771 0.375823
vt 0.092128 0.398528
vt 0.142854 0.246666
vt 0.140879 0.254800
vt 0.080579 0.363044
vt 0.077829 0.375150
vt 0.091139 0.325071
vt 0.083719 0.349220
vt 0.095889 0.326181
vt 0.117143 0.331213
vt 0.109265 0.351673
vt 0.127181 0.280289
vt 0.548187 0.933967
vt 0.550524 0.934588
vt 0.547547 0.954520
vt 0.601456 0.875144
vt 0.571758 0.878125
vt 0.438463 0.890013
vt 0.571919 0.901867
vt 0.599044 0.901867
vt 0.572234 0.918579
vt 0.442008 0.916192
vt 0.415836 0.911490
vt 0.505924 0.865854
vt 0.505924 0.869994
vt 0.491673 0.866645
vt 0.488207 0.877356
vt 0.452537 0.891963
vt 0.558897 0.931796
vt 0.572154 0.935962
vt 0.558456 0.951952
vt 0.572289 0.954033
vt 0.558558 0.915520
vt 0.557776 0.903129
vt 0.554901 0.880750
vt 0.543472 0.856568
vt 0.530108 0.864472
vt 0.511927 0.865854
vt 0.511927 0.859795
vt 0.483105 0.896728
vt 0.478630 0.881469
vt 0.505924 0.859795
vt 0.491673 0.862496
vt 0.464812 0.943734
vt 0.466936 0.943734
vt 0.464211 0.961678
vt 0.466195 0.961611
vt 0.548341 0.883542
vt 0.545718 0.884031
vt 0.535099 0.859360
vt 0.533390 0.861506
vt 0.544472 0.920866
vt 0.536143 0.919890
vt 0.544221 0.907626
vt 0.537359 0.907615
vt 0.544265 0.957486
vt 0.532683 0.956421
vt 0.544905 0.936933
vt 0.534604 0.935772
vt 0.526902 0.869967
vt 0.511927 0.869994
vt 0.543210 0.886998
vt 0.538305 0.888575
vt 0.472769 0.897118
vt 0.473458 0.881324
vt 0.456293 0.917642
vt 0.407266 0.928521
vt 0.409427 0.928600
vt 0.470475 0.945698
vt 0.484659 0.945698
vt 0.469734 0.963575
vt 0.485632 0.962601
vt 0.479643 0.921479
vt 0.471756 0.922347
vt 0.469919 0.879360
vt 0.469229 0.895154
vt 0.467294 0.879146
vt 0.466661 0.895183
vt 0.530044 0.890316
vt 0.468217 0.920383
vt 0.465910 0.920383
vt 0.413869 0.928600
vt 0.443329 0.935519
vt 0.444162 0.951708
vt 0.458121 0.961483
vt 0.443505 0.963203
vt 0.458053 0.940802
vt 0.443565 0.941630
vt 0.459902 0.917432
vt 0.458980 0.891388
vt 0.460704 0.875352
vt 0.547503 0.904659
vt 0.549974 0.904659
vt 0.547754 0.917899
vt 0.550186 0.918311
vt 0.550084 0.954744
vt 0.515209 0.856828
vt 0.515209 0.854374
vt 0.477041 0.869096
vt 0.206340 0.251072
vt 0.197324 0.236512
vt 0.642747 0.943433
vt 0.630271 0.943370
vt 0.642747 0.930699
vt 0.630271 0.930118
vt 0.599215 0.944535
vt 0.596822 0.924018
vt 0.593772 0.959702
vt 0.126604 0.286897
vt 0.123619 0.286048
vt 0.425300 0.966234
vt 0.425984 0.954551
vt 0.117585 0.289389
vt 0.121164 0.288729
vt 0.121063 0.296613
vt 0.140524 0.288730
vt 0.133368 0.298463
vt 0.210406 0.208517
vt 0.197682 0.213862
vt 0.197682 0.209571
vt 0.187935 0.209995
vt 0.187935 0.218290
vt 0.188045 0.222614
vt 0.160400 0.302618
vt 0.155875 0.302417
vt 0.410776 0.940618
vt 0.408610 0.940650
vt 0.415219 0.941480
vt 0.662348 0.930118
vt 0.662348 0.943370
vt 0.649872 0.930699
vt 0.649872 0.943433
vt 0.693405 0.944535
vt 0.695798 0.924018
vt 0.698847 0.959702
vt 0.304500 0.954551
vt 0.305296 0.966234
vt 0.097947 0.298463
vt 0.090225 0.288730
vt 0.209437 0.465988
vt 0.197324 0.464985
vt 0.197324 0.460900
vt 0.188045 0.464581
vt 0.188045 0.456685
vt 0.197324 0.439889
vt 0.188045 0.453415
vt 0.206340 0.425329
vt 0.071199 0.302618
vt 0.075724 0.302417
vt 0.319991 0.940618
vt 0.322157 0.940650
vt 0.315378 0.941480
vt 0.114014 0.289389
vt 0.110536 0.296613
vt 0.072697 0.412035
vt 0.103982 0.299549
vt 0.183824 0.300839
vt 0.183824 0.283986
vt 0.188045 0.300839
vt 0.188045 0.283986
vt 0.188045 0.338300
vt 0.183824 0.338201
vt 0.188045 0.321479
vt 0.183824 0.321479
vt 0.183824 0.267723
vt 0.188045 0.267723
vt 0.127193 0.299549
vt 0.196029 0.283986
vt 0.196676 0.267723
vt 0.204434 0.283986
vt 0.205149 0.267723
vt 0.203894 0.300839
vt 0.195219 0.300839
vt 0.211429 0.300839
vt 0.211429 0.321479
vt 0.208490 0.300839
vt 0.208606 0.321479
vt 0.208606 0.338205
vt 0.211429 0.338201
vt 0.162443 0.316206
vt 0.159852 0.316661
vt 0.410590 0.954238
vt 0.170067 0.220593
vt 0.175173 0.220294
vt 0.175065 0.222667
vt 0.183509 0.219572
vt 0.183509 0.213204
vt 0.183829 0.251072
vt 0.179327 0.244704
vt 0.179779 0.239998
vt 0.176069 0.240107
vt 0.162443 0.326629
vt 0.188045 0.251072
vt 0.197162 0.251072
vt 0.178076 0.234802
vt 0.173065 0.232272
vt 0.175794 0.226780
vt 0.171037 0.224807
vt 0.172227 0.229342
vt 0.183832 0.223834
vt 0.183829 0.239734
vt 0.188045 0.239030
vt 0.195219 0.321479
vt 0.195219 0.338300
vt 0.604435 0.962005
vt 0.612404 0.950895
vt 0.630271 0.948437
vt 0.642747 0.948389
vt 0.415033 0.956393
vt 0.415033 0.968260
vt 0.181584 0.247888
vt 0.179327 0.244704
vt 0.183829 0.251072
vt 0.183824 0.375562
vt 0.188045 0.375562
vt 0.183824 0.392415
vt 0.188045 0.392415
vt 0.188045 0.354922
vt 0.183824 0.354922
vt 0.188045 0.408678
vt 0.183824 0.408678
vt 0.196029 0.392415
vt 0.204434 0.392415
vt 0.196676 0.408678
vt 0.205149 0.408678
vt 0.209031 0.392415
vt 0.208414 0.375562
vt 0.211429 0.375562
vt 0.203818 0.375562
vt 0.195219 0.375562
vt 0.204010 0.354922
vt 0.195219 0.354922
vt 0.211429 0.354922
vt 0.208606 0.354922
vt 0.069156 0.316206
vt 0.071747 0.316661
vt 0.320177 0.954238
vt 0.171037 0.454492
vt 0.175794 0.452518
vt 0.175897 0.454777
vt 0.183832 0.455465
vt 0.183832 0.461527
vt 0.183829 0.425329
vt 0.179779 0.436403
vt 0.179327 0.431697
vt 0.176069 0.436294
vt 0.069156 0.326629
vt 0.188045 0.425329
vt 0.197162 0.425329
vt 0.178076 0.441599
vt 0.173065 0.444130
vt 0.175794 0.449248
vt 0.172227 0.447059
vt 0.171037 0.451222
vt 0.183832 0.452194
vt 0.183829 0.436667
vt 0.188045 0.437371
vt 0.688184 0.962005
vt 0.680216 0.950895
vt 0.662348 0.948437
vt 0.649872 0.948389
vt 0.315563 0.956393
vt 0.315563 0.968260
vt 0.181584 0.428513
vt 0.183829 0.425329
vt 0.179327 0.431697
vt 0.209031 0.283986
vt 0.204010 0.338205
vt 0.204010 0.321479
vt 0.392734 0.954524
vt 0.401172 0.970330
vt 0.393953 0.969192
vt 0.401414 0.973019
vt 0.388170 0.967744
vt 0.386472 0.952946
vt 0.379404 0.965879
vt 0.379151 0.950121
vt 0.371315 0.965043
vt 0.371314 0.949249
vt 0.383890 0.941482
vt 0.376654 0.933443
vt 0.371315 0.978109
vt 0.378735 0.978071
vt 0.386124 0.979312
vt 0.393441 0.980723
vt 0.401346 0.981743
vt 0.411845 0.974781
vt 0.411823 0.982693
vt 0.584158 0.979204
vt 0.599057 0.975471
vt 0.584320 0.986434
vt 0.599591 0.985385
vt 0.612625 0.974070
vt 0.612121 0.985338
vt 0.626114 0.974651
vt 0.626114 0.985409
vt 0.330773 0.974781
vt 0.341449 0.970299
vt 0.341205 0.973019
vt 0.349884 0.954524
vt 0.348665 0.969192
vt 0.354448 0.967744
vt 0.356146 0.952946
vt 0.363467 0.950121
vt 0.363214 0.965879
vt 0.358561 0.942222
vt 0.363883 0.978071
vt 0.356494 0.979312
vt 0.349177 0.980723
vt 0.341272 0.981743
vt 0.330795 0.982693
vt 0.668070 0.979204
vt 0.667908 0.986434
vt 0.653171 0.975471
vt 0.652637 0.985385
vt 0.639603 0.974070
vt 0.640107 0.985338
vt 0.371313 0.925713
vt 0.366021 0.933062
vt 0.546849 0.797852
vt 0.574633 0.797632
vt 0.406652 0.814601
vt 0.406189 0.797266
vt 0.427531 0.812606
vt 0.426377 0.795447
vt 0.463209 0.810443
vt 0.444537 0.810873
vt 0.463258 0.795545
vt 0.443967 0.794705
vt 0.523951 0.797053
vt 0.523951 0.811455
vt 0.642747 0.796673
vt 0.630938 0.796985
vt 0.605933 0.797574
vt 0.484884 0.811470
vt 0.474226 0.810957
vt 0.484884 0.797068
vt 0.386639 0.815957
vt 0.371906 0.816853
vt 0.371906 0.798847
vt 0.387137 0.798206
vt 0.371906 0.704797
vt 0.388290 0.705400
vt 0.371906 0.727227
vt 0.388152 0.727877
vt 0.371906 0.774352
vt 0.387883 0.774077
vt 0.405946 0.773892
vt 0.425553 0.774275
vt 0.444020 0.775768
vt 0.463611 0.778099
vt 0.484884 0.779701
vt 0.484884 0.735575
vt 0.465292 0.733803
vt 0.484884 0.712011
vt 0.466005 0.710460
vt 0.444173 0.731548
vt 0.444688 0.708466
vt 0.425034 0.729580
vt 0.425277 0.707278
vt 0.548309 0.712927
vt 0.575158 0.713601
vt 0.548078 0.736068
vt 0.574975 0.736375
vt 0.523951 0.711996
vt 0.523951 0.735560
vt 0.074820 0.444089
vt 0.064022 0.444089
vt 0.074820 0.432833
vt 0.596990 0.724869
vt 0.596990 0.713613
vt 0.631333 0.780186
vt 0.606775 0.780882
vt 0.574695 0.780889
vt 0.642747 0.780073
vt 0.547396 0.779766
vt 0.523951 0.779686
vt 0.406241 0.728821
vt 0.406393 0.706298
vt 0.371906 0.750191
vt 0.388041 0.750304
vt 0.406127 0.750918
vt 0.424900 0.751655
vt 0.444166 0.753368
vt 0.464316 0.755732
vt 0.484884 0.759003
vt 0.523951 0.758987
vt 0.547798 0.759608
vt 0.574712 0.760008
vt 0.607795 0.735997
vt 0.607649 0.759733
vt 0.631750 0.735684
vt 0.631785 0.758886
vt 0.642747 0.735484
vt 0.642747 0.758580
vt 0.323945 0.814601
vt 0.303065 0.812606
vt 0.324407 0.797266
vt 0.304219 0.795447
vt 0.267387 0.810443
vt 0.286059 0.810873
vt 0.267338 0.795545
vt 0.286629 0.794705
vt 0.745770 0.797852
vt 0.769079 0.811455
vt 0.769079 0.797053
vt 0.661682 0.796985
vt 0.649872 0.796673
vt 0.717987 0.797632
vt 0.686687 0.797574
vt 0.245764 0.811470
vt 0.245764 0.797068
vt 0.256370 0.810957
vt 0.343957 0.815957
vt 0.355870 0.816681
vt 0.355870 0.798727
vt 0.343459 0.798206
vt 0.355870 0.698261
vt 0.355870 0.705340
vt 0.342307 0.705400
vt 0.355870 0.774302
vt 0.342714 0.774077
vt 0.305043 0.774275
vt 0.324651 0.773892
vt 0.266986 0.778099
vt 0.286576 0.775768
vt 0.245764 0.779701
vt 0.245764 0.735575
vt 0.245764 0.712011
vt 0.265305 0.733803
vt 0.264591 0.710460
vt 0.286423 0.731548
vt 0.285908 0.708466
vt 0.305562 0.729580
vt 0.305319 0.707278
vt 0.717645 0.736375
vt 0.717462 0.713601
vt 0.744541 0.736068
vt 0.744310 0.712927
vt 0.769079 0.735560
vt 0.769079 0.711996
vt 0.084779 0.432833
vt 0.107824 0.432833
vt 0.084779 0.444089
vt 0.107843 0.444089
vt 0.695746 0.724869
vt 0.695746 0.713613
vt 0.685845 0.780882
vt 0.661287 0.780186
vt 0.717925 0.780889
vt 0.649872 0.780073
vt 0.745223 0.779766
vt 0.769079 0.779686
vt 0.324355 0.728821
vt 0.324203 0.706298
vt 0.342444 0.727877
vt 0.355870 0.727348
vt 0.355870 0.750212
vt 0.342555 0.750304
vt 0.324469 0.750918
vt 0.305696 0.751655
vt 0.286430 0.753368
vt 0.266281 0.755732
vt 0.245764 0.759003
vt 0.744822 0.759608
vt 0.769079 0.758987
vt 0.717907 0.760008
vt 0.684824 0.735997
vt 0.684970 0.759733
vt 0.660870 0.735684
vt 0.660835 0.758886
vt 0.649872 0.735484
vt 0.649872 0.758580
vt 0.368712 0.727348
vt 0.368712 0.708749
vt 0.368712 0.750212
vt 0.368712 0.774302
vt 0.368712 0.798727
vt 0.368712 0.816681
vt 0.368506 0.704797
vt 0.365676 0.708749
vt 0.367083 0.703998
vt 0.363874 0.708749
vt 0.365676 0.727348
vt 0.030843 0.444089
vt 0.030843 0.432833
vt 0.041152 0.444089
vt 0.118263 0.432833
vt 0.118263 0.444089
vt 0.684804 0.724869
vt 0.660790 0.724869
vt 0.649872 0.724869
vt 0.642747 0.724869
vt 0.631829 0.724869
vt 0.607815 0.724869
vt 0.157723 0.939841
vt 0.157723 0.957681
vt 0.137024 0.942606
vt 0.137023 0.891947
vt 0.116324 0.891947
vt 0.137023 0.871094
vt 0.116324 0.871094
vt 0.157723 0.891947
vt 0.157723 0.871094
vt 0.178422 0.891947
vt 0.178422 0.871094
vt 0.193319 0.871094
vt 0.193319 0.891947
vt 0.209494 0.871094
vt 0.209494 0.891947
vt 0.054226 0.871094
vt 0.054226 0.891947
vt 0.036522 0.871094
vt 0.036522 0.891947
vt 0.074925 0.871094
vt 0.074925 0.891947
vt 0.095624 0.891947
vt 0.095624 0.871094
vt 0.137023 0.849681
vt 0.116324 0.849681
vt 0.137023 0.831287
vt 0.116324 0.831287
vt 0.157723 0.831287
vt 0.157723 0.849681
vt 0.178422 0.831287
vt 0.178422 0.849681
vt 0.193319 0.831287
vt 0.193319 0.849681
vt 0.209494 0.831287
vt 0.209494 0.849681
vt 0.054226 0.849681
vt 0.036522 0.849681
vt 0.054226 0.831287
vt 0.036522 0.831287
vt 0.074925 0.849681
vt 0.074925 0.831287
vt 0.095625 0.849681
vt 0.095624 0.831287
vt 0.137023 0.908765
vt 0.116324 0.908765
vt 0.157723 0.908765
vt 0.178422 0.908765
vt 0.193319 0.908765
vt 0.209494 0.908765
vt 0.054226 0.908765
vt 0.036522 0.908765
vt 0.074925 0.908765
vt 0.095624 0.908765
vt 0.137023 0.923791
vt 0.116324 0.924861
vt 0.157723 0.922720
vt 0.178422 0.921535
vt 0.193319 0.919974
vt 0.209494 0.919974
vt 0.054226 0.921535
vt 0.036522 0.919974
vt 0.074925 0.922720
vt 0.095624 0.923791
vt 0.137023 0.962523
vt 0.116324 0.944863
vt 0.116324 0.965914
vt 0.178422 0.931363
vt 0.178422 0.946181
vt 0.193319 0.931895
vt 0.209494 0.925807
vt 0.054226 0.946680
vt 0.036522 0.931895
vt 0.054226 0.931130
vt 0.074925 0.958230
vt 0.074925 0.940033
vt 0.095624 0.962523
vt 0.095624 0.942606
vt 0.023177 0.919974
vt 0.023177 0.925807
vt 0.023177 0.908765
vt 0.023177 0.891947
vt 0.023177 0.871094
vt 0.023177 0.849681
vt 0.023177 0.831287
vt 0.806274 0.919974
vt 0.821170 0.921535
vt 0.821170 0.931363
vt 0.492165 0.918140
vt 0.498585 0.945698
vt 0.499835 0.961936
vt 0.883268 0.871094
vt 0.883268 0.891947
vt 0.862569 0.871094
vt 0.862569 0.891947
vt 0.841870 0.871094
vt 0.841870 0.891947
vt 0.821170 0.871094
vt 0.821170 0.891947
vt 0.806274 0.871094
vt 0.806274 0.891947
vt 0.790573 0.871094
vt 0.790573 0.891947
vt 0.945366 0.871094
vt 0.963070 0.871094
vt 0.945366 0.891947
vt 0.963070 0.891947
vt 0.924667 0.871094
vt 0.924667 0.891947
vt 0.903968 0.871094
vt 0.903968 0.891947
vt 0.883268 0.849681
vt 0.862569 0.849681
vt 0.841870 0.849681
vt 0.821170 0.849681
vt 0.806274 0.849681
vt 0.790573 0.849681
vt 0.945366 0.849681
vt 0.963070 0.849681
vt 0.924667 0.849681
vt 0.903968 0.849681
vt 0.883268 0.908765
vt 0.862569 0.908765
vt 0.841870 0.908765
vt 0.821170 0.908765
vt 0.806274 0.908765
vt 0.790573 0.908765
vt 0.945366 0.908765
vt 0.963070 0.908765
vt 0.924667 0.908765
vt 0.903968 0.908765
vt 0.883268 0.924861
vt 0.862569 0.923791
vt 0.841870 0.922720
vt 0.790573 0.919974
vt 0.945366 0.921535
vt 0.963070 0.919974
vt 0.924667 0.922720
vt 0.903968 0.923791
vt 0.862569 0.942606
vt 0.883268 0.944863
vt 0.862569 0.962523
vt 0.883268 0.965914
vt 0.841870 0.939841
vt 0.841870 0.957681
vt 0.821170 0.946181
vt 0.806274 0.931895
vt 0.790573 0.925807
vt 0.963070 0.931895
vt 0.945366 0.931130
vt 0.945366 0.946680
vt 0.924667 0.940033
vt 0.924667 0.958230
vt 0.903968 0.942606
vt 0.903968 0.962523
vt 0.976036 0.919974
vt 0.976036 0.925807
vt 0.976036 0.908765
vt 0.976036 0.891947
vt 0.976036 0.871094
vt 0.976036 0.849681
vt 0.521428 0.955515
vt 0.523646 0.934633
vt 0.527160 0.907444
vt 0.041171 0.432833
vt 0.064101 0.432833
vt 0.052490 0.213936
vt 0.059162 0.217007
vt 0.050499 0.221408
vt 0.050499 0.221408
vt 0.059162 0.217007
vt 0.055393 0.223806
vt 0.064210 0.223384
vt 0.055393 0.223806
vt 0.064210 0.223384
vt 0.057957 0.227741
vt 0.065572 0.231845
vt 0.060003 0.232813
vt 0.060003 0.232813
vt 0.466289 0.688429
vt 0.445137 0.687457
vt 0.425364 0.686107
vt 0.406448 0.684860
vt 0.388339 0.683690
vt 0.064964 0.238967
vt 0.062786 0.245720
vt 0.061318 0.244803
vt 0.058348 0.250257
vt 0.057363 0.248835
vt 0.052994 0.252952
vt 0.052468 0.251375
vt 0.048350 0.252702
vt 0.048562 0.254739
vt 0.378958 0.683408
vt 0.377047 0.682761
vt 0.384982 0.667182
vt 0.607835 0.713613
vt 0.608053 0.693374
vt 0.631912 0.713613
vt 0.575213 0.693180
vt 0.548390 0.692524
vt 0.523951 0.691648
vt 0.484884 0.691663
vt 0.445193 0.684754
vt 0.425386 0.680511
vt 0.406477 0.674609
vt 0.388382 0.667182
vt 0.382357 0.683408
vt 0.050976 0.247223
vt 0.052468 0.251375
vt 0.047788 0.248771
vt 0.047788 0.248771
vt 0.050976 0.247223
vt 0.057363 0.248835
vt 0.054456 0.245537
vt 0.054456 0.245537
vt 0.061318 0.244803
vt 0.057705 0.242647
vt 0.059424 0.237721
vt 0.059424 0.237721
vt 0.065331 0.234421
vt 0.065572 0.231845
vt 0.044753 0.249310
vt 0.046995 0.253728
vt 0.046995 0.253728
vt 0.364078 0.702425
vt 0.806274 0.770924
vt 0.821170 0.764282
vt 0.821170 0.770924
vt 0.883268 0.811840
vt 0.883268 0.803852
vt 0.903968 0.811840
vt 0.903968 0.803852
vt 0.963070 0.770924
vt 0.945366 0.770924
vt 0.959331 0.764282
vt 0.924667 0.770924
vt 0.930767 0.764282
vt 0.903968 0.770924
vt 0.911027 0.764282
vt 0.883268 0.770924
vt 0.893678 0.764282
vt 0.862569 0.770924
vt 0.874893 0.764282
vt 0.838156 0.764282
vt 0.862569 0.764282
vt 0.841870 0.770924
vt 0.883268 0.831287
vt 0.862569 0.831287
vt 0.841870 0.831287
vt 0.821170 0.831287
vt 0.806274 0.831287
vt 0.790573 0.831287
vt 0.963070 0.831287
vt 0.945366 0.831287
vt 0.924667 0.831287
vt 0.903968 0.831287
vt 0.862569 0.811840
vt 0.841870 0.811840
vt 0.821170 0.811840
vt 0.945366 0.803852
vt 0.945366 0.811840
vt 0.924667 0.803852
vt 0.924667 0.811840
vt 0.976036 0.831287
vt 0.976036 0.770924
vt 0.976036 0.764282
vt 0.862569 0.803852
vt 0.841870 0.803852
vt 0.821170 0.803852
vt 0.806274 0.803852
vt 0.806274 0.811840
vt 0.790573 0.803852
vt 0.790573 0.811840
vt 0.963070 0.803852
vt 0.976036 0.803852
vt 0.963070 0.811840
vt 0.976036 0.811840
vt 0.841870 0.789943
vt 0.862569 0.789943
vt 0.841870 0.795944
vt 0.862569 0.795944
vt 0.821170 0.789943
vt 0.821170 0.795944
vt 0.806274 0.795944
vt 0.806274 0.789943
vt 0.790573 0.789943
vt 0.790573 0.795944
vt 0.963070 0.789943
vt 0.976036 0.789943
vt 0.963070 0.795944
vt 0.976036 0.795944
vt 0.945366 0.795944
vt 0.945366 0.789943
vt 0.924667 0.795944
vt 0.924667 0.789943
vt 0.903968 0.795944
vt 0.903968 0.789943
vt 0.883268 0.795944
vt 0.883268 0.789943
vt 0.821170 0.780405
vt 0.841870 0.780405
vt 0.806274 0.780405
vt 0.790573 0.770924
vt 0.790573 0.780405
vt 0.963070 0.780405
vt 0.976036 0.780405
vt 0.945366 0.780405
vt 0.924667 0.780405
vt 0.903968 0.780405
vt 0.883268 0.780405
vt 0.862569 0.780405
vt 0.790573 0.764282
vt 0.849056 0.722874
vt 0.849049 0.700118
vt 0.862553 0.719766
vt 0.862811 0.698953
vt 0.848895 0.680669
vt 0.863317 0.679895
vt 0.834111 0.725325
vt 0.834251 0.702250
vt 0.834088 0.683268
vt 0.818483 0.724439
vt 0.818583 0.701244
vt 0.818140 0.682306
vt 0.796586 0.721104
vt 0.799115 0.699424
vt 0.800593 0.680015
vt 0.943339 0.721179
vt 0.922217 0.719839
vt 0.943346 0.699743
vt 0.923477 0.697972
vt 0.942798 0.680589
vt 0.923198 0.678426
vt 0.909408 0.696304
vt 0.909616 0.717058
vt 0.910082 0.677183
vt 0.895310 0.677039
vt 0.894883 0.697207
vt 0.894728 0.717155
vt 0.881711 0.678853
vt 0.882079 0.698546
vt 0.881309 0.717205
vt 0.864321 0.742992
vt 0.879153 0.741361
vt 0.943098 0.740535
vt 0.922114 0.739574
vt 0.909783 0.740231
vt 0.895397 0.739255
vt 0.816922 0.743125
vt 0.795576 0.741099
vt 0.834535 0.743884
vt 0.847806 0.742843
vt 0.183078 0.743125
vt 0.181516 0.724439
vt 0.204424 0.741099
vt 0.116324 0.811840
vt 0.095624 0.811840
vt 0.116324 0.803852
vt 0.095624 0.803852
vt 0.036522 0.770924
vt 0.040261 0.764282
vt 0.054226 0.770924
vt 0.068826 0.764282
vt 0.074925 0.770924
vt 0.088565 0.764282
vt 0.095624 0.770924
vt 0.105914 0.764282
vt 0.116324 0.770924
vt 0.124699 0.764282
vt 0.137023 0.770924
vt 0.161436 0.764282
vt 0.157723 0.770924
vt 0.137023 0.764282
vt 0.178422 0.764282
vt 0.178422 0.770924
vt 0.193319 0.770924
vt 0.137023 0.811840
vt 0.157723 0.811840
vt 0.178422 0.811840
vt 0.074925 0.811840
vt 0.054226 0.811840
vt 0.074925 0.803852
vt 0.054226 0.803852
vt 0.023177 0.764282
vt 0.023177 0.770924
vt 0.137023 0.803852
vt 0.157723 0.803852
vt 0.178422 0.803852
vt 0.193319 0.811840
vt 0.193319 0.803852
vt 0.209494 0.803852
vt 0.209494 0.811840
vt 0.023177 0.811840
vt 0.023177 0.803852
vt 0.036522 0.811840
vt 0.036522 0.803852
vt 0.157723 0.789943
vt 0.157723 0.795944
vt 0.137023 0.789943
vt 0.137023 0.795944
vt 0.178422 0.789943
vt 0.178422 0.795944
vt 0.193319 0.795944
vt 0.193319 0.789943
vt 0.209494 0.795944
vt 0.209494 0.789943
vt 0.036522 0.789943
vt 0.036522 0.795944
vt 0.023177 0.789943
vt 0.023177 0.795944
vt 0.054226 0.795944
vt 0.054226 0.789943
vt 0.074925 0.789943
vt 0.074925 0.795944
vt 0.095624 0.789943
vt 0.095624 0.795944
vt 0.116324 0.789943
vt 0.116324 0.795944
vt 0.178422 0.780405
vt 0.157723 0.780405
vt 0.193319 0.780405
vt 0.209494 0.770924
vt 0.209494 0.780405
vt 0.036522 0.780405
vt 0.023177 0.780405
vt 0.054226 0.780405
vt 0.074925 0.780405
vt 0.095624 0.780405
vt 0.116324 0.780405
vt 0.137023 0.780405
vt 0.209494 0.764282
vt 0.137188 0.698953
vt 0.150950 0.700118
vt 0.137447 0.719766
vt 0.150944 0.722874
vt 0.136683 0.679895
vt 0.151104 0.680669
vt 0.165889 0.725325
vt 0.165748 0.702250
vt 0.165911 0.683268
vt 0.181417 0.701244
vt 0.181860 0.682306
vt 0.203414 0.721104
vt 0.200885 0.699424
vt 0.199407 0.680015
vt 0.056660 0.721179
vt 0.056653 0.699743
vt 0.077782 0.719839
vt 0.076522 0.697972
vt 0.057201 0.680589
vt 0.076801 0.678426
vt 0.090384 0.717058
vt 0.090591 0.696304
vt 0.089917 0.677183
vt 0.104690 0.677039
vt 0.105117 0.697207
vt 0.105272 0.717155
vt 0.118289 0.678853
vt 0.117921 0.698546
vt 0.118691 0.717205
vt 0.120846 0.741361
vt 0.135679 0.742992
vt 0.056901 0.740535
vt 0.077885 0.739574
vt 0.090217 0.740231
vt 0.104603 0.739255
vt 0.165465 0.743884
vt 0.152193 0.742843
vt 0.868954 0.489879
vt 0.871199 0.479212
vt 0.871492 0.489751
vt 0.859179 0.490231
vt 0.856909 0.489886
vt 0.859385 0.479606
vt 0.857382 0.479149
vt 0.858531 0.475728
vt 0.860448 0.476140
vt 0.867726 0.476427
vt 0.869398 0.475940
vt 0.868830 0.479861
vt 0.863830 0.489321
vt 0.864096 0.478728
vt 0.867554 0.479075
vt 0.860634 0.478894
vt 0.864061 0.475007
vt 0.864061 0.475007
vt 0.945838 0.489617
vt 0.942571 0.489947
vt 0.944883 0.478787
vt 0.941941 0.478774
vt 0.938662 0.489563
vt 0.938451 0.478447
vt 0.934880 0.489849
vt 0.935198 0.478701
vt 0.932392 0.489481
vt 0.932953 0.478850
vt 0.935101 0.475547
vt 0.942291 0.475333
vt 0.938707 0.473203
vt 0.935101 0.475547
vt 0.864173 0.473607
vt 0.864173 0.473607
vt 0.046830 0.213202
vt 0.046202 0.221235
vt 0.044753 0.213101
vt 0.044753 0.213101
vt 0.046202 0.221235
vt 0.044753 0.221393
vt 0.046830 0.213202
vt 0.642747 0.713613
vt 0.642747 0.693226
vt 0.631968 0.693255
vt 0.043305 0.221235
vt 0.043305 0.221235
vt 0.042677 0.213202
vt 0.039008 0.221408
vt 0.042677 0.213202
vt 0.039008 0.221408
vt 0.037017 0.213936
vt 0.030345 0.217007
vt 0.030345 0.217007
vt 0.034114 0.223806
vt 0.034114 0.223806
vt 0.025297 0.223384
vt 0.025297 0.223384
vt 0.031550 0.227741
vt 0.023935 0.231845
vt 0.029504 0.232813
vt 0.029504 0.232813
vt 0.264307 0.688429
vt 0.285459 0.687457
vt 0.305232 0.686107
vt 0.324149 0.684860
vt 0.342257 0.683690
vt 0.024543 0.238967
vt 0.028189 0.244803
vt 0.026721 0.245720
vt 0.032144 0.248835
vt 0.031159 0.250257
vt 0.037039 0.251375
vt 0.036513 0.252952
vt 0.040945 0.254739
vt 0.041157 0.252702
vt 0.351085 0.681825
vt 0.345348 0.665600
vt 0.352552 0.680779
vt 0.649872 0.693226
vt 0.660651 0.693255
vt 0.649872 0.713613
vt 0.660707 0.713613
vt 0.684566 0.693374
vt 0.684785 0.713613
vt 0.717407 0.693180
vt 0.744230 0.692524
vt 0.769079 0.691648
vt 0.245764 0.691663
vt 0.285404 0.684754
vt 0.305211 0.680511
vt 0.324119 0.674609
vt 0.342215 0.667182
vt 0.348239 0.683408
vt 0.358353 0.691602
vt 0.358353 0.696678
vt 0.041719 0.248771
vt 0.041719 0.248771
vt 0.037039 0.251375
vt 0.038531 0.247223
vt 0.035051 0.245537
vt 0.032144 0.248835
vt 0.038531 0.247223
vt 0.031802 0.242647
vt 0.028189 0.244803
vt 0.035051 0.245537
vt 0.030083 0.237721
vt 0.030083 0.237721
vt 0.023935 0.231845
vt 0.042512 0.253728
vt 0.042512 0.253728
vt 0.926756 0.514505
vt 0.926936 0.524396
vt 0.922972 0.514665
vt 0.923024 0.530272
vt 0.918949 0.525718
vt 0.922853 0.524589
vt 0.919030 0.514965
vt 0.922940 0.499778
vt 0.923117 0.510737
vt 0.919364 0.499880
vt 0.876286 0.509862
vt 0.880165 0.509698
vt 0.875641 0.513501
vt 0.880287 0.513863
vt 0.885153 0.513753
vt 0.884643 0.509811
vt 0.886522 0.510159
vt 0.886940 0.513434
vt 0.872942 0.512730
vt 0.873343 0.509906
vt 0.916652 0.510067
vt 0.919373 0.510914
vt 0.916230 0.513376
vt 0.926296 0.510659
vt 0.926242 0.499922
vt 0.929108 0.509811
vt 0.929274 0.512664
vt 0.884067 0.529027
vt 0.886156 0.526431
vt 0.891259 0.572625
vt 0.894241 0.561368
vt 0.902379 0.574237
vt 0.901264 0.562284
vt 0.879885 0.528497
vt 0.879416 0.536230
vt 0.875823 0.528819
vt 0.873480 0.544724
vt 0.888701 0.546824
vt 0.872662 0.572137
vt 0.854543 0.573693
vt 0.869496 0.559308
vt 0.852101 0.561155
vt 0.888339 0.559632
vt 0.844321 0.546282
vt 0.849378 0.544736
vt 0.858001 0.545600
vt 0.896888 0.549326
vt 0.902479 0.549703
vt 0.919698 0.557392
vt 0.923526 0.576126
vt 0.906729 0.560342
vt 0.911188 0.576215
vt 0.916544 0.526514
vt 0.929276 0.525167
vt 0.873234 0.525092
vt 0.884376 0.497701
vt 0.880326 0.493721
vt 0.876241 0.493673
vt 0.876621 0.483580
vt 0.875594 0.483070
vt 0.880198 0.483604
vt 0.883546 0.484100
vt 0.884364 0.494176
vt 0.884442 0.483981
vt 0.879803 0.480237
vt 0.883188 0.481429
vt 0.876757 0.480871
vt 0.875610 0.479737
vt 0.879708 0.478120
vt 0.884431 0.480229
vt 0.885949 0.483036
vt 0.886033 0.494021
vt 0.874000 0.493755
vt 0.873958 0.482352
vt 0.928669 0.482021
vt 0.928803 0.493523
vt 0.925964 0.482774
vt 0.926016 0.494184
vt 0.925834 0.479381
vt 0.923022 0.477759
vt 0.923102 0.482658
vt 0.920021 0.478700
vt 0.919919 0.482799
vt 0.923046 0.494186
vt 0.919712 0.494138
vt 0.917727 0.482713
vt 0.917146 0.493792
vt 0.880205 0.497540
vt 0.876421 0.497555
vt 0.886199 0.497394
vt 0.873977 0.497223
vt 0.916979 0.497198
vt 0.928826 0.497025
vt 0.874490 0.536076
vt 0.872558 0.528551
vt 0.869935 0.535516
vt 0.864404 0.535487
vt 0.933209 0.529525
vt 0.934706 0.522821
vt 0.938171 0.529239
vt 0.938707 0.522497
vt 0.870464 0.523592
vt 0.871655 0.528721
vt 0.867812 0.525651
vt 0.931470 0.528842
vt 0.932245 0.523647
vt 0.863177 0.525350
vt 0.858623 0.525757
vt 0.943166 0.523329
vt 0.929268 0.528671
vt 0.927818 0.530141
vt 0.871655 0.528721
vt 0.931470 0.528842
vt 0.936642 0.533912
vt 0.924049 0.535864
vt 0.943176 0.511331
vt 0.938652 0.511032
vt 0.934560 0.511170
vt 0.946138 0.524119
vt 0.918967 0.544987
vt 0.136170 0.489321
vt 0.131170 0.479861
vt 0.132445 0.479075
vt 0.140821 0.490231
vt 0.140614 0.479606
vt 0.143091 0.489886
vt 0.142617 0.479149
vt 0.139552 0.476140
vt 0.141469 0.475728
vt 0.132274 0.476427
vt 0.130602 0.475940
vt 0.128801 0.479212
vt 0.131046 0.489879
vt 0.128508 0.489751
vt 0.135904 0.478728
vt 0.139366 0.478894
vt 0.135938 0.475007
vt 0.135938 0.475007
vt 0.058058 0.478774
vt 0.057429 0.489947
vt 0.055116 0.478787
vt 0.054161 0.489617
vt 0.061337 0.489563
vt 0.061548 0.478447
vt 0.064801 0.478701
vt 0.065119 0.489849
vt 0.067046 0.478850
vt 0.067607 0.489481
vt 0.064898 0.475547
vt 0.061293 0.473203
vt 0.057708 0.475333
vt 0.064898 0.475547
vt 0.135827 0.473607
vt 0.135827 0.473607
vt 0.115636 0.494176
vt 0.113967 0.494021
vt 0.115557 0.483981
vt 0.124405 0.483070
vt 0.123758 0.493673
vt 0.123379 0.483580
vt 0.119674 0.493721
vt 0.119801 0.483604
vt 0.116453 0.484100
vt 0.116812 0.481429
vt 0.120196 0.480237
vt 0.123242 0.480871
vt 0.120291 0.478120
vt 0.124390 0.479737
vt 0.120291 0.478120
vt 0.115568 0.480229
vt 0.114051 0.483036
vt 0.126042 0.482352
vt 0.126000 0.493755
vt 0.071330 0.482021
vt 0.074036 0.482774
vt 0.071196 0.493523
vt 0.073983 0.494184
vt 0.074166 0.479381
vt 0.076977 0.477759
vt 0.076897 0.482658
vt 0.079978 0.478700
vt 0.080080 0.482799
vt 0.080287 0.494138
vt 0.076953 0.494186
vt 0.082272 0.482713
vt 0.082853 0.493792
vt 0.949992 0.546769
vt 0.841649 0.548241
vt 0.843149 0.541093
vt 0.950683 0.524425
vt 0.955376 0.524596
vt 0.948500 0.530407
vt 0.954490 0.531654
vt 0.951135 0.513214
vt 0.955768 0.513524
vt 0.853342 0.524566
vt 0.854622 0.529167
vt 0.851625 0.528204
vt 0.853699 0.538069
vt 0.947424 0.529294
vt 0.947943 0.524632
vt 0.964682 0.538099
vt 0.959671 0.535324
vt 0.963758 0.527178
vt 0.960094 0.526180
vt 0.837909 0.537905
vt 0.842409 0.529025
vt 0.838411 0.527088
vt 0.846848 0.527786
vt 0.848374 0.538091
vt 0.960294 0.514035
vt 0.858287 0.536643
vt 0.945944 0.528607
vt 0.943666 0.529782
vt 0.855778 0.528487
vt 0.856576 0.524059
vt 0.854622 0.529167
vt 0.947424 0.529294
vt 0.952844 0.535853
vt 0.895937 0.637049
vt 0.849728 0.637998
vt 0.873501 0.638070
vt 0.850251 0.602270
vt 0.874186 0.602269
vt 0.834067 0.638637
vt 0.834454 0.602269
vt 0.818170 0.638664
vt 0.818648 0.602269
vt 0.803055 0.637850
vt 0.804718 0.602270
vt 0.940275 0.638626
vt 0.923032 0.637764
vt 0.938295 0.602270
vt 0.921404 0.602269
vt 0.911312 0.636456
vt 0.911166 0.602268
vt 0.896465 0.602269
vt 0.893538 0.588637
vt 0.874354 0.589818
vt 0.909667 0.589949
vt 0.851780 0.590529
vt 0.835385 0.591863
vt 0.819602 0.591677
vt 0.805120 0.591181
vt 0.938825 0.591181
vt 0.921228 0.590867
vt 0.892527 0.581092
vt 0.873924 0.580908
vt 0.903994 0.581687
vt 0.852752 0.582509
vt 0.836343 0.585342
vt 0.819479 0.583877
vt 0.824426 0.585908
vt 0.938352 0.584714
vt 0.917534 0.583921
vt 0.805516 0.584798
vt 0.851377 0.513176
vt 0.960369 0.509306
vt 0.956184 0.508768
vt 0.951950 0.508651
vt 0.956672 0.499843
vt 0.952702 0.499628
vt 0.960340 0.500444
vt 0.949436 0.507830
vt 0.948713 0.509969
vt 0.840717 0.513596
vt 0.841114 0.510108
vt 0.845862 0.513706
vt 0.845691 0.509485
vt 0.850639 0.509655
vt 0.853131 0.511226
vt 0.852556 0.507943
vt 0.837533 0.512554
vt 0.837745 0.509291
vt 0.963467 0.509190
vt 0.963682 0.512487
vt 0.943114 0.506664
vt 0.946277 0.509854
vt 0.858953 0.506558
vt 0.859147 0.493841
vt 0.863460 0.506051
vt 0.863570 0.493475
vt 0.858692 0.510729
vt 0.856439 0.509947
vt 0.856671 0.506581
vt 0.856778 0.493419
vt 0.863505 0.510552
vt 0.868757 0.510681
vt 0.871266 0.509548
vt 0.871617 0.493054
vt 0.868800 0.493662
vt 0.871073 0.505940
vt 0.868394 0.506206
vt 0.931789 0.509452
vt 0.931984 0.505807
vt 0.934863 0.506184
vt 0.938611 0.506138
vt 0.946042 0.506455
vt 0.945970 0.493185
vt 0.942757 0.495597
vt 0.938699 0.495143
vt 0.935045 0.495466
vt 0.932266 0.492816
vt 0.918333 0.532261
vt 0.912073 0.520853
vt 0.915000 0.530248
vt 0.912680 0.530680
vt 0.905560 0.531712
vt 0.905420 0.521833
vt 0.908922 0.531087
vt 0.908840 0.521325
vt 0.901680 0.532445
vt 0.897577 0.541671
vt 0.901507 0.542116
vt 0.886293 0.531162
vt 0.884799 0.537052
vt 0.916407 0.531305
vt 0.888731 0.538985
vt 0.893335 0.539460
vt 0.887385 0.531861
vt 0.915041 0.532011
vt 0.913941 0.534336
vt 0.897323 0.533186
vt 0.904639 0.539215
vt 0.915041 0.532011
vt 0.887385 0.531861
vt 0.890119 0.532138
vt 0.888227 0.530126
vt 0.893753 0.532505
vt 0.908621 0.535607
vt 0.907179 0.548145
vt 0.907715 0.540728
vt 0.960881 0.494528
vt 0.956999 0.493685
vt 0.849999 0.494167
vt 0.849512 0.483736
vt 0.852451 0.493492
vt 0.851978 0.483449
vt 0.850178 0.480869
vt 0.848272 0.481424
vt 0.844893 0.493746
vt 0.847428 0.483610
vt 0.841516 0.484282
vt 0.844547 0.483610
vt 0.840564 0.494762
vt 0.840172 0.484833
vt 0.840909 0.482055
vt 0.844494 0.480352
vt 0.844494 0.480352
vt 0.837687 0.481191
vt 0.844752 0.478352
vt 0.844752 0.478352
vt 0.837296 0.494751
vt 0.836894 0.484306
vt 0.962278 0.480849
vt 0.961111 0.484321
vt 0.958314 0.477993
vt 0.957827 0.483455
vt 0.954842 0.483850
vt 0.954717 0.480523
vt 0.953153 0.493868
vt 0.950846 0.493258
vt 0.952481 0.483128
vt 0.963921 0.494529
vt 0.963796 0.483993
vt 0.950231 0.496947
vt 0.840714 0.498880
vt 0.845140 0.498313
vt 0.852359 0.497146
vt 0.850027 0.498050
vt 0.837462 0.498081
vt 0.963753 0.497891
vt 0.126498 0.638070
vt 0.150272 0.637998
vt 0.165932 0.638637
vt 0.181829 0.638664
vt 0.196944 0.637850
vt 0.059724 0.638626
vt 0.076967 0.637764
vt 0.088687 0.636456
vt 0.104063 0.637049
vt 0.115623 0.497701
vt 0.119794 0.497540
vt 0.119834 0.509698
vt 0.123714 0.509862
vt 0.123579 0.497555
vt 0.115357 0.509811
vt 0.113801 0.497394
vt 0.113477 0.510159
vt 0.126023 0.497223
vt 0.126656 0.509906
vt 0.080626 0.510914
vt 0.080635 0.499880
vt 0.083347 0.510067
vt 0.083020 0.497198
vt 0.077059 0.499778
vt 0.076882 0.510737
vt 0.073757 0.499922
vt 0.073703 0.510659
vt 0.071173 0.497025
vt 0.070891 0.509811
vt 0.057242 0.495597
vt 0.054030 0.493185
vt 0.136430 0.493475
vt 0.140853 0.493841
vt 0.136540 0.506051
vt 0.141046 0.506558
vt 0.143222 0.493419
vt 0.143328 0.506581
vt 0.131200 0.493662
vt 0.128383 0.493054
vt 0.131606 0.506206
vt 0.128927 0.505940
vt 0.053957 0.506455
vt 0.056885 0.506664
vt 0.061300 0.495143
vt 0.064954 0.495466
vt 0.061388 0.506138
vt 0.065136 0.506184
vt 0.068015 0.505807
vt 0.067734 0.492816
vt 0.103534 0.602269
vt 0.125814 0.602269
vt 0.149748 0.602270
vt 0.165545 0.602269
vt 0.181352 0.602269
vt 0.195281 0.602270
vt 0.078595 0.602269
vt 0.061704 0.602270
vt 0.088833 0.602268
vt 0.106461 0.588637
vt 0.125646 0.589818
vt 0.090333 0.589949
vt 0.148219 0.590529
vt 0.164615 0.591863
vt 0.194879 0.591181
vt 0.180398 0.591677
vt 0.061174 0.591181
vt 0.078771 0.590867
vt 0.108741 0.572625
vt 0.127338 0.572137
vt 0.107472 0.581092
vt 0.126075 0.580908
vt 0.098735 0.562284
vt 0.105759 0.561368
vt 0.097620 0.574237
vt 0.096005 0.581687
vt 0.147248 0.582509
vt 0.163657 0.585342
vt 0.145456 0.573693
vt 0.130503 0.559308
vt 0.147898 0.561155
vt 0.111661 0.559632
vt 0.150622 0.544736
vt 0.155678 0.546282
vt 0.141998 0.545600
vt 0.126519 0.544724
vt 0.111298 0.546824
vt 0.103112 0.549326
vt 0.097520 0.549703
vt 0.175573 0.585908
vt 0.180521 0.583877
vt 0.088811 0.576215
vt 0.076473 0.576126
vt 0.093270 0.560342
vt 0.080301 0.557392
vt 0.082465 0.583921
vt 0.061647 0.584714
vt 0.194483 0.584798
vt 0.901943 0.496167
vt 0.901941 0.505483
vt 0.897610 0.497006
vt 0.896589 0.494620
vt 0.898136 0.493775
vt 0.897897 0.505447
vt 0.890726 0.504714
vt 0.889018 0.504230
vt 0.890366 0.496456
vt 0.888912 0.495710
vt 0.891489 0.494316
vt 0.889651 0.493475
vt 0.913963 0.504099
vt 0.911699 0.505176
vt 0.914070 0.495508
vt 0.911738 0.495238
vt 0.911526 0.493251
vt 0.908677 0.491210
vt 0.909062 0.495403
vt 0.906399 0.495625
vt 0.905875 0.493554
vt 0.908755 0.505468
vt 0.905710 0.505691
vt 0.893916 0.491442
vt 0.894178 0.493785
vt 0.894411 0.504768
vt 0.891651 0.496430
vt 0.894232 0.496513
vt 0.896557 0.496697
vt 0.814307 0.533949
vt 0.816778 0.531052
vt 0.816404 0.535359
vt 0.814496 0.529296
vt 0.981328 0.534689
vt 0.976725 0.533857
vt 0.980948 0.529867
vt 0.977138 0.528608
vt 0.980888 0.523132
vt 0.979213 0.522277
vt 0.817563 0.523964
vt 0.815420 0.522727
vt 0.819249 0.535242
vt 0.819456 0.531175
vt 0.823901 0.533617
vt 0.823520 0.529210
vt 0.820111 0.523099
vt 0.823349 0.523277
vt 0.829803 0.533738
vt 0.828399 0.528365
vt 0.824561 0.522258
vt 0.820424 0.521186
vt 0.979475 0.519627
vt 0.977563 0.521465
vt 0.973114 0.519640
vt 0.975063 0.520904
vt 0.979475 0.519627
vt 0.973408 0.527552
vt 0.970748 0.526927
vt 0.968528 0.525800
vt 0.967233 0.531212
vt 0.969358 0.532368
vt 0.972416 0.532831
vt 0.159951 0.565722
vt 0.153423 0.576122
vt 0.163642 0.580752
vt 0.158350 0.548241
vt 0.054195 0.576866
vt 0.058412 0.561938
vt 0.046603 0.583586
vt 0.046973 0.572844
vt 0.039106 0.579711
vt 0.053082 0.562243
vt 0.179913 0.579127
vt 0.174297 0.581203
vt 0.155107 0.493746
vt 0.152572 0.483610
vt 0.155452 0.483610
vt 0.148022 0.483449
vt 0.150487 0.483736
vt 0.147548 0.493492
vt 0.150000 0.494167
vt 0.149822 0.480869
vt 0.151728 0.481424
vt 0.158483 0.484282
vt 0.159435 0.494762
vt 0.159827 0.484833
vt 0.159090 0.482055
vt 0.155505 0.480352
vt 0.155505 0.480352
vt 0.155247 0.478352
vt 0.162312 0.481191
vt 0.163105 0.484306
vt 0.162704 0.494751
vt 0.037721 0.480849
vt 0.041685 0.477993
vt 0.038888 0.484321
vt 0.042172 0.483455
vt 0.045282 0.480523
vt 0.045157 0.483850
vt 0.046846 0.493868
vt 0.043000 0.493685
vt 0.039118 0.494528
vt 0.049153 0.493258
vt 0.047518 0.483128
vt 0.036203 0.483993
vt 0.036078 0.494529
vt 0.898137 0.521521
vt 0.894273 0.521320
vt 0.897781 0.518379
vt 0.901718 0.520773
vt 0.901852 0.508066
vt 0.897960 0.508572
vt 0.901542 0.518085
vt 0.894436 0.507617
vt 0.894416 0.517849
vt 0.890683 0.517663
vt 0.890902 0.507574
vt 0.890341 0.520742
vt 0.888401 0.519441
vt 0.888395 0.516927
vt 0.888905 0.506819
vt 0.914347 0.519440
vt 0.905326 0.518583
vt 0.908622 0.518242
vt 0.911874 0.518083
vt 0.914353 0.516900
vt 0.914077 0.506714
vt 0.911832 0.510148
vt 0.905394 0.510843
vt 0.908708 0.510607
vt 0.103442 0.496697
vt 0.103410 0.494620
vt 0.105768 0.496513
vt 0.102390 0.497006
vt 0.101864 0.493775
vt 0.098056 0.496167
vt 0.102102 0.505447
vt 0.098058 0.505483
vt 0.109274 0.504714
vt 0.109634 0.496456
vt 0.110981 0.504230
vt 0.111088 0.495710
vt 0.108511 0.494316
vt 0.110349 0.493475
vt 0.088261 0.495238
vt 0.088300 0.505176
vt 0.085929 0.495508
vt 0.086036 0.504099
vt 0.088473 0.493251
vt 0.090937 0.495403
vt 0.091322 0.491210
vt 0.094124 0.493554
vt 0.093600 0.495625
vt 0.094289 0.505691
vt 0.091244 0.505468
vt 0.105822 0.493785
vt 0.106084 0.491442
vt 0.106084 0.491442
vt 0.105589 0.504768
vt 0.108348 0.496430
vt 0.147444 0.507943
vt 0.149973 0.498050
vt 0.149360 0.509655
vt 0.043327 0.499843
vt 0.039659 0.500444
vt 0.047297 0.499628
vt 0.048049 0.508651
vt 0.043815 0.508768
vt 0.039630 0.509306
vt 0.049768 0.496947
vt 0.050563 0.507830
vt 0.154860 0.498313
vt 0.159285 0.498880
vt 0.154309 0.509485
vt 0.158886 0.510108
vt 0.147640 0.497146
vt 0.162538 0.498081
vt 0.162255 0.509291
vt 0.036246 0.497891
vt 0.036532 0.509190
vt 0.175439 0.522258
vt 0.176650 0.523277
vt 0.171600 0.528365
vt 0.183595 0.535359
vt 0.183221 0.531052
vt 0.185692 0.533949
vt 0.185504 0.529296
vt 0.018671 0.534689
vt 0.019051 0.529867
vt 0.023274 0.533857
vt 0.022861 0.528608
vt 0.019111 0.523132
vt 0.020786 0.522277
vt 0.182437 0.523964
vt 0.184580 0.522727
vt 0.180751 0.535242
vt 0.176099 0.533617
vt 0.180544 0.531175
vt 0.176480 0.529210
vt 0.179889 0.523099
vt 0.170197 0.533738
vt 0.179576 0.521186
vt 0.024936 0.520904
vt 0.022436 0.521465
vt 0.026885 0.519640
vt 0.020524 0.519627
vt 0.029251 0.526927
vt 0.026591 0.527552
vt 0.031471 0.525800
vt 0.032766 0.531212
vt 0.030641 0.532368
vt 0.027583 0.532831
vt 0.960893 0.579711
vt 0.945804 0.576866
vt 0.953026 0.572844
vt 0.963501 0.546224
vt 0.958944 0.545443
vt 0.846577 0.576122
vt 0.836358 0.580752
vt 0.837646 0.552739
vt 0.835157 0.546881
vt 0.840049 0.565722
vt 0.941587 0.561938
vt 0.953396 0.583586
vt 0.946917 0.562243
vt 0.825703 0.581203
vt 0.820086 0.579127
vt 0.175780 0.537649
vt 0.167239 0.570739
vt 0.172418 0.558209
vt 0.174915 0.560849
vt 0.177681 0.554295
vt 0.173733 0.551477
vt 0.180550 0.538735
vt 0.174560 0.573725
vt 0.179283 0.562745
vt 0.180858 0.555571
vt 0.183527 0.539056
vt 0.184006 0.562855
vt 0.180444 0.573005
vt 0.184752 0.554539
vt 0.185764 0.537738
vt 0.028372 0.563283
vt 0.032605 0.560940
vt 0.032154 0.571109
vt 0.040913 0.567872
vt 0.046911 0.559480
vt 0.036235 0.557043
vt 0.038714 0.553060
vt 0.023777 0.541764
vt 0.027474 0.540684
vt 0.026797 0.554043
vt 0.030911 0.551703
vt 0.018658 0.538688
vt 0.022550 0.555519
vt 0.033593 0.548871
vt 0.030386 0.539483
vt 0.036885 0.549991
vt 0.044696 0.551203
vt 0.035784 0.547317
vt 0.035784 0.547317
vt 0.036885 0.549991
vt 0.036551 0.546283
vt 0.036551 0.546283
vt 0.032862 0.534788
vt 0.169958 0.548343
vt 0.170046 0.537280
vt 0.169461 0.554274
vt 0.168437 0.549023
vt 0.124359 0.513501
vt 0.081050 0.525718
vt 0.076975 0.530272
vt 0.077146 0.524589
vt 0.120114 0.528497
vt 0.124177 0.528819
vt 0.120583 0.536230
vt 0.115932 0.529027
vt 0.081032 0.544987
vt 0.114846 0.513753
vt 0.119713 0.513863
vt 0.113060 0.513434
vt 0.113843 0.526431
vt 0.127057 0.512730
vt 0.083769 0.513376
vt 0.083455 0.526514
vt 0.080969 0.514965
vt 0.073243 0.514505
vt 0.077027 0.514665
vt 0.073063 0.524396
vt 0.070725 0.512664
vt 0.070723 0.525167
vt 0.126765 0.525092
vt 0.087927 0.520853
vt 0.091159 0.521325
vt 0.087319 0.530680
vt 0.084999 0.530248
vt 0.094579 0.521833
vt 0.091078 0.531087
vt 0.094439 0.531712
vt 0.098319 0.532445
vt 0.098492 0.542116
vt 0.102422 0.541671
vt 0.081666 0.532261
vt 0.113707 0.531162
vt 0.115201 0.537052
vt 0.083592 0.531305
vt 0.111269 0.538985
vt 0.106664 0.539460
vt 0.112615 0.531861
vt 0.084958 0.532011
vt 0.086058 0.534336
vt 0.102677 0.533186
vt 0.095360 0.539215
vt 0.084958 0.532011
vt 0.111773 0.530126
vt 0.112615 0.531861
vt 0.109881 0.532138
vt 0.106247 0.532505
vt 0.091379 0.535607
vt 0.075950 0.535864
vt 0.092284 0.540728
vt 0.092820 0.548145
vt 0.102040 0.508572
vt 0.098457 0.518085
vt 0.098147 0.508066
vt 0.101862 0.521521
vt 0.105726 0.521320
vt 0.098281 0.520773
vt 0.102219 0.518379
vt 0.105564 0.507617
vt 0.105584 0.517849
vt 0.109097 0.507574
vt 0.109317 0.517663
vt 0.109659 0.520742
vt 0.111599 0.519441
vt 0.111604 0.516927
vt 0.111095 0.506819
vt 0.085652 0.519440
vt 0.091377 0.518242
vt 0.094673 0.518583
vt 0.088125 0.518083
vt 0.085646 0.516900
vt 0.085922 0.506714
vt 0.088167 0.510148
vt 0.091291 0.510607
vt 0.094605 0.510843
vt 0.039905 0.526180
vt 0.040328 0.535324
vt 0.036241 0.527178
vt 0.156850 0.541093
vt 0.036498 0.546224
vt 0.035317 0.538099
vt 0.041055 0.545443
vt 0.049316 0.524425
vt 0.044623 0.524596
vt 0.048864 0.513214
vt 0.044231 0.513524
vt 0.164843 0.546881
vt 0.162354 0.552739
vt 0.162091 0.537905
vt 0.161588 0.527088
vt 0.157590 0.529025
vt 0.153151 0.527786
vt 0.151626 0.538091
vt 0.148375 0.528204
vt 0.045510 0.531654
vt 0.039705 0.514035
vt 0.047155 0.535853
vt 0.050007 0.546769
vt 0.051287 0.509969
vt 0.052056 0.524632
vt 0.159283 0.513596
vt 0.154137 0.513706
vt 0.148622 0.513176
vt 0.146658 0.524566
vt 0.146868 0.511226
vt 0.162467 0.512554
vt 0.036317 0.512487
vt 0.964215 0.547317
vt 0.963114 0.549991
vt 0.955303 0.551203
vt 0.832761 0.570739
vt 0.825085 0.560849
vt 0.827581 0.558209
vt 0.822318 0.554295
vt 0.826267 0.551477
vt 0.824220 0.537649
vt 0.819449 0.538735
vt 0.825440 0.573725
vt 0.820717 0.562745
vt 0.819141 0.555571
vt 0.816473 0.539056
vt 0.815993 0.562855
vt 0.819556 0.573005
vt 0.815248 0.554539
vt 0.814235 0.537738
vt 0.959087 0.567872
vt 0.967394 0.560940
vt 0.967845 0.571109
vt 0.971628 0.563283
vt 0.953088 0.559480
vt 0.961285 0.553060
vt 0.963764 0.557043
vt 0.969088 0.551703
vt 0.972525 0.540684
vt 0.973202 0.554043
vt 0.976222 0.541764
vt 0.977450 0.555519
vt 0.981341 0.538688
vt 0.966406 0.548871
vt 0.969613 0.539483
vt 0.963448 0.546283
vt 0.963448 0.546283
vt 0.963114 0.549991
vt 0.964215 0.547317
vt 0.967137 0.534788
vt 0.830042 0.548343
vt 0.829954 0.537280
vt 0.831563 0.549023
vt 0.830538 0.554274
vt 0.146300 0.538069
vt 0.051499 0.530407
vt 0.145378 0.529167
vt 0.052575 0.529294
vt 0.125510 0.536076
vt 0.130065 0.535516
vt 0.141712 0.536643
vt 0.135596 0.535487
vt 0.066790 0.529525
vt 0.061828 0.529239
vt 0.065293 0.522821
vt 0.061292 0.522497
vt 0.129536 0.523592
vt 0.132187 0.525651
vt 0.128344 0.528721
vt 0.068529 0.528842
vt 0.067754 0.523647
vt 0.053861 0.524119
vt 0.056833 0.523329
vt 0.054055 0.528607
vt 0.056333 0.529782
vt 0.143424 0.524059
vt 0.144221 0.528487
vt 0.141377 0.525757
vt 0.136822 0.525350
vt 0.145378 0.529167
vt 0.052575 0.529294
vt 0.070731 0.528671
vt 0.072181 0.530141
vt 0.127441 0.528551
vt 0.128344 0.528721
vt 0.068529 0.528842
vt 0.063358 0.533912
vt 0.141308 0.510729
vt 0.143561 0.509947
vt 0.136494 0.510552
vt 0.131242 0.510681
vt 0.128733 0.509548
vt 0.061347 0.511032
vt 0.056823 0.511331
vt 0.065439 0.511170
vt 0.053722 0.509854
vt 0.068210 0.509452
vt 0.708271 0.597593
vt 0.677523 0.593146
vt 0.706600 0.578473
vt 0.677906 0.575339
vt 0.753163 0.609518
vt 0.729368 0.602901
vt 0.753159 0.592744
vt 0.249178 0.593379
vt 0.233210 0.609518
vt 0.233206 0.592744
vt 0.729050 0.586218
vt 0.712917 0.580652
vt 0.728440 0.573165
vt 0.838514 0.319028
vt 0.838514 0.349182
vt 0.823062 0.319028
vt 0.823062 0.349182
vt 0.823062 0.276788
vt 0.838514 0.276788
vt 0.823062 0.234885
vt 0.838514 0.234885
vt 0.823062 0.205700
vt 0.838514 0.205700
vt 0.823062 0.086908
vt 0.838514 0.086908
vt 0.823062 0.109919
vt 0.838514 0.109919
vt 0.823062 0.170829
vt 0.838514 0.170829
vt 0.838514 0.144080
vt 0.823062 0.144080
vt 0.816093 0.349182
vt 0.801690 0.319028
vt 0.816093 0.319028
vt 0.801690 0.276788
vt 0.816093 0.276788
vt 0.801690 0.234885
vt 0.816093 0.234885
vt 0.801690 0.205700
vt 0.816093 0.205700
vt 0.816093 0.109919
vt 0.801690 0.109919
vt 0.816093 0.086908
vt 0.801690 0.170829
vt 0.816093 0.170829
vt 0.801690 0.144080
vt 0.816093 0.144080
vt 0.233202 0.555838
vt 0.249175 0.556226
vt 0.233202 0.579239
vt 0.249175 0.580144
vt 0.270242 0.579763
vt 0.270242 0.556260
vt 0.276372 0.581281
vt 0.280018 0.555248
vt 0.677695 0.553454
vt 0.677711 0.565622
vt 0.651766 0.549801
vt 0.753155 0.579239
vt 0.753155 0.555838
vt 0.727888 0.554309
vt 0.705056 0.565399
vt 0.716449 0.569710
vt 0.270245 0.592536
vt 0.707508 0.553183
vt 0.311897 0.574731
vt 0.310258 0.593917
vt 0.289025 0.579049
vt 0.287060 0.591819
vt 0.311803 0.552107
vt 0.289045 0.554351
vt 0.676761 0.531094
vt 0.676409 0.507317
vt 0.706341 0.531103
vt 0.705672 0.507255
vt 0.716508 0.530679
vt 0.727888 0.512444
vt 0.727888 0.506812
vt 0.653811 0.531232
vt 0.655554 0.507157
vt 0.753155 0.503065
vt 0.233202 0.529610
vt 0.249175 0.530008
vt 0.249175 0.510734
vt 0.233202 0.504455
vt 0.249175 0.504823
vt 0.270242 0.503934
vt 0.270242 0.529813
vt 0.289294 0.503386
vt 0.289294 0.529419
vt 0.634412 0.530321
vt 0.634364 0.505762
vt 0.634379 0.549001
vt 0.727888 0.530205
vt 0.753155 0.529610
vt 0.312195 0.529608
vt 0.342299 0.550367
vt 0.339884 0.530054
vt 0.361568 0.549001
vt 0.361568 0.530057
vt 0.281638 0.555103
vt 0.312345 0.503912
vt 0.339633 0.504438
vt 0.361568 0.505316
vt 0.269037 0.531654
vt 0.249175 0.512578
vt 0.233202 0.506118
vt 0.727888 0.515236
vt 0.753155 0.505590
vt 0.718914 0.530579
vt 0.710320 0.553338
vt 0.608406 0.578327
vt 0.615998 0.593550
vt 0.608368 0.593512
vt 0.617430 0.566223
vt 0.616335 0.574130
vt 0.610311 0.565041
vt 0.608262 0.573944
vt 0.586307 0.575339
vt 0.585021 0.593146
vt 0.555306 0.578473
vt 0.554642 0.597593
vt 0.615998 0.579194
vt 0.510727 0.592744
vt 0.534180 0.602901
vt 0.510727 0.609518
vt 0.499000 0.609518
vt 0.482804 0.593379
vt 0.499000 0.592744
vt 0.655139 0.578327
vt 0.655180 0.593512
vt 0.647550 0.593550
vt 0.647546 0.579194
vt 0.646110 0.566223
vt 0.634379 0.561863
vt 0.653229 0.565041
vt 0.655278 0.573944
vt 0.647205 0.574130
vt 0.335459 0.574634
vt 0.333836 0.589977
vt 0.361963 0.560856
vt 0.351828 0.564650
vt 0.335832 0.570057
vt 0.345427 0.589711
vt 0.347952 0.574556
vt 0.348940 0.569892
vt 0.350001 0.567216
vt 0.634364 0.411643
vt 0.655559 0.411259
vt 0.655558 0.424412
vt 0.289294 0.419827
vt 0.312346 0.419455
vt 0.259708 0.424577
vt 0.233202 0.433838
vt 0.727888 0.443557
vt 0.753155 0.433838
vt 0.705229 0.447070
vt 0.676408 0.446248
vt 0.655558 0.442733
vt 0.634364 0.433860
vt 0.361568 0.429571
vt 0.339632 0.422419
vt 0.727888 0.411469
vt 0.753155 0.411348
vt 0.727888 0.426366
vt 0.705229 0.413848
vt 0.705229 0.429960
vt 0.676408 0.429305
vt 0.676408 0.413373
vt 0.259708 0.408576
vt 0.289294 0.405555
vt 0.339632 0.406895
vt 0.312346 0.405395
vt 0.233202 0.411348
vt 0.361568 0.406616
vt 0.380151 0.564650
vt 0.389680 0.550367
vt 0.381978 0.567216
vt 0.850996 0.319028
vt 0.866901 0.319028
vt 0.850996 0.349182
vt 0.866901 0.349182
vt 0.850996 0.276788
vt 0.866901 0.276788
vt 0.850996 0.234885
vt 0.866901 0.234885
vt 0.850996 0.205700
vt 0.866901 0.205700
vt 0.866901 0.086908
vt 0.866901 0.109919
vt 0.850996 0.086908
vt 0.850996 0.109919
vt 0.850996 0.170829
vt 0.866901 0.170829
vt 0.850996 0.144080
vt 0.866901 0.144080
vt 0.482804 0.580144
vt 0.482804 0.556226
vt 0.499000 0.579239
vt 0.499000 0.555838
vt 0.461737 0.579763
vt 0.461737 0.556260
vt 0.452103 0.554858
vt 0.454116 0.580443
vt 0.629162 0.549001
vt 0.629162 0.561863
vt 0.611774 0.549800
vt 0.585845 0.553454
vt 0.585830 0.565622
vt 0.510727 0.579239
vt 0.510727 0.555838
vt 0.535101 0.573165
vt 0.535652 0.554309
vt 0.557953 0.565702
vt 0.550398 0.580860
vt 0.534180 0.585750
vt 0.545782 0.568996
vt 0.461021 0.593197
vt 0.444202 0.591819
vt 0.441489 0.578867
vt 0.396520 0.574634
vt 0.420082 0.574731
vt 0.398147 0.589977
vt 0.422234 0.593917
vt 0.370147 0.560856
vt 0.370542 0.549001
vt 0.396147 0.570057
vt 0.384028 0.574556
vt 0.386556 0.589711
vt 0.554329 0.553277
vt 0.556456 0.553159
vt 0.442934 0.554351
vt 0.420176 0.552107
vt 0.383040 0.569892
vt 0.586780 0.531094
vt 0.557199 0.531103
vt 0.587131 0.507317
vt 0.557869 0.507255
vt 0.545495 0.530615
vt 0.535652 0.530205
vt 0.535652 0.514694
vt 0.609729 0.531232
vt 0.607986 0.507157
vt 0.510727 0.529610
vt 0.510727 0.506077
vt 0.482804 0.530008
vt 0.499000 0.529610
vt 0.442685 0.529419
vt 0.442685 0.503386
vt 0.461737 0.529813
vt 0.461737 0.503934
vt 0.629128 0.530321
vt 0.629176 0.505762
vt 0.392096 0.530054
vt 0.419784 0.529608
vt 0.370542 0.530057
vt 0.419634 0.503912
vt 0.392346 0.504438
vt 0.370542 0.505316
vt 0.886736 0.319028
vt 0.872333 0.349182
vt 0.872333 0.319028
vt 0.872333 0.276788
vt 0.886736 0.276788
vt 0.872333 0.234885
vt 0.886736 0.234885
vt 0.872333 0.205700
vt 0.886736 0.205700
vt 0.872333 0.086908
vt 0.886736 0.109919
vt 0.872333 0.109919
vt 0.872333 0.170829
vt 0.886736 0.170829
vt 0.886736 0.144080
vt 0.872333 0.144080
vt 0.450012 0.555070
vt 0.482804 0.510771
vt 0.482804 0.504823
vt 0.499000 0.504071
vt 0.535652 0.511710
vt 0.510727 0.503353
vt 0.535652 0.505518
vt 0.547381 0.530694
vt 0.482804 0.512937
vt 0.499000 0.506796
vt 0.462873 0.531579
vt 0.655065 0.614755
vt 0.655003 0.631602
vt 0.647550 0.614815
vt 0.585572 0.615942
vt 0.608483 0.614755
vt 0.615998 0.614815
vt 0.557084 0.619132
vt 0.608545 0.631602
vt 0.584711 0.631602
vt 0.615998 0.631602
vt 0.532463 0.631602
vt 0.533558 0.621246
vt 0.555601 0.631602
vt 0.510727 0.631602
vt 0.510727 0.619016
vt 0.482804 0.615843
vt 0.499000 0.631602
vt 0.482776 0.631602
vt 0.499000 0.619016
vt 0.461737 0.614176
vt 0.461737 0.631602
vt 0.443049 0.613509
vt 0.441099 0.631602
vt 0.386556 0.631602
vt 0.400804 0.631602
vt 0.386556 0.650041
vt 0.401456 0.650041
vt 0.482164 0.650041
vt 0.499000 0.650041
vt 0.461737 0.650041
vt 0.440581 0.650041
vt 0.555375 0.650041
vt 0.532266 0.650041
vt 0.510727 0.650041
vt 0.584112 0.650041
vt 0.608690 0.650041
vt 0.615998 0.650041
vt 0.423262 0.631602
vt 0.424064 0.613036
vt 0.424270 0.650041
vt 0.399669 0.612852
vt 0.386556 0.612494
vt 0.677976 0.615942
vt 0.706465 0.619132
vt 0.678837 0.631602
vt 0.647550 0.631602
vt 0.731085 0.631602
vt 0.707947 0.631602
vt 0.729990 0.621246
vt 0.753163 0.619016
vt 0.753163 0.631602
vt 0.249182 0.615843
vt 0.233210 0.631602
vt 0.233210 0.619016
vt 0.249210 0.631602
vt 0.270542 0.613443
vt 0.270249 0.631602
vt 0.289563 0.631602
vt 0.288596 0.613655
vt 0.332317 0.612852
vt 0.307899 0.613036
vt 0.345430 0.612494
vt 0.345430 0.631602
vt 0.345430 0.650041
vt 0.330325 0.631602
vt 0.328602 0.650041
vt 0.249822 0.650041
vt 0.233210 0.650041
vt 0.270249 0.650041
vt 0.290081 0.650041
vt 0.708173 0.650041
vt 0.731282 0.650041
vt 0.753163 0.650041
vt 0.679436 0.650041
vt 0.654858 0.650041
vt 0.647550 0.650041
vt 0.308345 0.631602
vt 0.306984 0.650041
vt 0.499000 0.433838
vt 0.442685 0.419827
vt 0.419634 0.419455
vt 0.472271 0.424577
vt 0.535652 0.443557
vt 0.510727 0.433838
vt 0.558311 0.447070
vt 0.587132 0.446248
vt 0.607983 0.442733
vt 0.629176 0.433860
vt 0.370542 0.429571
vt 0.392347 0.422419
vt 0.535652 0.411469
vt 0.535652 0.426366
vt 0.510727 0.411348
vt 0.629176 0.411643
vt 0.607982 0.424412
vt 0.607981 0.411259
vt 0.558311 0.413848
vt 0.558311 0.429960
vt 0.587132 0.413373
vt 0.587132 0.429305
vt 0.472271 0.408576
vt 0.442685 0.405555
vt 0.419634 0.405395
vt 0.392347 0.406895
vt 0.499000 0.411348
vt 0.370542 0.406616
vt 0.753155 0.379691
vt 0.727888 0.378100
vt 0.727888 0.398316
vt 0.655561 0.376652
vt 0.634364 0.376231
vt 0.655560 0.396574
vt 0.655563 0.338029
vt 0.676407 0.377627
vt 0.676407 0.338104
vt 0.705010 0.338075
vt 0.705010 0.377590
vt 0.727888 0.337869
vt 0.753155 0.337197
vt 0.233202 0.337197
vt 0.259708 0.336739
vt 0.233202 0.379691
vt 0.259708 0.378712
vt 0.289294 0.336278
vt 0.289294 0.377343
vt 0.312346 0.336523
vt 0.312346 0.376883
vt 0.339631 0.336767
vt 0.339632 0.376318
vt 0.361568 0.375964
vt 0.361568 0.337174
vt 0.634364 0.337382
vt 0.705229 0.398075
vt 0.676408 0.397780
vt 0.339632 0.397640
vt 0.312346 0.392563
vt 0.289294 0.393515
vt 0.259708 0.400386
vt 0.339631 0.312411
vt 0.361568 0.312761
vt 0.312346 0.312201
vt 0.289294 0.311992
vt 0.259708 0.312387
vt 0.233202 0.312780
vt 0.727888 0.313357
vt 0.753155 0.312780
vt 0.705010 0.313533
vt 0.676407 0.313558
vt 0.655564 0.313495
vt 0.634364 0.312939
vt 0.510727 0.379691
vt 0.535652 0.378100
vt 0.535652 0.398316
vt 0.607979 0.376652
vt 0.629176 0.376231
vt 0.607981 0.396574
vt 0.607977 0.338029
vt 0.587133 0.338104
vt 0.607976 0.313643
vt 0.587134 0.313707
vt 0.558531 0.338075
vt 0.558531 0.313682
vt 0.535652 0.337869
vt 0.535652 0.313505
vt 0.510727 0.337197
vt 0.510727 0.312928
vt 0.499000 0.337197
vt 0.472271 0.336739
vt 0.499000 0.312928
vt 0.472271 0.312534
vt 0.442685 0.336278
vt 0.442685 0.312138
vt 0.419633 0.336523
vt 0.419633 0.312348
vt 0.392348 0.312558
vt 0.392348 0.336767
vt 0.370542 0.337174
vt 0.370542 0.312908
vt 0.629176 0.337382
vt 0.629177 0.313086
vt 0.587133 0.377627
vt 0.558531 0.377590
vt 0.472271 0.378712
vt 0.499000 0.379691
vt 0.442685 0.377343
vt 0.419633 0.376883
vt 0.392347 0.376318
vt 0.370542 0.375964
vt 0.558311 0.398075
vt 0.587133 0.397780
vt 0.392347 0.397640
vt 0.419633 0.392563
vt 0.442685 0.393515
vt 0.472271 0.400386
vt 0.866474 0.415844
vt 0.854814 0.401184
vt 0.864421 0.401587
vt 0.510727 0.264240
vt 0.510727 0.235669
vt 0.535652 0.264591
vt 0.535652 0.235901
vt 0.558531 0.264699
vt 0.558531 0.235972
vt 0.587134 0.264714
vt 0.587134 0.235982
vt 0.607973 0.264675
vt 0.607972 0.235956
vt 0.629177 0.264336
vt 0.629177 0.235732
vt 0.392348 0.264014
vt 0.370542 0.264228
vt 0.392348 0.235520
vt 0.370542 0.235661
vt 0.419633 0.235436
vt 0.419633 0.263887
vt 0.442685 0.263759
vt 0.442685 0.235352
vt 0.472271 0.264000
vt 0.472271 0.235511
vt 0.499000 0.264240
vt 0.499000 0.235669
vt 0.535652 0.203660
vt 0.558531 0.203667
vt 0.587135 0.203668
vt 0.607969 0.203666
vt 0.629177 0.203643
vt 0.510727 0.203636
vt 0.876166 0.410056
vt 0.876166 0.410056
vt 0.864421 0.401587
vt 0.873972 0.401328
vt 0.877416 0.423237
vt 0.883287 0.415387
vt 0.883287 0.415387
vt 0.866474 0.415844
vt 0.885728 0.424162
vt 0.897177 0.420925
vt 0.893126 0.412480
vt 0.893126 0.412480
vt 0.885728 0.424162
vt 0.883287 0.415387
vt 0.907118 0.406432
vt 0.907118 0.406432
vt 0.897783 0.405200
vt 0.897783 0.405200
vt 0.902393 0.390853
vt 0.902393 0.390853
vt 0.895346 0.394916
vt 0.885866 0.390787
vt 0.889210 0.383818
vt 0.895346 0.394916
vt 0.889210 0.383818
vt 0.882922 0.384155
vt 0.885866 0.390787
vt 0.870053 0.389238
vt 0.877559 0.394007
vt 0.877559 0.394007
vt 0.882922 0.384155
vt 0.885866 0.390787
vt 0.873972 0.401328
vt 0.870053 0.389238
vt 0.916607 0.408458
vt 0.904076 0.430836
vt 0.887624 0.436355
vt 0.871262 0.433700
vt 0.856540 0.420394
vt 0.705010 0.235972
vt 0.727888 0.235901
vt 0.705010 0.264699
vt 0.753155 0.235669
vt 0.727888 0.264591
vt 0.753155 0.264240
vt 0.676406 0.264714
vt 0.676406 0.235982
vt 0.655567 0.264675
vt 0.655569 0.235956
vt 0.634364 0.264336
vt 0.634363 0.235732
vt 0.339631 0.264014
vt 0.339631 0.235520
vt 0.361568 0.264228
vt 0.361568 0.235661
vt 0.312346 0.235436
vt 0.312346 0.263887
vt 0.289294 0.235352
vt 0.289294 0.263759
vt 0.259708 0.235511
vt 0.259708 0.264000
vt 0.233202 0.235669
vt 0.233202 0.264240
vt 0.824219 0.436355
vt 0.822323 0.424162
vt 0.840671 0.430836
vt 0.833771 0.420925
vt 0.807857 0.433700
vt 0.814011 0.423237
vt 0.793135 0.420394
vt 0.803068 0.415844
vt 0.791409 0.401184
vt 0.801016 0.401587
vt 0.853202 0.408458
vt 0.843713 0.406432
vt 0.727888 0.203660
vt 0.753155 0.203637
vt 0.705010 0.203667
vt 0.676405 0.203668
vt 0.655571 0.203666
vt 0.634363 0.203643
vt 0.825805 0.383818
vt 0.822461 0.390787
vt 0.819517 0.384155
vt 0.806648 0.389238
vt 0.814154 0.394007
vt 0.814154 0.394007
vt 0.819517 0.384155
vt 0.822461 0.390787
vt 0.810567 0.401328
vt 0.810567 0.401328
vt 0.806648 0.389238
vt 0.812761 0.410056
vt 0.812761 0.410056
vt 0.801016 0.401587
vt 0.814011 0.423237
vt 0.819881 0.415387
vt 0.833771 0.420925
vt 0.819881 0.415387
vt 0.829721 0.412480
vt 0.829721 0.412480
vt 0.843713 0.406432
vt 0.834378 0.405200
vt 0.834378 0.405200
vt 0.838988 0.390853
vt 0.838988 0.390853
vt 0.831941 0.394916
vt 0.831941 0.394916
vt 0.825805 0.383818
vt 0.822461 0.390787
vt 0.442685 0.203636
vt 0.392349 0.203636
vt 0.370542 0.203636
vt 0.419632 0.203636
vt 0.472271 0.203636
vt 0.499000 0.203636
vt 0.862100 0.383811
vt 0.880332 0.376642
vt 0.892590 0.376644
vt 0.909806 0.386488
vt 0.816927 0.376642
vt 0.798695 0.383811
vt 0.829185 0.376644
vt 0.846401 0.386488
vt 0.339630 0.203636
vt 0.361568 0.203636
vt 0.312347 0.203636
vt 0.289294 0.203636
vt 0.259708 0.203636
vt 0.233202 0.203636
vt 0.016174 0.727273
vt 0.016303 0.622594
vt 0.062853 0.696873
vt 0.054769 0.559152
vt 0.108152 0.509436
vt 0.101092 0.387176
vt 0.192716 0.466060
vt 0.179914 0.349920
vt 0.267460 0.452025
vt 0.257227 0.349920
vt 0.253216 0.266175
vt 0.338213 0.266175
vt 0.345671 0.349920
vt 0.253912 0.173509
vt 0.335960 0.173509
vt 0.428741 0.266175
vt 0.500000 0.266175
vt 0.428741 0.349920
vt 0.500000 0.349920
vt 0.428741 0.173509
vt 0.429050 0.510376
vt 0.349972 0.510376
vt 0.428741 0.437809
vt 0.354348 0.441474
vt 0.500000 0.514533
vt 0.500000 0.589663
vt 0.423041 0.581770
vt 0.500000 0.173509
vt 0.428741 0.084450
vt 0.500000 0.084450
vt 0.338899 0.555054
vt 0.500000 0.435768
vt 0.268838 0.534895
vt 0.278698 0.607484
vt 0.312007 0.620210
vt 0.334856 0.084450
vt 0.199606 0.586923
vt 0.123192 0.647045
vt 0.241399 0.669416
vt 0.205393 0.715542
vt 0.352224 0.635531
vt 0.500000 0.670367
vt 0.433692 0.667639
vt 0.320029 0.724005
vt 0.380014 0.735760
vt 0.293087 0.800748
vt 0.358658 0.826485
vt 0.419699 0.838382
vt 0.422551 0.745983
vt 0.500000 0.844450
vt 0.500000 0.743972
vt 0.145013 0.781250
vt 0.244625 0.765788
vt 0.198750 0.852137
vt 0.340847 0.908430
vt 0.260664 0.886202
vt 0.413820 0.917942
vt 0.500000 0.921150
vt 0.281597 0.700936
vt 0.249552 0.084450
vt 0.393208 0.669178
vt 0.089651 0.821255
vt 0.136807 0.926614
vt 0.329260 0.973688
vt 0.225838 0.962627
vt 0.407141 0.973688
vt 0.500000 0.973690
vt 0.039209 0.452929
vt 0.983825 0.727273
vt 0.937147 0.696873
vt 0.983697 0.622594
vt 0.945231 0.559152
vt 0.820086 0.349920
vt 0.898908 0.387176
vt 0.807284 0.466060
vt 0.891848 0.509436
vt 0.750448 0.084450
vt 0.832358 0.187821
vt 0.746088 0.173509
vt 0.742773 0.349920
vt 0.746784 0.266175
vt 0.824981 0.298691
vt 0.732540 0.452025
vt 0.654329 0.349920
vt 0.661787 0.266175
vt 0.664040 0.173509
vt 0.571259 0.266175
vt 0.571259 0.349920
vt 0.571259 0.173509
vt 0.645652 0.441474
vt 0.650028 0.510376
vt 0.571259 0.437809
vt 0.570950 0.510376
vt 0.576959 0.581770
vt 0.571259 0.084450
vt 0.661101 0.555054
vt 0.731162 0.534895
vt 0.687993 0.620210
vt 0.721302 0.607484
vt 0.665144 0.084450
vt 0.876808 0.647045
vt 0.800394 0.586923
vt 0.794607 0.715542
vt 0.758601 0.669416
vt 0.647776 0.635531
vt 0.566308 0.667639
vt 0.679971 0.724005
vt 0.706913 0.800748
vt 0.619986 0.735760
vt 0.641342 0.826485
vt 0.577449 0.745983
vt 0.580301 0.838382
vt 0.854987 0.781250
vt 0.801250 0.852137
vt 0.755375 0.765788
vt 0.739336 0.886202
vt 0.659153 0.908430
vt 0.586180 0.917942
vt 0.718403 0.700936
vt 0.606792 0.669178
vt 0.863193 0.926614
vt 0.910349 0.821255
vt 0.774162 0.962627
vt 0.670740 0.973688
vt 0.592859 0.973688
vt 0.960791 0.452929
vt 0.168081 0.187700
vt 0.176158 0.299180
vt 0.335134 0.015803
vt 0.165546 0.075060
vt 0.240279 0.015803
vt 0.428913 0.015803
vt 0.500000 0.015803
vt 0.834454 0.075060
vt 0.759721 0.015803
vt 0.664866 0.015803
vt 0.571087 0.015803
vt 0.955206 0.323813
vt 0.888707 0.320001
vt 0.856731 0.305783
vt 0.882116 0.203038
vt 0.834617 0.188443
vt 0.826440 0.298167
vt 0.859171 0.302881
vt 0.888388 0.317754
vt 0.142810 0.305236
vt 0.176158 0.299180
vt 0.142810 0.305236
vt 0.173560 0.298167
vt 0.140829 0.302881
vt 0.108538 0.320260
vt 0.111613 0.317754
vt 0.168081 0.187700
vt 0.165383 0.188443
vt 0.117884 0.203038
vt 0.108538 0.320260
vt 0.044794 0.323813
vt 0.411490 0.901034
vt 0.501406 0.855397
vt 0.411490 0.855397
vt 0.411490 0.805196
vt 0.327695 0.855397
vt 0.327695 0.901034
vt 0.327695 0.805196
vt 0.229149 0.855397
vt 0.229149 0.901034
vt 0.229149 0.805196
vt 0.125375 0.855397
vt 0.009178 0.855397
vt 0.125375 0.901034
vt 0.009178 0.901034
vt 0.125375 0.805196
vt 0.009178 0.805196
vt 0.411490 0.901034
vt 0.411490 0.855397
vt 0.411490 0.805196
vt 0.327695 0.855397
vt 0.327695 0.901034
vt 0.327695 0.805196
vt 0.229149 0.855397
vt 0.229149 0.901034
vt 0.229149 0.805196
vt 0.125375 0.855397
vt 0.009178 0.855397
vt 0.125375 0.901034
vt 0.009178 0.901034
vt 0.125375 0.805196
vt 0.009178 0.805196
vt 0.603687 0.987625
vt 0.501406 0.901034
vt 0.603687 0.901034
vt 0.603687 0.805196
vt 0.729869 0.901034
vt 0.729869 0.987625
vt 0.729869 0.805196
vt 0.879306 0.901034
vt 0.879307 0.987625
vt 0.879306 0.805196
vt 0.997136 0.901034
vt 0.997136 0.987625
vt 0.997136 0.805196
vt 0.411490 0.987625
vt 0.501406 0.952440
vt 0.411490 0.952440
vt 0.411490 0.901034
vt 0.327695 0.952440
vt 0.327695 0.987625
vt 0.327695 0.901034
vt 0.125375 0.952440
vt 0.125375 0.987625
vt 0.229149 0.952440
vt 0.229149 0.987625
vt 0.125375 0.901034
vt 0.229149 0.901034
vt 0.009178 0.952440
vt 0.009178 0.987625
vt 0.009178 0.901034
vt 0.501406 0.901034
vt 0.553249 0.901034
vt 0.553249 0.805196
vt 0.606016 0.901034
vt 0.703864 0.901034
vt 0.606016 0.805196
vt 0.703864 0.805196
vt 0.800605 0.901034
vt 0.800605 0.805196
vt 0.898620 0.901034
vt 0.898620 0.805196
vt 0.997136 0.901034
vt 0.997136 0.805196
vt 0.501406 0.987625
vt 0.553249 0.987625
vt 0.606016 0.987625
vt 0.703864 0.987625
vt 0.800605 0.987625
vt 0.898620 0.987625
vt 0.997136 0.987625
vt 0.501406 0.805196
vt 0.501406 0.805196
vt 0.603687 0.805196
vt 0.501406 0.901034
vt 0.603687 0.901034
vt 0.603687 0.987625
vt 0.501406 0.987625
vt 0.719153 0.805196
vt 0.719152 0.901034
vt 0.719153 0.987625
vt 0.824686 0.805196
vt 0.824686 0.901034
vt 0.824686 0.987625
vt 0.922835 0.805196
vt 0.922835 0.901034
vt 0.922834 0.987625
vt 0.997136 0.805196
vt 0.997136 0.901034
vt 0.997136 0.987625
vt 0.997136 0.793569
vt 0.997136 0.704343
vt 0.903085 0.793569
vt 0.903085 0.704343
vt 0.778092 0.704343
vt 0.615929 0.704343
vt 0.778092 0.793569
vt 0.615930 0.793569
vt 0.464677 0.704343
vt 0.464677 0.793569
vt 0.301089 0.704343
vt 0.301089 0.793569
vt 0.171738 0.704343
vt 0.171738 0.793569
vt 0.009178 0.704343
vt 0.009178 0.793569
vt 0.997136 0.602943
vt 0.903086 0.602943
vt 0.778092 0.602943
vt 0.615930 0.602943
vt 0.464677 0.602943
vt 0.301089 0.602943
vt 0.171738 0.602943
vt 0.009178 0.602943
vt 0.903085 0.793569
vt 0.903085 0.700965
vt 0.997136 0.793569
vt 0.997136 0.700965
vt 0.777409 0.700965
vt 0.777409 0.793569
vt 0.650869 0.700965
vt 0.650869 0.793569
vt 0.541389 0.700965
vt 0.541389 0.793569
vt 0.434272 0.793569
vt 0.434273 0.700965
vt 0.300844 0.793569
vt 0.300844 0.700965
vt 0.172856 0.793569
vt 0.172856 0.700965
vt 0.903085 0.602943
vt 0.997136 0.602943
vt 0.777409 0.602943
vt 0.650869 0.602943
vt 0.541389 0.602943
vt 0.434272 0.602943
vt 0.300844 0.602943
vt 0.172856 0.602943
vt 0.009178 0.700965
vt 0.009178 0.602943
vt 0.009178 0.793569
vt 0.777409 0.700965
vt 0.777409 0.793569
vt 0.650869 0.700965
vt 0.650869 0.793569
vt 0.541389 0.793569
vt 0.541389 0.700965
vt 0.434272 0.793569
vt 0.434273 0.700965
vt 0.300844 0.700965
vt 0.300844 0.793569
vt 0.172856 0.793569
vt 0.172856 0.700965
vt 0.777409 0.602943
vt 0.650869 0.602943
vt 0.541389 0.602943
vt 0.434272 0.602943
vt 0.300844 0.602943
vt 0.172856 0.602943
vt 0.009178 0.700965
vt 0.009178 0.602943
vt 0.009178 0.793569
vt 0.482786 0.704343
vt 0.482786 0.793569
vt 0.615929 0.704343
vt 0.615930 0.793569
vt 0.342632 0.704343
vt 0.342632 0.793569
vt 0.200498 0.704343
vt 0.200498 0.793569
vt 0.009178 0.704343
vt 0.009178 0.793569
vt 0.615930 0.602943
vt 0.482786 0.602943
vt 0.342632 0.602943
vt 0.200498 0.602943
vt 0.009178 0.602943
vt 0.513715 0.401329
vt 0.513715 0.302644
vt 0.376537 0.401329
vt 0.376537 0.302644
vt 0.259433 0.401329
vt 0.259433 0.302644
vt 0.376537 0.200940
vt 0.259433 0.200940
vt 0.141086 0.401329
vt 0.141086 0.302644
vt 0.141087 0.200940
vt 0.903085 0.401329
vt 0.997136 0.401329
vt 0.903085 0.302644
vt 0.997136 0.302644
vt 0.802896 0.401329
vt 0.802896 0.302644
vt 0.653966 0.401329
vt 0.653966 0.302644
vt 0.903085 0.200940
vt 0.997136 0.200940
vt 0.802896 0.200940
vt 0.653966 0.200940
vt 0.513715 0.200940
vt 0.009178 0.302644
vt 0.009178 0.401329
vt 0.009178 0.200940
vt 0.431700 0.200940
vt 0.431700 0.101557
vt 0.259433 0.101557
vt 0.139781 0.200940
vt 0.139781 0.101557
vt 0.009178 0.101557
vt 0.009178 0.200940
vt 0.997136 0.101557
vt 0.903085 0.101557
vt 0.748863 0.200940
vt 0.748864 0.101557
vt 0.646527 0.200940
vt 0.646528 0.101557
vt 0.547997 0.200940
vt 0.547997 0.101557
vt 0.903085 0.003032
vt 0.997136 0.003032
vt 0.748864 0.003032
vt 0.646527 0.003032
vt 0.547997 0.003032
vt 0.431700 0.003032
vt 0.259433 0.003032
vt 0.139781 0.003032
vt 0.009178 0.003032
vt 0.139781 0.499501
vt 0.139781 0.401329
vt 0.009178 0.499501
vt 0.009178 0.401329
vt 0.997136 0.499501
vt 0.903085 0.499501
vt 0.903085 0.602943
vt 0.851833 0.499501
vt 0.851833 0.602943
vt 0.797380 0.499501
vt 0.797380 0.602943
vt 0.659891 0.499501
vt 0.659891 0.602943
vt 0.491142 0.499501
vt 0.491142 0.602943
vt 0.259433 0.499501
vt 0.259433 0.602943
vt 0.139781 0.602943
vt 0.009178 0.602943
vt 0.903085 0.401329
vt 0.851833 0.401329
vt 0.797380 0.401329
vt 0.659891 0.401329
vt 0.491142 0.401329
vt 0.259433 0.401329
vt 0.903085 0.499501
vt 0.903085 0.602943
vt 0.816701 0.499501
vt 0.816701 0.602943
vt 0.663327 0.499501
vt 0.663327 0.602943
vt 0.552819 0.499501
vt 0.552819 0.602943
vt 0.464611 0.499501
vt 0.464611 0.602943
vt 0.259433 0.499501
vt 0.259433 0.602943
vt 0.139781 0.602943
vt 0.139781 0.499501
vt 0.009178 0.602943
vt 0.009178 0.499501
vt 0.903085 0.401329
vt 0.816701 0.401329
vt 0.663327 0.401329
vt 0.552819 0.401329
vt 0.464611 0.401329
vt 0.259433 0.401329
vt 0.139781 0.401329
vt 0.009178 0.401329
vt 0.997136 0.499501
vt 0.903085 0.602943
vt 0.903085 0.499501
vt 0.809361 0.499501
vt 0.809361 0.602943
vt 0.678746 0.602943
vt 0.678746 0.499501
vt 0.561300 0.602943
vt 0.561300 0.499501
vt 0.903085 0.401329
vt 0.809361 0.401329
vt 0.678746 0.401329
vt 0.561300 0.401329
vt 0.442726 0.499501
vt 0.442726 0.401329
vt 0.442726 0.602943
vt 0.259433 0.499501
vt 0.259433 0.401329
vt 0.259433 0.602943
vt 0.139781 0.499501
vt 0.139781 0.401329
vt 0.139781 0.602943
vt 0.009178 0.499501
vt 0.009178 0.401329
vt 0.009178 0.602943
vt 0.903085 0.602943
vt 0.903085 0.499501
vt 0.747703 0.499501
vt 0.747703 0.602943
vt 0.638144 0.602943
vt 0.638144 0.499501
vt 0.543059 0.602943
vt 0.543059 0.499501
vt 0.903085 0.401329
vt 0.747703 0.401329
vt 0.638144 0.401329
vt 0.543059 0.401329
vt 0.442322 0.499501
vt 0.442322 0.401329
vt 0.442322 0.602943
vt 0.259433 0.499501
vt 0.259433 0.401329
vt 0.259433 0.602943
vt 0.139781 0.499501
vt 0.139781 0.401329
vt 0.139781 0.602943
vt 0.009178 0.499501
vt 0.009178 0.401329
vt 0.009178 0.602943
vt 0.903085 0.602943
vt 0.903085 0.499501
vt 0.997136 0.602943
vt 0.997136 0.499501
vt 0.903085 0.401329
vt 0.997136 0.401329
vt 0.801775 0.499501
vt 0.801775 0.602943
vt 0.801775 0.401329
vt 0.673612 0.499501
vt 0.673612 0.602943
vt 0.673612 0.401329
vt 0.530351 0.499501
vt 0.530351 0.602943
vt 0.530351 0.401329
vt 0.393043 0.499501
vt 0.393043 0.602943
vt 0.393043 0.401329
vt 0.259433 0.499501
vt 0.259433 0.401329
vt 0.259433 0.602943
vt 0.140028 0.602943
vt 0.140028 0.499501
vt 0.140028 0.401329
vt 0.009178 0.602943
vt 0.009178 0.499501
vt 0.009178 0.401329
vt 0.903085 0.499501
vt 0.903085 0.401329
vt 0.997136 0.499501
vt 0.997136 0.401329
vt 0.903085 0.602943
vt 0.997136 0.602943
vt 0.802360 0.499501
vt 0.802360 0.602943
vt 0.802360 0.401329
vt 0.653980 0.499501
vt 0.653980 0.602943
vt 0.653980 0.401329
vt 0.517498 0.499501
vt 0.517498 0.602943
vt 0.517498 0.401329
vt 0.379720 0.499501
vt 0.379720 0.602943
vt 0.379720 0.401329
vt 0.259433 0.602943
vt 0.259433 0.499501
vt 0.259433 0.401329
vt 0.139781 0.602943
vt 0.139781 0.499501
vt 0.139781 0.401329
vt 0.009178 0.602943
vt 0.009178 0.499501
vt 0.009178 0.401329
vt 0.541389 0.793569
vt 0.434272 0.793569
vt 0.541389 0.700965
vt 0.434273 0.700965
vt 0.300844 0.793569
vt 0.300844 0.700965
vt 0.172856 0.793569
vt 0.172856 0.700965
vt 0.541389 0.602943
vt 0.434272 0.602943
vt 0.300844 0.602943
vt 0.172856 0.602943
vt 0.009178 0.602943
vt 0.009178 0.700965
vt 0.009178 0.793569
vt 0.491142 0.602943
vt 0.491142 0.499501
vt 0.313332 0.602943
vt 0.313332 0.499501
vt 0.115232 0.602943
vt 0.115232 0.499501
vt 0.009178 0.499501
vt 0.009178 0.602943
vt 0.491142 0.401329
vt 0.313332 0.401329
vt 0.115232 0.401329
vt 0.009178 0.401329
vt 0.491142 0.602943
vt 0.491142 0.499501
vt 0.313332 0.602943
vt 0.313332 0.499501
vt 0.491142 0.401329
vt 0.313332 0.401329
vt 0.115232 0.602943
vt 0.115232 0.499501
vt 0.115232 0.401329
vt 0.009178 0.499501
vt 0.009178 0.602943
vt 0.009178 0.401329
vt 0.009178 0.499501
vt 0.115232 0.499501
vt 0.009178 0.401329
vt 0.115232 0.401329
vt 0.313332 0.499501
vt 0.313332 0.602943
vt 0.491142 0.499501
vt 0.491142 0.602943
vt 0.009178 0.602943
vt 0.115232 0.602943
vt 0.313332 0.401329
vt 0.491142 0.401329
vt 0.313332 0.499501
vt 0.313332 0.602943
vt 0.491142 0.499501
vt 0.491142 0.602943
vt 0.115232 0.602943
vt 0.115232 0.499501
vt 0.009178 0.602943
vt 0.009178 0.499501
vt 0.313332 0.401329
vt 0.491142 0.401329
vt 0.115232 0.401329
vt 0.009178 0.401329
vt 0.491142 0.499501
vt 0.313332 0.499501
vt 0.491142 0.401329
vt 0.313332 0.401329
vt 0.491142 0.602943
vt 0.313332 0.602943
vt 0.115232 0.499501
vt 0.115232 0.401329
vt 0.115232 0.602943
vt 0.009178 0.499501
vt 0.009178 0.401329
vt 0.009178 0.602943
vt 0.491142 0.499501
vt 0.313332 0.499501
vt 0.491142 0.401329
vt 0.313332 0.401329
vt 0.491142 0.602943
vt 0.313332 0.602943
vt 0.115232 0.499501
vt 0.115232 0.401329
vt 0.115232 0.602943
vt 0.009178 0.499501
vt 0.009178 0.401329
vt 0.009178 0.602943
vt 0.491142 0.499501
vt 0.313332 0.499501
vt 0.491142 0.401329
vt 0.313332 0.401329
vt 0.491142 0.602943
vt 0.313332 0.602943
vt 0.115232 0.602943
vt 0.115232 0.499501
vt 0.115232 0.401329
vt 0.009178 0.602943
vt 0.009178 0.499501
vt 0.009178 0.401329
vt 0.491142 0.602943
vt 0.313332 0.602943
vt 0.491142 0.499501
vt 0.313332 0.499501
vt 0.491142 0.401329
vt 0.313332 0.401329
vt 0.115232 0.602943
vt 0.115232 0.499501
vt 0.115232 0.401329
vt 0.009178 0.602943
vt 0.009178 0.499501
vt 0.009178 0.401329
vt 0.501406 0.901034
vt 0.501406 0.805196
vt 0.616994 0.901034
vt 0.616994 0.805196
vt 0.758790 0.805196
vt 0.758790 0.901034
vt 0.897311 0.805196
vt 0.897311 0.901034
vt 0.997136 0.805196
vt 0.997136 0.901034
vt 0.501406 0.987625
vt 0.616994 0.987625
vt 0.758790 0.987625
vt 0.897311 0.987625
vt 0.997136 0.987625
vt 0.501406 0.901034
vt 0.616994 0.901034
vt 0.501406 0.805196
vt 0.616994 0.805196
vt 0.758790 0.901034
vt 0.758790 0.805196
vt 0.897312 0.901034
vt 0.897311 0.805196
vt 0.997136 0.901034
vt 0.997136 0.805196
vt 0.501406 0.987625
vt 0.616994 0.987625
vt 0.758790 0.987625
vt 0.897311 0.987625
vt 0.997136 0.987625
vt 0.009178 0.101557
vt 0.009178 0.003032
vt 0.115491 0.101557
vt 0.115491 0.003032
vt 0.009178 0.200940
vt 0.115491 0.200940
vt 0.009178 0.101557
vt 0.009178 0.003032
vt 0.115491 0.101557
vt 0.115491 0.003032
vt 0.009178 0.200940
vt 0.115491 0.200940
vt 0.009178 0.101557
vt 0.009178 0.003032
vt 0.115491 0.101557
vt 0.115491 0.003032
vt 0.009178 0.200940
vt 0.115491 0.200940
vt 0.115491 0.101557
vt 0.115491 0.200940
vt 0.009178 0.101557
vt 0.009178 0.200940
vt 0.115491 0.003032
vt 0.009178 0.003032
vt 0.115491 0.200940
vt 0.009178 0.200940
vt 0.115491 0.101557
vt 0.009178 0.101557
vt 0.115491 0.003032
vt 0.009178 0.003032
vt 0.115491 0.200940
vt 0.009178 0.200940
vt 0.115491 0.101557
vt 0.009178 0.101557
vt 0.115491 0.003032
vt 0.009178 0.003032
vt 0.115491 0.200940
vt 0.009178 0.200940
vt 0.115491 0.101557
vt 0.009178 0.101557
vt 0.115491 0.003032
vt 0.009178 0.003032
vt 0.115491 0.200940
vt 0.009178 0.200940
vt 0.115491 0.101557
vt 0.009178 0.101557
vt 0.115491 0.003032
vt 0.009178 0.003032
vt 0.402532 0.200940
vt 0.201934 0.200940
vt 0.402532 0.101557
vt 0.201934 0.101557
vt 0.009178 0.101557
vt 0.009178 0.200940
vt 0.201934 0.003032
vt 0.402532 0.003032
vt 0.009178 0.003032
vt 0.402532 0.602943
vt 0.201934 0.602943
vt 0.402532 0.499501
vt 0.201934 0.499501
vt 0.009178 0.499501
vt 0.009178 0.602943
vt 0.402532 0.401329
vt 0.201934 0.401329
vt 0.009178 0.401329
vt 0.402532 0.302644
vt 0.201934 0.302644
vt 0.402532 0.200940
vt 0.201934 0.200940
vt 0.009178 0.302644
vt 0.009178 0.200940
vt 0.402532 0.401329
vt 0.201934 0.401329
vt 0.402532 0.302644
vt 0.201934 0.302644
vt 0.009178 0.302644
vt 0.009178 0.401329
vt 0.402532 0.302644
vt 0.402532 0.401329
vt 0.201934 0.302644
vt 0.201934 0.401329
vt 0.009178 0.401329
vt 0.009178 0.302644
vt 0.402532 0.200940
vt 0.201934 0.200940
vt 0.009178 0.200940
vt 0.201934 0.302644
vt 0.201934 0.200940
vt 0.402532 0.302644
vt 0.402532 0.200940
vt 0.201934 0.401329
vt 0.402532 0.401329
vt 0.009178 0.302644
vt 0.009178 0.200940
vt 0.009178 0.401329
vt 0.201934 0.101557
vt 0.201934 0.003032
vt 0.402532 0.101557
vt 0.402532 0.003032
vt 0.009178 0.101557
vt 0.009178 0.003032
vt 0.201934 0.499501
vt 0.201934 0.602943
vt 0.402532 0.499501
vt 0.402532 0.602943
vt 0.009178 0.499501
vt 0.009178 0.602943
vt 0.201934 0.401329
vt 0.402532 0.401329
vt 0.009178 0.401329
vt 0.402532 0.499501
vt 0.201934 0.499501
vt 0.402532 0.602943
vt 0.201934 0.602943
vt 0.009178 0.499501
vt 0.009178 0.602943
vt 0.402532 0.401329
vt 0.201934 0.401329
vt 0.009178 0.401329
vt 0.402532 0.302644
vt 0.201934 0.302644
vt 0.402532 0.200940
vt 0.201934 0.200940
vt 0.402532 0.401329
vt 0.201934 0.401329
vt 0.009178 0.302644
vt 0.009178 0.200940
vt 0.009178 0.401329
vt 0.201934 0.101557
vt 0.201934 0.003032
vt 0.402532 0.101557
vt 0.402532 0.003032
vt 0.201934 0.200940
vt 0.402532 0.200940
vt 0.009178 0.101557
vt 0.009178 0.003032
vt 0.009178 0.200940
vt 0.402532 0.401329
vt 0.201934 0.401329
vt 0.402532 0.302644
vt 0.201934 0.302644
vt 0.009178 0.401329
vt 0.009178 0.302644
vt 0.402532 0.101557
vt 0.402532 0.200940
vt 0.201934 0.101557
vt 0.201934 0.200940
vt 0.009178 0.101557
vt 0.009178 0.200940
vt 0.402532 0.003032
vt 0.201934 0.003032
vt 0.009178 0.003032
vt 0.402532 0.302644
vt 0.402532 0.401329
vt 0.201934 0.302644
vt 0.201934 0.401329
vt 0.009178 0.302644
vt 0.009178 0.401329
vt 0.402532 0.101557
vt 0.402532 0.200940
vt 0.201934 0.101557
vt 0.201934 0.200940
vt 0.402532 0.003032
vt 0.201934 0.003032
vt 0.009178 0.101557
vt 0.009178 0.200940
vt 0.009178 0.003032
vt 0.402532 0.101557
vt 0.402532 0.200940
vt 0.201934 0.101557
vt 0.201934 0.200940
vt 0.009178 0.200940
vt 0.009178 0.101557
vt 0.402532 0.003032
vt 0.201934 0.003032
vt 0.009178 0.003032
vt 0.402532 0.499501
vt 0.402532 0.602943
vt 0.201934 0.499501
vt 0.201934 0.602943
vt 0.009178 0.499501
vt 0.009178 0.602943
vt 0.402532 0.401329
vt 0.201934 0.401329
vt 0.009178 0.401329
vt 0.402532 0.302644
vt 0.402532 0.200940
vt 0.201934 0.302644
vt 0.201934 0.200940
vt 0.402532 0.401329
vt 0.201934 0.401329
vt 0.009178 0.302644
vt 0.009178 0.200940
vt 0.009178 0.401329
vt 0.402532 0.003032
vt 0.201934 0.003032
vt 0.402532 0.101557
vt 0.201934 0.101557
vt 0.402532 0.200940
vt 0.201934 0.200940
vt 0.009178 0.003032
vt 0.009178 0.101557
vt 0.009178 0.200940
vt 0.201934 0.302644
vt 0.201934 0.401329
vt 0.402532 0.302644
vt 0.402532 0.401329
vt 0.009178 0.302644
vt 0.009178 0.401329
vt 0.402532 0.101557
vt 0.201934 0.101557
vt 0.402532 0.200940
vt 0.201934 0.200940
vt 0.009178 0.101557
vt 0.009178 0.200940
vt 0.201934 0.003032
vt 0.402532 0.003032
vt 0.009178 0.003032
vt 0.402532 0.302644
vt 0.201934 0.302644
vt 0.402532 0.401329
vt 0.201934 0.401329
vt 0.009178 0.302644
vt 0.009178 0.401329
vt 0.402532 0.101557
vt 0.201934 0.101557
vt 0.402532 0.200940
vt 0.201934 0.200940
vt 0.402532 0.003032
vt 0.201934 0.003032
vt 0.009178 0.101557
vt 0.009178 0.200940
vt 0.009178 0.003032
vt 0.402532 0.101557
vt 0.201934 0.101557
vt 0.402532 0.200940
vt 0.201934 0.200940
vt 0.009178 0.101557
vt 0.009178 0.200940
vt 0.402532 0.003032
vt 0.201934 0.003032
vt 0.009178 0.003032
vt 0.201934 0.101557
vt 0.201934 0.200940
vt 0.402532 0.101557
vt 0.402532 0.200940
vt 0.009178 0.101557
vt 0.009178 0.200940
vt 0.201934 0.003032
vt 0.402532 0.003032
vt 0.009178 0.003032
vt 0.201934 0.499501
vt 0.201934 0.602943
vt 0.402532 0.499501
vt 0.402532 0.602943
vt 0.009178 0.499501
vt 0.009178 0.602943
vt 0.402532 0.401329
vt 0.201934 0.401329
vt 0.009178 0.401329
vt 0.201934 0.302644
vt 0.402532 0.302644
vt 0.201934 0.200940
vt 0.402532 0.200940
vt 0.009178 0.302644
vt 0.009178 0.200940
vt 0.201934 0.302644
vt 0.201934 0.401329
vt 0.402532 0.302644
vt 0.402532 0.401329
vt 0.009178 0.302644
vt 0.009178 0.401329
vt 0.402532 0.302644
vt 0.201934 0.302644
vt 0.402532 0.401329
vt 0.201934 0.401329
vt 0.009178 0.302644
vt 0.009178 0.401329
vt 0.402532 0.200940
vt 0.201934 0.200940
vt 0.009178 0.200940
vt 0.402532 0.200940
vt 0.201934 0.200940
vt 0.402532 0.302644
vt 0.201934 0.302644
vt 0.402532 0.401329
vt 0.201934 0.401329
vt 0.009178 0.302644
vt 0.009178 0.200940
vt 0.009178 0.401329
vt 0.402532 0.003032
vt 0.201934 0.003032
vt 0.402532 0.101557
vt 0.201934 0.101557
vt 0.009178 0.101557
vt 0.009178 0.003032
vt 0.402532 0.602943
vt 0.201934 0.602943
vt 0.402532 0.499501
vt 0.201934 0.499501
vt 0.009178 0.602943
vt 0.009178 0.499501
vt 0.402532 0.401329
vt 0.201934 0.401329
vt 0.009178 0.401329
vt 0.997136 0.101557
vt 0.997136 0.003032
vt 0.903085 0.101557
vt 0.903085 0.003032
vt 0.831691 0.003032
vt 0.831692 0.101557
vt 0.725890 0.003032
vt 0.725890 0.101557
vt 0.579904 0.003032
vt 0.579904 0.101557
vt 0.428272 0.003032
vt 0.428272 0.101557
vt 0.263638 0.003032
vt 0.263638 0.101557
vt 0.115491 0.003032
vt 0.115491 0.101557
vt 0.009178 0.003032
vt 0.009178 0.101557
vt 0.997136 0.200940
vt 0.903085 0.200940
vt 0.831692 0.200940
vt 0.725890 0.200940
vt 0.579904 0.200940
vt 0.428272 0.200940
vt 0.263638 0.200940
vt 0.115491 0.200940
vt 0.009178 0.200940
vt 0.997136 0.101557
vt 0.997136 0.003032
vt 0.903085 0.101557
vt 0.903085 0.003032
vt 0.997136 0.200940
vt 0.903085 0.200940
vt 0.795007 0.003032
vt 0.795007 0.101557
vt 0.795007 0.200940
vt 0.691008 0.003032
vt 0.691008 0.101557
vt 0.691008 0.200940
vt 0.569640 0.003032
vt 0.569640 0.101557
vt 0.569640 0.200940
vt 0.438316 0.003032
vt 0.438316 0.101557
vt 0.438316 0.200940
vt 0.289757 0.003032
vt 0.289757 0.101557
vt 0.289757 0.200940
vt 0.115491 0.003032
vt 0.115491 0.101557
vt 0.115491 0.200940
vt 0.009178 0.003032
vt 0.009178 0.101557
vt 0.009178 0.200940
vt 0.997136 0.003032
vt 0.903085 0.003032
vt 0.997136 0.101557
vt 0.903085 0.101557
vt 0.997136 0.200940
vt 0.903085 0.200940
vt 0.783484 0.003032
vt 0.783484 0.101557
vt 0.783484 0.200940
vt 0.682086 0.003032
vt 0.682086 0.101557
vt 0.682087 0.200940
vt 0.571063 0.003032
vt 0.571064 0.101557
vt 0.571064 0.200940
vt 0.448800 0.003032
vt 0.448799 0.101557
vt 0.448799 0.200940
vt 0.309661 0.003032
vt 0.309661 0.101557
vt 0.309661 0.200940
vt 0.115491 0.003032
vt 0.115491 0.101557
vt 0.115491 0.200940
vt 0.009178 0.003032
vt 0.009178 0.101557
vt 0.009178 0.200940
vt 0.997136 0.101557
vt 0.903085 0.101557
vt 0.903085 0.200940
vt 0.852659 0.101557
vt 0.852659 0.200940
vt 0.759478 0.101557
vt 0.759478 0.200940
vt 0.674883 0.101557
vt 0.674883 0.200940
vt 0.544494 0.101557
vt 0.544494 0.200940
vt 0.423962 0.101557
vt 0.423962 0.200940
vt 0.263922 0.101557
vt 0.263923 0.200940
vt 0.115491 0.200940
vt 0.115491 0.101557
vt 0.009178 0.101557
vt 0.009178 0.200940
vt 0.903085 0.003032
vt 0.852659 0.003032
vt 0.759478 0.003032
vt 0.674883 0.003032
vt 0.544494 0.003032
vt 0.423962 0.003032
vt 0.115491 0.003032
vt 0.009178 0.003032
vt 0.903085 0.101557
vt 0.903085 0.200940
vt 0.849384 0.101557
vt 0.872007 0.200940
vt 0.816999 0.200940
vt 0.790539 0.101557
vt 0.790539 0.200940
vt 0.682711 0.101557
vt 0.734603 0.200940
vt 0.673687 0.200940
vt 0.576962 0.101557
vt 0.612080 0.200940
vt 0.560417 0.200940
vt 0.460910 0.101557
vt 0.460910 0.200940
vt 0.307344 0.101557
vt 0.307344 0.200940
vt 0.115491 0.101557
vt 0.115491 0.200940
vt 0.009178 0.101557
vt 0.009178 0.200940
vt 0.903085 0.003032
vt 0.849384 0.003032
vt 0.790539 0.003032
vt 0.682711 0.003032
vt 0.576963 0.003032
vt 0.460910 0.003032
vt 0.307344 0.003032
vt 0.115491 0.003032
vt 0.009178 0.003032
vt 0.997136 0.101557
vt 0.997136 0.003032
vt 0.903085 0.101557
vt 0.903086 0.003032
vt 0.997136 0.200940
vt 0.903085 0.200940
vt 0.875648 0.101557
vt 0.875648 0.200940
vt 0.875648 0.003032
vt 0.819538 0.101557
vt 0.819538 0.200940
vt 0.819538 0.003032
vt 0.786474 0.101557
vt 0.786474 0.200940
vt 0.786474 0.003032
vt 0.720925 0.101557
vt 0.720925 0.200940
vt 0.720925 0.003032
vt 0.649224 0.101557
vt 0.649224 0.200940
vt 0.649224 0.003032
vt 0.580602 0.101557
vt 0.580602 0.200940
vt 0.580603 0.003032
vt 0.510720 0.101557
vt 0.510720 0.200940
vt 0.510720 0.003032
vt 0.400969 0.101557
vt 0.400969 0.200940
vt 0.400969 0.003032
vt 0.216245 0.101557
vt 0.216245 0.200940
vt 0.216245 0.003032
vt 0.115491 0.101557
vt 0.115491 0.200940
vt 0.115491 0.003032
vt 0.009178 0.101557
vt 0.009178 0.200940
vt 0.009178 0.003032
vt 0.997136 0.003032
vt 0.903085 0.003032
vt 0.997136 0.101557
vt 0.903085 0.101557
vt 0.852620 0.003032
vt 0.852620 0.101557
vt 0.997136 0.200940
vt 0.903085 0.200940
vt 0.852620 0.200940
vt 0.780176 0.101557
vt 0.780176 0.200940
vt 0.780175 0.003032
vt 0.700919 0.101557
vt 0.700919 0.200940
vt 0.700919 0.003032
vt 0.623705 0.101557
vt 0.623705 0.200940
vt 0.623705 0.003032
vt 0.550847 0.101557
vt 0.550847 0.200940
vt 0.550847 0.003032
vt 0.483492 0.101557
vt 0.483492 0.200940
vt 0.483492 0.003032
vt 0.392694 0.101557
vt 0.392693 0.200940
vt 0.392694 0.003032
vt 0.308604 0.101557
vt 0.308604 0.200940
vt 0.308604 0.003032
vt 0.224349 0.101557
vt 0.224348 0.200940
vt 0.224348 0.003032
vt 0.115491 0.101557
vt 0.115491 0.200940
vt 0.115491 0.003032
vt 0.009178 0.101557
vt 0.009178 0.200940
vt 0.009178 0.003032
vt 0.997136 0.101557
vt 0.903085 0.101557
vt 0.997136 0.200940
vt 0.903085 0.200940
vt 0.866056 0.101557
vt 0.866057 0.200940
vt 0.809363 0.101557
vt 0.809363 0.200940
vt 0.748370 0.101557
vt 0.748370 0.200940
vt 0.680446 0.101557
vt 0.680446 0.200940
vt 0.607878 0.101557
vt 0.607878 0.200940
vt 0.526343 0.101557
vt 0.526343 0.200940
vt 0.414591 0.101557
vt 0.414590 0.200940
vt 0.319564 0.101557
vt 0.319564 0.200940
vt 0.194996 0.101557
vt 0.194996 0.200940
vt 0.115491 0.101557
vt 0.115491 0.200940
vt 0.009178 0.101557
vt 0.009178 0.200940
vt 0.997136 0.003032
vt 0.903085 0.003032
vt 0.866057 0.003032
vt 0.809364 0.003032
vt 0.748370 0.003032
vt 0.680446 0.003032
vt 0.607878 0.003032
vt 0.526343 0.003032
vt 0.414591 0.003032
vt 0.319564 0.003032
vt 0.194996 0.003032
vt 0.115491 0.003032
vt 0.009178 0.003032
vt 0.501406 0.901034
vt 0.616994 0.901034
vt 0.501406 0.805196
vt 0.616994 0.805196
vt 0.758790 0.901034
vt 0.758790 0.805196
vt 0.897311 0.901034
vt 0.897311 0.805196
vt 0.997136 0.901034
vt 0.997136 0.805196
vt 0.501406 0.987625
vt 0.616994 0.987625
vt 0.758790 0.987625
vt 0.897311 0.987625
vt 0.997136 0.987625
vt 0.501406 0.901034
vt 0.501406 0.805196
vt 0.616994 0.901034
vt 0.616994 0.805196
vt 0.758790 0.805196
vt 0.758790 0.901034
vt 0.897311 0.805196
vt 0.897312 0.901034
vt 0.997136 0.805196
vt 0.997136 0.901034
vt 0.501406 0.987625
vt 0.616994 0.987625
vt 0.758790 0.987625
vt 0.897311 0.987625
vt 0.997136 0.987625
vt 0.313332 0.499501
vt 0.491142 0.499501
vt 0.313332 0.602943
vt 0.491142 0.602943
vt 0.115232 0.499501
vt 0.115232 0.602943
vt 0.009178 0.602943
vt 0.009178 0.499501
vt 0.313332 0.401329
vt 0.491142 0.401329
vt 0.115232 0.401329
vt 0.009178 0.401329
vt 0.313332 0.499501
vt 0.491142 0.499501
vt 0.313332 0.602943
vt 0.491142 0.602943
vt 0.313332 0.401329
vt 0.491142 0.401329
vt 0.115232 0.602943
vt 0.115232 0.499501
vt 0.115232 0.401329
vt 0.009178 0.499501
vt 0.009178 0.602943
vt 0.009178 0.401329
vt 0.009178 0.499501
vt 0.009178 0.401329
vt 0.115232 0.499501
vt 0.115232 0.401329
vt 0.491142 0.602943
vt 0.313332 0.602943
vt 0.491142 0.499501
vt 0.313332 0.499501
vt 0.009178 0.602943
vt 0.115232 0.602943
vt 0.491142 0.401329
vt 0.313332 0.401329
vt 0.491142 0.602943
vt 0.313332 0.602943
vt 0.491142 0.499501
vt 0.313332 0.499501
vt 0.009178 0.499501
vt 0.115232 0.499501
vt 0.009178 0.602943
vt 0.115232 0.602943
vt 0.491142 0.401329
vt 0.313332 0.401329
vt 0.115232 0.401329
vt 0.009178 0.401329
vt 0.491142 0.499501
vt 0.491142 0.401329
vt 0.313332 0.499501
vt 0.313332 0.401329
vt 0.491142 0.602943
vt 0.313332 0.602943
vt 0.115232 0.499501
vt 0.115232 0.401329
vt 0.115232 0.602943
vt 0.009178 0.401329
vt 0.009178 0.499501
vt 0.009178 0.602943
vt 0.491142 0.499501
vt 0.491142 0.401329
vt 0.313332 0.499501
vt 0.313332 0.401329
vt 0.491142 0.602943
vt 0.313332 0.602943
vt 0.115232 0.499501
vt 0.115232 0.401329
vt 0.115232 0.602943
vt 0.009178 0.401329
vt 0.009178 0.499501
vt 0.009178 0.602943
vt 0.313332 0.401329
vt 0.313332 0.499501
vt 0.491142 0.401329
vt 0.491142 0.499501
vt 0.313332 0.602943
vt 0.491142 0.602943
vt 0.115232 0.499501
vt 0.115232 0.602943
vt 0.115232 0.401329
vt 0.009178 0.499501
vt 0.009178 0.602943
vt 0.009178 0.401329
vt 0.313332 0.499501
vt 0.313332 0.602943
vt 0.491142 0.499501
vt 0.491142 0.602943
vt 0.313332 0.401329
vt 0.491142 0.401329
vt 0.115232 0.499501
vt 0.115232 0.602943
vt 0.115232 0.401329
vt 0.009178 0.499501
vt 0.009178 0.602943
vt 0.009178 0.401329
vt 0.434273 0.700965
vt 0.434272 0.793569
vt 0.541389 0.700965
vt 0.541389 0.793569
vt 0.300844 0.700965
vt 0.300844 0.793569
vt 0.172856 0.700965
vt 0.172856 0.793569
vt 0.541389 0.602943
vt 0.434272 0.602943
vt 0.300844 0.602943
vt 0.172856 0.602943
vt 0.009178 0.602943
vt 0.009178 0.700965
vt 0.009178 0.793569
vt 0.376537 0.302644
vt 0.513715 0.302644
vt 0.376537 0.401329
vt 0.513715 0.401329
vt 0.259433 0.302644
vt 0.259433 0.401329
vt 0.259433 0.200940
vt 0.376537 0.200940
vt 0.141086 0.401329
vt 0.141086 0.302644
vt 0.141087 0.200940
vt 0.903085 0.401329
vt 0.903085 0.302644
vt 0.997136 0.401329
vt 0.997136 0.302644
vt 0.802896 0.401329
vt 0.802896 0.302644
vt 0.653966 0.302644
vt 0.653966 0.401329
vt 0.903085 0.200940
vt 0.997136 0.200940
vt 0.802896 0.200940
vt 0.653966 0.200940
vt 0.513715 0.200940
vt 0.009178 0.302644
vt 0.009178 0.401329
vt 0.009178 0.200940
vt 0.259433 0.101557
vt 0.431700 0.101557
vt 0.431700 0.200940
vt 0.139781 0.101557
vt 0.139781 0.200940
vt 0.009178 0.200940
vt 0.009178 0.101557
vt 0.903085 0.101557
vt 0.997136 0.101557
vt 0.748864 0.101557
vt 0.748863 0.200940
vt 0.646528 0.101557
vt 0.646527 0.200940
vt 0.547997 0.101557
vt 0.547997 0.200940
vt 0.903085 0.003032
vt 0.997136 0.003032
vt 0.748864 0.003032
vt 0.646527 0.003032
vt 0.547997 0.003032
vt 0.431700 0.003032
vt 0.259433 0.003032
vt 0.139781 0.003032
vt 0.009178 0.003032
vt 0.009178 0.401329
vt 0.139781 0.401329
vt 0.009178 0.499501
vt 0.139781 0.499501
vt 0.997136 0.499501
vt 0.903085 0.602943
vt 0.903085 0.499501
vt 0.851833 0.499501
vt 0.851833 0.602943
vt 0.797380 0.602943
vt 0.797380 0.499501
vt 0.659891 0.602943
vt 0.659891 0.499501
vt 0.491142 0.602943
vt 0.491142 0.499501
vt 0.259433 0.602943
vt 0.259433 0.499501
vt 0.009178 0.602943
vt 0.139781 0.602943
vt 0.903085 0.401329
vt 0.851833 0.401329
vt 0.797380 0.401329
vt 0.659891 0.401329
vt 0.491142 0.401329
vt 0.259433 0.401329
vt 0.903085 0.602943
vt 0.903085 0.499501
vt 0.816701 0.602943
vt 0.816701 0.499501
vt 0.663327 0.602943
vt 0.663327 0.499501
vt 0.552819 0.602943
vt 0.552819 0.499501
vt 0.464611 0.602943
vt 0.464611 0.499501
vt 0.259433 0.602943
vt 0.259433 0.499501
vt 0.009178 0.499501
vt 0.139781 0.499501
vt 0.009178 0.602943
vt 0.139781 0.602943
vt 0.903085 0.401329
vt 0.816701 0.401329
vt 0.663327 0.401329
vt 0.552819 0.401329
vt 0.464611 0.401329
vt 0.259433 0.401329
vt 0.139781 0.401329
vt 0.009178 0.401329
vt 0.997136 0.499501
vt 0.903085 0.499501
vt 0.903085 0.602943
vt 0.809361 0.499501
vt 0.809361 0.602943
vt 0.678746 0.499501
vt 0.678746 0.602943
vt 0.561300 0.499501
vt 0.561300 0.602943
vt 0.903085 0.401329
vt 0.809361 0.401329
vt 0.678746 0.401329
vt 0.561300 0.401329
vt 0.442726 0.499501
vt 0.442726 0.401329
vt 0.442726 0.602943
vt 0.259433 0.401329
vt 0.259433 0.499501
vt 0.259433 0.602943
vt 0.139781 0.401329
vt 0.139781 0.499501
vt 0.139781 0.602943
vt 0.009178 0.401329
vt 0.009178 0.499501
vt 0.009178 0.602943
vt 0.903085 0.499501
vt 0.903085 0.602943
vt 0.747703 0.499501
vt 0.747703 0.602943
vt 0.638144 0.499501
vt 0.638144 0.602943
vt 0.543059 0.499501
vt 0.543059 0.602943
vt 0.903085 0.401329
vt 0.747703 0.401329
vt 0.638144 0.401329
vt 0.543059 0.401329
vt 0.442322 0.499501
vt 0.442322 0.401329
vt 0.442322 0.602943
vt 0.259433 0.499501
vt 0.259433 0.401329
vt 0.259433 0.602943
vt 0.139781 0.401329
vt 0.139781 0.499501
vt 0.139781 0.602943
vt 0.009178 0.401329
vt 0.009178 0.499501
vt 0.009178 0.602943
vt 0.997136 0.499501
vt 0.903085 0.499501
vt 0.997136 0.602943
vt 0.903085 0.602943
vt 0.997136 0.401329
vt 0.903085 0.401329
vt 0.801775 0.499501
vt 0.801775 0.602943
vt 0.801775 0.401329
vt 0.673612 0.499501
vt 0.673612 0.602943
vt 0.673612 0.401329
vt 0.530351 0.499501
vt 0.530351 0.602943
vt 0.530351 0.401329
vt 0.393043 0.499501
vt 0.393043 0.602943
vt 0.393043 0.401329
vt 0.259433 0.401329
vt 0.259433 0.499501
vt 0.259433 0.602943
vt 0.140028 0.499501
vt 0.140028 0.602943
vt 0.140028 0.401329
vt 0.009178 0.499501
vt 0.009178 0.602943
vt 0.009178 0.401329
vt 0.997136 0.401329
vt 0.903085 0.401329
vt 0.997136 0.499501
vt 0.903085 0.499501
vt 0.997136 0.602943
vt 0.903085 0.602943
vt 0.802360 0.499501
vt 0.802360 0.602943
vt 0.802360 0.401329
vt 0.653980 0.499501
vt 0.653980 0.602943
vt 0.653980 0.401329
vt 0.517498 0.499501
vt 0.517498 0.602943
vt 0.517498 0.401329
vt 0.379720 0.499501
vt 0.379720 0.602943
vt 0.379720 0.401329
vt 0.259433 0.499501
vt 0.259433 0.602943
vt 0.259433 0.401329
vt 0.139781 0.499501
vt 0.139781 0.602943
vt 0.139781 0.401329
vt 0.009178 0.499501
vt 0.009178 0.602943
vt 0.009178 0.401329
vt 0.777409 0.700965
vt 0.650869 0.700965
vt 0.777409 0.793569
vt 0.650869 0.793569
vt 0.541389 0.700965
vt 0.541389 0.793569
vt 0.434273 0.700965
vt 0.434272 0.793569
vt 0.300844 0.700965
vt 0.300844 0.793569
vt 0.172856 0.700965
vt 0.172856 0.793569
vt 0.777409 0.602943
vt 0.650869 0.602943
vt 0.541389 0.602943
vt 0.434272 0.602943
vt 0.300844 0.602943
vt 0.172856 0.602943
vt 0.009178 0.602943
vt 0.009178 0.700965
vt 0.009178 0.793569
vt 0.615930 0.793569
vt 0.482786 0.793569
vt 0.615929 0.704343
vt 0.482786 0.704343
vt 0.342632 0.704343
vt 0.342632 0.793569
vt 0.200498 0.793569
vt 0.200498 0.704343
vt 0.009178 0.793569
vt 0.009178 0.704343
vt 0.615930 0.602943
vt 0.482786 0.602943
vt 0.342632 0.602943
vt 0.200498 0.602943
vt 0.009178 0.602943
vt 0.997136 0.793569
vt 0.903085 0.793569
vt 0.997136 0.704343
vt 0.903085 0.704343
vt 0.778092 0.704343
vt 0.778092 0.793569
vt 0.615929 0.704343
vt 0.615930 0.793569
vt 0.464677 0.704343
vt 0.464677 0.793569
vt 0.301089 0.704343
vt 0.301089 0.793569
vt 0.171738 0.704343
vt 0.171738 0.793569
vt 0.009178 0.704343
vt 0.009178 0.793569
vt 0.903086 0.602943
vt 0.997136 0.602943
vt 0.778092 0.602943
vt 0.615930 0.602943
vt 0.464677 0.602943
vt 0.301089 0.602943
vt 0.171738 0.602943
vt 0.009178 0.602943
vt 0.997136 0.700965
vt 0.903085 0.700965
vt 0.997136 0.793569
vt 0.903085 0.793569
vt 0.777409 0.700965
vt 0.650869 0.700965
vt 0.777409 0.793569
vt 0.650869 0.793569
vt 0.541389 0.700965
vt 0.541389 0.793569
vt 0.434273 0.700965
vt 0.434272 0.793569
vt 0.300844 0.700965
vt 0.300844 0.793569
vt 0.172856 0.700965
vt 0.172856 0.793569
vt 0.997136 0.602943
vt 0.903085 0.602943
vt 0.777409 0.602943
vt 0.650869 0.602943
vt 0.541389 0.602943
vt 0.434272 0.602943
vt 0.300844 0.602943
vt 0.172856 0.602943
vt 0.009178 0.602943
vt 0.009178 0.700965
vt 0.009178 0.793569
vt 0.501406 0.901034
vt 0.553249 0.805196
vt 0.553249 0.901034
vt 0.606016 0.901034
vt 0.606016 0.805196
vt 0.703864 0.901034
vt 0.703864 0.805196
vt 0.800605 0.901034
vt 0.800605 0.805196
vt 0.898620 0.901034
vt 0.898620 0.805196
vt 0.997136 0.901034
vt 0.997136 0.805196
vt 0.553249 0.987625
vt 0.501406 0.987625
vt 0.606016 0.987625
vt 0.703864 0.987625
vt 0.800605 0.987625
vt 0.898620 0.987625
vt 0.997136 0.987625
vt 0.501406 0.805196
vt 0.501406 0.805196
vt 0.501406 0.901034
vt 0.603687 0.805196
vt 0.501406 0.987625
vt 0.603687 0.987625
vt 0.603687 0.901034
vt 0.719152 0.901034
vt 0.719153 0.805196
vt 0.719153 0.987625
vt 0.824686 0.901034
vt 0.824686 0.805196
vt 0.824686 0.987625
vt 0.922835 0.805196
vt 0.922835 0.901034
vt 0.922834 0.987625
vt 0.997136 0.805196
vt 0.997136 0.901034
vt 0.997136 0.987625
vt 0.603687 0.987625
vt 0.603687 0.901034
vt 0.501406 0.901034
vt 0.603687 0.805196
vt 0.729869 0.987625
vt 0.729869 0.901034
vt 0.729869 0.805196
vt 0.879307 0.987625
vt 0.879306 0.901034
vt 0.879306 0.805196
vt 0.997136 0.987625
vt 0.997136 0.901034
vt 0.997136 0.805196
vt 0.411490 0.987625
vt 0.411490 0.952440
vt 0.501406 0.952440
vt 0.411490 0.901034
vt 0.327695 0.952440
vt 0.327695 0.987625
vt 0.327695 0.901034
vt 0.229149 0.987625
vt 0.125375 0.987625
vt 0.229149 0.952440
vt 0.125375 0.952440
vt 0.229149 0.901034
vt 0.125375 0.901034
vt 0.009178 0.952440
vt 0.009178 0.987625
vt 0.009178 0.901034
vt 0.411490 0.901034
vt 0.411490 0.855397
vt 0.501406 0.855397
vt 0.411490 0.805196
vt 0.327695 0.901034
vt 0.327695 0.855397
vt 0.327695 0.805196
vt 0.229149 0.855397
vt 0.229149 0.901034
vt 0.229149 0.805196
vt 0.125375 0.855397
vt 0.125375 0.901034
vt 0.009178 0.855397
vt 0.009178 0.901034
vt 0.125375 0.805196
vt 0.009178 0.805196
vt 0.411490 0.901034
vt 0.411490 0.855397
vt 0.411490 0.805196
vt 0.327695 0.901034
vt 0.327695 0.855397
vt 0.327695 0.805196
vt 0.229149 0.901034
vt 0.229149 0.855397
vt 0.229149 0.805196
vt 0.125375 0.855397
vt 0.125375 0.901034
vt 0.009178 0.855397
vt 0.009178 0.901034
vt 0.125375 0.805196
vt 0.009178 0.805196

vn 0.000000 0.000000 1.000000
vn 0.000000 0.000000 1.000000
vn 0.000000 0.000000 1.000000
vn 0.000000 0.000000 1.000000
vn 0.000000 1.000000 0.000000
vn 0.000000 1.000000 0.000000
vn 0.000000 1.000000 0.000000
vn 0.000000 1.000000 0.000000
vn 0.000000 0.000000 -1.000000
vn 0.000000 0.000000 -1.000000
vn 0.000000 0.000000 -1.000000
vn 0.000000 0.000000 -1.000000
vn 0.000000 -1.000000 0.000000
vn 0.000000 -1.000000 0.000000
vn 0.000000 -1.000000 0.000000
vn 0.000000 -1.000000 0.000000
vn 1.000000 0.000000 0.000000
vn 1.000000 0.000000 0.000000
vn 1.000000 0.000000 0.000000
vn 1.000000 0.000000 0.000000
vn -1.000000 0.000000 0.000000
vn -1.000000 0.000000 0.000000
vn -1.000000 0.000000 0.000000
vn -1.000000 0.000000 0.000000
vn -0.353686 -0.324214 0.877378
vn -0.325237 -0.661274 0.675971
vn -0.011283 -0.340766 0.940081
vn -0.005669 -0.707665 0.706526
vn -0.367222 0.004987 0.930120
vn -0.009032 0.001083 0.999959
vn -0.729135 0.009933 0.684298
vn -0.695087 -0.307559 0.649817
vn -0.586954 -0.568261 0.576684
vn 0.336466 -0.331581 0.881388
vn 0.683498 -0.326376 0.652924
vn 0.350981 -0.001029 0.936382
vn 0.723764 -0.001300 0.690046
vn 0.326624 -0.678018 0.658489
vn 0.585820 -0.591036 0.554519
vn 0.343154 0.332541 0.878443
vn 0.334797 0.687031 0.644902
vn -0.006635 0.348203 0.937396
vn -0.003093 0.729848 0.683602
vn 0.687511 0.322089 0.650836
vn 0.591221 0.590617 0.549207
vn -0.685848 0.340497 0.643175
vn -0.357850 0.339002 0.870070
vn -0.336449 0.690504 0.640317
vn -0.578569 0.607600 0.544132
vn -0.642403 0.681377 0.350775
vn -0.331341 0.867999 0.369853
vn -0.004448 0.923024 0.384717
vn -0.336473 0.903987 0.263804
vn -0.007727 0.963498 0.267603
vn -0.666181 0.702092 0.251533
vn 0.691199 0.674476 0.259471
vn 0.345931 0.901188 0.261136
vn 0.667391 0.655971 0.352549
vn 0.340781 0.865646 0.366778
vn 0.661688 -0.663575 0.349052
vn 0.336156 -0.866369 0.369330
vn -0.001862 -0.918660 0.395046
vn 0.339999 -0.908876 0.241546
vn -0.004698 -0.970757 0.240019
vn 0.681643 -0.688736 0.246992
vn -0.697204 -0.680669 0.224938
vn -0.345459 -0.910370 0.227784
vn -0.671896 -0.649071 0.356740
vn -0.331917 -0.861132 0.385076
vn 0.905314 -0.338818 0.256143
vn 0.870165 -0.332185 0.363958
vn 0.924734 0.000815 0.380613
vn 0.965459 0.002287 0.260544
vn 0.872132 0.326165 0.364694
vn 0.907470 0.332346 0.256990
vn -0.882998 -0.309690 0.352714
vn -0.928050 0.012251 0.372254
vn -0.918227 -0.319421 0.234156
vn -0.995210 0.046923 0.085762
vn -0.902657 0.355437 0.242643
vn -0.863987 0.352605 0.359439
vn -0.336464 -0.331581 0.881389
vn -0.326624 -0.678023 0.658484
vn 0.011283 -0.340764 0.940081
vn 0.005668 -0.707672 0.706519
vn -0.350978 -0.001027 0.936383
vn 0.009033 0.001083 0.999959
vn -0.723763 -0.001297 0.690048
vn -0.683500 -0.326375 0.652922
vn -0.585823 -0.591038 0.554514
vn 0.353688 -0.324214 0.877377
vn 0.695090 -0.307564 0.649811
vn 0.367222 0.004987 0.930120
vn 0.729138 0.009932 0.684295
vn 0.325240 -0.661284 0.675961
vn 0.586959 -0.568272 0.576669
vn 0.357850 0.339000 0.870070
vn 0.336448 0.690497 0.640326
vn 0.006635 0.348201 0.937396
vn 0.003092 0.729840 0.683611
vn 0.685854 0.340496 0.643169
vn 0.578572 0.607596 0.544134
vn -0.687513 0.322093 0.650832
vn -0.343159 0.332546 0.878439
vn -0.334799 0.687027 0.644905
vn -0.591221 0.590615 0.549210
vn -0.667390 0.655968 0.352558
vn -0.340780 0.865640 0.366791
vn 0.004448 0.923018 0.384730
vn 0.007727 0.963495 0.267614
vn -0.345930 0.901187 0.261139
vn -0.691200 0.674477 0.259467
vn 0.666187 0.702090 0.251524
vn 0.336477 0.903987 0.263800
vn 0.642409 0.681373 0.350774
vn 0.331344 0.867995 0.369861
vn 0.671894 -0.649077 0.356731
vn 0.331916 -0.861137 0.385064
vn 0.001863 -0.918664 0.395036
vn 0.004698 -0.970756 0.240023
vn 0.345456 -0.910371 0.227784
vn 0.697199 -0.680673 0.224940
vn -0.681643 -0.688735 0.246996
vn -0.339998 -0.908874 0.241556
vn -0.661689 -0.663575 0.349051
vn -0.336154 -0.866369 0.369330
vn 0.918225 -0.319423 0.234163
vn 0.882997 -0.309693 0.352714
vn 0.928051 0.012251 0.372252
vn 0.970155 0.012415 0.242169
vn 0.863992 0.352601 0.359430
vn 0.902659 0.355434 0.242639
vn -0.870167 -0.332183 0.363956
vn -0.924734 0.000818 0.380614
vn -0.905314 -0.338816 0.256145
vn -0.995210 0.046924 0.085761
vn -0.907471 0.332345 0.256990
vn -0.872131 0.326165 0.364697
vn 0.642963 -0.126590 -0.749937
vn 0.902356 -0.202503 -0.380454
vn 0.912673 -0.127167 -0.384296
vn 0.586597 -0.279505 -0.760119
vn 0.983874 -0.168242 0.015016
vn 0.977840 -0.186386 -0.084955
vn 0.315406 -0.289941 -0.903578
vn 0.329343 -0.113367 -0.933311
vn 0.000000 -0.291271 -0.956641
vn 0.000000 -0.117855 -0.990318
vn 0.963243 -0.245550 -0.108936
vn 0.986656 -0.085490 0.138568
vn 0.983895 -0.042742 0.173564
vn 0.981292 -0.038129 0.188711
vn 0.971256 -0.045868 0.233576
vn -0.586597 -0.279505 -0.760119
vn -0.642963 -0.126590 -0.749937
vn -0.902356 -0.202503 -0.380454
vn -0.912673 -0.127167 -0.384296
vn -0.983874 -0.168242 0.015017
vn -0.977840 -0.186386 -0.084954
vn -0.315406 -0.289941 -0.903578
vn -0.329343 -0.113367 -0.933311
vn -0.963242 -0.245556 -0.108939
vn -0.986508 -0.085966 0.139327
vn -0.981292 -0.038129 0.188711
vn -0.983874 -0.042491 0.173743
vn -0.971256 -0.045868 0.233577
vn 0.951098 -0.039943 -0.303037
vn 0.986908 -0.115608 0.129529
vn 0.317275 0.016066 -0.942977
vn 0.689166 -0.012814 -0.715606
vn 0.000000 -0.002315 -0.995251
vn -0.951098 -0.039943 -0.303037
vn -0.986908 -0.115608 0.129529
vn -0.317275 0.016066 -0.942977
vn -0.689165 -0.012814 -0.715606
vn 0.200530 -0.976764 0.075624
vn 0.410750 -0.802985 0.432620
vn 0.464245 -0.881901 0.082017
vn 0.660686 -0.747041 0.073646
vn 0.745924 -0.538703 0.392423
vn -0.560385 0.827160 -0.042132
vn 0.173717 0.936432 0.304824
vn -0.550281 0.673224 -0.493923
vn -0.188579 0.803671 -0.564404
vn 0.000000 0.858327 0.513103
vn 0.000000 0.697712 -0.716379
vn 0.000000 -0.998245 0.059217
vn 0.000000 -0.928537 0.372002
vn -0.410748 -0.802983 0.432626
vn -0.464244 -0.881901 0.082022
vn -0.745924 -0.538702 0.392424
vn -0.660686 -0.747041 0.073644
vn 0.560385 0.827160 -0.042131
vn 0.550282 0.673225 -0.493920
vn -0.173716 0.936432 0.304826
vn 0.188579 0.803671 -0.564404
vn -0.200530 -0.976764 0.075627
vn 0.000000 -0.928537 0.372002
vn -0.142127 -0.989713 -0.016369
vn -0.407450 -0.912864 0.025775
vn -0.174164 -0.981763 -0.076208
vn 0.000000 -0.999997 -0.002430
vn 0.000000 -0.997962 -0.063803
vn 0.142618 -0.989642 -0.016370
vn 0.174164 -0.981763 -0.076212
vn 0.717481 -0.170702 0.675339
vn 0.460896 -0.043033 0.886410
vn 0.545864 -0.052622 0.836220
vn 0.221856 0.020479 0.974865
vn 0.195990 0.021712 0.980365
vn 0.000000 0.033880 0.999426
vn 0.000000 0.028641 0.999590
vn 0.239300 -0.436866 0.867112
vn 0.000000 -0.441513 0.897255
vn 0.194567 -0.807602 0.556708
vn 0.000000 -0.811257 0.584690
vn 0.000000 -0.964966 0.262374
vn 0.147755 -0.958535 0.243679
vn 0.602962 -0.379507 0.701720
vn 0.542105 -0.690294 0.479183
vn 0.445527 -0.863449 0.236562
vn 0.407450 -0.912864 0.025773
vn 0.418807 -0.907253 -0.038639
vn -0.545513 -0.052636 0.836448
vn -0.460896 -0.043033 0.886410
vn -0.717299 -0.170278 0.675639
vn -0.195991 0.021712 0.980365
vn -0.221856 0.020479 0.974865
vn -0.239300 -0.436865 0.867113
vn -0.194567 -0.807601 0.556709
vn -0.147755 -0.958535 0.243679
vn -0.602758 -0.379192 0.702066
vn -0.541938 -0.690218 0.479481
vn -0.445317 -0.863515 0.236718
vn -0.418808 -0.907253 -0.038633
vn -0.602395 -0.698879 -0.385601
vn 0.956865 -0.244232 -0.157357
vn -0.489591 0.634339 0.598260
vn -0.755394 0.278868 0.592969
vn -0.290954 0.141525 0.946212
vn -0.966768 0.241300 -0.084466
vn -0.951317 0.022649 -0.307380
vn 0.491450 0.505448 0.709224
vn -0.725109 -0.217890 0.653254
vn -0.290954 0.141525 0.946212
vn -0.541455 -0.839881 0.037759
vn -0.409559 -0.528859 0.743350
vn -0.929739 -0.367450 -0.023780
vn -0.929739 -0.367450 -0.023780
vn -0.911458 -0.291821 -0.299219
vn -0.587391 -0.552319 -0.591537
vn 0.000000 -0.998846 0.048032
vn 0.000000 -0.666701 0.745325
vn 0.000000 -0.643709 -0.765270
vn 0.277425 0.367290 0.887769
vn 0.000000 0.603020 0.797726
vn 0.277425 0.367290 0.887769
vn 0.602395 -0.698879 -0.385602
vn 0.473562 -0.826310 -0.304879
vn 0.956865 -0.244232 -0.157357
vn 0.602395 -0.698879 -0.385602
vn -0.956864 -0.244232 -0.157358
vn 0.489592 0.634339 0.598259
vn 0.290955 0.141526 0.946211
vn 0.755396 0.278870 0.592966
vn 0.951318 0.022650 -0.307377
vn 0.966768 0.241300 -0.084466
vn -0.491451 0.505447 0.709224
vn 0.725109 -0.217890 0.653254
vn 0.290955 0.141526 0.946211
vn 0.409559 -0.528859 0.743350
vn 0.929739 -0.367450 -0.023779
vn 0.929739 -0.367450 -0.023779
vn 0.541455 -0.839881 0.037759
vn 0.908958 -0.291821 -0.297719
vn 0.587390 -0.552318 -0.591538
vn 0.000000 -0.666701 0.745325
vn -0.277423 0.367287 0.887770
vn 0.000000 0.603020 0.797726
vn -0.277423 0.367287 0.887770
vn -0.602395 -0.698879 -0.385601
vn -0.956864 -0.244232 -0.157358
vn -0.473561 -0.826311 -0.304878
vn -0.791085 -0.607451 0.072028
vn 0.922325 -0.383409 0.048109
vn 0.908011 -0.226772 0.370200
vn 0.908011 -0.226772 0.370200
vn 0.791085 -0.607451 0.072028
vn 0.922325 -0.383409 0.048109
vn -0.922325 -0.383409 0.048111
vn -0.908011 -0.226772 0.370203
vn -0.908011 -0.226772 0.370203
vn -0.922325 -0.383409 0.048111
vn 0.083952 -0.687901 -0.720933
vn -0.477188 -0.037045 -0.878020
vn -0.298890 -0.588488 -0.751230
vn 0.211284 -0.141261 -0.967163
vn 0.083952 -0.687901 -0.720933
vn -0.650188 0.667779 -0.362390
vn -0.428935 0.388722 -0.815420
vn -0.283471 -0.837287 -0.467541
vn 0.123671 0.212714 -0.969257
vn 0.039502 -0.172899 -0.984147
vn 0.872384 -0.264219 -0.411260
vn 0.900127 0.037322 -0.434027
vn -0.006272 -0.659675 -0.751525
vn 0.795043 -0.536260 -0.283428
vn 0.136375 -0.764768 -0.629708
vn 0.766367 -0.588313 -0.258010
vn 0.682506 -0.205344 0.701441
vn 0.688778 -0.113460 0.716039
vn 0.882093 -0.437843 -0.173799
vn 0.817413 -0.573542 -0.053721
vn 0.626108 -0.014134 0.779608
vn 0.651883 0.241596 0.718804
vn 0.767635 0.184605 0.613724
vn 0.907314 0.208284 0.365239
vn -0.278670 0.948667 0.149583
vn -0.383753 0.807781 0.447463
vn 0.771772 0.484184 0.412231
vn -0.650188 0.667779 -0.362390
vn 0.023946 0.563455 -0.825800
vn 0.897024 0.301278 -0.323389
vn 0.896479 0.041023 0.441183
vn 0.853250 0.100808 0.511666
vn 0.859605 0.484669 0.161790
vn 0.702820 -0.300266 0.644891
vn 0.695528 -0.621117 0.361186
vn 0.863192 -0.504337 -0.023305
vn 0.506839 0.694967 0.510034
vn 0.615629 0.557478 0.556972
vn 0.746509 -0.077587 0.660836
vn 0.728022 0.320022 0.606276
vn 0.655339 -0.276235 0.703011
vn 0.950755 -0.273584 0.145663
vn 0.960159 -0.077516 0.268489
vn 0.166662 -0.793215 -0.585691
vn 0.537217 -0.625405 0.565920
vn 0.915713 -0.396526 0.065093
vn 0.952480 -0.053244 0.299911
vn -0.071216 -0.994144 0.081270
vn 0.145475 -0.977824 -0.150655
vn 0.888549 -0.011727 0.458632
vn 0.822353 -0.151554 0.548422
vn 0.739404 -0.659896 0.133486
vn 0.688599 -0.690243 0.222250
vn 0.683441 -0.694976 -0.223419
vn 0.783028 0.103090 0.613383
vn 0.900700 -0.345229 -0.263735
vn 0.913394 -0.320223 -0.251334
vn 0.921241 -0.119007 0.370340
vn 0.366056 0.421267 0.829781
vn 0.900700 -0.345229 -0.263735
vn 0.766249 -0.497662 0.406441
vn 0.755020 -0.496178 0.428664
vn 0.867796 0.496905 0.004035
vn -0.160762 0.916165 -0.367147
vn -0.084308 -0.688098 -0.720703
vn 0.477189 -0.037046 -0.878020
vn 0.129255 -0.082864 -0.988143
vn 0.298890 -0.588488 -0.751230
vn -0.084308 -0.688098 -0.720703
vn 0.651046 0.666316 -0.363543
vn 0.428935 0.388722 -0.815420
vn 0.283470 -0.837286 -0.467543
vn -0.123670 0.212714 -0.969257
vn -0.039501 -0.172900 -0.984147
vn -0.872384 -0.264219 -0.411260
vn -0.900126 0.037321 -0.434028
vn -0.766367 -0.588312 -0.258012
vn -0.795043 -0.536260 -0.283428
vn -0.136375 -0.764767 -0.629709
vn 0.006273 -0.659675 -0.751525
vn -0.688778 -0.113461 0.716039
vn -0.682507 -0.205345 0.701440
vn -0.651881 0.241596 0.718806
vn -0.817413 -0.573542 -0.053718
vn -0.626107 -0.014134 0.779609
vn -0.882093 -0.437843 -0.173799
vn -0.767634 0.184605 0.613725
vn -0.907313 0.208285 0.365239
vn 0.278670 0.948667 0.149579
vn -0.771770 0.484185 0.412234
vn 0.383753 0.807781 0.447463
vn 0.651046 0.666316 -0.363543
vn -0.897023 0.301276 -0.323391
vn -0.023945 0.563454 -0.825801
vn -0.896482 0.041025 0.441177
vn -0.859606 0.484669 0.161782
vn -0.853253 0.100810 0.511661
vn -0.702820 -0.300267 0.644890
vn -0.863192 -0.504337 -0.023306
vn -0.695529 -0.621118 0.361182
vn -0.615629 0.557474 0.556977
vn -0.506839 0.694967 0.510035
vn -0.746509 -0.077588 0.660836
vn -0.728022 0.320023 0.606275
vn -0.655340 -0.276236 0.703011
vn -0.960158 -0.077516 0.268490
vn -0.950754 -0.273584 0.145664
vn -0.166662 -0.793213 -0.585693
vn -0.537219 -0.625408 0.565916
vn -0.915713 -0.396526 0.065093
vn -0.952480 -0.053244 0.299911
vn 0.071215 -0.994145 0.081267
vn -0.145475 -0.977823 -0.150663
vn -0.739404 -0.659896 0.133489
vn -0.683441 -0.694977 -0.223417
vn -0.688599 -0.690244 0.222251
vn -0.783029 0.103089 0.613383
vn -0.913394 -0.320223 -0.251333
vn -0.900700 -0.345229 -0.263734
vn -0.921241 -0.119007 0.370340
vn -0.822352 -0.151554 0.548423
vn -0.371386 0.412195 0.831966
vn -0.626107 -0.014134 0.779609
vn -0.889859 -0.015121 0.455985
vn -0.900700 -0.345229 -0.263734
vn -0.766250 -0.497662 0.406440
vn -0.755020 -0.496178 0.428663
vn -0.867796 0.496904 0.004033
vn 0.160761 0.916164 -0.367151
vn 0.988328 -0.039826 0.147045
vn 0.988357 -0.058098 0.140624
vn 0.812223 -0.532410 -0.238399
vn 0.839224 -0.294207 -0.457324
vn 0.879000 -0.463997 -0.109845
vn 0.980675 -0.145501 0.130789
vn 0.906677 -0.294566 -0.301941
vn 0.958952 -0.268656 0.090754
vn 0.945435 -0.182821 0.269684
vn 0.769125 -0.306741 0.560675
vn 0.743478 -0.519433 0.421224
vn 0.768407 -0.306010 0.562058
vn 0.790036 -0.444690 0.422012
vn 0.744850 -0.666651 -0.027851
vn 0.844106 -0.524782 0.109952
vn 0.816272 -0.474701 0.329179
vn 0.838716 -0.494015 0.229137
vn 0.842798 -0.331592 0.423956
vn 0.883426 -0.317436 0.344664
vn 0.752552 -0.302457 0.584966
vn 0.797420 -0.326882 0.507217
vn 0.704066 -0.267347 0.657888
vn 0.756027 -0.302085 0.580661
vn 0.704254 -0.259470 0.660834
vn 0.900183 -0.241451 0.362454
vn 0.843024 -0.282084 0.457974
vn 0.632170 -0.749309 0.197224
vn 0.652665 -0.741734 0.154465
vn 0.918221 -0.297487 0.261479
vn 0.672953 -0.728384 0.128804
vn 0.712602 -0.699097 0.058839
vn -0.839497 -0.293616 -0.457204
vn -0.906677 -0.294566 -0.301941
vn -0.769190 -0.305155 0.561451
vn -0.768762 -0.304633 0.562319
vn -0.743636 -0.519543 0.420810
vn -0.790216 -0.444275 0.422112
vn -0.745067 -0.666408 -0.027842
vn -0.812724 -0.531772 -0.238114
vn -0.844106 -0.524782 0.109951
vn -0.879000 -0.463997 -0.109846
vn -0.703814 -0.267441 0.658119
vn -0.632873 -0.748216 0.199111
vn -0.652664 -0.741734 0.154468
vn -0.672953 -0.728384 0.128805
vn -0.712602 -0.699096 0.058838
vn -0.838717 -0.494015 0.229134
vn -0.816272 -0.474702 0.329179
vn 0.000000 0.381951 0.924183
vn -0.175176 0.415606 0.892516
vn 0.000000 0.387432 0.921898
vn -0.089676 0.138261 0.986328
vn 0.000000 0.141926 0.989877
vn 0.000000 -0.365754 0.930711
vn 0.032165 -0.398966 0.916401
vn -0.189156 0.330156 0.924780
vn 0.000000 -0.841117 0.540854
vn 0.064489 -0.847806 0.526371
vn 0.000000 -0.841117 0.540854
vn 0.000000 -0.997628 -0.068838
vn 0.089689 0.138257 0.986327
vn 0.175180 0.415606 0.892516
vn -0.032165 -0.398969 0.916400
vn 0.189157 0.330157 0.924779
vn -0.064490 -0.847807 0.526370
vn 0.000000 -0.997628 -0.068838
vn 0.990583 -0.115975 0.072770
vn 0.876906 0.022071 0.480156
vn 0.983602 0.165960 -0.070597
vn 0.883839 0.257237 0.390715
vn 0.955124 0.038540 0.293690
vn 0.934223 0.335818 0.120229
vn 0.410038 0.130065 0.902747
vn 0.868798 0.429015 0.247259
vn 0.733902 0.268237 0.624048
vn 0.900697 0.356138 0.248818
vn 0.907134 0.381528 0.177608
vn 0.876975 0.467799 0.109907
vn 0.882249 0.460566 0.097549
vn 0.909124 0.382563 0.164739
vn 0.919715 0.336525 0.202177
vn 0.931074 0.084249 0.354969
vn 0.919617 0.002505 0.392809
vn -0.687630 -0.287607 0.666669
vn -0.597773 -0.260380 0.758202
vn -0.593493 -0.277131 0.755622
vn -0.620352 -0.162810 0.767240
vn -0.510610 -0.125721 0.850572
vn -0.638675 -0.213982 0.739126
vn 0.023939 -0.994545 -0.101523
vn 0.669208 -0.503054 0.546898
vn 0.668483 -0.674790 0.312712
vn -0.234315 -0.808876 0.539274
vn 0.361125 -0.500311 0.786942
vn 0.761683 -0.415243 0.497406
vn 0.751818 -0.494492 0.436174
vn 0.706255 -0.190376 0.681881
vn 0.623442 -0.213969 0.752023
vn 0.000000 -0.535502 0.844534
vn 0.159824 -0.362727 0.918088
vn 0.000000 -0.747651 0.664092
vn 0.382880 -0.603798 0.699164
vn 0.000000 -0.185717 0.982603
vn -0.119149 -0.091406 0.988660
vn -0.186900 0.247500 0.950691
vn 0.000000 0.256297 0.966598
vn 0.721742 -0.397985 0.566301
vn -0.231763 -0.934296 0.270881
vn 0.743650 0.569710 0.349879
vn 0.388135 0.712018 0.585134
vn 0.769010 0.408647 0.491560
vn 0.415672 0.513263 0.750852
vn 0.600859 0.650432 0.464658
vn 0.419181 -0.598733 0.682500
vn 0.566995 -0.580343 0.584568
vn 0.646624 -0.108545 0.755046
vn -0.064066 -0.491136 0.868724
vn 0.681756 -0.282000 0.675045
vn 0.487440 -0.716142 0.499542
vn 0.765540 -0.011380 0.643288
vn 0.138479 -0.802272 -0.580675
vn 0.433612 0.027990 0.900665
vn 0.000000 0.046932 0.998898
vn 0.000000 -0.565622 0.824664
vn 0.000000 -0.832314 0.554304
vn 0.424381 -0.753178 0.502616
vn 0.106692 0.066632 0.992057
vn 0.402747 -0.080734 0.911744
vn 0.625635 -0.048818 0.778587
vn 0.000000 0.566537 0.824037
vn 0.119148 -0.091406 0.988660
vn 0.186899 0.247499 0.950691
vn -0.106693 0.066631 0.992057
vn -0.419181 -0.598733 0.682500
vn -0.567124 -0.580273 0.584512
vn -0.668579 -0.674750 0.312593
vn 0.000000 0.778465 0.627688
vn 0.000000 0.772089 0.635515
vn 0.234314 -0.808883 0.539264
vn -0.761687 -0.415247 0.497396
vn -0.361131 -0.500325 0.786930
vn -0.751819 -0.494499 0.436164
vn -0.706260 -0.190379 0.681875
vn -0.623448 -0.213976 0.752016
vn -0.159824 -0.362727 0.918088
vn -0.382880 -0.603798 0.699164
vn -0.990610 -0.115780 0.072716
vn -0.983602 0.165960 -0.070600
vn -0.876907 0.022071 0.480152
vn -0.883814 0.257424 0.390648
vn -0.934223 0.335818 0.120229
vn -0.955125 0.038539 0.293686
vn -0.734006 0.268192 0.623946
vn -0.410041 0.130064 0.902746
vn -0.868856 0.428931 0.247200
vn -0.721745 -0.397988 0.566295
vn 0.231765 -0.934295 0.270885
vn -0.388134 0.712017 0.585135
vn -0.600860 0.650432 0.464657
vn -0.415671 0.513262 0.750852
vn -0.882249 0.460566 0.097550
vn -0.907134 0.381528 0.177605
vn -0.876975 0.467799 0.109906
vn -0.900697 0.356138 0.248819
vn -0.023937 -0.994546 -0.101519
vn -0.669209 -0.503055 0.546897
vn -0.919715 0.336526 0.202178
vn -0.909124 0.382563 0.164739
vn -0.743868 0.569511 0.349740
vn -0.769204 0.408466 0.491408
vn 0.064059 -0.491259 0.868655
vn -0.646629 -0.108548 0.755042
vn -0.487434 -0.716142 0.499548
vn -0.681897 -0.281973 0.674913
vn -0.765680 -0.011437 0.643121
vn -0.919616 0.002506 0.392811
vn -0.138478 -0.802279 -0.580665
vn -0.433610 0.027992 0.900666
vn -0.424382 -0.753178 0.502616
vn -0.402749 -0.080735 0.911743
vn -0.625640 -0.048822 0.778583
vn -0.931077 0.084247 0.354963
vn -0.138478 -0.802279 -0.580665
vn -0.621766 0.551390 0.556216
vn 0.000000 0.581619 0.813461
vn -0.613171 0.450112 0.649169
vn -0.002670 0.694725 0.719271
vn 0.621767 0.551389 0.556216
vn 0.613171 0.450112 0.649169
vn 0.913403 0.292950 0.282621
vn 0.895779 0.238939 0.374817
vn 0.576286 0.337605 0.744256
vn 0.871955 0.177203 0.456392
vn 0.431022 0.106102 0.896082
vn 0.000000 0.439259 0.898361
vn 0.000000 0.219701 0.975567
vn -0.913404 0.292950 0.282619
vn -0.895778 0.238939 0.374819
vn -0.576289 0.337605 0.744254
vn -0.431026 0.106101 0.896080
vn -0.871955 0.177203 0.456391
vn -0.406414 -0.342459 0.847083
vn -0.527835 -0.020295 0.849104
vn -0.527944 -0.170394 0.832010
vn -0.540895 -0.387734 0.746389
vn -0.463704 -0.655432 0.596144
vn -0.593696 -0.026421 0.804255
vn -0.520147 -0.327073 0.788968
vn -0.104099 -0.872441 0.477504
vn -0.113128 -0.904760 0.410623
vn 0.027820 -0.990069 -0.137799
vn 0.619562 -0.781919 0.068884
vn 0.152584 -0.967289 -0.202660
vn 0.247307 -0.959537 0.134643
vn -0.152084 -0.973428 0.171200
vn -0.261506 -0.618458 0.741029
vn -0.176967 -0.820065 0.544220
vn -0.075759 0.048715 0.995936
vn -0.045067 0.397310 0.916577
vn -0.418580 -0.127911 0.899127
vn -0.474732 0.210563 0.854572
vn -0.557788 -0.183423 0.809462
vn -0.481106 -0.142417 0.865017
vn -0.456669 -0.070197 0.886863
vn 0.158121 -0.651884 -0.741651
vn 0.000000 -0.656590 -0.754248
vn 0.027820 -0.990069 -0.137799
vn 0.000000 -0.997628 -0.068838
vn 0.231607 -0.602439 -0.763823
vn 0.088828 -0.961878 -0.258650
vn 0.780759 -0.413325 -0.468592
vn 0.413067 -0.569673 -0.710527
vn 0.619562 -0.781919 0.068884
vn 0.152584 -0.967289 -0.202660
vn -0.510216 0.093300 0.854971
vn -0.571396 0.097161 0.814903
vn -0.473464 0.178385 0.862561
vn -0.486450 0.237670 0.840761
vn -0.552146 -0.133176 0.823043
vn -0.180653 0.278218 0.943377
vn -0.524135 0.120332 0.843091
vn -0.592279 0.131828 0.794876
vn -0.512079 0.180056 0.839854
vn 0.029913 -0.980930 0.192047
vn -0.293987 -0.880020 0.373010
vn -0.367968 -0.662565 0.652386
vn -0.286985 -0.566509 0.772469
vn -0.129510 -0.474821 0.870501
vn -0.165896 -0.926573 0.337550
vn 0.088828 -0.961878 -0.258650
vn -0.156062 -0.087273 0.983884
vn -0.919511 0.061234 0.388266
vn -0.864443 0.054892 0.499725
vn -0.918172 -0.042002 0.393949
vn -0.846829 -0.163591 0.506082
vn -0.388471 0.108778 0.915018
vn -0.394469 0.026898 0.918515
vn 0.000000 -0.064514 0.997917
vn -0.960429 0.018300 0.277923
vn -0.952154 -0.020962 0.304899
vn 0.845006 0.310388 0.435458
vn 0.873899 0.320719 0.365295
vn 0.614831 0.228079 0.754959
vn 0.826137 0.256212 0.501851
vn 0.533551 0.317798 0.783790
vn 0.566860 0.295618 0.768947
vn 0.825560 0.224907 0.517560
vn 0.539422 0.334052 0.772938
vn 0.839297 0.200771 0.505244
vn 0.180689 0.280262 0.942764
vn 0.475009 0.212362 0.853973
vn 0.486671 0.239387 0.840146
vn 0.104378 -0.873285 0.475898
vn -0.027913 -0.989687 -0.140502
vn 0.113474 -0.905557 0.408767
vn 0.045254 0.398930 0.915864
vn 0.419523 -0.125901 0.898971
vn 0.076018 0.051214 0.995790
vn 0.520875 -0.327164 0.788450
vn 0.594511 -0.026522 0.803650
vn -0.027913 -0.989687 -0.140502
vn -0.157962 -0.652159 -0.741443
vn -0.089332 -0.961857 -0.258554
vn -0.232537 -0.602388 -0.763581
vn 0.511065 0.093219 0.854472
vn 0.473999 0.179294 0.862078
vn 0.572260 0.097063 0.814308
vn 0.524189 0.121839 0.842841
vn 0.592598 0.131785 0.794645
vn 0.512403 0.180020 0.839664
vn 0.000000 -0.997628 -0.068838
vn 0.288135 -0.566027 0.772393
vn 0.368478 -0.662634 0.652028
vn 0.130003 -0.473827 0.870969
vn 0.166013 -0.926606 0.337405
vn -0.089332 -0.961857 -0.258554
vn -0.614830 0.228077 0.754961
vn -0.299845 0.181904 0.936485
vn -0.287523 0.089560 0.953577
vn -0.242245 0.004834 0.970203
vn -0.275853 0.050043 0.959896
vn -0.873896 0.320720 0.365301
vn -0.295999 0.141567 0.944639
vn -0.289310 0.265492 0.919681
vn -0.312497 -0.104373 0.944167
vn -0.839300 0.200772 0.505238
vn -0.564712 0.375556 0.734887
vn -0.825562 0.224906 0.517557
vn -0.539424 0.334053 0.772936
vn -0.825957 0.257658 0.501406
vn -0.533549 0.317797 0.783793
vn -0.845004 0.310388 0.435463
vn -0.567002 0.295579 0.768858
vn -0.298634 0.243130 0.922879
vn -0.291123 0.350710 0.890084
vn -0.263564 0.317734 0.910812
vn -0.297181 0.432892 0.851051
vn 0.463894 -0.655470 0.595954
vn 0.541173 -0.387779 0.746163
vn -0.619575 -0.781902 0.068967
vn -0.247315 -0.959529 0.134686
vn -0.152759 -0.967274 -0.202598
vn 0.152063 -0.973438 0.171160
vn 0.177019 -0.820042 0.544239
vn 0.261587 -0.618460 0.740999
vn 0.638676 -0.213983 0.739125
vn 0.481160 -0.142423 0.864986
vn 0.557838 -0.183431 0.809426
vn 0.456786 -0.070208 0.886802
vn -0.152759 -0.967274 -0.202598
vn -0.413415 -0.569633 -0.710356
vn -0.619575 -0.781902 0.068967
vn -0.780832 -0.413304 -0.468488
vn 0.593492 -0.277131 0.755623
vn 0.597695 -0.260846 0.758103
vn 0.687398 -0.287511 0.666949
vn 0.620353 -0.162810 0.767239
vn 0.510607 -0.125721 0.850573
vn 0.528190 -0.020334 0.848883
vn 0.552479 -0.133220 0.822812
vn 0.528051 -0.170408 0.831940
vn 0.406518 -0.342465 0.847031
vn 0.294060 -0.880040 0.372906
vn -0.029912 -0.980918 0.192109
vn -0.676264 0.231020 0.699498
vn -0.645501 0.152271 0.748426
vn -0.736539 0.167178 0.655410
vn -0.216020 0.550757 0.806227
vn -0.158484 -0.293761 0.942649
vn -0.549506 0.243900 0.799097
vn -0.518118 -0.229902 0.823832
vn 0.431537 -0.140810 0.891038
vn 0.210546 0.747429 0.630095
vn -0.663273 -0.296931 0.686951
vn -0.772123 -0.232880 0.591265
vn -0.761219 -0.064570 0.645272
vn -0.836004 0.018991 0.548395
vn -0.635426 -0.135378 0.760202
vn -0.688930 0.530642 0.493756
vn -0.799261 -0.373232 0.471041
vn -0.798473 0.262668 0.541707
vn -0.588212 0.415276 0.693940
vn -0.234826 0.446095 0.863630
vn -0.574645 0.390281 0.719350
vn -0.282053 0.466073 0.838583
vn 0.052105 0.154696 0.986587
vn -0.815619 0.002777 0.578583
vn -0.710395 -0.241582 0.661043
vn -0.794269 0.211318 0.569633
vn -0.154522 0.220798 0.963001
vn -0.210356 0.314690 0.925592
vn -0.725161 0.233639 0.647731
vn -0.602902 0.192466 0.774252
vn -0.376386 0.195562 0.905588
vn -0.574841 0.182317 0.797696
vn -0.350407 0.114859 0.929528
vn -0.851435 0.094462 0.515883
vn -0.860111 -0.091953 0.501751
vn -0.346096 0.050775 0.936824
vn -0.096034 0.123519 0.987685
vn 0.104090 0.910717 0.399699
vn -0.127709 0.943332 0.306294
vn -0.264855 0.757896 0.596192
vn -0.091398 0.792632 0.602812
vn -0.565582 0.487207 0.665392
vn -0.590835 0.138400 0.794833
vn -0.151818 0.423986 0.892854
vn 0.026953 0.639777 0.768088
vn -0.028040 0.950560 0.309272
vn -0.012820 0.596638 0.802408
vn 0.033024 0.953190 0.300563
vn -0.666520 0.198917 0.718459
vn -0.032733 0.060458 0.997634
vn -0.617423 0.336592 0.710982
vn -0.351705 0.033369 0.935516
vn -0.582951 0.200570 0.787363
vn -0.051416 0.461433 0.885684
vn -0.273080 0.724844 0.632478
vn 0.080880 0.941983 0.325771
vn -0.505305 0.441065 0.741706
vn -0.540835 0.435519 0.719598
vn -0.166333 0.639384 0.750681
vn 0.073482 0.951333 0.299277
vn -0.470417 0.175497 0.864817
vn -0.726670 0.088542 0.681257
vn -0.988369 -0.058069 0.140553
vn -0.988328 -0.039826 0.147045
vn -0.980675 -0.145501 0.130789
vn -0.958951 -0.268656 0.090755
vn -0.830671 0.112604 0.545257
vn -0.855429 0.174477 0.487646
vn -0.960749 -0.094892 0.260685
vn -0.945435 -0.182821 0.269684
vn -0.970848 0.003020 0.239679
vn -0.883426 -0.317436 0.344664
vn -0.842798 -0.331591 0.423958
vn -0.752552 -0.302457 0.584966
vn -0.796879 -0.327269 0.507819
vn -0.704254 -0.259470 0.660834
vn -0.556293 -0.207829 0.804578
vn -0.612023 -0.001926 0.790837
vn -0.369309 -0.101673 0.923728
vn -0.455637 -0.071292 0.887306
vn -0.657183 -0.256611 0.708705
vn -0.900182 -0.241451 0.362454
vn -0.843023 -0.282084 0.457975
vn -0.898439 -0.187805 0.396908
vn -0.807376 -0.227990 0.544209
vn -0.931757 0.078058 0.354594
vn -0.920402 -0.029050 0.389893
vn -0.756027 -0.302085 0.580661
vn -0.918221 -0.297487 0.261479
vn -0.851109 -0.083255 0.518346
vn 0.006365 -0.215562 0.976470
vn 0.113746 -0.233469 0.965688
vn 0.342197 0.190450 0.920125
vn 0.287009 0.450424 0.845425
vn 0.581278 0.255091 0.772686
vn 0.615387 -0.008922 0.788175
vn -0.927235 -0.193103 0.320853
vn -0.967664 -0.248519 0.043183
vn -0.433462 0.897977 0.075821
vn -0.862370 0.278330 -0.422908
vn -0.862370 0.278330 -0.422908
vn -0.967664 -0.248519 0.043183
vn -0.423024 0.607728 -0.672099
vn 0.403336 -0.270755 0.874078
vn 0.501851 -0.273635 0.820530
vn 0.514730 -0.267504 0.814552
vn -0.423024 0.607728 -0.672099
vn -0.012607 0.999920 -0.000848
vn 0.269696 0.699380 0.661915
vn 0.466270 0.577492 0.670146
vn -0.181802 -0.205611 0.961599
vn -0.619575 -0.781902 0.068967
vn 0.000000 0.841204 0.540718
vn -0.171007 0.839634 0.515530
vn 0.000000 0.396846 0.917885
vn 0.000000 -0.720073 0.693899
vn 0.584473 -0.688591 0.429225
vn 0.480519 0.449304 0.753145
vn 0.171007 0.839635 0.515528
vn -0.480519 0.449304 0.753145
vn -0.584473 -0.688590 0.429227
vn 0.220338 -0.476175 0.851298
vn 0.257348 -0.527763 0.809468
vn -0.000159 -0.536996 0.843585
vn 0.246252 -0.052047 0.967808
vn -0.000156 -0.581976 0.813206
vn -0.000152 -0.070825 0.997489
vn 0.542825 -0.320617 0.776238
vn 0.512450 0.019960 0.858485
vn -0.152198 0.725787 -0.670872
vn -0.092288 0.759687 -0.643707
vn 0.133459 0.969912 0.203617
vn -0.152198 0.725787 -0.670872
vn 0.059382 0.923316 0.379422
vn -0.092288 0.759687 -0.643707
vn 0.000000 0.765783 -0.643099
vn 0.000000 0.899502 0.436917
vn 0.193012 0.339663 0.920530
vn 0.000000 0.307641 0.951502
vn 0.396096 0.432306 0.810074
vn 0.000000 0.765783 -0.643099
vn -0.220244 -0.475973 0.851436
vn 0.000000 0.858327 0.513103
vn 0.000000 -0.157480 0.987522
vn -0.173716 0.936431 0.304826
vn 0.948283 0.019993 0.316797
vn 0.872887 -0.477388 0.100840
vn 0.673052 -0.240096 0.699539
vn 0.394930 -0.891154 0.223327
vn 0.874354 0.478950 0.078177
vn 0.823632 0.559631 0.091892
vn 0.294574 0.955439 0.019022
vn 0.381457 0.924298 0.012827
vn 0.000000 0.999878 -0.015599
vn 0.000000 0.997174 -0.075133
vn 0.000000 -0.157480 0.987522
vn 0.000000 -0.923699 0.383120
vn 0.394930 -0.891154 0.223327
vn 0.921281 -0.353647 0.161786
vn 0.838614 0.440219 0.320834
vn 0.173717 0.936432 0.304824
vn 0.000000 0.858327 0.513103
vn 0.000000 -0.720073 0.693899
vn 0.000000 0.969428 0.245376
vn 0.265759 0.915603 0.301733
vn 0.277425 0.367290 0.887769
vn 0.000000 0.603020 0.797726
vn 0.491450 0.505448 0.709224
vn -0.394930 -0.891154 0.223329
vn -0.872887 -0.477388 0.100843
vn -0.673052 -0.240096 0.699539
vn -0.948281 0.019992 0.316801
vn -0.823631 0.559630 0.091899
vn -0.874354 0.478950 0.078176
vn -0.381456 0.924298 0.012832
vn -0.294574 0.955439 0.019020
vn 0.000000 -0.923699 0.383120
vn -0.394930 -0.891154 0.223329
vn -0.921280 -0.353647 0.161790
vn -0.838614 0.440219 0.320834
vn -0.265759 0.915603 0.301734
vn -0.277423 0.367287 0.887770
vn -0.491451 0.505447 0.709224
vn -0.858806 0.264198 0.438921
vn -0.829069 0.224559 0.512073
vn -0.637831 0.432962 0.636958
vn 0.858805 0.264198 0.438922
vn 0.829068 0.224559 0.512074
vn 0.924116 0.099267 0.368992
vn 0.380484 0.513932 0.768834
vn 0.251748 0.526598 0.811984
vn 0.356861 0.423026 0.832886
vn 0.229571 0.422549 0.876783
vn 0.133367 0.419636 0.897841
vn 0.162802 0.536655 0.827947
vn 0.000000 0.540688 0.841223
vn 0.000000 0.418404 0.908261
vn 0.637830 0.432962 0.636958
vn 0.601340 0.360860 0.712860
vn 0.966549 -0.045740 0.252370
vn -0.924116 0.099267 0.368991
vn -0.229572 0.422551 0.876782
vn -0.251749 0.526600 0.811982
vn -0.356862 0.423026 0.832886
vn -0.380484 0.513932 0.768834
vn -0.133367 0.419637 0.897840
vn -0.162803 0.536655 0.827947
vn -0.601341 0.360860 0.712860
vn -0.966549 -0.045740 0.252371
vn 0.807376 -0.227990 0.544209
vn 0.612024 -0.001926 0.790837
vn 0.657182 -0.256611 0.708705
vn 0.960749 -0.094892 0.260685
vn 0.156062 -0.087273 0.983884
vn 0.000000 -0.109984 0.993933
vn 0.919510 0.061234 0.388268
vn 0.918171 -0.042002 0.393952
vn 0.864444 0.054891 0.499724
vn 0.846828 -0.163591 0.506083
vn 0.970848 0.003020 0.239679
vn 0.960429 0.018300 0.277924
vn 0.287517 0.089560 0.953579
vn 0.388468 0.108777 0.915019
vn 0.242243 0.004834 0.970204
vn 0.275852 0.050043 0.959897
vn 0.299845 0.181906 0.936485
vn 0.295999 0.141567 0.944639
vn 0.289312 0.265493 0.919681
vn 0.556292 -0.207830 0.804578
vn 0.312617 -0.104379 0.944127
vn 0.394845 0.026871 0.918355
vn 0.470420 0.175497 0.864816
vn 0.298633 0.243129 0.922880
vn 0.263565 0.317735 0.910812
vn 0.564709 0.375557 0.734889
vn 0.291124 0.350710 0.890084
vn 0.297184 0.432896 0.851048
vn 0.369307 -0.101672 0.923729
vn 0.455636 -0.071291 0.887307
vn 0.898439 -0.187805 0.396908
vn 0.920403 -0.029051 0.389890
vn 0.931757 0.078058 0.354592
vn 0.855429 0.174476 0.487647
vn 0.830672 0.112604 0.545256
vn 0.952154 -0.020961 0.304899
vn 0.851111 -0.083255 0.518343
vn 0.726675 0.088542 0.681252
vn -0.343137 -0.778647 0.525324
vn -0.255561 -0.497186 0.829153
vn -0.180339 -0.696340 0.694687
vn 0.237897 -0.839213 0.489006
vn 0.325287 -0.793251 0.514724
vn -0.582849 -0.381281 0.717573
vn -0.546112 -0.122351 0.828729
vn -0.030185 -0.449131 0.892956
vn 0.035065 -0.465810 0.884190
vn -0.275317 -0.623837 0.731457
vn -0.197743 -0.627216 0.753324
vn -0.652141 -0.286000 0.702080
vn -0.741792 -0.284363 0.607357
vn -0.455577 -0.345555 0.820391
vn -0.611517 -0.316836 0.725025
vn -0.716974 -0.442982 0.538251
vn -0.609869 -0.356859 0.707610
vn -0.117708 -0.856390 0.502734
vn -0.176966 -0.766300 0.617631
vn -0.402252 -0.722249 0.562628
vn -0.023893 -0.311559 0.949926
vn -0.038530 -0.241043 0.969750
vn -0.002380 -0.858309 0.513129
vn -0.141995 -0.579822 0.802275
vn 0.105589 -0.863907 0.492460
vn -0.169600 -0.350513 0.921074
vn -0.273753 -0.111327 0.955335
vn -0.542831 -0.320619 0.776234
vn -0.512454 0.019958 0.858483
vn -0.615389 -0.008923 0.788173
vn -0.246257 -0.052048 0.967806
vn -0.257351 -0.527765 0.809466
vn -0.287007 0.450423 0.845427
vn -0.006362 -0.215609 0.976459
vn -0.342199 0.190448 0.920125
vn -0.113752 -0.233481 0.965685
vn -0.581278 0.255088 0.772688
vn 0.927235 -0.193103 0.320853
vn 0.433465 0.897974 0.075831
vn 0.967664 -0.248519 0.043184
vn 0.862371 0.278332 -0.422903
vn 0.862371 0.278332 -0.422903
vn 0.967664 -0.248519 0.043184
vn 0.423026 0.607729 -0.672097
vn 0.152199 0.725788 -0.670870
vn 0.092288 0.759690 -0.643704
vn -0.403338 -0.270761 0.874075
vn -0.501852 -0.273635 0.820529
vn -0.514729 -0.267503 0.814553
vn 0.012609 0.999920 -0.000839
vn 0.423026 0.607729 -0.672097
vn 0.152199 0.725788 -0.670870
vn -0.133458 0.969910 0.203624
vn 0.092288 0.759690 -0.643704
vn -0.059381 0.923313 0.379429
vn -0.192864 0.339673 0.920558
vn -0.396095 0.432304 0.810076
vn -0.466265 0.577486 0.670154
vn -0.269694 0.699377 0.661920
vn 0.181823 -0.205680 0.961580
vn 0.619562 -0.781919 0.068884
vn 0.376386 0.195562 0.905588
vn 0.574837 0.182315 0.797699
vn 0.350403 0.114858 0.929530
vn 0.725162 0.233639 0.647730
vn 0.794270 0.211318 0.569632
vn 0.158567 -0.293672 0.942663
vn 0.549504 0.243900 0.799099
vn 0.518120 -0.229904 0.823830
vn 0.836007 0.018991 0.548390
vn 0.772125 -0.232881 0.591261
vn 0.761223 -0.064571 0.645267
vn 0.663282 -0.296937 0.686940
vn 0.645499 0.152271 0.748428
vn 0.635434 -0.135382 0.760194
vn 0.799263 -0.373232 0.471038
vn 0.688927 0.530638 0.493764
vn 0.798474 0.262668 0.541706
vn 0.282057 0.466081 0.838578
vn 0.234828 0.446099 0.863627
vn 0.574644 0.390284 0.719349
vn 0.588210 0.415276 0.693942
vn -0.052106 0.154695 0.986587
vn 0.710393 -0.241581 0.661045
vn 0.815616 0.002777 0.578587
vn 0.676260 0.231019 0.699502
vn 0.736538 0.167178 0.655411
vn -0.210462 0.747443 0.630107
vn -0.431746 -0.140906 0.890922
vn 0.210357 0.314694 0.925591
vn 0.154522 0.220802 0.963000
vn 0.602905 0.192467 0.774249
vn 0.851434 0.094461 0.515886
vn 0.860110 -0.091954 0.501753
vn -0.323101 0.303060 0.896527
vn -0.199852 0.296372 0.933929
vn -0.642503 -0.549479 0.534100
vn -0.361407 -0.728380 0.582107
vn -0.180376 -0.808153 0.560672
vn -0.096351 0.271814 0.957514
vn 0.000000 0.256542 0.966533
vn 0.030186 -0.449137 0.892953
vn 0.023894 -0.311561 0.949926
vn 0.038532 -0.241046 0.969748
vn 0.255564 -0.497181 0.829155
vn -0.237897 -0.839210 0.489011
vn 0.180352 -0.696378 0.694644
vn -0.325289 -0.793251 0.514723
vn 0.546108 -0.122349 0.828732
vn 0.582851 -0.381283 0.717571
vn 0.197744 -0.627216 0.753324
vn -0.035065 -0.465804 0.884193
vn 0.275317 -0.623840 0.731454
vn 0.505300 0.441058 0.741714
vn 0.652138 -0.286002 0.702082
vn 0.540830 0.435513 0.719605
vn 0.741789 -0.284363 0.607361
vn 0.455574 -0.345554 0.820393
vn 0.611526 -0.316843 0.725015
vn 0.216015 0.550756 0.806229
vn 0.716976 -0.442985 0.538246
vn 0.565576 0.487199 0.665403
vn 0.609869 -0.356863 0.707608
vn 0.343139 -0.778646 0.525325
vn 0.117708 -0.856386 0.502741
vn 0.402252 -0.722247 0.562631
vn 0.176966 -0.766304 0.617625
vn 0.002380 -0.858310 0.513127
vn 0.141990 -0.579823 0.802274
vn -0.105588 -0.863906 0.492462
vn 0.169604 -0.350511 0.921074
vn 0.273751 -0.111323 0.955337
vn 0.642502 -0.549478 0.534102
vn 0.361405 -0.728373 0.582116
vn 0.180374 -0.808151 0.560676
vn 0.096351 0.271814 0.957514
vn 0.199852 0.296371 0.933929
vn 0.323101 0.303060 0.896527
vn -0.244887 -0.661008 0.709295
vn -0.683621 -0.311824 0.659870
vn -0.525775 -0.468468 0.709999
vn -0.310370 0.252512 0.916465
vn -0.917988 0.040075 0.394579
vn -0.805994 0.160235 0.569823
vn -0.805358 -0.033868 0.591820
vn -0.150839 -0.736604 0.659289
vn -0.177408 -0.733242 0.656416
vn -0.410997 -0.505065 0.758941
vn -0.904907 0.017396 0.425255
vn -0.797185 0.119885 0.591712
vn -0.502046 0.023461 0.864523
vn -0.386834 -0.420978 0.820449
vn -0.945360 -0.049889 0.322190
vn -0.925406 -0.018040 0.378548
vn -0.815501 0.115334 0.567147
vn -0.532416 0.227796 0.815256
vn -0.518556 0.266010 0.812612
vn -0.557066 0.252989 0.790995
vn -0.026954 0.639789 0.768078
vn 0.051414 0.461427 0.885687
vn 0.032733 0.060459 0.997634
vn -0.104002 0.910727 0.399699
vn 0.127708 0.943330 0.306298
vn 0.264936 0.757880 0.596177
vn 0.091397 0.792628 0.602816
vn 0.590833 0.138398 0.794835
vn 0.346096 0.050775 0.936824
vn 0.151817 0.423982 0.892856
vn 0.096034 0.123521 0.987684
vn -0.033024 0.953196 0.300546
vn 0.028039 0.950565 0.309257
vn 0.012821 0.596653 0.802397
vn 0.666514 0.198915 0.718465
vn 0.617421 0.336590 0.710984
vn 0.582951 0.200568 0.787363
vn 0.351708 0.033369 0.935515
vn 0.273081 0.724863 0.632456
vn -0.080881 0.941994 0.325737
vn 0.166338 0.639410 0.750657
vn -0.073483 0.951344 0.299241
vn 0.815502 0.115335 0.567146
vn 0.532417 0.227797 0.815255
vn 0.518557 0.266011 0.812611
vn 0.310371 0.252512 0.916465
vn 0.805993 0.160236 0.569825
vn 0.917987 0.040075 0.394580
vn 0.525777 -0.468468 0.709998
vn 0.683621 -0.311824 0.659870
vn 0.805358 -0.033868 0.591820
vn 0.150839 -0.736604 0.659289
vn 0.244887 -0.661005 0.709298
vn 0.177407 -0.733239 0.656421
vn 0.411003 -0.505067 0.758936
vn 0.797186 0.119885 0.591712
vn 0.904906 0.017396 0.425255
vn 0.386835 -0.420977 0.820449
vn 0.502048 0.023461 0.864522
vn 0.945360 -0.049889 0.322189
vn 0.925405 -0.018040 0.378549
vn 0.557066 0.252989 0.790995
vn -0.037048 -0.127198 0.991185
vn 0.037048 -0.127199 0.991185
vn 0.000485 0.053167 0.998586
vn 0.000000 0.058371 0.998295
vn 0.000000 0.171967 0.985103
vn -0.000485 0.053168 0.998586
vn 0.049347 0.181019 0.982241
vn 0.051617 0.164004 0.985108
vn 0.173415 0.222330 0.959425
vn 0.280952 -0.687410 0.669726
vn 0.211020 -0.460897 0.862000
vn 0.215816 -0.480460 0.850048
vn 0.230436 -0.390184 0.891435
vn 0.464240 -0.513104 0.721946
vn 0.283520 0.280511 0.917022
vn 0.259916 0.021763 0.965386
vn 0.020282 0.032736 0.999258
vn 0.086099 -0.174205 0.980938
vn 0.329966 -0.372025 0.867594
vn 0.340408 -0.182419 0.922413
vn 0.165803 -0.276853 0.946500
vn 0.098402 -0.008410 0.995111
vn 0.144140 0.000290 0.989557
vn 0.066627 -0.040640 0.996950
vn 0.142804 0.217642 0.965525
vn -0.173414 0.222329 0.959426
vn -0.142804 0.217641 0.965526
vn -0.215816 -0.480460 0.850048
vn -0.211019 -0.460895 0.862002
vn -0.280952 -0.687412 0.669724
vn -0.230436 -0.390183 0.891435
vn -0.464241 -0.513103 0.721946
vn -0.259916 0.021764 0.965386
vn -0.283519 0.280511 0.917023
vn -0.086099 -0.174205 0.980938
vn -0.020282 0.032737 0.999258
vn -0.329966 -0.372025 0.867594
vn -0.340120 -0.182598 0.922484
vn -0.165804 -0.276853 0.946500
vn -0.049347 0.181018 0.982241
vn -0.098402 -0.008411 0.995111
vn -0.144140 0.000290 0.989557
vn -0.066627 -0.040640 0.996950
vn -0.051616 0.164004 0.985109
vn 0.533765 -0.608937 0.586763
vn 0.772361 -0.574191 0.271594
vn 0.621757 -0.003880 0.783201
vn 0.919614 0.000544 0.392823
vn 0.196664 -0.625058 0.755398
vn 0.260895 -0.004531 0.965357
vn 0.000000 -0.623038 0.782191
vn 0.000000 -0.001257 0.999999
vn 0.000000 -0.973880 0.227062
vn 0.050633 -0.971724 0.230627
vn 0.230254 -0.960797 0.154441
vn 0.364321 -0.929255 0.061281
vn 0.818225 -0.564498 0.108860
vn 0.991821 0.000968 0.127634
vn 0.358052 -0.932255 0.051958
vn -0.533780 -0.608939 0.586748
vn -0.621759 -0.003878 0.783199
vn -0.772367 -0.574190 0.271579
vn -0.919614 0.000546 0.392822
vn -0.260899 -0.004531 0.965356
vn -0.196671 -0.625057 0.755397
vn 0.000000 -0.623038 0.782191
vn 0.000000 -0.001257 0.999999
vn 0.000000 -0.973880 0.227062
vn -0.050640 -0.971724 0.230627
vn -0.230270 -0.960797 0.154415
vn -0.364330 -0.929253 0.061256
vn -0.991821 0.000971 0.127632
vn -0.818226 -0.564497 0.108856
vn -0.358053 -0.932255 0.051953
vn 0.530737 0.608401 0.590057
vn 0.621756 0.004078 0.783200
vn 0.770446 0.574734 0.275851
vn 0.919614 -0.000439 0.392823
vn 0.260896 0.004777 0.965355
vn 0.196668 0.625253 0.755236
vn 0.000003 0.623243 0.782028
vn 0.000000 0.001512 0.999999
vn 0.000005 0.973942 0.226799
vn 0.050637 0.971785 0.230371
vn 0.226766 0.960515 0.161210
vn 0.361141 0.930019 0.068132
vn 0.991821 -0.000924 0.127632
vn 0.818220 0.564534 0.108713
vn 0.358046 0.932270 0.051719
vn -0.530746 0.608400 0.590049
vn -0.770445 0.574737 0.275848
vn -0.621760 0.004080 0.783197
vn -0.919615 -0.000437 0.392820
vn -0.196669 0.625252 0.755236
vn -0.260897 0.004777 0.965355
vn 0.000003 0.623243 0.782028
vn 0.000000 0.001512 0.999999
vn 0.000005 0.973942 0.226799
vn -0.050639 0.971784 0.230372
vn -0.226778 0.960513 0.161203
vn -0.361138 0.930020 0.068128
vn -0.818214 0.564542 0.108715
vn -0.991821 -0.000922 0.127634
vn -0.358029 0.932277 0.051719
vn -0.736575 0.614308 -0.282990
vn -0.690994 0.643404 -0.329483
vn -0.608271 0.733353 -0.303644
vn -0.219968 0.881155 -0.418546
vn -0.274019 0.855597 -0.439168
vn -0.089118 0.897388 -0.432150
vn 0.001306 0.897683 -0.440640
vn 0.006431 0.901163 -0.433432
vn 0.082577 0.899351 -0.429359
vn -0.424420 0.827079 -0.368522
vn 0.230037 0.843503 -0.485371
vn 0.244162 0.842854 -0.479564
vn 0.255698 0.824492 -0.504808
vn 0.185290 0.875905 -0.445487
vn 0.133301 0.892212 -0.431496
vn 0.157589 0.898576 -0.409546
vn -0.714748 0.671628 -0.195067
vn 0.256351 0.816691 -0.517011
vn 0.373905 0.745911 -0.551192
vn 0.373443 0.745827 -0.551618
vn 0.373972 0.745979 -0.551053
vn 0.737385 -0.613288 0.283092
vn 0.608848 -0.732387 0.304818
vn 0.692202 -0.641168 0.331301
vn 0.220341 -0.880520 0.419684
vn 0.089343 -0.896248 0.434462
vn 0.274770 -0.854273 0.441270
vn -0.001308 -0.897193 0.441637
vn -0.082209 -0.898246 0.431737
vn -0.006268 -0.899928 0.435993
vn 0.425146 -0.825888 0.370351
vn -0.230565 -0.842545 0.486782
vn -0.256038 -0.823857 0.505672
vn -0.244420 -0.841749 0.481371
vn -0.374404 -0.744900 0.552220
vn -0.374935 -0.745052 0.551654
vn -0.374472 -0.744968 0.552081
vn -0.185425 -0.874795 0.447607
vn -0.157467 -0.897549 0.411837
vn -0.133528 -0.891714 0.432455
vn 0.715268 -0.670935 0.195545
vn -0.256595 -0.815868 0.518188
vn 0.736397 0.614453 -0.283138
vn 0.608142 0.733482 -0.303592
vn 0.690864 0.643567 -0.329438
vn 0.219969 0.881158 -0.418539
vn 0.089118 0.897388 -0.432150
vn 0.273983 0.855481 -0.439416
vn -0.001306 0.897681 -0.440644
vn -0.082577 0.899348 -0.429366
vn -0.006430 0.901159 -0.433441
vn 0.424322 0.827170 -0.368431
vn -0.230036 0.843501 -0.485375
vn -0.255698 0.824493 -0.504808
vn -0.244160 0.842854 -0.479565
vn -0.373972 0.745979 -0.551053
vn -0.373443 0.745827 -0.551618
vn -0.373905 0.745911 -0.551192
vn -0.185289 0.875903 -0.445492
vn -0.157588 0.898576 -0.409546
vn -0.133300 0.892210 -0.431500
vn 0.714340 0.672092 -0.194964
vn -0.256351 0.816691 -0.517011
vn -0.737564 -0.613142 0.282944
vn -0.692332 -0.641004 0.331346
vn -0.608977 -0.732258 0.304870
vn -0.220340 -0.880517 0.419691
vn -0.274807 -0.854389 0.441022
vn -0.089343 -0.896248 0.434462
vn 0.001308 -0.897195 0.441633
vn 0.006269 -0.899933 0.435984
vn 0.082209 -0.898249 0.431731
vn -0.425245 -0.825796 0.370443
vn 0.230566 -0.842547 0.486778
vn 0.244421 -0.841749 0.481370
vn 0.256038 -0.823857 0.505673
vn 0.185426 -0.874797 0.447602
vn 0.133529 -0.891716 0.432451
vn 0.157468 -0.897549 0.411837
vn -0.715678 -0.670468 0.195647
vn 0.256595 -0.815868 0.518188
vn 0.374472 -0.744968 0.552081
vn 0.374935 -0.745052 0.551654
vn 0.374404 -0.744900 0.552220
vn -0.017735 0.971670 0.235677
vn 0.091008 0.982532 0.162322
vn -0.017735 0.971670 0.235677
vn 0.690914 0.546414 0.473360
vn 0.962785 0.206181 0.174742
vn 0.640716 0.390062 0.661313
vn 0.997431 0.068227 -0.021807
vn -0.388281 0.715797 0.580407
vn -0.232579 0.537828 0.810338
vn 0.997431 0.068227 -0.021807
vn 0.962785 0.206181 0.174742
vn 0.997358 0.010765 -0.071834
vn 0.999705 -0.005229 0.023690
vn 0.759490 0.198257 -0.619572
vn 0.764327 0.057734 -0.642239
vn 0.957611 0.110173 -0.266164
vn -0.915556 0.269227 0.298787
vn -0.805951 0.535166 0.253064
vn -0.987222 0.054152 -0.149870
vn -0.980529 0.173741 -0.091530
vn 0.979182 0.167894 0.114081
vn 0.979182 0.167894 0.114081
vn -0.819683 0.152075 -0.552262
vn -0.815647 0.066039 -0.574769
vn -0.049775 0.230902 -0.971703
vn -0.065702 0.116654 -0.990997
vn -0.980529 0.173741 -0.091530
vn -0.987222 0.054152 -0.149870
vn -0.021220 0.938438 0.344794
vn -0.085175 0.941901 0.324910
vn -0.021220 0.938438 0.344794
vn -0.085175 0.941901 0.324910
vn -0.069799 0.966123 0.248464
vn -0.069799 0.966123 0.248464
vn -0.029727 0.963609 0.265656
vn -0.029727 0.963609 0.265656
vn -0.013971 0.970754 0.239671
vn -0.013971 0.970754 0.239671
vn -0.029727 0.963609 0.265656
vn -0.029727 0.963609 0.265656
vn 0.091008 0.982532 0.162322
vn -0.308501 0.058609 -0.949416
vn 0.101709 -0.129702 -0.986323
vn -0.308501 0.058609 -0.949416
vn 0.101709 -0.129702 -0.986323
vn -0.262795 -0.307868 -0.914416
vn -0.262795 -0.307868 -0.914416
vn 0.000000 -1.000000 0.000000
vn 0.000000 -1.000000 0.000000
vn 0.000000 -1.000000 0.000000
vn 0.000000 -1.000000 0.000000
vn 0.000000 -1.000000 0.000000
vn 0.935288 0.268323 -0.230735
vn 0.971858 0.103027 -0.211844
vn 0.720424 0.364077 -0.590285
vn 0.732479 0.258020 -0.630000
vn 0.727124 0.074199 -0.682484
vn 0.954795 0.009732 -0.297106
vn 0.714771 -0.000630 -0.699358
vn -0.014959 0.416857 -0.908849
vn 0.002089 0.326357 -0.945244
vn -0.759795 0.358336 -0.542501
vn -0.746367 0.272362 -0.607252
vn -0.978452 0.165917 -0.122891
vn -0.971308 0.137530 -0.194026
vn -0.697639 0.106942 -0.708423
vn -0.665226 0.029765 -0.746048
vn -0.943352 0.059091 -0.326489
vn 0.027123 0.114710 -0.993029
vn 0.034917 -0.003172 -0.999385
vn 0.002089 0.326357 -0.945244
vn -0.014959 0.416857 -0.908849
vn 0.027123 0.114710 -0.993029
vn 0.034917 -0.003172 -0.999385
vn 0.040241 -0.150781 -0.987748
vn -0.632925 -0.189280 -0.750719
vn 0.040241 -0.150781 -0.987748
vn -0.632925 -0.189280 -0.750719
vn -0.954627 -0.144819 -0.260221
vn -0.924309 -0.214336 -0.315773
vn 0.694602 -0.133618 -0.706876
vn 0.694602 -0.133618 -0.706876
vn 0.960192 -0.123356 -0.250630
vn 0.975413 -0.095429 -0.198652
vn 0.995558 0.069117 -0.063924
vn 0.999237 0.013471 0.036661
vn 0.999096 -0.037586 -0.019881
vn -0.988557 -0.026370 -0.148526
vn 0.998487 -0.035577 0.041934
vn 0.994105 -0.058925 0.134890
vn 0.636769 0.115975 0.762283
vn 0.556768 -0.030917 0.833671
vn -0.212786 0.196966 0.957040
vn -0.223828 -0.056434 0.968219
vn 0.742413 -0.073588 -0.665889
vn 0.710307 -0.098594 -0.694862
vn 0.998487 -0.035577 0.041934
vn 0.994105 -0.058925 0.134890
vn -0.075102 -0.110884 -0.983952
vn -0.097279 -0.042830 -0.994335
vn -0.743700 -0.106539 -0.650230
vn -0.794753 -0.037846 -0.605752
vn -0.980421 -0.086242 -0.122218
vn -0.865742 -0.079620 0.479896
vn -0.880285 0.085008 0.466768
vn -0.988557 -0.026370 -0.148526
vn -0.980421 -0.086242 -0.122218
vn 0.566179 0.648899 0.508303
vn 0.848278 0.384141 0.364501
vn 0.569793 0.592473 0.569484
vn -0.736728 0.648828 0.190406
vn -0.891384 0.453184 -0.007678
vn -0.868076 0.495984 0.021075
vn -0.907850 0.418785 0.020689
vn 0.999764 -0.005285 0.021068
vn 0.232627 0.401592 -0.885781
vn 0.232627 0.401592 -0.885781
vn 0.060211 0.980318 0.188018
vn 0.029265 0.980002 0.196826
vn 0.060211 0.980318 0.188018
vn 0.029265 0.980002 0.196826
vn 0.617184 -0.123046 -0.777138
vn 0.617184 -0.123046 -0.777138
vn 0.536843 -0.500782 -0.678982
vn 0.536843 -0.500782 -0.678982
vn 0.091094 -0.788633 -0.608078
vn 0.091094 -0.788633 -0.608078
vn 0.536843 -0.500782 -0.678982
vn 0.536843 -0.500782 -0.678982
vn 0.232627 0.401592 -0.885781
vn 0.009893 -0.988663 -0.149827
vn 0.006118 -0.978015 -0.208443
vn 0.009893 -0.988663 -0.149827
vn 0.006118 -0.978015 -0.208443
vn 0.000000 -1.000000 0.000000
vn 0.000000 -1.000000 0.000000
vn 0.002808 -0.992397 -0.123047
vn 0.002808 -0.992397 -0.123047
vn -0.000731 -0.045009 0.998986
vn -0.000731 -0.045009 0.998986
vn -0.000731 -0.045009 0.998986
vn -0.000731 -0.045009 0.998986
vn 0.001240 -0.996879 0.078939
vn 0.001240 -0.996879 0.078939
vn 0.002282 -0.999105 0.042229
vn 0.002282 -0.999105 0.042229
vn -0.009001 -0.962409 0.271457
vn -0.003292 -0.970148 0.242492
vn 0.003584 -0.962118 0.272610
vn 0.000342 -0.989287 0.145980
vn 0.000342 -0.989287 0.145980
vn 0.006434 -0.968892 0.247402
vn -0.007378 0.908303 0.418248
vn 0.005654 0.473759 0.880636
vn 0.485862 0.825953 0.285902
vn 0.575479 0.503920 0.644119
vn 0.949962 0.281645 0.135082
vn 0.959933 0.221302 0.171911
vn 0.546045 0.737720 0.396994
vn -0.030663 0.939300 0.341724
vn -0.013669 0.963011 0.269113
vn 0.521452 0.790610 0.320972
vn 0.498459 0.827244 0.259241
vn 0.473678 0.863156 0.174902
vn -0.007342 0.984292 0.176397
vn 0.999023 -0.043893 -0.005200
vn 0.999702 0.002038 -0.024332
vn 0.897891 0.397394 0.189395
vn 0.971421 0.181720 0.152706
vn 0.923467 0.344275 0.169361
vn 0.991449 0.106165 0.075877
vn 0.996526 -0.079546 -0.024647
vn 0.995556 -0.085150 -0.040223
vn 0.859361 0.486651 0.157064
vn 0.952434 0.221593 0.209202
vn 0.886481 0.433402 0.162217
vn 0.966244 0.201621 0.160379
vn -0.008348 0.997221 0.074030
vn -0.359894 0.927193 0.103870
vn -0.353149 0.915787 0.191361
vn -0.779259 0.566494 0.268029
vn -0.413491 0.860987 0.296189
vn -0.510375 0.528671 0.678251
vn -0.093315 0.793059 0.601956
vn -0.641454 0.674334 0.365802
vn -0.058548 0.885542 0.460854
vn -0.543657 0.780243 0.309286
vn -0.384462 0.892233 0.236876
vn -0.804235 0.530299 0.268310
vn -0.823378 0.538440 0.179248
vn -0.990936 0.078403 -0.109084
vn -0.963512 0.187644 -0.190876
vn -0.983591 0.109888 -0.143083
vn -0.930848 0.365045 -0.016235
vn 0.617946 0.285512 0.732547
vn 0.013548 0.242578 0.970037
vn -0.907297 0.189410 0.375414
vn -0.555696 0.271667 0.785747
vn -0.968706 0.208360 0.134886
vn -0.941132 0.160915 0.297284
vn -0.982391 -0.050652 -0.179839
vn -0.959688 0.138182 -0.244754
vn -0.982626 0.035871 -0.182100
vn -0.959688 0.138182 -0.244754
vn 0.997770 0.066622 -0.003975
vn 0.997770 0.066622 -0.003975
vn 0.999051 -0.019741 -0.038816
vn 0.996748 -0.056179 -0.057772
vn -0.954291 0.280401 0.103463
vn -0.961459 0.259819 -0.089942
vn -0.954291 0.280401 0.103463
vn -0.961459 0.259819 -0.089942
vn 0.966232 0.131474 0.221607
vn 0.966232 0.131474 0.221607
vn 0.973263 0.182052 0.140055
vn 0.973263 0.182052 0.140055
vn 0.018121 0.252769 0.967357
vn 0.637507 0.222337 0.737666
vn 0.018121 0.252769 0.967357
vn 0.637507 0.222337 0.737666
vn -0.932620 0.255799 0.254531
vn -0.908596 0.195143 0.369287
vn -0.932620 0.255799 0.254531
vn -0.908596 0.195143 0.369287
vn -0.560405 0.238955 0.792998
vn -0.560405 0.238955 0.792998
vn 0.999051 -0.019741 -0.038816
vn 0.996748 -0.056179 -0.057772
vn -0.946244 0.224089 -0.233253
vn -0.946244 0.224089 -0.233253
vn 0.983016 0.179109 -0.040004
vn 0.983016 0.179109 -0.040004
vn -0.959817 -0.222294 -0.171278
vn 0.987098 -0.128647 -0.095328
vn 0.038751 0.974571 -0.220702
vn 0.076810 0.986761 -0.142838
vn 0.038751 0.974571 -0.220702
vn 0.076810 0.986761 -0.142838
vn -0.011644 0.956776 -0.290593
vn -0.011644 0.956776 -0.290593
vn -0.002444 0.961156 -0.275996
vn -0.002444 0.961156 -0.275996
vn -0.051221 0.990639 -0.126532
vn -0.051221 0.990639 -0.126532
vn -0.067483 0.976620 -0.204105
vn -0.067483 0.976620 -0.204105
vn -0.027645 0.971008 -0.237442
vn -0.027645 0.971008 -0.237442
vn 0.971329 0.237374 0.013162
vn 0.971329 0.237374 0.013162
vn 0.966945 0.234430 0.100297
vn 0.966945 0.234430 0.100297
vn 0.447289 0.890688 0.081286
vn -0.948971 0.256607 -0.183322
vn -0.881476 0.472223 -0.002151
vn 0.059221 0.991844 -0.112864
vn -0.962452 0.263949 -0.063377
vn -0.844476 0.531925 0.062582
vn -0.453654 0.853260 0.257188
vn -0.024067 0.996398 -0.081306
vn -0.112499 0.738872 0.664389
vn -0.689456 0.614483 0.383486
vn 0.020156 -0.958012 0.286017
vn -0.881295 0.452065 0.137684
vn 0.779259 0.566494 0.268030
vn 0.359894 0.927193 0.103870
vn 0.413491 0.860987 0.296189
vn 0.009001 -0.962409 0.271457
vn -0.003584 -0.962118 0.272610
vn 0.003292 -0.970148 0.242492
vn -0.575479 0.503919 0.644119
vn -0.005654 0.473759 0.880636
vn -0.485862 0.825953 0.285901
vn 0.007378 0.908303 0.418248
vn 0.510375 0.528671 0.678251
vn -0.013548 0.242578 0.970037
vn -0.617946 0.285512 0.732547
vn 0.555696 0.271667 0.785747
vn 0.907297 0.189409 0.375414
vn 0.804235 0.530299 0.268310
vn 0.941132 0.160915 0.297284
vn 0.008348 0.997221 0.074030
vn -0.637507 0.222337 0.737666
vn -0.637507 0.222337 0.737666
vn -0.018121 0.252769 0.967357
vn -0.018121 0.252769 0.967357
vn 0.908596 0.195142 0.369287
vn 0.908596 0.195142 0.369287
vn 0.932621 0.255798 0.254531
vn 0.932621 0.255798 0.254531
vn 0.560405 0.238954 0.792999
vn 0.560405 0.238954 0.792999
vn 0.002444 0.961156 -0.275996
vn 0.011644 0.956776 -0.290593
vn 0.002444 0.961156 -0.275996
vn 0.011644 0.956776 -0.290593
vn 0.051222 0.990639 -0.126533
vn 0.067483 0.976620 -0.204106
vn 0.051222 0.990639 -0.126533
vn 0.067483 0.976620 -0.204106
vn 0.027644 0.971008 -0.237442
vn 0.027644 0.971008 -0.237442
vn 0.353149 0.915788 0.191361
vn -0.447289 0.890688 0.081286
vn -0.006434 -0.968892 0.247402
vn -0.020156 -0.958012 0.286017
vn -0.859361 0.486651 0.157064
vn -0.952434 0.221593 0.209202
vn -0.038752 0.974571 -0.220702
vn -0.038752 0.974571 -0.220702
vn -0.966232 0.131474 0.221607
vn -0.966232 0.131474 0.221607
vn 0.844476 0.531925 0.062582
vn 0.962452 0.263949 -0.063377
vn 0.881477 0.472223 -0.002151
vn 0.388281 0.715797 0.580407
vn 0.736728 0.648828 0.190406
vn 0.837538 0.506741 0.204311
vn 0.868076 0.495984 0.021074
vn 0.865378 0.501062 0.007632
vn -0.979182 0.167894 0.114081
vn -0.690914 0.546414 0.473360
vn -0.962785 0.206181 0.174742
vn -0.979182 0.167894 0.114081
vn -0.999705 -0.005229 0.023690
vn -0.999764 -0.005285 0.021068
vn 0.891384 0.453184 -0.007678
vn -0.962785 0.206181 0.174742
vn -0.232627 0.401593 -0.885781
vn 0.262795 -0.307868 -0.914416
vn -0.232627 0.401593 -0.885781
vn -0.029265 0.980002 0.196826
vn -0.029265 0.980002 0.196826
vn -0.060211 0.980318 0.188018
vn -0.060211 0.980318 0.188018
vn -0.101709 -0.129702 -0.986323
vn -0.101709 -0.129702 -0.986323
vn 0.308501 0.058609 -0.949417
vn 0.308501 0.058609 -0.949417
vn -0.617184 -0.123046 -0.777138
vn -0.617184 -0.123046 -0.777138
vn -0.536843 -0.500782 -0.678982
vn -0.091094 -0.788633 -0.608079
vn -0.091094 -0.788633 -0.608079
vn -0.091008 0.982532 0.162323
vn -0.232627 0.401593 -0.885781
vn -0.091008 0.982532 0.162323
vn -0.232627 0.401593 -0.885781
vn -0.009893 -0.988663 -0.149827
vn -0.009893 -0.988663 -0.149827
vn -0.006118 -0.978015 -0.208443
vn -0.006118 -0.978015 -0.208443
vn 0.000000 -1.000000 0.000000
vn 0.000000 -1.000000 0.000000
vn 0.000000 -1.000000 0.000000
vn 0.000000 -1.000000 0.000000
vn 0.000000 -1.000000 0.000000
vn 0.000000 -1.000000 0.000000
vn 0.000000 -1.000000 0.000000
vn -0.002808 -0.992397 -0.123047
vn -0.002808 -0.992397 -0.123047
vn 0.000731 -0.045009 0.998986
vn 0.000731 -0.045009 0.998986
vn 0.000731 -0.045009 0.998986
vn 0.000731 -0.045009 0.998986
vn -0.001240 -0.996879 0.078939
vn -0.002282 -0.999105 0.042229
vn -0.001240 -0.996879 0.078939
vn -0.002282 -0.999105 0.042229
vn -0.000342 -0.989287 0.145980
vn -0.000342 -0.989287 0.145980
vn -0.949962 0.281645 0.135082
vn -0.546045 0.737720 0.396994
vn -0.959933 0.221302 0.171911
vn -0.566179 0.648899 0.508303
vn 0.030663 0.939300 0.341724
vn -0.521452 0.790610 0.320972
vn 0.013669 0.963011 0.269113
vn -0.498459 0.827244 0.259241
vn 0.007342 0.984292 0.176397
vn -0.473678 0.863156 0.174902
vn -0.999023 -0.043893 -0.005200
vn -0.999702 0.002038 -0.024332
vn -0.727124 0.074199 -0.682484
vn -0.714771 -0.000630 -0.699358
vn -0.954795 0.009732 -0.297106
vn -0.991449 0.106165 0.075878
vn -0.971421 0.181720 0.152706
vn -0.923467 0.344275 0.169361
vn -0.897891 0.397394 0.189395
vn -0.996526 -0.079546 -0.024647
vn -0.995556 -0.085150 -0.040223
vn -0.999096 -0.037586 -0.019881
vn -0.966244 0.201621 0.160379
vn -0.886481 0.433402 0.162217
vn 0.093315 0.793058 0.601956
vn 0.058548 0.885542 0.460854
vn 0.641454 0.674334 0.365802
vn 0.543657 0.780243 0.309286
vn 0.384461 0.892233 0.236876
vn 0.823378 0.538440 0.179248
vn 0.930848 0.365045 -0.016235
vn 0.963512 0.187644 -0.190876
vn 0.983591 0.109888 -0.143083
vn 0.990936 0.078403 -0.109084
vn 0.697639 0.106942 -0.708423
vn 0.943352 0.059090 -0.326489
vn 0.665226 0.029765 -0.746048
vn -0.027123 0.114710 -0.993029
vn -0.034917 -0.003172 -0.999385
vn 0.968706 0.208360 0.134886
vn 0.971308 0.137530 -0.194026
vn -0.027123 0.114710 -0.993029
vn -0.034917 -0.003172 -0.999385
vn 0.959688 0.138182 -0.244754
vn 0.959688 0.138182 -0.244754
vn 0.982626 0.035871 -0.182100
vn 0.982391 -0.050652 -0.179839
vn -0.997770 0.066622 -0.003975
vn -0.999051 -0.019741 -0.038816
vn -0.997770 0.066622 -0.003975
vn -0.996748 -0.056179 -0.057772
vn 0.632925 -0.189280 -0.750719
vn 0.632925 -0.189280 -0.750719
vn -0.040241 -0.150781 -0.987748
vn -0.040241 -0.150781 -0.987748
vn 0.954627 -0.144819 -0.260221
vn 0.924309 -0.214335 -0.315773
vn 0.961459 0.259819 -0.089942
vn 0.961459 0.259819 -0.089942
vn 0.954291 0.280401 0.103463
vn 0.954291 0.280401 0.103463
vn -0.973263 0.182053 0.140056
vn -0.973263 0.182053 0.140056
vn -0.999051 -0.019741 -0.038816
vn -0.975413 -0.095429 -0.198652
vn -0.996748 -0.056179 -0.057772
vn -0.694602 -0.133618 -0.706876
vn -0.694602 -0.133618 -0.706876
vn -0.960192 -0.123356 -0.250630
vn 0.946243 0.224090 -0.233253
vn 0.946243 0.224090 -0.233253
vn -0.983016 0.179109 -0.040004
vn -0.983016 0.179109 -0.040004
vn 0.959817 -0.222294 -0.171278
vn -0.987098 -0.128647 -0.095328
vn -0.076810 0.986761 -0.142838
vn -0.076810 0.986761 -0.142838
vn -0.971329 0.237373 0.013162
vn -0.966945 0.234430 0.100297
vn -0.971329 0.237373 0.013162
vn -0.966945 0.234430 0.100297
vn 0.948971 0.256607 -0.183322
vn -0.059221 0.991844 -0.112864
vn 0.453654 0.853260 0.257188
vn 0.024067 0.996398 -0.081306
vn 0.112499 0.738872 0.664389
vn -0.569793 0.592473 0.569484
vn 0.689456 0.614483 0.383486
vn -0.999237 0.013471 0.036661
vn 0.815647 0.066039 -0.574769
vn 0.987222 0.054152 -0.149870
vn 0.819683 0.152075 -0.552262
vn -0.997431 0.068227 -0.021807
vn -0.640716 0.390062 0.661313
vn -0.997431 0.068227 -0.021807
vn -0.997358 0.010765 -0.071834
vn -0.759490 0.198257 -0.619572
vn -0.957611 0.110174 -0.266164
vn -0.764327 0.057734 -0.642239
vn 0.232579 0.537828 0.810338
vn 0.922966 0.236182 0.303893
vn 0.972305 0.223297 -0.069000
vn 0.049775 0.230902 -0.971703
vn 0.065702 0.116654 -0.990997
vn 0.262795 -0.307868 -0.914416
vn 0.085176 0.941902 0.324909
vn 0.085176 0.941902 0.324909
vn 0.021220 0.938438 0.344795
vn 0.021220 0.938438 0.344795
vn 0.069799 0.966123 0.248463
vn 0.029726 0.963609 0.265658
vn 0.069799 0.966123 0.248463
vn 0.029726 0.963609 0.265658
vn 0.013971 0.970754 0.239671
vn 0.013971 0.970754 0.239671
vn 0.029726 0.963609 0.265658
vn 0.029726 0.963609 0.265658
vn 0.017735 0.971670 0.235677
vn 0.017735 0.971670 0.235677
vn -0.536843 -0.500782 -0.678982
vn -0.536843 -0.500782 -0.678982
vn -0.536843 -0.500782 -0.678982
vn 0.262795 -0.307868 -0.914416
vn -0.935288 0.268323 -0.230735
vn -0.720424 0.364077 -0.590286
vn -0.971858 0.103027 -0.211844
vn -0.732479 0.258020 -0.630000
vn 0.978452 0.165917 -0.122891
vn 0.014959 0.416857 -0.908849
vn 0.759795 0.358336 -0.542501
vn -0.002089 0.326357 -0.945244
vn 0.746367 0.272362 -0.607252
vn 0.014959 0.416857 -0.908849
vn -0.002089 0.326357 -0.945244
vn -0.995558 0.069117 -0.063924
vn -0.848278 0.384141 0.364501
vn 0.881295 0.452065 0.137684
vn 0.212786 0.196966 0.957041
vn -0.556768 -0.030917 0.833671
vn -0.994105 -0.058925 0.134890
vn -0.636769 0.115975 0.762283
vn -0.998487 -0.035576 0.041933
vn 0.223828 -0.056434 0.968219
vn -0.742413 -0.073588 -0.665889
vn -0.998487 -0.035576 0.041933
vn -0.710307 -0.098594 -0.694862
vn -0.994105 -0.058925 0.134890
vn 0.097279 -0.042830 -0.994335
vn 0.075102 -0.110884 -0.983952
vn 0.988557 -0.026370 -0.148526
vn 0.794753 -0.037846 -0.605752
vn 0.980421 -0.086242 -0.122219
vn 0.743700 -0.106539 -0.650230
vn 0.880285 0.085008 0.466768
vn 0.865742 -0.079620 0.479896
vn 0.003873 0.794194 0.612854
vn -0.341804 0.790701 0.514196
vn -0.278968 0.685144 0.679596
vn -0.206596 0.510026 0.840462
vn -0.422501 0.576474 0.708019
vn -0.395338 0.298144 0.876998
vn -0.627884 0.495381 0.610480
vn 0.305647 0.675205 0.678096
vn 0.366450 0.782467 0.509790
vn 0.428427 0.371573 0.827866
vn 0.283759 0.404603 0.876379
vn 0.250812 0.468864 0.852793
vn 0.027008 0.586583 0.816656
vn 0.001617 0.092659 1.004115
vn 0.018482 0.382521 0.929894
vn 0.458912 0.558699 0.699491
vn 0.654459 0.479099 0.595252
vn 0.020814 0.621026 0.792474
vn 0.241728 0.503535 0.834974
vn -0.036490 0.626606 0.782522
vn 0.018014 0.598863 0.809257
vn -0.023643 0.639379 0.774079
vn 0.005111 0.552152 0.844802
vn 0.070267 0.484484 0.879228
vn -0.024726 0.502951 0.875419
vn 0.981402 0.170020 0.025721
vn 0.981402 0.168917 0.025721
vn 0.960342 0.263172 0.085184
vn 0.960342 0.263172 0.085184
vn -0.267051 0.706591 0.667538
vn -0.267815 0.705316 0.666774
vn -0.510310 0.550737 0.666881
vn -0.532927 0.550918 0.651099
vn -0.524604 0.583627 0.632048
vn -0.144364 0.576095 0.808920
vn -0.194881 0.345862 0.921867
vn -0.125440 0.581707 0.807781
vn -0.093223 0.723637 0.693563
vn 0.016049 0.606962 0.805496
vn -0.143887 0.640228 0.761156
vn -0.193055 0.688399 0.707762
vn -0.289594 0.675084 0.685495
vn -0.289455 0.696451 0.668118
vn -0.333024 0.711949 0.629582
vn -0.393323 0.664900 0.643900
vn -0.335469 0.418298 0.844649
vn -0.304282 0.771776 0.570408
vn -0.385363 0.386552 0.842008
vn -0.167168 -0.016210 -0.991089
vn -0.210304 -0.065898 -0.979674
vn -0.126579 0.158347 -0.982135
vn -0.139063 0.120060 -0.982043
vn -0.156175 0.498142 -0.858234
vn -0.382826 0.294246 0.874403
vn -0.210108 0.538709 0.816981
vn -0.935382 -0.342712 0.013422
vn -0.950157 -0.293623 0.107751
vn -0.581334 -0.813816 0.044835
vn -0.754385 -0.582907 0.288301
vn -0.222427 0.966613 0.144116
vn -0.255554 0.837977 -0.484481
vn -0.184523 0.970577 0.176703
vn -0.222179 0.874369 -0.443976
vn -0.128485 0.499951 -0.861930
vn -0.134198 0.098335 -0.989431
vn -0.362661 -0.210427 -0.916970
vn -0.800007 -0.281678 0.517600
vn -0.590684 -0.193045 0.777198
vn -1.007909 0.102244 0.074592
vn -1.013228 0.056648 0.022784
vn -1.007060 0.102244 0.074592
vn -1.013228 0.056648 0.022784
vn -0.969708 0.222248 0.181132
vn -0.652559 0.700947 0.319737
vn -0.970047 0.223012 0.180793
vn -0.652391 0.701711 0.320587
vn -0.220909 0.466041 -0.864079
vn -0.190490 0.045733 -0.985022
vn -0.355725 0.413546 -0.849713
vn -0.218802 0.032874 -0.982301
vn -0.370374 0.820144 -0.461349
vn -0.383386 0.931261 0.047735
vn -0.308680 0.846110 -0.450667
vn -0.310218 0.955010 0.052753
vn -0.453273 0.100653 0.873350
vn -0.472691 0.306714 0.834491
vn -0.370312 0.743545 0.574245
vn -0.383386 0.931261 0.047735
vn -0.526734 0.646876 0.573836
vn -0.586636 0.822778 0.036637
vn -0.417471 -0.783900 -0.479850
vn -0.722357 -0.520915 -0.475616
vn -0.581334 -0.813816 0.044835
vn -0.935382 -0.342712 0.013422
vn -0.303197 -0.336606 -0.901470
vn -0.273631 -0.326211 -0.912784
vn -0.573319 -0.241399 0.770444
vn -0.547027 0.180903 0.810985
vn -0.353847 0.469949 0.808801
vn -0.310218 0.955010 0.052753
vn -0.928165 0.132429 -0.375487
vn -0.928165 0.132004 -0.375487
vn -1.002550 0.037628 -0.065122
vn -1.002550 0.037628 -0.064273
vn -0.553526 0.617834 -0.588150
vn -0.586636 0.822778 0.036637
vn -0.355911 0.119671 -0.939586
vn -0.190010 -0.385568 -0.914017
vn -1.004856 0.076625 0.080095
vn -1.004856 0.076625 0.080773
vn -0.070605 0.741592 0.668771
vn -0.088766 0.914972 0.403766
vn -0.222427 0.966613 0.144116
vn -0.184523 0.970577 0.176703
vn -0.124801 0.806745 0.585009
vn -0.012025 0.868098 0.505572
vn -0.446945 0.422348 0.790380
vn -0.600977 0.126987 0.778714
vn -0.750961 -0.104238 0.642580
vn -1.012037 0.019001 -0.031064
vn -1.012037 0.019425 -0.031064
vn -1.014188 0.006723 -0.013733
vn -1.014527 0.006723 -0.014158
vn -1.013228 0.056648 0.022784
vn -1.015969 0.002907 0.002594
vn -1.013228 0.056648 0.022784
vn -1.015969 0.003332 0.002594
vn -0.741619 -0.050990 0.667450
vn -0.521705 0.074948 0.846235
vn 0.000000 -0.070758 -0.990246
vn 0.000000 -0.070970 -0.994177
vn 0.041478 -0.071882 -0.987401
vn -0.217387 -0.088995 -0.973143
vn -0.533400 -0.139287 -0.835734
vn -0.201047 -0.078702 -0.979749
vn -0.442054 -0.192912 -0.881564
vn 0.329207 0.355771 0.875938
vn 0.038128 0.301944 0.953227
vn -0.210033 0.164910 0.962453
vn 0.082901 0.070494 0.994217
vn -0.252834 0.007974 0.964500
vn -0.571074 -0.046714 0.818198
vn -0.040405 -0.073519 -0.992163
vn -0.042121 -0.056372 -0.997657
vn -0.901245 -0.136691 -0.417600
vn -0.901469 -0.159382 -0.420212
vn -0.553880 -0.127369 -0.815350
vn -0.992708 -0.114445 0.009510
vn 0.000000 -0.070758 -0.990246
vn -0.041478 -0.071882 -0.987401
vn 0.000000 -0.070970 -0.994177
vn -0.826448 -0.261148 -0.528251
vn -0.966587 -0.268171 0.008263
vn -0.966587 -0.268171 0.008263
vn -0.973470 -0.206818 0.109998
vn -0.223350 -0.087225 -0.967559
vn -0.786284 -0.091592 0.614462
vn 0.945873 0.307956 0.124900
vn -0.299540 0.244485 0.924689
vn -0.242803 -0.092400 0.964751
vn -0.321129 -0.156606 0.935455
vn 0.000837 0.220638 0.975140
vn -0.038630 0.190048 0.980428
vn 0.000000 0.063110 0.995123
vn -0.057687 0.067213 0.993040
vn -0.081306 0.041925 0.992583
vn -0.071805 0.048099 0.992326
vn -0.079409 0.117040 0.988695
vn -0.143637 0.373428 0.919343
vn -0.377610 0.924638 0.118727
vn -0.376846 0.924553 0.118641
vn -0.422201 0.906150 -0.123213
vn -0.421862 0.905386 -0.123213
vn -0.995955 -0.119798 0.009978
vn -0.376846 0.924553 0.118641
vn -0.377610 0.924638 0.118727
vn -0.902510 -0.133180 0.399941
vn -0.932029 -0.108139 0.337454
vn -0.995955 -0.119798 0.009978
vn -0.992708 -0.114445 0.009510
vn -0.991199 -0.102586 0.102334
vn -0.988010 -0.102281 0.123437
vn -0.899662 -0.298754 0.302323
vn -0.694542 0.603163 -0.427102
vn -0.694118 0.602399 -0.426763
vn 0.009825 0.537905 0.846612
vn -0.350652 0.352307 0.870880
vn -0.388388 0.053061 0.923445
vn -0.113085 0.330279 0.937680
vn -0.167604 -0.064644 0.983476
vn 0.159165 0.028902 0.985698
vn -0.106535 0.324572 0.940873
vn 0.516484 0.282190 0.810002
vn -0.050149 0.468207 0.883455
vn 0.317078 0.551972 0.774232
vn 0.687728 0.320437 0.653474
vn -0.112580 0.283647 0.955097
vn -0.110713 0.282883 0.955440
vn -0.113344 0.284325 0.954758
vn -0.153417 0.265427 0.954567
vn -0.118249 0.251518 0.962547
vn -0.090067 0.230121 0.970134
vn -0.041798 0.252154 0.967112
vn -0.087517 0.219730 0.972686
vn -0.031559 0.295323 0.956553
vn -0.009138 0.426556 0.906234
vn -0.039679 0.425870 0.905733
vn -0.000012 0.546796 0.839315
vn -0.391922 0.228708 0.893176
vn -0.577654 0.338198 0.746861
vn -0.472144 -0.040496 0.880494
vn -0.238356 -0.389478 0.885551
vn -0.194025 -0.453673 0.862926
vn 0.456644 -0.355551 0.808611
vn 0.893528 -0.001003 0.450225
vn 0.909070 0.031059 0.416799
vn 0.002806 0.080988 0.993973
vn -0.042625 0.091278 0.992006
vn 0.001750 0.052324 0.994714
vn -0.059244 0.059235 0.992599
vn -0.046072 0.063945 0.994013
vn 0.988010 -0.102281 0.123437
vn 0.991199 -0.102586 0.102334
vn 0.932029 -0.108564 0.337454
vn 0.046731 0.008193 -1.001902
vn 0.042121 -0.056372 -0.997657
vn 0.000000 0.007905 -1.002226
vn 0.000000 -0.055344 -0.998948
vn 0.217387 -0.088996 -0.973143
vn 0.201047 -0.078702 -0.979749
vn 0.533400 -0.139287 -0.835734
vn 0.442054 -0.192912 -0.881564
vn 0.040405 -0.073519 -0.992163
vn 0.040581 0.183103 -0.980389
vn 0.000000 0.191360 -0.979907
vn -0.631459 0.306413 0.715831
vn -0.116843 0.524643 0.848119
vn -0.622214 0.267244 0.740448
vn -0.343776 0.396711 0.856995
vn 0.217782 0.171773 0.959616
vn 0.521704 0.074948 0.846235
vn 0.181030 0.352444 0.922213
vn -0.503221 0.240177 0.831214
vn -0.166012 0.112325 0.978833
vn 0.032984 0.421171 0.907449
vn 0.571073 -0.046714 0.818198
vn 0.252834 0.007974 0.964500
vn 0.901469 -0.159382 -0.420212
vn 0.553880 -0.127369 -0.815351
vn 0.901245 -0.136691 -0.417600
vn 0.992708 -0.114445 0.009510
vn 0.223350 -0.087225 -0.967559
vn 0.741619 -0.050990 0.667450
vn 0.786284 -0.091592 0.614462
vn -0.959676 0.265937 0.084078
vn -0.942247 0.313427 0.121827
vn -0.959676 0.265937 0.084078
vn 0.138940 0.586303 0.802227
vn 0.023553 0.639139 0.774281
vn -0.021078 0.611116 0.799429
vn 0.176708 0.467503 0.873877
vn 0.284735 0.116466 0.954184
vn 0.336097 0.463683 0.825002
vn 0.051964 0.219041 0.974036
vn 0.267051 0.706589 0.667878
vn 0.267815 0.705314 0.666775
vn 0.510310 0.550736 0.666881
vn 0.524604 0.583627 0.632048
vn 0.532927 0.550918 0.651098
vn 0.085602 0.036059 0.992430
vn 0.074501 0.130676 0.987494
vn 0.083015 0.389697 0.919560
vn 0.102803 0.579806 0.812320
vn 0.421863 0.905385 -0.123214
vn 0.376846 0.924553 0.118640
vn 0.422202 0.906149 -0.123214
vn 0.377610 0.924214 0.118726
vn 0.995955 -0.119798 0.009978
vn 0.902510 -0.133519 0.399942
vn 0.995955 -0.119798 0.009978
vn 0.992708 -0.114445 0.009510
vn 0.694118 0.602058 -0.426764
vn 0.694543 0.603161 -0.427103
vn -0.046731 0.008193 -1.001902
vn 0.000000 0.007905 -1.002226
vn 0.000000 -0.055344 -0.998948
vn 0.000000 0.191360 -0.979907
vn -0.040581 0.183103 -0.980389
vn 0.409922 0.293676 0.871759
vn -0.405952 0.276522 0.878634
vn 0.300724 0.705813 0.651187
vn 0.276875 0.671848 0.693971
vn 0.171799 0.702446 0.699192
vn 0.093632 0.739947 0.674385
vn -0.118006 0.711840 0.698881
vn 0.296413 0.529704 0.802620
vn 0.195065 0.691260 0.702376
vn -0.096259 0.373131 0.923777
vn 0.399213 0.376385 0.844014
vn -0.378788 0.499081 0.784805
vn 0.790075 0.259975 0.558491
vn 0.051358 0.298743 0.953492
vn 0.085876 0.300470 0.950971
vn 0.118608 0.282225 0.953819
vn 0.072823 0.267736 0.961451
vn 0.020462 0.428799 0.904282
vn 0.011852 0.545482 0.841376
vn -0.387394 0.473198 0.797734
vn -0.630005 0.167764 0.764796
vn -0.770028 0.131938 0.629573
vn 0.487639 0.037804 0.879041
vn -0.255992 0.050478 0.965384
vn 0.455916 0.742521 0.499219
vn 0.512343 0.419483 0.757607
vn 0.376649 0.747580 0.558043
vn 0.270680 0.403406 0.876609
vn 0.091464 0.414883 0.912616
vn -0.936339 -0.011908 0.354236
vn -0.622214 0.267244 0.740448
vn -0.383384 -0.138021 0.909185
vn -0.865603 -0.007314 0.501847
vn 0.172652 -0.156965 0.969230
vn 0.436061 0.155850 0.887306
vn 0.587564 0.461965 0.667646
vn 0.014385 0.606621 0.805505
vn 1.015969 0.003337 0.002594
vn 1.015969 0.002912 0.002594
vn 1.013228 0.056652 0.022784
vn 0.167168 -0.016210 -0.991089
vn 0.210304 -0.065898 -0.979674
vn 0.382826 0.294246 0.874403
vn 0.139063 0.120061 -0.982043
vn 0.126579 0.158347 -0.982135
vn 0.156175 0.498142 -0.858234
vn 0.210108 0.538709 0.816981
vn 0.133092 0.575305 0.811419
vn 0.935382 -0.342712 0.013422
vn 0.581333 -0.813816 0.044834
vn 0.950157 -0.293623 0.107750
vn 0.754385 -0.582907 0.288301
vn 0.547027 0.181242 0.810985
vn 0.222179 0.874369 -0.443976
vn 0.255554 0.837977 -0.484482
vn 0.184523 0.970577 0.176705
vn 0.222427 0.966613 0.144115
vn 0.128910 0.499950 -0.861930
vn 0.134197 0.098336 -0.989431
vn 0.363086 -0.210427 -0.916970
vn 0.826448 -0.261148 -0.528251
vn 0.722357 -0.520915 -0.475616
vn 0.935382 -0.342712 0.013422
vn 0.966587 -0.268595 0.008262
vn 0.590684 -0.193045 0.777198
vn 0.800007 -0.282104 0.517599
vn 0.966587 -0.268595 0.008262
vn 0.973470 -0.206818 0.109997
vn 1.007909 0.102249 0.074591
vn 1.007060 0.102249 0.074591
vn 1.013228 0.056652 0.022784
vn 1.013228 0.056652 0.022784
vn 0.970133 0.222248 0.181131
vn 0.970047 0.223012 0.180792
vn 0.652559 0.700947 0.319736
vn 0.652391 0.701711 0.320586
vn 0.220909 0.466041 -0.864079
vn 0.355725 0.413546 -0.849713
vn 0.190489 0.045309 -0.985022
vn 0.218802 0.032874 -0.982301
vn 0.310219 0.955010 0.052752
vn 0.383386 0.931261 0.047734
vn 0.308680 0.846110 -0.450667
vn 0.370374 0.820144 -0.461350
vn 0.417045 -0.784326 -0.480273
vn 0.581333 -0.813816 0.044834
vn 0.273631 -0.326211 -0.912784
vn 0.303197 -0.336606 -0.901470
vn 0.453274 0.100653 0.873350
vn 0.573319 -0.241400 0.770444
vn 0.353847 0.469949 0.808801
vn -0.981402 0.170020 0.026063
vn -0.981402 0.168917 0.025724
vn 0.304282 0.771777 0.570407
vn 0.370313 0.743546 0.574244
vn 0.310219 0.955010 0.052752
vn 0.383386 0.931261 0.047734
vn 0.385363 0.386552 0.842008
vn 0.335470 0.418298 0.844649
vn 0.928165 0.132429 -0.375486
vn 1.002550 0.037627 -0.065122
vn 0.928165 0.132004 -0.375147
vn 1.002550 0.037627 -0.064273
vn 0.190011 -0.385569 -0.914017
vn 1.004856 0.076628 0.080773
vn 1.004856 0.076628 0.080095
vn 0.093223 0.723637 0.693564
vn 0.070605 0.741591 0.668771
vn 0.088766 0.914972 0.403766
vn 0.184523 0.970577 0.176705
vn 0.222427 0.966613 0.144115
vn 0.124802 0.806744 0.585010
vn 0.012025 0.868098 0.505572
vn 0.446945 0.422348 0.790380
vn 0.600978 0.126987 0.778713
vn 0.750960 -0.104237 0.642919
vn 1.012037 0.019001 -0.031065
vn 1.012037 0.019001 -0.031065
vn 1.014527 0.006727 -0.014158
vn 1.014613 0.006727 -0.013733
vn 1.013228 0.056652 0.022784
vn 0.377610 0.924214 0.118726
vn 0.376846 0.924553 0.118640
vn 0.899662 -0.298754 0.302322
vn 0.585695 0.604642 0.555573
vn 0.582632 0.543032 0.611498
vn 0.000000 0.377288 -0.933309
vn 0.125170 0.502212 -0.859107
vn 0.000000 0.413186 -0.913239
vn 0.057095 0.437779 -0.897491
vn 0.307751 0.861150 -0.399235
vn 0.175581 0.519169 -0.835284
vn 0.268792 0.941180 0.224090
vn 0.046644 0.516231 0.866693
vn 0.069279 0.596015 0.809439
vn 0.268792 0.941180 0.224090
vn 0.161901 0.864891 0.492230
vn -0.247825 0.458129 0.860939
vn -0.053807 0.518896 0.860329
vn -0.119897 0.451033 0.890910
vn 0.002691 0.561763 0.835342
vn 0.146827 0.446524 0.884561
vn -0.736173 -0.672292 -0.054476
vn -0.759954 -0.644378 -0.046896
vn -0.759954 -0.647091 -0.044522
vn -0.628152 -0.778569 0.033640
vn -0.626963 -0.777805 0.036863
vn 0.494423 0.597287 0.637810
vn 0.433309 0.699478 0.585097
vn 0.431782 0.697779 0.585522
vn -0.986483 0.106119 0.001621
vn -0.986483 0.106119 0.001621
vn 0.099001 0.843237 0.542495
vn -0.057095 0.437779 -0.897491
vn -0.125170 0.502212 -0.859107
vn 0.000000 0.413186 -0.913239
vn 0.000000 0.377288 -0.933309
vn -0.307751 0.861150 -0.399236
vn -0.175581 0.519169 -0.835284
vn -0.268792 0.941180 0.224090
vn -0.161901 0.864891 0.492230
vn -0.268792 0.941180 0.224090
vn -0.146827 0.446525 0.884560
vn -0.002737 0.561836 0.835292
vn 0.736172 -0.672292 -0.054476
vn 0.759953 -0.647091 -0.044520
vn 0.759953 -0.644378 -0.046894
vn 0.628152 -0.778569 0.033644
vn 0.626963 -0.777805 0.036528
vn -0.582632 0.543032 0.611498
vn -0.494424 0.597288 0.637470
vn -0.585695 0.604642 0.555573
vn -0.433310 0.699479 0.585096
vn -0.431783 0.697780 0.585521
vn 0.986483 0.106117 0.001620
vn 0.986483 0.106117 0.001620
vn -0.099001 0.843238 0.542495
vn 0.240070 0.453850 0.865441
vn 0.117252 0.449428 0.892085
vn 0.004230 0.934109 0.360881
vn -0.079595 0.389291 0.923872
vn 0.481115 0.851800 -0.214161
vn 0.563117 0.806177 0.200048
vn 0.639269 0.634711 -0.435631
vn 0.758000 0.646677 0.127714
vn -0.000097 0.580175 -0.809711
vn -0.000172 0.888072 -0.453261
vn 0.294223 0.592181 -0.743638
vn 0.231825 0.876401 -0.414931
vn 0.000556 0.907932 0.418924
vn 0.651033 0.591630 0.480593
vn 0.079595 0.389288 0.923873
vn 0.876917 0.491893 0.068493
vn 0.743512 0.500996 0.457823
vn 0.842193 0.550363 0.093172
vn 0.674938 0.574491 0.479498
vn 0.687280 0.465362 -0.572921
vn 0.707395 0.395915 -0.593182
vn 0.045359 -0.982558 -0.169221
vn 0.010907 -0.988748 -0.164322
vn 0.044935 -0.982983 -0.170496
vn 0.010907 -0.989173 -0.165596
vn 0.000000 -0.990298 -0.163263
vn 0.000000 -0.990298 -0.161988
vn 0.398396 0.748547 0.542014
vn 0.397632 0.747783 0.541589
vn -0.985960 0.089962 -0.000270
vn 0.800387 -0.473125 0.378379
vn 0.639880 -0.687816 0.353263
vn 0.640305 -0.687392 0.353602
vn -0.001725 -0.974566 0.229894
vn -0.000961 -0.975755 0.232275
vn -0.500989 0.831339 0.229214
vn -0.885055 0.382228 -0.258079
vn -0.796379 0.588276 -0.125564
vn -0.814153 0.470286 -0.326984
vn 0.306976 0.817064 0.492728
vn 0.577794 0.573518 0.582568
vn 0.661316 0.524950 0.546599
vn -0.768463 0.627710 -0.107332
vn -0.800260 0.532571 -0.262377
vn -0.773616 0.616514 -0.131282
vn -0.004231 0.926404 -0.364345
vn -0.004231 0.926404 -0.364345
vn -0.391598 0.849509 0.356205
vn -0.211831 0.858587 0.465363
vn 0.513654 0.586639 0.630892
vn 0.277543 0.266987 -0.923090
vn 0.000000 0.224575 -0.975871
vn 0.307604 0.938343 0.181034
vn 0.339836 0.861875 -0.390024
vn 0.167908 0.445586 -0.882755
vn 0.000000 0.250420 -0.972897
vn 0.211201 0.826268 0.530666
vn 0.307604 0.938343 0.181034
vn 0.000556 0.907932 0.418924
vn -0.885055 0.382228 -0.258079
vn -0.500989 0.831339 0.229214
vn -0.488763 0.845360 -0.222133
vn -0.641968 0.629633 -0.438992
vn -0.572625 0.800433 0.196347
vn -0.761883 0.642555 0.125528
vn -0.294960 0.589268 -0.745642
vn -0.234030 0.872995 -0.420748
vn -0.652957 0.589742 0.480330
vn -0.004547 0.908557 0.417588
vn -0.876867 0.491971 0.068553
vn -0.842083 0.550507 0.093291
vn -0.743513 0.500997 0.457822
vn -0.674937 0.574490 0.479499
vn -0.076813 -0.977545 -0.199412
vn -0.069468 -0.978845 -0.187403
vn -0.069892 -0.978420 -0.185704
vn -0.687108 0.465815 -0.573182
vn -0.707323 0.396148 -0.593112
vn -0.252227 0.341414 -0.910136
vn -0.277485 0.267113 -0.923071
vn -0.015593 -0.987233 -0.173023
vn -0.015593 -0.987658 -0.174297
vn -0.398058 0.748546 0.542014
vn -0.397633 0.747782 0.541589
vn 0.986299 0.089957 -0.000270
vn -0.800387 -0.473125 0.378379
vn -0.640305 -0.687392 0.353603
vn -0.639880 -0.687816 0.353264
vn 0.001725 -0.974566 0.229897
vn 0.000961 -0.975755 0.232278
vn 0.501875 0.831613 0.226262
vn 0.794973 0.590675 -0.123653
vn 0.884674 0.378620 -0.264690
vn 0.815203 0.469205 -0.326371
vn -0.306977 0.817063 0.492728
vn -0.578234 0.573037 0.582610
vn -0.661316 0.524951 0.546599
vn 0.770135 0.626342 -0.105820
vn 0.800904 0.525567 -0.273970
vn 0.775202 0.612625 -0.139436
vn -0.004231 0.926404 -0.364345
vn -0.004231 0.926404 -0.364345
vn 0.391598 0.849510 0.356205
vn 0.211830 0.858588 0.465362
vn -0.513654 0.586640 0.630890
vn -0.307604 0.938343 0.181032
vn -0.339836 0.861875 -0.390026
vn -0.167908 0.445586 -0.882755
vn 0.000000 0.250420 -0.972897
vn -0.210862 0.826268 0.530666
vn -0.307604 0.938343 0.181032
vn -0.004547 0.908557 0.417588
vn 0.501875 0.831613 0.226262
vn 0.884674 0.378620 -0.264690
vn 0.037107 -0.982335 -0.183762
vn 0.000000 0.301012 -0.959505
vn 0.252348 0.341171 -0.910194
vn 0.571763 0.180020 0.799734
vn 0.956975 -0.003603 0.302726
vn 0.790848 -0.021229 0.613233
vn 0.950547 -0.042867 0.310767
vn 0.596260 -0.070983 0.796820
vn 0.420920 0.227726 0.878741
vn 0.392943 -0.137433 0.906321
vn 0.314651 0.192774 0.929209
vn 0.000000 -0.132990 0.988622
vn 0.000044 0.202113 0.980256
vn 0.295776 0.424860 0.861405
vn 0.226442 0.406113 0.892714
vn 0.000000 -0.928537 0.372002
vn 0.410750 -0.802985 0.432620
vn 0.745924 -0.538703 0.392423
vn 0.908011 -0.226772 0.370200
vn 0.986908 -0.115608 0.129529
vn 1.005001 -0.010185 -0.026213
vn 0.951098 -0.039943 -0.303037
vn 1.005001 -0.010185 -0.026213
vn 0.730582 0.041187 -0.680689
vn 0.951098 -0.039943 -0.303037
vn 0.689166 -0.012814 -0.715606
vn 0.341973 0.071476 -0.930775
vn 0.317275 0.016066 -0.942977
vn 0.000009 0.073526 -0.993379
vn 0.000000 -0.002315 -0.995251
vn -1.004693 -0.020711 -0.031173
vn -0.959554 -0.022544 0.293653
vn -0.951677 -0.050714 0.306099
vn -0.575385 0.174744 0.798328
vn -0.792189 -0.024486 0.611379
vn -0.596747 -0.071471 0.796414
vn -0.423206 0.225330 0.878268
vn -0.315673 0.191564 0.929114
vn -0.392944 -0.137433 0.906321
vn -0.299437 0.421431 0.861419
vn -0.410748 -0.802983 0.432626
vn -0.745924 -0.538702 0.392424
vn -0.908011 -0.226772 0.370203
vn -0.986908 -0.115608 0.129529
vn -0.951098 -0.039943 -0.303037
vn -1.004693 -0.020711 -0.031173
vn -0.951098 -0.039943 -0.303037
vn -0.730163 0.036136 -0.681412
vn -0.689165 -0.012814 -0.715606
vn -0.341874 0.068861 -0.931008
vn -0.317275 0.016066 -0.942977
vn 0.000085 0.427990 0.911185
vn -0.228588 0.404003 0.893133
vn 0.900083 -0.098482 -0.422688
vn 0.568380 -0.087364 -0.808412
vn 0.272492 -0.024006 0.956272
vn 0.293605 -0.024461 0.948557
vn 0.581117 -0.060360 0.808371
vn 0.583218 -0.047039 0.807142
vn 0.932437 -0.087337 0.338793
vn 0.793615 -0.082720 0.606200
vn 0.945080 -0.052067 0.305604
vn 0.795520 -0.053728 0.604272
vn 0.991089 -0.063864 0.028399
vn 0.990313 -0.092979 0.002661
vn 0.000000 -0.065578 -0.985991
vn 0.043142 -0.064293 -0.985247
vn 0.222991 -0.066088 -0.965275
vn 0.990313 -0.092979 0.002661
vn 0.983750 -0.072785 0.149082
vn 0.991089 -0.063864 0.028399
vn 0.102002 0.001230 0.989826
vn 0.000649 0.008918 0.993802
vn 0.000304 0.001546 0.991714
vn 0.115114 -0.003220 0.984948
vn 0.017771 0.058326 1.000709
vn 0.146619 0.063899 0.987319
vn 0.000678 0.040353 1.000628
vn 0.145801 0.039224 0.987807
vn 0.000000 0.010552 0.992353
vn 0.129070 0.004469 0.984807
vn 0.310639 -0.007706 0.944538
vn 0.580106 -0.017412 0.811971
vn 0.796163 -0.023500 0.605240
vn 0.935541 -0.026322 0.340122
vn 0.991177 -0.041617 -0.012158
vn 0.987071 0.088930 -0.011170
vn 0.939158 0.095422 0.325308
vn 0.977448 0.167980 -0.018820
vn 0.932142 0.176067 0.311199
vn 0.799422 0.091315 0.594381
vn 0.782334 0.153229 0.600781
vn 0.547975 0.064238 0.833323
vn 0.514849 0.098384 0.850035
vn 0.861581 0.154126 -0.466554
vn 0.539160 0.135921 -0.825548
vn 0.882892 0.073409 -0.449255
vn 0.519454 0.052006 -0.843645
vn 0.977448 0.167980 -0.018820
vn 0.987071 0.088930 -0.011170
vn 0.002227 0.080022 -0.990066
vn 0.053898 0.074499 -0.989128
vn 0.002227 0.080108 -0.992868
vn 0.346962 0.070183 -0.931592
vn 0.337272 0.134776 -0.930266
vn 0.041221 -0.044135 -0.986946
vn 0.216773 -0.045943 -0.967072
vn 0.573141 -0.051689 -0.803268
vn 0.000000 -0.043391 -0.987747
vn 0.899062 -0.055407 -0.425709
vn 0.991177 -0.041617 -0.012158
vn 0.306878 0.041310 0.950876
vn 0.300981 0.066795 0.952673
vn -0.001707 0.023812 0.996550
vn 0.140989 0.020238 0.986186
vn 0.314589 0.017906 0.946843
vn 0.569178 0.024527 0.819870
vn 0.800435 0.024469 0.598912
vn 0.939677 0.017356 0.333014
vn 0.991213 0.007128 -0.012418
vn 0.991213 0.007128 -0.012418
vn 0.895040 -0.007308 -0.434261
vn 0.572335 -0.020795 -0.805276
vn 0.224119 0.035619 -0.968878
vn 0.218092 -0.015640 -0.968040
vn 0.037918 0.043477 -0.989743
vn 0.038357 -0.004422 -0.987723
vn 0.000537 0.046275 -0.990691
vn 0.000000 -0.003009 -0.988383
vn -0.272492 -0.024005 0.956272
vn -0.581117 -0.060360 0.808370
vn -0.293605 -0.024461 0.948557
vn -0.583219 -0.047039 0.807141
vn -0.932437 -0.087337 0.338793
vn -0.793615 -0.082720 0.606199
vn -0.945080 -0.052067 0.305604
vn -0.795521 -0.053728 0.604271
vn -0.900083 -0.098482 -0.422688
vn -0.990313 -0.092979 0.002661
vn -0.991090 -0.063864 0.028399
vn -0.043142 -0.064293 -0.985247
vn 0.000000 -0.065578 -0.985991
vn -0.568380 -0.087364 -0.808412
vn -0.222991 -0.066088 -0.965275
vn -0.990313 -0.092979 0.002661
vn -0.991090 -0.063864 0.028399
vn -0.983750 -0.072785 0.149082
vn -0.100617 0.001108 0.989971
vn -0.074179 0.008507 0.991050
vn -0.073169 0.002678 0.989033
vn -0.114454 -0.002622 0.985030
vn 0.046354 0.070469 0.998988
vn 0.027007 0.030092 1.001793
vn -0.077650 0.057234 0.995727
vn -0.073532 0.010110 0.989650
vn -0.129070 0.004404 0.984807
vn -0.580105 -0.017412 0.811971
vn -0.310639 -0.007706 0.944538
vn -0.935541 -0.026322 0.340122
vn -0.796163 -0.023500 0.605240
vn -0.991177 -0.041617 -0.012158
vn -0.986732 0.088930 -0.011170
vn -0.977448 0.167980 -0.018820
vn -0.939158 0.095423 0.325309
vn -0.932142 0.176067 0.311199
vn -0.799422 0.091315 0.594041
vn -0.782334 0.153229 0.600781
vn -0.547975 0.064238 0.833323
vn -0.514849 0.098384 0.850035
vn -0.519580 0.052144 -0.843559
vn -0.539153 0.135931 -0.825550
vn -0.882892 0.073409 -0.449256
vn -0.861582 0.154126 -0.466554
vn -0.986732 0.088930 -0.011170
vn -0.977448 0.167980 -0.018820
vn -0.051769 0.074612 -0.992040
vn -0.222238 0.068623 -0.972138
vn -0.051769 0.074526 -0.989238
vn -0.222153 0.067773 -0.969336
vn -0.347302 0.070523 -0.931440
vn -0.337835 0.134527 -0.930099
vn -0.216773 -0.045943 -0.967072
vn -0.041221 -0.044135 -0.986946
vn -0.573141 -0.051689 -0.803268
vn 0.000000 -0.043391 -0.987747
vn -0.899062 -0.055407 -0.425709
vn -0.991177 -0.041617 -0.012158
vn -0.306878 0.041310 0.950876
vn -0.300981 0.066795 0.952673
vn -0.130584 0.031313 0.990279
vn -0.035721 0.025251 1.000495
vn -0.072341 0.024236 0.993921
vn -0.140651 0.020152 0.986238
vn -0.314589 0.017906 0.946843
vn -0.569178 0.024527 0.819870
vn -0.800435 0.024469 0.598912
vn -0.939677 0.017356 0.333014
vn -0.991213 0.007128 -0.012418
vn -0.895039 -0.007308 -0.434262
vn -0.991213 0.007128 -0.012418
vn -0.572334 -0.020795 -0.805276
vn -0.224321 0.036490 -0.968797
vn -0.218092 -0.015640 -0.968040
vn -0.037393 0.044645 -0.989711
vn -0.038357 -0.004422 -0.987723
vn 0.000537 0.046275 -0.990691
vn 0.000000 -0.003009 -0.988383
vn -0.065139 0.039414 0.998540
vn -0.052229 0.047000 1.000540
vn -0.076425 0.023091 0.993642
vn -0.073533 0.010816 0.989644
vn -0.073889 0.001611 0.988980
vn -0.075662 0.009032 0.990934
vn -0.874565 -0.482854 -0.055462
vn -0.956578 -0.291344 -0.027164
vn -0.895233 -0.445641 -0.032643
vn -0.956578 -0.291344 -0.027589
vn -0.999678 0.023643 -0.005823
vn 0.341165 0.066362 -0.934004
vn 0.340741 0.066873 -0.936382
vn 0.220527 0.067777 -0.969705
vn -0.343693 0.066845 -0.935306
vn -0.344117 0.066334 -0.932928
vn -0.226461 0.068207 -0.968312
vn -0.038811 0.074653 -0.989818
vn 0.001075 0.079271 -0.990129
vn 0.001075 0.079271 -0.990129
vn 0.039861 0.072320 -0.989950
vn 0.226068 0.066467 -0.968526
vn -0.484363 0.243615 0.850331
vn -0.472691 0.306714 0.834491
vn -0.646354 0.544153 0.561829
vn -0.659547 0.512503 0.568168
vn -0.783657 0.638054 0.014099
vn -0.625039 0.566282 0.556117
vn -0.734465 0.693514 0.009722
vn -0.372834 0.234725 0.910815
vn -0.340965 0.269595 0.914733
vn 0.134000 -0.277515 0.954233
vn 0.181623 -0.269705 0.951729
vn 0.582219 -0.658852 0.475369
vn 0.579072 -0.661614 0.472159
vn 0.684785 -0.731673 0.041084
vn 0.701322 -0.715082 0.032572
vn 0.241940 -0.256108 -0.941323
vn 0.242196 -0.276464 -0.934627
vn 0.615094 -0.635291 -0.475536
vn 0.622558 -0.634747 -0.464127
vn -0.230536 0.217795 -0.957714
vn -0.246393 0.197362 -0.957567
vn -0.625643 0.526976 -0.597535
vn -0.584373 0.566008 -0.601589
vn -0.580793 0.612485 0.555351
vn -0.682909 0.741535 0.012140
vn -0.607763 0.567931 0.562535
vn -0.724440 0.694815 0.019451
vn -0.330370 0.255623 0.915304
vn -0.289942 0.317541 0.914794
vn 0.205757 -0.315290 0.928889
vn 0.257801 -0.242022 0.943309
vn 0.583853 -0.656719 0.480107
vn 0.626898 -0.622493 0.470953
vn 0.692999 -0.714267 0.074644
vn 0.729346 -0.683537 0.054066
vn 0.304453 -0.201490 -0.942735
vn 0.673325 -0.582945 -0.467639
vn 0.267473 -0.252214 -0.939618
vn 0.637518 -0.631049 -0.448235
vn -0.164759 0.263404 -0.962507
vn -0.209130 0.214740 -0.963117
vn -0.520664 0.610208 -0.612609
vn -0.569780 0.550779 -0.620597
vn -0.664179 0.499556 0.572416
vn -0.780712 0.636409 0.020329
vn -0.406915 0.206862 0.899579
vn 0.066466 -0.313264 0.947821
vn 0.542471 -0.696338 0.463398
vn 0.667630 -0.747096 0.031815
vn 0.216160 -0.332107 -0.924282
vn 0.582199 -0.684004 -0.442882
vn -0.271010 0.150717 -0.961864
vn -0.636176 0.509079 -0.597814
vn -0.657520 0.520800 0.565046
vn -0.763579 0.662062 0.024490
vn -0.437384 0.217772 0.882557
vn -0.012905 -0.337385 0.940162
vn 0.235324 -0.805374 0.534159
vn 0.298142 -0.958129 0.052088
vn 0.195062 -0.362917 -0.918361
vn 0.304297 -0.801249 -0.524069
vn -0.283347 0.134789 -0.961914
vn -0.638420 0.524979 -0.588006
vn -0.526734 0.646876 0.573836
vn -0.745855 0.686173 0.029526
vn -0.586636 0.822778 0.036637
vn -0.222706 -0.342608 0.909079
vn -0.590684 -0.193045 0.777198
vn -0.754385 -0.582907 0.288301
vn -0.581334 -0.813816 0.044835
vn -0.190010 -0.385568 -0.914017
vn -0.417471 -0.783900 -0.479850
vn 0.075240 -0.392298 -0.925585
vn -0.355911 0.119671 -0.939586
vn -0.303676 0.133276 -0.957658
vn -0.553526 0.617834 -0.588150
vn -0.630744 0.547199 -0.579970
vn 0.298142 -0.958129 0.052088
vn -0.581334 -0.813816 0.044835
vn 0.667630 -0.747096 0.031815
vn 0.701322 -0.715082 0.032572
vn 0.684785 -0.731673 0.041084
vn 0.729346 -0.683537 0.054066
vn 0.692999 -0.714267 0.074644
vn -0.234985 -0.805373 0.534160
vn 0.012905 -0.337385 0.940162
vn 0.223045 -0.342608 0.909504
vn 0.473116 0.306714 0.834491
vn 0.526734 0.646877 0.573836
vn 0.586636 0.822778 0.036636
vn 0.734421 0.693559 0.009297
vn 0.783287 0.637988 0.014101
vn 0.624999 0.566325 0.555693
vn 0.659594 0.512449 0.568165
vn 0.341369 0.269618 0.914734
vn 0.372859 0.234697 0.910812
vn -0.181605 -0.269721 0.951728
vn -0.134016 -0.277503 0.954235
vn -0.582177 -0.658888 0.475372
vn -0.579123 -0.661568 0.472584
vn -0.684742 -0.731712 0.041086
vn -0.701380 -0.715025 0.032570
vn -0.241925 -0.256122 -0.941323
vn -0.615053 -0.635330 -0.475538
vn -0.242217 -0.276442 -0.934628
vn -0.622609 -0.634695 -0.464130
vn 0.230519 0.217810 -0.957714
vn 0.246412 0.197345 -0.957566
vn 0.584337 0.566042 -0.601166
vn 0.625776 0.526927 -0.597531
vn 0.682845 0.741592 0.012140
vn 0.580738 0.612536 0.555349
vn 0.289910 0.317574 0.914793
vn -0.257366 -0.242029 0.943310
vn -0.626860 -0.622531 0.470955
vn -0.729303 -0.683583 0.054067
vn -0.304444 -0.201498 -0.942736
vn -0.673288 -0.582985 -0.467642
vn 0.164730 0.263431 -0.962504
vn 0.520270 0.610256 -0.612606
vn 0.780712 0.636409 0.020329
vn 0.664179 0.499217 0.572416
vn 0.406915 0.206861 0.899579
vn -0.066466 -0.313264 0.947821
vn -0.542471 -0.696337 0.463823
vn -0.667630 -0.747095 0.031815
vn -0.216160 -0.332532 -0.924282
vn -0.582199 -0.684004 -0.442883
vn 0.270671 0.150718 -0.961863
vn 0.635751 0.509079 -0.597814
vn 0.763579 0.661637 0.024491
vn 0.657519 0.520801 0.565471
vn 0.437385 0.217772 0.882557
vn -0.298567 -0.958893 0.051662
vn -0.195062 -0.362917 -0.918361
vn -0.304721 -0.801249 -0.524408
vn 0.283347 0.134789 -0.961914
vn 0.638420 0.524979 -0.588006
vn 0.646354 0.544154 0.561829
vn 0.745854 0.686173 0.029526
vn 0.526734 0.646877 0.573836
vn 0.586636 0.822778 0.036636
vn 0.484363 0.243615 0.850331
vn 0.473116 0.306714 0.834491
vn 0.590684 -0.193045 0.777198
vn 0.754385 -0.582907 0.288301
vn 0.581333 -0.813816 0.044834
vn 0.417045 -0.784326 -0.480273
vn -0.075240 -0.392299 -0.925585
vn 0.190011 -0.385569 -0.914017
vn 0.303675 0.133275 -0.957658
vn 0.355912 0.119671 -0.939585
vn 0.630743 0.547199 -0.579971
vn 0.553526 0.617834 -0.588151
vn -0.298567 -0.958893 0.051662
vn 0.581333 -0.813816 0.044834
vn -0.667630 -0.747095 0.031815
vn -0.701380 -0.715025 0.032570
vn -0.684742 -0.731712 0.041086
vn -0.729303 -0.683583 0.054067
vn 0.586636 0.822778 0.036636
vn 0.553526 0.617834 -0.588151
vn 0.355912 0.119671 -0.939585
vn 0.220612 0.068627 -0.972507
vn 0.053898 0.074585 -0.991930
vn -0.154510 -0.617406 0.771399
vn -0.429954 -0.642095 0.641636
vn 0.176170 0.228986 -0.953545
vn 0.176170 0.228986 -0.953545
vn -0.429954 -0.642095 0.641636
vn 0.575683 0.199733 -0.785474
vn -0.670799 -0.652569 0.370766
vn 0.575683 0.199733 -0.785474
vn -0.670799 -0.652569 0.370766
vn 0.863422 0.122988 -0.471615
vn -0.795293 -0.614575 0.035105
vn 0.977160 0.095927 -0.143470
vn 0.977160 0.095927 -0.143470
vn 0.916394 0.188620 0.345217
vn 0.774760 0.153855 0.610858
vn 0.492709 0.106024 0.860898
vn 0.297658 0.088200 0.950924
vn 0.141279 0.090200 0.984020
vn -0.669718 -0.659611 -0.346697
vn -0.298955 -0.838784 -0.456463
vn -0.509018 -0.639847 -0.582982
vn -0.226250 -0.684714 -0.696749
vn -0.339788 -0.518735 -0.791507
vn -0.162526 -0.507973 -0.845975
vn -0.227779 -0.407605 -0.884244
vn -0.278431 -0.349380 -0.895955
vn -0.305144 -0.405718 -0.865083
vn -0.930339 -0.369687 0.023578
vn -0.931086 -0.362124 0.066488
vn -0.927513 -0.354845 0.123596
vn 0.213565 0.163214 -0.962726
vn 0.213990 0.162707 -0.963662
vn 0.064239 0.164642 -0.980400
vn 0.461669 0.172889 -0.864370
vn 0.850693 0.186574 -0.474165
vn 0.974191 0.196050 -0.027046
vn 0.974191 0.196050 -0.027046
vn 0.775630 0.133437 0.614300
vn 0.487662 0.097000 0.864051
vn 0.298628 0.088637 0.950474
vn 0.137030 0.097926 0.982353
vn 0.026563 0.090392 0.995080
vn 0.326661 0.014439 0.944047
vn -0.227779 -0.407605 -0.884244
vn 0.237026 -0.013272 0.966062
vn 0.237026 -0.013272 0.966062
vn 0.326661 0.014439 0.944047
vn -0.339788 -0.518735 -0.791507
vn 0.444936 0.064339 0.894796
vn 0.444936 0.064339 0.894796
vn -0.509018 -0.639847 -0.582982
vn 0.704913 0.117214 0.694599
vn 0.957661 0.113436 0.245577
vn 0.957661 0.113436 0.245577
vn -0.669718 -0.659611 -0.346697
vn -0.795293 -0.614575 0.035105
vn 0.000000 -0.015931 0.994486
vn -0.344345 -0.337261 -0.879022
vn -0.344345 -0.337261 -0.879022
vn 0.000000 -0.015931 0.994486
vn -0.201618 -0.907041 0.369769
vn 0.438461 -0.794784 0.415808
vn 0.114312 -0.614351 0.780471
vn 0.813065 0.579766 0.023772
vn 0.830522 0.552061 0.022566
vn 0.682814 0.411865 -0.609024
vn 0.705517 0.376289 -0.603258
vn -0.287263 -0.917545 -0.298282
vn 0.233412 -0.663499 -0.717270
vn 0.351636 -0.906668 -0.248822
vn 0.596944 -0.227013 -0.781265
vn 0.681707 -0.592354 -0.443843
vn 0.869678 0.115203 -0.485306
vn 0.826179 -0.408100 -0.389500
vn 0.917806 0.389292 0.053086
vn 0.986400 -0.113107 -0.114450
vn 0.786566 0.277121 0.552777
vn 0.968437 0.032246 0.239232
vn 0.635786 -0.501738 0.593251
vn 0.785392 -0.199861 0.586845
vn 0.550669 -0.124641 0.830571
vn 0.724540 0.694712 0.019457
vn 0.607848 0.567840 0.562113
vn 0.330415 0.255574 0.915302
vn -0.205792 -0.315265 0.928889
vn -0.583941 -0.656643 0.479764
vn -0.693095 -0.714173 0.074639
vn -0.637603 -0.630962 -0.448237
vn -0.267509 -0.252177 -0.939618
vn 0.209158 0.214716 -0.963116
vn 0.569859 0.550705 -0.620593
vn 0.676552 0.471260 0.568694
vn 0.388525 0.163811 0.913877
vn -0.110590 -0.411883 0.907494
vn -0.064229 -0.437176 -0.904693
vn -0.107128 -0.402389 -0.917657
vn 0.381278 0.055524 -0.932224
vn 0.348851 0.080116 -0.943021
vn -0.693095 -0.714173 0.074639
vn -0.402730 -0.914858 0.092548
vn 0.149603 -0.978284 0.160724
vn 0.683133 0.462747 0.566588
vn 0.362626 0.184396 0.918884
vn -0.132253 -0.411780 0.903428
vn -0.355738 -0.828099 0.431945
vn -0.421783 -0.783460 0.461225
vn -0.326730 -0.942181 0.116536
vn -0.455889 -0.885020 0.104427
vn -0.362578 -0.860892 -0.354981
vn -0.326730 -0.942181 0.116536
vn -0.445731 -0.805159 -0.394839
vn -0.455889 -0.885020 0.104427
vn 0.042373 0.461873 0.886623
vn 0.342054 0.784747 0.515173
vn -0.380348 0.707548 0.598801
vn -0.117162 0.932318 0.337554
vn -0.546377 -0.100522 0.828647
vn -0.792735 0.306443 0.527213
vn -0.972113 -0.028641 0.226124
vn -0.821437 -0.454131 0.341066
vn -0.860975 -0.502009 0.093944
vn -0.995134 -0.080531 0.045761
vn -0.832408 -0.455546 -0.336843
vn -0.860975 -0.502009 0.093944
vn -0.957165 0.026853 -0.276897
vn -0.995134 -0.080531 0.045761
vn -0.704842 0.346710 -0.624734
vn -0.465615 -0.063707 -0.887963
vn -0.405441 0.621458 -0.677084
vn -0.011096 0.378306 -0.933694
vn -0.182430 0.863278 -0.468688
vn 0.284312 0.737601 -0.615174
vn -0.016978 0.995487 -0.057673
vn 0.439043 0.894436 -0.020597
vn -0.217325 -0.392359 0.891256
vn 0.348943 0.166375 0.924514
vn -0.621322 -0.683548 0.377279
vn -0.402730 -0.914858 0.092548
vn -0.666833 -0.740457 0.110183
vn -0.613617 -0.730517 -0.327065
vn -0.666833 -0.740457 0.110183
vn -0.193200 -0.367607 -0.915578
vn 0.281862 0.128457 -0.960794
vn 0.590985 0.516719 -0.624985
vn 0.720535 0.688090 0.020751
vn 0.621611 0.527837 0.578728
vn 0.149603 -0.978284 0.160724
vn 0.329584 0.491825 0.797801
vn 0.460089 0.370045 0.797550
vn 0.647494 0.716821 0.215406
vn 0.735708 0.616412 0.241736
vn 0.525511 0.337478 0.769824
vn 0.770845 0.579292 0.222027
vn -0.107094 0.049726 0.996237
vn -0.023503 -0.078931 0.996624
vn -0.002946 -0.153062 0.987380
vn -0.476349 -0.435705 0.766765
vn -0.431398 -0.519497 0.741015
vn -0.414487 -0.582983 0.705814
vn -0.679574 -0.726042 0.170209
vn -0.623785 -0.771315 0.167861
vn -0.582871 -0.802935 0.154233
vn -0.679574 -0.726042 0.170209
vn -0.511326 -0.547617 -0.658379
vn -0.623785 -0.771315 0.167861
vn -0.431824 -0.637425 -0.634458
vn -0.582871 -0.802935 0.154233
vn -0.398389 -0.680964 -0.612153
vn 0.083921 -0.079443 -0.997088
vn 0.015080 0.018623 -1.006551
vn 0.117150 -0.136667 -0.988070
vn 0.577075 0.355701 -0.729931
vn 0.490805 0.394911 -0.775020
vn 0.407168 0.440660 -0.804220
vn 0.773905 0.586592 -0.214439
vn 0.714826 0.625273 -0.295473
vn 0.642897 0.675900 -0.358604
vn 0.581601 0.786020 0.209813
vn 0.607158 0.692563 -0.387401
vn -0.703542 -0.698020 0.164761
vn -0.567491 -0.482092 -0.676250
vn -0.030733 0.076911 -1.010999
vn 0.365465 0.458478 -0.820235
vn -0.486973 -0.388611 0.778099
vn -0.703542 -0.698020 0.164761
vn -0.150879 0.121253 0.992831
vn 0.244465 0.573804 0.787956
vn 0.484906 -0.390205 0.778381
vn 0.475471 -0.436479 0.766873
vn 0.701201 -0.700303 0.165046
vn -0.813142 0.579658 0.023788
vn -0.682892 0.411773 -0.608998
vn -0.830755 0.552135 0.022606
vn -0.705739 0.375999 -0.603180
vn 0.243178 -0.924671 -0.287351
vn -0.407515 -0.892271 -0.211362
vn -0.269093 -0.681392 -0.688307
vn -0.698033 -0.612771 -0.384895
vn -0.619463 -0.259031 -0.752038
vn -0.827190 -0.448562 -0.337888
vn -0.885117 0.073342 -0.464827
vn -0.978660 -0.180731 -0.092730
vn -0.938087 0.335548 0.057978
vn -0.970583 -0.054263 0.225614
vn -0.812966 0.221211 0.538852
vn -0.657849 -0.529473 0.541749
vn -0.576877 -0.158898 0.806175
vn -0.800898 -0.266313 0.536539
vn -0.484040 -0.787417 0.378362
vn -0.142952 -0.625361 0.766848
vn 0.150577 -0.920012 0.361937
vn -0.676607 0.471520 0.568695
vn -0.388553 0.163778 0.913871
vn 0.110608 -0.411873 0.907496
vn -0.348905 0.080064 -0.943005
vn 0.107133 -0.402390 -0.917656
vn -0.381420 0.055380 -0.932174
vn 0.064261 -0.437162 -0.904697
vn -0.232105 -0.963126 0.151985
vn 0.357865 -0.932911 0.095532
vn -0.683326 0.462047 0.566581
vn -0.362740 0.184264 0.918866
vn 0.132311 -0.411756 0.903431
vn 0.421814 -0.783444 0.461224
vn 0.355888 -0.828030 0.431953
vn 0.326881 -0.942129 0.116532
vn 0.455912 -0.884670 0.104425
vn 0.455912 -0.884670 0.104425
vn 0.326881 -0.942129 0.116532
vn 0.445771 -0.805134 -0.394845
vn 0.362745 -0.860808 -0.355012
vn 0.007482 0.498810 0.871391
vn 0.460333 0.731472 0.505679
vn -0.287914 0.815646 0.503404
vn 0.225640 0.930661 0.280311
vn 0.589777 -0.052030 0.807101
vn 0.815477 0.379209 0.437137
vn 0.977183 0.081604 0.188197
vn 0.851349 -0.404437 0.330033
vn 0.997861 0.032824 0.031913
vn 0.888649 -0.451897 0.088381
vn 0.851733 -0.396739 -0.333226
vn 0.954538 0.137490 -0.251931
vn 0.888649 -0.451897 0.088381
vn 0.997861 0.032824 0.031913
vn 0.728308 0.415936 -0.550092
vn 0.499744 -0.017960 -0.873679
vn 0.053539 0.408736 -0.919119
vn 0.473785 0.649500 -0.600895
vn -0.230897 0.763230 -0.606037
vn 0.281895 0.861387 -0.419828
vn -0.382921 0.920090 -0.025424
vn 0.135519 0.986533 -0.064496
vn 0.217324 -0.392359 0.894054
vn -0.348943 0.166375 0.926549
vn 0.621322 -0.683973 0.378042
vn 0.357865 -0.932911 0.095532
vn 0.667597 -0.740456 0.110183
vn 0.605130 -0.723554 -0.326726
vn 0.667597 -0.740456 0.110183
vn 0.193200 -0.367608 -0.917613
vn -0.281864 0.128456 -0.960794
vn -0.590985 0.516718 -0.624986
vn -0.720535 0.688091 0.020751
vn -0.621609 0.527838 0.579747
vn -0.232105 -0.963126 0.151985
vn -0.735708 0.616412 0.241737
vn -0.460089 0.370045 0.797550
vn -0.646744 0.717551 0.215256
vn -0.329239 0.492143 0.797750
vn -0.770845 0.579292 0.222028
vn -0.525511 0.337478 0.769824
vn 0.106843 0.049472 0.996277
vn 0.023503 -0.078931 0.996624
vn 0.002946 -0.153062 0.987380
vn 0.431398 -0.519497 0.741015
vn 0.414487 -0.582984 0.705814
vn 0.678369 -0.727138 0.170341
vn 0.623785 -0.771315 0.167861
vn 0.582871 -0.802935 0.154233
vn 0.678369 -0.727138 0.170341
vn 0.623785 -0.771315 0.167861
vn 0.510486 -0.548504 -0.658295
vn 0.431824 -0.637425 -0.634458
vn 0.582871 -0.802935 0.154233
vn 0.398389 -0.680963 -0.612153
vn -0.015113 0.018539 -1.006552
vn -0.083921 -0.079443 -0.997088
vn -0.117149 -0.136666 -0.988070
vn -0.577075 0.355701 -0.729931
vn -0.490805 0.394911 -0.775020
vn -0.406698 0.441083 -0.804228
vn -0.773905 0.586592 -0.214439
vn -0.714826 0.625273 -0.295473
vn -0.642116 0.676601 -0.358694
vn -0.605534 0.693901 -0.387546
vn -0.579970 0.787325 0.209464
vn 0.701201 -0.700303 0.165046
vn 0.565928 -0.483971 -0.676225
vn 0.030667 0.076745 -1.011013
vn -0.364508 0.459295 -0.820209
vn 0.150391 0.120758 0.992965
vn -0.243741 0.574380 0.787764
vn 0.580502 0.381633 -0.719287
vn 0.146444 -0.256059 -0.955504
vn 0.036043 -0.094886 -0.994835
vn 0.547507 0.448164 0.706672
vn -0.001276 0.002251 0.999997
vn 0.531070 0.353789 0.769933
vn 0.118818 -0.125688 0.984929
vn 0.364820 -0.641746 0.674588
vn 0.774605 0.086010 0.626569
vn 0.723639 -0.022496 -0.689812
vn 0.360916 -0.704394 -0.611203
vn 0.527299 0.245407 -0.813469
vn 0.775221 0.630837 -0.032810
vn 0.780445 0.621946 -0.063946
vn 0.709064 0.535031 -0.459315
vn 0.719740 0.598816 0.351274
vn 0.991397 -0.119108 -0.054262
vn 0.991397 -0.119108 -0.054262
vn -0.001276 0.002251 0.999997
vn -0.460291 -0.475879 0.749447
vn 0.118818 -0.125688 0.984929
vn -0.201199 -0.726765 0.656759
vn -0.661163 -0.749308 0.037429
vn -0.274764 -0.961122 0.027361
vn -0.454498 -0.551750 -0.699288
vn -0.166565 -0.799301 -0.577386
vn 0.036043 -0.094886 -0.994835
vn 0.146444 -0.256059 -0.955504
vn 0.360916 -0.704394 -0.611203
vn 0.364820 -0.641746 0.674588
vn 0.413320 -0.910580 -0.003190
vn 0.360916 -0.704394 -0.611203
vn 0.413320 -0.910580 -0.003190
vn 0.413320 -0.910580 -0.003190
vn -0.012234 -0.619438 0.788158
vn -0.138265 0.243019 -0.953081
vn 0.000509 -0.628559 0.781436
vn 0.000509 -0.628559 0.781436
vn -0.138265 0.243019 -0.953081
vn 0.000000 0.221562 -0.967089
vn -0.012234 -0.619438 0.788158
vn 0.003192 0.164603 -0.982410
vn 0.003192 0.163414 -0.983856
vn 0.065089 0.163453 -0.982185
vn 0.138267 0.243019 -0.953081
vn 0.138267 0.243019 -0.953081
vn 0.012749 -0.619501 0.788099
vn -0.176170 0.228986 -0.953545
vn 0.012749 -0.619501 0.788099
vn -0.176170 0.228986 -0.953545
vn 0.154676 -0.616769 0.771875
vn 0.430843 -0.640359 0.642784
vn 0.430843 -0.640359 0.642784
vn -0.575683 0.199733 -0.785474
vn -0.575683 0.199733 -0.785474
vn 0.672815 -0.649822 0.371986
vn 0.672815 -0.649822 0.371986
vn -0.863422 0.122988 -0.471616
vn 0.797972 -0.611072 0.035799
vn -0.977160 0.095927 -0.143470
vn -0.977160 0.095927 -0.143470
vn -0.916394 0.188620 0.345217
vn -0.774760 0.153855 0.610858
vn -0.492709 0.106025 0.860898
vn -0.297658 0.088200 0.950924
vn -0.121243 0.094667 0.986307
vn 0.671829 -0.657316 -0.346990
vn 0.510127 -0.638362 -0.583646
vn 0.298955 -0.838783 -0.456464
vn 0.340257 -0.517676 -0.792002
vn 0.226250 -0.684713 -0.696750
vn 0.227941 -0.406899 -0.884527
vn 0.162526 -0.507972 -0.845976
vn 0.305144 -0.405717 -0.865083
vn 0.278520 -0.348759 -0.896169
vn 0.931431 -0.362648 0.060381
vn 0.927513 -0.354845 0.123602
vn 0.931431 -0.362648 0.058600
vn 0.003192 0.163414 -0.983856
vn -0.062071 0.160623 -0.982848
vn 0.003192 0.164603 -0.982410
vn -0.061221 0.161812 -0.981063
vn -0.215051 0.160660 -0.963772
vn -0.214626 0.161167 -0.962836
vn -0.462219 0.172608 -0.864132
vn -0.850693 0.186574 -0.474165
vn -0.974191 0.196050 -0.027046
vn -0.974191 0.196050 -0.027046
vn -0.775630 0.133437 0.614300
vn -0.487661 0.097001 0.864051
vn -0.298628 0.088637 0.950474
vn -0.137030 0.097927 0.982353
vn 0.013889 0.098784 0.994592
vn 0.000000 -0.015931 0.994486
vn 0.929876 -0.369274 -0.002851
vn -0.237019 -0.013272 0.966063
vn -0.237019 -0.013272 0.966063
vn 0.227941 -0.406899 -0.884527
vn -0.326662 0.014439 0.944046
vn -0.444943 0.064339 0.894793
vn 0.340257 -0.517676 -0.792002
vn -0.326662 0.014439 0.944046
vn -0.704913 0.117213 0.694600
vn 0.510127 -0.638362 -0.583646
vn -0.444943 0.064339 0.894793
vn -0.957661 0.113435 0.245576
vn -0.957661 0.113435 0.245576
vn 0.797972 -0.611072 0.035799
vn 0.344414 -0.336685 -0.879216
vn 0.344414 -0.336685 -0.879216
vn -0.488371 -0.521511 0.699657
vn -0.423610 -0.553657 0.716951
vn -0.654179 -0.751558 0.084916
vn -0.569806 -0.819933 0.055048
vn -0.393769 -0.653165 -0.646777
vn -0.564646 -0.823918 0.048316
vn -0.487408 -0.628353 -0.606305
vn -0.691319 -0.710731 0.130152
vn -0.694412 -0.709988 0.117084
vn -0.532110 -0.625764 -0.570332
vn 0.576960 0.477282 0.662812
vn 0.784305 0.609905 -0.113500
vn 0.556975 0.491688 0.669344
vn 0.781679 0.614009 -0.109409
vn 0.548648 0.362974 -0.753150
vn 0.560332 0.362799 -0.744583
vn 0.040782 -0.119956 -0.991941
vn -0.000930 -0.156450 -0.987685
vn -0.046748 -0.035572 0.998273
vn 0.005442 -0.005039 0.999972
vn 0.040782 -0.119956 -0.991941
vn -0.461309 -0.570584 -0.679432
vn -0.000930 -0.156450 -0.987685
vn -0.438254 -0.452112 0.776870
vn -0.496115 -0.470972 0.729421
vn 0.005442 -0.005039 0.999972
vn -0.046748 -0.035572 0.998273
vn 0.525248 0.381768 -0.760505
vn 0.057600 -0.095616 -0.993750
vn 0.532076 0.541137 -0.651203
vn 0.463614 0.454091 -0.760831
vn -0.118029 0.143121 -0.982642
vn -0.070731 0.012192 -0.997421
vn 0.757578 0.639825 -0.129228
vn 0.808002 0.559381 -0.185002
vn 0.562504 0.507814 0.652468
vn 0.811491 0.552337 -0.190804
vn 0.759219 0.585966 -0.283249
vn 0.711188 0.686391 -0.151917
vn 0.636484 0.726633 0.258638
vn 0.764491 0.634576 -0.115695
vn 0.656734 0.680454 0.325088
vn 0.702408 0.593713 -0.392593
vn 0.565275 0.603399 0.562471
vn 0.784910 0.586199 0.200717
vn 0.825418 0.560038 0.071004
vn 0.501189 0.502944 -0.704171
vn -0.173043 -0.147640 -0.973786
vn -0.675614 -0.737042 -0.017728
vn -0.801891 -0.591091 -0.087077
vn -0.612750 -0.576711 -0.540316
vn -0.702955 -0.405402 -0.584383
vn 0.057600 -0.095616 -0.993750
vn 0.019558 0.038407 0.999071
vn 0.019558 0.038407 0.999071
vn 0.550013 0.378914 -0.744252
vn 0.781926 0.608634 -0.134744
vn 0.554352 0.459234 0.694117
vn 0.767439 0.574051 0.285485
vn 0.589539 0.302909 0.748792
vn 0.802472 0.583335 -0.125533
vn 0.697302 0.477781 -0.534317
vn 0.545684 0.332443 -0.769227
vn 0.526421 0.198788 -0.826659
vn 0.993502 0.001134 -0.113814
vn 0.737374 0.035641 -0.674544
vn 0.841121 0.102096 0.531123
vn 0.422006 -0.643004 0.639107
vn 0.522681 -0.852165 -0.024903
vn 0.444023 -0.649713 -0.617022
vn 0.159580 -0.280922 -0.946371
vn -0.008452 -0.144350 -0.989491
vn -0.047730 -0.003345 0.998855
vn 0.106414 -0.186111 0.976749
vn 0.106414 -0.186111 0.976749
vn -0.047730 -0.003345 0.998855
vn -0.215662 -0.707467 0.673039
vn -0.445465 -0.428527 0.786082
vn 0.422006 -0.643004 0.639107
vn 0.522681 -0.852165 -0.024903
vn -0.310545 -0.948206 0.066843
vn 0.444023 -0.649713 -0.617022
vn -0.177198 -0.806547 -0.563988
vn -0.665738 -0.737383 0.114277
vn -0.480681 -0.591891 -0.647002
vn 0.159580 -0.280922 -0.946371
vn -0.008452 -0.144350 -0.989491
vn 0.757234 0.640725 -0.126759
vn 0.547054 0.507752 0.665522
vn -0.042067 -0.168738 -0.984763
vn -0.065017 -0.009437 0.997839
vn -0.042067 -0.168738 -0.984763
vn -0.065017 -0.009437 0.997839
vn 0.910523 0.397623 0.113333
vn 0.710170 -0.301018 0.636432
vn 0.820130 0.331648 -0.466258
vn 0.809172 0.586282 -0.038916
vn -0.235106 -0.896807 -0.374783
vn -0.350872 -0.606785 -0.713233
vn -0.544635 -0.838483 -0.017863
vn -0.565915 -0.824253 0.018642
vn 0.108358 -0.073088 -0.991422
vn 0.622531 -0.320896 -0.713779
vn 0.595096 0.385958 -0.704909
vn 0.622531 -0.320896 -0.713779
vn 0.108358 -0.073088 -0.991422
vn 0.781860 0.622579 -0.033016
vn 0.504026 0.488848 0.712029
vn -0.429862 -0.536345 0.726328
vn 0.710170 -0.301018 0.636432
vn -0.277233 -0.898285 0.340921
vn 0.622531 -0.320896 -0.713779
vn 0.622531 -0.320896 -0.713779
vn -0.628479 -0.777632 -0.017396
vn -0.643622 -0.765158 0.016847
vn -0.534190 -0.471086 0.701939
vn -0.691061 -0.722567 0.018202
vn -0.451955 -0.554800 -0.698523
vn -0.052225 0.018834 0.998458
vn -0.691592 -0.722262 -0.006227
vn -0.775221 0.630838 -0.032810
vn -0.527303 0.245411 -0.813465
vn -0.709067 0.535033 -0.459308
vn -0.547506 0.448165 0.706672
vn -0.531067 0.353787 0.769937
vn 0.001277 0.002251 0.999997
vn -0.118817 -0.125689 0.984929
vn -0.774603 0.086009 0.626572
vn -0.364819 -0.641746 0.674588
vn -0.723645 -0.022493 -0.689806
vn -0.360916 -0.704396 -0.611200
vn -0.146444 -0.256060 -0.955504
vn -0.580502 0.381633 -0.719287
vn -0.036043 -0.094887 -0.994835
vn -0.780445 0.621946 -0.063945
vn -0.719739 0.598816 0.351277
vn -0.991398 -0.119107 -0.054262
vn -0.991398 -0.119107 -0.054262
vn 0.201199 -0.726765 0.656758
vn 0.460290 -0.475880 0.749448
vn -0.118817 -0.125689 0.984929
vn 0.001277 0.002251 0.999997
vn 0.661164 -0.749308 0.037429
vn 0.274764 -0.961122 0.027363
vn 0.166565 -0.799303 -0.577383
vn 0.454499 -0.551751 -0.699286
vn -0.146444 -0.256060 -0.955504
vn -0.036043 -0.094887 -0.994835
vn -0.360916 -0.704396 -0.611200
vn -0.413320 -0.910580 -0.003189
vn -0.364819 -0.641746 0.674588
vn -0.360916 -0.704396 -0.611200
vn -0.413320 -0.910580 -0.003189
vn -0.413320 -0.910580 -0.003189
vn -0.545685 0.332442 -0.769227
vn 0.008451 -0.144351 -0.989490
vn -0.526424 0.198791 -0.826656
vn -0.589537 0.302908 0.748794
vn -0.554353 0.459233 0.694116
vn -0.767440 0.574051 0.285484
vn -0.781927 0.608633 -0.134745
vn -0.802472 0.583334 -0.125537
vn -0.697304 0.477781 -0.534315
vn -0.737375 0.035644 -0.674543
vn -0.993501 0.001135 -0.113818
vn -0.841120 0.102095 0.531124
vn -0.522681 -0.852164 -0.024901
vn -0.422005 -0.643001 0.639109
vn -0.522681 -0.852164 -0.024901
vn -0.444023 -0.649709 -0.617027
vn -0.159579 -0.280918 -0.946372
vn -0.106414 -0.186111 0.976749
vn 0.047731 -0.003346 0.998855
vn -0.106414 -0.186111 0.976749
vn 0.215662 -0.707465 0.673040
vn 0.047731 -0.003346 0.998855
vn 0.445465 -0.428527 0.786083
vn -0.422005 -0.643001 0.639109
vn -0.522681 -0.852164 -0.024901
vn 0.310545 -0.948205 0.066846
vn -0.444023 -0.649709 -0.617027
vn 0.177200 -0.806546 -0.563989
vn 0.480679 -0.591891 -0.647003
vn 0.665738 -0.737383 0.114278
vn -0.159579 -0.280918 -0.946372
vn 0.008451 -0.144351 -0.989490
vn -0.559625 -0.827994 -0.035293
vn 0.304620 0.405082 0.862041
vn 0.470915 0.496139 0.729442
vn -0.366215 -0.648923 -0.666922
vn -0.608840 -0.789833 0.074017
vn -0.268715 -0.919301 -0.287538
vn -0.640194 -0.761616 0.100460
vn -0.440863 -0.602270 -0.665515
vn -0.654821 -0.755698 0.011364
vn 0.144674 -0.082946 -0.985997
vn 0.799640 -0.368779 -0.473897
vn 0.632549 0.410312 -0.656907
vn 0.932301 0.348744 -0.095882
vn 0.799640 -0.368779 -0.473897
vn 0.144674 -0.082946 -0.985997
vn -0.067366 0.050105 0.996469
vn -0.566881 -0.526982 0.633195
vn -0.017162 0.040039 0.999051
vn -0.482886 -0.510452 0.711519
vn -0.067366 0.050105 0.996469
vn 0.526657 0.519576 0.672810
vn -0.017162 0.040039 0.999051
vn 0.775895 0.630715 0.013583
vn 0.837087 0.536755 0.105730
vn -0.531937 -0.529831 0.660546
vn 0.758228 0.392456 0.520642
vn 0.497199 -0.242853 0.832956
vn -0.271628 -0.872359 0.406458
vn 0.497199 -0.242853 0.832956
vn -0.052225 0.018834 0.998458
vn 0.799640 -0.368779 -0.473897
vn 0.799640 -0.368779 -0.473897
vn -0.655594 -0.746459 0.113997
vn 0.630468 0.377579 -0.677343
vn 0.553551 0.405017 0.718669
vn 0.798537 0.596912 -0.003395
vn 0.578441 0.489675 0.648598
vn 0.783233 0.618035 -0.051889
vn -0.051069 -0.140130 0.989102
vn -0.078541 -0.056852 0.995651
vn -0.487260 -0.595257 0.641156
vn -0.579640 -0.554032 0.595671
vn -0.605331 -0.792163 0.102496
vn -0.670493 -0.742114 0.030118
vn -0.605331 -0.792163 0.102496
vn -0.416476 -0.693005 -0.587712
vn -0.670493 -0.742114 0.030118
vn -0.494009 -0.665273 -0.562262
vn 0.126418 -0.154627 -0.983838
vn 0.068012 -0.166076 -0.985506
vn 0.630527 0.410638 -0.660704
vn 0.588454 0.435777 -0.681043
vn 0.755335 0.647989 -0.097873
vn -0.058447 -0.119077 -0.991163
vn 0.574381 0.590971 0.566427
vn -0.079922 0.142042 0.986629
vn -0.673710 -0.419706 0.608245
vn -0.734994 -0.678072 -0.001169
vn -0.734994 -0.678072 -0.001169
vn -0.611439 -0.587440 -0.531421
vn 0.514909 0.502592 -0.694457
vn 0.699942 0.699583 -0.143753
vn -0.158237 0.074672 -0.984573
vn 0.500877 0.737670 0.452730
vn -0.084433 0.460991 0.883379
vn -0.897205 -0.357937 0.258660
vn -0.641923 0.039205 0.765766
vn -0.826145 -0.562560 -0.031787
vn -0.768536 -0.440060 -0.464435
vn -0.826145 -0.562560 -0.031787
vn 0.614124 0.399682 -0.680519
vn -0.493848 -0.502462 0.709680
vn -0.671348 -0.741139 0.002113
vn -0.410264 -0.552522 -0.725536
vn -0.701780 -0.711932 0.025642
vn -0.498247 -0.570694 -0.652732
vn -0.553365 -0.528025 0.644188
vn 0.092337 -0.103280 -0.990357
vn 0.036057 -0.151339 -0.987824
vn 0.537470 0.481755 0.692125
vn 0.552930 0.464552 0.691708
vn 0.785117 0.619326 -0.005257
vn 0.800233 0.599592 -0.010773
vn 0.622185 0.385720 -0.681253
vn 0.036057 -0.151339 -0.987824
vn 0.092337 -0.103280 -0.990357
vn -0.100271 -0.067631 0.992659
vn -0.035184 -0.032751 0.998844
vn -0.035184 -0.032751 0.998844
vn -0.100271 -0.067631 0.992659
vn -0.466216 -0.437695 0.768808
vn -0.057970 -0.016822 0.998177
vn 0.583857 0.456825 0.671135
vn 0.568691 0.451197 0.687758
vn 0.808705 0.588214 -0.001288
vn 0.815576 0.578640 -0.003460
vn 0.575732 0.453232 0.680524
vn -0.057970 -0.016822 0.998177
vn 0.017178 0.015176 0.999737
vn -0.057303 -0.017694 0.998200
vn 0.814678 0.579737 -0.014306
vn 0.614003 0.392532 -0.684777
vn 0.038591 -0.098130 -0.994425
vn -0.012765 -0.112766 -0.993540
vn 0.614611 0.388169 -0.686716
vn 0.070660 -0.067124 -0.995239
vn 0.622170 0.400110 -0.672917
vn 0.038591 -0.098130 -0.994425
vn 0.070660 -0.067124 -0.995239
vn -0.420674 -0.500652 -0.756558
vn -0.706731 -0.707316 0.015370
vn 0.017178 0.015176 0.999737
vn -0.057303 -0.017694 0.998200
vn -0.534041 -0.495688 0.684904
vn -0.705332 -0.708338 0.027645
vn -0.522562 -0.557219 -0.645318
vn -0.012765 -0.112766 -0.993540
vn -0.309102 -0.854629 -0.417211
vn -0.453002 -0.511417 0.730235
vn 0.045102 0.037939 0.998262
vn -0.393869 -0.558359 0.730138
vn -0.418347 -0.639187 -0.645310
vn -0.488539 -0.616282 -0.617678
vn -0.584478 -0.811407 -0.001814
vn -0.639697 -0.766790 0.053108
vn 0.003883 -0.148317 -0.988932
vn 0.455541 0.408446 -0.790983
vn -0.010577 -0.092631 -0.995644
vn 0.474360 -0.276020 -0.835940
vn 0.760758 0.363129 -0.537945
vn 0.474360 -0.276020 -0.835940
vn 0.879500 0.470941 0.068513
vn 0.738017 0.638566 -0.218092
vn 0.791326 -0.340536 0.507777
vn 0.791326 -0.340536 0.507777
vn -0.310329 -0.936935 0.160777
vn 0.479793 0.406809 -0.777370
vn -0.400364 -0.591598 -0.699800
vn 0.791326 -0.340536 0.507777
vn 0.791326 -0.340536 0.507777
vn 0.545088 0.520613 0.657147
vn 0.045102 0.037939 0.998262
vn 0.721597 0.681683 -0.120856
vn -0.524734 -0.844393 -0.107958
vn -0.630769 -0.650501 -0.423058
vn -0.585124 -0.778232 -0.228004
vn -0.540497 -0.469802 0.697961
vn -0.715966 -0.697846 0.020097
vn 0.601066 0.393341 -0.695703
vn 0.612826 0.185495 -0.768138
vn 0.058145 -0.088976 -0.994335
vn 0.140271 -0.295616 -0.944952
vn 0.372828 -0.736434 -0.564503
vn 0.816716 -0.090796 -0.569852
vn 0.795802 0.605555 -0.001373
vn 0.807469 0.438960 -0.394091
vn 0.792690 0.497694 0.352055
vn 0.853855 0.519429 0.033536
vn 0.569061 0.456178 0.684157
vn 0.626891 0.331371 0.705124
vn 0.820486 0.074001 0.566857
vn 0.987230 -0.145959 0.063815
vn 0.987230 -0.145959 0.063815
vn 0.361864 -0.588319 0.723142
vn 0.464742 -0.882900 0.067106
vn 0.464742 -0.882900 0.067106
vn -0.046412 -0.021047 0.998701
vn 0.068910 -0.116421 0.990806
vn 0.361864 -0.588319 0.723142
vn -0.309244 -0.679269 0.665553
vn 0.464742 -0.882900 0.067106
vn -0.314458 -0.948706 0.032760
vn -0.231391 -0.776903 -0.585560
vn 0.372828 -0.736434 -0.564503
vn -0.459929 -0.520368 -0.719501
vn 0.058145 -0.088976 -0.994335
vn 0.140271 -0.295616 -0.944952
vn -0.046412 -0.021047 0.998701
vn 0.068910 -0.116421 0.990806
vn 0.011036 -0.109500 -0.993925
vn 0.559261 0.479414 0.676306
vn 0.782427 0.622665 -0.009835
vn 0.011036 -0.109500 -0.993925
vn 0.602548 0.426692 -0.674440
vn -0.115464 -0.067602 0.991009
vn -0.115464 -0.067602 0.991009
vn -0.798537 0.596912 -0.003394
vn -0.553551 0.405017 0.718669
vn 0.051069 -0.140130 0.989102
vn 0.487260 -0.595257 0.641156
vn 0.605331 -0.792163 0.102496
vn 0.605331 -0.792163 0.102496
vn 0.416476 -0.693005 -0.587712
vn -0.126418 -0.154627 -0.983838
vn -0.630468 0.377579 -0.677344
vn -0.550013 0.378912 -0.744253
vn -0.757236 0.640723 -0.126760
vn -0.784305 0.609904 -0.113498
vn -0.576960 0.477280 0.662813
vn -0.547055 0.507751 0.665522
vn -0.560332 0.362799 -0.744584
vn 0.042066 -0.168738 -0.984763
vn -0.040781 -0.119955 -0.991941
vn 0.065018 -0.009437 0.997839
vn -0.005442 -0.005039 0.999972
vn 0.461310 -0.570583 -0.679433
vn 0.532109 -0.625762 -0.570334
vn -0.040781 -0.119955 -0.991941
vn 0.042066 -0.168738 -0.984763
vn 0.691319 -0.710731 0.130152
vn 0.694412 -0.709988 0.117083
vn 0.496115 -0.470971 0.729422
vn 0.438255 -0.452112 0.776870
vn 0.065018 -0.009437 0.997839
vn -0.005442 -0.005039 0.999972
vn 0.534040 -0.495687 0.684905
vn 0.057303 -0.017693 0.998200
vn -0.815575 0.578641 -0.003460
vn -0.568691 0.451198 0.687758
vn -0.808705 0.588213 -0.001289
vn -0.583857 0.456825 0.671135
vn 0.057303 -0.017693 0.998200
vn -0.017178 0.015175 0.999737
vn -0.614611 0.388168 -0.686716
vn 0.012766 -0.112768 -0.993539
vn -0.622171 0.400110 -0.672916
vn -0.070661 -0.067124 -0.995239
vn -0.017178 0.015175 0.999737
vn 0.466216 -0.437695 0.768808
vn 0.705333 -0.708337 0.027645
vn 0.522563 -0.557219 -0.645317
vn 0.706730 -0.707316 0.015371
vn 0.420674 -0.500652 -0.756559
vn -0.070661 -0.067124 -0.995239
vn 0.012766 -0.112768 -0.993539
vn -0.630527 0.410638 -0.660704
vn -0.783234 0.618035 -0.051888
vn -0.578441 0.489675 0.648598
vn 0.078541 -0.056852 0.995651
vn 0.579640 -0.554032 0.595671
vn 0.670492 -0.742114 0.030118
vn 0.494009 -0.665273 -0.562262
vn 0.670492 -0.742114 0.030118
vn -0.068012 -0.166076 -0.985506
vn -0.588455 0.435778 -0.681042
vn -0.755335 0.647989 -0.097872
vn 0.058447 -0.119077 -0.991163
vn -0.574382 0.590971 0.566426
vn 0.079921 0.142042 0.986629
vn 0.734994 -0.678073 -0.001170
vn 0.673710 -0.419706 0.608245
vn 0.734994 -0.678073 -0.001170
vn 0.611439 -0.587441 -0.531421
vn -0.532076 0.541138 -0.651203
vn -0.711187 0.686392 -0.151918
vn -0.514909 0.502594 -0.694455
vn -0.699941 0.699584 -0.143753
vn 0.070732 0.012191 -0.997421
vn -0.463614 0.454091 -0.760831
vn 0.118030 0.143121 -0.982642
vn 0.158237 0.074672 -0.984573
vn -0.500876 0.737671 0.452730
vn 0.084433 0.460991 0.883379
vn -0.636483 0.726633 0.258637
vn -0.764152 0.634576 -0.115695
vn -0.656735 0.680454 0.325087
vn -0.702407 0.593713 -0.392593
vn -0.784911 0.586198 0.200717
vn -0.565276 0.603399 0.562470
vn -0.825419 0.560038 0.071006
vn -0.811491 0.552336 -0.190806
vn -0.759219 0.585966 -0.283250
vn -0.501189 0.502944 -0.704171
vn 0.173043 -0.147641 -0.973785
vn 0.641923 0.039204 0.765766
vn 0.897204 -0.357938 0.258659
vn 0.702955 -0.405403 -0.584382
vn 0.801890 -0.591092 -0.087076
vn 0.612750 -0.576711 -0.540316
vn 0.675614 -0.737042 -0.017727
vn 0.768535 -0.440061 -0.464435
vn 0.826145 -0.562560 -0.031787
vn 0.826145 -0.562560 -0.031787
vn 0.125703 -0.277984 -0.952325
vn -0.003087 -0.127866 -0.991787
vn 0.476130 0.175155 -0.861755
vn 0.766409 -0.028241 -0.641732
vn 0.434090 -0.651638 -0.622040
vn 0.485990 0.340137 -0.805059
vn 0.548708 0.475324 0.687740
vn 0.019874 0.025435 0.999479
vn 0.536633 0.347552 0.768917
vn 0.144427 -0.085917 0.985778
vn 0.799017 0.113551 0.590489
vn 0.476563 -0.537183 0.695933
vn 0.019874 0.025435 0.999479
vn -0.437914 -0.445529 0.780856
vn 0.144427 -0.085917 0.985778
vn -0.130985 -0.657595 0.741897
vn 0.476563 -0.537183 0.695933
vn 0.577156 -0.816281 0.024024
vn -0.229018 -0.972436 0.043816
vn -0.150197 -0.771590 -0.618135
vn 0.434090 -0.651638 -0.622040
vn -0.679244 -0.732158 0.050708
vn -0.430382 -0.556299 -0.710846
vn 0.577156 -0.816281 0.024024
vn 0.998828 -0.047508 -0.009233
vn 0.765925 0.636766 -0.088808
vn 0.746776 0.576278 0.332007
vn 0.820404 0.570928 -0.031293
vn 0.725779 0.491429 -0.481397
vn -0.864367 0.158566 0.477208
vn -0.202417 0.516232 0.832185
vn -0.219588 0.530664 0.818643
vn -0.824615 0.069883 0.561360
vn -0.864367 0.158566 0.477208
vn -0.923356 -0.367310 -0.111788
vn -0.824615 0.069883 0.561360
vn -0.818643 -0.567627 -0.087312
vn -0.457016 -0.260671 0.850404
vn -0.576383 -0.756247 0.309636
vn -0.153447 0.309813 0.938333
vn -0.457016 -0.260671 0.850404
vn 0.479010 0.552231 0.682341
vn 0.464018 0.560750 0.685746
vn 0.922780 0.324693 0.207487
vn 0.914642 0.313982 0.254648
vn 0.473382 0.229578 0.850414
vn 0.902321 0.159512 0.400467
vn 0.894405 -0.174727 -0.411716
vn 0.939575 -0.206874 -0.272768
vn 0.882771 -0.411164 0.227287
vn 0.303243 -0.524473 0.795595
vn 0.303243 -0.524473 0.795595
vn -0.086196 -0.983331 0.160095
vn 0.882771 -0.411164 0.227287
vn 0.438411 -0.890072 -0.124769
vn 0.303243 -0.524473 0.795595
vn -0.368738 -0.798199 -0.476351
vn 0.300828 -0.748031 -0.591567
vn 0.939575 -0.206874 -0.272768
vn 0.894405 -0.174727 -0.411716
vn 0.295346 -0.597015 -0.745884
vn -0.407635 -0.693890 -0.593591
vn -0.387967 0.539228 0.747472
vn -0.382949 0.710180 0.590758
vn 0.023574 0.625698 0.779709
vn -0.304619 0.405082 0.862042
vn 0.817538 -0.537146 -0.207620
vn 0.592528 -0.756856 -0.275825
vn 0.897204 -0.357938 0.258659
vn 0.837551 -0.465559 -0.285944
vn 0.951566 -0.077503 0.297515
vn 0.436365 -0.759969 -0.481698
vn 0.951566 -0.077503 0.297515
vn 0.589548 0.334532 0.735202
vn -0.795803 0.605554 -0.001374
vn -0.807469 0.438960 -0.394091
vn -0.853855 0.519429 0.033536
vn -0.140270 -0.295616 -0.944953
vn -0.612824 0.185495 -0.768139
vn -0.058145 -0.088975 -0.994335
vn -0.601066 0.393340 -0.695704
vn -0.372826 -0.736435 -0.564503
vn -0.816715 -0.090797 -0.569853
vn -0.792692 0.497695 0.352050
vn -0.569061 0.456178 0.684157
vn -0.626895 0.331373 0.705120
vn -0.820489 0.074002 0.566853
vn -0.987230 -0.145960 0.063815
vn -0.987230 -0.145960 0.063815
vn -0.464741 -0.882900 0.067109
vn -0.361863 -0.588318 0.723144
vn -0.068911 -0.116421 0.990806
vn 0.046410 -0.021048 0.998701
vn -0.361863 -0.588318 0.723144
vn -0.464741 -0.882900 0.067109
vn 0.309244 -0.679268 0.665554
vn 0.314458 -0.948706 0.032763
vn -0.372826 -0.736435 -0.564503
vn 0.231390 -0.776903 -0.585560
vn 0.459930 -0.520367 -0.719502
vn 0.715965 -0.697847 0.020096
vn 0.540496 -0.469804 0.697960
vn -0.058145 -0.088975 -0.994335
vn -0.140270 -0.295616 -0.944953
vn -0.068911 -0.116421 0.990806
vn 0.046410 -0.021048 0.998701
vn 0.512422 0.407101 -0.756104
vn 0.729250 0.681261 -0.063857
vn 0.549442 0.380111 -0.744062
vn -0.046194 -0.167804 -0.984737
vn -0.013415 -0.152279 -0.988247
vn 0.534903 0.363492 -0.762727
vn 0.046857 -0.119277 -0.991755
vn 0.772151 0.628315 -0.094882
vn 0.755526 0.651500 -0.068759
vn 0.521937 0.533847 0.665274
vn 0.556075 0.513827 0.653271
vn 0.493385 0.536566 0.684593
vn -0.049742 0.013643 0.998669
vn -0.014253 0.063923 0.997853
vn -0.023873 -0.007291 0.999688
vn -0.049742 0.013643 0.998669
vn -0.430722 -0.556635 -0.710377
vn -0.657177 -0.751114 0.062808
vn -0.434721 -0.441535 0.784898
vn -0.014253 0.063923 0.997853
vn -0.023873 -0.007291 0.999688
vn -0.496462 -0.502563 0.707782
vn -0.473938 -0.609522 -0.635504
vn -0.673278 -0.736870 0.060989
vn -0.725778 0.491429 -0.481398
vn -0.766407 -0.028240 -0.641734
vn -0.820404 0.570928 -0.031291
vn -0.476128 0.175154 -0.861756
vn -0.434090 -0.651640 -0.622039
vn -0.125701 -0.277984 -0.952326
vn -0.485990 0.340135 -0.805060
vn 0.003087 -0.127866 -0.991787
vn -0.548709 0.475322 0.687741
vn -0.536634 0.347553 0.768916
vn -0.019874 0.025435 0.999479
vn -0.144428 -0.085916 0.985778
vn -0.799016 0.113548 0.590492
vn -0.476561 -0.537181 0.695935
vn 0.130985 -0.657591 0.741901
vn 0.437913 -0.445526 0.780858
vn -0.144428 -0.085916 0.985778
vn -0.019874 0.025435 0.999479
vn -0.476561 -0.537181 0.695935
vn 0.229017 -0.972435 0.043826
vn -0.577155 -0.816281 0.024029
vn -0.434090 -0.651640 -0.622039
vn 0.150197 -0.771593 -0.618130
vn 0.430383 -0.556301 -0.710844
vn 0.679244 -0.732158 0.050717
vn -0.998828 -0.047509 -0.009232
vn -0.577155 -0.816281 0.024029
vn -0.577155 -0.816281 0.024029
vn -0.765926 0.636766 -0.088807
vn -0.746777 0.576277 0.332008
vn -0.092337 -0.103279 -0.990357
vn -0.602549 0.426691 -0.674440
vn -0.622186 0.385719 -0.681252
vn 0.701780 -0.711932 0.025641
vn 0.553365 -0.528025 0.644187
vn 0.498247 -0.570693 -0.652732
vn 0.410262 -0.552521 -0.725538
vn 0.671348 -0.741139 0.002111
vn 0.493848 -0.502461 0.709681
vn -0.011036 -0.109498 -0.993926
vn -0.092337 -0.103279 -0.990357
vn -0.782427 0.622664 -0.009836
vn -0.559262 0.479414 0.676305
vn -0.800234 0.599592 -0.010772
vn -0.552930 0.464552 0.691708
vn -0.011036 -0.109498 -0.993926
vn 0.115463 -0.067602 0.991009
vn 0.035183 -0.032750 0.998844
vn 0.115463 -0.067602 0.991009
vn 0.035183 -0.032750 0.998844
vn -0.882771 -0.411164 0.227285
vn -0.902321 0.159509 0.400466
vn -0.939575 -0.206873 -0.272768
vn 0.219587 0.530663 0.818644
vn 0.202416 0.516231 0.832186
vn 0.864366 0.158563 0.477210
vn 0.824615 0.069882 0.561362
vn 0.864366 0.158563 0.477210
vn 0.824615 0.069882 0.561362
vn 0.923356 -0.367311 -0.111788
vn 0.818643 -0.567626 -0.087312
vn 0.457016 -0.260672 0.850404
vn 0.576383 -0.756246 0.309636
vn 0.153447 0.309811 0.938334
vn 0.457016 -0.260672 0.850404
vn -0.479010 0.552231 0.682342
vn -0.922780 0.324693 0.207488
vn -0.464017 0.560749 0.685747
vn -0.914641 0.313982 0.254649
vn -0.473383 0.229574 0.850414
vn -0.894406 -0.174726 -0.411715
vn -0.303244 -0.524474 0.795594
vn -0.438411 -0.890073 -0.124765
vn 0.086196 -0.983330 0.160098
vn -0.882771 -0.411164 0.227285
vn -0.303244 -0.524474 0.795594
vn -0.300828 -0.748034 -0.591564
vn 0.368739 -0.798200 -0.476348
vn -0.939575 -0.206873 -0.272768
vn -0.894406 -0.174726 -0.411715
vn -0.295348 -0.597016 -0.745883
vn 0.407636 -0.693889 -0.593592
vn -0.951566 -0.077503 0.297516
vn -0.817537 -0.537147 -0.207620
vn -0.837550 -0.465560 -0.285943
vn -0.018120 -0.179804 0.983536
vn -0.476811 -0.657744 0.583116
vn 0.382950 0.710180 0.590758
vn -0.023574 0.625699 0.779708
vn 0.227480 0.164939 0.959712
vn -0.018120 -0.179804 0.983536
vn 0.387968 0.539229 0.747471
vn -0.592527 -0.756856 -0.275826
vn -0.897205 -0.357937 0.258660
vn -0.436364 -0.759970 -0.481697
vn -0.589548 0.334534 0.735201
vn -0.951566 -0.077503 0.297516
vn -0.926975 0.344484 0.148489
vn -0.234348 0.550176 0.801491
vn -0.632782 0.369408 0.680532
vn -0.314302 0.457627 0.831740
vn -0.409825 0.532704 0.740452
vn -0.906410 0.198206 0.373007
vn -0.462204 0.628812 0.625270
vn 0.452937 0.371809 0.810312
vn 0.344610 0.342685 0.873962
vn 0.314274 0.468737 0.825541
vn 0.278680 0.577537 0.767326
vn 0.859862 -0.100058 0.500625
vn 0.899036 -0.055157 0.434388
vn 0.886216 -0.004420 0.463251
vn 0.922554 0.094965 0.373998
vn 0.859862 -0.100058 0.500625
vn 0.814275 -0.579118 -0.039731
vn 0.899036 -0.055157 0.434388
vn 0.837899 -0.536702 -0.099384
vn 0.339544 -0.881143 -0.329084
vn 0.400003 -0.855149 -0.329722
vn 0.021103 -0.895171 -0.445222
vn 0.891869 -0.421962 -0.162843
vn 0.413173 -0.699557 -0.583016
vn 0.849907 -0.516989 -0.101886
vn 0.412516 -0.777878 -0.474064
vn 0.922554 0.094965 0.373998
vn 0.886216 -0.004420 0.463251
vn -0.259583 -0.746387 -0.612800
vn -0.219097 -0.628722 -0.746127
vn -0.395758 -0.838545 -0.374457
vn 0.096765 -0.992809 0.070472
vn -0.593642 -0.725531 0.348128
vn -0.593642 -0.725531 0.348128
vn -0.395758 -0.838545 -0.374457
vn -0.891938 -0.344254 -0.293149
vn -0.891938 -0.344254 -0.293149
vn -0.812133 -0.246151 -0.529008
vn -0.891938 -0.344254 -0.293149
vn -0.812133 -0.246151 -0.529008
vn -0.613397 0.138494 0.777537
vn -0.593642 -0.725531 0.348128
vn -0.556976 0.491686 0.669345
vn 0.393769 -0.653167 -0.646776
vn 0.569806 -0.819933 0.055049
vn 0.564645 -0.823918 0.048316
vn -0.757578 0.639825 -0.129228
vn -0.562505 0.507814 0.652468
vn -0.808002 0.559381 -0.185004
vn -0.525248 0.381767 -0.760505
vn 0.691591 -0.722263 -0.006229
vn -0.548648 0.362973 -0.753151
vn -0.781680 0.614008 -0.109408
vn 0.000931 -0.156449 -0.987686
vn -0.057600 -0.095617 -0.993750
vn 0.046748 -0.035572 0.998273
vn 0.000931 -0.156449 -0.987686
vn -0.057600 -0.095617 -0.993750
vn 0.487407 -0.628354 -0.606305
vn 0.488373 -0.521511 0.699656
vn 0.654179 -0.751558 0.084914
vn 0.423611 -0.553658 0.716950
vn 0.046748 -0.035572 0.998273
vn -0.019558 0.038406 0.999071
vn -0.019558 0.038406 0.999071
vn 0.453003 -0.511418 0.730233
vn 0.639698 -0.766790 0.053104
vn 0.393871 -0.558362 0.730136
vn -0.045102 0.037939 0.998262
vn 0.488539 -0.616281 -0.617679
vn 0.584478 -0.811407 -0.001820
vn 0.418346 -0.639187 -0.645312
vn -0.003882 -0.148317 -0.988932
vn 0.010577 -0.092631 -0.995644
vn -0.455540 0.408445 -0.790984
vn 0.309102 -0.854631 -0.417207
vn -0.474362 -0.276021 -0.835939
vn -0.760758 0.363129 -0.537944
vn -0.474362 -0.276021 -0.835939
vn -0.879500 0.470942 0.068511
vn -0.738016 0.638566 -0.218095
vn -0.791325 -0.340536 0.507779
vn -0.791325 -0.340536 0.507779
vn 0.310326 -0.936935 0.160780
vn -0.479793 0.406809 -0.777371
vn 0.400364 -0.591598 -0.699800
vn -0.791325 -0.340536 0.507779
vn -0.045102 0.037939 0.998262
vn -0.791325 -0.340536 0.507779
vn -0.545088 0.520612 0.657147
vn -0.721597 0.681683 -0.120856
vn 0.524732 -0.844394 -0.107958
vn 0.643622 -0.765158 0.016845
vn 0.585123 -0.778233 -0.228003
vn 0.630769 -0.650502 -0.423057
vn -0.534903 0.363490 -0.762728
vn -0.046857 -0.119276 -0.991755
vn 0.013415 -0.152279 -0.988247
vn -0.512422 0.407099 -0.756104
vn -0.729250 0.681261 -0.063855
vn 0.046193 -0.167803 -0.984738
vn -0.549441 0.380109 -0.744064
vn -0.772153 0.628314 -0.094881
vn -0.755526 0.651500 -0.068760
vn -0.556075 0.513825 0.653273
vn -0.521935 0.533847 0.665275
vn -0.493383 0.536565 0.684596
vn 0.049742 0.013643 0.998669
vn 0.014253 0.063923 0.997853
vn 0.023873 -0.007291 0.999688
vn 0.049742 0.013643 0.998669
vn 0.657178 -0.751114 0.062809
vn 0.430721 -0.556634 -0.710379
vn 0.434721 -0.441534 0.784898
vn 0.014253 0.063923 0.997853
vn 0.023873 -0.007291 0.999688
vn 0.496462 -0.502561 0.707784
vn 0.673278 -0.736870 0.060995
vn 0.473939 -0.609524 -0.635502
vn 0.482887 -0.510452 0.711519
vn 0.566880 -0.526983 0.633196
vn 0.017161 0.040040 0.999051
vn -0.470915 0.496139 0.729441
vn 0.018119 -0.179804 0.983536
vn 0.067365 0.050106 0.996469
vn 0.476812 -0.657742 0.583117
vn 0.366216 -0.648924 -0.666921
vn 0.608840 -0.789832 0.074018
vn 0.440862 -0.602270 -0.665515
vn 0.654821 -0.755698 0.011364
vn 0.018119 -0.179804 0.983536
vn -0.227479 0.164938 0.959713
vn 0.067365 0.050106 0.996469
vn 0.017161 0.040040 0.999051
vn -0.526658 0.519577 0.672808
vn -0.775895 0.630716 0.013584
vn -0.837087 0.536755 0.105733
vn -0.632550 0.410314 -0.656904
vn 0.640193 -0.761617 0.100460
vn 0.531938 -0.529831 0.660546
vn 0.655594 -0.746459 0.113997
vn 0.559625 -0.827994 -0.035292
vn -0.036058 -0.151338 -0.987824
vn -0.144674 -0.082945 -0.985997
vn -0.537471 0.481756 0.692124
vn -0.785117 0.619325 -0.005258
vn -0.614126 0.399682 -0.680518
vn -0.144674 -0.082945 -0.985997
vn -0.036058 -0.151338 -0.987824
vn 0.100270 -0.067630 0.992659
vn 0.100270 -0.067630 0.992659
vn 0.593642 -0.725532 0.348127
vn 0.395760 -0.838544 -0.374458
vn -0.096764 -0.992809 0.070472
vn 0.234348 0.550177 0.801490
vn 0.314302 0.457628 0.831740
vn 0.632783 0.369408 0.680532
vn 0.409825 0.532704 0.740453
vn 0.906411 0.198205 0.373007
vn 0.926974 0.344485 0.148488
vn 0.462204 0.628812 0.625271
vn -0.452937 0.371810 0.810312
vn -0.344611 0.342685 0.873962
vn -0.314274 0.468736 0.825541
vn -0.278680 0.577537 0.767325
vn -0.859863 -0.100057 0.500624
vn -0.899035 -0.055157 0.434389
vn -0.886217 -0.004420 0.463250
vn -0.922555 0.094966 0.373998
vn -0.837899 -0.536702 -0.099383
vn -0.814275 -0.579117 -0.039731
vn -0.899035 -0.055157 0.434389
vn -0.859863 -0.100057 0.500624
vn -0.339544 -0.881144 -0.329082
vn -0.021103 -0.895172 -0.445221
vn -0.400003 -0.855151 -0.329720
vn -0.412516 -0.777878 -0.474064
vn -0.413174 -0.699557 -0.583016
vn -0.849907 -0.516989 -0.101887
vn -0.891869 -0.421963 -0.162844
vn -0.886217 -0.004420 0.463250
vn -0.922555 0.094966 0.373998
vn 0.259583 -0.746387 -0.612799
vn 0.219096 -0.628722 -0.746127
vn 0.891937 -0.344256 -0.293149
vn 0.891937 -0.344256 -0.293149
vn 0.395760 -0.838544 -0.374458
vn 0.593642 -0.725532 0.348127
vn 0.812132 -0.246152 -0.529009
vn 0.891937 -0.344256 -0.293149
vn 0.812132 -0.246152 -0.529009
vn 0.593642 -0.725532 0.348127
vn 0.613398 0.138493 0.777537
vn -0.932301 0.348744 -0.095877
vn 0.268716 -0.919300 -0.287539
vn -0.799640 -0.368779 -0.473898
vn -0.799640 -0.368779 -0.473898
vn -0.910523 0.397623 0.113333
vn -0.820130 0.331647 -0.466259
vn -0.758227 0.392454 0.520645
vn -0.809172 0.586281 -0.038918
vn 0.235106 -0.896809 -0.374778
vn 0.544634 -0.838483 -0.017862
vn 0.350873 -0.606786 -0.713231
vn 0.565914 -0.824253 0.018643
vn -0.108358 -0.073089 -0.991421
vn -0.595096 0.385958 -0.704909
vn -0.622533 -0.320900 -0.713776
vn -0.622533 -0.320900 -0.713776
vn -0.108358 -0.073089 -0.991421
vn 0.052225 0.018834 0.998458
vn 0.429862 -0.536345 0.726328
vn -0.497200 -0.242854 0.832955
vn 0.271629 -0.872360 0.406456
vn 0.052225 0.018834 0.998458
vn -0.497200 -0.242854 0.832955
vn -0.504026 0.488848 0.712029
vn -0.781860 0.622579 -0.033017
vn -0.799640 -0.368779 -0.473898
vn -0.799640 -0.368779 -0.473898
vn -0.710168 -0.301018 0.636436
vn 0.277232 -0.898284 0.340922
vn -0.710168 -0.301018 0.636436
vn -0.622533 -0.320900 -0.713776
vn -0.622533 -0.320900 -0.713776
vn 0.628479 -0.777632 -0.017398
vn -0.575733 0.453233 0.680523
vn 0.057969 -0.016823 0.998177
vn -0.814678 0.579737 -0.014307
vn -0.614004 0.392532 -0.684775
vn -0.038592 -0.098129 -0.994425
vn 0.691060 -0.722568 0.018204
vn 0.534189 -0.471086 0.701940
vn 0.451955 -0.554800 -0.698523
vn 0.057969 -0.016823 0.998177
vn -0.038592 -0.098129 -0.994425
vn -0.624828 -0.024845 -0.768979
vn -0.078973 -0.113755 -0.989203
vn -0.462043 -0.132971 -0.867430
vn 0.004181 -0.248546 -0.965454
vn -0.987301 0.073226 -0.125268
vn -0.911409 0.053125 -0.377794
vn -0.981385 0.060841 -0.140889
vn -0.979222 0.086754 0.152545
vn -0.987301 0.073226 -0.125268
vn -0.981385 0.060841 -0.140889
vn -0.914556 0.031315 -0.381221
vn -0.784402 -0.037219 -0.612167
vn -0.909448 -0.008686 -0.397160
vn -0.457956 -0.007488 0.876228
vn -0.410948 0.055237 0.891538
vn -0.475904 0.022969 0.874041
vn -0.590486 0.069611 0.792045
vn -0.508819 -0.263915 0.819972
vn -0.508566 -0.264340 0.818280
vn -0.620687 -0.627156 0.472468
vn -0.621454 -0.627666 0.472382
vn -0.685814 -0.714882 -0.130144
vn -0.685899 -0.714543 -0.128791
vn -0.742730 -0.050550 -0.664215
vn -0.443053 -0.081038 -0.885365
vn -0.600957 -0.008349 -0.800343
vn -0.574415 -0.071803 -0.809283
vn -0.587497 -0.435774 -0.677603
vn -0.585545 -0.435860 -0.677100
vn -0.486777 -0.204086 -0.844863
vn -0.531588 -0.156080 -0.833022
vn 0.301342 0.014189 -0.964382
vn 0.290287 0.074117 -0.961787
vn 0.292664 0.073778 -0.957539
vn 0.348051 0.353570 -0.869498
vn 0.347798 0.353995 -0.867381
vn 0.439527 0.730347 -0.520147
vn 0.439783 0.731197 -0.519722
vn 0.479451 0.874361 0.103482
vn 0.479536 0.872323 0.102129
vn 0.335912 0.131577 0.930068
vn 0.328444 0.132341 0.940509
vn 0.328714 0.103861 0.939022
vn 0.435854 0.571674 0.706051
vn 0.434241 0.564714 0.705377
vn 0.353903 0.225960 0.914836
vn 0.360182 0.225621 0.903717
vn -0.983009 0.009137 -0.168384
vn -0.989777 0.023711 0.142121
vn -0.980060 0.032040 -0.156680
vn -0.986029 0.051537 0.147305
vn -0.815827 0.055462 0.563128
vn -0.805251 0.007691 0.584539
vn -0.590486 0.069611 0.792045
vn -0.607936 -0.012405 0.785459
vn 0.253914 -0.078562 -0.964911
vn 0.240003 -0.290142 -0.921627
vn 0.828659 -0.151480 -0.539517
vn -0.980060 0.032040 -0.156680
vn -0.983009 0.009137 -0.168384
vn -0.897898 -0.025946 -0.434729
vn -0.443053 -0.081038 -0.885366
vn -0.742730 -0.050550 -0.664215
vn -0.766827 0.093266 0.621986
vn -0.344162 -0.085991 -0.929887
vn -0.110303 -0.054342 0.987767
vn -0.167904 0.025272 0.974801
vn -0.410948 0.055237 0.891538
vn -0.403808 0.066725 0.892480
vn 0.126114 -0.105103 0.985932
vn -0.365524 0.023158 0.916477
vn 0.266395 -0.037005 -0.965808
vn 0.255002 -0.042877 -0.966948
vn -0.444609 -0.044816 -0.887276
vn -0.502159 -0.026656 -0.861326
vn -0.735680 -0.038717 -0.669865
vn -0.865988 0.003586 -0.489467
vn -0.856977 0.000851 -0.504310
vn 0.883590 -0.046402 -0.471126
vn 0.869416 -0.045855 -0.492404
vn -0.981380 0.020643 -0.184713
vn -0.985122 0.018024 -0.179038
vn -0.992897 0.025596 0.135083
vn -0.991416 0.021537 0.138550
vn -0.981380 0.020643 -0.184713
vn -0.992744 0.007920 0.127519
vn -0.792662 -0.022813 0.607533
vn -0.716533 -0.004609 0.695764
vn -0.374076 -0.063234 0.921034
vn -0.368266 -0.021214 0.920762
vn 0.995334 -0.057382 0.042409
vn 0.997995 -0.042828 0.044539
vn 0.991161 -0.117814 0.024932
vn -0.880947 0.000182 -0.461965
vn -0.985122 0.018024 -0.179038
vn 0.197693 -0.048782 0.980305
vn 0.794654 -0.321837 0.513525
vn 0.838583 -0.071047 0.541081
vn 0.991161 -0.117814 0.024932
vn 0.995334 -0.057382 0.042409
vn -0.544370 0.029899 0.824901
vn 0.209606 -0.086005 0.976951
vn 0.875162 -0.074487 0.483232
vn 0.997995 -0.042828 0.044539
vn -0.859458 0.005830 0.507988
vn -0.991867 0.028411 0.129643
vn -0.982035 0.025607 -0.180884
vn -0.880138 0.004835 -0.463923
vn -0.982035 0.025607 -0.180884
vn -0.787251 -0.012708 -0.611472
vn -0.815874 -0.052195 -0.574252
vn -0.187645 -0.412697 -0.885750
vn 0.000000 -0.199342 -0.976836
vn -0.091361 -0.175495 -0.976820
vn -0.000001 -0.633329 -0.774101
vn 0.000000 -0.679827 -0.733457
vn -0.624291 -0.404056 -0.664562
vn -0.400072 -0.524510 -0.749598
vn -0.005423 -0.243879 -0.966640
vn 0.080218 -0.114613 -0.988999
vn 0.448159 -0.127403 -0.875568
vn 0.616342 -0.027576 -0.775720
vn 0.000001 -0.502439 -0.859946
vn 0.981386 0.060830 -0.140887
vn 0.910595 0.053529 -0.379674
vn 0.987302 0.073222 -0.125267
vn 0.987302 0.073222 -0.125267
vn 0.979223 0.086743 0.152545
vn 0.981386 0.060830 -0.140887
vn 0.187646 -0.412699 -0.885749
vn 0.091362 -0.175497 -0.976820
vn 0.000000 -0.199342 -0.976836
vn 0.000001 -0.502439 -0.859946
vn -0.000001 -0.633329 -0.774101
vn 0.000000 -0.997334 0.079170
vn 0.624290 -0.404055 -0.664564
vn 0.400072 -0.524510 -0.749598
vn 0.000000 -0.679827 -0.733457
vn -0.090926 -0.189020 0.969288
vn -0.111292 -0.005481 0.983571
vn 0.000000 -0.997334 0.079170
vn 0.000000 -0.971283 0.225522
vn 0.079284 -0.455535 0.878878
vn 0.000000 -0.018560 0.987001
vn 0.000000 -0.268401 0.953785
vn 0.000000 -0.697626 0.705272
vn 0.000000 -0.804788 0.584137
vn 0.994785 -0.062864 -0.000392
vn 0.830088 -0.016047 -0.550692
vn 0.820129 -0.064545 -0.563535
vn -0.385347 -0.085092 0.912136
vn 0.203687 -0.106974 0.971986
vn -0.882659 -0.032116 0.450107
vn -0.980748 0.008213 -0.106867
vn -0.834911 0.007049 -0.532354
vn -0.980748 0.008213 -0.106867
vn -0.414985 -0.016645 -0.904338
vn 0.226384 -0.037577 -0.971918
vn 0.839385 -0.060892 -0.538194
vn 0.991440 -0.062594 0.083214
vn 0.991440 -0.062594 0.083214
vn 0.807149 -0.093535 0.585139
vn -0.798464 0.055688 -0.576415
vn -0.968156 0.044952 -0.184870
vn -0.810109 -0.016008 -0.565395
vn -0.392371 0.056372 -0.908518
vn -0.399774 -0.029656 -0.909428
vn 0.204966 -0.052281 -0.975318
vn 0.217586 0.032672 -0.970760
vn -0.870278 -0.047291 0.472783
vn -0.387300 -0.128685 0.905474
vn 0.800189 -0.119013 0.589464
vn 0.198497 -0.159451 0.964343
vn -0.968156 0.044952 -0.184870
vn 0.994784 -0.062864 -0.000392
vn 0.000000 -0.971283 0.225522
vn -0.794654 -0.321837 0.513525
vn 0.000000 -0.804788 0.584137
vn 0.449701 -0.009999 0.880086
vn 0.469120 0.029144 0.877532
vn 0.402076 0.050108 0.895851
vn 0.594012 0.069939 0.789650
vn 0.519874 -0.268079 0.809896
vn 0.520127 -0.267654 0.811759
vn 0.639362 -0.606597 0.476037
vn 0.639019 -0.606087 0.476123
vn 0.696499 -0.705708 -0.120595
vn 0.696414 -0.706047 -0.121948
vn 0.742014 -0.056643 -0.664194
vn 0.599237 -0.036425 -0.801248
vn 0.439123 -0.099087 -0.885290
vn 0.570591 -0.081050 -0.811529
vn 0.585693 -0.428897 -0.681404
vn 0.587645 -0.428811 -0.681483
vn 0.495429 -0.187369 -0.842878
vn 0.533745 -0.139971 -0.834304
vn 0.986029 0.051531 0.147305
vn 0.989722 0.023366 0.142562
vn 0.980060 0.032033 -0.156679
vn 0.983009 0.009137 -0.168384
vn 0.815056 0.058317 0.563965
vn 0.814199 0.010214 0.571973
vn 0.632693 -0.006783 0.764960
vn 0.594012 0.069939 0.789650
vn -0.990892 -0.120375 0.023217
vn 0.000000 -0.997334 0.079170
vn -0.828056 -0.154184 -0.539672
vn -0.256056 -0.085340 -0.963762
vn -0.242331 -0.289987 -0.921076
vn 0.980060 0.032033 -0.156679
vn 0.983009 0.009137 -0.168384
vn 0.908567 -0.009209 -0.399147
vn 0.895720 -0.027139 -0.439134
vn 0.439123 -0.099087 -0.885290
vn 0.774551 -0.036504 -0.624640
vn 0.914109 0.031923 -0.382231
vn 0.742014 -0.056643 -0.664194
vn 0.769379 0.089191 0.619413
vn 0.400797 0.060293 0.894277
vn 0.402076 0.050108 0.895851
vn 0.090926 -0.189018 0.969288
vn 0.105966 -0.061001 0.987856
vn 0.111292 -0.005482 0.983571
vn 0.155060 0.023395 0.976963
vn 0.000000 -0.997334 0.079170
vn -0.990892 -0.120375 0.023217
vn -0.079285 -0.455534 0.878879
vn 0.000000 -0.268401 0.953785
vn 0.000000 -0.018560 0.987001
vn 0.810022 -0.054494 -0.581802
vn 0.351808 -0.079765 -0.927996
vn 0.353185 0.021789 0.921320
vn -0.125995 -0.104965 0.985962
vn 0.000000 -0.697626 0.705272
vn -0.268081 -0.036837 -0.965340
vn 0.457790 -0.034137 -0.881035
vn -0.256151 -0.041700 -0.966690
vn 0.506955 -0.024281 -0.858566
vn 0.777574 0.003099 -0.623655
vn 0.878024 0.010122 -0.467442
vn 0.876469 0.028060 -0.470838
vn -0.882675 -0.047339 -0.472120
vn -0.867203 -0.040067 -0.496838
vn 0.985313 0.020082 -0.177779
vn 0.982399 0.029720 -0.178361
vn 0.992793 0.025681 0.135847
vn 0.985313 0.020082 -0.177779
vn 0.364841 -0.023396 0.922075
vn 0.373630 -0.063605 0.921190
vn 0.713184 -0.008984 0.699160
vn 0.792459 -0.024233 0.607742
vn -0.995423 -0.058127 0.039148
vn -0.998540 -0.035089 0.038469
vn -0.838583 -0.071047 0.541081
vn -0.197693 -0.048782 0.980305
vn -0.995423 -0.058127 0.039148
vn -0.206442 -0.084998 0.977702
vn -0.873902 -0.067850 0.486486
vn -0.998540 -0.035089 0.038469
vn -0.284980 0.073853 -0.964212
vn -0.304737 -0.020592 -0.963033
vn -0.287186 0.073514 -0.959200
vn -0.322876 0.378278 -0.866572
vn -0.323129 0.377853 -0.868860
vn -0.437307 0.717681 -0.539827
vn -0.437475 0.716831 -0.540252
vn -0.524554 0.847400 0.089846
vn -0.524468 0.849438 0.091199
vn -0.455085 0.096092 0.886573
vn -0.435956 0.114424 0.897814
vn -0.443424 0.113660 0.886609
vn -0.493516 0.516123 0.704263
vn -0.495129 0.523083 0.704089
vn -0.434643 0.183491 0.888911
vn -0.440837 0.183152 0.877877
vn 0.521783 0.026996 0.839043
vn 0.991639 0.015012 0.137818
vn 0.992811 0.005344 0.127129
vn 0.981383 0.019365 -0.184828
vn 0.866045 0.011126 -0.489267
vn 0.981383 0.019365 -0.184828
vn 0.857040 0.004641 -0.504188
vn 0.748311 -0.022037 -0.655628
vn 0.991758 0.029273 0.130286
vn 0.982399 0.029720 -0.178361
vn 0.866446 0.005641 0.495973
vn 0.048516 0.102794 -0.988949
vn 0.030919 0.305962 -0.941601
vn 0.000000 0.092627 -0.991368
vn 0.113207 0.135280 -0.977384
vn -0.048516 0.102794 -0.988949
vn 0.000000 0.092627 -0.991368
vn 0.585826 0.158319 -0.781086
vn -0.030919 0.305962 -0.941601
vn 0.135461 0.338041 -0.922120
vn 0.000000 0.299031 -0.943288
vn 0.873054 0.233746 -0.410033
vn 0.898930 0.126293 -0.385209
vn 0.559108 0.331722 -0.743537
vn 0.968870 0.170312 -0.119363
vn 0.985660 0.104211 -0.117156
vn 0.980814 0.105088 0.141871
vn 0.968870 0.170312 -0.119363
vn 0.955022 0.166568 0.210529
vn 0.985660 0.104211 -0.117156
vn 0.795520 0.124161 0.576602
vn 0.767885 0.182222 0.606031
vn 0.434463 0.099786 0.878577
vn 0.449825 0.161848 0.871881
vn 0.000000 0.035772 0.997999
vn 0.172761 0.055124 0.982558
vn 0.000000 -0.015931 0.994486
vn 0.237026 -0.013272 0.966062
vn 0.957661 0.113436 0.245577
vn 0.977160 0.095927 -0.143470
vn 0.704913 0.117214 0.694599
vn 0.444936 0.064339 0.894796
vn 0.575683 0.199733 -0.785474
vn 0.863422 0.122988 -0.471615
vn 0.977160 0.095927 -0.143470
vn 0.176170 0.228986 -0.953545
vn -0.138265 0.243019 -0.953081
vn 0.000000 0.221562 -0.967089
vn 0.271423 0.108454 0.956853
vn 0.205822 0.039016 0.967306
vn 0.326661 0.014439 0.944047
vn 0.136049 -0.005227 0.981453
vn 0.000000 -0.013824 0.989725
vn -0.112849 0.135600 -0.977382
vn -0.585891 0.160007 -0.780693
vn -0.135462 0.338041 -0.922120
vn 0.000000 0.299031 -0.943288
vn -0.873054 0.233746 -0.410032
vn -0.559108 0.331722 -0.743536
vn -0.899061 0.127500 -0.384510
vn -0.985660 0.104211 -0.117156
vn -0.968870 0.170312 -0.119363
vn -0.980814 0.105092 0.141871
vn -0.968870 0.170312 -0.119363
vn -0.985660 0.104211 -0.117156
vn -0.955022 0.166568 0.210529
vn -0.793866 0.120620 0.579619
vn -0.767885 0.182222 0.606032
vn -0.449828 0.161845 0.871880
vn -0.438578 0.089252 0.877661
vn -0.136049 -0.005226 0.981453
vn -0.213221 0.032425 0.965942
vn 0.000000 -0.013824 0.989725
vn 0.000000 0.035772 0.997999
vn 0.000000 -0.015931 0.994486
vn -0.172758 0.055120 0.982558
vn -0.237019 -0.013272 0.966063
vn -0.957661 0.113435 0.245576
vn -0.977160 0.095927 -0.143470
vn -0.704913 0.117213 0.694600
vn -0.444943 0.064339 0.894793
vn -0.575683 0.199733 -0.785474
vn -0.863422 0.122988 -0.471616
vn -0.977160 0.095927 -0.143470
vn -0.176170 0.228986 -0.953545
vn 0.138267 0.243019 -0.953081
vn 0.000000 0.221562 -0.967089
vn -0.271424 0.108448 0.956854
vn -0.326662 0.014439 0.944046
vn 0.980740 0.008246 -0.106935
vn 0.385347 -0.085092 0.912136
vn -0.196259 -0.108975 0.973285
vn 0.882659 -0.032116 0.450107
vn 0.834930 0.007061 -0.532324
vn 0.980740 0.008246 -0.106935
vn 0.414985 -0.016645 -0.904338
vn -0.224250 -0.033108 -0.972574
vn -0.835783 -0.043835 -0.545419
vn -0.992420 -0.050199 0.081761
vn -0.992420 -0.050199 0.081761
vn -0.800147 -0.095426 0.594388
vn 0.798464 0.055688 -0.576415
vn 0.810109 -0.016009 -0.565395
vn 0.968707 0.037258 -0.183695
vn -0.994613 -0.069335 -0.023222
vn -0.801875 -0.090450 -0.585917
vn -0.805630 -0.032441 -0.584637
vn 0.392371 0.056372 -0.908518
vn 0.399774 -0.029656 -0.909428
vn -0.215729 0.029494 -0.971277
vn -0.199479 -0.054911 -0.976308
vn 0.870278 -0.047290 0.472783
vn 0.387300 -0.128685 0.905474
vn -0.192127 -0.163604 0.964926
vn -0.788938 -0.133737 0.601434
vn 0.968707 0.037258 -0.183695
vn -0.994613 -0.069335 -0.023222
vn -0.986637 0.013482 -0.075461
vn -0.855926 0.100358 -0.487772
vn -0.789199 0.162366 -0.564818
vn 0.899242 0.006990 -0.438190
vn 0.996417 -0.083604 0.065773
vn 0.835532 0.040542 -0.538363
vn 0.866748 -0.020188 -0.497146
vn 0.265376 0.116823 -0.954533
vn 0.266925 0.040835 -0.960208
vn -0.379660 0.051172 -0.915996
vn -0.378070 0.143423 -0.907930
vn -0.846681 0.022043 -0.503711
vn -0.992851 -0.012003 -0.064461
vn -0.992851 -0.012003 -0.064461
vn -0.889943 -0.026043 0.449194
vn -0.986637 0.013482 -0.075461
vn -0.878235 -0.048606 0.459350
vn -0.429705 -0.030646 0.903955
vn -0.404518 -0.087256 0.907147
vn 0.210592 -0.055731 0.980284
vn 0.205947 -0.115325 0.973961
vn 0.826550 -0.083877 0.569382
vn 0.808922 -0.123621 0.581683
vn 0.996417 -0.083604 0.065773
vn 1.002261 -0.070649 0.060324
vn 1.002261 -0.070649 0.060324
vn -0.379632 0.176903 -0.895408
vn 0.245128 0.143497 -0.951440
vn 0.797624 -0.153453 0.585098
vn 0.198809 -0.178621 0.962667
vn -0.385194 -0.143482 0.904595
vn -0.872159 -0.061911 0.468889
vn 0.835520 -0.071311 0.555951
vn 1.002394 -0.066499 0.066108
vn 0.218396 -0.044078 0.978761
vn -0.444410 -0.023952 0.898031
vn -0.892735 -0.024012 0.442894
vn -0.989887 -0.021952 -0.066334
vn -0.847791 -0.023895 -0.503888
vn -0.989887 -0.021952 -0.066334
vn -0.392370 -0.023660 -0.908853
vn 0.249028 -0.034397 -0.959597
vn 0.863990 -0.055388 -0.494217
vn 1.002394 -0.066499 0.066108
vn 0.986396 0.006195 -0.079435
vn 0.860195 0.088887 -0.482510
vn 0.793908 0.153567 -0.560705
vn -0.883978 0.011960 -0.468694
vn -0.997062 -0.075768 0.063353
vn -0.821290 0.057885 -0.558517
vn -0.849451 -0.021767 -0.525819
vn -0.259734 0.039464 -0.962181
vn -0.848307 -0.072510 -0.518167
vn -0.248690 -0.038801 -0.959525
vn 0.389668 0.049723 -0.912203
vn 0.399484 -0.021429 -0.905776
vn 0.848280 0.020208 -0.500778
vn 0.849235 -0.018363 -0.501795
vn 0.992297 -0.011400 -0.071878
vn 0.989588 -0.018455 -0.071389
vn 0.992297 -0.011400 -0.071878
vn 0.891594 -0.025435 0.445951
vn 0.989588 -0.018455 -0.071389
vn 0.893993 -0.023133 0.440382
vn 0.433383 -0.030922 0.902185
vn 0.447390 -0.023359 0.896560
vn -0.208633 -0.056581 0.980564
vn -0.217000 -0.043417 0.979100
vn -0.819913 -0.074901 0.578301
vn -0.806348 -0.086098 0.597265
vn -1.000558 -0.075064 0.068213
vn -1.000718 -0.084122 0.064505
vn -1.000558 -0.075064 0.068213
vn -1.000718 -0.084122 0.064505
vn -0.261374 0.117230 -0.955570
vn 0.384927 0.140356 -0.905502
vn 0.880725 -0.054118 0.453919
vn 0.986396 0.006195 -0.079435
vn 0.408654 -0.089253 0.905095
vn -0.203285 -0.115967 0.974442
vn -0.790811 -0.124281 0.605917
vn -0.997062 -0.075768 0.063353
vn 0.381775 0.174787 -0.894912
vn -0.245707 0.146019 -0.950907
vn -0.783121 -0.160511 0.602857
vn -0.195078 -0.179814 0.963205
vn 0.386995 -0.145726 0.903463
vn 0.873413 -0.069111 0.465516
vn -0.784558 -0.251884 0.566589
vn -0.937852 -0.313531 0.148766
vn -0.954066 -0.259847 0.149125
vn 0.991595 -0.013374 -0.072695
vn 0.997163 0.015462 -0.073672
vn 0.856312 0.001012 -0.506978
vn 0.861168 0.019875 -0.507932
vn 0.416558 0.007770 -0.903235
vn 0.419584 0.013568 -0.907615
vn -0.256944 -0.009723 -0.963048
vn -0.267969 -0.003294 -0.963422
vn -0.852593 -0.048629 -0.517642
vn -0.860129 -0.033301 -0.508988
vn -1.000313 -0.065052 0.047783
vn -0.998396 -0.046193 0.032745
vn -0.831353 -0.056923 0.554820
vn -1.000313 -0.065052 0.047783
vn -0.864661 0.000109 0.502356
vn -0.998396 -0.046193 0.032745
vn -0.270408 0.115490 0.955889
vn -0.231603 -0.019767 0.972583
vn 0.466384 -0.006464 0.883135
vn 0.510178 0.114868 0.852160
vn 0.902385 -0.021977 0.423078
vn 0.922703 0.033642 0.383225
vn 0.991595 -0.013374 -0.072695
vn 0.997163 0.015462 -0.073672
vn 0.860113 0.016927 -0.509823
vn 0.414208 -0.028404 -0.909739
vn -0.267565 -0.051599 -0.962157
vn -0.861488 -0.058792 -0.504362
vn -0.998529 -0.045559 0.029390
vn 0.995978 0.048609 -0.075265
vn 0.743700 -0.106539 -0.650230
vn 0.743700 -0.106539 -0.650230
vn -0.954066 -0.259847 0.149125
vn 0.980421 -0.086242 -0.122219
vn -0.297592 -0.251973 0.920841
vn 0.075102 -0.110884 -0.983952
vn 0.075102 -0.110884 -0.983952
vn -0.784558 -0.251884 0.566589
vn 0.229699 -0.235562 0.944325
vn 0.758462 -0.218152 0.614121
vn -0.710307 -0.098594 -0.694862
vn -0.710307 -0.098594 -0.694862
vn 0.229699 -0.235562 0.944325
vn 0.075102 -0.110884 -0.983952
vn 0.984728 -0.173720 -0.011508
vn 0.984728 -0.173720 -0.011508
vn -0.994105 -0.058925 0.134890
vn -0.994105 -0.058925 0.134890
vn 0.794596 -0.313010 -0.520233
vn 0.794596 -0.313010 -0.520233
vn -0.556768 -0.030917 0.833671
vn 0.223828 -0.056434 0.968219
vn 0.181524 -0.523956 -0.832177
vn -0.556768 -0.030917 0.833671
vn 0.181524 -0.523956 -0.832177
vn -0.495227 -0.494066 -0.714597
vn 0.223828 -0.056434 0.968219
vn -0.888378 -0.337933 -0.310781
vn 0.865742 -0.079620 0.479896
vn 0.865742 -0.079620 0.479896
vn -0.495227 -0.494066 -0.714597
vn 0.223828 -0.056434 0.968219
vn 0.980421 -0.086242 -0.122219
vn -0.888378 -0.337933 -0.310781
vn 0.979449 -0.200766 0.019312
vn 0.780126 -0.270615 0.564066
vn 0.212305 -0.330091 0.919764
vn -0.326354 -0.336553 0.883304
vn -0.778098 -0.319581 0.540770
vn -0.417597 0.011469 -0.908560
vn -0.860820 0.015376 -0.508678
vn -0.413491 0.009673 -0.904621
vn -0.997464 0.007634 -0.070766
vn -0.853929 0.001491 -0.510966
vn -0.991905 -0.013257 -0.074220
vn 0.242381 -0.003889 -0.966846
vn 0.251278 -0.008155 -0.967881
vn 0.863114 -0.039726 -0.501394
vn 0.867410 -0.045832 -0.495479
vn 1.000145 -0.056165 0.067506
vn 0.997154 -0.053727 0.052881
vn 0.840011 -0.050665 0.542211
vn 0.870020 -0.000334 0.493017
vn 1.000145 -0.056165 0.067506
vn 0.997154 -0.053727 0.052881
vn 0.268786 0.116244 0.956255
vn 0.232490 -0.013537 0.972478
vn -0.508131 0.113440 0.853574
vn -0.463559 -0.002547 0.884642
vn -0.921240 0.027222 0.387235
vn -0.901034 -0.020968 0.426000
vn -0.997464 0.007634 -0.070766
vn -0.991905 -0.013257 -0.074220
vn 0.330031 -0.331137 0.883984
vn 0.299804 -0.250870 0.920425
vn 0.782835 -0.313144 0.537690
vn 0.787772 -0.248518 0.563607
vn -0.215460 -0.324770 0.920924
vn -0.232291 -0.234703 0.943904
vn -0.783130 -0.259395 0.565174
vn -0.758495 -0.214118 0.615498
vn -0.982130 -0.187482 0.016472
vn -0.985497 -0.169211 -0.012796
vn 0.940378 -0.306953 0.146526
vn 0.955643 -0.254981 0.147417
vn -0.862193 -0.005225 -0.506552
vn -0.997483 0.024519 -0.066531
vn -0.412499 -0.041799 -0.909998
vn 0.255701 -0.070664 -0.964170
vn 0.867361 -0.085476 -0.490284
vn 0.997487 -0.056097 0.043270
vn 0.498251 -0.492576 -0.713523
vn -0.223828 -0.056434 0.968219
vn -0.182254 -0.523877 -0.832068
vn -0.794064 -0.309387 -0.523204
vn 0.556768 -0.030917 0.833671
vn 0.556768 -0.030917 0.833671
vn -0.182254 -0.523877 -0.832068
vn -0.223828 -0.056434 0.968219
vn 0.994105 -0.058925 0.134890
vn 0.994105 -0.058925 0.134890
vn -0.794064 -0.309387 -0.523204
vn 0.710307 -0.098594 -0.694862
vn 0.710307 -0.098594 -0.694862
vn -0.985497 -0.169211 -0.012796
vn -0.232291 -0.234703 0.943904
vn -0.075102 -0.110884 -0.983952
vn 0.787772 -0.248518 0.563607
vn -0.075102 -0.110884 -0.983952
vn -0.743700 -0.106539 -0.650230
vn -0.743700 -0.106539 -0.650230
vn 0.955643 -0.254981 0.147417
vn -0.980421 -0.086242 -0.122218
vn -0.980421 -0.086242 -0.122218
vn 0.890400 -0.333423 -0.309867
vn 0.890400 -0.333423 -0.309867
vn -0.865742 -0.079620 0.479896
vn -0.865742 -0.079620 0.479896
vn 0.498251 -0.492576 -0.713523
vn -0.223828 -0.056434 0.968219
vn 0.536039 0.197752 0.820705
vn -0.886414 0.044931 0.460707
vn -0.998529 -0.045559 0.029390
vn -0.298482 0.219356 0.928866
vn 0.932232 0.082986 0.352216
vn 0.995978 0.048609 -0.075265
vn -0.881985 -0.411337 -0.230007
vn -0.502633 -0.645986 -0.574510
vn 0.258767 -0.695185 -0.670640
vn 0.850285 -0.377692 -0.366557
vn -0.260622 -0.691489 -0.673736
vn -0.852656 -0.367530 -0.371349
vn 0.506974 -0.641170 -0.576088
vn 0.885187 -0.404392 -0.230024
vn 0.891175 0.037949 0.452070
vn 0.997487 -0.056097 0.043270
vn 0.296014 0.206248 0.932651
vn -0.535631 0.184911 0.823958
vn -0.931620 0.064544 0.357657
vn -0.997483 0.024519 -0.066531
vn 0.924116 0.099267 0.368992
vn 0.966549 -0.045740 0.252370
vn 0.966901 0.134300 0.216946
vn 0.988727 0.006387 0.149591
vn 0.997433 0.028324 0.065761
vn 0.998400 -0.026957 0.049710
vn 0.996474 0.055077 -0.063286
vn 0.992309 -0.071787 -0.100842
vn 0.936763 0.108395 -0.332756
vn 0.917571 -0.077109 -0.390022
vn 0.891013 -0.214316 -0.400206
vn 0.636401 -0.235641 -0.734484
vn 0.662120 -0.047048 -0.747919
vn 0.863233 -0.306879 -0.400817
vn 0.596059 -0.367115 -0.714100
vn 0.311697 -0.236586 -0.920257
vn 0.000000 -0.236333 -0.971672
vn 0.335916 -0.025873 -0.941537
vn 0.000000 -0.028925 -0.999582
vn 0.296609 -0.416986 -0.859154
vn 0.360343 0.525676 -0.770596
vn 0.696392 0.407262 -0.590910
vn 0.366889 0.236491 -0.899702
vn 0.688416 0.192044 -0.699430
vn 0.000000 0.577313 -0.816523
vn 0.000000 0.854929 -0.518746
vn 0.325291 0.831234 -0.450817
vn 0.000000 -0.432875 -0.901454
vn 0.288394 -0.471279 -0.833502
vn 0.000000 -0.484588 -0.874743
vn 0.706929 0.592630 -0.386059
vn 0.000000 0.250500 -0.968117
vn 0.913734 0.329872 -0.237224
vn 0.884187 0.456733 -0.098020
vn 0.721742 0.676973 -0.144208
vn 0.555909 -0.424283 -0.714807
vn 0.974299 0.224792 0.014472
vn 0.977507 0.168124 0.127334
vn 0.910823 0.412097 0.024039
vn 0.913529 0.375692 0.155951
vn 0.443333 0.883385 -0.151941
vn 0.000000 0.985715 -0.168422
vn 0.159480 0.975600 -0.150900
vn 0.499373 0.861927 0.087797
vn 0.265290 0.959474 0.095025
vn 0.501561 0.803168 0.321494
vn 0.286693 0.893228 0.346338
vn 0.121525 0.930476 0.345610
vn 0.115119 0.988803 0.094956
vn 0.000000 0.939187 0.343405
vn 0.000000 0.995347 0.096358
vn 0.898250 0.351574 0.263711
vn 0.732593 0.629765 0.258271
vn 0.706060 0.565524 0.426219
vn 0.292221 0.757424 0.583880
vn 0.476027 0.701715 0.530088
vn 0.146325 0.784377 0.602779
vn 0.000000 0.795041 0.606556
vn 0.744165 0.665325 0.059667
vn 0.842229 -0.355889 -0.404961
vn 0.262677 0.959901 -0.097935
vn 0.858805 0.264198 0.438922
vn 0.637830 0.432962 0.636958
vn 0.251748 0.526598 0.811984
vn 0.380484 0.513932 0.768834
vn 0.162802 0.536655 0.827947
vn 0.000000 0.540688 0.841223
vn 0.983895 -0.042742 0.173564
vn -0.924116 0.099267 0.368991
vn -0.966901 0.134300 0.216946
vn -0.966549 -0.045740 0.252371
vn -0.988727 0.006387 0.149591
vn -0.992342 -0.070869 -0.101171
vn -0.998436 -0.024810 0.050099
vn -0.996474 0.055077 -0.063285
vn -0.997433 0.028324 0.065761
vn -0.842213 -0.355916 -0.404970
vn -0.942103 -0.288826 -0.170356
vn -0.862894 -0.307504 -0.401069
vn -0.917522 -0.076908 -0.390178
vn -0.890718 -0.214732 -0.400639
vn -0.972051 -0.182891 -0.147199
vn -0.936763 0.108395 -0.332755
vn -0.662121 -0.047048 -0.747918
vn -0.636402 -0.235641 -0.734483
vn -0.596060 -0.367116 -0.714100
vn -0.311697 -0.236585 -0.920257
vn -0.335916 -0.025873 -0.941537
vn -0.296609 -0.416986 -0.859154
vn -0.688416 0.192044 -0.699430
vn -0.696392 0.407262 -0.590911
vn -0.366889 0.236491 -0.899702
vn -0.360343 0.525676 -0.770595
vn -0.325291 0.831234 -0.450817
vn -0.288394 -0.471279 -0.833502
vn -0.706928 0.592629 -0.386061
vn -0.913733 0.329872 -0.237225
vn -0.721742 0.676973 -0.144209
vn -0.884187 0.456733 -0.098020
vn -0.555909 -0.424283 -0.714807
vn -0.977507 0.168124 0.127333
vn -0.974299 0.224792 0.014472
vn -0.913529 0.375692 0.155951
vn -0.910823 0.412097 0.024039
vn -0.443333 0.883385 -0.151942
vn -0.159480 0.975600 -0.150900
vn -0.499373 0.861927 0.087797
vn -0.501561 0.803167 0.321495
vn -0.265290 0.959474 0.095026
vn -0.286693 0.893228 0.346339
vn -0.115119 0.988803 0.094956
vn -0.121525 0.930476 0.345609
vn -0.898250 0.351574 0.263710
vn -0.706060 0.565523 0.426220
vn -0.732593 0.629765 0.258270
vn -0.476027 0.701715 0.530090
vn -0.292221 0.757424 0.583880
vn -0.146325 0.784377 0.602778
vn -0.744166 0.665325 0.059666
vn -0.262677 0.959901 -0.097934
vn -0.637831 0.432962 0.636958
vn -0.858806 0.264198 0.438921
vn -0.380484 0.513932 0.768834
vn -0.251749 0.526600 0.811982
vn -0.162803 0.536655 0.827947
vn -0.983874 -0.042491 0.173743
vn 0.940726 -0.277853 -0.194505
vn 0.967414 -0.172029 -0.185786
vn 0.586597 -0.279505 -0.760119
vn 0.963243 -0.245550 -0.108936
vn 0.902356 -0.202503 -0.380454
vn 0.315406 -0.289941 -0.903578
vn 0.000000 -0.291271 -0.956641
vn -0.963242 -0.245556 -0.108939
vn -0.902356 -0.202503 -0.380454
vn -0.586597 -0.279505 -0.760119
vn -0.315406 -0.289941 -0.903578
vn -0.986508 -0.085966 0.139327
vn -0.983915 -0.140192 0.110716
vn -0.994620 -0.095952 -0.039046
vn -0.889859 -0.015121 0.455985
vn -0.084308 -0.688098 -0.720703
vn 0.129255 -0.082864 -0.988143
vn 0.651046 0.666316 -0.363543
vn -0.371386 0.412195 0.831966
vn 0.995886 -0.077290 -0.047299
vn 0.971739 -0.204939 -0.117146
vn 0.996543 -0.074174 -0.037419
vn 0.211284 -0.141261 -0.967163
vn -0.650188 0.667779 -0.362390
vn 0.969745 -0.061191 0.236328
vn 0.366056 0.421267 0.829781
vn 0.936608 -0.308397 -0.166304
vn 0.083952 -0.687901 -0.720933
vn 0.888549 -0.011727 0.458632
vn 0.989622 -0.123461 0.073526
vn 0.986656 -0.085490 0.138568
vn 0.160453 0.673685 0.721390
vn 0.220546 0.764704 0.605464
vn 0.198938 0.646589 0.736442
vn 0.215100 0.632844 0.743801
vn 0.081383 0.568847 0.818406
vn 0.032690 0.585805 0.809793
vn 0.127556 0.552744 0.823531
vn 0.000000 0.448496 0.893784
vn 0.000000 0.454045 0.890979
vn 0.014184 0.427744 0.903788
vn 0.000000 0.309059 0.951043
vn -0.136910 0.216747 0.966580
vn -0.046665 0.325363 0.944437
vn -0.180492 0.244375 0.952735
vn 0.000000 0.309059 0.951043
vn -0.111405 0.193897 0.974676
vn 0.215100 0.632844 0.743801
vn 0.244395 0.611973 0.752170
vn 0.249987 0.587844 0.769380
vn 0.176330 0.537464 0.824646
vn 0.133496 0.561435 0.816682
vn 0.220709 0.507669 0.832802
vn 0.066571 0.434335 0.898288
vn 0.025870 0.455550 0.889834
vn 0.112192 0.411202 0.904613
vn 0.000000 0.309059 0.951043
vn 0.000000 0.156457 0.987685
vn 0.000000 0.309059 0.951043
vn -0.026041 0.163622 0.986179
vn 0.016996 0.301753 0.953235
vn 0.000000 0.156457 0.987685
vn 0.202393 0.595142 0.777717
vn 0.220546 0.764704 0.605464
vn 0.249987 0.587844 0.769380
vn 0.259868 0.588608 0.765512
vn 0.226827 0.456682 0.860227
vn 0.152832 0.458476 0.875467
vn 0.276035 0.449528 0.849547
vn 0.126176 0.291066 0.948346
vn 0.055486 0.311165 0.948735
vn 0.212611 0.249720 0.944688
vn 0.000000 0.129714 0.991551
vn 0.000000 0.156457 0.987685
vn 0.050039 0.089756 0.994706
vn 0.259868 0.588608 0.765512
vn 0.220546 0.764704 0.605464
vn 0.263115 0.618172 0.740698
vn 0.303381 0.650186 0.696576
vn 0.384604 0.526926 0.757911
vn 0.356304 0.513852 0.780387
vn 0.426957 0.545243 0.721400
vn 0.563502 0.284464 0.775594
vn 0.565817 0.270837 0.778780
vn 0.536498 0.405419 0.740139
vn 0.506153 0.400529 0.763797
vn 0.604244 0.298645 0.738715
vn 0.533298 0.420482 0.734022
vn 0.650876 0.131840 0.747649
vn 0.624248 0.120763 0.771836
vn 0.684513 0.136084 0.716187
vn 0.220547 0.764704 0.605464
vn 0.356253 0.710895 0.606393
vn 0.259868 0.588608 0.765512
vn 0.456002 0.630983 0.627633
vn 0.536450 0.535442 0.652322
vn 0.385058 0.548107 0.742502
vn 0.520467 0.454292 0.723003
vn 0.681749 0.383787 0.622837
vn 0.570579 0.309703 0.760607
vn 0.765985 0.216361 0.605355
vn 0.670007 0.158238 0.725294
vn 0.797011 0.000000 0.603965
vn 0.716542 -0.029987 0.696899
vn 0.266816 0.891035 0.367241
vn 0.345457 0.809060 0.475481
vn 0.478160 0.711282 0.515209
vn 0.637603 0.589621 0.495791
vn 0.720817 0.454045 0.523704
vn 0.769410 0.309059 0.559009
vn 0.836738 0.059889 0.544318
vn 0.227228 0.677713 0.699337
vn 0.227228 0.677713 0.699337
vn 0.202393 0.595142 0.777717
vn 0.220547 0.764704 0.605464
vn 0.142778 0.711131 0.688409
vn 0.127330 0.811955 0.569663
vn 0.266816 0.891035 0.367241
vn 0.037266 0.567111 0.822798
vn 0.000000 0.627504 0.778613
vn -0.006370 0.707651 0.706534
vn 0.000000 0.447968 0.894049
vn -0.067044 0.457314 0.886774
vn -0.213951 0.544878 0.810761
vn -0.062141 0.295947 0.953181
vn -0.216169 0.311797 0.925232
vn -0.291605 0.330932 0.897469
vn -0.256952 0.115820 0.959459
vn -0.305211 0.156457 0.939344
vn -0.392072 0.162638 0.905444
vn 0.227228 0.677713 0.699337
vn 0.220547 0.764704 0.605464
vn 0.303584 0.609717 0.732176
vn 0.394562 0.708882 0.584643
vn 0.469805 0.661958 0.584033
vn 0.669441 0.561504 0.486377
vn 0.481383 0.567507 0.667987
vn 0.558904 0.456477 0.692282
vn 0.755175 0.436840 0.488756
vn 0.719581 0.311769 0.620486
vn 0.880338 0.242460 0.407698
vn 0.799054 0.156457 0.580546
vn 0.941602 -0.104973 0.319947
vn 0.820389 -0.166278 0.547095
vn 0.847371 -0.454045 0.275327
vn 0.758863 -0.482726 0.437153
vn 0.266816 0.891035 0.367241
vn 0.380851 0.828189 0.411163
vn 0.530724 0.754751 0.385594
vn 0.652366 0.671184 0.352039
vn 0.811301 0.521825 0.263608
vn 0.911839 0.310163 0.268976
vn 0.985808 -0.032871 0.164628
vn 0.894942 -0.437897 0.085579
vn 0.152180 0.645430 0.748506
vn 0.136252 0.742162 0.656225
vn 0.227228 0.677713 0.699337
vn 0.220547 0.764704 0.605464
vn 0.000000 0.699169 0.714956
vn 0.023312 0.589439 0.807477
vn -0.127739 0.592607 0.795298
vn -0.008001 0.469811 0.882730
vn -0.275327 0.454045 0.847371
vn -0.183399 0.368466 0.911371
vn -0.296066 0.286471 0.911197
vn -0.303445 0.309514 0.901178
vn -0.338072 0.157214 0.927896
vn -0.446254 0.194253 0.873569
vn -0.485302 0.019409 0.874131
vn -0.563407 0.101143 0.819965
vn 0.104381 0.866774 0.487655
vn 0.266816 0.891035 0.367241
vn -0.008997 0.809704 0.586769
vn -0.227159 0.677956 0.699124
vn -0.264997 0.540477 0.798537
vn -0.406964 0.427901 0.807020
vn -0.525877 0.310672 0.791793
vn -0.580546 0.156457 0.799054
vn -0.617919 -0.038641 0.785292
vn -0.681211 0.004351 0.732074
vn -0.583970 -0.113751 0.803766
vn 0.000000 0.699169 0.714956
vn 0.023312 0.589439 0.807477
vn -0.128594 0.592606 0.795161
vn -0.015560 0.489478 0.871877
vn -0.209730 0.417542 0.884122
vn -0.274182 0.461249 0.843845
vn -0.293888 0.309059 0.904495
vn -0.332561 0.394243 0.856724
vn -0.515606 0.277117 0.810775
vn -0.427972 0.191016 0.883376
vn -0.583735 0.117194 0.803442
vn -0.580546 0.156457 0.799054
vn -0.008997 0.809704 0.586769
vn -0.218491 0.707161 0.672447
vn -0.288324 0.590447 0.753818
vn -0.436251 0.458205 0.774424
vn -0.554132 0.333509 0.762698
vn -0.645763 0.250759 0.721187
vn -0.762913 0.012194 0.646385
vn -0.803762 0.113790 0.583968
vn -0.705816 -0.021669 0.708064
vn 0.777332 0.458299 0.430949
vn 0.769410 0.309059 0.559009
vn 0.669441 0.561503 0.486377
vn 0.558904 0.456477 0.692282
vn 0.933335 0.192147 0.303259
vn 0.907479 0.055858 0.416367
vn 0.999997 0.002499 0.000000
vn 0.987583 -0.156715 0.010935
vn 0.944851 -0.114054 -0.307000
vn 0.922665 -0.242518 -0.299791
vn 0.652366 0.671184 0.352039
vn 0.776837 0.576900 0.252409
vn 0.885558 0.434077 0.165419
vn 0.983871 0.157959 -0.083942
vn 0.927371 0.000000 -0.374143
vn 0.776837 0.576900 0.252409
vn 0.785585 0.609761 0.105110
vn 0.885558 0.434077 0.165419
vn 0.884691 0.466178 0.000000
vn 0.987183 0.157085 -0.028185
vn 0.943607 0.221481 -0.246075
vn 0.833508 0.510523 -0.211262
vn 0.880840 0.287018 -0.376485
vn 0.970979 -0.095051 -0.219465
vn 0.945939 -0.000570 -0.324345
vn 0.829904 0.006283 -0.557871
vn 0.380851 0.828189 0.411163
vn 0.266816 0.891035 0.367241
vn 0.374773 0.891923 0.253020
vn 0.232265 0.951931 0.199701
vn 0.530724 0.754751 0.385594
vn 0.548029 0.810758 0.205757
vn 0.652366 0.671184 0.352039
vn 0.672447 0.707161 0.218491
vn 0.377708 0.924752 0.046593
vn 0.277079 0.960635 0.020175
vn 0.527601 0.849257 0.019980
vn 0.656139 0.754640 0.000000
vn 0.737883 0.673678 -0.041079
vn 0.880498 -0.294632 -0.371369
vn 0.910852 -0.310022 -0.272460
vn 0.788446 -0.224069 -0.572840
vn 0.833508 0.510523 -0.211262
vn 0.771903 0.556934 -0.306579
vn 0.770708 0.309164 -0.557159
vn 0.809017 0.000000 -0.587785
vn 0.765726 0.086607 -0.637309
vn 0.631364 -0.157710 -0.759280
vn 0.756395 -0.274469 -0.593745
vn 0.293852 0.951070 -0.095478
vn 0.376975 0.918560 -0.118902
vn 0.527601 0.849257 0.019980
vn 0.509879 0.850314 -0.130342
vn 0.656139 0.754640 0.000000
vn 0.608103 0.768876 -0.197584
vn 0.737883 0.673678 -0.041079
vn 0.699428 0.677610 -0.227257
vn 0.355892 0.898044 -0.258571
vn 0.255594 0.939687 -0.227290
vn 0.453086 0.843658 -0.288018
vn 0.527638 0.775170 -0.347432
vn 0.591284 0.682520 -0.429593
vn 0.657526 0.582617 -0.477721
vn 0.650792 0.312405 -0.692006
vn 0.580546 0.156457 -0.799054
vn 0.584626 -0.103536 -0.804669
vn 0.373451 0.142337 -0.916665
vn 0.215114 0.158057 -0.963713
vn 0.305211 -0.156457 -0.939344
vn 0.110058 -0.093599 -0.989508
vn 0.255594 0.939687 -0.227290
vn 0.361259 0.892615 -0.269686
vn 0.355892 0.898044 -0.258571
vn 0.428816 0.844937 -0.319684
vn 0.453086 0.843658 -0.288018
vn 0.456579 0.789257 -0.410620
vn 0.527638 0.775170 -0.347432
vn 0.459080 0.710547 -0.533262
vn 0.591284 0.682520 -0.429593
vn 0.475503 0.587844 -0.654474
vn 0.657526 0.582617 -0.477721
vn 0.504947 0.338685 -0.793928
vn 0.650792 0.312405 -0.692006
vn 0.586538 0.065116 -0.807300
vn 0.527535 -0.157701 -0.834768
vn 0.293752 0.901477 -0.317882
vn 0.297801 0.862152 -0.409888
vn 0.342645 0.809299 -0.477106
vn 0.314930 0.711519 -0.628139
vn 0.255503 0.588279 -0.767233
vn 0.288895 0.354950 -0.889129
vn 0.226526 0.922754 -0.311787
vn 0.293752 0.901477 -0.317882
vn 0.204797 0.893290 -0.400115
vn 0.297801 0.862152 -0.409888
vn 0.181617 0.809060 -0.558961
vn 0.342645 0.809299 -0.477106
vn 0.190615 0.709126 -0.678827
vn 0.314930 0.711519 -0.628139
vn 0.106533 0.605116 -0.788977
vn 0.255503 0.588279 -0.767233
vn 0.000000 0.453534 -0.891239
vn 0.288895 0.354950 -0.889129
vn 0.068292 0.142539 -0.987430
vn -0.026414 0.162844 -0.986298
vn 0.000000 -0.145610 -0.989342
vn -0.279992 -0.062001 -0.957998
vn 0.195965 0.942787 -0.269724
vn 0.140274 0.891035 -0.431718
vn 0.034977 0.850940 -0.524097
vn 0.000000 0.780586 -0.625049
vn -0.043842 0.655792 -0.753667
vn -0.224379 0.456784 -0.860815
vn -0.299790 0.242541 -0.922659
vn -0.342286 0.000000 -0.939596
vn 0.255594 0.939687 -0.227290
vn 0.136638 0.958623 -0.249743
vn 0.152831 0.952063 -0.264986
vn 0.000000 0.948176 -0.317745
vn -0.069828 0.965805 -0.249690
vn -0.210608 0.933603 -0.289877
vn -0.100044 0.892884 -0.439032
vn -0.361582 0.848936 -0.385443
vn -0.181618 0.809060 -0.558961
vn 0.195965 0.942787 -0.269724
vn 0.140274 0.891035 -0.431718
vn 0.034977 0.850940 -0.524097
vn 0.000000 0.780586 -0.625049
vn -0.292638 0.711218 -0.639165
vn -0.043842 0.655792 -0.753667
vn -0.497783 0.711526 -0.495926
vn -0.462059 0.494153 -0.736420
vn -0.224379 0.456784 -0.860815
vn -0.634075 0.511919 -0.579558
vn -0.567578 0.259951 -0.781204
vn -0.302744 0.200464 -0.931751
vn -0.724307 0.299918 -0.620829
vn -0.602413 -0.004480 -0.798172
vn -0.482873 -0.013724 -0.875583
vn -0.809017 0.000000 -0.587785
vn 0.091935 0.987692 -0.126539
vn 0.085922 0.985322 -0.147502
vn -0.091935 0.987692 -0.126538
vn -0.134564 0.990555 -0.026324
vn -0.300121 0.952132 0.058069
vn -0.289286 0.951495 -0.104739
vn -0.498220 0.862459 0.089112
vn -0.466561 0.871401 -0.151595
vn 0.136638 0.958623 -0.249743
vn -0.069828 0.965805 -0.249690
vn -0.210608 0.933603 -0.289877
vn -0.361582 0.848936 -0.385443
vn -0.661178 0.718813 -0.214830
vn -0.497783 0.711526 -0.495926
vn -0.702741 0.710008 0.045200
vn -0.801839 0.531074 -0.273889
vn -0.634075 0.511919 -0.579558
vn -0.857131 0.515098 0.000000
vn -0.898427 0.261757 -0.352580
vn -0.760378 0.239660 -0.603646
vn -0.950712 0.290523 -0.108363
vn -0.949001 -0.027914 -0.314035
vn -0.807328 -0.064585 -0.586558
vn -0.987628 0.000000 -0.156814
vn 0.104456 0.979963 0.169594
vn 0.086280 0.995839 0.029320
vn 0.277079 0.960635 0.020175
vn 0.293852 0.951070 -0.095478
vn 0.091935 0.987692 -0.126539
vn 0.255594 0.939687 -0.227290
vn -0.113557 0.981160 0.156298
vn -0.105321 0.940126 0.324145
vn -0.134564 0.990555 -0.026324
vn -0.343475 0.904857 0.251515
vn -0.308732 0.850950 0.424934
vn -0.300121 0.952132 0.058069
vn -0.475678 0.809089 0.345115
vn -0.434966 0.748232 0.500952
vn -0.498220 0.862459 0.089112
vn -0.658632 0.698585 0.279612
vn -0.621636 0.616750 0.482895
vn -0.702741 0.710008 0.045200
vn -0.829480 0.489209 0.269514
vn -0.857131 0.515098 0.000000
vn -0.736773 0.455710 0.499493
vn -0.920247 0.107634 0.376244
vn -0.969226 0.158264 0.188555
vn -0.987560 0.156750 -0.012449
vn -0.904495 -0.309059 0.293888
vn -0.960918 -0.229598 0.154667
vn -0.979192 -0.202936 0.000000
vn 0.097243 0.935352 0.340089
vn 0.104456 0.979963 0.169594
vn 0.232265 0.951931 0.199701
vn 0.277079 0.960635 0.020175
vn 0.104382 0.866773 0.487656
vn 0.266816 0.891035 0.367241
vn -0.102880 0.876058 0.471104
vn -0.008996 0.809704 0.586769
vn -0.105321 0.940126 0.324145
vn -0.226070 0.773186 0.592516
vn -0.218491 0.707161 0.672447
vn -0.308732 0.850950 0.424934
vn -0.420509 0.682930 0.597309
vn -0.288324 0.590447 0.753818
vn -0.434966 0.748232 0.500952
vn -0.482827 0.570303 0.664555
vn -0.446841 0.460391 0.767055
vn -0.621636 0.616750 0.482895
vn -0.559009 0.309059 0.769410
vn -0.693990 0.388403 0.606235
vn -0.736773 0.455710 0.499493
vn -0.721312 0.050943 0.690734
vn -0.803171 0.119996 0.583538
vn -0.893450 0.158282 0.420349
vn -0.758766 -0.236024 0.607097
vn -0.818786 -0.195864 0.539654
vn -0.913307 -0.173324 0.368550
vn -0.209730 0.417542 0.884122
vn -0.293888 0.309059 0.904495
vn -0.274182 0.461249 0.843845
vn -0.368848 0.414456 0.831972
vn -0.544069 0.230411 0.806783
vn -0.559009 0.309059 0.769410
vn -0.695094 0.141953 0.704765
vn -0.753195 0.182090 0.632092
vn -0.288324 0.590447 0.753818
vn -0.446841 0.460391 0.767055
vn -0.539528 0.397767 0.742086
vn -0.769410 0.309059 0.559009
vn -0.913424 0.157846 0.375155
vn -0.900851 0.053990 0.430758
vn -0.856198 -0.024632 0.516060
vn 0.833508 0.510523 -0.211262
vn 0.771903 0.556934 -0.306579
vn 0.902862 0.289519 -0.317836
vn 0.790730 0.310605 -0.527514
vn 0.863655 -0.054303 -0.501149
vn 0.809017 0.000000 -0.587785
vn 0.760508 -0.309710 -0.570708
vn 0.784342 -0.352749 -0.510270
vn 0.657526 0.582617 -0.477721
vn 0.687633 0.319845 -0.651813
vn 0.637191 0.013013 -0.770596
vn 0.617097 -0.273437 -0.737850
vn 0.885558 0.434077 0.165419
vn 0.884691 0.466178 0.000000
vn 0.986597 0.157367 -0.043153
vn 0.950337 0.224799 -0.215232
vn 0.833508 0.510523 -0.211262
vn 0.902862 0.289519 -0.317836
vn 0.963790 -0.158060 -0.214770
vn 0.945999 -0.102990 -0.307373
vn 0.878005 -0.050908 -0.475937
vn 0.883019 -0.371429 -0.286910
vn 0.886028 -0.415516 -0.205670
vn 0.813582 -0.358071 -0.458114
vn 0.433950 -0.232651 -0.870380
vn 0.469915 0.074565 -0.879556
vn 0.304899 -0.162710 -0.938383
vn 0.305533 0.149736 -0.940334
vn 0.552078 0.343229 -0.759871
vn 0.687633 0.319845 -0.651813
vn 0.475503 0.587844 -0.654474
vn 0.657526 0.582617 -0.477721
vn 0.559009 -0.309059 -0.769410
vn 0.611028 0.013982 -0.791485
vn 0.281691 0.411143 -0.866955
vn 0.255503 0.588279 -0.767233
vn 0.005758 0.454407 -0.890776
vn 0.281691 0.411143 -0.866955
vn 0.106533 0.605116 -0.788977
vn 0.255503 0.588279 -0.767233
vn 0.269937 0.155845 -0.950182
vn 0.000000 0.156457 -0.987685
vn 0.204381 -0.158155 -0.966031
vn 0.000000 -0.156457 -0.987685
vn -0.131192 0.458506 -0.878954
vn -0.043842 0.655792 -0.753667
vn -0.182660 0.158294 -0.970349
vn -0.189916 -0.158256 -0.968962
vn -0.292638 0.711218 -0.639165
vn -0.379886 0.495320 -0.781246
vn -0.043842 0.655792 -0.753667
vn -0.131192 0.458506 -0.878954
vn -0.497783 0.711526 -0.495926
vn -0.586422 0.518339 -0.622441
vn -0.411854 0.158229 -0.897407
vn -0.224448 0.157956 -0.961599
vn -0.616225 0.157399 -0.771681
vn -0.480557 -0.186765 -0.856845
vn -0.304572 -0.168994 -0.937377
vn -0.612900 -0.227328 -0.756753
vn -0.661178 0.718813 -0.214830
vn -0.764820 0.521591 -0.378144
vn -0.497783 0.711526 -0.495926
vn -0.586422 0.518339 -0.622441
vn -0.702741 0.710008 0.045200
vn -0.858077 0.512579 -0.031096
vn -0.821392 0.157298 -0.548245
vn -0.647213 0.157974 -0.745761
vn -0.940313 0.156534 -0.302173
vn -0.807251 -0.216404 -0.549104
vn -0.677629 -0.205026 -0.706246
vn -0.925987 -0.228090 -0.300871
vn -0.658632 0.698585 0.279612
vn -0.824942 0.497620 0.268040
vn -0.702741 0.710008 0.045200
vn -0.858077 0.512579 -0.031096
vn -0.621636 0.616750 0.482895
vn -0.746551 0.456565 0.483953
vn -0.978544 0.047980 0.200371
vn -0.993707 0.112012 0.000000
vn -0.948991 0.157185 -0.273328
vn -0.934628 -0.353967 0.034313
vn -0.957711 -0.277360 -0.076555
vn -0.925532 -0.230123 -0.300723
vn -0.446841 0.460391 0.767055
vn -0.578890 0.310129 0.754127
vn -0.482827 0.570303 0.664555
vn -0.709124 0.385918 0.590093
vn -0.621636 0.616750 0.482895
vn -0.746551 0.456565 0.483953
vn -0.874935 -0.102961 0.473168
vn -0.944071 -0.006979 0.329667
vn -0.978936 0.020353 0.203148
vn -0.825591 -0.457053 0.330912
vn -0.868363 -0.436093 0.236151
vn -0.921723 -0.387422 0.018159
vn -0.885053 0.174039 0.431732
vn -0.938265 0.011589 0.345724
vn -0.989092 0.108106 0.100052
vn -0.976124 -0.126809 0.176357
vn -0.987302 -0.156749 0.025761
vn -0.956771 0.029340 -0.289357
vn -0.943545 -0.191716 -0.270126
vn -0.928136 -0.056028 -0.368000
vn -0.896400 -0.310095 -0.316714
vn -0.862374 -0.303722 -0.405049
vn -0.824690 0.431366 0.365800
vn -0.946169 0.321828 0.034504
vn -0.916492 0.267144 -0.297786
vn -0.851549 0.037778 -0.522912
vn -0.784176 -0.245903 -0.569737
vn 0.885053 0.174040 0.431731
vn 0.988768 0.109134 0.102112
vn 0.938265 0.011589 0.345724
vn 0.976124 -0.126811 0.176357
vn 0.958538 0.068065 -0.276717
vn 0.997990 -0.062773 -0.008695
vn 0.933666 -0.010235 -0.358000
vn 0.952225 -0.157406 -0.261708
vn 0.859102 -0.293685 -0.419158
vn 0.896560 -0.310077 -0.316279
vn 0.817793 0.438071 0.373241
vn 0.947022 0.319405 0.033602
vn 0.918435 0.259664 -0.298417
vn 0.857264 0.036152 -0.513606
vn 0.782442 -0.254201 -0.568477
vn 0.827915 -0.312297 -0.465862
vn 0.891636 -0.310596 -0.329416
vn 0.928248 -0.012508 -0.371750
vn 0.952225 -0.157406 -0.261708
vn 0.769410 -0.309059 -0.559009
vn 0.857264 0.036152 -0.513606
vn 0.686492 -0.312467 -0.656577
vn 0.769410 -0.309059 -0.559009
vn 0.805454 0.093744 -0.585197
vn 0.857264 0.036152 -0.513606
vn 0.559009 -0.309059 -0.769410
vn 0.705192 0.146032 -0.693814
vn 0.484587 -0.311960 -0.817225
vn 0.559009 -0.309059 -0.769410
vn 0.580546 0.156457 -0.799054
vn 0.705192 0.146032 -0.693814
vn 0.293888 -0.309059 -0.904495
vn 0.389516 0.158025 -0.907362
vn 0.252676 0.157562 -0.954636
vn 0.000000 0.156457 -0.987685
vn 0.186893 -0.312301 -0.931418
vn 0.000000 -0.309059 -0.951043
vn 0.389516 0.158025 -0.907362
vn 0.293888 -0.309059 -0.904495
vn -0.383977 0.157961 -0.909731
vn -0.303955 -0.309538 -0.900998
vn -0.218647 0.158021 -0.962924
vn -0.191376 -0.312242 -0.930527
vn 0.000000 0.156457 -0.987685
vn 0.000000 -0.309059 -0.951043
vn -0.692526 0.144202 -0.706833
vn -0.587602 -0.310541 -0.747187
vn -0.580546 0.156457 -0.799054
vn -0.548074 -0.309651 -0.777001
vn -0.383977 0.157961 -0.909731
vn -0.303955 -0.309538 -0.900998
vn -0.851549 0.037778 -0.522912
vn -0.766809 -0.318782 -0.557119
vn -0.805330 0.095366 -0.585106
vn -0.733348 -0.311236 -0.604427
vn -0.692526 0.144202 -0.706833
vn -0.587602 -0.310541 -0.747187
vn -0.943545 -0.191713 -0.270126
vn -0.896400 -0.310095 -0.316714
vn -0.922439 -0.058366 -0.381705
vn -0.844244 -0.312534 -0.435401
vn -0.851549 0.037778 -0.522912
vn -0.766809 -0.318782 -0.557119
vn -0.383977 0.157961 -0.909731
vn -0.304530 -0.169791 -0.937247
vn -0.218647 0.158021 -0.962924
vn -0.192518 -0.158241 -0.968451
vn -0.138809 -0.518721 -0.843600
vn -0.258905 -0.545926 -0.796827
vn 0.000000 -0.156457 -0.987685
vn 0.000000 0.156457 -0.987685
vn 0.000000 -0.502990 -0.864292
vn -0.943545 -0.191716 -0.270126
vn -0.893203 -0.310440 -0.325292
vn -0.922439 -0.058366 -0.381705
vn -0.819437 -0.312041 -0.480784
vn -0.749118 -0.591006 -0.299222
vn -0.766533 -0.616370 -0.180318
vn -0.851549 0.037778 -0.522912
vn -0.772342 -0.297675 -0.561139
vn -0.654474 -0.587844 -0.475503
vn -0.805330 0.095364 -0.585106
vn -0.695523 -0.256562 -0.671136
vn -0.692526 0.144202 -0.706833
vn -0.574482 -0.211548 -0.790707
vn -0.577501 -0.589487 -0.564799
vn -0.487656 -0.558284 -0.671201
vn -0.692526 0.144202 -0.706833
vn -0.574482 -0.211548 -0.790707
vn -0.580546 0.156457 -0.799054
vn -0.504041 -0.182742 -0.844125
vn -0.404221 -0.537968 -0.739726
vn -0.487656 -0.558284 -0.671201
vn 0.252676 0.157562 -0.954636
vn 0.000000 0.156457 -0.987685
vn 0.190502 -0.165262 -0.967676
vn 0.000000 -0.156457 -0.987685
vn 0.000000 -0.502990 -0.864292
vn 0.129692 -0.519626 -0.844493
vn 0.389516 0.158025 -0.907362
vn 0.317184 -0.181696 -0.930796
vn 0.264525 -0.516939 -0.814125
vn 0.509277 -0.181965 -0.841146
vn 0.573571 -0.218585 -0.789453
vn 0.580546 0.156457 -0.799054
vn 0.705192 0.146032 -0.693815
vn 0.317184 -0.181696 -0.930796
vn 0.389516 0.158025 -0.907362
vn 0.409879 -0.536028 -0.738020
vn 0.488924 -0.555065 -0.672946
vn 0.264525 -0.516939 -0.814125
vn 0.704515 -0.253751 -0.662774
vn 0.773495 -0.293063 -0.561977
vn 0.805454 0.093743 -0.585197
vn 0.857265 0.036149 -0.513605
vn 0.599918 -0.582208 -0.548755
vn 0.654474 -0.587844 -0.475503
vn 0.820973 -0.312093 -0.478123
vn 0.889269 -0.310818 -0.335547
vn 0.928248 -0.012508 -0.371750
vn 0.952225 -0.157406 -0.261708
vn 0.726120 -0.592503 -0.348839
vn 0.769380 -0.587844 -0.249986
vn 0.773495 -0.293063 -0.561977
vn 0.857265 0.036149 -0.513605
vn 0.654474 -0.587844 -0.475503
vn 0.820973 -0.312093 -0.478123
vn 0.731404 -0.545213 -0.409623
vn 0.889269 -0.310818 -0.335547
vn 0.816227 -0.531990 -0.225301
vn 0.641698 -0.733759 -0.223206
vn 0.706326 -0.707831 -0.008817
vn 0.773495 -0.293063 -0.561977
vn 0.690159 -0.521774 -0.501430
vn 0.563324 -0.726903 -0.392783
vn 0.704514 -0.253751 -0.662774
vn 0.607729 -0.500725 -0.616393
vn 0.773495 -0.293063 -0.561977
vn 0.690159 -0.521774 -0.501430
vn 0.573571 -0.218585 -0.789453
vn 0.513508 -0.486585 -0.706784
vn 0.525409 -0.710929 -0.467467
vn 0.563324 -0.726903 -0.392783
vn 0.402527 -0.728712 -0.554031
vn 0.412712 -0.488113 -0.769035
vn 0.513508 -0.486585 -0.706784
vn 0.509277 -0.181968 -0.841145
vn 0.573571 -0.218585 -0.789453
vn 0.268514 -0.494938 -0.826400
vn 0.317184 -0.181696 -0.930796
vn 0.302906 -0.716885 -0.627952
vn 0.402527 -0.728712 -0.554031
vn 0.210321 -0.732642 -0.647302
vn 0.000000 -0.156457 -0.987685
vn 0.000000 -0.465542 -0.885026
vn 0.190502 -0.165259 -0.967677
vn 0.143887 -0.480329 -0.865206
vn 0.000000 -0.708193 -0.706019
vn 0.089474 -0.731307 -0.676154
vn -0.192518 -0.158241 -0.968451
vn -0.304530 -0.169791 -0.937247
vn -0.150995 -0.474199 -0.867373
vn -0.268347 -0.495881 -0.825888
vn -0.096358 -0.713731 -0.693760
vn -0.209870 -0.733997 -0.645912
vn 0.000000 -0.156457 -0.987685
vn 0.000000 -0.465542 -0.885026
vn 0.000000 -0.708193 -0.706019
vn -0.504041 -0.182744 -0.844125
vn -0.574482 -0.211548 -0.790707
vn -0.407006 -0.489550 -0.771159
vn -0.507609 -0.504183 -0.698664
vn -0.295140 -0.718816 -0.629441
vn -0.400901 -0.731302 -0.551793
vn -0.695523 -0.256562 -0.671136
vn -0.772342 -0.297675 -0.561139
vn -0.597503 -0.530334 -0.601445
vn -0.673879 -0.553332 -0.489602
vn -0.574482 -0.211548 -0.790707
vn -0.507609 -0.504183 -0.698664
vn -0.519556 -0.734722 -0.436171
vn -0.532739 -0.752579 -0.387058
vn -0.400901 -0.731302 -0.551793
vn -0.819437 -0.312041 -0.480784
vn -0.893203 -0.310440 -0.325292
vn -0.768774 -0.533783 -0.352225
vn -0.817940 -0.545301 -0.183362
vn -0.681132 -0.731277 -0.035955
vn -0.620541 -0.757810 -0.201626
vn -0.772342 -0.297675 -0.561139
vn -0.673879 -0.553332 -0.489602
vn -0.532739 -0.752579 -0.387058
vn 0.820973 -0.312093 -0.478123
vn 0.889269 -0.310818 -0.335547
vn 0.731404 -0.545213 -0.409623
vn 0.816227 -0.531990 -0.225301
vn 0.641698 -0.733759 -0.223206
vn 0.706326 -0.707831 -0.008817
vn 0.773495 -0.293063 -0.561977
vn 0.690159 -0.521774 -0.501430
vn 0.563324 -0.726903 -0.392783
vn 0.704514 -0.253751 -0.662774
vn 0.773495 -0.293063 -0.561977
vn 0.607729 -0.500725 -0.616393
vn 0.690159 -0.521774 -0.501430
vn 0.573571 -0.218585 -0.789453
vn 0.513508 -0.486585 -0.706784
vn 0.525409 -0.710929 -0.467467
vn 0.563324 -0.726903 -0.392783
vn 0.402527 -0.728712 -0.554031
vn 0.573571 -0.218585 -0.789453
vn 0.513508 -0.486585 -0.706784
vn 0.509277 -0.181968 -0.841145
vn 0.412712 -0.488113 -0.769035
vn 0.317184 -0.181696 -0.930796
vn 0.268514 -0.494938 -0.826400
vn 0.402527 -0.728712 -0.554031
vn 0.302906 -0.716885 -0.627952
vn 0.210321 -0.732642 -0.647302
vn 0.143887 -0.480329 -0.865206
vn 0.000000 -0.465542 -0.885026
vn 0.190502 -0.165259 -0.967677
vn 0.000000 -0.156457 -0.987685
vn 0.089474 -0.731307 -0.676154
vn 0.000000 -0.708193 -0.706019
vn -0.192518 -0.158241 -0.968451
vn -0.150995 -0.474199 -0.867373
vn -0.304530 -0.169791 -0.937247
vn -0.268347 -0.495881 -0.825888
vn -0.096358 -0.713731 -0.693760
vn -0.209870 -0.733997 -0.645912
vn 0.000000 -0.465542 -0.885026
vn 0.000000 -0.156457 -0.987685
vn 0.000000 -0.708193 -0.706019
vn -0.504041 -0.182744 -0.844125
vn -0.407006 -0.489550 -0.771159
vn -0.574482 -0.211548 -0.790707
vn -0.507609 -0.504183 -0.698664
vn -0.295140 -0.718816 -0.629441
vn -0.400901 -0.731302 -0.551793
vn -0.695523 -0.256562 -0.671136
vn -0.597503 -0.530334 -0.601445
vn -0.772342 -0.297675 -0.561139
vn -0.673879 -0.553332 -0.489602
vn -0.574482 -0.211548 -0.790707
vn -0.507609 -0.504183 -0.698664
vn -0.519556 -0.734722 -0.436171
vn -0.532739 -0.752579 -0.387058
vn -0.400901 -0.731302 -0.551793
vn -0.819437 -0.312041 -0.480784
vn -0.768774 -0.533783 -0.352225
vn -0.893203 -0.310440 -0.325292
vn -0.817940 -0.545301 -0.183362
vn -0.620541 -0.757810 -0.201626
vn -0.681132 -0.731277 -0.035955
vn -0.772342 -0.297675 -0.561139
vn -0.673879 -0.553332 -0.489602
vn -0.532739 -0.752579 -0.387058
vn -0.192518 -0.158241 -0.968451
vn -0.304530 -0.169791 -0.937247
vn -0.218647 0.158021 -0.962924
vn -0.383977 0.157961 -0.909731
vn -0.138809 -0.518721 -0.843600
vn -0.258905 -0.545926 -0.796827
vn 0.000000 -0.156457 -0.987685
vn 0.000000 0.156457 -0.987685
vn 0.000000 -0.502990 -0.864292
vn -0.819437 -0.312041 -0.480784
vn -0.893203 -0.310440 -0.325292
vn -0.922439 -0.058366 -0.381705
vn -0.943545 -0.191716 -0.270126
vn -0.749118 -0.591006 -0.299222
vn -0.766533 -0.616370 -0.180318
vn -0.851549 0.037778 -0.522912
vn -0.772342 -0.297675 -0.561139
vn -0.654474 -0.587844 -0.475503
vn -0.695523 -0.256562 -0.671136
vn -0.805330 0.095364 -0.585106
vn -0.574482 -0.211548 -0.790707
vn -0.692526 0.144202 -0.706833
vn -0.577501 -0.589487 -0.564799
vn -0.487656 -0.558284 -0.671201
vn -0.504041 -0.182742 -0.844125
vn -0.574482 -0.211548 -0.790707
vn -0.580546 0.156457 -0.799054
vn -0.692526 0.144202 -0.706833
vn -0.404221 -0.537968 -0.739726
vn -0.487656 -0.558284 -0.671201
vn 0.252676 0.157562 -0.954636
vn 0.190502 -0.165262 -0.967676
vn 0.000000 0.156457 -0.987685
vn 0.000000 -0.156457 -0.987685
vn 0.129692 -0.519626 -0.844493
vn 0.000000 -0.502990 -0.864292
vn 0.389516 0.158025 -0.907362
vn 0.317184 -0.181696 -0.930796
vn 0.264525 -0.516939 -0.814125
vn 0.705192 0.146032 -0.693815
vn 0.573571 -0.218585 -0.789453
vn 0.580546 0.156457 -0.799054
vn 0.509277 -0.181965 -0.841146
vn 0.389516 0.158025 -0.907362
vn 0.317184 -0.181696 -0.930796
vn 0.409879 -0.536028 -0.738020
vn 0.488924 -0.555065 -0.672946
vn 0.264525 -0.516939 -0.814125
vn 0.857265 0.036149 -0.513605
vn 0.773495 -0.293063 -0.561977
vn 0.805454 0.093743 -0.585197
vn 0.704515 -0.253751 -0.662774
vn 0.599918 -0.582208 -0.548755
vn 0.654474 -0.587844 -0.475503
vn 0.952225 -0.157406 -0.261708
vn 0.889269 -0.310818 -0.335547
vn 0.928248 -0.012508 -0.371750
vn 0.820973 -0.312093 -0.478123
vn 0.769380 -0.587844 -0.249986
vn 0.726120 -0.592503 -0.348839
vn 0.857265 0.036149 -0.513605
vn 0.773495 -0.293063 -0.561977
vn 0.654474 -0.587844 -0.475503
vn 0.220546 0.764704 0.605464
vn 0.227228 0.677713 0.699337
vn 0.404580 0.725414 0.556857
vn 0.329476 0.654964 0.680050
vn 0.475503 0.587844 0.654474
vn 0.525456 0.710927 0.467417
vn 0.648195 0.572800 0.501740
vn 0.682257 0.623147 0.382379
vn 0.817793 0.438071 0.373241
vn 0.826955 0.497117 0.262717
vn 0.931740 0.220638 0.288408
vn 0.944867 0.325483 0.035866
vn 0.996424 0.054216 -0.064805
vn 0.968961 0.158256 -0.189917
vn 0.952225 -0.157406 -0.261708
vn 0.928248 -0.012508 -0.371750
vn 0.891636 -0.310596 -0.329416
vn 0.827915 -0.312297 -0.465862
vn 0.266816 0.891035 0.367241
vn 0.409310 0.841653 0.352257
vn 0.515597 0.801668 0.302469
vn 0.672447 0.707161 0.218491
vn 0.807704 0.589243 0.020177
vn 0.887421 0.446183 -0.115781
vn 0.918435 0.259664 -0.298417
vn 0.857264 0.036152 -0.513606
vn 0.769410 -0.309059 -0.559009
vn 0.232265 0.951931 0.199701
vn 0.266816 0.891035 0.367241
vn 0.397933 0.893275 0.209065
vn 0.409310 0.841653 0.352257
vn 0.277078 0.960635 0.020175
vn 0.386057 0.922475 0.000000
vn 0.515597 0.801668 0.302469
vn 0.551265 0.814876 0.179117
vn 0.540462 0.841368 0.000000
vn 0.672447 0.707161 0.218491
vn 0.678563 0.733658 0.036030
vn 0.646107 0.758912 -0.081224
vn 0.807704 0.589243 0.020177
vn 0.787634 0.614939 -0.038508
vn 0.714485 0.668418 -0.206710
vn 0.887421 0.446183 -0.115781
vn 0.840608 0.475273 -0.259795
vn 0.786232 0.535375 -0.308565
vn 0.918435 0.259664 -0.298417
vn 0.855070 0.312478 -0.413778
vn 0.756331 0.354974 -0.549506
vn 0.857264 0.036152 -0.513606
vn 0.805454 0.093744 -0.585197
vn 0.705192 0.146032 -0.693814
vn 0.769410 -0.309059 -0.559009
vn 0.686492 -0.312467 -0.656577
vn 0.559009 -0.309059 -0.769410
vn 0.277078 0.960635 0.020175
vn 0.386057 0.922475 0.000000
vn 0.316777 0.942899 -0.102927
vn 0.392333 0.910947 -0.127477
vn 0.255593 0.939687 -0.227289
vn 0.346614 0.903571 -0.251830
vn 0.540462 0.841368 0.000000
vn 0.504042 0.848010 -0.163773
vn 0.420918 0.853994 -0.305815
vn 0.646107 0.758912 -0.081224
vn 0.609588 0.763101 -0.214661
vn 0.485224 0.786097 -0.382895
vn 0.714485 0.668418 -0.206710
vn 0.637544 0.673901 -0.373357
vn 0.492807 0.699359 -0.517725
vn 0.786232 0.535375 -0.308565
vn 0.674625 0.551942 -0.490144
vn 0.476923 0.584505 -0.656428
vn 0.756331 0.354974 -0.549506
vn 0.634177 0.367141 -0.680461
vn 0.504876 0.427323 -0.749997
vn 0.705192 0.146032 -0.693814
vn 0.580546 0.156457 -0.799054
vn 0.389516 0.158025 -0.907362
vn 0.559009 -0.309059 -0.769410
vn 0.484587 -0.311960 -0.817225
vn 0.293888 -0.309059 -0.904495
vn 0.255593 0.939687 -0.227289
vn 0.303607 0.908547 -0.286992
vn 0.244891 0.919344 -0.307951
vn 0.286969 0.872720 -0.394979
vn 0.233796 0.892788 -0.385056
vn 0.345457 0.809060 -0.475480
vn 0.172333 0.830055 -0.530387
vn 0.329760 0.711475 -0.620533
vn 0.177058 0.750741 -0.636426
vn 0.268706 0.589238 -0.761968
vn 0.068885 0.609516 -0.789775
vn 0.275327 0.454045 -0.847371
vn 0.000568 0.454081 -0.890960
vn 0.293888 0.309059 -0.904495
vn 0.000000 0.309059 -0.951043
vn 0.000000 0.156457 -0.987685
vn 0.252676 0.157562 -0.954636
vn 0.186893 -0.312301 -0.931418
vn 0.000000 -0.309059 -0.951043
vn 0.346614 0.903571 -0.251830
vn 0.420918 0.853994 -0.305815
vn 0.485224 0.786097 -0.382895
vn 0.492807 0.699359 -0.517725
vn 0.476923 0.584505 -0.656428
vn 0.504876 0.427323 -0.749997
vn 0.389516 0.158025 -0.907362
vn 0.293888 -0.309059 -0.904495
vn 0.209191 0.934525 -0.287927
vn 0.181610 0.951070 -0.249965
vn 0.129240 0.908341 -0.397761
vn 0.095478 0.951070 -0.293852
vn 0.000000 0.944410 -0.328769
vn 0.024930 0.892349 -0.450656
vn -0.080339 0.917831 -0.388757
vn -0.058762 0.809915 -0.583596
vn -0.187161 0.893130 -0.409011
vn -0.321401 0.810820 -0.489155
vn -0.160026 0.643925 -0.748166
vn -0.399167 0.734043 -0.549406
vn -0.438105 0.666675 -0.603000
vn -0.194479 0.486059 -0.852012
vn -0.500112 0.525423 -0.688345
vn -0.215573 0.313351 -0.924845
vn -0.452833 0.363037 -0.814338
vn -0.218647 0.158021 -0.962924
vn -0.383977 0.157961 -0.909731
vn -0.191376 -0.312242 -0.930527
vn -0.303955 -0.309538 -0.900998
vn 0.244891 0.919344 -0.307951
vn 0.233796 0.892788 -0.385056
vn 0.172333 0.830055 -0.530387
vn 0.177058 0.750741 -0.636426
vn 0.068885 0.609516 -0.789775
vn 0.000568 0.454081 -0.890960
vn 0.000000 0.309059 -0.951043
vn 0.000000 0.156457 -0.987685
vn 0.000000 -0.309059 -0.951043
vn 0.316777 0.942899 -0.102927
vn 0.255593 0.939687 -0.227289
vn 0.149909 0.982682 -0.108915
vn 0.181610 0.951070 -0.249965
vn 0.277078 0.960635 0.020175
vn 0.149461 0.987789 0.043976
vn 0.048333 0.987692 -0.148755
vn 0.004994 0.999869 0.015371
vn 0.095478 0.951070 -0.293852
vn -0.048333 0.987692 -0.148755
vn -0.142664 0.989014 0.038709
vn 0.000000 0.944410 -0.328769
vn -0.201130 0.954268 -0.221178
vn -0.269401 0.963028 0.000000
vn -0.080339 0.917831 -0.388757
vn -0.312381 0.922447 -0.226958
vn -0.380074 0.924858 -0.013451
vn -0.187161 0.893130 -0.409011
vn -0.437722 0.840988 -0.318024
vn -0.468169 0.877407 -0.104762
vn -0.321401 0.810820 -0.489155
vn -0.518424 0.767702 -0.376657
vn -0.592056 0.782600 -0.192371
vn -0.399167 0.734043 -0.549406
vn -0.618360 0.644819 -0.449265
vn -0.691753 0.681923 -0.237610
vn -0.438105 0.666675 -0.603000
vn -0.627379 0.537189 -0.563758
vn -0.727948 0.534776 -0.429076
vn -0.500112 0.525423 -0.688345
vn -0.576628 0.361634 -0.732613
vn -0.759810 0.343434 -0.552034
vn -0.452833 0.363037 -0.814338
vn -0.580546 0.156457 -0.799054
vn -0.692526 0.144202 -0.706833
vn -0.383977 0.157961 -0.909731
vn -0.548074 -0.309651 -0.777001
vn -0.587602 -0.310541 -0.747187
vn -0.303955 -0.309538 -0.900998
vn 0.277078 0.960635 0.020175
vn 0.149461 0.987789 0.043976
vn 0.232265 0.951931 0.199701
vn 0.134197 0.961039 0.241650
vn 0.004994 0.999869 0.015371
vn 0.000000 0.971447 0.237256
vn 0.266816 0.891035 0.367241
vn 0.140274 0.891035 0.431718
vn 0.000000 0.893532 0.448999
vn -0.129038 0.960467 0.246684
vn -0.093504 0.893043 0.440149
vn -0.142664 0.989014 0.038709
vn -0.258373 0.947631 0.187719
vn -0.266816 0.891035 0.367241
vn -0.269401 0.963028 0.000000
vn -0.422844 0.892156 0.158933
vn -0.407251 0.842497 0.352626
vn -0.380074 0.924858 -0.013451
vn -0.535281 0.836494 0.117270
vn -0.516913 0.808287 0.281908
vn -0.468169 0.877407 -0.104762
vn -0.693416 0.720537 0.000000
vn -0.672447 0.707161 0.218491
vn -0.592056 0.782600 -0.192371
vn -0.773296 0.623706 -0.114032
vn -0.844265 0.535504 0.021259
vn -0.691753 0.681923 -0.237610
vn -0.847371 0.454045 -0.275328
vn -0.888676 0.443907 -0.114902
vn -0.727948 0.534776 -0.429076
vn -0.832494 0.312399 -0.457558
vn -0.916492 0.267143 -0.297786
vn -0.759810 0.343434 -0.552034
vn -0.805330 0.095366 -0.585106
vn -0.851549 0.037778 -0.522912
vn -0.692526 0.144202 -0.706833
vn -0.733348 -0.311236 -0.604427
vn -0.766809 -0.318782 -0.557119
vn -0.587602 -0.310541 -0.747187
vn 0.220546 0.764704 0.605464
vn 0.127667 0.778115 0.615010
vn 0.227228 0.677713 0.699337
vn 0.084636 0.695580 0.713446
vn 0.000000 0.773843 0.633378
vn 0.000000 0.693852 0.720117
vn -0.120557 0.769838 0.626750
vn -0.084636 0.695578 0.713448
vn -0.211463 0.759074 0.615703
vn -0.227228 0.677713 0.699337
vn -0.404371 0.725751 0.556569
vn -0.329473 0.654965 0.680050
vn -0.528074 0.710810 0.464635
vn -0.475503 0.587844 0.654474
vn -0.686163 0.619914 0.380641
vn -0.648195 0.572800 0.501741
vn -0.828696 0.494557 0.262063
vn -0.824690 0.431366 0.365800
vn -0.945241 0.324438 0.035477
vn -0.931740 0.220638 0.288409
vn -0.968263 0.158234 -0.193466
vn -0.997165 0.008447 -0.074764
vn -0.922439 -0.058366 -0.381705
vn -0.943545 -0.191713 -0.270126
vn -0.844244 -0.312534 -0.435401
vn -0.896400 -0.310095 -0.316714
vn 0.266816 0.891035 0.367241
vn 0.140274 0.891035 0.431718
vn 0.000000 0.893532 0.448999
vn -0.093504 0.893043 0.440149
vn -0.266816 0.891035 0.367241
vn -0.407251 0.842497 0.352626
vn -0.516913 0.808287 0.281908
vn -0.672447 0.707161 0.218491
vn -0.844265 0.535504 0.021259
vn -0.888676 0.443907 -0.114902
vn -0.916492 0.267143 -0.297786
vn -0.851549 0.037778 -0.522912
vn -0.766809 -0.318782 -0.557119
vn -0.885053 0.174039 0.431732
vn -0.989092 0.108106 0.100052
vn -0.938265 0.011589 0.345724
vn -0.976124 -0.126809 0.176357
vn -0.956771 0.029340 -0.289357
vn -0.987302 -0.156749 0.025761
vn -0.928136 -0.056028 -0.368000
vn -0.943545 -0.191716 -0.270126
vn -0.862374 -0.303722 -0.405049
vn -0.896400 -0.310095 -0.316714
vn -0.824690 0.431366 0.365800
vn -0.946169 0.321828 0.034504
vn -0.916492 0.267144 -0.297786
vn -0.851549 0.037778 -0.522912
vn -0.784176 -0.245903 -0.569737
vn 0.885053 0.174040 0.431731
vn 0.938265 0.011589 0.345724
vn 0.988768 0.109134 0.102112
vn 0.976124 -0.126811 0.176357
vn 0.997990 -0.062773 -0.008695
vn 0.958538 0.068065 -0.276717
vn 0.952225 -0.157406 -0.261708
vn 0.933666 -0.010235 -0.358000
vn 0.896560 -0.310077 -0.316279
vn 0.859102 -0.293685 -0.419158
vn 0.817793 0.438071 0.373241
vn 0.947022 0.319405 0.033602
vn 0.918435 0.259664 -0.298417
vn 0.857264 0.036152 -0.513606
vn 0.782442 -0.254201 -0.568477
vn 0.790730 0.310605 -0.527514
vn 0.771903 0.556934 -0.306579
vn 0.902862 0.289519 -0.317836
vn 0.833508 0.510523 -0.211262
vn 0.809017 0.000000 -0.587785
vn 0.863655 -0.054303 -0.501149
vn 0.784342 -0.352749 -0.510270
vn 0.760508 -0.309710 -0.570708
vn 0.687633 0.319845 -0.651813
vn 0.657526 0.582617 -0.477721
vn 0.637191 0.013013 -0.770596
vn 0.617097 -0.273437 -0.737850
vn 0.950337 0.224799 -0.215232
vn 0.884691 0.466178 0.000000
vn 0.986597 0.157367 -0.043153
vn 0.885558 0.434077 0.165419
vn 0.902862 0.289519 -0.317836
vn 0.833508 0.510523 -0.211262
vn 0.963790 -0.158060 -0.214770
vn 0.945999 -0.102990 -0.307373
vn 0.878005 -0.050908 -0.475937
vn 0.883019 -0.371429 -0.286910
vn 0.886028 -0.415516 -0.205670
vn 0.813582 -0.358071 -0.458114
vn 0.433950 -0.232651 -0.870380
vn 0.304899 -0.162710 -0.938383
vn 0.469915 0.074565 -0.879556
vn 0.305533 0.149736 -0.940334
vn 0.657526 0.582617 -0.477721
vn 0.687633 0.319845 -0.651813
vn 0.475503 0.587844 -0.654474
vn 0.552078 0.343229 -0.759871
vn 0.559009 -0.309059 -0.769410
vn 0.611028 0.013982 -0.791485
vn 0.255503 0.588279 -0.767233
vn 0.281691 0.411143 -0.866955
vn 0.255503 0.588279 -0.767233
vn 0.281691 0.411143 -0.866955
vn 0.106533 0.605116 -0.788977
vn 0.005758 0.454407 -0.890776
vn 0.000000 -0.156457 -0.987685
vn 0.000000 0.156457 -0.987685
vn 0.204381 -0.158155 -0.966031
vn 0.269937 0.155845 -0.950182
vn -0.043842 0.655792 -0.753667
vn -0.131192 0.458506 -0.878954
vn -0.182660 0.158294 -0.970349
vn -0.189916 -0.158256 -0.968962
vn -0.292638 0.711218 -0.639165
vn -0.043842 0.655792 -0.753667
vn -0.379886 0.495320 -0.781246
vn -0.131192 0.458506 -0.878954
vn -0.497783 0.711526 -0.495926
vn -0.586422 0.518339 -0.622441
vn -0.411854 0.158229 -0.897407
vn -0.224448 0.157956 -0.961599
vn -0.616225 0.157399 -0.771681
vn -0.304572 -0.168994 -0.937377
vn -0.480557 -0.186765 -0.856845
vn -0.612900 -0.227328 -0.756753
vn -0.661178 0.718813 -0.214830
vn -0.497783 0.711526 -0.495926
vn -0.764820 0.521591 -0.378144
vn -0.586422 0.518339 -0.622441
vn -0.702741 0.710008 0.045200
vn -0.858077 0.512579 -0.031096
vn -0.821392 0.157298 -0.548245
vn -0.647213 0.157974 -0.745761
vn -0.940313 0.156534 -0.302173
vn -0.677629 -0.205026 -0.706246
vn -0.807251 -0.216404 -0.549104
vn -0.925987 -0.228090 -0.300871
vn -0.858077 0.512579 -0.031096
vn -0.824942 0.497620 0.268040
vn -0.702741 0.710008 0.045200
vn -0.658632 0.698585 0.279612
vn -0.746551 0.456565 0.483953
vn -0.621636 0.616750 0.482895
vn -0.993707 0.112012 0.000000
vn -0.978544 0.047980 0.200371
vn -0.948991 0.157185 -0.273328
vn -0.957711 -0.277360 -0.076555
vn -0.934628 -0.353967 0.034313
vn -0.925532 -0.230123 -0.300723
vn -0.709124 0.385918 0.590093
vn -0.578890 0.310129 0.754127
vn -0.482827 0.570303 0.664555
vn -0.446841 0.460391 0.767055
vn -0.746551 0.456565 0.483953
vn -0.621636 0.616750 0.482895
vn -0.944071 -0.006979 0.329667
vn -0.874935 -0.102961 0.473168
vn -0.978936 0.020353 0.203148
vn -0.868363 -0.436093 0.236151
vn -0.825591 -0.457053 0.330912
vn -0.921723 -0.387422 0.018159
vn -0.368848 0.414456 0.831972
vn -0.293888 0.309059 0.904495
vn -0.274182 0.461249 0.843845
vn -0.209730 0.417542 0.884122
vn -0.559009 0.309059 0.769410
vn -0.544069 0.230411 0.806783
vn -0.753195 0.182090 0.632092
vn -0.695094 0.141953 0.704765
vn -0.288324 0.590447 0.753818
vn -0.446841 0.460391 0.767055
vn -0.539528 0.397767 0.742086
vn -0.769410 0.309059 0.559009
vn -0.913424 0.157846 0.375155
vn -0.900851 0.053990 0.430758
vn -0.856198 -0.024632 0.516060
vn 0.884691 0.466178 0.000000
vn 0.785585 0.609761 0.105110
vn 0.885558 0.434077 0.165419
vn 0.776837 0.576900 0.252409
vn 0.943607 0.221481 -0.246075
vn 0.987183 0.157085 -0.028185
vn 0.880840 0.287018 -0.376485
vn 0.833508 0.510523 -0.211262
vn 0.970979 -0.095051 -0.219465
vn 0.945939 -0.000570 -0.324345
vn 0.829904 0.006283 -0.557871
vn 0.380851 0.828189 0.411163
vn 0.374773 0.891923 0.253020
vn 0.266816 0.891035 0.367241
vn 0.232265 0.951931 0.199701
vn 0.530724 0.754751 0.385594
vn 0.548029 0.810758 0.205757
vn 0.672447 0.707161 0.218491
vn 0.652366 0.671184 0.352039
vn 0.377708 0.924752 0.046593
vn 0.277079 0.960635 0.020175
vn 0.527601 0.849257 0.019980
vn 0.656139 0.754640 0.000000
vn 0.737883 0.673678 -0.041079
vn 0.880498 -0.294632 -0.371369
vn 0.910852 -0.310022 -0.272460
vn 0.788446 -0.224069 -0.572840
vn 0.770708 0.309164 -0.557159
vn 0.771903 0.556934 -0.306579
vn 0.833508 0.510523 -0.211262
vn 0.765726 0.086607 -0.637309
vn 0.809017 0.000000 -0.587785
vn 0.756395 -0.274469 -0.593745
vn 0.631364 -0.157710 -0.759280
vn 0.376975 0.918560 -0.118902
vn 0.293852 0.951070 -0.095478
vn 0.509879 0.850314 -0.130342
vn 0.527601 0.849257 0.019980
vn 0.608103 0.768876 -0.197584
vn 0.656139 0.754640 0.000000
vn 0.699428 0.677610 -0.227257
vn 0.737883 0.673678 -0.041079
vn 0.355892 0.898044 -0.258571
vn 0.255594 0.939687 -0.227290
vn 0.453086 0.843658 -0.288018
vn 0.527638 0.775170 -0.347432
vn 0.591284 0.682520 -0.429593
vn 0.657526 0.582617 -0.477721
vn 0.650792 0.312405 -0.692006
vn 0.580546 0.156457 -0.799054
vn 0.584626 -0.103536 -0.804669
vn 0.110058 -0.093599 -0.989508
vn 0.215114 0.158057 -0.963713
vn 0.305211 -0.156457 -0.939344
vn 0.373451 0.142337 -0.916665
vn 0.255594 0.939687 -0.227290
vn 0.355892 0.898044 -0.258571
vn 0.361259 0.892615 -0.269686
vn 0.428816 0.844937 -0.319684
vn 0.453086 0.843658 -0.288018
vn 0.527638 0.775170 -0.347432
vn 0.456579 0.789257 -0.410620
vn 0.591284 0.682520 -0.429593
vn 0.459080 0.710547 -0.533262
vn 0.657526 0.582617 -0.477721
vn 0.475503 0.587844 -0.654474
vn 0.650792 0.312405 -0.692006
vn 0.504947 0.338685 -0.793928
vn 0.527535 -0.157701 -0.834768
vn 0.586538 0.065116 -0.807300
vn 0.293752 0.901477 -0.317882
vn 0.297801 0.862152 -0.409888
vn 0.342645 0.809299 -0.477106
vn 0.314930 0.711519 -0.628139
vn 0.255503 0.588279 -0.767233
vn 0.288895 0.354950 -0.889129
vn 0.293752 0.901477 -0.317882
vn 0.226526 0.922754 -0.311787
vn 0.297801 0.862152 -0.409888
vn 0.204797 0.893290 -0.400115
vn 0.342645 0.809299 -0.477106
vn 0.181617 0.809060 -0.558961
vn 0.314930 0.711519 -0.628139
vn 0.190615 0.709126 -0.678827
vn 0.255503 0.588279 -0.767233
vn 0.106533 0.605116 -0.788977
vn 0.288895 0.354950 -0.889129
vn 0.000000 0.453534 -0.891239
vn -0.279992 -0.062001 -0.957998
vn -0.026414 0.162844 -0.986298
vn 0.000000 -0.145610 -0.989342
vn 0.068292 0.142539 -0.987430
vn 0.195965 0.942787 -0.269724
vn 0.140274 0.891035 -0.431718
vn 0.034977 0.850940 -0.524097
vn 0.000000 0.780586 -0.625049
vn -0.043842 0.655792 -0.753667
vn -0.224379 0.456784 -0.860815
vn -0.299790 0.242541 -0.922659
vn -0.342286 0.000000 -0.939596
vn 0.255594 0.939687 -0.227290
vn 0.152831 0.952063 -0.264986
vn 0.136638 0.958623 -0.249743
vn 0.000000 0.948176 -0.317745
vn -0.069828 0.965805 -0.249690
vn -0.100044 0.892884 -0.439032
vn -0.210608 0.933603 -0.289877
vn -0.181618 0.809060 -0.558961
vn -0.361582 0.848936 -0.385443
vn 0.195965 0.942787 -0.269724
vn 0.140274 0.891035 -0.431718
vn 0.034977 0.850940 -0.524097
vn 0.000000 0.780586 -0.625049
vn -0.292638 0.711218 -0.639165
vn -0.043842 0.655792 -0.753667
vn -0.497783 0.711526 -0.495926
vn -0.224379 0.456784 -0.860815
vn -0.462059 0.494153 -0.736420
vn -0.634075 0.511919 -0.579558
vn -0.302744 0.200464 -0.931751
vn -0.567578 0.259951 -0.781204
vn -0.724307 0.299918 -0.620829
vn -0.482873 -0.013724 -0.875583
vn -0.602413 -0.004480 -0.798172
vn -0.809017 0.000000 -0.587785
vn 0.085922 0.985322 -0.147502
vn 0.091935 0.987692 -0.126539
vn -0.091935 0.987692 -0.126538
vn -0.134564 0.990555 -0.026324
vn -0.289286 0.951495 -0.104739
vn -0.300121 0.952132 0.058069
vn -0.466561 0.871401 -0.151595
vn -0.498220 0.862459 0.089112
vn 0.136638 0.958623 -0.249743
vn -0.069828 0.965805 -0.249690
vn -0.210608 0.933603 -0.289877
vn -0.361582 0.848936 -0.385443
vn -0.661178 0.718813 -0.214830
vn -0.497783 0.711526 -0.495926
vn -0.702741 0.710008 0.045200
vn -0.801839 0.531074 -0.273889
vn -0.634075 0.511919 -0.579558
vn -0.857131 0.515098 0.000000
vn -0.760378 0.239660 -0.603646
vn -0.898427 0.261757 -0.352580
vn -0.950712 0.290523 -0.108363
vn -0.807328 -0.064585 -0.586558
vn -0.949001 -0.027914 -0.314035
vn -0.987628 0.000000 -0.156814
vn 0.293852 0.951070 -0.095478
vn 0.086280 0.995839 0.029320
vn 0.277079 0.960635 0.020175
vn 0.104456 0.979963 0.169594
vn 0.255594 0.939687 -0.227290
vn 0.091935 0.987692 -0.126539
vn -0.113557 0.981160 0.156298
vn -0.105321 0.940126 0.324145
vn -0.134564 0.990555 -0.026324
vn -0.343475 0.904857 0.251515
vn -0.308732 0.850950 0.424934
vn -0.300121 0.952132 0.058069
vn -0.475678 0.809089 0.345115
vn -0.434966 0.748232 0.500952
vn -0.498220 0.862459 0.089112
vn -0.658632 0.698585 0.279612
vn -0.621636 0.616750 0.482895
vn -0.702741 0.710008 0.045200
vn -0.857131 0.515098 0.000000
vn -0.829480 0.489209 0.269514
vn -0.736773 0.455710 0.499493
vn -0.969226 0.158264 0.188555
vn -0.920247 0.107634 0.376244
vn -0.987560 0.156750 -0.012449
vn -0.960918 -0.229598 0.154667
vn -0.904495 -0.309059 0.293888
vn -0.979192 -0.202936 0.000000
vn 0.277079 0.960635 0.020175
vn 0.104456 0.979963 0.169594
vn 0.232265 0.951931 0.199701
vn 0.097243 0.935352 0.340089
vn 0.266816 0.891035 0.367241
vn 0.104382 0.866773 0.487656
vn -0.102880 0.876058 0.471104
vn -0.008996 0.809704 0.586769
vn -0.105321 0.940126 0.324145
vn -0.226070 0.773186 0.592516
vn -0.218491 0.707161 0.672447
vn -0.308732 0.850950 0.424934
vn -0.420509 0.682930 0.597309
vn -0.288324 0.590447 0.753818
vn -0.434966 0.748232 0.500952
vn -0.482827 0.570303 0.664555
vn -0.446841 0.460391 0.767055
vn -0.621636 0.616750 0.482895
vn -0.693990 0.388403 0.606235
vn -0.559009 0.309059 0.769410
vn -0.736773 0.455710 0.499493
vn -0.803171 0.119996 0.583538
vn -0.721312 0.050943 0.690734
vn -0.893450 0.158282 0.420349
vn -0.818786 -0.195864 0.539654
vn -0.758766 -0.236024 0.607097
vn -0.913307 -0.173324 0.368550
vn 0.000000 0.699169 0.714956
vn -0.128594 0.592606 0.795161
vn 0.023312 0.589439 0.807477
vn -0.015560 0.489478 0.871877
vn -0.274182 0.461249 0.843845
vn -0.209730 0.417542 0.884122
vn -0.332561 0.394243 0.856724
vn -0.293888 0.309059 0.904495
vn -0.515606 0.277117 0.810775
vn -0.427972 0.191016 0.883376
vn -0.580546 0.156457 0.799054
vn -0.583735 0.117194 0.803442
vn -0.008997 0.809704 0.586769
vn -0.218491 0.707161 0.672447
vn -0.288324 0.590447 0.753818
vn -0.436251 0.458205 0.774424
vn -0.554132 0.333509 0.762698
vn -0.645763 0.250759 0.721187
vn -0.803762 0.113790 0.583968
vn -0.762913 0.012194 0.646385
vn -0.705816 -0.021669 0.708064
vn 0.558904 0.456477 0.692282
vn 0.769410 0.309059 0.559009
vn 0.669441 0.561503 0.486377
vn 0.777332 0.458299 0.430949
vn 0.933335 0.192147 0.303259
vn 0.907479 0.055858 0.416367
vn 0.987583 -0.156715 0.010935
vn 0.999997 0.002499 0.000000
vn 0.922665 -0.242518 -0.299791
vn 0.944851 -0.114054 -0.307000
vn 0.652366 0.671184 0.352039
vn 0.776837 0.576900 0.252409
vn 0.885558 0.434077 0.165419
vn 0.983871 0.157959 -0.083942
vn 0.927371 0.000000 -0.374143
vn 0.227228 0.677713 0.699337
vn 0.303584 0.609717 0.732176
vn 0.220547 0.764704 0.605464
vn 0.394562 0.708882 0.584643
vn 0.469805 0.661958 0.584033
vn 0.481383 0.567507 0.667987
vn 0.669441 0.561504 0.486377
vn 0.558904 0.456477 0.692282
vn 0.755175 0.436840 0.488756
vn 0.719581 0.311769 0.620486
vn 0.880338 0.242460 0.407698
vn 0.799054 0.156457 0.580546
vn 0.941602 -0.104973 0.319947
vn 0.820389 -0.166278 0.547095
vn 0.847371 -0.454045 0.275327
vn 0.758863 -0.482726 0.437153
vn 0.380851 0.828189 0.411163
vn 0.266816 0.891035 0.367241
vn 0.530724 0.754751 0.385594
vn 0.652366 0.671184 0.352039
vn 0.811301 0.521825 0.263608
vn 0.911839 0.310163 0.268976
vn 0.985808 -0.032871 0.164628
vn 0.894942 -0.437897 0.085579
vn 0.220547 0.764704 0.605464
vn 0.136252 0.742162 0.656225
vn 0.227228 0.677713 0.699337
vn 0.152180 0.645430 0.748506
vn 0.000000 0.699169 0.714956
vn -0.127739 0.592607 0.795298
vn 0.023312 0.589439 0.807477
vn -0.008001 0.469811 0.882730
vn -0.275327 0.454045 0.847371
vn -0.183399 0.368466 0.911371
vn -0.303445 0.309514 0.901178
vn -0.296066 0.286471 0.911197
vn -0.446254 0.194253 0.873569
vn -0.338072 0.157214 0.927896
vn -0.563407 0.101143 0.819965
vn -0.485302 0.019409 0.874131
vn 0.266816 0.891035 0.367241
vn 0.104381 0.866774 0.487655
vn -0.008997 0.809704 0.586769
vn -0.227159 0.677956 0.699124
vn -0.264997 0.540477 0.798537
vn -0.406964 0.427901 0.807020
vn -0.525877 0.310672 0.791793
vn -0.580546 0.156457 0.799054
vn -0.681211 0.004351 0.732074
vn -0.617919 -0.038641 0.785292
vn -0.583970 -0.113751 0.803766
vn 0.220547 0.764704 0.605464
vn 0.259868 0.588608 0.765512
vn 0.356253 0.710895 0.606393
vn 0.456002 0.630983 0.627633
vn 0.385058 0.548107 0.742502
vn 0.536450 0.535442 0.652322
vn 0.520467 0.454292 0.723003
vn 0.681749 0.383787 0.622837
vn 0.570579 0.309703 0.760607
vn 0.765985 0.216361 0.605355
vn 0.670007 0.158238 0.725294
vn 0.797011 0.000000 0.603965
vn 0.716542 -0.029987 0.696899
vn 0.345457 0.809060 0.475481
vn 0.266816 0.891035 0.367241
vn 0.478160 0.711282 0.515209
vn 0.637603 0.589621 0.495791
vn 0.720817 0.454045 0.523704
vn 0.769410 0.309059 0.559009
vn 0.836738 0.059889 0.544318
vn 0.227228 0.677713 0.699337
vn 0.227228 0.677713 0.699337
vn 0.220547 0.764704 0.605464
vn 0.202393 0.595142 0.777717
vn 0.266816 0.891035 0.367241
vn 0.127330 0.811955 0.569663
vn 0.142778 0.711131 0.688409
vn 0.000000 0.627504 0.778613
vn 0.037266 0.567111 0.822798
vn -0.006370 0.707651 0.706534
vn -0.067044 0.457314 0.886774
vn 0.000000 0.447968 0.894049
vn -0.213951 0.544878 0.810761
vn -0.062141 0.295947 0.953181
vn -0.216169 0.311797 0.925232
vn -0.291605 0.330932 0.897469
vn -0.256952 0.115820 0.959459
vn -0.305211 0.156457 0.939344
vn -0.392072 0.162638 0.905444
vn 0.202393 0.595142 0.777717
vn 0.249987 0.587844 0.769380
vn 0.220546 0.764704 0.605464
vn 0.259868 0.588608 0.765512
vn 0.152832 0.458476 0.875467
vn 0.226827 0.456682 0.860227
vn 0.276035 0.449528 0.849547
vn 0.055486 0.311165 0.948735
vn 0.126176 0.291066 0.948346
vn 0.212611 0.249720 0.944688
vn 0.000000 0.156457 0.987685
vn 0.000000 0.129714 0.991551
vn 0.050039 0.089756 0.994706
vn 0.259868 0.588608 0.765512
vn 0.263115 0.618172 0.740698
vn 0.220546 0.764704 0.605464
vn 0.303381 0.650186 0.696576
vn 0.384604 0.526926 0.757911
vn 0.356304 0.513852 0.780387
vn 0.426957 0.545243 0.721400
vn 0.506153 0.400529 0.763797
vn 0.565817 0.270837 0.778780
vn 0.536498 0.405419 0.740139
vn 0.563502 0.284464 0.775594
vn 0.533298 0.420482 0.734022
vn 0.604244 0.298645 0.738715
vn 0.650876 0.131840 0.747649
vn 0.624248 0.120763 0.771836
vn 0.684513 0.136084 0.716187
vn 0.160453 0.673685 0.721390
vn 0.198938 0.646589 0.736442
vn 0.220546 0.764704 0.605464
vn 0.215100 0.632844 0.743801
vn 0.032690 0.585805 0.809793
vn 0.081383 0.568847 0.818406
vn 0.127556 0.552744 0.823531
vn 0.000000 0.448496 0.893784
vn 0.000000 0.454045 0.890979
vn 0.014184 0.427744 0.903788
vn 0.000000 0.309059 0.951043
vn -0.046665 0.325363 0.944437
vn -0.136910 0.216747 0.966580
vn -0.180492 0.244375 0.952735
vn 0.000000 0.309059 0.951043
vn -0.111405 0.193897 0.974676
vn 0.215100 0.632844 0.743801
vn 0.244395 0.611973 0.752170
vn 0.249987 0.587844 0.769380
vn 0.133496 0.561435 0.816682
vn 0.176330 0.537464 0.824646
vn 0.220709 0.507669 0.832802
vn 0.025870 0.455550 0.889834
vn 0.066571 0.434335 0.898288
vn 0.112192 0.411202 0.904613
vn 0.000000 0.309059 0.951043
vn 0.000000 0.309059 0.951043
vn 0.000000 0.156457 0.987685
vn -0.026041 0.163622 0.986179
vn 0.016996 0.301753 0.953235
vn 0.000000 0.156457 0.987685


g Face
f 1/1/1 2/2/2 3/3/3
f 3/3/3 2/2/2 4/4/4
f 5/5/5 6/6/6 7/7/7
f 7/7/7 6/6/6 8/8/8
f 9/9/9 10/10/10 11/11/11
f 11/11/11 10/10/10 12/12/12
f 13/13/13 14/14/14 15/15/15
f 15/15/15 14/14/14 16/16/16
f 17/17/17 18/18/18 19/19/19
f 19/19/19 18/18/18 20/20/20
f 21/21/21 22/22/22 23/23/23
f 23/23/23 22/22/22 24/24/24
f 25/25/25 26/26/26 27/27/27
f 27/27/27 26/26/26 28/28/28
f 29/29/29 25/25/25 30/30/30
f 30/30/30 25/25/25 27/27/27
f 31/31/31 32/32/32 29/29/29
f 29/29/29 32/32/32 25/25/25
f 33/33/33 26/26/26 32/32/32
f 32/32/32 26/26/26 25/25/25
f 34/34/34 35/35/35 36/36/36
f 36/36/36 35/35/35 37/37/37
f 27/27/27 34/34/34 30/30/30
f 30/30/30 34/34/34 36/36/36
f 28/28/28 38/38/38 27/27/27
f 27/27/27 38/38/38 34/34/34
f 35/35/35 34/34/34 39/39/39
f 39/39/39 34/34/34 38/38/38
f 40/40/40 41/41/41 42/42/42
f 42/42/42 41/41/41 43/43/43
f 36/36/36 40/40/40 30/30/30
f 30/30/30 40/40/40 42/42/42
f 37/37/37 44/44/44 36/36/36
f 36/36/36 44/44/44 40/40/40
f 44/44/44 45/45/45 40/40/40
f 40/40/40 45/45/45 41/41/41
f 31/31/31 29/29/29 46/46/46
f 46/46/46 29/29/29 47/47/47
f 42/42/42 47/47/47 30/30/30
f 30/30/30 47/47/47 29/29/29
f 43/43/43 48/48/48 42/42/42
f 42/42/42 48/48/48 47/47/47
f 46/46/46 47/47/47 49/49/49
f 49/49/49 47/47/47 48/48/48
f 50/50/50 49/49/49 51/51/51
f 51/51/51 49/49/49 48/48/48
f 51/51/51 48/48/48 52/52/52
f 52/52/52 48/48/48 43/43/43
f 53/53/53 51/51/51 54/54/54
f 54/54/54 51/51/51 52/52/52
f 55/55/55 50/50/50 53/53/53
f 53/53/53 50/50/50 51/51/51
f 56/56/56 57/57/57 58/58/58
f 58/58/58 57/57/57 59/59/59
f 54/54/54 52/52/52 57/57/57
f 57/57/57 52/52/52 59/59/59
f 59/59/59 52/52/52 41/41/41
f 41/41/41 52/52/52 43/43/43
f 58/58/58 59/59/59 45/45/45
f 45/45/45 59/59/59 41/41/41
f 60/60/60 39/39/39 61/61/61
f 61/61/61 39/39/39 38/38/38
f 61/61/61 38/38/38 62/62/62
f 62/62/62 38/38/38 28/28/28
f 63/63/63 61/61/61 64/64/64
f 64/64/64 61/61/61 62/62/62
f 65/65/65 60/60/60 63/63/63
f 63/63/63 60/60/60 61/61/61
f 66/66/66 67/67/67 68/68/68
f 68/68/68 67/67/67 69/69/69
f 64/64/64 62/62/62 67/67/67
f 67/67/67 62/62/62 69/69/69
f 26/26/26 69/69/69 28/28/28
f 28/28/28 69/69/69 62/62/62
f 68/68/68 69/69/69 33/33/33
f 33/33/33 69/69/69 26/26/26
f 65/65/65 70/70/70 60/60/60
f 60/60/60 70/70/70 71/71/71
f 72/72/72 71/71/71 73/73/73
f 73/73/73 71/71/71 70/70/70
f 71/71/71 72/72/72 35/35/35
f 35/35/35 72/72/72 37/37/37
f 60/60/60 71/71/71 39/39/39
f 39/39/39 71/71/71 35/35/35
f 58/58/58 45/45/45 74/74/74
f 74/74/74 45/45/45 44/44/44
f 72/72/72 74/74/74 37/37/37
f 37/37/37 74/74/74 44/44/44
f 72/72/72 73/73/73 74/74/74
f 74/74/74 73/73/73 75/75/75
f 56/56/56 58/58/58 75/75/75
f 75/75/75 58/58/58 74/74/74
f 68/68/68 33/33/33 76/76/76
f 76/76/76 33/33/33 32/32/32
f 77/77/77 76/76/76 31/31/31
f 31/31/31 76/76/76 32/32/32
f 78/78/78 76/76/76 79/79/79
f 79/79/79 76/76/76 77/77/77
f 66/66/66 68/68/68 78/78/78
f 78/78/78 68/68/68 76/76/76
f 55/55/55 80/80/80 50/50/50
f 50/50/50 80/80/80 81/81/81
f 79/79/79 77/77/77 80/80/80
f 80/80/80 77/77/77 81/81/81
f 81/81/81 77/77/77 46/46/46
f 46/46/46 77/77/77 31/31/31
f 50/50/50 81/81/81 49/49/49
f 49/49/49 81/81/81 46/46/46
f 82/82/82 83/83/83 84/84/84
f 84/84/84 83/83/83 85/85/85
f 86/86/86 82/82/82 87/87/87
f 87/87/87 82/82/82 84/84/84
f 88/88/88 89/89/89 86/86/86
f 86/86/86 89/89/89 82/82/82
f 89/89/89 90/90/90 82/82/82
f 82/82/82 90/90/90 83/83/83
f 91/91/91 92/92/92 93/93/93
f 93/93/93 92/92/92 94/94/94
f 84/84/84 91/91/91 87/87/87
f 87/87/87 91/91/91 93/93/93
f 85/85/85 95/95/95 84/84/84
f 84/84/84 95/95/95 91/91/91
f 91/91/91 95/95/95 92/92/92
f 92/92/92 95/95/95 96/96/96
f 97/97/97 98/98/98 99/99/99
f 99/99/99 98/98/98 100/100/100
f 93/93/93 97/97/97 87/87/87
f 87/87/87 97/97/97 99/99/99
f 94/94/94 101/101/101 93/93/93
f 93/93/93 101/101/101 97/97/97
f 101/101/101 102/102/102 97/97/97
f 97/97/97 102/102/102 98/98/98
f 88/88/88 86/86/86 103/103/103
f 103/103/103 86/86/86 104/104/104
f 99/99/99 104/104/104 87/87/87
f 87/87/87 104/104/104 86/86/86
f 100/100/100 105/105/105 99/99/99
f 99/99/99 105/105/105 104/104/104
f 103/103/103 104/104/104 106/106/106
f 106/106/106 104/104/104 105/105/105
f 107/107/107 106/106/106 108/108/108
f 108/108/108 106/106/106 105/105/105
f 108/108/108 105/105/105 109/109/109
f 109/109/109 105/105/105 100/100/100
f 110/110/110 111/111/111 109/109/109
f 109/109/109 111/111/111 108/108/108
f 112/112/112 107/107/107 111/111/111
f 111/111/111 107/107/107 108/108/108
f 113/113/113 114/114/114 115/115/115
f 115/115/115 114/114/114 116/116/116
f 109/109/109 116/116/116 110/110/110
f 110/110/110 116/116/116 114/114/114
f 116/116/116 109/109/109 98/98/98
f 98/98/98 109/109/109 100/100/100
f 115/115/115 116/116/116 102/102/102
f 102/102/102 116/116/116 98/98/98
f 117/117/117 96/96/96 118/118/118
f 118/118/118 96/96/96 95/95/95
f 119/119/119 118/118/118 85/85/85
f 85/85/85 118/118/118 95/95/95
f 120/120/120 121/121/121 119/119/119
f 119/119/119 121/121/121 118/118/118
f 122/122/122 117/117/117 121/121/121
f 121/121/121 117/117/117 118/118/118
f 123/123/123 124/124/124 125/125/125
f 125/125/125 124/124/124 126/126/126
f 119/119/119 126/126/126 120/120/120
f 120/120/120 126/126/126 124/124/124
f 126/126/126 119/119/119 83/83/83
f 83/83/83 119/119/119 85/85/85
f 125/125/125 126/126/126 90/90/90
f 90/90/90 126/126/126 83/83/83
f 122/122/122 127/127/127 117/117/117
f 117/117/117 127/127/127 128/128/128
f 129/129/129 128/128/128 130/130/130
f 130/130/130 128/128/128 127/127/127
f 92/92/92 128/128/128 94/94/94
f 94/94/94 128/128/128 129/129/129
f 117/117/117 128/128/128 96/96/96
f 96/96/96 128/128/128 92/92/92
f 115/115/115 102/102/102 131/131/131
f 131/131/131 102/102/102 101/101/101
f 131/131/131 101/101/101 129/129/129
f 129/129/129 101/101/101 94/94/94
f 130/130/130 132/132/132 129/129/129
f 129/129/129 132/132/132 131/131/131
f 113/113/113 115/115/115 132/132/132
f 132/132/132 115/115/115 131/131/131
f 125/125/125 90/90/90 133/133/133
f 133/133/133 90/90/90 89/89/89
f 133/133/133 89/89/89 134/134/134
f 134/134/134 89/89/89 88/88/88
f 135/135/135 133/133/133 136/136/136
f 136/136/136 133/133/133 134/134/134
f 123/123/123 125/125/125 135/135/135
f 135/135/135 125/125/125 133/133/133
f 112/112/112 137/137/137 107/107/107
f 107/107/107 137/137/137 138/138/138
f 134/134/134 138/138/138 136/136/136
f 136/136/136 138/138/138 137/137/137
f 103/103/103 138/138/138 88/88/88
f 88/88/88 138/138/138 134/134/134
f 107/107/107 138/138/138 106/106/106
f 106/106/106 138/138/138 103/103/103
f 139/139/139 140/140/140 141/141/141
f 142/142/142 140/140/140 139/139/139
f 143/143/143 141/141/141 144/144/144
f 144/144/144 141/141/141 140/140/140
f 145/145/145 142/142/142 146/146/146
f 146/146/146 142/142/142 139/139/139
f 145/145/145 146/146/146 147/147/147
f 147/147/147 146/146/146 148/148/148
f 144/144/144 140/140/140 149/149/149
f 150/150/150 151/151/151 152/152/152
f 152/152/152 151/151/151 153/153/153
f 154/154/154 155/155/155 156/156/156
f 156/156/156 155/155/155 157/157/157
f 158/158/158 159/159/159 157/157/157
f 157/157/157 159/159/159 156/156/156
f 160/160/160 161/161/161 154/154/154
f 154/154/154 161/161/161 155/155/155
f 160/160/160 147/147/147 161/161/161
f 161/161/161 147/147/147 148/148/148
f 159/159/159 162/162/162 156/156/156
f 163/163/163 164/164/164 165/165/165
f 165/165/165 164/164/164 166/166/166
f 143/143/143 167/167/167 141/141/141
f 168/168/168 167/167/167 143/143/143
f 146/146/146 139/139/139 169/169/169
f 169/169/169 139/139/139 170/170/170
f 148/148/148 146/146/146 171/171/171
f 171/171/171 146/146/146 169/169/169
f 167/167/167 170/170/170 141/141/141
f 141/141/141 170/170/170 139/139/139
f 157/157/157 172/172/172 158/158/158
f 158/158/158 172/172/172 173/173/173
f 161/161/161 174/174/174 155/155/155
f 155/155/155 174/174/174 175/175/175
f 174/174/174 161/161/161 171/171/171
f 171/171/171 161/161/161 148/148/148
f 172/172/172 157/157/157 175/175/175
f 175/175/175 157/157/157 155/155/155
f 176/176/176 177/177/177 178/178/178
f 179/179/179 178/178/178 180/180/180
f 180/180/180 178/178/178 177/177/177
f 181/181/181 182/182/182 183/183/183
f 183/183/183 182/182/182 184/184/184
f 182/182/182 185/185/185 184/184/184
f 184/184/184 185/185/185 186/186/186
f 187/187/187 188/188/188 176/176/176
f 176/176/176 188/188/188 177/177/177
f 189/189/189 190/190/190 191/191/191
f 191/191/191 190/190/190 192/192/192
f 193/193/193 194/194/194 195/195/195
f 195/195/195 194/194/194 196/196/196
f 195/195/195 196/196/196 185/185/185
f 185/185/185 196/196/196 186/186/186
f 197/197/197 190/190/190 189/189/189
f 187/187/187 197/197/197 198/198/198
f 197/197/197 189/189/189 198/198/198
f 199/199/199 200/200/200 201/201/201
f 202/202/202 203/203/203 204/204/204
f 204/204/204 203/203/203 205/205/205
f 203/203/203 187/187/187 205/205/205
f 205/205/205 187/187/187 176/176/176
f 206/206/206 207/207/207 208/208/208
f 209/209/209 210/210/210 211/211/211
f 211/211/211 210/210/210 212/212/212
f 213/213/213 209/209/209 214/214/214
f 214/214/214 209/209/209 211/211/211
f 215/215/215 213/213/213 216/216/216
f 216/216/216 213/213/213 214/214/214
f 217/217/217 218/218/218 216/216/216
f 216/216/216 218/218/218 215/215/215
f 209/209/209 208/208/208 210/210/210
f 210/210/210 208/208/208 207/207/207
f 208/208/208 209/209/209 219/219/219
f 219/219/219 209/209/209 213/213/213
f 220/220/220 219/219/219 215/215/215
f 215/215/215 219/219/219 213/213/213
f 221/221/221 220/220/220 218/218/218
f 218/218/218 220/220/220 215/215/215
f 204/204/204 218/218/218 202/202/202
f 202/202/202 218/218/218 217/217/217
f 222/222/222 221/221/221 204/204/204
f 204/204/204 221/221/221 218/218/218
f 204/204/204 205/205/205 222/222/222
f 222/222/222 205/205/205 223/223/223
f 178/178/178 223/223/223 176/176/176
f 176/176/176 223/223/223 205/205/205
f 201/201/201 203/203/203 199/199/199
f 199/199/199 203/203/203 202/202/202
f 203/203/203 201/201/201 187/187/187
f 187/187/187 201/201/201 197/197/197
f 224/224/224 225/225/225 226/226/226
f 212/212/212 227/227/227 211/211/211
f 211/211/211 227/227/227 228/228/228
f 229/229/229 214/214/214 228/228/228
f 228/228/228 214/214/214 211/211/211
f 230/230/230 216/216/216 229/229/229
f 229/229/229 216/216/216 214/214/214
f 217/217/217 216/216/216 231/231/231
f 231/231/231 216/216/216 230/230/230
f 225/225/225 224/224/224 227/227/227
f 227/227/227 224/224/224 228/228/228
f 229/229/229 228/228/228 232/232/232
f 232/232/232 228/228/228 224/224/224
f 229/229/229 232/232/232 230/230/230
f 230/230/230 232/232/232 233/233/233
f 234/234/234 231/231/231 233/233/233
f 233/233/233 231/231/231 230/230/230
f 217/217/217 231/231/231 202/202/202
f 202/202/202 231/231/231 199/199/199
f 231/231/231 234/234/234 199/199/199
f 199/199/199 234/234/234 200/200/200
f 201/201/201 200/200/200 235/235/235
f 190/190/190 197/197/197 235/235/235
f 235/235/235 197/197/197 201/201/201
f 162/162/162 159/159/159 236/236/236
f 237/237/237 143/143/143 144/144/144
f 238/238/238 239/239/239 240/240/240
f 241/241/241 181/181/181 242/242/242
f 242/242/242 181/181/181 183/183/183
f 243/243/243 182/182/182 238/238/238
f 238/238/238 182/182/182 181/181/181
f 244/244/244 245/245/245 239/239/239
f 246/246/246 247/247/247 248/248/248
f 249/249/249 247/247/247 244/244/244
f 250/250/250 251/251/251 248/248/248
f 248/248/248 251/251/251 246/246/246
f 246/246/246 252/252/252 247/247/247
f 247/247/247 252/252/252 253/253/253
f 254/254/254 252/252/252 251/251/251
f 251/251/251 252/252/252 246/246/246
f 247/247/247 255/255/255 244/244/244
f 244/244/244 255/255/255 245/245/245
f 253/253/253 256/256/256 247/247/247
f 247/247/247 256/256/256 255/255/255
f 257/257/257 243/243/243 240/240/240
f 240/240/240 243/243/243 238/238/238
f 244/244/244 239/239/239 249/249/249
f 249/249/249 239/239/239 241/241/241
f 181/181/181 241/241/241 238/238/238
f 238/238/238 241/241/241 239/239/239
f 249/249/249 241/241/241 250/250/250
f 250/250/250 241/241/241 242/242/242
f 258/258/258 259/259/259 260/260/260
f 237/237/237 144/144/144 261/261/261
f 261/261/261 144/144/144 149/149/149
f 158/158/158 262/262/262 159/159/159
f 263/263/263 264/264/264 265/265/265
f 194/194/194 193/193/193 266/266/266
f 266/266/266 193/193/193 267/267/267
f 268/268/268 263/263/263 195/195/195
f 195/195/195 263/263/263 193/193/193
f 269/269/269 265/265/265 270/270/270
f 269/269/269 271/271/271 272/272/272
f 273/273/273 271/271/271 274/274/274
f 275/275/275 273/273/273 276/276/276
f 276/276/276 273/273/273 274/274/274
f 274/274/274 271/271/271 252/252/252
f 252/252/252 271/271/271 277/277/277
f 274/274/274 252/252/252 276/276/276
f 276/276/276 252/252/252 254/254/254
f 270/270/270 278/278/278 269/269/269
f 269/269/269 278/278/278 271/271/271
f 278/278/278 279/279/279 271/271/271
f 271/271/271 279/279/279 277/277/277
f 263/263/263 268/268/268 264/264/264
f 264/264/264 268/268/268 280/280/280
f 269/269/269 272/272/272 265/265/265
f 265/265/265 272/272/272 267/267/267
f 193/193/193 263/263/263 267/267/267
f 267/267/267 263/263/263 265/265/265
f 272/272/272 275/275/275 267/267/267
f 267/267/267 275/275/275 266/266/266
f 281/281/281 282/282/282 283/283/283
f 236/236/236 159/159/159 262/262/262
f 191/191/191 192/192/192 284/284/284
f 285/285/285 143/143/143 237/237/237
f 286/286/286 168/168/168 285/285/285
f 285/285/285 168/168/168 143/143/143
f 180/180/180 287/287/287 288/288/288
f 288/288/288 287/287/287 289/289/289
f 180/180/180 288/288/288 179/179/179
f 290/290/290 262/262/262 158/158/158
f 291/291/291 290/290/290 173/173/173
f 173/173/173 290/290/290 158/158/158
f 191/191/191 284/284/284 292/292/292
f 292/292/292 284/284/284 293/293/293
f 149/149/149 294/294/294 261/261/261
f 295/295/295 296/296/296 297/297/297
f 297/297/297 296/296/296 298/298/298
f 299/299/299 300/300/300 297/297/297
f 297/297/297 300/300/300 295/295/295
f 258/258/258 298/298/298 301/301/301
f 301/301/301 298/298/298 296/296/296
f 300/300/300 302/302/302 295/295/295
f 295/295/295 302/302/302 303/303/303
f 303/303/303 302/302/302 304/304/304
f 304/304/304 302/302/302 305/305/305
f 306/306/306 307/307/307 308/308/308
f 308/308/308 307/307/307 309/309/309
f 306/306/306 303/303/303 307/307/307
f 307/307/307 303/303/303 304/304/304
f 303/303/303 306/306/306 295/295/295
f 295/295/295 306/306/306 296/296/296
f 310/310/310 311/311/311 305/305/305
f 305/305/305 311/311/311 304/304/304
f 312/312/312 313/313/313 314/314/314
f 314/314/314 313/313/313 315/315/315
f 307/307/307 304/304/304 316/316/316
f 316/316/316 304/304/304 311/311/311
f 317/317/317 309/309/309 316/316/316
f 316/316/316 309/309/309 307/307/307
f 318/318/318 319/319/319 320/320/320
f 320/320/320 319/319/319 315/315/315
f 321/321/321 319/319/319 318/318/318
f 302/302/302 322/322/322 305/305/305
f 305/305/305 322/322/322 323/323/323
f 324/324/324 325/325/325 326/326/326
f 327/327/327 310/310/310 323/323/323
f 323/323/323 310/310/310 305/305/305
f 325/325/325 328/328/328 329/329/329
f 326/326/326 330/330/330 331/331/331
f 332/332/332 333/333/333 311/311/311
f 311/311/311 333/333/333 316/316/316
f 316/316/316 333/333/333 317/317/317
f 310/310/310 327/327/327 334/334/334
f 311/311/311 310/310/310 332/332/332
f 332/332/332 310/310/310 334/334/334
f 335/335/335 336/336/336 326/326/326
f 326/326/326 336/336/336 324/324/324
f 329/329/329 337/337/337 309/309/309
f 309/309/309 337/337/337 308/308/308
f 338/338/338 324/324/324 339/339/339
f 339/339/339 324/324/324 340/340/340
f 338/338/338 341/341/341 328/328/328
f 328/328/328 341/341/341 342/342/342
f 342/342/342 341/341/341 301/301/301
f 340/340/340 336/336/336 343/343/343
f 343/343/343 336/336/336 344/344/344
f 317/317/317 330/330/330 325/325/325
f 325/325/325 330/330/330 326/326/326
f 315/315/315 313/313/313 320/320/320
f 320/320/320 313/313/313 345/345/345
f 339/339/339 259/259/259 338/338/338
f 338/338/338 259/259/259 341/341/341
f 345/345/345 313/313/313 346/346/346
f 346/346/346 313/313/313 347/347/347
f 328/328/328 325/325/325 338/338/338
f 338/338/338 325/325/325 324/324/324
f 333/333/333 348/348/348 317/317/317
f 317/317/317 348/348/348 330/330/330
f 335/335/335 349/349/349 350/350/350
f 312/312/312 350/350/350 349/349/349
f 348/348/348 351/351/351 335/335/335
f 344/344/344 336/336/336 350/350/350
f 350/350/350 336/336/336 335/335/335
f 314/314/314 344/344/344 312/312/312
f 312/312/312 344/344/344 350/350/350
f 344/344/344 314/314/314 343/343/343
f 343/343/343 314/314/314 352/352/352
f 347/347/347 353/353/353 346/346/346
f 346/346/346 353/353/353 351/351/351
f 330/330/330 348/348/348 331/331/331
f 349/349/349 347/347/347 312/312/312
f 312/312/312 347/347/347 313/313/313
f 319/319/319 321/321/321 352/352/352
f 296/296/296 308/308/308 337/337/337
f 301/301/301 341/341/341 258/258/258
f 258/258/258 341/341/341 259/259/259
f 352/352/352 314/314/314 319/319/319
f 319/319/319 314/314/314 315/315/315
f 334/334/334 351/351/351 332/332/332
f 300/300/300 322/322/322 302/302/302
f 334/334/334 327/327/327 354/354/354
f 354/354/354 327/327/327 355/355/355
f 327/327/327 323/323/323 355/355/355
f 355/355/355 323/323/323 356/356/356
f 356/356/356 323/323/323 357/357/357
f 357/357/357 323/323/323 322/322/322
f 357/357/357 322/322/322 299/299/299
f 299/299/299 322/322/322 300/300/300
f 334/334/334 354/354/354 351/351/351
f 354/354/354 346/346/346 351/351/351
f 355/355/355 345/345/345 354/354/354
f 354/354/354 345/345/345 346/346/346
f 320/320/320 345/345/345 356/356/356
f 356/356/356 345/345/345 355/355/355
f 357/357/357 318/318/318 356/356/356
f 356/356/356 318/318/318 320/320/320
f 321/321/321 318/318/318 357/357/357
f 296/296/296 306/306/306 308/308/308
f 351/351/351 348/348/348 332/332/332
f 332/332/332 348/348/348 333/333/333
f 328/328/328 342/342/342 329/329/329
f 329/329/329 342/342/342 337/337/337
f 317/317/317 325/325/325 329/329/329
f 309/309/309 317/317/317 329/329/329
f 296/296/296 337/337/337 301/301/301
f 337/337/337 342/342/342 301/301/301
f 326/326/326 331/331/331 335/335/335
f 331/331/331 348/348/348 335/335/335
f 351/351/351 353/353/353 335/335/335
f 336/336/336 340/340/340 324/324/324
f 162/162/162 236/236/236 358/358/358
f 359/359/359 360/360/360 361/361/361
f 361/361/361 360/360/360 362/362/362
f 363/363/363 360/360/360 364/364/364
f 364/364/364 360/360/360 359/359/359
f 281/281/281 365/365/365 362/362/362
f 362/362/362 365/365/365 361/361/361
f 364/364/364 359/359/359 366/366/366
f 366/366/366 359/359/359 367/367/367
f 367/367/367 368/368/368 366/366/366
f 366/366/366 368/368/368 369/369/369
f 370/370/370 371/371/371 372/372/372
f 372/372/372 371/371/371 373/373/373
f 368/368/368 367/367/367 371/371/371
f 371/371/371 367/367/367 373/373/373
f 361/361/361 373/373/373 359/359/359
f 359/359/359 373/373/373 367/367/367
f 368/368/368 374/374/374 369/369/369
f 369/369/369 374/374/374 375/375/375
f 376/376/376 377/377/377 378/378/378
f 378/378/378 377/377/377 379/379/379
f 371/371/371 380/380/380 368/368/368
f 368/368/368 380/380/380 374/374/374
f 381/381/381 380/380/380 370/370/370
f 370/370/370 380/380/380 371/371/371
f 382/382/382 383/383/383 384/384/384
f 384/384/384 383/383/383 376/376/376
f 385/385/385 382/382/382 384/384/384
f 386/386/386 387/387/387 369/369/369
f 369/369/369 387/387/387 366/366/366
f 388/388/388 389/389/389 390/390/390
f 391/391/391 386/386/386 375/375/375
f 375/375/375 386/386/386 369/369/369
f 390/390/390 392/392/392 393/393/393
f 389/389/389 394/394/394 395/395/395
f 396/396/396 374/374/374 397/397/397
f 397/397/397 374/374/374 380/380/380
f 380/380/380 381/381/381 397/397/397
f 375/375/375 398/398/398 391/391/391
f 398/398/398 375/375/375 396/396/396
f 396/396/396 375/375/375 374/374/374
f 388/388/388 399/399/399 389/389/389
f 389/389/389 399/399/399 400/400/400
f 392/392/392 370/370/370 401/401/401
f 401/401/401 370/370/370 372/372/372
f 402/402/402 403/403/403 388/388/388
f 388/388/388 403/403/403 404/404/404
f 402/402/402 393/393/393 405/405/405
f 405/405/405 393/393/393 406/406/406
f 406/406/406 365/365/365 405/405/405
f 389/389/389 395/395/395 390/390/390
f 390/390/390 395/395/395 381/381/381
f 376/376/376 383/383/383 377/377/377
f 377/377/377 383/383/383 407/407/407
f 403/403/403 402/402/402 283/283/283
f 283/283/283 402/402/402 405/405/405
f 408/408/408 377/377/377 409/409/409
f 409/409/409 377/377/377 407/407/407
f 393/393/393 402/402/402 390/390/390
f 390/390/390 402/402/402 388/388/388
f 395/395/395 410/410/410 381/381/381
f 381/381/381 410/410/410 397/397/397
f 400/400/400 411/411/411 412/412/412
f 379/379/379 412/412/412 411/411/411
f 410/410/410 400/400/400 413/413/413
f 414/414/414 411/411/411 399/399/399
f 399/399/399 411/411/411 400/400/400
f 378/378/378 379/379/379 414/414/414
f 414/414/414 379/379/379 411/411/411
f 415/415/415 416/416/416 417/417/417
f 417/417/417 416/416/416 414/414/414
f 413/413/413 418/418/418 409/409/409
f 409/409/409 418/418/418 408/408/408
f 395/395/395 394/394/394 410/410/410
f 388/388/388 404/404/404 399/399/399
f 377/377/377 408/408/408 379/379/379
f 379/379/379 408/408/408 412/412/412
f 384/384/384 415/415/415 385/385/385
f 361/361/361 401/401/401 372/372/372
f 283/283/283 405/405/405 281/281/281
f 281/281/281 405/405/405 365/365/365
f 376/376/376 378/378/378 384/384/384
f 384/384/384 378/378/378 415/415/415
f 398/398/398 396/396/396 413/413/413
f 364/364/364 366/366/366 387/387/387
f 398/398/398 419/419/419 391/391/391
f 391/391/391 419/419/419 420/420/420
f 391/391/391 420/420/420 386/386/386
f 386/386/386 420/420/420 421/421/421
f 387/387/387 386/386/386 422/422/422
f 422/422/422 386/386/386 421/421/421
f 364/364/364 387/387/387 363/363/363
f 363/363/363 387/387/387 422/422/422
f 398/398/398 413/413/413 419/419/419
f 419/419/419 413/413/413 409/409/409
f 409/409/409 407/407/407 419/419/419
f 419/419/419 407/407/407 420/420/420
f 383/383/383 421/421/421 407/407/407
f 407/407/407 421/421/421 420/420/420
f 422/422/422 421/421/421 382/382/382
f 382/382/382 421/421/421 383/383/383
f 385/385/385 422/422/422 382/382/382
f 361/361/361 372/372/372 373/373/373
f 397/397/397 410/410/410 396/396/396
f 396/396/396 410/410/410 413/413/413
f 393/393/393 392/392/392 406/406/406
f 406/406/406 392/392/392 401/401/401
f 381/381/381 392/392/392 390/390/390
f 370/370/370 392/392/392 381/381/381
f 361/361/361 365/365/365 401/401/401
f 401/401/401 365/365/365 406/406/406
f 389/389/389 400/400/400 394/394/394
f 394/394/394 400/400/400 410/410/410
f 413/413/413 400/400/400 418/418/418
f 404/404/404 417/417/417 399/399/399
f 399/399/399 417/417/417 414/414/414
f 343/343/343 423/423/423 340/340/340
f 340/340/340 423/423/423 424/424/424
f 424/424/424 339/339/339 340/340/340
f 152/152/152 423/423/423 150/150/150
f 150/150/150 423/423/423 343/343/343
f 425/425/425 426/426/426 427/427/427
f 428/428/428 339/339/339 424/424/424
f 339/339/339 429/429/429 259/259/259
f 259/259/259 429/429/429 426/426/426
f 339/339/339 428/428/428 429/429/429
f 429/429/429 428/428/428 430/430/430
f 424/424/424 431/431/431 428/428/428
f 432/432/432 433/433/433 434/434/434
f 434/434/434 433/433/433 435/435/435
f 425/425/425 436/436/436 289/289/289
f 289/289/289 436/436/436 288/288/288
f 427/427/427 437/437/437 425/425/425
f 425/425/425 437/437/437 436/436/436
f 289/289/289 260/260/260 425/425/425
f 425/425/425 260/260/260 426/426/426
f 219/219/219 432/432/432 208/208/208
f 208/208/208 432/432/432 206/206/206
f 427/427/427 426/426/426 429/429/429
f 438/438/438 439/439/439 440/440/440
f 440/440/440 439/439/439 441/441/441
f 442/442/442 434/434/434 443/443/443
f 443/443/443 434/434/434 435/435/435
f 442/442/442 444/444/444 434/434/434
f 432/432/432 434/434/434 206/206/206
f 206/206/206 434/434/434 444/444/444
f 443/443/443 445/445/445 442/442/442
f 442/442/442 445/445/445 446/446/446
f 441/441/441 447/447/447 440/440/440
f 440/440/440 447/447/447 448/448/448
f 432/432/432 219/219/219 433/433/433
f 433/433/433 219/219/219 220/220/220
f 433/433/433 220/220/220 449/449/449
f 449/449/449 220/220/220 221/221/221
f 222/222/222 449/449/449 221/221/221
f 435/435/435 433/433/433 450/450/450
f 450/450/450 433/433/433 449/449/449
f 440/440/440 448/448/448 443/443/443
f 443/443/443 448/448/448 445/445/445
f 435/435/435 438/438/438 443/443/443
f 443/443/443 438/438/438 440/440/440
f 430/430/430 427/427/427 429/429/429
f 437/437/437 427/427/427 451/451/451
f 451/451/451 427/427/427 430/430/430
f 428/428/428 431/431/431 430/430/430
f 430/430/430 431/431/431 451/451/451
f 223/223/223 178/178/178 450/450/450
f 450/450/450 178/178/178 452/452/452
f 450/450/450 449/449/449 223/223/223
f 223/223/223 449/449/449 222/222/222
f 437/437/437 439/439/439 436/436/436
f 436/436/436 439/439/439 453/453/453
f 436/436/436 453/453/453 288/288/288
f 288/288/288 453/453/453 179/179/179
f 453/453/453 452/452/452 179/179/179
f 179/179/179 452/452/452 178/178/178
f 439/439/439 438/438/438 453/453/453
f 453/453/453 438/438/438 452/452/452
f 438/438/438 435/435/435 452/452/452
f 452/452/452 435/435/435 450/450/450
f 439/439/439 437/437/437 441/441/441
f 441/441/441 437/437/437 451/451/451
f 447/447/447 441/441/441 431/431/431
f 431/431/431 441/441/441 451/451/451
f 260/260/260 259/259/259 426/426/426
f 454/454/454 455/455/455 283/283/283
f 283/283/283 455/455/455 403/403/403
f 456/456/456 457/457/457 458/458/458
f 458/458/458 457/457/457 459/459/459
f 284/284/284 460/460/460 293/293/293
f 293/293/293 460/460/460 461/461/461
f 460/460/460 462/462/462 461/461/461
f 461/461/461 462/462/462 463/463/463
f 293/293/293 461/461/461 282/282/282
f 282/282/282 461/461/461 454/454/454
f 232/232/232 224/224/224 456/456/456
f 456/456/456 224/224/224 226/226/226
f 455/455/455 454/454/454 463/463/463
f 463/463/463 454/454/454 461/461/461
f 464/464/464 457/457/457 226/226/226
f 226/226/226 457/457/457 456/456/456
f 233/233/233 232/232/232 458/458/458
f 458/458/458 232/232/232 456/456/456
f 234/234/234 233/233/233 465/465/465
f 465/465/465 233/233/233 458/458/458
f 200/200/200 234/234/234 465/465/465
f 459/459/459 466/466/466 458/458/458
f 458/458/458 466/466/466 465/465/465
f 235/235/235 466/466/466 190/190/190
f 190/190/190 466/466/466 467/467/467
f 200/200/200 465/465/465 235/235/235
f 235/235/235 465/465/465 466/466/466
f 468/468/468 469/469/469 460/460/460
f 460/460/460 469/469/469 462/462/462
f 192/192/192 468/468/468 284/284/284
f 284/284/284 468/468/468 460/460/460
f 468/468/468 192/192/192 467/467/467
f 467/467/467 192/192/192 190/190/190
f 469/469/469 468/468/468 470/470/470
f 470/470/470 468/468/468 467/467/467
f 466/466/466 459/459/459 467/467/467
f 467/467/467 459/459/459 470/470/470
f 283/283/283 282/282/282 454/454/454
f 471/471/471 472/472/472 473/473/473
f 472/472/472 471/471/471 474/474/474
f 474/474/474 471/471/471 475/475/475
f 476/476/476 477/477/477 475/475/475
f 475/475/475 477/477/477 474/474/474
f 473/473/473 472/472/472 478/478/478
f 479/479/479 480/480/480 476/476/476
f 476/476/476 480/480/480 477/477/477
f 481/481/481 482/482/482 480/480/480
f 475/475/475 471/471/471 483/483/483
f 483/483/483 471/471/471 484/484/484
f 476/476/476 475/475/475 485/485/485
f 485/485/485 475/475/475 483/483/483
f 471/471/471 473/473/473 484/484/484
f 484/484/484 473/473/473 486/486/486
f 479/479/479 476/476/476 487/487/487
f 487/487/487 476/476/476 485/485/485
f 479/479/479 487/487/487 488/488/488
f 489/489/489 490/490/490 491/491/491
f 491/491/491 490/490/490 492/492/492
f 489/489/489 491/491/491 493/493/493
f 493/493/493 491/491/491 494/494/494
f 492/492/492 495/495/495 496/496/496
f 496/496/496 495/495/495 497/497/497
f 496/496/496 494/494/494 492/492/492
f 492/492/492 494/494/494 491/491/491
f 498/498/498 499/499/499 500/500/500
f 500/500/500 499/499/499 501/501/501
f 500/500/500 501/501/501 502/502/502
f 502/502/502 501/501/501 503/503/503
f 502/502/502 494/494/494 500/500/500
f 500/500/500 494/494/494 496/496/496
f 500/500/500 496/496/496 498/498/498
f 498/498/498 496/496/496 497/497/497
f 494/494/494 502/502/502 493/493/493
f 493/493/493 502/502/502 504/504/504
f 502/502/502 503/503/503 504/504/504
f 504/504/504 503/503/503 505/505/505
f 506/506/506 507/507/507 508/508/508
f 464/464/464 507/507/507 506/506/506
f 509/509/509 510/510/510 507/507/507
f 226/226/226 509/509/509 464/464/464
f 464/464/464 509/509/509 507/507/507
f 506/506/506 508/508/508 511/511/511
f 226/226/226 225/225/225 509/509/509
f 512/512/512 513/513/513 514/514/514
f 515/515/515 516/516/516 517/517/517
f 517/517/517 516/516/516 518/518/518
f 519/519/519 518/518/518 520/520/520
f 520/520/520 518/518/518 516/516/516
f 521/521/521 522/522/522 523/523/523
f 523/523/523 522/522/522 524/524/524
f 525/525/525 526/526/526 521/521/521
f 521/521/521 526/526/526 522/522/522
f 526/526/526 525/525/525 527/527/527
f 527/527/527 525/525/525 528/528/528
f 517/517/517 529/529/529 515/515/515
f 515/515/515 529/529/529 530/530/530
f 529/529/529 513/513/513 530/530/530
f 530/530/530 513/513/513 512/512/512
f 531/531/531 532/532/532 533/533/533
f 533/533/533 532/532/532 534/534/534
f 533/533/533 503/503/503 531/531/531
f 531/531/531 503/503/503 501/501/501
f 535/535/535 532/532/532 531/531/531
f 536/536/536 514/514/514 537/537/537
f 538/538/538 516/516/516 539/539/539
f 539/539/539 516/516/516 515/515/515
f 538/538/538 539/539/539 540/540/540
f 540/540/540 539/539/539 541/541/541
f 531/531/531 501/501/501 535/535/535
f 535/535/535 501/501/501 499/499/499
f 513/513/513 505/505/505 537/537/537
f 537/537/537 505/505/505 542/542/542
f 514/514/514 513/513/513 537/537/537
f 543/543/543 514/514/514 541/541/541
f 541/541/541 514/514/514 540/540/540
f 536/536/536 537/537/537 544/544/544
f 544/544/544 537/537/537 542/542/542
f 544/544/544 545/545/545 536/536/536
f 536/536/536 545/545/545 546/546/546
f 546/546/546 547/547/547 536/536/536
f 536/536/536 547/547/547 548/548/548
f 549/549/549 526/526/526 478/478/478
f 478/478/478 526/526/526 527/527/527
f 526/526/526 549/549/549 522/522/522
f 522/522/522 549/549/549 550/550/550
f 478/478/478 527/527/527 473/473/473
f 473/473/473 527/527/527 528/528/528
f 524/524/524 548/548/548 523/523/523
f 523/523/523 548/548/548 547/547/547
f 520/520/520 516/516/516 551/551/551
f 551/551/551 516/516/516 538/538/538
f 551/551/551 538/538/538 550/550/550
f 550/550/550 538/538/538 540/540/540
f 549/549/549 551/551/551 550/550/550
f 529/529/529 504/504/504 513/513/513
f 513/513/513 504/504/504 505/505/505
f 493/493/493 504/504/504 517/517/517
f 517/517/517 504/504/504 529/529/529
f 489/489/489 493/493/493 518/518/518
f 518/518/518 493/493/493 517/517/517
f 490/490/490 489/489/489 519/519/519
f 519/519/519 489/489/489 518/518/518
f 539/539/539 515/515/515 541/541/541
f 541/541/541 515/515/515 530/530/530
f 541/541/541 530/530/530 543/543/543
f 543/543/543 530/530/530 512/512/512
f 543/543/543 512/512/512 514/514/514
f 540/540/540 514/514/514 524/524/524
f 524/524/524 514/514/514 548/548/548
f 540/540/540 524/524/524 550/550/550
f 550/550/550 524/524/524 522/522/522
f 542/542/542 505/505/505 533/533/533
f 533/533/533 505/505/505 503/503/503
f 533/533/533 534/534/534 542/542/542
f 542/542/542 534/534/534 544/544/544
f 534/534/534 552/552/552 544/544/544
f 544/544/544 552/552/552 545/545/545
f 536/536/536 548/548/548 514/514/514
f 521/521/521 553/553/553 525/525/525
f 528/528/528 525/525/525 554/554/554
f 554/554/554 525/525/525 553/553/553
f 554/554/554 553/553/553 486/486/486
f 486/486/486 553/553/553 555/555/555
f 486/486/486 473/473/473 554/554/554
f 554/554/554 473/473/473 528/528/528
f 556/556/556 557/557/557 558/558/558
f 559/559/559 532/532/532 560/560/560
f 560/560/560 532/532/532 535/535/535
f 552/552/552 534/534/534 559/559/559
f 559/559/559 534/534/534 532/532/532
f 561/561/561 562/562/562 563/563/563
f 563/563/563 562/562/562 564/564/564
f 565/565/565 566/566/566 564/564/564
f 564/564/564 566/566/566 563/563/563
f 521/521/521 523/523/523 567/567/567
f 567/567/567 523/523/523 568/568/568
f 569/569/569 570/570/570 571/571/571
f 571/571/571 570/570/570 572/572/572
f 573/573/573 570/570/570 574/574/574
f 574/574/574 570/570/570 569/569/569
f 575/575/575 576/576/576 577/577/577
f 577/577/577 576/576/576 572/572/572
f 577/577/577 572/572/572 573/573/573
f 573/573/573 572/572/572 570/570/570
f 567/567/567 553/553/553 521/521/521
f 562/562/562 561/561/561 578/578/578
f 578/578/578 561/561/561 579/579/579
f 559/559/559 560/560/560 580/580/580
f 580/580/580 560/560/560 581/581/581
f 580/580/580 582/582/582 559/559/559
f 559/559/559 582/582/582 552/552/552
f 583/583/583 584/584/584 585/585/585
f 585/585/585 584/584/584 586/586/586
f 587/587/587 588/588/588 579/579/579
f 579/579/579 588/588/588 578/578/578
f 589/589/589 583/583/583 590/590/590
f 590/590/590 583/583/583 585/585/585
f 591/591/591 592/592/592 580/580/580
f 580/580/580 592/592/592 582/582/582
f 590/590/590 585/585/585 573/573/573
f 573/573/573 585/585/585 577/577/577
f 583/583/583 589/589/589 591/591/591
f 591/591/591 589/589/589 592/592/592
f 581/581/581 591/591/591 580/580/580
f 561/561/561 563/563/563 593/593/593
f 593/593/593 563/563/563 594/594/594
f 595/595/595 593/593/593 596/596/596
f 596/596/596 593/593/593 594/594/594
f 591/591/591 581/581/581 583/583/583
f 583/583/583 581/581/581 584/584/584
f 597/597/597 598/598/598 557/557/557
f 557/557/557 598/598/598 588/588/588
f 557/557/557 588/588/588 558/558/558
f 558/558/558 588/588/588 587/587/587
f 596/596/596 558/558/558 595/595/595
f 595/595/595 558/558/558 599/599/599
f 556/556/556 600/600/600 557/557/557
f 557/557/557 600/600/600 597/597/597
f 546/546/546 545/545/545 556/556/556
f 556/556/556 545/545/545 600/600/600
f 546/546/546 556/556/556 547/547/547
f 547/547/547 556/556/556 601/601/601
f 602/602/602 555/555/555 567/567/567
f 567/567/567 555/555/555 553/553/553
f 585/585/585 586/586/586 577/577/577
f 577/577/577 586/586/586 575/575/575
f 547/547/547 601/601/601 523/523/523
f 523/523/523 601/601/601 568/568/568
f 566/566/566 603/603/603 563/563/563
f 563/563/563 603/603/603 594/594/594
f 603/603/603 602/602/602 594/594/594
f 594/594/594 602/602/602 596/596/596
f 602/602/602 603/603/603 555/555/555
f 598/598/598 604/604/604 588/588/588
f 588/588/588 604/604/604 578/578/578
f 574/574/574 562/562/562 604/604/604
f 604/604/604 562/562/562 578/578/578
f 569/569/569 564/564/564 574/574/574
f 574/574/574 564/564/564 562/562/562
f 564/564/564 569/569/569 565/565/565
f 565/565/565 569/569/569 571/571/571
f 573/573/573 574/574/574 590/590/590
f 590/590/590 574/574/574 604/604/604
f 598/598/598 589/589/589 604/604/604
f 604/604/604 589/589/589 590/590/590
f 579/579/579 561/561/561 595/595/595
f 595/595/595 561/561/561 593/593/593
f 587/587/587 579/579/579 605/605/605
f 605/605/605 579/579/579 595/595/595
f 599/599/599 558/558/558 587/587/587
f 601/601/601 558/558/558 568/568/568
f 568/568/568 558/558/558 596/596/596
f 596/596/596 602/602/602 568/568/568
f 568/568/568 602/602/602 567/567/567
f 597/597/597 592/592/592 598/598/598
f 598/598/598 592/592/592 589/589/589
f 592/592/592 597/597/597 582/582/582
f 582/582/582 597/597/597 600/600/600
f 582/582/582 600/600/600 552/552/552
f 552/552/552 600/600/600 545/545/545
f 556/556/556 558/558/558 601/601/601
f 606/606/606 607/607/607 608/608/608
f 560/560/560 535/535/535 609/609/609
f 609/609/609 535/535/535 610/610/610
f 609/609/609 610/610/610 607/607/607
f 607/607/607 610/610/610 611/611/611
f 535/535/535 499/499/499 610/610/610
f 610/610/610 499/499/499 612/612/612
f 610/610/610 612/612/612 611/611/611
f 611/611/611 612/612/612 613/613/613
f 614/614/614 615/615/615 616/616/616
f 614/614/614 616/616/616 617/617/617
f 617/617/617 616/616/616 618/618/618
f 611/611/611 614/614/614 607/607/607
f 607/607/607 614/614/614 617/617/617
f 615/615/615 614/614/614 613/613/613
f 613/613/613 614/614/614 611/611/611
f 560/560/560 609/609/609 581/581/581
f 581/581/581 609/609/609 606/606/606
f 609/609/609 607/607/607 606/606/606
f 619/619/619 584/584/584 606/606/606
f 606/606/606 584/584/584 581/581/581
f 606/606/606 608/608/608 619/619/619
f 619/619/619 608/608/608 620/620/620
f 621/621/621 622/622/622 623/623/623
f 618/618/618 622/622/622 617/617/617
f 617/617/617 622/622/622 621/621/621
f 617/617/617 621/621/621 607/607/607
f 607/607/607 621/621/621 608/608/608
f 608/608/608 621/621/621 620/620/620
f 620/620/620 621/621/621 623/623/623
f 624/624/624 625/625/625 626/626/626
f 627/627/627 628/628/628 629/629/629
f 629/629/629 628/628/628 630/630/630
f 631/631/631 632/632/632 633/633/633
f 634/634/634 635/635/635 636/636/636
f 636/636/636 635/635/635 637/637/637
f 638/638/638 639/639/639 627/627/627
f 627/627/627 639/639/639 628/628/628
f 640/640/640 641/641/641 642/642/642
f 642/642/642 641/641/641 643/643/643
f 642/642/642 643/643/643 630/630/630
f 630/630/630 643/643/643 629/629/629
f 511/511/511 644/644/644 645/645/645
f 645/645/645 644/644/644 646/646/646
f 647/647/647 648/648/648 649/649/649
f 649/649/649 648/648/648 650/650/650
f 651/651/651 647/647/647 652/652/652
f 652/652/652 647/647/647 649/649/649
f 653/653/653 654/654/654 655/655/655
f 655/655/655 654/654/654 656/656/656
f 654/654/654 651/651/651 656/656/656
f 656/656/656 651/651/651 652/652/652
f 511/511/511 508/508/508 644/644/644
f 657/657/657 658/658/658 659/659/659
f 659/659/659 658/658/658 660/660/660
f 658/658/658 657/657/657 661/661/661
f 661/661/661 657/657/657 625/625/625
f 661/661/661 625/625/625 624/624/624
f 626/626/626 625/625/625 644/644/644
f 644/644/644 625/625/625 646/646/646
f 486/486/486 555/555/555 662/662/662
f 662/662/662 555/555/555 663/663/663
f 483/483/483 484/484/484 640/640/640
f 640/640/640 484/484/484 641/641/641
f 566/566/566 664/664/664 603/603/603
f 603/603/603 664/664/664 663/663/663
f 663/663/663 664/664/664 659/659/659
f 659/659/659 664/664/664 665/665/665
f 659/659/659 660/660/660 663/663/663
f 663/663/663 660/660/660 662/662/662
f 659/659/659 665/665/665 657/657/657
f 487/487/487 631/631/631 488/488/488
f 488/488/488 631/631/631 633/633/633
f 555/555/555 603/603/603 663/663/663
f 664/664/664 566/566/566 665/665/665
f 665/665/665 566/566/566 565/565/565
f 639/639/639 666/666/666 628/628/628
f 628/628/628 666/666/666 667/667/667
f 630/630/630 628/628/628 668/668/668
f 668/668/668 628/628/628 667/667/667
f 642/642/642 630/630/630 669/669/669
f 669/669/669 630/630/630 668/668/668
f 640/640/640 642/642/642 670/670/670
f 670/670/670 642/642/642 669/669/669
f 485/485/485 483/483/483 670/670/670
f 670/670/670 483/483/483 640/640/640
f 624/624/624 638/638/638 661/661/661
f 661/661/661 638/638/638 627/627/627
f 661/661/661 627/627/627 658/658/658
f 658/658/658 627/627/627 629/629/629
f 643/643/643 660/660/660 629/629/629
f 629/629/629 660/660/660 658/658/658
f 641/641/641 662/662/662 643/643/643
f 643/643/643 662/662/662 660/660/660
f 484/484/484 486/486/486 641/641/641
f 641/641/641 486/486/486 662/662/662
f 485/485/485 670/670/670 487/487/487
f 487/487/487 670/670/670 631/631/631
f 670/670/670 669/669/669 631/631/631
f 631/631/631 669/669/669 632/632/632
f 636/636/636 637/637/637 666/666/666
f 666/666/666 637/637/637 667/667/667
f 647/647/647 254/254/254 648/648/648
f 654/654/654 276/276/276 651/651/651
f 651/651/651 276/276/276 254/254/254
f 647/647/647 651/651/651 254/254/254
f 654/654/654 653/653/653 276/276/276
f 637/637/637 671/671/671 667/667/667
f 667/667/667 671/671/671 668/668/668
f 669/669/669 668/668/668 632/632/632
f 632/632/632 668/668/668 671/671/671
f 633/633/633 632/632/632 672/672/672
f 672/672/672 632/632/632 671/671/671
f 671/671/671 637/637/637 672/672/672
f 672/672/672 637/637/637 635/635/635
f 266/266/266 275/275/275 653/653/653
f 653/653/653 275/275/275 276/276/276
f 618/618/618 673/673/673 622/622/622
f 674/674/674 675/675/675 676/676/676
f 676/676/676 675/675/675 677/677/677
f 576/576/576 678/678/678 572/572/572
f 572/572/572 678/678/678 571/571/571
f 678/678/678 679/679/679 665/665/665
f 680/680/680 673/673/673 618/618/618
f 681/681/681 682/682/682 164/164/164
f 164/164/164 682/682/682 166/166/166
f 646/646/646 625/625/625 679/679/679
f 679/679/679 625/625/625 657/657/657
f 657/657/657 665/665/665 679/679/679
f 665/665/665 565/565/565 678/678/678
f 678/678/678 565/565/565 571/571/571
f 681/681/681 674/674/674 682/682/682
f 682/682/682 674/674/674 676/676/676
f 683/683/683 612/612/612 684/684/684
f 497/497/497 685/685/685 498/498/498
f 498/498/498 685/685/685 684/684/684
f 686/686/686 683/683/683 687/687/687
f 687/687/687 683/683/683 688/688/688
f 684/684/684 499/499/499 498/498/498
f 685/685/685 688/688/688 684/684/684
f 684/684/684 688/688/688 683/683/683
f 689/689/689 686/686/686 690/690/690
f 690/690/690 686/686/686 687/687/687
f 684/684/684 612/612/612 499/499/499
f 612/612/612 683/683/683 613/613/613
f 613/613/613 683/683/683 686/686/686
f 615/615/615 689/689/689 691/691/691
f 615/615/615 613/613/613 689/689/689
f 689/689/689 613/613/613 686/686/686
f 692/692/692 693/693/693 694/694/694
f 695/695/695 696/696/696 697/697/697
f 693/693/693 698/698/698 699/699/699
f 699/699/699 698/698/698 700/700/700
f 699/699/699 701/701/701 693/693/693
f 693/693/693 701/701/701 702/702/702
f 650/650/650 648/648/648 703/703/703
f 703/703/703 648/648/648 704/704/704
f 703/703/703 704/704/704 705/705/705
f 705/705/705 704/704/704 706/706/706
f 707/707/707 708/708/708 709/709/709
f 709/709/709 708/708/708 694/694/694
f 710/710/710 549/549/549 692/692/692
f 692/692/692 549/549/549 478/478/478
f 698/698/698 472/472/472 700/700/700
f 700/700/700 472/472/472 474/474/474
f 710/710/710 711/711/711 551/551/551
f 551/551/551 711/711/711 520/520/520
f 710/710/710 708/708/708 711/711/711
f 711/711/711 708/708/708 712/712/712
f 708/708/708 710/710/710 694/694/694
f 694/694/694 710/710/710 692/692/692
f 708/708/708 707/707/707 712/712/712
f 480/480/480 482/482/482 695/695/695
f 695/695/695 713/713/713 696/696/696
f 710/710/710 551/551/551 549/549/549
f 519/519/519 520/520/520 712/712/712
f 712/712/712 520/520/520 711/711/711
f 699/699/699 714/714/714 701/701/701
f 701/701/701 714/714/714 715/715/715
f 714/714/714 699/699/699 716/716/716
f 716/716/716 699/699/699 700/700/700
f 477/477/477 716/716/716 474/474/474
f 474/474/474 716/716/716 700/700/700
f 693/693/693 702/702/702 694/694/694
f 694/694/694 702/702/702 709/709/709
f 698/698/698 693/693/693 692/692/692
f 472/472/472 698/698/698 478/478/478
f 478/478/478 698/698/698 692/692/692
f 695/695/695 716/716/716 480/480/480
f 480/480/480 716/716/716 477/477/477
f 697/697/697 714/714/714 695/695/695
f 695/695/695 714/714/714 716/716/716
f 704/704/704 648/648/648 254/254/254
f 254/254/254 251/251/251 706/706/706
f 704/704/704 254/254/254 706/706/706
f 717/717/717 715/715/715 697/697/697
f 697/697/697 715/715/715 714/714/714
f 717/717/717 697/697/697 718/718/718
f 718/718/718 697/697/697 696/696/696
f 719/719/719 720/720/720 721/721/721
f 719/719/719 721/721/721 575/575/575
f 575/575/575 721/721/721 576/576/576
f 721/721/721 722/722/722 576/576/576
f 576/576/576 722/722/722 678/678/678
f 720/720/720 723/723/723 721/721/721
f 721/721/721 723/723/723 722/722/722
f 575/575/575 586/586/586 719/719/719
f 719/719/719 586/586/586 724/724/724
f 723/723/723 720/720/720 725/725/725
f 725/725/725 720/720/720 726/726/726
f 727/727/727 679/679/679 722/722/722
f 722/722/722 679/679/679 678/678/678
f 679/679/679 727/727/727 646/646/646
f 646/646/646 727/727/727 645/645/645
f 728/728/728 729/729/729 730/730/730
f 730/730/730 729/729/729 731/731/731
f 732/732/732 733/733/733 734/734/734
f 734/734/734 733/733/733 735/735/735
f 724/724/724 586/586/586 584/584/584
f 719/719/719 724/724/724 735/735/735
f 735/735/735 724/724/724 734/734/734
f 730/730/730 731/731/731 732/732/732
f 732/732/732 731/731/731 733/733/733
f 734/734/734 724/724/724 619/619/619
f 619/619/619 724/724/724 584/584/584
f 732/732/732 734/734/734 620/620/620
f 620/620/620 734/734/734 619/619/619
f 735/735/735 720/720/720 719/719/719
f 736/736/736 737/737/737 738/738/738
f 738/738/738 737/737/737 739/739/739
f 729/729/729 739/739/739 731/731/731
f 731/731/731 739/739/739 737/737/737
f 733/733/733 726/726/726 735/735/735
f 735/735/735 726/726/726 720/720/720
f 725/725/725 726/726/726 736/736/736
f 736/736/736 726/726/726 737/737/737
f 731/731/731 737/737/737 733/733/733
f 733/733/733 737/737/737 726/726/726
f 623/623/623 728/728/728 730/730/730
f 623/623/623 730/730/730 620/620/620
f 620/620/620 730/730/730 732/732/732
f 740/740/740 702/702/702 701/701/701
f 741/741/741 702/702/702 740/740/740
f 742/742/742 743/743/743 744/744/744
f 744/744/744 743/743/743 745/745/745
f 740/740/740 746/746/746 741/741/741
f 741/741/741 746/746/746 747/747/747
f 748/748/748 749/749/749 750/750/750
f 750/750/750 749/749/749 751/751/751
f 752/752/752 753/753/753 754/754/754
f 754/754/754 753/753/753 755/755/755
f 705/705/705 706/706/706 752/752/752
f 752/752/752 706/706/706 753/753/753
f 756/756/756 757/757/757 758/758/758
f 758/758/758 757/757/757 444/444/444
f 759/759/759 757/757/757 760/760/760
f 206/206/206 444/444/444 759/759/759
f 759/759/759 444/444/444 757/757/757
f 758/758/758 444/444/444 442/442/442
f 758/758/758 748/748/748 756/756/756
f 756/756/756 748/748/748 750/750/750
f 748/748/748 758/758/758 446/446/446
f 446/446/446 758/758/758 442/442/442
f 759/759/759 207/207/207 206/206/206
f 761/761/761 707/707/707 762/762/762
f 762/762/762 707/707/707 709/709/709
f 763/763/763 761/761/761 764/764/764
f 764/764/764 761/761/761 762/762/762
f 751/751/751 761/761/761 750/750/750
f 750/750/750 761/761/761 763/763/763
f 765/765/765 766/766/766 740/740/740
f 740/740/740 766/766/766 746/746/746
f 701/701/701 715/715/715 740/740/740
f 740/740/740 715/715/715 765/765/765
f 741/741/741 747/747/747 762/762/762
f 762/762/762 747/747/747 764/764/764
f 762/762/762 709/709/709 741/741/741
f 741/741/741 709/709/709 702/702/702
f 765/765/765 745/745/745 766/766/766
f 766/766/766 745/745/745 743/743/743
f 706/706/706 251/251/251 753/753/753
f 753/753/753 251/251/251 755/755/755
f 715/715/715 717/717/717 765/765/765
f 765/765/765 717/717/717 745/745/745
f 744/744/744 745/745/745 718/718/718
f 718/718/718 745/745/745 717/717/717
f 242/242/242 755/755/755 250/250/250
f 250/250/250 755/755/755 251/251/251
f 767/767/767 768/768/768 769/769/769
f 770/770/770 771/771/771 772/772/772
f 772/772/772 771/771/771 773/773/773
f 771/771/771 770/770/770 774/774/774
f 774/774/774 770/770/770 775/775/775
f 776/776/776 777/777/777 778/778/778
f 778/778/778 777/777/777 779/779/779
f 768/768/768 772/772/772 780/780/780
f 780/780/780 772/772/772 773/773/773
f 780/780/780 776/776/776 778/778/778
f 781/781/781 782/782/782 783/783/783
f 784/784/784 785/785/785 786/786/786
f 786/786/786 785/785/785 787/787/787
f 782/782/782 788/788/788 783/783/783
f 789/789/789 622/622/622 790/790/790
f 675/675/675 779/779/779 677/677/677
f 677/677/677 779/779/779 777/777/777
f 780/780/780 778/778/778 768/768/768
f 768/768/768 778/778/778 769/769/769
f 778/778/778 779/779/779 769/769/769
f 769/769/769 779/779/779 791/791/791
f 788/788/788 774/774/774 775/775/775
f 785/785/785 792/792/792 787/787/787
f 787/787/787 792/792/792 793/793/793
f 791/791/791 794/794/794 769/769/769
f 769/769/769 794/794/794 767/767/767
f 795/795/795 796/796/796 797/797/797
f 797/797/797 796/796/796 798/798/798
f 675/675/675 791/791/791 779/779/779
f 796/796/796 793/793/793 798/798/798
f 798/798/798 793/793/793 792/792/792
f 793/793/793 796/796/796 738/738/738
f 787/787/787 793/793/793 739/739/739
f 739/739/739 793/793/793 738/738/738
f 786/786/786 787/787/787 729/729/729
f 729/729/729 787/787/787 739/739/739
f 799/799/799 786/786/786 728/728/728
f 728/728/728 786/786/786 729/729/729
f 623/623/623 622/622/622 789/789/789
f 794/794/794 795/795/795 767/767/767
f 767/767/767 795/795/795 797/797/797
f 800/800/800 784/784/784 799/799/799
f 799/799/799 784/784/784 786/786/786
f 790/790/790 800/800/800 789/789/789
f 789/789/789 800/800/800 799/799/799
f 789/789/789 799/799/799 623/623/623
f 623/623/623 799/799/799 728/728/728
f 801/801/801 792/792/792 802/802/802
f 775/775/775 803/803/803 788/788/788
f 781/781/781 783/783/783 804/804/804
f 788/788/788 804/804/804 783/783/783
f 770/770/770 805/805/805 775/775/775
f 775/775/775 805/805/805 803/803/803
f 806/806/806 807/807/807 804/804/804
f 804/804/804 807/807/807 781/781/781
f 801/801/801 808/808/808 798/798/798
f 798/798/798 808/808/808 797/797/797
f 792/792/792 785/785/785 802/802/802
f 802/802/802 785/785/785 809/809/809
f 810/810/810 811/811/811 812/812/812
f 812/812/812 811/811/811 813/813/813
f 814/814/814 768/768/768 767/767/767
f 810/810/810 812/812/812 815/815/815
f 768/768/768 814/814/814 772/772/772
f 772/772/772 814/814/814 816/816/816
f 813/813/813 811/811/811 788/788/788
f 805/805/805 770/770/770 816/816/816
f 816/816/816 770/770/770 772/772/772
f 798/798/798 792/792/792 801/801/801
f 817/817/817 818/818/818 801/801/801
f 801/801/801 818/818/818 808/808/808
f 815/815/815 817/817/817 802/802/802
f 802/802/802 817/817/817 801/801/801
f 802/802/802 809/809/809 815/815/815
f 815/815/815 809/809/809 819/819/819
f 808/808/808 814/814/814 797/797/797
f 797/797/797 814/814/814 767/767/767
f 818/818/818 816/816/816 808/808/808
f 808/808/808 816/816/816 814/814/814
f 820/820/820 805/805/805 818/818/818
f 818/818/818 805/805/805 816/816/816
f 820/820/820 821/821/821 805/805/805
f 805/805/805 821/821/821 803/803/803
f 788/788/788 803/803/803 821/821/821
f 807/807/807 806/806/806 822/822/822
f 822/822/822 806/806/806 819/819/819
f 822/822/822 819/819/819 823/823/823
f 823/823/823 819/819/819 809/809/809
f 823/823/823 809/809/809 784/784/784
f 784/784/784 809/809/809 785/785/785
f 824/824/824 817/817/817 812/812/812
f 812/812/812 817/817/817 815/815/815
f 812/812/812 813/813/813 824/824/824
f 824/824/824 813/813/813 825/825/825
f 825/825/825 813/813/813 788/788/788
f 815/815/815 819/819/819 810/810/810
f 810/810/810 819/819/819 806/806/806
f 811/811/811 810/810/810 804/804/804
f 804/804/804 810/810/810 806/806/806
f 788/788/788 811/811/811 804/804/804
f 824/824/824 820/820/820 817/817/817
f 817/817/817 820/820/820 818/818/818
f 824/824/824 825/825/825 820/820/820
f 820/820/820 825/825/825 821/821/821
f 788/788/788 821/821/821 825/825/825
f 826/826/826 795/795/795 827/827/827
f 828/828/828 829/829/829 404/404/404
f 404/404/404 829/829/829 417/417/417
f 404/404/404 403/403/403 828/828/828
f 828/828/828 403/403/403 830/830/830
f 831/831/831 830/830/830 455/455/455
f 455/455/455 830/830/830 403/403/403
f 794/794/794 791/791/791 832/832/832
f 832/832/832 791/791/791 833/833/833
f 834/834/834 828/828/828 835/835/835
f 835/835/835 828/828/828 830/830/830
f 829/829/829 828/828/828 836/836/836
f 836/836/836 828/828/828 834/834/834
f 836/836/836 681/681/681 829/829/829
f 829/829/829 681/681/681 164/164/164
f 837/837/837 469/469/469 838/838/838
f 838/838/838 469/469/469 470/470/470
f 839/839/839 840/840/840 457/457/457
f 457/457/457 840/840/840 459/459/459
f 841/841/841 511/511/511 842/842/842
f 842/842/842 511/511/511 645/645/645
f 843/843/843 736/736/736 826/826/826
f 826/826/826 736/736/736 738/738/738
f 844/844/844 845/845/845 842/842/842
f 842/842/842 845/845/845 846/846/846
f 727/727/727 844/844/844 645/645/645
f 645/645/645 844/844/844 842/842/842
f 847/847/847 848/848/848 849/849/849
f 849/849/849 848/848/848 850/850/850
f 457/457/457 464/464/464 839/839/839
f 839/839/839 464/464/464 506/506/506
f 851/851/851 836/836/836 852/852/852
f 852/852/852 836/836/836 834/834/834
f 723/723/723 725/725/725 844/844/844
f 844/844/844 725/725/725 845/845/845
f 723/723/723 844/844/844 722/722/722
f 722/722/722 844/844/844 727/727/727
f 835/835/835 847/847/847 834/834/834
f 834/834/834 847/847/847 849/849/849
f 839/839/839 506/506/506 841/841/841
f 841/841/841 506/506/506 511/511/511
f 841/841/841 853/853/853 839/839/839
f 839/839/839 853/853/853 840/840/840
f 837/837/837 838/838/838 847/847/847
f 847/847/847 838/838/838 848/848/848
f 725/725/725 736/736/736 845/845/845
f 845/845/845 736/736/736 843/843/843
f 853/853/853 848/848/848 840/840/840
f 840/840/840 848/848/848 838/838/838
f 459/459/459 840/840/840 470/470/470
f 470/470/470 840/840/840 838/838/838
f 675/675/675 674/674/674 833/833/833
f 833/833/833 674/674/674 851/851/851
f 832/832/832 833/833/833 852/852/852
f 852/852/852 833/833/833 851/851/851
f 831/831/831 455/455/455 463/463/463
f 831/831/831 463/463/463 854/854/854
f 854/854/854 463/463/463 462/462/462
f 830/830/830 831/831/831 835/835/835
f 835/835/835 831/831/831 854/854/854
f 833/833/833 791/791/791 675/675/675
f 851/851/851 674/674/674 836/836/836
f 836/836/836 674/674/674 681/681/681
f 469/469/469 837/837/837 462/462/462
f 462/462/462 837/837/837 854/854/854
f 847/847/847 835/835/835 837/837/837
f 837/837/837 835/835/835 854/854/854
f 834/834/834 849/849/849 852/852/852
f 852/852/852 849/849/849 855/855/855
f 843/843/843 855/855/855 850/850/850
f 850/850/850 855/855/855 849/849/849
f 853/853/853 841/841/841 846/846/846
f 846/846/846 841/841/841 842/842/842
f 848/848/848 853/853/853 850/850/850
f 850/850/850 853/853/853 846/846/846
f 845/845/845 843/843/843 846/846/846
f 846/846/846 843/843/843 850/850/850
f 826/826/826 827/827/827 843/843/843
f 843/843/843 827/827/827 855/855/855
f 796/796/796 795/795/795 826/826/826
f 738/738/738 796/796/796 826/826/826
f 827/827/827 832/832/832 855/855/855
f 855/855/855 832/832/832 852/852/852
f 795/795/795 794/794/794 827/827/827
f 827/827/827 794/794/794 832/832/832
f 164/164/164 163/163/163 829/829/829
f 829/829/829 163/163/163 417/417/417
f 856/856/856 857/857/857 746/746/746
f 857/857/857 856/856/856 858/858/858
f 858/858/858 856/856/856 859/859/859
f 859/859/859 860/860/860 858/858/858
f 858/858/858 860/860/860 861/861/861
f 746/746/746 857/857/857 747/747/747
f 862/862/862 863/863/863 864/864/864
f 864/864/864 863/863/863 865/865/865
f 866/866/866 867/867/867 242/242/242
f 868/868/868 866/866/866 183/183/183
f 183/183/183 866/866/866 242/242/242
f 184/184/184 868/868/868 183/183/183
f 760/760/760 757/757/757 869/869/869
f 760/760/760 870/870/870 759/759/759
f 759/759/759 870/870/870 207/207/207
f 871/871/871 763/763/763 869/869/869
f 869/869/869 763/763/763 764/764/764
f 757/757/757 756/756/756 869/869/869
f 869/869/869 756/756/756 871/871/871
f 763/763/763 871/871/871 750/750/750
f 750/750/750 871/871/871 756/756/756
f 865/865/865 872/872/872 864/864/864
f 864/864/864 872/872/872 873/873/873
f 859/859/859 874/874/874 860/860/860
f 860/860/860 874/874/874 875/875/875
f 874/874/874 859/859/859 876/876/876
f 876/876/876 859/859/859 856/856/856
f 766/766/766 876/876/876 746/746/746
f 746/746/746 876/876/876 856/856/856
f 870/870/870 760/760/760 861/861/861
f 861/861/861 760/760/760 858/858/858
f 760/760/760 869/869/869 858/858/858
f 858/858/858 869/869/869 857/857/857
f 747/747/747 857/857/857 764/764/764
f 764/764/764 857/857/857 869/869/869
f 862/862/862 876/876/876 743/743/743
f 743/743/743 876/876/876 766/766/766
f 876/876/876 862/862/862 874/874/874
f 874/874/874 862/862/862 864/864/864
f 864/864/864 873/873/873 874/874/874
f 874/874/874 873/873/873 875/875/875
f 743/743/743 877/877/877 862/862/862
f 862/862/862 877/877/877 863/863/863
f 242/242/242 867/867/867 755/755/755
f 755/755/755 867/867/867 754/754/754
f 878/878/878 879/879/879 880/880/880
f 881/881/881 882/882/882 880/880/880
f 880/880/880 882/882/882 883/883/883
f 883/883/883 884/884/884 880/880/880
f 880/880/880 884/884/884 878/878/878
f 885/885/885 886/886/886 880/880/880
f 880/880/880 886/886/886 881/881/881
f 880/880/880 879/879/879 885/885/885
f 887/887/887 888/888/888 889/889/889
f 888/888/888 890/890/890 891/891/891
f 891/891/891 890/890/890 892/892/892
f 893/893/893 894/894/894 888/888/888
f 888/888/888 894/894/894 890/890/890
f 893/893/893 861/861/861 894/894/894
f 894/894/894 861/861/861 860/860/860
f 895/895/895 868/868/868 184/184/184
f 186/186/186 896/896/896 184/184/184
f 184/184/184 896/896/896 895/895/895
f 210/210/210 207/207/207 887/887/887
f 887/887/887 207/207/207 870/870/870
f 210/210/210 887/887/887 212/212/212
f 212/212/212 887/887/887 889/889/889
f 897/897/897 873/873/873 898/898/898
f 898/898/898 873/873/873 872/872/872
f 897/897/897 898/898/898 899/899/899
f 899/899/899 898/898/898 900/900/900
f 901/901/901 902/902/902 900/900/900
f 900/900/900 902/902/902 899/899/899
f 890/890/890 903/903/903 892/892/892
f 892/892/892 903/903/903 904/904/904
f 890/890/890 894/894/894 903/903/903
f 903/903/903 894/894/894 905/905/905
f 875/875/875 905/905/905 860/860/860
f 860/860/860 905/905/905 894/894/894
f 889/889/889 888/888/888 891/891/891
f 861/861/861 893/893/893 870/870/870
f 905/905/905 875/875/875 897/897/897
f 897/897/897 875/875/875 873/873/873
f 903/903/903 905/905/905 899/899/899
f 899/899/899 905/905/905 897/897/897
f 902/902/902 904/904/904 899/899/899
f 899/899/899 904/904/904 903/903/903
f 186/186/186 906/906/906 896/896/896
f 227/227/227 907/907/907 225/225/225
f 227/227/227 212/212/212 907/907/907
f 907/907/907 212/212/212 889/889/889
f 870/870/870 893/893/893 887/887/887
f 887/887/887 893/893/893 888/888/888
f 908/908/908 909/909/909 910/910/910
f 911/911/911 912/912/912 913/913/913
f 913/913/913 912/912/912 914/914/914
f 912/912/912 911/911/911 915/915/915
f 915/915/915 911/911/911 916/916/916
f 915/915/915 916/916/916 917/917/917
f 917/917/917 916/916/916 918/918/918
f 917/917/917 918/918/918 919/919/919
f 919/919/919 918/918/918 920/920/920
f 921/921/921 913/913/913 922/922/922
f 922/922/922 913/913/913 923/923/923
f 912/912/912 924/924/924 914/914/914
f 914/914/914 924/924/924 882/882/882
f 912/912/912 915/915/915 924/924/924
f 924/924/924 915/915/915 925/925/925
f 913/913/913 921/921/921 926/926/926
f 926/926/926 921/921/921 927/927/927
f 923/923/923 882/882/882 922/922/922
f 922/922/922 882/882/882 928/928/928
f 919/919/919 929/929/929 917/917/917
f 917/917/917 929/929/929 930/930/930
f 882/882/882 924/924/924 883/883/883
f 883/883/883 924/924/924 925/925/925
f 925/925/925 915/915/915 930/930/930
f 930/930/930 915/915/915 917/917/917
f 930/930/930 884/884/884 925/925/925
f 925/925/925 884/884/884 883/883/883
f 878/878/878 884/884/884 929/929/929
f 929/929/929 884/884/884 930/930/930
f 931/931/931 932/932/932 918/918/918
f 918/918/918 932/932/932 920/920/920
f 918/918/918 916/916/916 931/931/931
f 931/931/931 916/916/916 911/911/911
f 931/931/931 911/911/911 933/933/933
f 933/933/933 911/911/911 926/926/926
f 926/926/926 911/911/911 913/913/913
f 934/934/934 935/935/935 936/936/936
f 936/936/936 935/935/935 937/937/937
f 938/938/938 937/937/937 939/939/939
f 939/939/939 937/937/937 935/935/935
f 940/940/940 938/938/938 941/941/941
f 941/941/941 938/938/938 939/939/939
f 941/941/941 919/919/919 940/940/940
f 940/940/940 919/919/919 920/920/920
f 909/909/909 942/942/942 936/936/936
f 936/936/936 942/942/942 943/943/943
f 886/886/886 944/944/944 934/934/934
f 934/934/934 944/944/944 935/935/935
f 935/935/935 944/944/944 939/939/939
f 939/939/939 944/944/944 945/945/945
f 910/910/910 909/909/909 936/936/936
f 928/928/928 886/886/886 942/942/942
f 942/942/942 886/886/886 943/943/943
f 946/946/946 929/929/929 941/941/941
f 941/941/941 929/929/929 919/919/919
f 945/945/945 944/944/944 885/885/885
f 885/885/885 944/944/944 886/886/886
f 945/945/945 946/946/946 939/939/939
f 939/939/939 946/946/946 941/941/941
f 946/946/946 945/945/945 879/879/879
f 879/879/879 945/945/945 885/885/885
f 946/946/946 879/879/879 929/929/929
f 929/929/929 879/879/879 878/878/878
f 947/947/947 940/940/940 932/932/932
f 932/932/932 940/940/940 920/920/920
f 940/940/940 947/947/947 938/938/938
f 938/938/938 947/947/947 937/937/937
f 947/947/947 948/948/948 937/937/937
f 936/936/936 937/937/937 910/910/910
f 910/910/910 937/937/937 948/948/948
f 949/949/949 950/950/950 951/951/951
f 952/952/952 953/953/953 954/954/954
f 955/955/955 956/956/956 957/957/957
f 957/957/957 956/956/956 958/958/958
f 959/959/959 958/958/958 960/960/960
f 960/960/960 958/958/958 956/956/956
f 960/960/960 961/961/961 959/959/959
f 959/959/959 961/961/961 962/962/962
f 963/963/963 955/955/955 964/964/964
f 964/964/964 955/955/955 957/957/957
f 952/952/952 963/963/963 953/953/953
f 953/953/953 963/963/963 964/964/964
f 153/153/153 151/151/151 965/965/965
f 949/949/949 966/966/966 950/950/950
f 967/967/967 968/968/968 969/969/969
f 969/969/969 968/968/968 970/970/970
f 971/971/971 972/972/972 967/967/967
f 967/967/967 972/972/972 968/968/968
f 972/972/972 971/971/971 961/961/961
f 961/961/961 971/971/971 962/962/962
f 951/951/951 973/973/973 970/970/970
f 970/970/970 973/973/973 969/969/969
f 951/951/951 950/950/950 973/973/973
f 166/166/166 974/974/974 165/165/165
f 975/975/975 976/976/976 977/977/977
f 978/978/978 431/431/431 424/424/424
f 979/979/979 980/980/980 680/680/680
f 981/981/981 982/982/982 983/983/983
f 983/983/983 982/982/982 984/984/984
f 978/978/978 424/424/424 985/985/985
f 985/985/985 424/424/424 423/423/423
f 985/985/985 423/423/423 986/986/986
f 986/986/986 423/423/423 152/152/152
f 495/495/495 987/987/987 497/497/497
f 497/497/497 987/987/987 685/685/685
f 495/495/495 492/492/492 988/988/988
f 988/988/988 492/492/492 490/490/490
f 987/987/987 495/495/495 989/989/989
f 989/989/989 495/495/495 988/988/988
f 989/989/989 990/990/990 987/987/987
f 987/987/987 990/990/990 991/991/991
f 990/990/990 992/992/992 991/991/991
f 991/991/991 992/992/992 993/993/993
f 446/446/446 994/994/994 748/748/748
f 748/748/748 994/994/994 749/749/749
f 995/995/995 989/989/989 996/996/996
f 996/996/996 989/989/989 988/988/988
f 749/749/749 995/995/995 751/751/751
f 751/751/751 995/995/995 996/996/996
f 976/976/976 997/997/997 998/998/998
f 998/998/998 997/997/997 999/999/999
f 691/691/691 689/689/689 1000/1000/1000
f 1000/1000/1000 689/689/689 690/690/690
f 987/987/987 991/991/991 685/685/685
f 685/685/685 991/991/991 688/688/688
f 998/998/998 999/999/999 1001/1001/1001
f 1001/1001/1001 999/999/999 1002/1002/1002
f 1003/1003/1003 994/994/994 1004/1004/1004
f 1004/1004/1004 994/994/994 977/977/977
f 995/995/995 749/749/749 1003/1003/1003
f 1003/1003/1003 749/749/749 994/994/994
f 447/447/447 1005/1005/1005 448/448/448
f 448/448/448 1005/1005/1005 975/975/975
f 978/978/978 985/985/985 1006/1006/1006
f 1006/1006/1006 985/985/985 1007/1007/1007
f 1001/1001/1001 1002/1002/1002 690/690/690
f 690/690/690 1002/1002/1002 1000/1000/1000
f 991/991/991 993/993/993 688/688/688
f 688/688/688 993/993/993 687/687/687
f 1004/1004/1004 992/992/992 1003/1003/1003
f 1003/1003/1003 992/992/992 990/990/990
f 995/995/995 1003/1003/1003 989/989/989
f 989/989/989 1003/1003/1003 990/990/990
f 431/431/431 978/978/978 447/447/447
f 447/447/447 978/978/978 1005/1005/1005
f 992/992/992 1004/1004/1004 998/998/998
f 998/998/998 1004/1004/1004 976/976/976
f 988/988/988 712/712/712 996/996/996
f 992/992/992 998/998/998 993/993/993
f 993/993/993 998/998/998 1001/1001/1001
f 993/993/993 1001/1001/1001 687/687/687
f 687/687/687 1001/1001/1001 690/690/690
f 680/680/680 618/618/618 979/979/979
f 979/979/979 618/618/618 616/616/616
f 983/983/983 1008/1008/1008 981/981/981
f 981/981/981 1008/1008/1008 1007/1007/1007
f 1007/1007/1007 1008/1008/1008 1006/1006/1006
f 1006/1006/1006 1008/1008/1008 1009/1009/1009
f 986/986/986 152/152/152 1010/1010/1010
f 1010/1010/1010 152/152/152 153/153/153
f 751/751/751 996/996/996 761/761/761
f 761/761/761 996/996/996 707/707/707
f 712/712/712 707/707/707 996/996/996
f 490/490/490 519/519/519 988/988/988
f 988/988/988 519/519/519 712/712/712
f 1007/1007/1007 985/985/985 981/981/981
f 981/981/981 985/985/985 986/986/986
f 982/982/982 981/981/981 1010/1010/1010
f 1010/1010/1010 981/981/981 986/986/986
f 1011/1011/1011 1005/1005/1005 1006/1006/1006
f 1006/1006/1006 1005/1005/1005 978/978/978
f 976/976/976 975/975/975 1011/1011/1011
f 1011/1011/1011 975/975/975 1005/1005/1005
f 445/445/445 977/977/977 446/446/446
f 446/446/446 977/977/977 994/994/994
f 977/977/977 445/445/445 975/975/975
f 975/975/975 445/445/445 448/448/448
f 977/977/977 976/976/976 1004/1004/1004
f 997/997/997 976/976/976 1012/1012/1012
f 1012/1012/1012 976/976/976 1011/1011/1011
f 1012/1012/1012 1011/1011/1011 1009/1009/1009
f 1009/1009/1009 1011/1011/1011 1006/1006/1006
f 680/680/680 980/980/980 673/673/673
f 1013/1013/1013 788/788/788 782/782/782
f 1014/1014/1014 1015/1015/1015 1016/1016/1016
f 1016/1016/1016 1015/1015/1015 1017/1017/1017
f 1018/1018/1018 1015/1015/1015 1019/1019/1019
f 1019/1019/1019 1015/1015/1015 1014/1014/1014
f 1020/1020/1020 1021/1021/1021 1022/1022/1022
f 1022/1022/1022 1021/1021/1021 1023/1023/1023
f 822/822/822 823/823/823 1024/1024/1024
f 1024/1024/1024 823/823/823 1025/1025/1025
f 773/773/773 771/771/771 1018/1018/1018
f 1018/1018/1018 771/771/771 1015/1015/1015
f 788/788/788 1016/1016/1016 1017/1017/1017
f 1019/1019/1019 1026/1026/1026 1018/1018/1018
f 1018/1018/1018 1026/1026/1026 1027/1027/1027
f 781/781/781 807/807/807 1028/1028/1028
f 1028/1028/1028 807/807/807 1029/1029/1029
f 1013/1013/1013 1023/1023/1023 1030/1030/1030
f 1030/1030/1030 1023/1023/1023 1021/1021/1021
f 1030/1030/1030 788/788/788 1013/1013/1013
f 1031/1031/1031 1020/1020/1020 1032/1032/1032
f 1032/1032/1032 1020/1020/1020 1022/1022/1022
f 1018/1018/1018 1027/1027/1027 773/773/773
f 773/773/773 1027/1027/1027 780/780/780
f 1015/1015/1015 771/771/771 1017/1017/1017
f 1017/1017/1017 771/771/771 774/774/774
f 1017/1017/1017 774/774/774 788/788/788
f 1022/1022/1022 1023/1023/1023 1024/1024/1024
f 1024/1024/1024 1023/1023/1023 1029/1029/1029
f 1021/1021/1021 1020/1020/1020 1033/1033/1033
f 1033/1033/1033 1020/1020/1020 1034/1034/1034
f 1027/1027/1027 776/776/776 780/780/780
f 1032/1032/1032 1022/1022/1022 1025/1025/1025
f 1025/1025/1025 1022/1022/1022 1024/1024/1024
f 1023/1023/1023 1013/1013/1013 1029/1029/1029
f 1029/1029/1029 1013/1013/1013 1028/1028/1028
f 1028/1028/1028 1013/1013/1013 782/782/782
f 1028/1028/1028 782/782/782 781/781/781
f 1035/1035/1035 788/788/788 1030/1030/1030
f 1033/1033/1033 1035/1035/1035 1021/1021/1021
f 1021/1021/1021 1035/1035/1035 1030/1030/1030
f 1036/1036/1036 1034/1034/1034 1031/1031/1031
f 1031/1031/1031 1034/1034/1034 1020/1020/1020
f 788/788/788 1037/1037/1037 1016/1016/1016
f 1016/1016/1016 1037/1037/1037 1014/1014/1014
f 1014/1014/1014 1037/1037/1037 1038/1038/1038
f 1014/1014/1014 1038/1038/1038 1019/1019/1019
f 1019/1019/1019 1038/1038/1038 1039/1039/1039
f 1036/1036/1036 1026/1026/1026 1039/1039/1039
f 1039/1039/1039 1026/1026/1026 1019/1019/1019
f 1024/1024/1024 1029/1029/1029 822/822/822
f 822/822/822 1029/1029/1029 807/807/807
f 823/823/823 784/784/784 1025/1025/1025
f 1025/1025/1025 784/784/784 800/800/800
f 1036/1036/1036 1039/1039/1039 1034/1034/1034
f 1038/1038/1038 1033/1033/1033 1039/1039/1039
f 1039/1039/1039 1033/1033/1033 1034/1034/1034
f 1037/1037/1037 1035/1035/1035 1038/1038/1038
f 1038/1038/1038 1035/1035/1035 1033/1033/1033
f 788/788/788 1035/1035/1035 1037/1037/1037
f 1040/1040/1040 1041/1041/1041 1042/1042/1042
f 892/892/892 1043/1043/1043 891/891/891
f 891/891/891 1043/1043/1043 1044/1044/1044
f 1045/1045/1045 1046/1046/1046 1047/1047/1047
f 1047/1047/1047 1046/1046/1046 1048/1048/1048
f 1045/1045/1045 1047/1047/1047 1049/1049/1049
f 1049/1049/1049 1047/1047/1047 1042/1042/1042
f 1043/1043/1043 1041/1041/1041 1044/1044/1044
f 1044/1044/1044 1041/1041/1041 1040/1040/1040
f 1046/1046/1046 639/639/639 1048/1048/1048
f 1048/1048/1048 639/639/639 638/638/638
f 1042/1042/1042 1041/1041/1041 1049/1049/1049
f 1050/1050/1050 1051/1051/1051 1052/1052/1052
f 1052/1052/1052 1051/1051/1051 1053/1053/1053
f 1054/1054/1054 266/266/266 1055/1055/1055
f 1056/1056/1056 194/194/194 1054/1054/1054
f 1054/1054/1054 194/194/194 266/266/266
f 1057/1057/1057 196/196/196 1056/1056/1056
f 1056/1056/1056 196/196/196 194/194/194
f 1057/1057/1057 1058/1058/1058 196/196/196
f 196/196/196 1058/1058/1058 186/186/186
f 507/507/507 510/510/510 1059/1059/1059
f 225/225/225 1060/1060/1060 509/509/509
f 509/509/509 1060/1060/1060 510/510/510
f 225/225/225 907/907/907 1060/1060/1060
f 624/624/624 626/626/626 1059/1059/1059
f 1059/1059/1059 626/626/626 1061/1061/1061
f 1061/1061/1061 508/508/508 1059/1059/1059
f 1059/1059/1059 508/508/508 507/507/507
f 508/508/508 1061/1061/1061 644/644/644
f 644/644/644 1061/1061/1061 626/626/626
f 1062/1062/1062 1063/1063/1063 1051/1051/1051
f 1051/1051/1051 1063/1063/1063 1053/1053/1053
f 1063/1063/1063 1062/1062/1062 1064/1064/1064
f 1064/1064/1064 1062/1062/1062 1065/1065/1065
f 1066/1066/1066 1064/1064/1064 1067/1067/1067
f 1067/1067/1067 1064/1064/1064 1065/1065/1065
f 1067/1067/1067 902/902/902 1066/1066/1066
f 1066/1066/1066 902/902/902 901/901/901
f 904/904/904 1068/1068/1068 892/892/892
f 892/892/892 1068/1068/1068 1043/1043/1043
f 1043/1043/1043 1068/1068/1068 1041/1041/1041
f 1041/1041/1041 1068/1068/1068 1069/1069/1069
f 1041/1041/1041 1069/1069/1069 1049/1049/1049
f 1049/1049/1049 1069/1069/1069 1070/1070/1070
f 1045/1045/1045 1049/1049/1049 1071/1071/1071
f 1071/1071/1071 1049/1049/1049 1070/1070/1070
f 1046/1046/1046 1045/1045/1045 1072/1072/1072
f 1072/1072/1072 1045/1045/1045 1071/1071/1071
f 666/666/666 639/639/639 1072/1072/1072
f 1072/1072/1072 639/639/639 1046/1046/1046
f 891/891/891 1044/1044/1044 889/889/889
f 889/889/889 1044/1044/1044 907/907/907
f 1044/1044/1044 1040/1040/1040 907/907/907
f 907/907/907 1040/1040/1040 1060/1060/1060
f 1060/1060/1060 1040/1040/1040 1042/1042/1042
f 1047/1047/1047 510/510/510 1042/1042/1042
f 1042/1042/1042 510/510/510 1060/1060/1060
f 510/510/510 1047/1047/1047 1059/1059/1059
f 1059/1059/1059 1047/1047/1047 1048/1048/1048
f 638/638/638 624/624/624 1048/1048/1048
f 1048/1048/1048 624/624/624 1059/1059/1059
f 666/666/666 1072/1072/1072 636/636/636
f 636/636/636 1072/1072/1072 1050/1050/1050
f 1072/1072/1072 1071/1071/1071 1050/1050/1050
f 1050/1050/1050 1071/1071/1071 1051/1051/1051
f 1070/1070/1070 1062/1062/1062 1071/1071/1071
f 1071/1071/1071 1062/1062/1062 1051/1051/1051
f 1069/1069/1069 1065/1065/1065 1070/1070/1070
f 1070/1070/1070 1065/1065/1065 1062/1062/1062
f 1065/1065/1065 1069/1069/1069 1067/1067/1067
f 1067/1067/1067 1069/1069/1069 1068/1068/1068
f 1068/1068/1068 904/904/904 1067/1067/1067
f 1067/1067/1067 904/904/904 902/902/902
f 186/186/186 1058/1058/1058 906/906/906
f 636/636/636 1050/1050/1050 1073/1073/1073
f 1050/1050/1050 1052/1052/1052 1073/1073/1073
f 266/266/266 653/653/653 1055/1055/1055
f 1055/1055/1055 653/653/653 655/655/655
f 1074/1074/1074 1075/1075/1075 1076/1076/1076
f 1077/1077/1077 1009/1009/1009 1078/1078/1078
f 1078/1078/1078 1009/1009/1009 1008/1008/1008
f 1079/1079/1079 1080/1080/1080 1081/1081/1081
f 1082/1082/1082 1083/1083/1083 1084/1084/1084
f 1084/1084/1084 1083/1083/1083 1085/1085/1085
f 1086/1086/1086 1087/1087/1087 1080/1080/1080
f 1080/1080/1080 1087/1087/1087 1081/1081/1081
f 1084/1084/1084 1085/1085/1085 1087/1087/1087
f 1088/1088/1088 1089/1089/1089 1090/1090/1090
f 1091/1091/1091 1092/1092/1092 1093/1093/1093
f 1093/1093/1093 1092/1092/1092 1094/1094/1094
f 1088/1088/1088 1090/1090/1090 1095/1095/1095
f 1096/1096/1096 616/616/616 1097/1097/1097
f 1083/1083/1083 1082/1082/1082 984/984/984
f 984/984/984 1082/1082/1082 983/983/983
f 1086/1086/1086 1098/1098/1098 1099/1099/1099
f 1087/1087/1087 1086/1086/1086 1084/1084/1084
f 1084/1084/1084 1086/1086/1086 1099/1099/1099
f 1084/1084/1084 1099/1099/1099 1082/1082/1082
f 1082/1082/1082 1099/1099/1099 1078/1078/1078
f 1095/1095/1095 1100/1100/1100 1101/1101/1101
f 1102/1102/1102 1103/1103/1103 1091/1091/1091
f 1091/1091/1091 1103/1103/1103 1092/1092/1092
f 1098/1098/1098 1077/1077/1077 1099/1099/1099
f 1099/1099/1099 1077/1077/1077 1078/1078/1078
f 1104/1104/1104 1075/1075/1075 1074/1074/1074
f 1008/1008/1008 983/983/983 1078/1078/1078
f 1078/1078/1078 983/983/983 1082/1082/1082
f 1074/1074/1074 1076/1076/1076 1102/1102/1102
f 1102/1102/1102 1076/1076/1076 1103/1103/1103
f 1074/1074/1074 997/997/997 1104/1104/1104
f 1104/1104/1104 997/997/997 1012/1012/1012
f 997/997/997 1074/1074/1074 999/999/999
f 999/999/999 1074/1074/1074 1102/1102/1102
f 999/999/999 1102/1102/1102 1002/1002/1002
f 1002/1002/1002 1102/1102/1102 1091/1091/1091
f 1002/1002/1002 1091/1091/1091 1000/1000/1000
f 1000/1000/1000 1091/1091/1091 1093/1093/1093
f 1105/1105/1105 691/691/691 1093/1093/1093
f 1093/1093/1093 691/691/691 1000/1000/1000
f 616/616/616 615/615/615 1097/1097/1097
f 1104/1104/1104 1012/1012/1012 1077/1077/1077
f 1077/1077/1077 1012/1012/1012 1009/1009/1009
f 1077/1077/1077 1098/1098/1098 1104/1104/1104
f 1104/1104/1104 1098/1098/1098 1075/1075/1075
f 1106/1106/1106 1105/1105/1105 1094/1094/1094
f 1094/1094/1094 1105/1105/1105 1093/1093/1093
f 1096/1096/1096 1097/1097/1097 1106/1106/1106
f 1106/1106/1106 1097/1097/1097 1105/1105/1105
f 1097/1097/1097 615/615/615 1105/1105/1105
f 1105/1105/1105 615/615/615 691/691/691
f 967/967/967 1107/1107/1107 1108/1108/1108
f 800/800/800 1109/1109/1109 1025/1025/1025
f 1110/1110/1110 1032/1032/1032 1109/1109/1109
f 1109/1109/1109 1032/1032/1032 1025/1025/1025
f 1111/1111/1111 1031/1031/1031 1110/1110/1110
f 1110/1110/1110 1031/1031/1031 1032/1032/1032
f 971/971/971 1112/1112/1112 962/962/962
f 962/962/962 1112/1112/1112 1113/1113/1113
f 967/967/967 1108/1108/1108 971/971/971
f 971/971/971 1108/1108/1108 1112/1112/1112
f 969/969/969 1107/1107/1107 967/967/967
f 1111/1111/1111 1036/1036/1036 1031/1031/1031
f 800/800/800 790/790/790 1109/1109/1109
f 1114/1114/1114 1115/1115/1115 1116/1116/1116
f 1117/1117/1117 1118/1118/1118 1119/1119/1119
f 1119/1119/1119 1118/1118/1118 1120/1120/1120
f 1117/1117/1117 1119/1119/1119 1121/1121/1121
f 1121/1121/1121 1119/1119/1119 1122/1122/1122
f 1123/1123/1123 1124/1124/1124 1125/1125/1125
f 1125/1125/1125 1124/1124/1124 1114/1114/1114
f 1126/1126/1126 1127/1127/1127 1128/1128/1128
f 1128/1128/1128 1127/1127/1127 1129/1129/1129
f 1119/1119/1119 1079/1079/1079 1122/1122/1122
f 1122/1122/1122 1079/1079/1079 1081/1081/1081
f 1095/1095/1095 1120/1120/1120 1118/1118/1118
f 1121/1121/1121 1122/1122/1122 1130/1130/1130
f 1130/1130/1130 1122/1122/1122 1131/1131/1131
f 1132/1132/1132 1080/1080/1080 1079/1079/1079
f 1089/1089/1089 1133/1133/1133 1134/1134/1134
f 1134/1134/1134 1133/1133/1133 1135/1135/1135
f 1136/1136/1136 1137/1137/1137 1123/1123/1123
f 1123/1123/1123 1137/1137/1137 1124/1124/1124
f 1137/1137/1137 1136/1136/1136 1095/1095/1095
f 1100/1100/1100 1132/1132/1132 1101/1101/1101
f 1101/1101/1101 1132/1132/1132 1079/1079/1079
f 1125/1125/1125 1114/1114/1114 1138/1138/1138
f 1138/1138/1138 1114/1114/1114 1139/1139/1139
f 1122/1122/1122 1081/1081/1081 1131/1131/1131
f 1131/1131/1131 1081/1081/1081 1087/1087/1087
f 1119/1119/1119 1120/1120/1120 1079/1079/1079
f 1079/1079/1079 1120/1120/1120 1101/1101/1101
f 1120/1120/1120 1095/1095/1095 1101/1101/1101
f 1125/1125/1125 1127/1127/1127 1123/1123/1123
f 1123/1123/1123 1127/1127/1127 1135/1135/1135
f 1124/1124/1124 1115/1115/1115 1114/1114/1114
f 1087/1087/1087 1085/1085/1085 1131/1131/1131
f 1127/1127/1127 1125/1125/1125 1129/1129/1129
f 1129/1129/1129 1125/1125/1125 1138/1138/1138
f 1123/1123/1123 1135/1135/1135 1136/1136/1136
f 1136/1136/1136 1135/1135/1135 1133/1133/1133
f 1133/1133/1133 1088/1088/1088 1136/1136/1136
f 1136/1136/1136 1088/1088/1088 1095/1095/1095
f 1133/1133/1133 1089/1089/1089 1088/1088/1088
f 1140/1140/1140 1137/1137/1137 1095/1095/1095
f 1137/1137/1137 1140/1140/1140 1124/1124/1124
f 1124/1124/1124 1140/1140/1140 1115/1115/1115
f 1114/1114/1114 1116/1116/1116 1139/1139/1139
f 1139/1139/1139 1116/1116/1116 1141/1141/1141
f 1095/1095/1095 1118/1118/1118 1142/1142/1142
f 1118/1118/1118 1117/1117/1117 1142/1142/1142
f 1142/1142/1142 1117/1117/1117 1143/1143/1143
f 1117/1117/1117 1121/1121/1121 1143/1143/1143
f 1143/1143/1143 1121/1121/1121 1144/1144/1144
f 1141/1141/1141 1144/1144/1144 1130/1130/1130
f 1130/1130/1130 1144/1144/1144 1121/1121/1121
f 1134/1134/1134 1135/1135/1135 1126/1126/1126
f 1126/1126/1126 1135/1135/1135 1127/1127/1127
f 1128/1128/1128 1129/1129/1129 1094/1094/1094
f 1094/1094/1094 1129/1129/1129 1106/1106/1106
f 1141/1141/1141 1116/1116/1116 1144/1144/1144
f 1143/1143/1143 1144/1144/1144 1115/1115/1115
f 1115/1115/1115 1144/1144/1144 1116/1116/1116
f 1142/1142/1142 1143/1143/1143 1140/1140/1140
f 1140/1140/1140 1143/1143/1143 1115/1115/1115
f 1095/1095/1095 1142/1142/1142 1140/1140/1140
f 1145/1145/1145 1138/1138/1138 1146/1146/1146
f 1106/1106/1106 1129/1129/1129 1145/1145/1145
f 1129/1129/1129 1138/1138/1138 1145/1145/1145
f 1147/1147/1147 1146/1146/1146 1139/1139/1139
f 1139/1139/1139 1146/1146/1146 1138/1138/1138
f 959/959/959 962/962/962 1148/1148/1148
f 1148/1148/1148 962/962/962 1113/1113/1113
f 958/958/958 959/959/959 1149/1149/1149
f 1149/1149/1149 959/959/959 1148/1148/1148
f 957/957/957 958/958/958 1150/1150/1150
f 1150/1150/1150 958/958/958 1149/1149/1149
f 1141/1141/1141 1147/1147/1147 1139/1139/1139
f 1106/1106/1106 1145/1145/1145 1096/1096/1096
f 1151/1151/1151 1152/1152/1152 1153/1153/1153
f 1107/1107/1107 1154/1154/1154 1108/1108/1108
f 966/966/966 1155/1155/1155 950/950/950
f 950/950/950 1155/1155/1155 1156/1156/1156
f 677/677/677 777/777/777 1152/1152/1152
f 1152/1152/1152 777/777/777 1153/1153/1153
f 676/676/676 677/677/677 1157/1157/1157
f 1157/1157/1157 677/677/677 1152/1152/1152
f 1158/1158/1158 1111/1111/1111 1151/1151/1151
f 1151/1151/1151 1111/1111/1111 1159/1159/1159
f 777/777/777 776/776/776 1153/1153/1153
f 1153/1153/1153 776/776/776 1160/1160/1160
f 776/776/776 1027/1027/1027 1160/1160/1160
f 1160/1160/1160 1027/1027/1027 1026/1026/1026
f 1155/1155/1155 1161/1161/1161 1156/1156/1156
f 1156/1156/1156 1161/1161/1161 1162/1162/1162
f 1163/1163/1163 1157/1157/1157 1164/1164/1164
f 1164/1164/1164 1157/1157/1157 1152/1152/1152
f 1159/1159/1159 1164/1164/1164 1151/1151/1151
f 1165/1165/1165 1166/1166/1166 1155/1155/1155
f 1155/1155/1155 1166/1166/1166 1161/1161/1161
f 1167/1167/1167 1166/1166/1166 1157/1157/1157
f 1157/1157/1157 1166/1166/1166 676/676/676
f 1162/1162/1162 1161/1161/1161 1167/1167/1167
f 1167/1167/1167 1161/1161/1161 1166/1166/1166
f 676/676/676 1166/1166/1166 682/682/682
f 682/682/682 1166/1166/1166 1165/1165/1165
f 682/682/682 1165/1165/1165 166/166/166
f 166/166/166 1165/1165/1165 974/974/974
f 1155/1155/1155 966/966/966 1165/1165/1165
f 1165/1165/1165 966/966/966 974/974/974
f 1158/1158/1158 1036/1036/1036 1111/1111/1111
f 1168/1168/1168 1169/1169/1169 1154/1154/1154
f 1170/1170/1170 1168/1168/1168 1107/1107/1107
f 1107/1107/1107 1168/1168/1168 1154/1154/1154
f 973/973/973 1170/1170/1170 969/969/969
f 969/969/969 1170/1170/1170 1107/1107/1107
f 1164/1164/1164 1152/1152/1152 1151/1151/1151
f 1167/1167/1167 1157/1157/1157 1169/1169/1169
f 1169/1169/1169 1157/1157/1157 1163/1163/1163
f 1162/1162/1162 1167/1167/1167 1168/1168/1168
f 1168/1168/1168 1167/1167/1167 1169/1169/1169
f 1156/1156/1156 1162/1162/1162 1170/1170/1170
f 1170/1170/1170 1162/1162/1162 1168/1168/1168
f 950/950/950 1156/1156/1156 973/973/973
f 973/973/973 1156/1156/1156 1170/1170/1170
f 1026/1026/1026 1036/1036/1036 1160/1160/1160
f 1160/1160/1160 1036/1036/1036 1158/1158/1158
f 1160/1160/1160 1158/1158/1158 1153/1153/1153
f 1153/1153/1153 1158/1158/1158 1151/1151/1151
f 1171/1171/1171 1172/1172/1172 1173/1173/1173
f 1100/1100/1100 1095/1095/1095 1174/1174/1174
f 1089/1089/1089 1175/1175/1175 1090/1090/1090
f 1095/1095/1095 1090/1090/1090 1175/1175/1175
f 1174/1174/1174 1176/1176/1176 1100/1100/1100
f 1100/1100/1100 1176/1176/1176 1132/1132/1132
f 1177/1177/1177 1175/1175/1175 1134/1134/1134
f 1134/1134/1134 1175/1175/1175 1089/1089/1089
f 1075/1075/1075 1178/1178/1178 1076/1076/1076
f 1076/1076/1076 1178/1178/1178 1179/1179/1179
f 1180/1180/1180 1092/1092/1092 1181/1181/1181
f 1181/1181/1181 1092/1092/1092 1103/1103/1103
f 1182/1182/1182 1183/1183/1183 1184/1184/1184
f 1184/1184/1184 1183/1183/1183 1171/1171/1171
f 1185/1185/1185 1098/1098/1098 1086/1086/1086
f 1171/1171/1171 1173/1173/1173 1184/1184/1184
f 1186/1186/1186 1185/1185/1185 1080/1080/1080
f 1080/1080/1080 1185/1185/1185 1086/1086/1086
f 1182/1182/1182 1095/1095/1095 1183/1183/1183
f 1080/1080/1080 1132/1132/1132 1186/1186/1186
f 1186/1186/1186 1132/1132/1132 1176/1176/1176
f 1076/1076/1076 1179/1179/1179 1103/1103/1103
f 1103/1103/1103 1179/1179/1179 1181/1181/1181
f 1178/1178/1178 1187/1187/1187 1179/1179/1179
f 1179/1179/1179 1187/1187/1187 1188/1188/1188
f 1179/1179/1179 1188/1188/1188 1181/1181/1181
f 1181/1181/1181 1188/1188/1188 1173/1173/1173
f 1172/1172/1172 1180/1180/1180 1173/1173/1173
f 1173/1173/1173 1180/1180/1180 1181/1181/1181
f 1178/1178/1178 1075/1075/1075 1185/1185/1185
f 1185/1185/1185 1075/1075/1075 1098/1098/1098
f 1187/1187/1187 1178/1178/1178 1186/1186/1186
f 1186/1186/1186 1178/1178/1178 1185/1185/1185
f 1189/1189/1189 1187/1187/1187 1176/1176/1176
f 1176/1176/1176 1187/1187/1187 1186/1186/1186
f 1174/1174/1174 1190/1190/1190 1176/1176/1176
f 1176/1176/1176 1190/1190/1190 1189/1189/1189
f 1095/1095/1095 1190/1190/1190 1174/1174/1174
f 1172/1172/1172 1177/1177/1177 1126/1126/1126
f 1126/1126/1126 1177/1177/1177 1134/1134/1134
f 1180/1180/1180 1172/1172/1172 1128/1128/1128
f 1128/1128/1128 1172/1172/1172 1126/1126/1126
f 1092/1092/1092 1180/1180/1180 1094/1094/1094
f 1094/1094/1094 1180/1180/1180 1128/1128/1128
f 1173/1173/1173 1188/1188/1188 1184/1184/1184
f 1184/1184/1184 1188/1188/1188 1191/1191/1191
f 1192/1192/1192 1182/1182/1182 1191/1191/1191
f 1191/1191/1191 1182/1182/1182 1184/1184/1184
f 1192/1192/1192 1095/1095/1095 1182/1182/1182
f 1177/1177/1177 1172/1172/1172 1171/1171/1171
f 1177/1177/1177 1171/1171/1171 1175/1175/1175
f 1175/1175/1175 1171/1171/1171 1183/1183/1183
f 1095/1095/1095 1175/1175/1175 1183/1183/1183
f 1191/1191/1191 1188/1188/1188 1189/1189/1189
f 1189/1189/1189 1188/1188/1188 1187/1187/1187
f 1190/1190/1190 1192/1192/1192 1189/1189/1189
f 1189/1189/1189 1192/1192/1192 1191/1191/1191
f 1095/1095/1095 1192/1192/1192 1190/1190/1190
f 1193/1193/1193 1194/1194/1194 1195/1195/1195
f 1149/1149/1149 1196/1196/1196 1150/1150/1150
f 1197/1197/1197 1198/1198/1198 953/953/953
f 953/953/953 1198/1198/1198 954/954/954
f 1199/1199/1199 1083/1083/1083 1200/1200/1200
f 1200/1200/1200 1083/1083/1083 984/984/984
f 1200/1200/1200 984/984/984 1201/1201/1201
f 1201/1201/1201 984/984/984 982/982/982
f 1202/1202/1202 1203/1203/1203 1147/1147/1147
f 1147/1147/1147 1203/1203/1203 1204/1204/1204
f 1083/1083/1083 1199/1199/1199 1085/1085/1085
f 1085/1085/1085 1199/1199/1199 1205/1205/1205
f 1085/1085/1085 1205/1205/1205 1131/1131/1131
f 1131/1131/1131 1205/1205/1205 1130/1130/1130
f 1206/1206/1206 1207/1207/1207 1197/1197/1197
f 1197/1197/1197 1207/1207/1207 1198/1198/1198
f 1200/1200/1200 1201/1201/1201 1208/1208/1208
f 1208/1208/1208 1201/1201/1201 1209/1209/1209
f 1203/1203/1203 1208/1208/1208 1204/1204/1204
f 1210/1210/1210 1198/1198/1198 1211/1211/1211
f 1211/1211/1211 1198/1198/1198 1207/1207/1207
f 1193/1193/1193 1201/1201/1201 1211/1211/1211
f 1211/1211/1211 1201/1201/1201 982/982/982
f 1206/1206/1206 1193/1193/1193 1207/1207/1207
f 1207/1207/1207 1193/1193/1193 1211/1211/1211
f 982/982/982 1010/1010/1010 1211/1211/1211
f 1211/1211/1211 1010/1010/1010 1210/1210/1210
f 1010/1010/1010 153/153/153 1210/1210/1210
f 1210/1210/1210 153/153/153 965/965/965
f 965/965/965 954/954/954 1210/1210/1210
f 1210/1210/1210 954/954/954 1198/1198/1198
f 1202/1202/1202 1147/1147/1147 1141/1141/1141
f 1196/1196/1196 1195/1195/1195 1194/1194/1194
f 1196/1196/1196 1194/1194/1194 1150/1150/1150
f 1150/1150/1150 1194/1194/1194 1212/1212/1212
f 1150/1150/1150 1212/1212/1212 957/957/957
f 957/957/957 1212/1212/1212 964/964/964
f 1208/1208/1208 1203/1203/1203 1200/1200/1200
f 1200/1200/1200 1203/1203/1203 1199/1199/1199
f 1193/1193/1193 1195/1195/1195 1201/1201/1201
f 1201/1201/1201 1195/1195/1195 1209/1209/1209
f 1206/1206/1206 1194/1194/1194 1193/1193/1193
f 1197/1197/1197 1212/1212/1212 1206/1206/1206
f 1206/1206/1206 1212/1212/1212 1194/1194/1194
f 953/953/953 964/964/964 1197/1197/1197
f 1197/1197/1197 964/964/964 1212/1212/1212
f 1202/1202/1202 1141/1141/1141 1205/1205/1205
f 1205/1205/1205 1141/1141/1141 1130/1130/1130
f 1203/1203/1203 1202/1202/1202 1199/1199/1199
f 1199/1199/1199 1202/1202/1202 1205/1205/1205
f 673/673/673 980/980/980 1213/1213/1213
f 1214/1214/1214 980/980/980 979/979/979
f 1215/1215/1215 1216/1216/1216 1214/1214/1214
f 1214/1214/1214 1216/1216/1216 980/980/980
f 1216/1216/1216 1215/1215/1215 1217/1217/1217
f 1218/1218/1218 1213/1213/1213 1216/1216/1216
f 1216/1216/1216 1213/1213/1213 980/980/980
f 1216/1216/1216 1217/1217/1217 1218/1218/1218
f 1219/1219/1219 1215/1215/1215 1220/1220/1220
f 1221/1221/1221 1196/1196/1196 1149/1149/1149
f 1222/1222/1222 1204/1204/1204 1223/1223/1223
f 1223/1223/1223 1204/1204/1204 1224/1224/1224
f 1223/1223/1223 1225/1225/1225 1222/1222/1222
f 1222/1222/1222 1225/1225/1225 1226/1226/1226
f 1195/1195/1195 1227/1227/1227 1209/1209/1209
f 1209/1209/1209 1227/1227/1227 1228/1228/1228
f 1229/1229/1229 1215/1215/1215 1230/1230/1230
f 1230/1230/1230 1215/1215/1215 1214/1214/1214
f 1231/1231/1231 1232/1232/1232 1226/1226/1226
f 1226/1226/1226 1232/1232/1232 1096/1096/1096
f 1232/1232/1232 979/979/979 616/616/616
f 1233/1233/1233 1230/1230/1230 1231/1231/1231
f 1231/1231/1231 1230/1230/1230 1232/1232/1232
f 1148/1148/1148 1113/1113/1113 1219/1219/1219
f 1219/1219/1219 1113/1113/1113 1217/1217/1217
f 1225/1225/1225 1223/1223/1223 1234/1234/1234
f 1234/1234/1234 1223/1223/1223 1235/1235/1235
f 1204/1204/1204 1222/1222/1222 1147/1147/1147
f 1147/1147/1147 1222/1222/1222 1146/1146/1146
f 1232/1232/1232 616/616/616 1096/1096/1096
f 1226/1226/1226 1225/1225/1225 1231/1231/1231
f 1231/1231/1231 1225/1225/1225 1233/1233/1233
f 1233/1233/1233 1225/1225/1225 1236/1236/1236
f 1236/1236/1236 1225/1225/1225 1234/1234/1234
f 1223/1223/1223 1224/1224/1224 1235/1235/1235
f 1235/1235/1235 1224/1224/1224 1228/1228/1228
f 1228/1228/1228 1227/1227/1227 1235/1235/1235
f 1235/1235/1235 1227/1227/1227 1237/1237/1237
f 1234/1234/1234 1235/1235/1235 1220/1220/1220
f 1220/1220/1220 1235/1235/1235 1237/1237/1237
f 1217/1217/1217 1215/1215/1215 1219/1219/1219
f 1221/1221/1221 1219/1219/1219 1237/1237/1237
f 1237/1237/1237 1219/1219/1219 1220/1220/1220
f 1221/1221/1221 1237/1237/1237 1196/1196/1196
f 1196/1196/1196 1237/1237/1237 1227/1227/1227
f 1224/1224/1224 1208/1208/1208 1228/1228/1228
f 1228/1228/1228 1208/1208/1208 1209/1209/1209
f 1220/1220/1220 1229/1229/1229 1234/1234/1234
f 1234/1234/1234 1229/1229/1229 1236/1236/1236
f 1220/1220/1220 1215/1215/1215 1229/1229/1229
f 1233/1233/1233 1236/1236/1236 1230/1230/1230
f 1230/1230/1230 1236/1236/1236 1229/1229/1229
f 1230/1230/1230 1214/1214/1214 1232/1232/1232
f 1232/1232/1232 1214/1214/1214 979/979/979
f 1219/1219/1219 1221/1221/1221 1148/1148/1148
f 1148/1148/1148 1221/1221/1221 1149/1149/1149
f 1204/1204/1204 1208/1208/1208 1224/1224/1224
f 1222/1222/1222 1226/1226/1226 1146/1146/1146
f 1146/1146/1146 1226/1226/1226 1145/1145/1145
f 1227/1227/1227 1195/1195/1195 1196/1196/1196
f 1096/1096/1096 1145/1145/1145 1226/1226/1226
f 1238/1238/1238 1154/1154/1154 1239/1239/1239
f 1108/1108/1108 1154/1154/1154 1238/1238/1238
f 1240/1240/1240 1159/1159/1159 1241/1241/1241
f 1241/1241/1241 1159/1159/1159 1242/1242/1242
f 1241/1241/1241 1242/1242/1242 1243/1243/1243
f 1243/1243/1243 1242/1242/1242 1244/1244/1244
f 1245/1245/1245 1246/1246/1246 1163/1163/1163
f 1163/1163/1163 1246/1246/1246 1169/1169/1169
f 1213/1213/1213 1218/1218/1218 1247/1247/1247
f 1247/1247/1247 1218/1218/1218 1248/1248/1248
f 1249/1249/1249 1244/1244/1244 1250/1250/1250
f 1250/1250/1250 1244/1244/1244 790/790/790
f 1250/1250/1250 622/622/622 673/673/673
f 1251/1251/1251 1249/1249/1249 1247/1247/1247
f 1247/1247/1247 1249/1249/1249 1250/1250/1250
f 1112/1112/1112 1252/1252/1252 1113/1113/1113
f 1113/1113/1113 1252/1252/1252 1217/1217/1217
f 1243/1243/1243 1253/1253/1253 1241/1241/1241
f 1241/1241/1241 1253/1253/1253 1254/1254/1254
f 1110/1110/1110 1242/1242/1242 1111/1111/1111
f 1111/1111/1111 1242/1242/1242 1159/1159/1159
f 790/790/790 622/622/622 1250/1250/1250
f 1251/1251/1251 1243/1243/1243 1249/1249/1249
f 1249/1249/1249 1243/1243/1243 1244/1244/1244
f 1253/1253/1253 1243/1243/1243 1255/1255/1255
f 1255/1255/1255 1243/1243/1243 1251/1251/1251
f 1241/1241/1241 1254/1254/1254 1240/1240/1240
f 1240/1240/1240 1254/1254/1254 1245/1245/1245
f 1239/1239/1239 1246/1246/1246 1254/1254/1254
f 1254/1254/1254 1246/1246/1246 1245/1245/1245
f 1239/1239/1239 1254/1254/1254 1256/1256/1256
f 1256/1256/1256 1254/1254/1254 1253/1253/1253
f 1218/1218/1218 1217/1217/1217 1252/1252/1252
f 1238/1238/1238 1239/1239/1239 1252/1252/1252
f 1252/1252/1252 1239/1239/1239 1256/1256/1256
f 1239/1239/1239 1154/1154/1154 1246/1246/1246
f 1240/1240/1240 1245/1245/1245 1164/1164/1164
f 1164/1164/1164 1245/1245/1245 1163/1163/1163
f 1255/1255/1255 1248/1248/1248 1253/1253/1253
f 1253/1253/1253 1248/1248/1248 1256/1256/1256
f 1248/1248/1248 1218/1218/1218 1256/1256/1256
f 1256/1256/1256 1218/1218/1218 1252/1252/1252
f 1248/1248/1248 1255/1255/1255 1247/1247/1247
f 1247/1247/1247 1255/1255/1255 1251/1251/1251
f 673/673/673 1213/1213/1213 1250/1250/1250
f 1250/1250/1250 1213/1213/1213 1247/1247/1247
f 1108/1108/1108 1238/1238/1238 1112/1112/1112
f 1112/1112/1112 1238/1238/1238 1252/1252/1252
f 1240/1240/1240 1164/1164/1164 1159/1159/1159
f 1109/1109/1109 1244/1244/1244 1110/1110/1110
f 1110/1110/1110 1244/1244/1244 1242/1242/1242
f 1154/1154/1154 1169/1169/1169 1246/1246/1246
f 1109/1109/1109 790/790/790 1244/1244/1244
f 1257/1257/1257 1258/1258/1258 1259/1259/1259
f 1259/1259/1259 1258/1258/1258 1260/1260/1260
f 1257/1257/1257 1259/1259/1259 1261/1261/1261
f 1261/1261/1261 1259/1259/1259 1262/1262/1262
f 1263/1263/1263 1261/1261/1261 1264/1264/1264
f 1264/1264/1264 1261/1261/1261 1262/1262/1262
f 1265/1265/1265 1266/1266/1266 1263/1263/1263
f 1263/1263/1263 1266/1266/1266 1261/1261/1261
f 1267/1267/1267 1257/1257/1257 1266/1266/1266
f 1266/1266/1266 1257/1257/1257 1261/1261/1261
f 1267/1267/1267 1268/1268/1268 1257/1257/1257
f 1257/1257/1257 1268/1268/1268 1258/1258/1258
f 1269/1269/1269 1270/1270/1270 1258/1258/1258
f 1258/1258/1258 1270/1270/1270 1260/1260/1260
f 1268/1268/1268 1271/1271/1271 1258/1258/1258
f 1258/1258/1258 1271/1271/1271 1269/1269/1269
f 1272/1272/1272 1273/1273/1273 1274/1274/1274
f 1274/1274/1274 1273/1273/1273 1275/1275/1275
f 1276/1276/1276 1273/1273/1273 1277/1277/1277
f 1277/1277/1277 1273/1273/1273 1272/1272/1272
f 1278/1278/1278 1279/1279/1279 1277/1277/1277
f 1277/1277/1277 1279/1279/1279 1276/1276/1276
f 1280/1280/1280 1278/1278/1278 1281/1281/1281
f 1281/1281/1281 1278/1278/1278 1277/1277/1277
f 1277/1277/1277 1272/1272/1272 1281/1281/1281
f 1281/1281/1281 1272/1272/1272 1282/1282/1282
f 1282/1282/1282 1272/1272/1272 1283/1283/1283
f 1283/1283/1283 1272/1272/1272 1274/1274/1274
f 1275/1275/1275 1284/1284/1284 1274/1274/1274
f 1274/1274/1274 1284/1284/1284 1285/1285/1285
f 1283/1283/1283 1274/1274/1274 1286/1286/1286
f 1286/1286/1286 1274/1274/1274 1285/1285/1285
f 1287/1287/1287 1288/1288/1288 1289/1289/1289
f 1289/1289/1289 1288/1288/1288 1290/1290/1290
f 1291/1291/1291 1288/1288/1288 1292/1292/1292
f 1292/1292/1292 1288/1288/1288 1287/1287/1287
f 1293/1293/1293 1294/1294/1294 1292/1292/1292
f 1292/1292/1292 1294/1294/1294 1291/1291/1291
f 1295/1295/1295 1293/1293/1293 1296/1296/1296
f 1296/1296/1296 1293/1293/1293 1292/1292/1292
f 1292/1292/1292 1287/1287/1287 1296/1296/1296
f 1296/1296/1296 1287/1287/1287 1297/1297/1297
f 1297/1297/1297 1287/1287/1287 1298/1298/1298
f 1298/1298/1298 1287/1287/1287 1289/1289/1289
f 1290/1290/1290 1299/1299/1299 1289/1289/1289
f 1289/1289/1289 1299/1299/1299 1300/1300/1300
f 1298/1298/1298 1289/1289/1289 1301/1301/1301
f 1301/1301/1301 1289/1289/1289 1300/1300/1300
f 1302/1302/1302 1303/1303/1303 1304/1304/1304
f 1304/1304/1304 1303/1303/1303 1305/1305/1305
f 1302/1302/1302 1304/1304/1304 1306/1306/1306
f 1306/1306/1306 1304/1304/1304 1307/1307/1307
f 1308/1308/1308 1306/1306/1306 1309/1309/1309
f 1309/1309/1309 1306/1306/1306 1307/1307/1307
f 1310/1310/1310 1311/1311/1311 1308/1308/1308
f 1308/1308/1308 1311/1311/1311 1306/1306/1306
f 1312/1312/1312 1302/1302/1302 1311/1311/1311
f 1311/1311/1311 1302/1302/1302 1306/1306/1306
f 1312/1312/1312 1313/1313/1313 1302/1302/1302
f 1302/1302/1302 1313/1313/1313 1303/1303/1303
f 1314/1314/1314 1315/1315/1315 1303/1303/1303
f 1303/1303/1303 1315/1315/1315 1305/1305/1305
f 1313/1313/1313 1316/1316/1316 1303/1303/1303
f 1303/1303/1303 1316/1316/1316 1314/1314/1314
f 1317/1317/1317 1318/1318/1318 1319/1319/1319
f 1320/1320/1320 1321/1321/1321 1322/1322/1322
f 1323/1323/1323 1324/1324/1324 1325/1325/1325
f 1326/1326/1326 1321/1321/1321 1320/1320/1320
f 1327/1327/1327 1328/1328/1328 1329/1329/1329
f 1330/1330/1330 1328/1328/1328 1327/1327/1327
f 1330/1330/1330 1331/1331/1331 1332/1332/1332
f 1333/1333/1333 1317/1317/1317 1319/1319/1319
f 1319/1319/1319 1318/1318/1318 1326/1326/1326
f 1319/1319/1319 1326/1326/1326 1320/1320/1320
f 1322/1322/1322 1324/1324/1324 1323/1323/1323
f 1320/1320/1320 1322/1322/1322 1323/1323/1323
f 1325/1325/1325 1332/1332/1332 1331/1331/1331
f 1323/1323/1323 1325/1325/1325 1331/1331/1331
f 1330/1330/1330 1327/1327/1327 1331/1331/1331
f 1334/1334/1334 1327/1327/1327 1329/1329/1329
f 1335/1335/1335 1336/1336/1336 1337/1337/1337
f 1338/1338/1338 1339/1339/1339 1340/1340/1340
f 1341/1341/1341 1342/1342/1342 1343/1343/1343
f 1344/1344/1344 1345/1345/1345 1346/1346/1346
f 1347/1347/1347 1341/1341/1341 1343/1343/1343
f 1348/1348/1348 1349/1349/1349 1350/1350/1350
f 1351/1351/1351 1352/1352/1352 1353/1353/1353
f 1354/1354/1354 1348/1348/1348 1350/1350/1350
f 1354/1354/1354 1355/1355/1355 1356/1356/1356
f 1357/1357/1357 1339/1339/1339 1338/1338/1338
f 1339/1339/1339 1347/1347/1347 1340/1340/1340
f 1339/1339/1339 1341/1341/1341 1347/1347/1347
f 1342/1342/1342 1344/1344/1344 1346/1346/1346
f 1341/1341/1341 1344/1344/1344 1342/1342/1342
f 1345/1345/1345 1356/1356/1356 1355/1355/1355
f 1344/1344/1344 1356/1356/1356 1345/1345/1345
f 1354/1354/1354 1356/1356/1356 1348/1348/1348
f 1348/1348/1348 1358/1358/1358 1349/1349/1349
f 1359/1359/1359 1360/1360/1360 1361/1361/1361
f 1362/1362/1362 1363/1363/1363 1364/1364/1364
f 1365/1365/1365 1366/1366/1366 1367/1367/1367
f 1368/1368/1368 1362/1362/1362 1364/1364/1364
f 1369/1369/1369 1370/1370/1370 1371/1371/1371
f 1372/1372/1372 1373/1373/1373 1374/1374/1374
f 1375/1375/1375 1369/1369/1369 1371/1371/1371
f 1375/1375/1375 1376/1376/1376 1377/1377/1377
f 1378/1378/1378 1360/1360/1360 1359/1359/1359
f 1360/1360/1360 1368/1368/1368 1361/1361/1361
f 1360/1360/1360 1362/1362/1362 1368/1368/1368
f 1363/1363/1363 1365/1365/1365 1367/1367/1367
f 1362/1362/1362 1365/1365/1365 1363/1363/1363
f 1366/1366/1366 1377/1377/1377 1376/1376/1376
f 1365/1365/1365 1377/1377/1377 1366/1366/1366
f 1375/1375/1375 1377/1377/1377 1369/1369/1369
f 1369/1369/1369 1379/1379/1379 1370/1370/1370
f 1380/1380/1380 1381/1381/1381 1382/1382/1382
f 1383/1383/1383 1384/1384/1384 1385/1385/1385
f 1386/1386/1386 1387/1387/1387 1388/1388/1388
f 1389/1389/1389 1384/1384/1384 1383/1383/1383
f 1390/1390/1390 1391/1391/1391 1392/1392/1392
f 1393/1393/1393 1391/1391/1391 1390/1390/1390
f 1393/1393/1393 1394/1394/1394 1395/1395/1395
f 1396/1396/1396 1380/1380/1380 1382/1382/1382
f 1382/1382/1382 1381/1381/1381 1389/1389/1389
f 1382/1382/1382 1389/1389/1389 1383/1383/1383
f 1385/1385/1385 1387/1387/1387 1386/1386/1386
f 1383/1383/1383 1385/1385/1385 1386/1386/1386
f 1388/1388/1388 1395/1395/1395 1394/1394/1394
f 1386/1386/1386 1388/1388/1388 1394/1394/1394
f 1393/1393/1393 1390/1390/1390 1394/1394/1394
f 1397/1397/1397 1390/1390/1390 1392/1392/1392
f 1398/1398/1398 1399/1399/1399 1400/1400/1400

# Group Face Total Faces: 2390

g Body
f 1401/1401/1401 1402/1402/1402 1403/1403/1403
f 1404/1404/1404 1405/1405/1405 1406/1406/1406
f 1406/1406/1406 1405/1405/1405 1407/1407/1407
f 1408/1408/1408 1404/1404/1404 1409/1409/1409
f 1409/1409/1409 1404/1404/1404 1406/1406/1406
f 1410/1410/1410 1411/1411/1411 1412/1412/1412
f 1412/1412/1412 1411/1411/1411 1413/1413/1413
f 1414/1414/1414 1415/1415/1415 1416/1416/1416
f 1416/1416/1416 1415/1415/1415 1410/1410/1410
f 1417/1417/1417 1418/1418/1418 1409/1409/1409
f 1409/1409/1409 1418/1418/1418 1408/1408/1408
f 1417/1417/1417 1419/1419/1419 1420/1420/1420
f 1404/1404/1404 1421/1421/1421 1405/1405/1405
f 1411/1411/1411 1422/1422/1422 1413/1413/1413
f 1423/1423/1423 1424/1424/1424 1425/1425/1425
f 1425/1425/1425 1424/1424/1424 1426/1426/1426
f 1426/1426/1426 1415/1415/1415 1425/1425/1425
f 1425/1425/1425 1415/1415/1415 1414/1414/1414
f 1427/1427/1427 1428/1428/1428 1423/1423/1423
f 1423/1423/1423 1428/1428/1428 1424/1424/1424
f 1416/1416/1416 1410/1410/1410 1412/1412/1412
f 1429/1429/1429 1430/1430/1430 1431/1431/1431
f 1431/1431/1431 1430/1430/1430 1432/1432/1432
f 1433/1433/1433 1434/1434/1434 1435/1435/1435
f 1435/1435/1435 1434/1434/1434 1436/1436/1436
f 1437/1437/1437 1434/1434/1434 1438/1438/1438
f 1438/1438/1438 1434/1434/1434 1433/1433/1433
f 1439/1439/1439 1440/1440/1440 1431/1431/1431
f 1431/1431/1431 1440/1440/1440 1429/1429/1429
f 1403/1403/1403 1402/1402/1402 1441/1441/1441
f 1442/1442/1442 1443/1443/1443 1444/1444/1444
f 1444/1444/1444 1443/1443/1443 1445/1445/1445
f 1446/1446/1446 1442/1442/1442 1447/1447/1447
f 1447/1447/1447 1442/1442/1442 1444/1444/1444
f 1430/1430/1430 1401/1401/1401 1432/1432/1432
f 1432/1432/1432 1401/1401/1401 1403/1403/1403
f 1448/1448/1448 1449/1449/1449 1450/1450/1450
f 1449/1449/1449 1451/1451/1451 1450/1450/1450
f 1450/1450/1450 1451/1451/1451 1452/1452/1452
f 1453/1453/1453 1454/1454/1454 1455/1455/1455
f 1455/1455/1455 1454/1454/1454 1456/1456/1456
f 1457/1457/1457 1458/1458/1458 1459/1459/1459
f 1456/1456/1456 1454/1454/1454 1457/1457/1457
f 1457/1457/1457 1454/1454/1454 1458/1458/1458
f 1460/1460/1460 1461/1461/1461 1462/1462/1462
f 1462/1462/1462 1461/1461/1461 1463/1463/1463
f 1464/1464/1464 1462/1462/1462 1465/1465/1465
f 1465/1465/1465 1462/1462/1462 1463/1463/1463
f 1466/1466/1466 1467/1467/1467 1468/1468/1468
f 1469/1469/1469 1470/1470/1470 1466/1466/1466
f 1466/1466/1466 1470/1470/1470 1467/1467/1467
f 1461/1461/1461 1469/1469/1469 1463/1463/1463
f 1463/1463/1463 1469/1469/1469 1466/1466/1466
f 1456/1456/1456 1471/1471/1471 1455/1455/1455
f 1455/1455/1455 1471/1471/1471 1472/1472/1472
f 1471/1471/1471 1456/1456/1456 1473/1473/1473
f 1473/1473/1473 1456/1456/1456 1457/1457/1457
f 1473/1473/1473 1457/1457/1457 1474/1474/1474
f 1474/1474/1474 1457/1457/1457 1459/1459/1459
f 1475/1475/1475 1476/1476/1476 1477/1477/1477
f 1477/1477/1477 1476/1476/1476 1478/1478/1478
f 1478/1478/1478 1476/1476/1476 1479/1479/1479
f 1479/1479/1479 1476/1476/1476 1480/1480/1480
f 1481/1481/1481 1475/1475/1475 1482/1482/1482
f 1482/1482/1482 1475/1475/1475 1477/1477/1477
f 1483/1483/1483 1481/1481/1481 1484/1484/1484
f 1484/1484/1484 1481/1481/1481 1482/1482/1482
f 1468/1468/1468 1465/1465/1465 1466/1466/1466
f 1466/1466/1466 1465/1465/1465 1463/1463/1463
f 1485/1485/1485 1486/1486/1486 1487/1487/1487
f 1485/1485/1485 1487/1487/1487 1454/1454/1454
f 1453/1453/1453 1485/1485/1485 1454/1454/1454
f 1488/1488/1488 1424/1424/1424 1428/1428/1428
f 1489/1489/1489 1490/1490/1490 1491/1491/1491
f 1491/1491/1491 1490/1490/1490 1492/1492/1492
f 1491/1491/1491 1492/1492/1492 1493/1493/1493
f 1493/1493/1493 1492/1492/1492 1494/1494/1494
f 1495/1495/1495 1496/1496/1496 1497/1497/1497
f 1497/1497/1497 1496/1496/1496 1498/1498/1498
f 1496/1496/1496 1495/1495/1495 1499/1499/1499
f 1499/1499/1499 1495/1495/1495 1500/1500/1500
f 1501/1501/1501 1502/1502/1502 1503/1503/1503
f 1503/1503/1503 1502/1502/1502 1488/1488/1488
f 1499/1499/1499 1500/1500/1500 1501/1501/1501
f 1501/1501/1501 1500/1500/1500 1502/1502/1502
f 1494/1494/1494 1504/1504/1504 1493/1493/1493
f 1493/1493/1493 1504/1504/1504 1505/1505/1505
f 1506/1506/1506 1505/1505/1505 1507/1507/1507
f 1507/1507/1507 1505/1505/1505 1504/1504/1504
f 1406/1406/1406 1407/1407/1407 1491/1491/1491
f 1491/1491/1491 1407/1407/1407 1489/1489/1489
f 1409/1409/1409 1406/1406/1406 1493/1493/1493
f 1493/1493/1493 1406/1406/1406 1491/1491/1491
f 1410/1410/1410 1415/1415/1415 1497/1497/1497
f 1497/1497/1497 1415/1415/1415 1495/1495/1495
f 1415/1415/1415 1426/1426/1426 1495/1495/1495
f 1495/1495/1495 1426/1426/1426 1500/1500/1500
f 1424/1424/1424 1502/1502/1502 1426/1426/1426
f 1426/1426/1426 1502/1502/1502 1500/1500/1500
f 1493/1493/1493 1505/1505/1505 1409/1409/1409
f 1409/1409/1409 1505/1505/1505 1417/1417/1417
f 1506/1506/1506 1419/1419/1419 1505/1505/1505
f 1505/1505/1505 1419/1419/1419 1417/1417/1417
f 1502/1502/1502 1424/1424/1424 1488/1488/1488
f 1508/1508/1508 1509/1509/1509 1510/1510/1510
f 1511/1511/1511 1408/1408/1408 1418/1418/1418
f 1512/1512/1512 1513/1513/1513 1514/1514/1514
f 1511/1511/1511 1418/1418/1418 1513/1513/1513
f 1513/1513/1513 1418/1418/1418 1514/1514/1514
f 1420/1420/1420 1514/1514/1514 1417/1417/1417
f 1417/1417/1417 1514/1514/1514 1418/1418/1418
f 1413/1413/1413 1422/1422/1422 1515/1515/1515
f 1516/1516/1516 1446/1446/1446 1517/1517/1517
f 1517/1517/1517 1446/1446/1446 1447/1447/1447
f 1518/1518/1518 1519/1519/1519 1520/1520/1520
f 1520/1520/1520 1519/1519/1519 1521/1521/1521
f 1519/1519/1519 1437/1437/1437 1521/1521/1521
f 1521/1521/1521 1437/1437/1437 1438/1438/1438
f 1445/1445/1445 1443/1443/1443 1522/1522/1522
f 1522/1522/1522 1443/1443/1443 1523/1523/1523
f 1524/1524/1524 1525/1525/1525 1526/1526/1526
f 1526/1526/1526 1525/1525/1525 1527/1527/1527
f 1522/1522/1522 1523/1523/1523 1528/1528/1528
f 1528/1528/1528 1523/1523/1523 1529/1529/1529
f 1441/1441/1441 1402/1402/1402 1517/1517/1517
f 1517/1517/1517 1402/1402/1402 1530/1530/1530
f 1531/1531/1531 1532/1532/1532 1533/1533/1533
f 1533/1533/1533 1532/1532/1532 1534/1534/1534
f 1451/1451/1451 1535/1535/1535 1452/1452/1452
f 1452/1452/1452 1535/1535/1535 1536/1536/1536
f 1537/1537/1537 1534/1534/1534 1538/1538/1538
f 1538/1538/1538 1534/1534/1534 1532/1532/1532
f 1539/1539/1539 1540/1540/1540 1541/1541/1541
f 1541/1541/1541 1540/1540/1540 1542/1542/1542
f 1543/1543/1543 1544/1544/1544 1545/1545/1545
f 1545/1545/1545 1544/1544/1544 1546/1546/1546
f 1547/1547/1547 1548/1548/1548 1549/1549/1549
f 1550/1550/1550 1551/1551/1551 1548/1548/1548
f 1548/1548/1548 1551/1551/1551 1552/1552/1552
f 1551/1551/1551 1550/1550/1550 1543/1543/1543
f 1543/1543/1543 1550/1550/1550 1544/1544/1544
f 1553/1553/1553 1554/1554/1554 1555/1555/1555
f 1555/1555/1555 1554/1554/1554 1556/1556/1556
f 1557/1557/1557 1558/1558/1558 1559/1559/1559
f 1559/1559/1559 1558/1558/1558 1508/1508/1508
f 1560/1560/1560 1561/1561/1561 1562/1562/1562
f 1562/1562/1562 1561/1561/1561 1563/1563/1563
f 1564/1564/1564 1563/1563/1563 1565/1565/1565
f 1565/1565/1565 1563/1563/1563 1561/1561/1561
f 1558/1558/1558 1557/1557/1557 1566/1566/1566
f 1566/1566/1566 1557/1557/1557 1567/1567/1567
f 1568/1568/1568 1569/1569/1569 1570/1570/1570
f 1570/1570/1570 1569/1569/1569 1571/1571/1571
f 1566/1566/1566 1567/1567/1567 1572/1572/1572
f 1566/1566/1566 1572/1572/1572 1487/1487/1487
f 1487/1487/1487 1572/1572/1572 1573/1573/1573
f 1574/1574/1574 1575/1575/1575 1576/1576/1576
f 1576/1576/1576 1575/1575/1575 1577/1577/1577
f 1458/1458/1458 1454/1454/1454 1573/1573/1573
f 1573/1573/1573 1454/1454/1454 1487/1487/1487
f 1578/1578/1578 1565/1565/1565 1579/1579/1579
f 1579/1579/1579 1565/1565/1565 1580/1580/1580
f 1581/1581/1581 1582/1582/1582 1579/1579/1579
f 1583/1583/1583 1554/1554/1554 1582/1582/1582
f 1582/1582/1582 1554/1554/1554 1553/1553/1553
f 1584/1584/1584 1585/1585/1585 1586/1586/1586
f 1586/1586/1586 1585/1585/1585 1587/1587/1587
f 1588/1588/1588 1580/1580/1580 1561/1561/1561
f 1561/1561/1561 1580/1580/1580 1565/1565/1565
f 1580/1580/1580 1588/1588/1588 1589/1589/1589
f 1589/1589/1589 1588/1588/1588 1590/1590/1590
f 1591/1591/1591 1592/1592/1592 1593/1593/1593
f 1593/1593/1593 1592/1592/1592 1594/1594/1594
f 1591/1591/1591 1464/1464/1464 1465/1465/1465
f 1595/1595/1595 1556/1556/1556 1596/1596/1596
f 1596/1596/1596 1556/1556/1556 1554/1554/1554
f 1597/1597/1597 1598/1598/1598 1581/1581/1581
f 1581/1581/1581 1598/1598/1598 1583/1583/1583
f 1599/1599/1599 1600/1600/1600 1590/1590/1590
f 1590/1590/1590 1600/1600/1600 1589/1589/1589
f 1591/1591/1591 1465/1465/1465 1468/1468/1468
f 1600/1600/1600 1597/1597/1597 1589/1589/1589
f 1589/1589/1589 1597/1597/1597 1581/1581/1581
f 1579/1579/1579 1582/1582/1582 1578/1578/1578
f 1578/1578/1578 1582/1582/1582 1553/1553/1553
f 1586/1586/1586 1559/1559/1559 1584/1584/1584
f 1584/1584/1584 1559/1559/1559 1508/1508/1508
f 1601/1601/1601 1602/1602/1602 1603/1603/1603
f 1603/1603/1603 1602/1602/1602 1604/1604/1604
f 1605/1605/1605 1606/1606/1606 1607/1607/1607
f 1607/1607/1607 1606/1606/1606 1608/1608/1608
f 1609/1609/1609 1610/1610/1610 1611/1611/1611
f 1611/1611/1611 1610/1610/1610 1612/1612/1612
f 1613/1613/1613 1614/1614/1614 1615/1615/1615
f 1615/1615/1615 1614/1614/1614 1616/1616/1616
f 1617/1617/1617 1618/1618/1618 1619/1619/1619
f 1619/1619/1619 1618/1618/1618 1620/1620/1620
f 1621/1621/1621 1622/1622/1622 1623/1623/1623
f 1623/1623/1623 1622/1622/1622 1624/1624/1624
f 1622/1622/1622 1625/1625/1625 1624/1624/1624
f 1624/1624/1624 1625/1625/1625 1626/1626/1626
f 1479/1479/1479 1601/1601/1601 1603/1603/1603
f 1627/1627/1627 1628/1628/1628 1484/1484/1484
f 1604/1604/1604 1602/1602/1602 1629/1629/1629
f 1629/1629/1629 1602/1602/1602 1630/1630/1630
f 1631/1631/1631 1606/1606/1606 1632/1632/1632
f 1632/1632/1632 1606/1606/1606 1605/1605/1605
f 1479/1479/1479 1480/1480/1480 1601/1601/1601
f 1601/1601/1601 1480/1480/1480 1633/1633/1633
f 1484/1484/1484 1628/1628/1628 1483/1483/1483
f 1483/1483/1483 1628/1628/1628 1634/1634/1634
f 1635/1635/1635 1636/1636/1636 1637/1637/1637
f 1637/1637/1637 1636/1636/1636 1638/1638/1638
f 1639/1639/1639 1640/1640/1640 1641/1641/1641
f 1641/1641/1641 1640/1640/1640 1642/1642/1642
f 1643/1643/1643 1644/1644/1644 1645/1645/1645
f 1645/1645/1645 1644/1644/1644 1646/1646/1646
f 1645/1645/1645 1646/1646/1646 1647/1647/1647
f 1647/1647/1647 1646/1646/1646 1648/1648/1648
f 1554/1554/1554 1583/1583/1583 1596/1596/1596
f 1596/1596/1596 1583/1583/1583 1598/1598/1598
f 1642/1642/1642 1647/1647/1647 1641/1641/1641
f 1641/1641/1641 1647/1647/1647 1648/1648/1648
f 1619/1619/1619 1626/1626/1626 1617/1617/1617
f 1617/1617/1617 1626/1626/1626 1625/1625/1625
f 1579/1579/1579 1580/1580/1580 1581/1581/1581
f 1581/1581/1581 1580/1580/1580 1589/1589/1589
f 1649/1649/1649 1650/1650/1650 1651/1651/1651
f 1651/1651/1651 1650/1650/1650 1652/1652/1652
f 1563/1563/1563 1568/1568/1568 1562/1562/1562
f 1562/1562/1562 1568/1568/1568 1570/1570/1570
f 1564/1564/1564 1576/1576/1576 1563/1563/1563
f 1563/1563/1563 1576/1576/1576 1568/1568/1568
f 1653/1653/1653 1574/1574/1574 1564/1564/1564
f 1564/1564/1564 1574/1574/1574 1576/1576/1576
f 1564/1564/1564 1565/1565/1565 1653/1653/1653
f 1653/1653/1653 1565/1565/1565 1578/1578/1578
f 1592/1592/1592 1654/1654/1654 1594/1594/1594
f 1594/1594/1594 1654/1654/1654 1655/1655/1655
f 1653/1653/1653 1578/1578/1578 1555/1555/1555
f 1555/1555/1555 1578/1578/1578 1553/1553/1553
f 1581/1581/1581 1583/1583/1583 1582/1582/1582
f 1656/1656/1656 1638/1638/1638 1636/1636/1636
f 1576/1576/1576 1577/1577/1577 1568/1568/1568
f 1568/1568/1568 1577/1577/1577 1569/1569/1569
f 1591/1591/1591 1593/1593/1593 1464/1464/1464
f 1657/1657/1657 1599/1599/1599 1658/1658/1658
f 1658/1658/1658 1599/1599/1599 1590/1590/1590
f 1659/1659/1659 1588/1588/1588 1560/1560/1560
f 1560/1560/1560 1588/1588/1588 1561/1561/1561
f 1630/1630/1630 1612/1612/1612 1629/1629/1629
f 1629/1629/1629 1612/1612/1612 1610/1610/1610
f 1654/1654/1654 1657/1657/1657 1655/1655/1655
f 1655/1655/1655 1657/1657/1657 1658/1658/1658
f 1587/1587/1587 1659/1659/1659 1586/1586/1586
f 1586/1586/1586 1659/1659/1659 1560/1560/1560
f 1586/1586/1586 1560/1560/1560 1559/1559/1559
f 1559/1559/1559 1560/1560/1560 1562/1562/1562
f 1562/1562/1562 1570/1570/1570 1559/1559/1559
f 1559/1559/1559 1570/1570/1570 1557/1557/1557
f 1567/1567/1567 1557/1557/1557 1571/1571/1571
f 1571/1571/1571 1557/1557/1557 1570/1570/1570
f 1631/1631/1631 1632/1632/1632 1649/1649/1649
f 1649/1649/1649 1632/1632/1632 1650/1650/1650
f 1537/1537/1537 1538/1538/1538 1546/1546/1546
f 1546/1546/1546 1538/1538/1538 1545/1545/1545
f 1660/1660/1660 1644/1644/1644 1643/1643/1643
f 1611/1611/1611 1621/1621/1621 1609/1609/1609
f 1609/1609/1609 1621/1621/1621 1623/1623/1623
f 1615/1615/1615 1616/1616/1616 1652/1652/1652
f 1652/1652/1652 1616/1616/1616 1651/1651/1651
f 1558/1558/1558 1509/1509/1509 1508/1508/1508
f 1661/1661/1661 1584/1584/1584 1510/1510/1510
f 1510/1510/1510 1584/1584/1584 1508/1508/1508
f 1585/1585/1585 1584/1584/1584 1662/1662/1662
f 1662/1662/1662 1584/1584/1584 1661/1661/1661
f 1487/1487/1487 1486/1486/1486 1566/1566/1566
f 1566/1566/1566 1486/1486/1486 1558/1558/1558
f 1552/1552/1552 1663/1663/1663 1549/1549/1549
f 1548/1548/1548 1552/1552/1552 1549/1549/1549
f 1574/1574/1574 1555/1555/1555 1556/1556/1556
f 1556/1556/1556 1595/1595/1595 1574/1574/1574
f 1574/1574/1574 1595/1595/1595 1575/1575/1575
f 1639/1639/1639 1635/1635/1635 1640/1640/1640
f 1640/1640/1640 1635/1635/1635 1637/1637/1637
f 1614/1614/1614 1613/1613/1613 1618/1618/1618
f 1618/1618/1618 1613/1613/1613 1620/1620/1620
f 1574/1574/1574 1653/1653/1653 1555/1555/1555
f 1594/1594/1594 1585/1585/1585 1664/1664/1664
f 1664/1664/1664 1585/1585/1585 1662/1662/1662
f 1655/1655/1655 1587/1587/1587 1594/1594/1594
f 1594/1594/1594 1587/1587/1587 1585/1585/1585
f 1659/1659/1659 1587/1587/1587 1658/1658/1658
f 1658/1658/1658 1587/1587/1587 1655/1655/1655
f 1658/1658/1658 1590/1590/1590 1659/1659/1659
f 1659/1659/1659 1590/1590/1590 1588/1588/1588
f 1665/1665/1665 1666/1666/1666 1667/1667/1667
f 1668/1668/1668 1669/1669/1669 1670/1670/1670
f 1671/1671/1671 1672/1672/1672 1673/1673/1673
f 1673/1673/1673 1672/1672/1672 1674/1674/1674
f 1674/1674/1674 1672/1672/1672 1667/1667/1667
f 1667/1667/1667 1672/1672/1672 1675/1675/1675
f 1672/1672/1672 1671/1671/1671 1676/1676/1676
f 1676/1676/1676 1671/1671/1671 1677/1677/1677
f 1675/1675/1675 1678/1678/1678 1665/1665/1665
f 1665/1665/1665 1678/1678/1678 1679/1679/1679
f 1665/1665/1665 1679/1679/1679 1680/1680/1680
f 1680/1680/1680 1679/1679/1679 1681/1681/1681
f 1674/1674/1674 1667/1667/1667 1682/1682/1682
f 1682/1682/1682 1667/1667/1667 1666/1666/1666
f 1683/1683/1683 1684/1684/1684 1685/1685/1685
f 1685/1685/1685 1684/1684/1684 1686/1686/1686
f 1687/1687/1687 1688/1688/1688 1689/1689/1689
f 1689/1689/1689 1688/1688/1688 1690/1690/1690
f 1691/1691/1691 1692/1692/1692 1687/1687/1687
f 1687/1687/1687 1692/1692/1692 1688/1688/1688
f 1693/1693/1693 1694/1694/1694 1695/1695/1695
f 1695/1695/1695 1694/1694/1694 1696/1696/1696
f 1697/1697/1697 1698/1698/1698 1699/1699/1699
f 1699/1699/1699 1698/1698/1698 1700/1700/1700
f 1698/1698/1698 1701/1701/1701 1700/1700/1700
f 1700/1700/1700 1701/1701/1701 1702/1702/1702
f 1678/1678/1678 1675/1675/1675 1676/1676/1676
f 1676/1676/1676 1675/1675/1675 1672/1672/1672
f 1693/1693/1693 1695/1695/1695 1701/1701/1701
f 1701/1701/1701 1695/1695/1695 1702/1702/1702
f 1692/1692/1692 1691/1691/1691 1686/1686/1686
f 1686/1686/1686 1691/1691/1691 1685/1685/1685
f 1666/1666/1666 1665/1665/1665 1703/1703/1703
f 1703/1703/1703 1665/1665/1665 1680/1680/1680
f 1674/1674/1674 1682/1682/1682 1673/1673/1673
f 1673/1673/1673 1682/1682/1682 1704/1704/1704
f 1665/1665/1665 1667/1667/1667 1675/1675/1675
f 1705/1705/1705 1669/1669/1669 1706/1706/1706
f 1670/1670/1670 1669/1669/1669 1705/1705/1705
f 1707/1707/1707 1671/1671/1671 1673/1673/1673
f 1708/1708/1708 1677/1677/1677 1707/1707/1707
f 1707/1707/1707 1677/1677/1677 1671/1671/1671
f 1696/1696/1696 1694/1694/1694 1709/1709/1709
f 1709/1709/1709 1694/1694/1694 1710/1710/1710
f 1683/1683/1683 1711/1711/1711 1684/1684/1684
f 1684/1684/1684 1711/1711/1711 1712/1712/1712
f 1707/1707/1707 1673/1673/1673 1704/1704/1704
f 1713/1713/1713 1714/1714/1714 1715/1715/1715
f 1716/1716/1716 1717/1717/1717 1718/1718/1718
f 1717/1717/1717 1719/1719/1719 1718/1718/1718
f 1718/1718/1718 1719/1719/1719 1720/1720/1720
f 1721/1721/1721 1722/1722/1722 1723/1723/1723
f 1724/1724/1724 1725/1725/1725 1726/1726/1726
f 1727/1727/1727 1720/1720/1720 1719/1719/1719
f 1728/1728/1728 1725/1725/1725 1724/1724/1724
f 1729/1729/1729 1730/1730/1730 1731/1731/1731
f 1732/1732/1732 1733/1733/1733 1734/1734/1734
f 1734/1734/1734 1733/1733/1733 1735/1735/1735
f 1736/1736/1736 1737/1737/1737 1738/1738/1738
f 1738/1738/1738 1737/1737/1737 1739/1739/1739
f 1736/1736/1736 1740/1740/1740 1737/1737/1737
f 1737/1737/1737 1740/1740/1740 1741/1741/1741
f 1742/1742/1742 1743/1743/1743 1744/1744/1744
f 1745/1745/1745 1746/1746/1746 1747/1747/1747
f 1747/1747/1747 1746/1746/1746 1748/1748/1748
f 1749/1749/1749 1750/1750/1750 1751/1751/1751
f 1751/1751/1751 1750/1750/1750 1752/1752/1752
f 1753/1753/1753 1754/1754/1754 1755/1755/1755
f 1756/1756/1756 1757/1757/1757 1758/1758/1758
f 1758/1758/1758 1757/1757/1757 1759/1759/1759
f 1760/1760/1760 1761/1761/1761 1752/1752/1752
f 1752/1752/1752 1761/1761/1761 1751/1751/1751
f 1755/1755/1755 1754/1754/1754 1756/1756/1756
f 1756/1756/1756 1754/1754/1754 1757/1757/1757
f 1762/1762/1762 1763/1763/1763 1764/1764/1764
f 1764/1764/1764 1763/1763/1763 1765/1765/1765
f 1766/1766/1766 1767/1767/1767 1768/1768/1768
f 1768/1768/1768 1767/1767/1767 1769/1769/1769
f 1770/1770/1770 1670/1670/1670 1771/1771/1771
f 1771/1771/1771 1670/1670/1670 1705/1705/1705
f 1768/1768/1768 1770/1770/1770 1766/1766/1766
f 1766/1766/1766 1770/1770/1770 1771/1771/1771
f 1772/1772/1772 1773/1773/1773 1774/1774/1774
f 1774/1774/1774 1773/1773/1773 1775/1775/1775
f 1776/1776/1776 1777/1777/1777 1778/1778/1778
f 1778/1778/1778 1777/1777/1777 1779/1779/1779
f 1778/1778/1778 1779/1779/1779 1780/1780/1780
f 1780/1780/1780 1779/1779/1779 1781/1781/1781
f 1774/1774/1774 1782/1782/1782 1772/1772/1772
f 1772/1772/1772 1782/1782/1782 1783/1783/1783
f 1784/1784/1784 1785/1785/1785 1786/1786/1786
f 1787/1787/1787 1788/1788/1788 1789/1789/1789
f 1789/1789/1789 1788/1788/1788 1790/1790/1790
f 1782/1782/1782 1791/1791/1791 1783/1783/1783
f 1792/1792/1792 1791/1791/1791 1793/1793/1793
f 1793/1793/1793 1791/1791/1791 1782/1782/1782
f 1794/1794/1794 1708/1708/1708 1795/1795/1795
f 1795/1795/1795 1708/1708/1708 1707/1707/1707
f 1682/1682/1682 1666/1666/1666 1780/1780/1780
f 1780/1780/1780 1666/1666/1666 1703/1703/1703
f 1796/1796/1796 1797/1797/1797 1798/1798/1798
f 1798/1798/1798 1797/1797/1797 1799/1799/1799
f 1780/1780/1780 1703/1703/1703 1778/1778/1778
f 1778/1778/1778 1703/1703/1703 1800/1800/1800
f 1703/1703/1703 1680/1680/1680 1800/1800/1800
f 1800/1800/1800 1680/1680/1680 1801/1801/1801
f 1802/1802/1802 1803/1803/1803 1804/1804/1804
f 1804/1804/1804 1803/1803/1803 1805/1805/1805
f 1806/1806/1806 1807/1807/1807 1808/1808/1808
f 1809/1809/1809 1806/1806/1806 1810/1810/1810
f 1810/1810/1810 1806/1806/1806 1808/1808/1808
f 1680/1680/1680 1681/1681/1681 1801/1801/1801
f 1801/1801/1801 1681/1681/1681 1811/1811/1811
f 1805/1805/1805 1807/1807/1807 1812/1812/1812
f 1797/1797/1797 1796/1796/1796 1773/1773/1773
f 1773/1773/1773 1796/1796/1796 1775/1775/1775
f 1813/1813/1813 1814/1814/1814 1784/1784/1784
f 1784/1784/1784 1814/1814/1814 1785/1785/1785
f 1815/1815/1815 1816/1816/1816 1817/1817/1817
f 1817/1817/1817 1816/1816/1816 1818/1818/1818
f 1819/1819/1819 1820/1820/1820 1821/1821/1821
f 1821/1821/1821 1820/1820/1820 1822/1822/1822
f 1823/1823/1823 1824/1824/1824 1825/1825/1825
f 1825/1825/1825 1824/1824/1824 1826/1826/1826
f 1823/1823/1823 1827/1827/1827 1824/1824/1824
f 1824/1824/1824 1827/1827/1827 1828/1828/1828
f 1829/1829/1829 1830/1830/1830 1831/1831/1831
f 1831/1831/1831 1830/1830/1830 1832/1832/1832
f 1711/1711/1711 1833/1833/1833 1712/1712/1712
f 1712/1712/1712 1833/1833/1833 1834/1834/1834
f 1827/1827/1827 1817/1817/1817 1818/1818/1818
f 1835/1835/1835 1836/1836/1836 1837/1837/1837
f 1825/1825/1825 1826/1826/1826 1838/1838/1838
f 1838/1838/1838 1826/1826/1826 1839/1839/1839
f 1838/1838/1838 1839/1839/1839 1836/1836/1836
f 1836/1836/1836 1839/1839/1839 1840/1840/1840
f 1815/1815/1815 1841/1841/1841 1816/1816/1816
f 1816/1816/1816 1841/1841/1841 1842/1842/1842
f 1819/1819/1819 1821/1821/1821 1843/1843/1843
f 1843/1843/1843 1821/1821/1821 1844/1844/1844
f 1845/1845/1845 1828/1828/1828 1818/1818/1818
f 1818/1818/1818 1828/1828/1828 1827/1827/1827
f 1846/1846/1846 1837/1837/1837 1840/1840/1840
f 1840/1840/1840 1837/1837/1837 1836/1836/1836
f 1847/1847/1847 1848/1848/1848 1710/1710/1710
f 1710/1710/1710 1848/1848/1848 1709/1709/1709
f 1849/1849/1849 1850/1850/1850 1851/1851/1851
f 1851/1851/1851 1850/1850/1850 1852/1852/1852
f 1779/1779/1779 1777/1777/1777 1790/1790/1790
f 1790/1790/1790 1777/1777/1777 1789/1789/1789
f 1781/1781/1781 1779/1779/1779 1795/1795/1795
f 1795/1795/1795 1779/1779/1779 1790/1790/1790
f 1704/1704/1704 1781/1781/1781 1707/1707/1707
f 1707/1707/1707 1781/1781/1781 1795/1795/1795
f 1682/1682/1682 1780/1780/1780 1704/1704/1704
f 1704/1704/1704 1780/1780/1780 1781/1781/1781
f 1803/1803/1803 1802/1802/1802 1853/1853/1853
f 1853/1853/1853 1802/1802/1802 1715/1715/1715
f 1854/1854/1854 1848/1848/1848 1847/1847/1847
f 1788/1788/1788 1794/1794/1794 1790/1790/1790
f 1790/1790/1790 1794/1794/1794 1795/1795/1795
f 1806/1806/1806 1812/1812/1812 1807/1807/1807
f 1801/1801/1801 1811/1811/1811 1713/1713/1713
f 1713/1713/1713 1811/1811/1811 1714/1714/1714
f 1778/1778/1778 1800/1800/1800 1776/1776/1776
f 1776/1776/1776 1800/1800/1800 1855/1855/1855
f 1830/1830/1830 1829/1829/1829 1841/1841/1841
f 1841/1841/1841 1829/1829/1829 1842/1842/1842
f 1715/1715/1715 1714/1714/1714 1853/1853/1853
f 1776/1776/1776 1855/1855/1855 1797/1797/1797
f 1797/1797/1797 1855/1855/1855 1799/1799/1799
f 1777/1777/1777 1776/1776/1776 1773/1773/1773
f 1773/1773/1773 1776/1776/1776 1797/1797/1797
f 1772/1772/1772 1789/1789/1789 1773/1773/1773
f 1773/1773/1773 1789/1789/1789 1777/1777/1777
f 1783/1783/1783 1787/1787/1787 1772/1772/1772
f 1772/1772/1772 1787/1787/1787 1789/1789/1789
f 1851/1851/1851 1843/1843/1843 1849/1849/1849
f 1849/1849/1849 1843/1843/1843 1844/1844/1844
f 1767/1767/1767 1761/1761/1761 1769/1769/1769
f 1769/1769/1769 1761/1761/1761 1760/1760/1760
f 1856/1856/1856 1697/1697/1697 1699/1699/1699
f 1831/1831/1831 1832/1832/1832 1690/1690/1690
f 1690/1690/1690 1832/1832/1832 1689/1689/1689
f 1833/1833/1833 1852/1852/1852 1834/1834/1834
f 1834/1834/1834 1852/1852/1852 1850/1850/1850
f 1857/1857/1857 1858/1858/1858 1796/1796/1796
f 1796/1796/1796 1858/1858/1858 1775/1775/1775
f 1857/1857/1857 1796/1796/1796 1859/1859/1859
f 1859/1859/1859 1796/1796/1796 1798/1798/1798
f 1774/1774/1774 1860/1860/1860 1782/1782/1782
f 1782/1782/1782 1860/1860/1860 1793/1793/1793
f 1798/1798/1798 1799/1799/1799 1802/1802/1802
f 1802/1802/1802 1799/1799/1799 1715/1715/1715
f 1855/1855/1855 1713/1713/1713 1799/1799/1799
f 1799/1799/1799 1713/1713/1713 1715/1715/1715
f 1800/1800/1800 1801/1801/1801 1855/1855/1855
f 1855/1855/1855 1801/1801/1801 1713/1713/1713
f 1861/1861/1861 1862/1862/1862 1863/1863/1863
f 1864/1864/1864 1723/1723/1723 1865/1865/1865
f 1865/1865/1865 1723/1723/1723 1722/1722/1722
f 1866/1866/1866 1867/1867/1867 1728/1728/1728
f 1728/1728/1728 1867/1867/1867 1725/1725/1725
f 1868/1868/1868 1869/1869/1869 1870/1870/1870
f 1870/1870/1870 1869/1869/1869 1866/1866/1866
f 1716/1716/1716 1718/1718/1718 1871/1871/1871
f 1871/1871/1871 1718/1718/1718 1872/1872/1872
f 1872/1872/1872 1718/1718/1718 1873/1873/1873
f 1872/1872/1872 1873/1873/1873 1862/1862/1862
f 1863/1863/1863 1874/1874/1874 1861/1861/1861
f 1861/1861/1861 1874/1874/1874 1875/1875/1875
f 1875/1875/1875 1874/1874/1874 1870/1870/1870
f 1870/1870/1870 1874/1874/1874 1868/1868/1868
f 1863/1863/1863 1862/1862/1862 1873/1873/1873
f 1718/1718/1718 1720/1720/1720 1873/1873/1873
f 1869/1869/1869 1867/1867/1867 1866/1866/1866
f 1716/1716/1716 1871/1871/1871 1722/1722/1722
f 1722/1722/1722 1871/1871/1871 1865/1865/1865
f 1876/1876/1876 1730/1730/1730 1729/1729/1729
f 1877/1877/1877 1878/1878/1878 1879/1879/1879
f 1879/1879/1879 1878/1878/1878 1880/1880/1880
f 1881/1881/1881 1882/1882/1882 1883/1883/1883
f 1883/1883/1883 1882/1882/1882 1884/1884/1884
f 1881/1881/1881 1883/1883/1883 1885/1885/1885
f 1885/1885/1885 1883/1883/1883 1886/1886/1886
f 1885/1885/1885 1886/1886/1886 1732/1732/1732
f 1732/1732/1732 1886/1886/1886 1733/1733/1733
f 1887/1887/1887 1879/1879/1879 1888/1888/1888
f 1888/1888/1888 1879/1879/1879 1880/1880/1880
f 1745/1745/1745 1747/1747/1747 1889/1889/1889
f 1889/1889/1889 1747/1747/1747 1890/1890/1890
f 1891/1891/1891 1743/1743/1743 1742/1742/1742
f 1740/1740/1740 1892/1892/1892 1741/1741/1741
f 1741/1741/1741 1892/1892/1892 1893/1893/1893
f 1738/1738/1738 1739/1739/1739 1876/1876/1876
f 1876/1876/1876 1739/1739/1739 1894/1894/1894
f 1889/1889/1889 1890/1890/1890 1877/1877/1877
f 1877/1877/1877 1890/1890/1890 1878/1878/1878
f 1895/1895/1895 1896/1896/1896 1897/1897/1897
f 1897/1897/1897 1896/1896/1896 1898/1898/1898
f 1898/1898/1898 1784/1784/1784 1897/1897/1897
f 1897/1897/1897 1784/1784/1784 1786/1786/1786
f 1793/1793/1793 1897/1897/1897 1792/1792/1792
f 1792/1792/1792 1897/1897/1897 1786/1786/1786
f 1805/1805/1805 1812/1812/1812 1899/1899/1899
f 1900/1900/1900 1901/1901/1901 1902/1902/1902
f 1902/1902/1902 1901/1901/1901 1903/1903/1903
f 1903/1903/1903 1901/1901/1901 1812/1812/1812
f 1812/1812/1812 1901/1901/1901 1899/1899/1899
f 1902/1902/1902 1903/1903/1903 1809/1809/1809
f 1809/1809/1809 1903/1903/1903 1806/1806/1806
f 1904/1904/1904 1905/1905/1905 1896/1896/1896
f 1896/1896/1896 1905/1905/1905 1898/1898/1898
f 1905/1905/1905 1813/1813/1813 1898/1898/1898
f 1898/1898/1898 1813/1813/1813 1784/1784/1784
f 1903/1903/1903 1812/1812/1812 1806/1806/1806
f 1805/1805/1805 1899/1899/1899 1804/1804/1804
f 1906/1906/1906 1793/1793/1793 1860/1860/1860
f 1858/1858/1858 1907/1907/1907 1775/1775/1775
f 1775/1775/1775 1907/1907/1907 1774/1774/1774
f 1906/1906/1906 1897/1897/1897 1793/1793/1793
f 1895/1895/1895 1897/1897/1897 1906/1906/1906
f 1859/1859/1859 1798/1798/1798 1908/1908/1908
f 1908/1908/1908 1798/1798/1798 1802/1802/1802
f 1909/1909/1909 1865/1865/1865 1871/1871/1871
f 1910/1910/1910 1911/1911/1911 1912/1912/1912
f 1912/1912/1912 1911/1911/1911 1913/1913/1913
f 1912/1912/1912 1909/1909/1909 1910/1910/1910
f 1910/1910/1910 1909/1909/1909 1914/1914/1914
f 1915/1915/1915 1916/1916/1916 1917/1917/1917
f 1917/1917/1917 1916/1916/1916 1918/1918/1918
f 1919/1919/1919 1915/1915/1915 1920/1920/1920
f 1920/1920/1920 1915/1915/1915 1917/1917/1917
f 1921/1921/1921 1922/1922/1922 1923/1923/1923
f 1923/1923/1923 1922/1922/1922 1924/1924/1924
f 1922/1922/1922 1919/1919/1919 1924/1924/1924
f 1924/1924/1924 1919/1919/1919 1920/1920/1920
f 1925/1925/1925 1926/1926/1926 1909/1909/1909
f 1909/1909/1909 1926/1926/1926 1914/1914/1914
f 1926/1926/1926 1925/1925/1925 1923/1923/1923
f 1923/1923/1923 1925/1925/1925 1921/1921/1921
f 1913/1913/1913 1864/1864/1864 1912/1912/1912
f 1912/1912/1912 1864/1864/1864 1865/1865/1865
f 1912/1912/1912 1865/1865/1865 1909/1909/1909
f 1866/1866/1866 1916/1916/1916 1870/1870/1870
f 1870/1870/1870 1916/1916/1916 1915/1915/1915
f 1870/1870/1870 1915/1915/1915 1875/1875/1875
f 1875/1875/1875 1915/1915/1915 1919/1919/1919
f 1861/1861/1861 1875/1875/1875 1922/1922/1922
f 1922/1922/1922 1875/1875/1875 1919/1919/1919
f 1909/1909/1909 1871/1871/1871 1925/1925/1925
f 1925/1925/1925 1871/1871/1871 1872/1872/1872
f 1872/1872/1872 1862/1862/1862 1925/1925/1925
f 1925/1925/1925 1862/1862/1862 1921/1921/1921
f 1862/1862/1862 1861/1861/1861 1921/1921/1921
f 1921/1921/1921 1861/1861/1861 1922/1922/1922
f 1927/1927/1927 1928/1928/1928 1929/1929/1929
f 1930/1930/1930 1931/1931/1931 1932/1932/1932
f 1932/1932/1932 1931/1931/1931 1933/1933/1933
f 1934/1934/1934 1935/1935/1935 1927/1927/1927
f 1936/1936/1936 1937/1937/1937 1938/1938/1938
f 1937/1937/1937 1939/1939/1939 1938/1938/1938
f 1931/1931/1931 1929/1929/1929 1933/1933/1933
f 1933/1933/1933 1929/1929/1929 1928/1928/1928
f 1940/1940/1940 1941/1941/1941 1932/1932/1932
f 1932/1932/1932 1941/1941/1941 1930/1930/1930
f 1942/1942/1942 1943/1943/1943 1934/1934/1934
f 1934/1934/1934 1943/1943/1943 1935/1935/1935
f 1944/1944/1944 1927/1927/1927 1929/1929/1929
f 1944/1944/1944 1934/1934/1934 1927/1927/1927
f 1944/1944/1944 1942/1942/1942 1934/1934/1934
f 1944/1944/1944 1945/1945/1945 1942/1942/1942
f 1941/1941/1941 1945/1945/1945 1944/1944/1944
f 1930/1930/1930 1941/1941/1941 1944/1944/1944
f 1931/1931/1931 1930/1930/1930 1944/1944/1944
f 1944/1944/1944 1929/1929/1929 1931/1931/1931
f 1946/1946/1946 1947/1947/1947 1948/1948/1948
f 1949/1949/1949 1950/1950/1950 1951/1951/1951
f 1952/1952/1952 1953/1953/1953 1954/1954/1954
f 1954/1954/1954 1953/1953/1953 1955/1955/1955
f 1946/1946/1946 1948/1948/1948 1956/1956/1956
f 1956/1956/1956 1948/1948/1948 1957/1957/1957
f 1958/1958/1958 1959/1959/1959 1960/1960/1960
f 1961/1961/1961 1962/1962/1962 1963/1963/1963
f 1961/1961/1961 1963/1963/1963 1964/1964/1964
f 1965/1965/1965 1948/1948/1948 1947/1947/1947
f 1965/1965/1965 1949/1949/1949 1951/1951/1951
f 1966/1966/1966 1939/1939/1939 1967/1967/1967
f 1967/1967/1967 1968/1968/1968 1969/1969/1969
f 1966/1966/1966 1967/1967/1967 1970/1970/1970
f 1970/1970/1970 1967/1967/1967 1969/1969/1969
f 1966/1966/1966 1970/1970/1970 1971/1971/1971
f 1938/1938/1938 1939/1939/1939 1966/1966/1966
f 1972/1972/1972 1973/1973/1973 1974/1974/1974
f 1975/1975/1975 1976/1976/1976 1977/1977/1977
f 1977/1977/1977 1976/1976/1976 1978/1978/1978
f 1979/1979/1979 1977/1977/1977 1978/1978/1978
f 1962/1962/1962 1961/1961/1961 1980/1980/1980
f 1980/1980/1980 1961/1961/1961 1981/1981/1981
f 1982/1982/1982 1983/1983/1983 1984/1984/1984
f 1984/1984/1984 1983/1983/1983 1985/1985/1985
f 1986/1986/1986 1987/1987/1987 1988/1988/1988
f 1988/1988/1988 1987/1987/1987 1989/1989/1989
f 1990/1990/1990 1989/1989/1989 1979/1979/1979
f 1979/1979/1979 1989/1989/1989 1987/1987/1987
f 1979/1979/1979 1978/1978/1978 1990/1990/1990
f 1990/1990/1990 1978/1978/1978 1991/1991/1991
f 1991/1991/1991 1978/1978/1978 1992/1992/1992
f 1992/1992/1992 1978/1978/1978 1976/1976/1976
f 1985/1985/1985 1993/1993/1993 1994/1994/1994
f 1995/1995/1995 1996/1996/1996 1997/1997/1997
f 1997/1997/1997 1996/1996/1996 1998/1998/1998
f 1999/1999/1999 2000/2000/2000 2001/2001/2001
f 2001/2001/2001 2000/2000/2000 2002/2002/2002
f 2003/2003/2003 2004/2004/2004 2005/2005/2005
f 2005/2005/2005 2004/2004/2004 2006/2006/2006
f 2007/2007/2007 2008/2008/2008 2009/2009/2009
f 2009/2009/2009 2008/2008/2008 2010/2010/2010
f 2005/2005/2005 2007/2007/2007 2003/2003/2003
f 2003/2003/2003 2007/2007/2007 2009/2009/2009
f 1994/1994/1994 2011/2011/2011 2012/2012/2012
f 2012/2012/2012 2011/2011/2011 1974/1974/1974
f 2013/2013/2013 2014/2014/2014 2015/2015/2015
f 2015/2015/2015 2014/2014/2014 2016/2016/2016
f 2015/2015/2015 2012/2012/2012 2013/2013/2013
f 2013/2013/2013 2012/2012/2012 1974/1974/1974
f 2017/2017/2017 2018/2018/2018 2019/2019/2019
f 2019/2019/2019 2018/2018/2018 2020/2020/2020
f 2006/2006/2006 2004/2004/2004 2021/2021/2021
f 2021/2021/2021 2004/2004/2004 2022/2022/2022
f 1993/1993/1993 2023/2023/2023 1994/1994/1994
f 1994/1994/1994 2023/2023/2023 2011/2011/2011
f 1980/1980/1980 1981/1981/1981 2024/2024/2024
f 2024/2024/2024 1981/1981/1981 2025/2025/2025
f 1973/1973/1973 2026/2026/2026 2013/2013/2013
f 2013/2013/2013 2026/2026/2026 2014/2014/2014
f 1974/1974/1974 1973/1973/1973 2013/2013/2013
f 2011/2011/2011 1972/1972/1972 1974/1974/1974
f 2027/2027/2027 2028/2028/2028 2029/2029/2029
f 2029/2029/2029 2028/2028/2028 2030/2030/2030
f 2031/2031/2031 2032/2032/2032 2007/2007/2007
f 2007/2007/2007 2032/2032/2032 2008/2008/2008
f 2005/2005/2005 2031/2031/2031 2007/2007/2007
f 2006/2006/2006 2033/2033/2033 2005/2005/2005
f 2034/2034/2034 2033/2033/2033 2021/2021/2021
f 2021/2021/2021 2033/2033/2033 2006/2006/2006
f 2034/2034/2034 2021/2021/2021 2017/2017/2017
f 2017/2017/2017 2021/2021/2021 2018/2018/2018
f 2035/2035/2035 1995/1995/1995 2036/2036/2036
f 2036/2036/2036 1995/1995/1995 1997/1997/1997
f 2030/2030/2030 2035/2035/2035 2029/2029/2029
f 2029/2029/2029 2035/2035/2035 2036/2036/2036
f 2037/2037/2037 1981/1981/1981 1964/1964/1964
f 1964/1964/1964 1981/1981/1981 1961/1961/1961
f 2038/2038/2038 2039/2039/2039 2040/2040/2040
f 2038/2038/2038 2040/2040/2040 2041/2041/2041
f 2042/2042/2042 2038/2038/2038 2041/2041/2041
f 2037/2037/2037 2042/2042/2042 2041/2041/2041
f 2041/2041/2041 2025/2025/2025 2037/2037/2037
f 2037/2037/2037 2025/2025/2025 1981/1981/1981
f 2043/2043/2043 2025/2025/2025 2041/2041/2041
f 2024/2024/2024 2025/2025/2025 2044/2044/2044
f 2044/2044/2044 2025/2025/2025 2043/2043/2043
f 2045/2045/2045 2024/2024/2024 2044/2044/2044
f 2046/2046/2046 1999/1999/1999 2047/2047/2047
f 2047/2047/2047 1999/1999/1999 2001/2001/2001
f 2048/2048/2048 2046/2046/2046 2049/2049/2049
f 2049/2049/2049 2046/2046/2046 2047/2047/2047
f 2021/2021/2021 2022/2022/2022 2018/2018/2018
f 2050/2050/2050 2051/2051/2051 2052/2052/2052
f 2052/2052/2052 2051/2051/2051 2053/2053/2053
f 2049/2049/2049 2053/2053/2053 2048/2048/2048
f 2048/2048/2048 2053/2053/2053 2051/2051/2051
f 2005/2005/2005 2033/2033/2033 2031/2031/2031
f 1980/1980/1980 2054/2054/2054 2055/2055/2055
f 2056/2056/2056 2057/2057/2057 2058/2058/2058
f 2059/2059/2059 2060/2060/2060 2061/2061/2061
f 2061/2061/2061 2060/2060/2060 2062/2062/2062
f 1976/1976/1976 1975/1975/1975 2062/2062/2062
f 2062/2062/2062 1975/1975/1975 2061/2061/2061
f 1936/1936/1936 1938/1938/1938 2063/2063/2063
f 2063/2063/2063 1938/1938/1938 2064/2064/2064
f 1980/1980/1980 2055/2055/2055 1962/1962/1962
f 1962/1962/1962 2055/2055/2055 2065/2065/2065
f 2066/2066/2066 2063/2063/2063 2064/2064/2064
f 2067/2067/2067 2065/2065/2065 2068/2068/2068
f 2068/2068/2068 2065/2065/2065 2055/2055/2055
f 2069/2069/2069 2059/2059/2059 2070/2070/2070
f 2070/2070/2070 2059/2059/2059 2061/2061/2061
f 2071/2071/2071 2072/2072/2072 2073/2073/2073
f 2073/2073/2073 2072/2072/2072 2060/2060/2060
f 2072/2072/2072 2071/2071/2071 2074/2074/2074
f 2075/2075/2075 2076/2076/2076 2077/2077/2077
f 2077/2077/2077 2076/2076/2076 2069/2069/2069
f 2024/2024/2024 2054/2054/2054 1980/1980/1980
f 2060/2060/2060 2072/2072/2072 2062/2062/2062
f 2062/2062/2062 2072/2072/2072 2078/2078/2078
f 2018/2018/2018 2079/2079/2079 2020/2020/2020
f 1992/1992/1992 2062/2062/2062 2078/2078/2078
f 1982/1982/1982 2080/2080/2080 1983/1983/1983
f 1983/1983/1983 2080/2080/2080 2081/2081/2081
f 2076/2076/2076 2082/2082/2082 2069/2069/2069
f 2069/2069/2069 2082/2082/2082 2059/2059/2059
f 2082/2082/2082 2073/2073/2073 2059/2059/2059
f 2059/2059/2059 2073/2073/2073 2060/2060/2060
f 1992/1992/1992 1976/1976/1976 2062/2062/2062
f 2068/2068/2068 2055/2055/2055 2083/2083/2083
f 2083/2083/2083 2055/2055/2055 2054/2054/2054
f 1954/1954/1954 1955/1955/1955 2084/2084/2084
f 2064/2064/2064 2085/2085/2085 2086/2086/2086
f 2086/2086/2086 2085/2085/2085 2087/2087/2087
f 2088/2088/2088 2089/2089/2089 2090/2090/2090
f 2091/2091/2091 2092/2092/2092 2093/2093/2093
f 2065/2065/2065 2067/2067/2067 2094/2094/2094
f 2094/2094/2094 2067/2067/2067 2092/2092/2092
f 1963/1963/1963 1962/1962/1962 2095/2095/2095
f 2054/2054/2054 2024/2024/2024 2045/2045/2045
f 2096/2096/2096 2097/2097/2097 2098/2098/2098
f 2098/2098/2098 2097/2097/2097 2099/2099/2099
f 2078/2078/2078 2072/2072/2072 2100/2100/2100
f 2100/2100/2100 2072/2072/2072 2074/2074/2074
f 2000/2000/2000 2101/2101/2101 2002/2002/2002
f 2002/2002/2002 2101/2101/2101 2102/2102/2102
f 2103/2103/2103 2104/2104/2104 2054/2054/2054
f 2054/2054/2054 2104/2104/2104 2083/2083/2083
f 2105/2105/2105 2106/2106/2106 2107/2107/2107
f 2107/2107/2107 2106/2106/2106 2108/2108/2108
f 1983/1983/1983 2109/2109/2109 1985/1985/1985
f 2081/2081/2081 2109/2109/2109 1983/1983/1983
f 2098/2098/2098 2099/2099/2099 2110/2110/2110
f 2110/2110/2110 2099/2099/2099 2111/2111/2111
f 2108/2108/2108 2104/2104/2104 2107/2107/2107
f 2107/2107/2107 2104/2104/2104 2103/2103/2103
f 2103/2103/2103 2054/2054/2054 2045/2045/2045
f 2110/2110/2110 2111/2111/2111 2027/2027/2027
f 2027/2027/2027 2111/2111/2111 2028/2028/2028
f 1993/1993/1993 2109/2109/2109 2023/2023/2023
f 1985/1985/1985 2109/2109/2109 1993/1993/1993
f 1947/1947/1947 1946/1946/1946 2112/2112/2112
f 2113/2113/2113 2114/2114/2114 2115/2115/2115
f 2115/2115/2115 2114/2114/2114 2116/2116/2116
f 2117/2117/2117 2118/2118/2118 2116/2116/2116
f 2116/2116/2116 2118/2118/2118 2115/2115/2115
f 2117/2117/2117 2119/2119/2119 2118/2118/2118
f 2118/2118/2118 2119/2119/2119 2120/2120/2120
f 2121/2121/2121 2120/2120/2120 2122/2122/2122
f 2122/2122/2122 2120/2120/2120 2119/2119/2119
f 2123/2123/2123 2124/2124/2124 2125/2125/2125
f 2095/2095/2095 1962/1962/1962 2126/2126/2126
f 2065/2065/2065 2094/2094/2094 2127/2127/2127
f 2127/2127/2127 2094/2094/2094 2128/2128/2128
f 2129/2129/2129 2130/2130/2130 2089/2089/2089
f 2088/2088/2088 2131/2131/2131 2089/2089/2089
f 2089/2089/2089 2131/2131/2131 2129/2129/2129
f 2088/2088/2088 2132/2132/2132 2131/2131/2131
f 2131/2131/2131 2132/2132/2132 2133/2133/2133
f 2132/2132/2132 2134/2134/2134 2133/2133/2133
f 2087/2087/2087 2085/2085/2085 2135/2135/2135
f 1966/1966/1966 2085/2085/2085 2064/2064/2064
f 2135/2135/2135 2085/2085/2085 1971/1971/1971
f 1971/1971/1971 2085/2085/2085 1966/1966/1966
f 2064/2064/2064 1938/1938/1938 1966/1966/1966
f 2066/2066/2066 2064/2064/2064 2086/2086/2086
f 2114/2114/2114 2113/2113/2113 2136/2136/2136
f 2136/2136/2136 2137/2137/2137 2114/2114/2114
f 2114/2114/2114 2137/2137/2137 2138/2138/2138
f 2114/2114/2114 2138/2138/2138 2116/2116/2116
f 2116/2116/2116 2138/2138/2138 2139/2139/2139
f 2140/2140/2140 2117/2117/2117 2139/2139/2139
f 2139/2139/2139 2117/2117/2117 2116/2116/2116
f 2140/2140/2140 2141/2141/2141 2117/2117/2117
f 2117/2117/2117 2141/2141/2141 2119/2119/2119
f 2122/2122/2122 2119/2119/2119 2142/2142/2142
f 2142/2142/2142 2119/2119/2119 2141/2141/2141
f 2143/2143/2143 2144/2144/2144 2145/2145/2145
f 2145/2145/2145 2144/2144/2144 2146/2146/2146
f 2092/2092/2092 2091/2091/2091 2094/2094/2094
f 2147/2147/2147 2094/2094/2094 2091/2091/2091
f 2126/2126/2126 1962/1962/1962 2127/2127/2127
f 2127/2127/2127 1962/1962/1962 2065/2065/2065
f 2148/2148/2148 2149/2149/2149 2150/2150/2150
f 2151/2151/2151 2152/2152/2152 2153/2153/2153
f 2153/2153/2153 2152/2152/2152 2154/2154/2154
f 2155/2155/2155 2156/2156/2156 2157/2157/2157
f 2157/2157/2157 2156/2156/2156 2158/2158/2158
f 2057/2057/2057 2154/2154/2154 2159/2159/2159
f 2159/2159/2159 2154/2154/2154 2152/2152/2152
f 2160/2160/2160 2151/2151/2151 2161/2161/2161
f 2161/2161/2161 2151/2151/2151 2153/2153/2153
f 2162/2162/2162 2163/2163/2163 2164/2164/2164
f 2164/2164/2164 2163/2163/2163 2165/2165/2165
f 2166/2166/2166 2167/2167/2167 2168/2168/2168
f 2169/2169/2169 2170/2170/2170 2171/2171/2171
f 2167/2167/2167 2166/2166/2166 2172/2172/2172
f 2172/2172/2172 2166/2166/2166 2173/2173/2173
f 2159/2159/2159 2152/2152/2152 2155/2155/2155
f 2155/2155/2155 2152/2152/2152 2156/2156/2156
f 2151/2151/2151 2156/2156/2156 2152/2152/2152
f 2157/2157/2157 2174/2174/2174 2175/2175/2175
f 2175/2175/2175 2174/2174/2174 2176/2176/2176
f 2177/2177/2177 2176/2176/2176 2174/2174/2174
f 2058/2058/2058 2057/2057/2057 2159/2159/2159
f 2158/2158/2158 2174/2174/2174 2157/2157/2157
f 2058/2058/2058 2159/2159/2159 2178/2178/2178
f 2178/2178/2178 2159/2159/2159 2155/2155/2155
f 2178/2178/2178 2155/2155/2155 2175/2175/2175
f 2175/2175/2175 2155/2155/2155 2157/2157/2157
f 2179/2179/2179 2167/2167/2167 2180/2180/2180
f 2180/2180/2180 2167/2167/2167 2172/2172/2172
f 2181/2181/2181 2182/2182/2182 2183/2183/2183
f 2184/2184/2184 2185/2185/2185 2186/2186/2186
f 2187/2187/2187 2184/2184/2184 2186/2186/2186
f 2170/2170/2170 2188/2188/2188 2171/2171/2171
f 2171/2171/2171 2188/2188/2188 2189/2189/2189
f 2088/2088/2088 2090/2090/2090 2190/2190/2190
f 2184/2184/2184 2191/2191/2191 2185/2185/2185
f 2185/2185/2185 2191/2191/2191 2192/2192/2192
f 2193/2193/2193 2194/2194/2194 2195/2195/2195
f 2145/2145/2145 2196/2196/2196 2143/2143/2143
f 2143/2143/2143 2196/2196/2196 2197/2197/2197
f 2166/2166/2166 2197/2197/2197 2173/2173/2173
f 2173/2173/2173 2197/2197/2197 2196/2196/2196
f 2198/2198/2198 2168/2168/2168 2199/2199/2199
f 2200/2200/2200 2201/2201/2201 2202/2202/2202
f 2202/2202/2202 2201/2201/2201 2203/2203/2203
f 2174/2174/2174 2204/2204/2204 2177/2177/2177
f 2205/2205/2205 2179/2179/2179 2150/2150/2150
f 2150/2150/2150 2179/2179/2179 2180/2180/2180
f 2206/2206/2206 2149/2149/2149 2207/2207/2207
f 2207/2207/2207 2149/2149/2149 2148/2148/2148
f 2208/2208/2208 2200/2200/2200 2209/2209/2209
f 2209/2209/2209 2200/2200/2200 2202/2202/2202
f 2150/2150/2150 2149/2149/2149 2205/2205/2205
f 2210/2210/2210 2211/2211/2211 2070/2070/2070
f 2070/2070/2070 2211/2211/2211 2212/2212/2212
f 2077/2077/2077 2069/2069/2069 2212/2212/2212
f 2212/2212/2212 2069/2069/2069 2070/2070/2070
f 2211/2211/2211 2210/2210/2210 2213/2213/2213
f 2213/2213/2213 2210/2210/2210 2214/2214/2214
f 2210/2210/2210 1975/1975/1975 2214/2214/2214
f 2214/2214/2214 1975/1975/1975 1977/1977/1977
f 1975/1975/1975 2210/2210/2210 2061/2061/2061
f 2061/2061/2061 2210/2210/2210 2070/2070/2070
f 1945/1945/1945 2215/2215/2215 1942/1942/1942
f 1942/1942/1942 2215/2215/2215 1943/1943/1943
f 2164/2164/2164 2165/2165/2165 2216/2216/2216
f 2217/2217/2217 2218/2218/2218 2219/2219/2219
f 2220/2220/2220 2219/2219/2219 2221/2221/2221
f 2222/2222/2222 2171/2171/2171 2189/2189/2189
f 2223/2223/2223 2224/2224/2224 2225/2225/2225
f 2226/2226/2226 2224/2224/2224 2223/2223/2223
f 2122/2122/2122 2227/2227/2227 2121/2121/2121
f 2088/2088/2088 2190/2190/2190 2228/2228/2228
f 2229/2229/2229 2228/2228/2228 2190/2190/2190
f 2230/2230/2230 2231/2231/2231 2166/2166/2166
f 2166/2166/2166 2231/2231/2231 2197/2197/2197
f 2198/2198/2198 2230/2230/2230 2168/2168/2168
f 2132/2132/2132 2232/2232/2232 2134/2134/2134
f 2134/2134/2134 2232/2232/2232 2233/2233/2233
f 2234/2234/2234 2226/2226/2226 2221/2221/2221
f 2235/2235/2235 2236/2236/2236 2226/2226/2226
f 2225/2225/2225 2224/2224/2224 2237/2237/2237
f 2237/2237/2237 2224/2224/2224 2238/2238/2238
f 2223/2223/2223 2225/2225/2225 2239/2239/2239
f 2239/2239/2239 2225/2225/2225 2240/2240/2240
f 2220/2220/2220 2241/2241/2241 2219/2219/2219
f 2219/2219/2219 2241/2241/2241 2217/2217/2217
f 2242/2242/2242 2184/2184/2184 2187/2187/2187
f 2223/2223/2223 2220/2220/2220 2226/2226/2226
f 2241/2241/2241 2220/2220/2220 2239/2239/2239
f 2239/2239/2239 2220/2220/2220 2223/2223/2223
f 2187/2187/2187 2243/2243/2243 2242/2242/2242
f 2240/2240/2240 2225/2225/2225 2237/2237/2237
f 2244/2244/2244 2162/2162/2162 2245/2245/2245
f 2246/2246/2246 2170/2170/2170 2247/2247/2247
f 2247/2247/2247 2170/2170/2170 2169/2169/2169
f 2188/2188/2188 2170/2170/2170 2248/2248/2248
f 2248/2248/2248 2170/2170/2170 2246/2246/2246
f 2188/2188/2188 2248/2248/2248 2249/2249/2249
f 2249/2249/2249 2250/2250/2250 2188/2188/2188
f 2188/2188/2188 2250/2250/2250 2189/2189/2189
f 2222/2222/2222 2189/2189/2189 2250/2250/2250
f 2169/2169/2169 2162/2162/2162 2247/2247/2247
f 2247/2247/2247 2162/2162/2162 2244/2244/2244
f 2169/2169/2169 2171/2171/2171 2162/2162/2162
f 2162/2162/2162 2171/2171/2171 2163/2163/2163
f 2226/2226/2226 2236/2236/2236 2224/2224/2224
f 2224/2224/2224 2236/2236/2236 2238/2238/2238
f 2168/2168/2168 2230/2230/2230 2166/2166/2166
f 2142/2142/2142 2227/2227/2227 2122/2122/2122
f 2186/2186/2186 2185/2185/2185 2251/2251/2251
f 1940/1940/1940 2215/2215/2215 1941/1941/1941
f 1941/1941/1941 2215/2215/2215 1945/1945/1945
f 2226/2226/2226 2220/2220/2220 2221/2221/2221
f 2234/2234/2234 2235/2235/2235 2226/2226/2226
f 2088/2088/2088 2228/2228/2228 2132/2132/2132
f 2132/2132/2132 2228/2228/2228 2232/2232/2232
f 2252/2252/2252 2253/2253/2253 2254/2254/2254
f 2156/2156/2156 2255/2255/2255 2158/2158/2158
f 2158/2158/2158 2255/2255/2255 2256/2256/2256
f 2168/2168/2168 2167/2167/2167 2257/2257/2257
f 2258/2258/2258 2256/2256/2256 2259/2259/2259
f 2259/2259/2259 2256/2256/2256 2255/2255/2255
f 2258/2258/2258 2259/2259/2259 2260/2260/2260
f 2261/2261/2261 2262/2262/2262 2257/2257/2257
f 2257/2257/2257 2262/2262/2262 2168/2168/2168
f 2151/2151/2151 2160/2160/2160 2255/2255/2255
f 2255/2255/2255 2160/2160/2160 2259/2259/2259
f 2255/2255/2255 2156/2156/2156 2151/2151/2151
f 2263/2263/2263 2264/2264/2264 2265/2265/2265
f 2265/2265/2265 2264/2264/2264 2266/2266/2266
f 2167/2167/2167 2179/2179/2179 2257/2257/2257
f 2257/2257/2257 2179/2179/2179 2267/2267/2267
f 2268/2268/2268 2269/2269/2269 2270/2270/2270
f 2270/2270/2270 2269/2269/2269 2271/2271/2271
f 2269/2269/2269 2268/2268/2268 2260/2260/2260
f 2260/2260/2260 2268/2268/2268 2272/2272/2272
f 2273/2273/2273 2258/2258/2258 2272/2272/2272
f 2272/2272/2272 2258/2258/2258 2260/2260/2260
f 2256/2256/2256 2258/2258/2258 2274/2274/2274
f 2274/2274/2274 2258/2258/2258 2273/2273/2273
f 2275/2275/2275 2174/2174/2174 2158/2158/2158
f 2276/2276/2276 2277/2277/2277 2278/2278/2278
f 2266/2266/2266 2279/2279/2279 2280/2280/2280
f 2274/2274/2274 2275/2275/2275 2158/2158/2158
f 2263/2263/2263 2265/2265/2265 2281/2281/2281
f 2281/2281/2281 2265/2265/2265 2282/2282/2282
f 2283/2283/2283 2284/2284/2284 2285/2285/2285
f 2285/2285/2285 2284/2284/2284 2286/2286/2286
f 2274/2274/2274 2158/2158/2158 2256/2256/2256
f 2287/2287/2287 2288/2288/2288 2289/2289/2289
f 2289/2289/2289 2288/2288/2288 2290/2290/2290
f 2291/2291/2291 2292/2292/2292 2293/2293/2293
f 2293/2293/2293 2292/2292/2292 2294/2294/2294
f 2295/2295/2295 2296/2296/2296 2297/2297/2297
f 2297/2297/2297 2296/2296/2296 2298/2298/2298
f 2297/2297/2297 2298/2298/2298 2291/2291/2291
f 2291/2291/2291 2298/2298/2298 2292/2292/2292
f 2299/2299/2299 2300/2300/2300 2276/2276/2276
f 2276/2276/2276 2300/2300/2300 2277/2277/2277
f 2301/2301/2301 2293/2293/2293 2302/2302/2302
f 2302/2302/2302 2293/2293/2293 2294/2294/2294
f 2303/2303/2303 2304/2304/2304 2279/2279/2279
f 2279/2279/2279 2304/2304/2304 2280/2280/2280
f 2257/2257/2257 2267/2267/2267 2261/2261/2261
f 2261/2261/2261 2267/2267/2267 2305/2305/2305
f 2306/2306/2306 2181/2181/2181 2307/2307/2307
f 2307/2307/2307 2181/2181/2181 2183/2183/2183
f 2308/2308/2308 2309/2309/2309 2310/2310/2310
f 2310/2310/2310 2309/2309/2309 2311/2311/2311
f 2309/2309/2309 2308/2308/2308 2312/2312/2312
f 2312/2312/2312 2308/2308/2308 2313/2313/2313
f 2303/2303/2303 2312/2312/2312 2313/2313/2313
f 2314/2314/2314 2315/2315/2315 2316/2316/2316
f 2316/2316/2316 2315/2315/2315 2317/2317/2317
f 2276/2276/2276 2302/2302/2302 2299/2299/2299
f 2299/2299/2299 2302/2302/2302 2318/2318/2318
f 2284/2284/2284 2283/2283/2283 2319/2319/2319
f 2319/2319/2319 2283/2283/2283 2320/2320/2320
f 2319/2319/2319 2320/2320/2320 2315/2315/2315
f 2315/2315/2315 2320/2320/2320 2317/2317/2317
f 2199/2199/2199 2168/2168/2168 2262/2262/2262
f 2262/2262/2262 2321/2321/2321 2199/2199/2199
f 2322/2322/2322 2321/2321/2321 2261/2261/2261
f 2261/2261/2261 2321/2321/2321 2262/2262/2262
f 2323/2323/2323 2324/2324/2324 2325/2325/2325
f 2323/2323/2323 2326/2326/2326 2324/2324/2324
f 2327/2327/2327 2326/2326/2326 2323/2323/2323
f 2322/2322/2322 2326/2326/2326 2327/2327/2327
f 2261/2261/2261 2305/2305/2305 2322/2322/2322
f 2322/2322/2322 2305/2305/2305 2326/2326/2326
f 2328/2328/2328 2326/2326/2326 2305/2305/2305
f 2328/2328/2328 2305/2305/2305 2329/2329/2329
f 2329/2329/2329 2305/2305/2305 2267/2267/2267
f 2329/2329/2329 2267/2267/2267 2330/2330/2330
f 2330/2330/2330 2267/2267/2267 2179/2179/2179
f 2288/2288/2288 2287/2287/2287 2331/2331/2331
f 2331/2331/2331 2287/2287/2287 2332/2332/2332
f 2331/2331/2331 2332/2332/2332 2333/2333/2333
f 2333/2333/2333 2332/2332/2332 2334/2334/2334
f 2302/2302/2302 2276/2276/2276 2301/2301/2301
f 2275/2275/2275 2204/2204/2204 2174/2174/2174
f 2254/2254/2254 2253/2253/2253 2335/2335/2335
f 2253/2253/2253 2252/2252/2252 2334/2334/2334
f 2334/2334/2334 2252/2252/2252 2333/2333/2333
f 2336/2336/2336 2337/2337/2337 2290/2290/2290
f 2290/2290/2290 2337/2337/2337 2289/2289/2289
f 2265/2265/2265 2266/2266/2266 2338/2338/2338
f 2282/2282/2282 2265/2265/2265 2338/2338/2338
f 2205/2205/2205 2330/2330/2330 2179/2179/2179
f 2209/2209/2209 2314/2314/2314 2208/2208/2208
f 2208/2208/2208 2314/2314/2314 2316/2316/2316
f 2280/2280/2280 2304/2304/2304 2338/2338/2338
f 2266/2266/2266 2280/2280/2280 2338/2338/2338
f 2194/2194/2194 2339/2339/2339 2340/2340/2340
f 2341/2341/2341 2342/2342/2342 2343/2343/2343
f 2343/2343/2343 2342/2342/2342 2344/2344/2344
f 2161/2161/2161 2343/2343/2343 2160/2160/2160
f 2160/2160/2160 2343/2343/2343 2344/2344/2344
f 2345/2345/2345 2269/2269/2269 2346/2346/2346
f 2271/2271/2271 2269/2269/2269 2347/2347/2347
f 2347/2347/2347 2269/2269/2269 2345/2345/2345
f 2260/2260/2260 2259/2259/2259 2346/2346/2346
f 2251/2251/2251 2348/2348/2348 2349/2349/2349
f 2346/2346/2346 2269/2269/2269 2260/2260/2260
f 2350/2350/2350 2351/2351/2351 2325/2325/2325
f 2325/2325/2325 2351/2351/2351 2323/2323/2323
f 2342/2342/2342 2345/2345/2345 2344/2344/2344
f 2344/2344/2344 2345/2345/2345 2346/2346/2346
f 2160/2160/2160 2344/2344/2344 2259/2259/2259
f 2259/2259/2259 2344/2344/2344 2346/2346/2346
f 2352/2352/2352 2353/2353/2353 2354/2354/2354
f 2348/2348/2348 2355/2355/2355 2356/2356/2356
f 2357/2357/2357 2358/2358/2358 2359/2359/2359
f 2360/2360/2360 2359/2359/2359 2361/2361/2361
f 2361/2361/2361 2359/2359/2359 2358/2358/2358
f 2195/2195/2195 2194/2194/2194 2340/2340/2340
f 2195/2195/2195 2340/2340/2340 2362/2362/2362
f 2363/2363/2363 2364/2364/2364 2191/2191/2191
f 2191/2191/2191 2364/2364/2364 2192/2192/2192
f 2365/2365/2365 2366/2366/2366 2307/2307/2307
f 2307/2307/2307 2366/2366/2366 2306/2306/2306
f 2327/2327/2327 2367/2367/2367 2322/2322/2322
f 2322/2322/2322 2367/2367/2367 2321/2321/2321
f 2323/2323/2323 2351/2351/2351 2327/2327/2327
f 2327/2327/2327 2351/2351/2351 2367/2367/2367
f 2185/2185/2185 2355/2355/2355 2251/2251/2251
f 2251/2251/2251 2355/2355/2355 2348/2348/2348
f 2368/2368/2368 2369/2369/2369 2370/2370/2370
f 2370/2370/2370 2369/2369/2369 2371/2371/2371
f 2368/2368/2368 2370/2370/2370 2214/2214/2214
f 2214/2214/2214 2370/2370/2370 2213/2213/2213
f 2372/2372/2372 2373/2373/2373 1987/1987/1987
f 1986/1986/1986 2374/2374/2374 1987/1987/1987
f 1987/1987/1987 2374/2374/2374 2372/2372/2372
f 2373/2373/2373 1977/1977/1977 1979/1979/1979
f 2373/2373/2373 1979/1979/1979 1987/1987/1987
f 2038/2038/2038 2375/2375/2375 2039/2039/2039
f 2039/2039/2039 2375/2375/2375 2376/2376/2376
f 2369/2369/2369 2368/2368/2368 2372/2372/2372
f 2372/2372/2372 2368/2368/2368 2373/2373/2373
f 2373/2373/2373 2368/2368/2368 1977/1977/1977
f 1977/1977/1977 2368/2368/2368 2214/2214/2214
f 1951/1951/1951 2377/2377/2377 2378/2378/2378
f 2379/2379/2379 2380/2380/2380 2381/2381/2381
f 2382/2382/2382 2383/2383/2383 2380/2380/2380
f 2380/2380/2380 2383/2383/2383 2381/2381/2381
f 1959/1959/1959 2384/2384/2384 1960/1960/1960
f 1959/1959/1959 2385/2385/2385 2384/2384/2384
f 1960/1960/1960 2384/2384/2384 2386/2386/2386
f 2387/2387/2387 1956/1956/1956 2388/2388/2388
f 2388/2388/2388 1956/1956/1956 1957/1957/1957
f 2389/2389/2389 1953/1953/1953 2390/2390/2390
f 2390/2390/2390 1953/1953/1953 1952/1952/1952
f 2042/2042/2042 2037/2037/2037 2391/2391/2391
f 2391/2391/2391 2037/2037/2037 1964/1964/1964
f 2038/2038/2038 2042/2042/2042 2375/2375/2375
f 2375/2375/2375 2042/2042/2042 2391/2391/2391
f 2354/2354/2354 2353/2353/2353 2348/2348/2348
f 2392/2392/2392 2393/2393/2393 1950/1950/1950
f 2394/2394/2394 1928/1928/1928 1927/1927/1927
f 1927/1927/1927 1935/1935/1935 2394/2394/2394
f 1951/1951/1951 1950/1950/1950 2393/2393/2393
f 2348/2348/2348 2353/2353/2353 2349/2349/2349
f 1951/1951/1951 2378/2378/2378 1965/1965/1965
f 1965/1965/1965 2378/2378/2378 1948/1948/1948
f 2395/2395/2395 2377/2377/2377 1951/1951/1951
f 2396/2396/2396 2397/2397/2397 2398/2398/2398
f 2398/2398/2398 2397/2397/2397 2399/2399/2399
f 2400/2400/2400 2401/2401/2401 2402/2402/2402
f 2402/2402/2402 2401/2401/2401 2403/2403/2403
f 2402/2402/2402 2403/2403/2403 2398/2398/2398
f 2398/2398/2398 2403/2403/2403 2396/2396/2396
f 2397/2397/2397 2404/2404/2404 2399/2399/2399
f 2399/2399/2399 2404/2404/2404 2405/2405/2405
f 2354/2354/2354 2348/2348/2348 2406/2406/2406
f 2407/2407/2407 2408/2408/2408 2409/2409/2409
f 2409/2409/2409 2408/2408/2408 2410/2410/2410
f 2409/2409/2409 2411/2411/2411 2407/2407/2407
f 2407/2407/2407 2411/2411/2411 2412/2412/2412
f 2413/2413/2413 2414/2414/2414 2415/2415/2415
f 2415/2415/2415 2414/2414/2414 2416/2416/2416
f 2417/2417/2417 2416/2416/2416 2418/2418/2418
f 2418/2418/2418 2416/2416/2416 2414/2414/2414
f 2406/2406/2406 2348/2348/2348 2356/2356/2356
f 2363/2363/2363 2419/2419/2419 2364/2364/2364
f 2364/2364/2364 2419/2419/2419 2420/2420/2420
f 2421/2421/2421 2366/2366/2366 2365/2365/2365
f 2422/2422/2422 2423/2423/2423 2424/2424/2424
f 2425/2425/2425 2424/2424/2424 2426/2426/2426
f 2426/2426/2426 2424/2424/2424 2423/2423/2423
f 2427/2427/2427 2428/2428/2428 2429/2429/2429
f 2429/2429/2429 2428/2428/2428 2430/2430/2430
f 2431/2431/2431 2420/2420/2420 2419/2419/2419
f 2432/2432/2432 2405/2405/2405 2427/2427/2427
f 2427/2427/2427 2405/2405/2405 2404/2404/2404
f 2408/2408/2408 2433/2433/2433 2410/2410/2410
f 2410/2410/2410 2433/2433/2433 2339/2339/2339
f 2425/2425/2425 2426/2426/2426 2361/2361/2361
f 2361/2361/2361 2426/2426/2426 2360/2360/2360
f 2429/2429/2429 2430/2430/2430 2434/2434/2434
f 2430/2430/2430 2435/2435/2435 2434/2434/2434
f 2434/2434/2434 2435/2435/2435 2436/2436/2436
f 2437/2437/2437 2436/2436/2436 2438/2438/2438
f 2438/2438/2438 2436/2436/2436 2435/2435/2435
f 2434/2434/2434 2436/2436/2436 2439/2439/2439
f 2429/2429/2429 2434/2434/2434 2440/2440/2440
f 2440/2440/2440 2434/2434/2434 2439/2439/2439
f 2440/2440/2440 2427/2427/2427 2429/2429/2429
f 2441/2441/2441 2432/2432/2432 2440/2440/2440
f 2440/2440/2440 2432/2432/2432 2427/2427/2427
f 2362/2362/2362 2441/2441/2441 2439/2439/2439
f 2439/2439/2439 2441/2441/2441 2440/2440/2440
f 2362/2362/2362 2340/2340/2340 2441/2441/2441
f 2340/2340/2340 2433/2433/2433 2441/2441/2441
f 2441/2441/2441 2433/2433/2433 2432/2432/2432
f 2433/2433/2433 2408/2408/2408 2432/2432/2432
f 2432/2432/2432 2408/2408/2408 2405/2405/2405
f 2399/2399/2399 2405/2405/2405 2407/2407/2407
f 2407/2407/2407 2405/2405/2405 2408/2408/2408
f 2398/2398/2398 2399/2399/2399 2412/2412/2412
f 2412/2412/2412 2399/2399/2399 2407/2407/2407
f 2412/2412/2412 2442/2442/2442 2398/2398/2398
f 2398/2398/2398 2442/2442/2442 2402/2402/2402
f 2400/2400/2400 2402/2402/2402 2443/2443/2443
f 2443/2443/2443 2402/2402/2402 2442/2442/2442
f 2340/2340/2340 2339/2339/2339 2433/2433/2433
f 2347/2347/2347 2345/2345/2345 2444/2444/2444
f 2445/2445/2445 2444/2444/2444 2345/2345/2345
f 2345/2345/2345 2342/2342/2342 2445/2445/2445
f 2445/2445/2445 2342/2342/2342 2446/2446/2446
f 2447/2447/2447 2446/2446/2446 2341/2341/2341
f 2341/2341/2341 2446/2446/2446 2342/2342/2342
f 2351/2351/2351 2448/2448/2448 2367/2367/2367
f 2449/2449/2449 2448/2448/2448 2350/2350/2350
f 2350/2350/2350 2448/2448/2448 2351/2351/2351
f 2450/2450/2450 2451/2451/2451 2452/2452/2452
f 2453/2453/2453 2454/2454/2454 2455/2455/2455
f 2455/2455/2455 2454/2454/2454 2456/2456/2456
f 2400/2400/2400 2457/2457/2457 2401/2401/2401
f 2401/2401/2401 2457/2457/2457 2458/2458/2458
f 2453/2453/2453 2458/2458/2458 2454/2454/2454
f 2454/2454/2454 2458/2458/2458 2457/2457/2457
f 2459/2459/2459 2460/2460/2460 2456/2456/2456
f 2456/2456/2456 2460/2460/2460 2455/2455/2455
f 2393/2393/2393 2395/2395/2395 1951/1951/1951
f 2461/2461/2461 2462/2462/2462 2463/2463/2463
f 2463/2463/2463 2462/2462/2462 2464/2464/2464
f 2465/2465/2465 2466/2466/2466 2467/2467/2467
f 2468/2468/2468 2469/2469/2469 2470/2470/2470
f 2470/2470/2470 2469/2469/2469 2471/2471/2471
f 2472/2472/2472 2473/2473/2473 2418/2418/2418
f 2418/2418/2418 2473/2473/2473 2417/2417/2417
f 2387/2387/2387 2388/2388/2388 2474/2474/2474
f 2474/2474/2474 2388/2388/2388 2475/2475/2475
f 2476/2476/2476 2389/2389/2389 2390/2390/2390
f 2477/2477/2477 2478/2478/2478 2479/2479/2479
f 2480/2480/2480 2481/2481/2481 2478/2478/2478
f 2478/2478/2478 2481/2481/2481 2479/2479/2479
f 2482/2482/2482 2483/2483/2483 2484/2484/2484
f 2484/2484/2484 2483/2483/2483 2485/2485/2485
f 2486/2486/2486 2474/2474/2474 2475/2475/2475
f 2487/2487/2487 2482/2482/2482 2459/2459/2459
f 2459/2459/2459 2482/2482/2482 2460/2460/2460
f 2386/2386/2386 2488/2488/2488 2464/2464/2464
f 2464/2464/2464 2488/2488/2488 2463/2463/2463
f 2382/2382/2382 2481/2481/2481 2383/2383/2383
f 2383/2383/2383 2481/2481/2481 2480/2480/2480
f 2483/2483/2483 2489/2489/2489 2485/2485/2485
f 2485/2485/2485 2489/2489/2489 2490/2490/2490
f 2490/2490/2490 2489/2489/2489 2491/2491/2491
f 2490/2490/2490 2491/2491/2491 2492/2492/2492
f 2492/2492/2492 2491/2491/2491 2493/2493/2493
f 2489/2489/2489 2494/2494/2494 2491/2491/2491
f 2494/2494/2494 2489/2489/2489 2495/2495/2495
f 2495/2495/2495 2489/2489/2489 2483/2483/2483
f 2495/2495/2495 2483/2483/2483 2482/2482/2482
f 2496/2496/2496 2495/2495/2495 2487/2487/2487
f 2487/2487/2487 2495/2495/2495 2482/2482/2482
f 2385/2385/2385 2494/2494/2494 2496/2496/2496
f 2496/2496/2496 2494/2494/2494 2495/2495/2495
f 2384/2384/2384 2385/2385/2385 2496/2496/2496
f 2384/2384/2384 2496/2496/2496 2488/2488/2488
f 2488/2488/2488 2496/2496/2496 2487/2487/2487
f 2488/2488/2488 2487/2487/2487 2463/2463/2463
f 2463/2463/2463 2487/2487/2487 2459/2459/2459
f 2463/2463/2463 2459/2459/2459 2461/2461/2461
f 2461/2461/2461 2459/2459/2459 2456/2456/2456
f 2454/2454/2454 2469/2469/2469 2456/2456/2456
f 2456/2456/2456 2469/2469/2469 2461/2461/2461
f 2469/2469/2469 2454/2454/2454 2471/2471/2471
f 2471/2471/2471 2454/2454/2454 2457/2457/2457
f 2471/2471/2471 2457/2457/2457 2443/2443/2443
f 2443/2443/2443 2457/2457/2457 2400/2400/2400
f 2386/2386/2386 2384/2384/2384 2488/2488/2488
f 2374/2374/2374 2497/2497/2497 2372/2372/2372
f 2498/2498/2498 2372/2372/2372 2497/2497/2497
f 2372/2372/2372 2498/2498/2498 2369/2369/2369
f 2369/2369/2369 2498/2498/2498 2499/2499/2499
f 2369/2369/2369 2499/2499/2499 2371/2371/2371
f 2371/2371/2371 2499/2499/2499 2500/2500/2500
f 2375/2375/2375 2391/2391/2391 2501/2501/2501
f 2375/2375/2375 2501/2501/2501 2376/2376/2376
f 2376/2376/2376 2501/2501/2501 2502/2502/2502
f 2503/2503/2503 2504/2504/2504 2505/2505/2505
f 2415/2415/2415 2506/2506/2506 2413/2413/2413
f 2469/2469/2469 2468/2468/2468 2461/2461/2461
f 2461/2461/2461 2468/2468/2468 2462/2462/2462
f 2470/2470/2470 2471/2471/2471 2507/2507/2507
f 2507/2507/2507 2471/2471/2471 2443/2443/2443
f 2508/2508/2508 2507/2507/2507 2442/2442/2442
f 2442/2442/2442 2507/2507/2507 2443/2443/2443
f 2411/2411/2411 2508/2508/2508 2412/2412/2412
f 2412/2412/2412 2508/2508/2508 2442/2442/2442
f 2467/2467/2467 2466/2466/2466 2472/2472/2472
f 2472/2472/2472 2466/2466/2466 2473/2473/2473
f 2509/2509/2509 2510/2510/2510 2511/2511/2511
f 2511/2511/2511 2510/2510/2510 2512/2512/2512
f 2511/2511/2511 2513/2513/2513 2509/2509/2509
f 2509/2509/2509 2513/2513/2513 2514/2514/2514
f 2513/2513/2513 2515/2515/2515 2514/2514/2514
f 2514/2514/2514 2515/2515/2515 2516/2516/2516
f 2515/2515/2515 2517/2517/2517 2516/2516/2516
f 2516/2516/2516 2517/2517/2517 2518/2518/2518
f 2514/2514/2514 2516/2516/2516 2519/2519/2519
f 2519/2519/2519 2516/2516/2516 2520/2520/2520
f 2519/2519/2519 2509/2509/2509 2514/2514/2514
f 2517/2517/2517 2515/2515/2515 2521/2521/2521
f 2521/2521/2521 2515/2515/2515 2522/2522/2522
f 2515/2515/2515 2513/2513/2513 2522/2522/2522
f 2522/2522/2522 2513/2513/2513 2523/2523/2523
f 2513/2513/2513 2511/2511/2511 2523/2523/2523
f 2523/2523/2523 2511/2511/2511 2524/2524/2524
f 2511/2511/2511 2512/2512/2512 2524/2524/2524
f 2524/2524/2524 2512/2512/2512 2525/2525/2525
f 2512/2512/2512 2526/2526/2526 2525/2525/2525
f 2525/2525/2525 2526/2526/2526 2527/2527/2527
f 2528/2528/2528 2529/2529/2529 2530/2530/2530
f 2530/2530/2530 2529/2529/2529 2531/2531/2531
f 2529/2529/2529 2532/2532/2532 2531/2531/2531
f 2531/2531/2531 2532/2532/2532 2533/2533/2533
f 2532/2532/2532 2534/2534/2534 2533/2533/2533
f 2533/2533/2533 2534/2534/2534 2535/2535/2535
f 2536/2536/2536 2537/2537/2537 2538/2538/2538
f 2539/2539/2539 2540/2540/2540 2537/2537/2537
f 2537/2537/2537 2540/2540/2540 2538/2538/2538
f 2540/2540/2540 2539/2539/2539 2541/2541/2541
f 2541/2541/2541 2539/2539/2539 2542/2542/2542
f 2543/2543/2543 2544/2544/2544 2542/2542/2542
f 2542/2542/2542 2544/2544/2544 2541/2541/2541
f 2518/2518/2518 2517/2517/2517 2543/2543/2543
f 2543/2543/2543 2517/2517/2517 2544/2544/2544
f 2542/2542/2542 2539/2539/2539 2545/2545/2545
f 2517/2517/2517 2521/2521/2521 2544/2544/2544
f 2544/2544/2544 2521/2521/2521 2546/2546/2546
f 2544/2544/2544 2546/2546/2546 2541/2541/2541
f 2541/2541/2541 2546/2546/2546 2547/2547/2547
f 2541/2541/2541 2547/2547/2547 2540/2540/2540
f 2540/2540/2540 2547/2547/2547 2548/2548/2548
f 2540/2540/2540 2548/2548/2548 2538/2538/2538
f 2538/2538/2538 2548/2548/2548 2549/2549/2549
f 2538/2538/2538 2549/2549/2549 2536/2536/2536
f 2536/2536/2536 2549/2549/2549 2550/2550/2550
f 2551/2551/2551 2552/2552/2552 2553/2553/2553
f 2553/2553/2553 2552/2552/2552 2554/2554/2554
f 2553/2553/2553 2554/2554/2554 2555/2555/2555
f 2555/2555/2555 2554/2554/2554 2556/2556/2556
f 2555/2555/2555 2556/2556/2556 2534/2534/2534
f 2534/2534/2534 2556/2556/2556 2535/2535/2535
f 2512/2512/2512 2510/2510/2510 2526/2526/2526
f 2557/2557/2557 2520/2520/2520 2518/2518/2518
f 2518/2518/2518 2520/2520/2520 2516/2516/2516
f 2542/2542/2542 2545/2545/2545 2543/2543/2543
f 2543/2543/2543 2545/2545/2545 2558/2558/2558
f 2557/2557/2557 2518/2518/2518 2558/2558/2558
f 2558/2558/2558 2518/2518/2518 2543/2543/2543
f 2559/2559/2559 2560/2560/2560 2176/2176/2176
f 2561/2561/2561 2562/2562/2562 2563/2563/2563
f 2563/2563/2563 2562/2562/2562 2564/2564/2564
f 2150/2150/2150 2180/2180/2180 2565/2565/2565
f 2565/2565/2565 2180/2180/2180 2566/2566/2566
f 2565/2565/2565 2566/2566/2566 2567/2567/2567
f 2567/2567/2567 2566/2566/2566 2568/2568/2568
f 2569/2569/2569 2559/2559/2559 2570/2570/2570
f 2570/2570/2570 2559/2559/2559 2176/2176/2176
f 2571/2571/2571 2056/2056/2056 2572/2572/2572
f 2572/2572/2572 2056/2056/2056 2058/2058/2058
f 2176/2176/2176 2560/2560/2560 2175/2175/2175
f 2570/2570/2570 2176/2176/2176 2177/2177/2177
f 2563/2563/2563 2564/2564/2564 2566/2566/2566
f 2566/2566/2566 2564/2564/2564 2568/2568/2568
f 2180/2180/2180 2172/2172/2172 2566/2566/2566
f 2566/2566/2566 2172/2172/2172 2563/2563/2563
f 2172/2172/2172 2173/2173/2173 2563/2563/2563
f 2563/2563/2563 2173/2173/2173 2561/2561/2561
f 2572/2572/2572 2058/2058/2058 2573/2573/2573
f 2573/2573/2573 2058/2058/2058 2178/2178/2178
f 2574/2574/2574 2575/2575/2575 2576/2576/2576
f 2207/2207/2207 2148/2148/2148 2574/2574/2574
f 2574/2574/2574 2148/2148/2148 2575/2575/2575
f 2577/2577/2577 2196/2196/2196 2578/2578/2578
f 2578/2578/2578 2196/2196/2196 2145/2145/2145
f 2578/2578/2578 2579/2579/2579 2577/2577/2577
f 2577/2577/2577 2579/2579/2579 2580/2580/2580
f 2175/2175/2175 2560/2560/2560 2178/2178/2178
f 2178/2178/2178 2560/2560/2560 2573/2573/2573
f 2581/2581/2581 2582/2582/2582 2583/2583/2583
f 2583/2583/2583 2582/2582/2582 2584/2584/2584
f 2579/2579/2579 2585/2585/2585 2580/2580/2580
f 2580/2580/2580 2585/2585/2585 2586/2586/2586
f 2587/2587/2587 2588/2588/2588 2562/2562/2562
f 2562/2562/2562 2588/2588/2588 2564/2564/2564
f 2589/2589/2589 2590/2590/2590 2568/2568/2568
f 2568/2568/2568 2590/2590/2590 2567/2567/2567
f 2588/2588/2588 2589/2589/2589 2564/2564/2564
f 2564/2564/2564 2589/2589/2589 2568/2568/2568
f 2576/2576/2576 2567/2567/2567 2591/2591/2591
f 2591/2591/2591 2567/2567/2567 2590/2590/2590
f 2592/2592/2592 2593/2593/2593 2594/2594/2594
f 2594/2594/2594 2593/2593/2593 2595/2595/2595
f 2593/2593/2593 2596/2596/2596 2595/2595/2595
f 2595/2595/2595 2596/2596/2596 2597/2597/2597
f 2596/2596/2596 2598/2598/2598 2597/2597/2597
f 2597/2597/2597 2598/2598/2598 2599/2599/2599
f 2600/2600/2600 2601/2601/2601 2602/2602/2602
f 2602/2602/2602 2601/2601/2601 2603/2603/2603
f 2604/2604/2604 2600/2600/2600 2605/2605/2605
f 2605/2605/2605 2600/2600/2600 2602/2602/2602
f 2606/2606/2606 2607/2607/2607 2608/2608/2608
f 2603/2603/2603 2601/2601/2601 2609/2609/2609
f 2609/2609/2609 2601/2601/2601 2610/2610/2610
f 2611/2611/2611 2572/2572/2572 2612/2612/2612
f 2612/2612/2612 2572/2572/2572 2573/2573/2573
f 2612/2612/2612 2573/2573/2573 2613/2613/2613
f 2613/2613/2613 2573/2573/2573 2560/2560/2560
f 2572/2572/2572 2611/2611/2611 2571/2571/2571
f 2571/2571/2571 2611/2611/2611 2614/2614/2614
f 2613/2613/2613 2560/2560/2560 2615/2615/2615
f 2615/2615/2615 2560/2560/2560 2559/2559/2559
f 2616/2616/2616 2615/2615/2615 2569/2569/2569
f 2569/2569/2569 2615/2615/2615 2559/2559/2559
f 2598/2598/2598 2617/2617/2617 2599/2599/2599
f 2599/2599/2599 2617/2617/2617 2618/2618/2618
f 2561/2561/2561 2173/2173/2173 2577/2577/2577
f 2577/2577/2577 2173/2173/2173 2196/2196/2196
f 2562/2562/2562 2561/2561/2561 2580/2580/2580
f 2580/2580/2580 2561/2561/2561 2577/2577/2577
f 2580/2580/2580 2586/2586/2586 2562/2562/2562
f 2562/2562/2562 2586/2586/2586 2587/2587/2587
f 2617/2617/2617 2584/2584/2584 2618/2618/2618
f 2618/2618/2618 2584/2584/2584 2582/2582/2582
f 2583/2583/2583 2584/2584/2584 2619/2619/2619
f 2619/2619/2619 2584/2584/2584 2620/2620/2620
f 2584/2584/2584 2617/2617/2617 2620/2620/2620
f 2620/2620/2620 2617/2617/2617 2621/2621/2621
f 2617/2617/2617 2598/2598/2598 2621/2621/2621
f 2621/2621/2621 2598/2598/2598 2622/2622/2622
f 2598/2598/2598 2596/2596/2596 2622/2622/2622
f 2622/2622/2622 2596/2596/2596 2623/2623/2623
f 2596/2596/2596 2593/2593/2593 2623/2623/2623
f 2623/2623/2623 2593/2593/2593 2624/2624/2624
f 2625/2625/2625 2624/2624/2624 2592/2592/2592
f 2592/2592/2592 2624/2624/2624 2593/2593/2593
f 2605/2605/2605 2602/2602/2602 2626/2626/2626
f 2626/2626/2626 2602/2602/2602 2627/2627/2627
f 2602/2602/2602 2603/2603/2603 2627/2627/2627
f 2627/2627/2627 2603/2603/2603 2628/2628/2628
f 2629/2629/2629 2630/2630/2630 2603/2603/2603
f 2603/2603/2603 2630/2630/2630 2628/2628/2628
f 2631/2631/2631 2632/2632/2632 2629/2629/2629
f 2629/2629/2629 2632/2632/2632 2630/2630/2630
f 2633/2633/2633 2634/2634/2634 2631/2631/2631
f 2631/2631/2631 2634/2634/2634 2632/2632/2632
f 2585/2585/2585 2619/2619/2619 2586/2586/2586
f 2586/2586/2586 2619/2619/2619 2620/2620/2620
f 2587/2587/2587 2586/2586/2586 2621/2621/2621
f 2621/2621/2621 2586/2586/2586 2620/2620/2620
f 2588/2588/2588 2587/2587/2587 2622/2622/2622
f 2622/2622/2622 2587/2587/2587 2621/2621/2621
f 2589/2589/2589 2588/2588/2588 2623/2623/2623
f 2623/2623/2623 2588/2588/2588 2622/2622/2622
f 2590/2590/2590 2589/2589/2589 2624/2624/2624
f 2624/2624/2624 2589/2589/2589 2623/2623/2623
f 2624/2624/2624 2625/2625/2625 2590/2590/2590
f 2590/2590/2590 2625/2625/2625 2591/2591/2591
f 2626/2626/2626 2627/2627/2627 2616/2616/2616
f 2616/2616/2616 2627/2627/2627 2615/2615/2615
f 2627/2627/2627 2628/2628/2628 2615/2615/2615
f 2615/2615/2615 2628/2628/2628 2613/2613/2613
f 2630/2630/2630 2612/2612/2612 2628/2628/2628
f 2628/2628/2628 2612/2612/2612 2613/2613/2613
f 2632/2632/2632 2611/2611/2611 2630/2630/2630
f 2630/2630/2630 2611/2611/2611 2612/2612/2612
f 2611/2611/2611 2632/2632/2632 2614/2614/2614
f 2614/2614/2614 2632/2632/2632 2634/2634/2634
f 2148/2148/2148 2150/2150/2150 2575/2575/2575
f 2575/2575/2575 2150/2150/2150 2565/2565/2565
f 2567/2567/2567 2575/2575/2575 2565/2565/2565
f 2576/2576/2576 2575/2575/2575 2567/2567/2567
f 2635/2635/2635 2636/2636/2636 2637/2637/2637
f 2637/2637/2637 2636/2636/2636 2638/2638/2638
f 2104/2104/2104 2639/2639/2639 2083/2083/2083
f 2083/2083/2083 2639/2639/2639 2640/2640/2640
f 2639/2639/2639 2641/2641/2641 2640/2640/2640
f 2640/2640/2640 2641/2641/2641 2642/2642/2642
f 2071/2071/2071 2643/2643/2643 2644/2644/2644
f 2644/2644/2644 2643/2643/2643 2645/2645/2645
f 2076/2076/2076 2075/2075/2075 2646/2646/2646
f 2646/2646/2646 2075/2075/2075 2647/2647/2647
f 2073/2073/2073 2648/2648/2648 2071/2071/2071
f 2071/2071/2071 2648/2648/2648 2643/2643/2643
f 2074/2074/2074 2071/2071/2071 2644/2644/2644
f 2642/2642/2642 2638/2638/2638 2640/2640/2640
f 2640/2640/2640 2638/2638/2638 2636/2636/2636
f 2636/2636/2636 2068/2068/2068 2640/2640/2640
f 2640/2640/2640 2068/2068/2068 2083/2083/2083
f 2635/2635/2635 2067/2067/2067 2636/2636/2636
f 2636/2636/2636 2067/2067/2067 2068/2068/2068
f 2082/2082/2082 2076/2076/2076 2649/2649/2649
f 2649/2649/2649 2076/2076/2076 2646/2646/2646
f 2650/2650/2650 2651/2651/2651 2652/2652/2652
f 2106/2106/2106 2650/2650/2650 2108/2108/2108
f 2108/2108/2108 2650/2650/2650 2652/2652/2652
f 2653/2653/2653 2654/2654/2654 2092/2092/2092
f 2092/2092/2092 2654/2654/2654 2093/2093/2093
f 2654/2654/2654 2653/2653/2653 2655/2655/2655
f 2655/2655/2655 2653/2653/2653 2656/2656/2656
f 2073/2073/2073 2082/2082/2082 2648/2648/2648
f 2648/2648/2648 2082/2082/2082 2649/2649/2649
f 2657/2657/2657 2658/2658/2658 2659/2659/2659
f 2655/2655/2655 2656/2656/2656 2660/2660/2660
f 2660/2660/2660 2656/2656/2656 2661/2661/2661
f 2638/2638/2638 2662/2662/2662 2637/2637/2637
f 2637/2637/2637 2662/2662/2662 2663/2663/2663
f 2641/2641/2641 2664/2664/2664 2642/2642/2642
f 2642/2642/2642 2664/2664/2664 2665/2665/2665
f 2642/2642/2642 2665/2665/2665 2638/2638/2638
f 2638/2638/2638 2665/2665/2665 2662/2662/2662
f 2651/2651/2651 2666/2666/2666 2641/2641/2641
f 2641/2641/2641 2666/2666/2666 2664/2664/2664
f 2667/2667/2667 2668/2668/2668 2669/2669/2669
f 2669/2669/2669 2668/2668/2668 2670/2670/2670
f 2669/2669/2669 2670/2670/2670 2671/2671/2671
f 2671/2671/2671 2670/2670/2670 2672/2672/2672
f 2671/2671/2671 2672/2672/2672 2673/2673/2673
f 2673/2673/2673 2672/2672/2672 2674/2674/2674
f 2675/2675/2675 2676/2676/2676 2677/2677/2677
f 2677/2677/2677 2676/2676/2676 2678/2678/2678
f 2677/2677/2677 2678/2678/2678 2679/2679/2679
f 2679/2679/2679 2678/2678/2678 2680/2680/2680
f 2681/2681/2681 2682/2682/2682 2683/2683/2683
f 2683/2683/2683 2682/2682/2682 2684/2684/2684
f 2608/2608/2608 2681/2681/2681 2606/2606/2606
f 2606/2606/2606 2681/2681/2681 2683/2683/2683
f 2675/2675/2675 2685/2685/2685 2676/2676/2676
f 2676/2676/2676 2685/2685/2685 2686/2686/2686
f 2649/2649/2649 2646/2646/2646 2687/2687/2687
f 2687/2687/2687 2646/2646/2646 2688/2688/2688
f 2648/2648/2648 2649/2649/2649 2689/2689/2689
f 2689/2689/2689 2649/2649/2649 2687/2687/2687
f 2646/2646/2646 2647/2647/2647 2688/2688/2688
f 2688/2688/2688 2647/2647/2647 2690/2690/2690
f 2643/2643/2643 2648/2648/2648 2691/2691/2691
f 2691/2691/2691 2648/2648/2648 2689/2689/2689
f 2643/2643/2643 2691/2691/2691 2645/2645/2645
f 2645/2645/2645 2691/2691/2691 2692/2692/2692
f 2673/2673/2673 2674/2674/2674 2693/2693/2693
f 2693/2693/2693 2674/2674/2674 2694/2694/2694
f 2092/2092/2092 2067/2067/2067 2653/2653/2653
f 2653/2653/2653 2067/2067/2067 2635/2635/2635
f 2637/2637/2637 2656/2656/2656 2635/2635/2635
f 2635/2635/2635 2656/2656/2656 2653/2653/2653
f 2656/2656/2656 2637/2637/2637 2661/2661/2661
f 2661/2661/2661 2637/2637/2637 2663/2663/2663
f 2659/2659/2659 2695/2695/2695 2694/2694/2694
f 2694/2694/2694 2695/2695/2695 2693/2693/2693
f 2696/2696/2696 2697/2697/2697 2695/2695/2695
f 2695/2695/2695 2697/2697/2697 2698/2698/2698
f 2695/2695/2695 2698/2698/2698 2693/2693/2693
f 2693/2693/2693 2698/2698/2698 2699/2699/2699
f 2693/2693/2693 2699/2699/2699 2673/2673/2673
f 2673/2673/2673 2699/2699/2699 2700/2700/2700
f 2673/2673/2673 2700/2700/2700 2671/2671/2671
f 2671/2671/2671 2700/2700/2700 2701/2701/2701
f 2671/2671/2671 2701/2701/2701 2669/2669/2669
f 2669/2669/2669 2701/2701/2701 2702/2702/2702
f 2669/2669/2669 2702/2702/2702 2667/2667/2667
f 2667/2667/2667 2702/2702/2702 2703/2703/2703
f 2704/2704/2704 2677/2677/2677 2705/2705/2705
f 2705/2705/2705 2677/2677/2677 2679/2679/2679
f 2677/2677/2677 2704/2704/2704 2675/2675/2675
f 2675/2675/2675 2704/2704/2704 2706/2706/2706
f 2707/2707/2707 2675/2675/2675 2708/2708/2708
f 2708/2708/2708 2675/2675/2675 2706/2706/2706
f 2709/2709/2709 2707/2707/2707 2710/2710/2710
f 2710/2710/2710 2707/2707/2707 2708/2708/2708
f 2711/2711/2711 2709/2709/2709 2712/2712/2712
f 2712/2712/2712 2709/2709/2709 2710/2710/2710
f 2661/2661/2661 2698/2698/2698 2660/2660/2660
f 2660/2660/2660 2698/2698/2698 2697/2697/2697
f 2663/2663/2663 2699/2699/2699 2661/2661/2661
f 2661/2661/2661 2699/2699/2699 2698/2698/2698
f 2662/2662/2662 2700/2700/2700 2663/2663/2663
f 2663/2663/2663 2700/2700/2700 2699/2699/2699
f 2665/2665/2665 2701/2701/2701 2662/2662/2662
f 2662/2662/2662 2701/2701/2701 2700/2700/2700
f 2701/2701/2701 2665/2665/2665 2702/2702/2702
f 2702/2702/2702 2665/2665/2665 2664/2664/2664
f 2702/2702/2702 2664/2664/2664 2703/2703/2703
f 2703/2703/2703 2664/2664/2664 2666/2666/2666
f 2691/2691/2691 2704/2704/2704 2692/2692/2692
f 2692/2692/2692 2704/2704/2704 2705/2705/2705
f 2704/2704/2704 2691/2691/2691 2706/2706/2706
f 2706/2706/2706 2691/2691/2691 2689/2689/2689
f 2689/2689/2689 2687/2687/2687 2706/2706/2706
f 2706/2706/2706 2687/2687/2687 2708/2708/2708
f 2687/2687/2687 2688/2688/2688 2708/2708/2708
f 2708/2708/2708 2688/2688/2688 2710/2710/2710
f 2712/2712/2712 2710/2710/2710 2690/2690/2690
f 2690/2690/2690 2710/2710/2710 2688/2688/2688
f 2639/2639/2639 2104/2104/2104 2652/2652/2652
f 2652/2652/2652 2104/2104/2104 2108/2108/2108
f 2641/2641/2641 2639/2639/2639 2652/2652/2652
f 2651/2651/2651 2641/2641/2641 2652/2652/2652
f 2696/2696/2696 2695/2695/2695 2658/2658/2658
f 2658/2658/2658 2695/2695/2695 2659/2659/2659
f 2713/2713/2713 2714/2714/2714 2583/2583/2583
f 2583/2583/2583 2714/2714/2714 2581/2581/2581
f 2583/2583/2583 2619/2619/2619 2713/2713/2713
f 2713/2713/2713 2619/2619/2619 2715/2715/2715
f 2715/2715/2715 2619/2619/2619 2716/2716/2716
f 2716/2716/2716 2619/2619/2619 2585/2585/2585
f 2579/2579/2579 2717/2717/2717 2585/2585/2585
f 2585/2585/2585 2717/2717/2717 2716/2716/2716
f 2578/2578/2578 2718/2718/2718 2579/2579/2579
f 2579/2579/2579 2718/2718/2718 2717/2717/2717
f 2146/2146/2146 2718/2718/2718 2145/2145/2145
f 2145/2145/2145 2718/2718/2718 2578/2578/2578
f 2719/2719/2719 2720/2720/2720 2721/2721/2721
f 2721/2721/2721 2720/2720/2720 2722/2722/2722
f 2723/2723/2723 2722/2722/2722 2720/2720/2720
f 2724/2724/2724 2725/2725/2725 2726/2726/2726
f 2682/2682/2682 2727/2727/2727 2684/2684/2684
f 2684/2684/2684 2727/2727/2727 2728/2728/2728
f 2729/2729/2729 2685/2685/2685 2707/2707/2707
f 2707/2707/2707 2685/2685/2685 2675/2675/2675
f 2730/2730/2730 2729/2729/2729 2709/2709/2709
f 2709/2709/2709 2729/2729/2729 2707/2707/2707
f 2731/2731/2731 2730/2730/2730 2711/2711/2711
f 2711/2711/2711 2730/2730/2730 2709/2709/2709
f 2633/2633/2633 2631/2631/2631 2732/2732/2732
f 2732/2732/2732 2631/2631/2631 2733/2733/2733
f 2629/2629/2629 2734/2734/2734 2631/2631/2631
f 2631/2631/2631 2734/2734/2734 2733/2733/2733
f 2603/2603/2603 2609/2609/2609 2629/2629/2629
f 2629/2629/2629 2609/2609/2609 2734/2734/2734
f 2735/2735/2735 2736/2736/2736 2737/2737/2737
f 2738/2738/2738 2739/2739/2739 2740/2740/2740
f 2740/2740/2740 2739/2739/2739 2741/2741/2741
f 2742/2742/2742 2738/2738/2738 2743/2743/2743
f 2743/2743/2743 2738/2738/2738 2740/2740/2740
f 2744/2744/2744 2742/2742/2742 2745/2745/2745
f 2745/2745/2745 2742/2742/2742 2743/2743/2743
f 2746/2746/2746 2747/2747/2747 2745/2745/2745
f 2745/2745/2745 2747/2747/2747 2744/2744/2744
f 2748/2748/2748 2749/2749/2749 2746/2746/2746
f 2746/2746/2746 2749/2749/2749 2747/2747/2747
f 2750/2750/2750 2751/2751/2751 2752/2752/2752
f 2752/2752/2752 2751/2751/2751 2753/2753/2753
f 2754/2754/2754 2755/2755/2755 2750/2750/2750
f 2750/2750/2750 2755/2755/2755 2751/2751/2751
f 2756/2756/2756 2755/2755/2755 2757/2757/2757
f 2757/2757/2757 2755/2755/2755 2754/2754/2754
f 2739/2739/2739 2756/2756/2756 2741/2741/2741
f 2741/2741/2741 2756/2756/2756 2757/2757/2757
f 2758/2758/2758 2759/2759/2759 2760/2760/2760
f 2760/2760/2760 2759/2759/2759 2761/2761/2761
f 2762/2762/2762 2763/2763/2763 2760/2760/2760
f 2760/2760/2760 2763/2763/2763 2758/2758/2758
f 2764/2764/2764 2765/2765/2765 2762/2762/2762
f 2762/2762/2762 2765/2765/2765 2763/2763/2763
f 2766/2766/2766 2767/2767/2767 2764/2764/2764
f 2764/2764/2764 2767/2767/2767 2765/2765/2765
f 2768/2768/2768 2769/2769/2769 2766/2766/2766
f 2766/2766/2766 2769/2769/2769 2767/2767/2767
f 2770/2770/2770 2771/2771/2771 2772/2772/2772
f 2772/2772/2772 2771/2771/2771 2773/2773/2773
f 2774/2774/2774 2770/2770/2770 2775/2775/2775
f 2775/2775/2775 2770/2770/2770 2772/2772/2772
f 2776/2776/2776 2774/2774/2774 2777/2777/2777
f 2777/2777/2777 2774/2774/2774 2775/2775/2775
f 2759/2759/2759 2776/2776/2776 2761/2761/2761
f 2761/2761/2761 2776/2776/2776 2777/2777/2777
f 2740/2740/2740 2741/2741/2741 2758/2758/2758
f 2758/2758/2758 2741/2741/2741 2759/2759/2759
f 2743/2743/2743 2740/2740/2740 2763/2763/2763
f 2763/2763/2763 2740/2740/2740 2758/2758/2758
f 2745/2745/2745 2743/2743/2743 2765/2765/2765
f 2765/2765/2765 2743/2743/2743 2763/2763/2763
f 2767/2767/2767 2746/2746/2746 2765/2765/2765
f 2765/2765/2765 2746/2746/2746 2745/2745/2745
f 2769/2769/2769 2748/2748/2748 2767/2767/2767
f 2767/2767/2767 2748/2748/2748 2746/2746/2746
f 2770/2770/2770 2750/2750/2750 2771/2771/2771
f 2771/2771/2771 2750/2750/2750 2752/2752/2752
f 2774/2774/2774 2754/2754/2754 2770/2770/2770
f 2770/2770/2770 2754/2754/2754 2750/2750/2750
f 2757/2757/2757 2754/2754/2754 2776/2776/2776
f 2776/2776/2776 2754/2754/2754 2774/2774/2774
f 2741/2741/2741 2757/2757/2757 2759/2759/2759
f 2759/2759/2759 2757/2757/2757 2776/2776/2776
f 2778/2778/2778 2779/2779/2779 2738/2738/2738
f 2738/2738/2738 2779/2779/2779 2739/2739/2739
f 2780/2780/2780 2778/2778/2778 2742/2742/2742
f 2742/2742/2742 2778/2778/2778 2738/2738/2738
f 2781/2781/2781 2780/2780/2780 2744/2744/2744
f 2744/2744/2744 2780/2780/2780 2742/2742/2742
f 2747/2747/2747 2782/2782/2782 2744/2744/2744
f 2744/2744/2744 2782/2782/2782 2781/2781/2781
f 2749/2749/2749 2783/2783/2783 2747/2747/2747
f 2747/2747/2747 2783/2783/2783 2782/2782/2782
f 2751/2751/2751 2784/2784/2784 2753/2753/2753
f 2753/2753/2753 2784/2784/2784 2785/2785/2785
f 2755/2755/2755 2786/2786/2786 2751/2751/2751
f 2751/2751/2751 2786/2786/2786 2784/2784/2784
f 2787/2787/2787 2786/2786/2786 2756/2756/2756
f 2756/2756/2756 2786/2786/2786 2755/2755/2755
f 2779/2779/2779 2787/2787/2787 2739/2739/2739
f 2739/2739/2739 2787/2787/2787 2756/2756/2756
f 2788/2788/2788 2789/2789/2789 2778/2778/2778
f 2778/2778/2778 2789/2789/2789 2779/2779/2779
f 2790/2790/2790 2788/2788/2788 2780/2780/2780
f 2780/2780/2780 2788/2788/2788 2778/2778/2778
f 2781/2781/2781 2791/2791/2791 2780/2780/2780
f 2780/2780/2780 2791/2791/2791 2790/2790/2790
f 2782/2782/2782 2792/2792/2792 2781/2781/2781
f 2781/2781/2781 2792/2792/2792 2791/2791/2791
f 2783/2783/2783 2793/2793/2793 2782/2782/2782
f 2782/2782/2782 2793/2793/2793 2792/2792/2792
f 2784/2784/2784 2794/2794/2794 2785/2785/2785
f 2785/2785/2785 2794/2794/2794 2795/2795/2795
f 2796/2796/2796 2794/2794/2794 2786/2786/2786
f 2786/2786/2786 2794/2794/2794 2784/2784/2784
f 2797/2797/2797 2796/2796/2796 2787/2787/2787
f 2787/2787/2787 2796/2796/2796 2786/2786/2786
f 2789/2789/2789 2797/2797/2797 2779/2779/2779
f 2779/2779/2779 2797/2797/2797 2787/2787/2787
f 2737/2737/2737 2798/2798/2798 2799/2799/2799
f 2799/2799/2799 2798/2798/2798 2800/2800/2800
f 2737/2737/2737 2736/2736/2736 2798/2798/2798
f 2801/2801/2801 2802/2802/2802 2735/2735/2735
f 2735/2735/2735 2802/2802/2802 2736/2736/2736
f 2792/2792/2792 2803/2803/2803 2801/2801/2801
f 2801/2801/2801 2803/2803/2803 2802/2802/2802
f 2793/2793/2793 2804/2804/2804 2792/2792/2792
f 2792/2792/2792 2804/2804/2804 2803/2803/2803
f 2805/2805/2805 2806/2806/2806 2807/2807/2807
f 2807/2807/2807 2806/2806/2806 2795/2795/2795
f 2808/2808/2808 2805/2805/2805 2809/2809/2809
f 2809/2809/2809 2805/2805/2805 2807/2807/2807
f 2810/2810/2810 2808/2808/2808 2811/2811/2811
f 2811/2811/2811 2808/2808/2808 2809/2809/2809
f 2800/2800/2800 2810/2810/2810 2799/2799/2799
f 2799/2799/2799 2810/2810/2810 2811/2811/2811
f 2807/2807/2807 2795/2795/2795 2794/2794/2794
f 2809/2809/2809 2807/2807/2807 2796/2796/2796
f 2796/2796/2796 2807/2807/2807 2794/2794/2794
f 2811/2811/2811 2809/2809/2809 2797/2797/2797
f 2797/2797/2797 2809/2809/2809 2796/2796/2796
f 2799/2799/2799 2811/2811/2811 2789/2789/2789
f 2789/2789/2789 2811/2811/2811 2797/2797/2797
f 2799/2799/2799 2789/2789/2789 2737/2737/2737
f 2737/2737/2737 2789/2789/2789 2788/2788/2788
f 2737/2737/2737 2788/2788/2788 2735/2735/2735
f 2735/2735/2735 2788/2788/2788 2790/2790/2790
f 2735/2735/2735 2790/2790/2790 2801/2801/2801
f 2801/2801/2801 2790/2790/2790 2791/2791/2791
f 2792/2792/2792 2801/2801/2801 2791/2791/2791
f 2795/2795/2795 2806/2806/2806 2812/2812/2812
f 2812/2812/2812 2806/2806/2806 2813/2813/2813
f 2785/2785/2785 2795/2795/2795 2814/2814/2814
f 2814/2814/2814 2795/2795/2795 2812/2812/2812
f 2753/2753/2753 2785/2785/2785 2815/2815/2815
f 2815/2815/2815 2785/2785/2785 2814/2814/2814
f 2752/2752/2752 2753/2753/2753 2816/2816/2816
f 2816/2816/2816 2753/2753/2753 2815/2815/2815
f 2771/2771/2771 2752/2752/2752 2817/2817/2817
f 2817/2817/2817 2752/2752/2752 2816/2816/2816
f 2773/2773/2773 2771/2771/2771 2818/2818/2818
f 2818/2818/2818 2771/2771/2771 2817/2817/2817
f 2819/2819/2819 2820/2820/2820 2821/2821/2821
f 2312/2312/2312 2303/2303/2303 2822/2822/2822
f 2822/2822/2822 2303/2303/2303 2279/2279/2279
f 2309/2309/2309 2823/2823/2823 2311/2311/2311
f 2311/2311/2311 2823/2823/2823 2824/2824/2824
f 2823/2823/2823 2309/2309/2309 2822/2822/2822
f 2822/2822/2822 2309/2309/2309 2312/2312/2312
f 2825/2825/2825 2826/2826/2826 2827/2827/2827
f 2827/2827/2827 2826/2826/2826 2828/2828/2828
f 2827/2827/2827 2828/2828/2828 2829/2829/2829
f 2829/2829/2829 2828/2828/2828 2830/2830/2830
f 2829/2829/2829 2830/2830/2830 2831/2831/2831
f 2831/2831/2831 2830/2830/2830 2832/2832/2832
f 2833/2833/2833 2831/2831/2831 2834/2834/2834
f 2834/2834/2834 2831/2831/2831 2832/2832/2832
f 2835/2835/2835 2833/2833/2833 2836/2836/2836
f 2836/2836/2836 2833/2833/2833 2834/2834/2834
f 2837/2837/2837 2838/2838/2838 2839/2839/2839
f 2839/2839/2839 2838/2838/2838 2840/2840/2840
f 2841/2841/2841 2837/2837/2837 2842/2842/2842
f 2842/2842/2842 2837/2837/2837 2839/2839/2839
f 2841/2841/2841 2842/2842/2842 2843/2843/2843
f 2843/2843/2843 2842/2842/2842 2844/2844/2844
f 2843/2843/2843 2844/2844/2844 2825/2825/2825
f 2825/2825/2825 2844/2844/2844 2826/2826/2826
f 2845/2845/2845 2825/2825/2825 2846/2846/2846
f 2846/2846/2846 2825/2825/2825 2827/2827/2827
f 2846/2846/2846 2827/2827/2827 2847/2847/2847
f 2847/2847/2847 2827/2827/2827 2829/2829/2829
f 2847/2847/2847 2829/2829/2829 2848/2848/2848
f 2848/2848/2848 2829/2829/2829 2831/2831/2831
f 2849/2849/2849 2848/2848/2848 2833/2833/2833
f 2833/2833/2833 2848/2848/2848 2831/2831/2831
f 2850/2850/2850 2849/2849/2849 2835/2835/2835
f 2835/2835/2835 2849/2849/2849 2833/2833/2833
f 2851/2851/2851 2852/2852/2852 2837/2837/2837
f 2837/2837/2837 2852/2852/2852 2838/2838/2838
f 2853/2853/2853 2851/2851/2851 2841/2841/2841
f 2841/2841/2841 2851/2851/2851 2837/2837/2837
f 2853/2853/2853 2841/2841/2841 2854/2854/2854
f 2854/2854/2854 2841/2841/2841 2843/2843/2843
f 2854/2854/2854 2843/2843/2843 2845/2845/2845
f 2845/2845/2845 2843/2843/2843 2825/2825/2825
f 2826/2826/2826 2855/2855/2855 2828/2828/2828
f 2828/2828/2828 2855/2855/2855 2856/2856/2856
f 2828/2828/2828 2856/2856/2856 2830/2830/2830
f 2830/2830/2830 2856/2856/2856 2857/2857/2857
f 2830/2830/2830 2857/2857/2857 2832/2832/2832
f 2832/2832/2832 2857/2857/2857 2858/2858/2858
f 2834/2834/2834 2832/2832/2832 2859/2859/2859
f 2859/2859/2859 2832/2832/2832 2858/2858/2858
f 2836/2836/2836 2834/2834/2834 2860/2860/2860
f 2860/2860/2860 2834/2834/2834 2859/2859/2859
f 2839/2839/2839 2840/2840/2840 2861/2861/2861
f 2861/2861/2861 2840/2840/2840 2862/2862/2862
f 2842/2842/2842 2839/2839/2839 2863/2863/2863
f 2863/2863/2863 2839/2839/2839 2861/2861/2861
f 2842/2842/2842 2863/2863/2863 2844/2844/2844
f 2844/2844/2844 2863/2863/2863 2864/2864/2864
f 2844/2844/2844 2864/2864/2864 2826/2826/2826
f 2826/2826/2826 2864/2864/2864 2855/2855/2855
f 2855/2855/2855 2865/2865/2865 2856/2856/2856
f 2856/2856/2856 2865/2865/2865 2866/2866/2866
f 2856/2856/2856 2866/2866/2866 2857/2857/2857
f 2857/2857/2857 2866/2866/2866 2867/2867/2867
f 2858/2858/2858 2857/2857/2857 2820/2820/2820
f 2820/2820/2820 2857/2857/2857 2867/2867/2867
f 2859/2859/2859 2858/2858/2858 2819/2819/2819
f 2819/2819/2819 2858/2858/2858 2820/2820/2820
f 2860/2860/2860 2859/2859/2859 2868/2868/2868
f 2868/2868/2868 2859/2859/2859 2819/2819/2819
f 2861/2861/2861 2862/2862/2862 2869/2869/2869
f 2869/2869/2869 2862/2862/2862 2870/2870/2870
f 2861/2861/2861 2869/2869/2869 2863/2863/2863
f 2863/2863/2863 2869/2869/2869 2871/2871/2871
f 2863/2863/2863 2871/2871/2871 2864/2864/2864
f 2864/2864/2864 2871/2871/2871 2872/2872/2872
f 2864/2864/2864 2872/2872/2872 2855/2855/2855
f 2855/2855/2855 2872/2872/2872 2865/2865/2865
f 2873/2873/2873 2874/2874/2874 2875/2875/2875
f 2875/2875/2875 2874/2874/2874 2876/2876/2876
f 2877/2877/2877 2873/2873/2873 2878/2878/2878
f 2878/2878/2878 2873/2873/2873 2875/2875/2875
f 2821/2821/2821 2877/2877/2877 2879/2879/2879
f 2879/2879/2879 2877/2877/2877 2878/2878/2878
f 2819/2819/2819 2821/2821/2821 2880/2880/2880
f 2880/2880/2880 2821/2821/2821 2879/2879/2879
f 2868/2868/2868 2819/2819/2819 2881/2881/2881
f 2881/2881/2881 2819/2819/2819 2880/2880/2880
f 2870/2870/2870 2882/2882/2882 2883/2883/2883
f 2883/2883/2883 2882/2882/2882 2884/2884/2884
f 2883/2883/2883 2884/2884/2884 2885/2885/2885
f 2885/2885/2885 2884/2884/2884 2886/2886/2886
f 2885/2885/2885 2886/2886/2886 2887/2887/2887
f 2887/2887/2887 2886/2886/2886 2888/2888/2888
f 2887/2887/2887 2888/2888/2888 2874/2874/2874
f 2874/2874/2874 2888/2888/2888 2876/2876/2876
f 2883/2883/2883 2869/2869/2869 2870/2870/2870
f 2885/2885/2885 2871/2871/2871 2883/2883/2883
f 2883/2883/2883 2871/2871/2871 2869/2869/2869
f 2887/2887/2887 2872/2872/2872 2885/2885/2885
f 2885/2885/2885 2872/2872/2872 2871/2871/2871
f 2874/2874/2874 2865/2865/2865 2887/2887/2887
f 2887/2887/2887 2865/2865/2865 2872/2872/2872
f 2866/2866/2866 2865/2865/2865 2873/2873/2873
f 2873/2873/2873 2865/2865/2865 2874/2874/2874
f 2867/2867/2867 2866/2866/2866 2877/2877/2877
f 2877/2877/2877 2866/2866/2866 2873/2873/2873
f 2820/2820/2820 2867/2867/2867 2821/2821/2821
f 2821/2821/2821 2867/2867/2867 2877/2877/2877
f 2870/2870/2870 2889/2889/2889 2882/2882/2882
f 2882/2882/2882 2889/2889/2889 2890/2890/2890
f 2862/2862/2862 2891/2891/2891 2870/2870/2870
f 2870/2870/2870 2891/2891/2891 2889/2889/2889
f 2840/2840/2840 2892/2892/2892 2862/2862/2862
f 2862/2862/2862 2892/2892/2892 2891/2891/2891
f 2838/2838/2838 2893/2893/2893 2840/2840/2840
f 2840/2840/2840 2893/2893/2893 2892/2892/2892
f 2852/2852/2852 2894/2894/2894 2838/2838/2838
f 2838/2838/2838 2894/2894/2894 2893/2893/2893
f 2296/2296/2296 2895/2895/2895 2298/2298/2298
f 2298/2298/2298 2895/2895/2895 2896/2896/2896
f 2292/2292/2292 2896/2896/2896 2897/2897/2897
f 2294/2294/2294 2292/2292/2292 2897/2897/2897
f 2318/2318/2318 2302/2302/2302 2897/2897/2897
f 2897/2897/2897 2302/2302/2302 2294/2294/2294
f 2292/2292/2292 2298/2298/2298 2896/2896/2896
f 2726/2726/2726 2898/2898/2898 2607/2607/2607
f 2607/2607/2607 2898/2898/2898 2899/2899/2899
f 2608/2608/2608 2607/2607/2607 2899/2899/2899
f 2900/2900/2900 2901/2901/2901 2902/2902/2902
f 2903/2903/2903 2904/2904/2904 2905/2905/2905
f 2901/2901/2901 2906/2906/2906 2907/2907/2907
f 2905/2905/2905 2908/2908/2908 2909/2909/2909
f 2910/2910/2910 2911/2911/2911 2906/2906/2906
f 2908/2908/2908 2912/2912/2912 2909/2909/2909
f 2595/2595/2595 2597/2597/2597 2913/2913/2913
f 2913/2913/2913 2597/2597/2597 2914/2914/2914
f 2597/2597/2597 2599/2599/2599 2914/2914/2914
f 2914/2914/2914 2599/2599/2599 2915/2915/2915
f 2599/2599/2599 2618/2618/2618 2915/2915/2915
f 2915/2915/2915 2618/2618/2618 2916/2916/2916
f 2917/2917/2917 2916/2916/2916 2582/2582/2582
f 2582/2582/2582 2916/2916/2916 2618/2618/2618
f 2918/2918/2918 2919/2919/2919 2920/2920/2920
f 2921/2921/2921 2922/2922/2922 2919/2919/2919
f 2919/2919/2919 2922/2922/2922 2920/2920/2920
f 2923/2923/2923 2924/2924/2924 2921/2921/2921
f 2921/2921/2921 2924/2924/2924 2922/2922/2922
f 2924/2924/2924 2923/2923/2923 2925/2925/2925
f 2925/2925/2925 2923/2923/2923 2926/2926/2926
f 2927/2927/2927 2928/2928/2928 2929/2929/2929
f 2930/2930/2930 2931/2931/2931 2932/2932/2932
f 2930/2930/2930 2610/2610/2610 2931/2931/2931
f 2931/2931/2931 2610/2610/2610 2933/2933/2933
f 2601/2601/2601 2600/2600/2600 2933/2933/2933
f 2933/2933/2933 2600/2600/2600 2934/2934/2934
f 2935/2935/2935 2934/2934/2934 2604/2604/2604
f 2604/2604/2604 2934/2934/2934 2600/2600/2600
f 2594/2594/2594 2595/2595/2595 2936/2936/2936
f 2936/2936/2936 2595/2595/2595 2913/2913/2913
f 2913/2913/2913 2914/2914/2914 2937/2937/2937
f 2914/2914/2914 2915/2915/2915 2937/2937/2937
f 2937/2937/2937 2915/2915/2915 2938/2938/2938
f 2915/2915/2915 2916/2916/2916 2938/2938/2938
f 2938/2938/2938 2916/2916/2916 2939/2939/2939
f 2940/2940/2940 2939/2939/2939 2917/2917/2917
f 2917/2917/2917 2939/2939/2939 2916/2916/2916
f 2941/2941/2941 2940/2940/2940 2917/2917/2917
f 2581/2581/2581 2941/2941/2941 2582/2582/2582
f 2582/2582/2582 2941/2941/2941 2917/2917/2917
f 2721/2721/2721 2927/2927/2927 2719/2719/2719
f 2942/2942/2942 2943/2943/2943 2944/2944/2944
f 2945/2945/2945 2924/2924/2924 2925/2925/2925
f 2924/2924/2924 2946/2946/2946 2922/2922/2922
f 2947/2947/2947 2942/2942/2942 2948/2948/2948
f 2922/2922/2922 2949/2949/2949 2920/2920/2920
f 2950/2950/2950 2948/2948/2948 2951/2951/2951
f 2918/2918/2918 2920/2920/2920 2952/2952/2952
f 2953/2953/2953 2950/2950/2950 2951/2951/2951
f 2954/2954/2954 2952/2952/2952 2910/2910/2910
f 2955/2955/2955 2953/2953/2953 2912/2912/2912
f 2956/2956/2956 2944/2944/2944 2957/2957/2957
f 2958/2958/2958 2945/2945/2945 2925/2925/2925
f 2926/2926/2926 2958/2958/2958 2925/2925/2925
f 2959/2959/2959 2928/2928/2928 2721/2721/2721
f 2721/2721/2721 2928/2928/2928 2927/2927/2927
f 2726/2726/2726 2725/2725/2725 2898/2898/2898
f 2933/2933/2933 2610/2610/2610 2601/2601/2601
f 2960/2960/2960 2961/2961/2961 2962/2962/2962
f 2963/2963/2963 2964/2964/2964 2965/2965/2965
f 2965/2965/2965 2964/2964/2964 2966/2966/2966
f 2967/2967/2967 2968/2968/2968 2969/2969/2969
f 2968/2968/2968 2970/2970/2970 2971/2971/2971
f 2970/2970/2970 2972/2972/2972 2973/2973/2973
f 2972/2972/2972 2974/2974/2974 2975/2975/2975
f 2974/2974/2974 2976/2976/2976 2977/2977/2977
f 2978/2978/2978 2979/2979/2979 2980/2980/2980
f 2961/2961/2961 2978/2978/2978 2962/2962/2962
f 2962/2962/2962 2978/2978/2978 2980/2980/2980
f 2981/2981/2981 2845/2845/2845 2982/2982/2982
f 2982/2982/2982 2845/2845/2845 2846/2846/2846
f 2983/2983/2983 2982/2982/2982 2847/2847/2847
f 2847/2847/2847 2982/2982/2982 2846/2846/2846
f 2984/2984/2984 2983/2983/2983 2848/2848/2848
f 2848/2848/2848 2983/2983/2983 2847/2847/2847
f 2985/2985/2985 2984/2984/2984 2849/2849/2849
f 2849/2849/2849 2984/2984/2984 2848/2848/2848
f 2986/2986/2986 2985/2985/2985 2850/2850/2850
f 2850/2850/2850 2985/2985/2985 2849/2849/2849
f 2987/2987/2987 2852/2852/2852 2988/2988/2988
f 2988/2988/2988 2852/2852/2852 2851/2851/2851
f 2988/2988/2988 2851/2851/2851 2989/2989/2989
f 2989/2989/2989 2851/2851/2851 2853/2853/2853
f 2989/2989/2989 2853/2853/2853 2990/2990/2990
f 2990/2990/2990 2853/2853/2853 2854/2854/2854
f 2990/2990/2990 2854/2854/2854 2981/2981/2981
f 2981/2981/2981 2854/2854/2854 2845/2845/2845
f 2963/2963/2963 2981/2981/2981 2991/2991/2991
f 2991/2991/2991 2981/2981/2981 2982/2982/2982
f 2991/2991/2991 2982/2982/2982 2992/2992/2992
f 2992/2992/2992 2982/2982/2982 2983/2983/2983
f 2992/2992/2992 2983/2983/2983 2993/2993/2993
f 2993/2993/2993 2983/2983/2983 2984/2984/2984
f 2994/2994/2994 2995/2995/2995 2996/2996/2996
f 2996/2996/2996 2995/2995/2995 2997/2997/2997
f 2997/2997/2997 2989/2989/2989 2965/2965/2965
f 2965/2965/2965 2989/2989/2989 2990/2990/2990
f 2965/2965/2965 2990/2990/2990 2963/2963/2963
f 2963/2963/2963 2990/2990/2990 2981/2981/2981
f 2987/2987/2987 2998/2998/2998 2852/2852/2852
f 2852/2852/2852 2998/2998/2998 2894/2894/2894
f 2999/2999/2999 2967/2967/2967 3000/3000/3000
f 3000/3000/3000 2967/2967/2967 2969/2969/2969
f 2991/2991/2991 3001/3001/3001 2963/2963/2963
f 2963/2963/2963 3001/3001/3001 2964/2964/2964
f 2992/2992/2992 3002/3002/3002 2991/2991/2991
f 2991/2991/2991 3002/3002/3002 3001/3001/3001
f 3003/3003/3003 3002/3002/3002 2993/2993/2993
f 2993/2993/2993 3002/3002/3002 2992/2992/2992
f 3004/3004/3004 3003/3003/3003 3005/3005/3005
f 3005/3005/3005 3003/3003/3003 2993/2993/2993
f 3006/3006/3006 3004/3004/3004 3007/3007/3007
f 3007/3007/3007 3004/3004/3004 3005/3005/3005
f 3008/3008/3008 3009/3009/3009 3010/3010/3010
f 3010/3010/3010 3009/3009/3009 3011/3011/3011
f 2994/2994/2994 3008/3008/3008 2995/2995/2995
f 2995/2995/2995 3008/3008/3008 3010/3010/3010
f 2996/2996/2996 2997/2997/2997 2966/2966/2966
f 2966/2966/2966 2997/2997/2997 2965/2965/2965
f 3005/3005/3005 2993/2993/2993 2985/2985/2985
f 2985/2985/2985 2993/2993/2993 2984/2984/2984
f 3007/3007/3007 3005/3005/3005 2986/2986/2986
f 2986/2986/2986 3005/3005/3005 2985/2985/2985
f 3010/3010/3010 3011/3011/3011 2987/2987/2987
f 2987/2987/2987 3011/3011/3011 2998/2998/2998
f 2995/2995/2995 3010/3010/3010 2988/2988/2988
f 2988/2988/2988 3010/3010/3010 2987/2987/2987
f 2997/2997/2997 2995/2995/2995 2989/2989/2989
f 2989/2989/2989 2995/2995/2995 2988/2988/2988
f 3012/3012/3012 3013/3013/3013 3014/3014/3014
f 3014/3014/3014 3013/3013/3013 3015/3015/3015
f 3016/3016/3016 3012/3012/3012 3017/3017/3017
f 3017/3017/3017 3012/3012/3012 3014/3014/3014
f 3018/3018/3018 3019/3019/3019 3017/3017/3017
f 3017/3017/3017 3019/3019/3019 3016/3016/3016
f 3019/3019/3019 3018/3018/3018 3020/3020/3020
f 3020/3020/3020 3018/3018/3018 3021/3021/3021
f 3022/3022/3022 3023/3023/3023 3024/3024/3024
f 3024/3024/3024 3023/3023/3023 3025/3025/3025
f 3024/3024/3024 3026/3026/3026 3022/3022/3022
f 3022/3022/3022 3026/3026/3026 3027/3027/3027
f 3028/3028/3028 3029/3029/3029 3026/3026/3026
f 3026/3026/3026 3029/3029/3029 3027/3027/3027
f 3030/3030/3030 3031/3031/3031 3028/3028/3028
f 3028/3028/3028 3031/3031/3031 3029/3029/3029
f 3032/3032/3032 3033/3033/3033 3030/3030/3030
f 3030/3030/3030 3033/3033/3033 3031/3031/3031
f 3013/3013/3013 3033/3033/3033 3015/3015/3015
f 3015/3015/3015 3033/3033/3033 3032/3032/3032
f 2962/2962/2962 2980/2980/2980 3034/3034/3034
f 3034/3034/3034 2980/2980/2980 3035/3035/3035
f 2960/2960/2960 2962/2962/2962 3036/3036/3036
f 3036/3036/3036 2962/2962/2962 3034/3034/3034
f 3037/3037/3037 2960/2960/2960 3038/3038/3038
f 3038/3038/3038 2960/2960/2960 3036/3036/3036
f 2967/2967/2967 2999/2999/2999 3039/3039/3039
f 3039/3039/3039 2999/2999/2999 3040/3040/3040
f 3039/3039/3039 3041/3041/3041 2967/2967/2967
f 2967/2967/2967 3041/3041/3041 2968/2968/2968
f 3042/3042/3042 2970/2970/2970 3041/3041/3041
f 3041/3041/3041 2970/2970/2970 2968/2968/2968
f 3042/3042/3042 3043/3043/3043 2970/2970/2970
f 2970/2970/2970 3043/3043/3043 2972/2972/2972
f 3044/3044/3044 2974/2974/2974 3043/3043/3043
f 3043/3043/3043 2974/2974/2974 2972/2972/2972
f 3044/3044/3044 3045/3045/3045 2974/2974/2974
f 2974/2974/2974 3045/3045/3045 2976/2976/2976
f 2976/2976/2976 3045/3045/3045 2980/2980/2980
f 2980/2980/2980 3045/3045/3045 3035/3035/3035
f 3034/3034/3034 3035/3035/3035 3016/3016/3016
f 3016/3016/3016 3035/3035/3035 3012/3012/3012
f 3036/3036/3036 3034/3034/3034 3019/3019/3019
f 3019/3019/3019 3034/3034/3034 3016/3016/3016
f 3038/3038/3038 3036/3036/3036 3020/3020/3020
f 3020/3020/3020 3036/3036/3036 3019/3019/3019
f 3040/3040/3040 3023/3023/3023 3039/3039/3039
f 3039/3039/3039 3023/3023/3023 3022/3022/3022
f 3027/3027/3027 3041/3041/3041 3022/3022/3022
f 3022/3022/3022 3041/3041/3041 3039/3039/3039
f 3027/3027/3027 3029/3029/3029 3041/3041/3041
f 3041/3041/3041 3029/3029/3029 3042/3042/3042
f 3031/3031/3031 3043/3043/3043 3029/3029/3029
f 3029/3029/3029 3043/3043/3043 3042/3042/3042
f 3033/3033/3033 3044/3044/3044 3031/3031/3031
f 3031/3031/3031 3044/3044/3044 3043/3043/3043
f 3013/3013/3013 3045/3045/3045 3033/3033/3033
f 3033/3033/3033 3045/3045/3045 3044/3044/3044
f 3045/3045/3045 3013/3013/3013 3035/3035/3035
f 3035/3035/3035 3013/3013/3013 3012/3012/3012
f 2960/2960/2960 3046/3046/3046 2961/2961/2961
f 3046/3046/3046 2960/2960/2960 3037/3037/3037
f 2975/2975/2975 2974/2974/2974 2977/2977/2977
f 2973/2973/2973 2972/2972/2972 2975/2975/2975
f 2971/2971/2971 2970/2970/2970 2973/2973/2973
f 2969/2969/2969 2968/2968/2968 2971/2971/2971
f 2977/2977/2977 2976/2976/2976 2979/2979/2979
f 2980/2980/2980 2979/2979/2979 2976/2976/2976
f 3047/3047/3047 3048/3048/3048 3049/3049/3049
f 3049/3049/3049 3048/3048/3048 3050/3050/3050
f 3048/3048/3048 3051/3051/3051 3050/3050/3050
f 3050/3050/3050 3051/3051/3051 3052/3052/3052
f 3053/3053/3053 3054/3054/3054 3047/3047/3047
f 3047/3047/3047 3054/3054/3054 3048/3048/3048
f 3054/3054/3054 3055/3055/3055 3048/3048/3048
f 3048/3048/3048 3055/3055/3055 3051/3051/3051
f 3056/3056/3056 3057/3057/3057 3053/3053/3053
f 3053/3053/3053 3057/3057/3057 3054/3054/3054
f 3054/3054/3054 3057/3057/3057 3055/3055/3055
f 3055/3055/3055 3057/3057/3057 3058/3058/3058
f 3056/3056/3056 3059/3059/3059 3057/3057/3057
f 3057/3057/3057 3059/3059/3059 3060/3060/3060
f 3057/3057/3057 3060/3060/3060 3058/3058/3058
f 3058/3058/3058 3060/3060/3060 3061/3061/3061
f 3062/3062/3062 3063/3063/3063 3064/3064/3064
f 3064/3064/3064 3063/3063/3063 3065/3065/3065
f 3064/3064/3064 3065/3065/3065 3066/3066/3066
f 3066/3066/3066 3065/3065/3065 3067/3067/3067
f 3068/3068/3068 3065/3065/3065 3069/3069/3069
f 3069/3069/3069 3065/3065/3065 3063/3063/3063
f 3070/3070/3070 3067/3067/3067 3068/3068/3068
f 3068/3068/3068 3067/3067/3067 3065/3065/3065
f 3071/3071/3071 3070/3070/3070 3072/3072/3072
f 3072/3072/3072 3070/3070/3070 3068/3068/3068
f 3072/3072/3072 3068/3068/3068 3073/3073/3073
f 3073/3073/3073 3068/3068/3068 3069/3069/3069
f 3074/3074/3074 3075/3075/3075 3052/3052/3052
f 3052/3052/3052 3075/3075/3075 3050/3050/3050
f 3075/3075/3075 3076/3076/3076 3050/3050/3050
f 3050/3050/3050 3076/3076/3076 3049/3049/3049
f 3071/3071/3071 3072/3072/3072 3074/3074/3074
f 3074/3074/3074 3072/3072/3072 3075/3075/3075
f 3072/3072/3072 3073/3073/3073 3075/3075/3075
f 3075/3075/3075 3073/3073/3073 3076/3076/3076
f 3077/3077/3077 3049/3049/3049 3078/3078/3078
f 3078/3078/3078 3049/3049/3049 3076/3076/3076
f 3079/3079/3079 3080/3080/3080 3062/3062/3062
f 3062/3062/3062 3080/3080/3080 3063/3063/3063
f 3069/3069/3069 3063/3063/3063 3081/3081/3081
f 3081/3081/3081 3063/3063/3063 3080/3080/3080
f 3069/3069/3069 3081/3081/3081 3073/3073/3073
f 3073/3073/3073 3081/3081/3081 3082/3082/3082
f 3073/3073/3073 3082/3082/3082 3076/3076/3076
f 3076/3076/3076 3082/3082/3082 3078/3078/3078
f 3083/3083/3083 3084/3084/3084 3056/3056/3056
f 3056/3056/3056 3084/3084/3084 3059/3059/3059
f 3083/3083/3083 3056/3056/3056 3085/3085/3085
f 3085/3085/3085 3056/3056/3056 3053/3053/3053
f 3085/3085/3085 3053/3053/3053 3086/3086/3086
f 3086/3086/3086 3053/3053/3053 3047/3047/3047
f 3086/3086/3086 3047/3047/3047 3077/3077/3077
f 3077/3077/3077 3047/3047/3047 3049/3049/3049
f 3087/3087/3087 3088/3088/3088 3089/3089/3089
f 3090/3090/3090 3091/3091/3091 3092/3092/3092
f 3092/3092/3092 3091/3091/3091 3093/3093/3093
f 3094/3094/3094 3095/3095/3095 3096/3096/3096
f 3096/3096/3096 3097/3097/3097 3098/3098/3098
f 3098/3098/3098 3099/3099/3099 3100/3100/3100
f 3100/3100/3100 3101/3101/3101 3102/3102/3102
f 3102/3102/3102 3103/3103/3103 3104/3104/3104
f 3105/3105/3105 3106/3106/3106 3107/3107/3107
f 3108/3108/3108 3109/3109/3109 3105/3105/3105
f 3105/3105/3105 3109/3109/3109 3106/3106/3106
f 3110/3110/3110 3109/3109/3109 3108/3108/3108
f 2760/2760/2760 2761/2761/2761 3111/3111/3111
f 3111/3111/3111 2761/2761/2761 3090/3090/3090
f 2762/2762/2762 2760/2760/2760 3112/3112/3112
f 3112/3112/3112 2760/2760/2760 3111/3111/3111
f 2764/2764/2764 2762/2762/2762 3113/3113/3113
f 3113/3113/3113 2762/2762/2762 3112/3112/3112
f 3114/3114/3114 3115/3115/3115 3116/3116/3116
f 3116/3116/3116 3115/3115/3115 3117/3117/3117
f 2777/2777/2777 2775/2775/2775 3091/3091/3091
f 3091/3091/3091 2775/2775/2775 3114/3114/3114
f 2761/2761/2761 2777/2777/2777 3090/3090/3090
f 3090/3090/3090 2777/2777/2777 3091/3091/3091
f 3095/3095/3095 3094/3094/3094 3118/3118/3118
f 3118/3118/3118 3094/3094/3094 3119/3119/3119
f 3111/3111/3111 3090/3090/3090 3120/3120/3120
f 3120/3120/3120 3090/3090/3090 3092/3092/3092
f 3112/3112/3112 3111/3111/3111 3121/3121/3121
f 3121/3121/3121 3111/3111/3111 3120/3120/3120
f 3122/3122/3122 3113/3113/3113 3121/3121/3121
f 3121/3121/3121 3113/3113/3113 3112/3112/3112
f 3113/3113/3113 3122/3122/3122 3123/3123/3123
f 3123/3123/3123 3122/3122/3122 3124/3124/3124
f 3125/3125/3125 3126/3126/3126 3124/3124/3124
f 3124/3124/3124 3126/3126/3126 3123/3123/3123
f 3127/3127/3127 3128/3128/3128 3129/3129/3129
f 3129/3129/3129 3128/3128/3128 3130/3130/3130
f 3117/3117/3117 3115/3115/3115 3130/3130/3130
f 3130/3130/3130 3115/3115/3115 3129/3129/3129
f 3091/3091/3091 3114/3114/3114 3093/3093/3093
f 3093/3093/3093 3114/3114/3114 3116/3116/3116
f 3123/3123/3123 2766/2766/2766 3113/3113/3113
f 3113/3113/3113 2766/2766/2766 2764/2764/2764
f 3126/3126/3126 2768/2768/2768 3123/3123/3123
f 3123/3123/3123 2768/2768/2768 2766/2766/2766
f 3129/3129/3129 2773/2773/2773 3127/3127/3127
f 3127/3127/3127 2773/2773/2773 2818/2818/2818
f 3115/3115/3115 2772/2772/2772 3129/3129/3129
f 3129/3129/3129 2772/2772/2772 2773/2773/2773
f 3114/3114/3114 2775/2775/2775 3115/3115/3115
f 3115/3115/3115 2775/2775/2775 2772/2772/2772
f 3131/3131/3131 3132/3132/3132 3133/3133/3133
f 3133/3133/3133 3132/3132/3132 3134/3134/3134
f 3135/3135/3135 3136/3136/3136 3131/3131/3131
f 3131/3131/3131 3136/3136/3136 3132/3132/3132
f 3137/3137/3137 3136/3136/3136 3138/3138/3138
f 3138/3138/3138 3136/3136/3136 3135/3135/3135
f 3139/3139/3139 3137/3137/3137 3140/3140/3140
f 3140/3140/3140 3137/3137/3137 3138/3138/3138
f 3141/3141/3141 3142/3142/3142 3143/3143/3143
f 3143/3143/3143 3142/3142/3142 3144/3144/3144
f 3142/3142/3142 3141/3141/3141 3145/3145/3145
f 3145/3145/3145 3141/3141/3141 3146/3146/3146
f 3146/3146/3146 3147/3147/3147 3145/3145/3145
f 3145/3145/3145 3147/3147/3147 3148/3148/3148
f 3147/3147/3147 3149/3149/3149 3148/3148/3148
f 3148/3148/3148 3149/3149/3149 3150/3150/3150
f 3149/3149/3149 3151/3151/3151 3150/3150/3150
f 3150/3150/3150 3151/3151/3151 3152/3152/3152
f 3152/3152/3152 3151/3151/3151 3134/3134/3134
f 3134/3134/3134 3151/3151/3151 3133/3133/3133
f 3109/3109/3109 3153/3153/3153 3106/3106/3106
f 3106/3106/3106 3153/3153/3153 3154/3154/3154
f 3153/3153/3153 3109/3109/3109 3155/3155/3155
f 3155/3155/3155 3109/3109/3109 3110/3110/3110
f 3156/3156/3156 3157/3157/3157 3110/3110/3110
f 3110/3110/3110 3157/3157/3157 3155/3155/3155
f 3094/3094/3094 3158/3158/3158 3119/3119/3119
f 3119/3119/3119 3158/3158/3158 3159/3159/3159
f 3158/3158/3158 3094/3094/3094 3160/3160/3160
f 3160/3160/3160 3094/3094/3094 3096/3096/3096
f 3096/3096/3096 3098/3098/3098 3160/3160/3160
f 3160/3160/3160 3098/3098/3098 3161/3161/3161
f 3161/3161/3161 3098/3098/3098 3162/3162/3162
f 3162/3162/3162 3098/3098/3098 3100/3100/3100
f 3100/3100/3100 3102/3102/3102 3162/3162/3162
f 3162/3162/3162 3102/3102/3102 3163/3163/3163
f 3163/3163/3163 3102/3102/3102 3164/3164/3164
f 3164/3164/3164 3102/3102/3102 3104/3104/3104
f 3154/3154/3154 3164/3164/3164 3106/3106/3106
f 3106/3106/3106 3164/3164/3164 3104/3104/3104
f 3153/3153/3153 3135/3135/3135 3154/3154/3154
f 3154/3154/3154 3135/3135/3135 3131/3131/3131
f 3135/3135/3135 3153/3153/3153 3138/3138/3138
f 3138/3138/3138 3153/3153/3153 3155/3155/3155
f 3157/3157/3157 3140/3140/3140 3155/3155/3155
f 3155/3155/3155 3140/3140/3140 3138/3138/3138
f 3141/3141/3141 3143/3143/3143 3158/3158/3158
f 3158/3158/3158 3143/3143/3143 3159/3159/3159
f 3158/3158/3158 3160/3160/3160 3141/3141/3141
f 3141/3141/3141 3160/3160/3160 3146/3146/3146
f 3146/3146/3146 3160/3160/3160 3147/3147/3147
f 3147/3147/3147 3160/3160/3160 3161/3161/3161
f 3161/3161/3161 3162/3162/3162 3147/3147/3147
f 3147/3147/3147 3162/3162/3162 3149/3149/3149
f 3162/3162/3162 3163/3163/3163 3149/3149/3149
f 3149/3149/3149 3163/3163/3163 3151/3151/3151
f 3163/3163/3163 3164/3164/3164 3151/3151/3151
f 3151/3151/3151 3164/3164/3164 3133/3133/3133
f 3131/3131/3131 3133/3133/3133 3154/3154/3154
f 3154/3154/3154 3133/3133/3133 3164/3164/3164
f 3110/3110/3110 3108/3108/3108 3165/3165/3165
f 3165/3165/3165 3156/3156/3156 3110/3110/3110
f 3101/3101/3101 3103/3103/3103 3102/3102/3102
f 3099/3099/3099 3101/3101/3101 3100/3100/3100
f 3097/3097/3097 3099/3099/3099 3098/3098/3098
f 3095/3095/3095 3097/3097/3097 3096/3096/3096
f 3103/3103/3103 3107/3107/3107 3104/3104/3104
f 3106/3106/3106 3104/3104/3104 3107/3107/3107
f 3166/3166/3166 3167/3167/3167 3168/3168/3168
f 3168/3168/3168 3167/3167/3167 3169/3169/3169
f 3170/3170/3170 3171/3171/3171 3166/3166/3166
f 3166/3166/3166 3171/3171/3171 3167/3167/3167
f 3172/3172/3172 3169/3169/3169 3173/3173/3173
f 3173/3173/3173 3169/3169/3169 3167/3167/3167
f 3173/3173/3173 3167/3167/3167 3174/3174/3174
f 3174/3174/3174 3167/3167/3167 3171/3171/3171
f 3173/3173/3173 3175/3175/3175 3172/3172/3172
f 3172/3172/3172 3175/3175/3175 3088/3088/3088
f 3173/3173/3173 3174/3174/3174 3175/3175/3175
f 3175/3175/3175 3174/3174/3174 3176/3176/3176
f 3088/3088/3088 3175/3175/3175 3177/3177/3177
f 3177/3177/3177 3175/3175/3175 3178/3178/3178
f 3175/3175/3175 3176/3176/3176 3178/3178/3178
f 3178/3178/3178 3176/3176/3176 3179/3179/3179
f 3180/3180/3180 3181/3181/3181 3182/3182/3182
f 3182/3182/3182 3181/3181/3181 3183/3183/3183
f 3181/3181/3181 3184/3184/3184 3183/3183/3183
f 3183/3183/3183 3184/3184/3184 3185/3185/3185
f 3182/3182/3182 3183/3183/3183 3186/3186/3186
f 3186/3186/3186 3183/3183/3183 3187/3187/3187
f 3183/3183/3183 3185/3185/3185 3187/3187/3187
f 3187/3187/3187 3185/3185/3185 3188/3188/3188
f 3189/3189/3189 3190/3190/3190 3188/3188/3188
f 3188/3188/3188 3190/3190/3190 3187/3187/3187
f 3190/3190/3190 3191/3191/3191 3187/3187/3187
f 3187/3187/3187 3191/3191/3191 3186/3186/3186
f 3192/3192/3192 3170/3170/3170 3193/3193/3193
f 3193/3193/3193 3170/3170/3170 3166/3166/3166
f 3193/3193/3193 3166/3166/3166 3194/3194/3194
f 3194/3194/3194 3166/3166/3166 3168/3168/3168
f 3189/3189/3189 3192/3192/3192 3190/3190/3190
f 3190/3190/3190 3192/3192/3192 3193/3193/3193
f 3190/3190/3190 3193/3193/3193 3191/3191/3191
f 3191/3191/3191 3193/3193/3193 3194/3194/3194
f 3194/3194/3194 3168/3168/3168 3195/3195/3195
f 3195/3195/3195 3168/3168/3168 3196/3196/3196
f 3197/3197/3197 3180/3180/3180 3198/3198/3198
f 3198/3198/3198 3180/3180/3180 3182/3182/3182
f 3198/3198/3198 3182/3182/3182 3199/3199/3199
f 3199/3199/3199 3182/3182/3182 3186/3186/3186
f 3200/3200/3200 3199/3199/3199 3191/3191/3191
f 3191/3191/3191 3199/3199/3199 3186/3186/3186
f 3191/3191/3191 3194/3194/3194 3200/3200/3200
f 3200/3200/3200 3194/3194/3194 3195/3195/3195
f 3089/3089/3089 3088/3088/3088 3177/3177/3177
f 3172/3172/3172 3088/3088/3088 3201/3201/3201
f 3201/3201/3201 3088/3088/3088 3087/3087/3087
f 3169/3169/3169 3172/3172/3172 3202/3202/3202
f 3202/3202/3202 3172/3172/3172 3201/3201/3201
f 3168/3168/3168 3169/3169/3169 3196/3196/3196
f 3196/3196/3196 3169/3169/3169 3202/3202/3202
f 3203/3203/3203 3204/3204/3204 3205/3205/3205
f 3206/3206/3206 3207/3207/3207 3208/3208/3208
f 3208/3208/3208 3207/3207/3207 3209/3209/3209
f 3209/3209/3209 3210/3210/3210 3208/3208/3208
f 3208/3208/3208 3210/3210/3210 3211/3211/3211
f 3212/3212/3212 3213/3213/3213 3214/3214/3214
f 3214/3214/3214 3213/3213/3213 3204/3204/3204
f 3214/3214/3214 3204/3204/3204 3203/3203/3203
f 3215/3215/3215 3216/3216/3216 3217/3217/3217
f 3215/3215/3215 3218/3218/3218 3216/3216/3216
f 3217/3217/3217 3216/3216/3216 3212/3212/3212
f 3212/3212/3212 3216/3216/3216 3219/3219/3219
f 3218/3218/3218 3211/3211/3211 3216/3216/3216
f 3216/3216/3216 3211/3211/3211 3220/3220/3220
f 3212/3212/3212 3214/3214/3214 3217/3217/3217
f 3217/3217/3217 3214/3214/3214 3215/3215/3215
f 3215/3215/3215 3214/3214/3214 3203/3203/3203
f 3206/3206/3206 3208/3208/3208 3215/3215/3215
f 3215/3215/3215 3208/3208/3208 3218/3218/3218
f 3221/3221/3221 3222/3222/3222 3223/3223/3223
f 3223/3223/3223 3222/3222/3222 3224/3224/3224
f 3222/3222/3222 3225/3225/3225 3224/3224/3224
f 3224/3224/3224 3225/3225/3225 3226/3226/3226
f 3227/3227/3227 3228/3228/3228 3225/3225/3225
f 3225/3225/3225 3228/3228/3228 3226/3226/3226
f 3229/3229/3229 3230/3230/3230 3227/3227/3227
f 3227/3227/3227 3230/3230/3230 3228/3228/3228
f 3231/3231/3231 3228/3228/3228 3230/3230/3230
f 3224/3224/3224 3226/3226/3226 3232/3232/3232
f 3232/3232/3232 3226/3226/3226 3233/3233/3233
f 3233/3233/3233 3226/3226/3226 3234/3234/3234
f 3234/3234/3234 3226/3226/3226 3228/3228/3228
f 3223/3223/3223 3224/3224/3224 3232/3232/3232
f 3219/3219/3219 3235/3235/3235 3212/3212/3212
f 3212/3212/3212 3235/3235/3235 3213/3213/3213
f 3220/3220/3220 3211/3211/3211 3236/3236/3236
f 3236/3236/3236 3211/3211/3211 3210/3210/3210
f 3208/3208/3208 3211/3211/3211 3218/3218/3218
f 3237/3237/3237 3238/3238/3238 3239/3239/3239
f 3240/3240/3240 3241/3241/3241 3242/3242/3242
f 2900/2900/2900 2902/2902/2902 3237/3237/3237
f 3243/3243/3243 2903/2903/2903 3241/3241/3241
f 3244/3244/3244 2932/2932/2932 3245/3245/3245
f 3245/3245/3245 2932/2932/2932 3246/3246/3246
f 2932/2932/2932 2931/2931/2931 3246/3246/3246
f 3242/3242/3242 3247/3247/3247 3240/3240/3240
f 3239/3239/3239 3248/3248/3248 3249/3249/3249
f 3247/3247/3247 3250/3250/3250 3251/3251/3251
f 3249/3249/3249 3252/3252/3252 3253/3253/3253
f 3253/3253/3253 3252/3252/3252 3254/3254/3254
f 3255/3255/3255 3250/3250/3250 3256/3256/3256
f 3254/3254/3254 3257/3257/3257 3258/3258/3258
f 3259/3259/3259 3256/3256/3256 3260/3260/3260
f 3261/3261/3261 3258/3258/3258 3262/3262/3262
f 3263/3263/3263 3259/3259/3259 3260/3260/3260
f 2670/2670/2670 3264/3264/3264 2672/2672/2672
f 2672/2672/2672 3264/3264/3264 3265/3265/3265
f 2672/2672/2672 3265/3265/3265 2674/2674/2674
f 2674/2674/2674 3265/3265/3265 3266/3266/3266
f 2674/2674/2674 3266/3266/3266 2694/2694/2694
f 2694/2694/2694 3266/3266/3266 3267/3267/3267
f 3268/3268/3268 2659/2659/2659 3267/3267/3267
f 3267/3267/3267 2659/2659/2659 2694/2694/2694
f 3269/3269/3269 3270/3270/3270 3271/3271/3271
f 3270/3270/3270 3272/3272/3272 3271/3271/3271
f 3271/3271/3271 3272/3272/3272 3273/3273/3273
f 3272/3272/3272 3274/3274/3274 3273/3273/3273
f 3273/3273/3273 3274/3274/3274 3275/3275/3275
f 3276/3276/3276 3275/3275/3275 3277/3277/3277
f 3277/3277/3277 3275/3275/3275 3274/3274/3274
f 3278/3278/3278 3279/3279/3279 3280/3280/3280
f 3281/3281/3281 3282/3282/3282 3283/3283/3283
f 3283/3283/3283 3282/3282/3282 3284/3284/3284
f 3282/3282/3282 3285/3285/3285 3284/3284/3284
f 3284/3284/3284 3285/3285/3285 3286/3286/3286
f 2686/2686/2686 3287/3287/3287 2676/2676/2676
f 2676/2676/2676 3287/3287/3287 2678/2678/2678
f 2678/2678/2678 3287/3287/3287 3288/3288/3288
f 2678/2678/2678 3288/3288/3288 2680/2680/2680
f 2680/2680/2680 3288/3288/3288 3289/3289/3289
f 2668/2668/2668 3290/3290/3290 2670/2670/2670
f 2670/2670/2670 3290/3290/3290 3264/3264/3264
f 3264/3264/3264 3291/3291/3291 3265/3265/3265
f 3265/3265/3265 3291/3291/3291 3266/3266/3266
f 3266/3266/3266 3291/3291/3291 3292/3292/3292
f 3266/3266/3266 3292/3292/3292 3267/3267/3267
f 3267/3267/3267 3292/3292/3292 3293/3293/3293
f 3294/3294/3294 3268/3268/3268 3293/3293/3293
f 3293/3293/3293 3268/3268/3268 3267/3267/3267
f 3295/3295/3295 3268/3268/3268 3294/3294/3294
f 2657/2657/2657 2659/2659/2659 3295/3295/3295
f 3295/3295/3295 2659/2659/2659 3268/3268/3268
f 3296/3296/3296 3297/3297/3297 3280/3280/3280
f 3280/3280/3280 3297/3297/3297 3278/3278/3278
f 3277/3277/3277 3274/3274/3274 3298/3298/3298
f 3299/3299/3299 3300/3300/3300 3301/3301/3301
f 3302/3302/3302 3301/3301/3301 3303/3303/3303
f 3272/3272/3272 3304/3304/3304 3274/3274/3274
f 3305/3305/3305 3302/3302/3302 3306/3306/3306
f 3270/3270/3270 3307/3307/3307 3272/3272/3272
f 3269/3269/3269 3308/3308/3308 3270/3270/3270
f 3306/3306/3306 3309/3309/3309 3305/3305/3305
f 3263/3263/3263 3309/3309/3309 3310/3310/3310
f 3261/3261/3261 3308/3308/3308 3269/3269/3269
f 2956/2956/2956 3311/3311/3311 3299/3299/3299
f 3298/3298/3298 3312/3312/3312 3277/3277/3277
f 3276/3276/3276 3277/3277/3277 3312/3312/3312
f 3286/3286/3286 3285/3285/3285 2686/2686/2686
f 2686/2686/2686 3285/3285/3285 3287/3287/3287
f 3313/3313/3313 3314/3314/3314 3315/3315/3315
f 3316/3316/3316 3317/3317/3317 3318/3318/3318
f 3315/3315/3315 3314/3314/3314 3318/3318/3318
f 3315/3315/3315 3318/3318/3318 3319/3319/3319
f 3319/3319/3319 3318/3318/3318 3317/3317/3317
f 3320/3320/3320 3321/3321/3321 3322/3322/3322
f 3323/3323/3323 3324/3324/3324 3325/3325/3325
f 3325/3325/3325 3324/3324/3324 3326/3326/3326
f 3326/3326/3326 3324/3324/3324 3327/3327/3327
f 3327/3327/3327 3324/3324/3324 3328/3328/3328
f 3329/3329/3329 3330/3330/3330 3328/3328/3328
f 3328/3328/3328 3330/3330/3330 3327/3327/3327
f 3325/3325/3325 3331/3331/3331 3323/3323/3323
f 3323/3323/3323 3331/3331/3331 3332/3332/3332
f 3333/3333/3333 3334/3334/3334 3335/3335/3335
f 3335/3335/3335 3334/3334/3334 3319/3319/3319
f 3333/3333/3333 3322/3322/3322 3334/3334/3334
f 3322/3322/3322 3321/3321/3321 3334/3334/3334
f 3336/3336/3336 3321/3321/3321 3337/3337/3337
f 3337/3337/3337 3321/3321/3321 3320/3320/3320
f 3337/3337/3337 3338/3338/3338 3336/3336/3336
f 3313/3313/3313 3336/3336/3336 3339/3339/3339
f 3339/3339/3339 3336/3336/3336 3338/3338/3338
f 3313/3313/3313 3315/3315/3315 3336/3336/3336
f 3336/3336/3336 3315/3315/3315 3321/3321/3321
f 3321/3321/3321 3315/3315/3315 3334/3334/3334
f 3334/3334/3334 3315/3315/3315 3319/3319/3319
f 3340/3340/3340 3327/3327/3327 3341/3341/3341
f 3342/3342/3342 3343/3343/3343 3344/3344/3344
f 3344/3344/3344 3343/3343/3343 3345/3345/3345
f 3346/3346/3346 3347/3347/3347 3348/3348/3348
f 3346/3346/3346 3340/3340/3340 3347/3347/3347
f 3349/3349/3349 3347/3347/3347 3350/3350/3350
f 3351/3351/3351 3352/3352/3352 3353/3353/3353
f 3353/3353/3353 3352/3352/3352 3354/3354/3354
f 3342/3342/3342 3351/3351/3351 3355/3355/3355
f 3355/3355/3355 3351/3351/3351 3353/3353/3353
f 3343/3343/3343 3342/3342/3342 3355/3355/3355
f 3354/3354/3354 3356/3356/3356 3357/3357/3357
f 3353/3353/3353 3354/3354/3354 3358/3358/3358
f 3358/3358/3358 3354/3354/3354 3357/3357/3357
f 3353/3353/3353 3358/3358/3358 3349/3349/3349
f 3350/3350/3350 3355/3355/3355 3349/3349/3349
f 3349/3349/3349 3355/3355/3355 3353/3353/3353
f 3350/3350/3350 3359/3359/3359 3355/3355/3355
f 3355/3355/3355 3359/3359/3359 3343/3343/3343
f 3343/3343/3343 3359/3359/3359 3345/3345/3345
f 3345/3345/3345 3359/3359/3359 3360/3360/3360
f 3361/3361/3361 3362/3362/3362 3363/3363/3363
f 3363/3363/3363 3362/3362/3362 3364/3364/3364
f 3363/3363/3363 3364/3364/3364 3345/3345/3345
f 3345/3345/3345 3364/3364/3364 3344/3344/3344
f 3360/3360/3360 3363/3363/3363 3345/3345/3345
f 3340/3340/3340 3346/3346/3346 3327/3327/3327
f 3327/3327/3327 3346/3346/3346 3326/3326/3326
f 3346/3346/3346 3348/3348/3348 3326/3326/3326
f 3326/3326/3326 3348/3348/3348 3325/3325/3325
f 3341/3341/3341 3327/3327/3327 3330/3330/3330
f 3317/3317/3317 3365/3365/3365 3319/3319/3319
f 3319/3319/3319 3365/3365/3365 3335/3335/3335
f 3339/3339/3339 3366/3366/3366 3313/3313/3313
f 3313/3313/3313 3366/3366/3366 3314/3314/3314
f 3348/3348/3348 3367/3367/3367 3325/3325/3325
f 3325/3325/3325 3367/3367/3367 3331/3331/3331
f 3328/3328/3328 3324/3324/3324 3368/3368/3368
f 3369/3369/3369 3370/3370/3370 3371/3371/3371
f 3371/3371/3371 3370/3370/3370 3372/3372/3372
f 3369/3369/3369 3371/3371/3371 3373/3373/3373
f 3369/3369/3369 3374/3374/3374 3375/3375/3375
f 3375/3375/3375 3374/3374/3374 3376/3376/3376
f 3374/3374/3374 3369/3369/3369 3373/3373/3373
f 3377/3377/3377 3378/3378/3378 3373/3373/3373
f 3373/3373/3373 3378/3378/3378 3374/3374/3374
f 3379/3379/3379 3377/3377/3377 3371/3371/3371
f 3371/3371/3371 3377/3377/3377 3373/3373/3373
f 3380/3380/3380 3381/3381/3381 3379/3379/3379
f 3379/3379/3379 3381/3381/3381 3377/3377/3377
f 3377/3377/3377 3381/3381/3381 3378/3378/3378
f 3378/3378/3378 3381/3381/3381 3382/3382/3382
f 3376/3376/3376 3378/3378/3378 3383/3383/3383
f 3383/3383/3383 3378/3378/3378 3382/3382/3382
f 3383/3383/3383 3384/3384/3384 3376/3376/3376
f 3376/3376/3376 3384/3384/3384 3375/3375/3375
f 3372/3372/3372 3379/3379/3379 3371/3371/3371
f 3370/3370/3370 3385/3385/3385 3372/3372/3372
f 3372/3372/3372 3385/3385/3385 3386/3386/3386
f 3387/3387/3387 3388/3388/3388 3389/3389/3389
f 3389/3389/3389 3388/3388/3388 3390/3390/3390
f 3387/3387/3387 3389/3389/3389 3391/3391/3391
f 3391/3391/3391 3389/3389/3389 3392/3392/3392
f 3392/3392/3392 3389/3389/3389 3393/3393/3393
f 3392/3392/3392 3393/3393/3393 3394/3394/3394
f 3394/3394/3394 3393/3393/3393 3395/3395/3395
f 3393/3393/3393 3396/3396/3396 3395/3395/3395
f 3395/3395/3395 3396/3396/3396 3397/3397/3397
f 3393/3393/3393 3389/3389/3389 3396/3396/3396
f 3396/3396/3396 3389/3389/3389 3390/3390/3390
f 3395/3395/3395 3397/3397/3397 3398/3398/3398
f 3398/3398/3398 3397/3397/3397 3399/3399/3399
f 3372/3372/3372 3386/3386/3386 3379/3379/3379
f 3379/3379/3379 3386/3386/3386 3380/3380/3380
f 3376/3376/3376 3374/3374/3374 3378/3378/3378
f 3394/3394/3394 3395/3395/3395 3398/3398/3398
f 3324/3324/3324 3323/3323/3323 3400/3400/3400
f 3400/3400/3400 3323/3323/3323 3401/3401/3401
f 3368/3368/3368 3324/3324/3324 3400/3400/3400
f 3370/3370/3370 3369/3369/3369 3401/3401/3401
f 3401/3401/3401 3369/3369/3369 3400/3400/3400
f 3369/3369/3369 3375/3375/3375 3400/3400/3400
f 3400/3400/3400 3375/3375/3375 3368/3368/3368
f 3384/3384/3384 3402/3402/3402 3375/3375/3375
f 3375/3375/3375 3402/3402/3402 3368/3368/3368
f 3328/3328/3328 3368/3368/3368 3329/3329/3329
f 3329/3329/3329 3368/3368/3368 3402/3402/3402
f 3323/3323/3323 3332/3332/3332 3401/3401/3401
f 3401/3401/3401 3332/3332/3332 3403/3403/3403
f 3401/3401/3401 3403/3403/3403 3370/3370/3370
f 3370/3370/3370 3403/3403/3403 3385/3385/3385
f 3404/3404/3404 3322/3322/3322 3333/3333/3333
f 3405/3405/3405 3338/3338/3338 3337/3337/3337
f 3337/3337/3337 3390/3390/3390 3405/3405/3405
f 3405/3405/3405 3390/3390/3390 3388/3388/3388
f 3337/3337/3337 3320/3320/3320 3390/3390/3390
f 3390/3390/3390 3320/3320/3320 3396/3396/3396
f 3396/3396/3396 3320/3320/3320 3397/3397/3397
f 3397/3397/3397 3320/3320/3320 3322/3322/3322
f 3399/3399/3399 3397/3397/3397 3404/3404/3404
f 3404/3404/3404 3397/3397/3397 3322/3322/3322
f 3406/3406/3406 3407/3407/3407 3348/3348/3348
f 3406/3406/3406 3349/3349/3349 3408/3408/3408
f 3358/3358/3358 3409/3409/3409 3349/3349/3349
f 3349/3349/3349 3409/3409/3409 3408/3408/3408
f 3410/3410/3410 3411/3411/3411 3412/3412/3412
f 3412/3412/3412 3411/3411/3411 3413/3413/3413
f 3414/3414/3414 3415/3415/3415 3416/3416/3416
f 3416/3416/3416 3415/3415/3415 3408/3408/3408
f 3410/3410/3410 3417/3417/3417 3411/3411/3411
f 3411/3411/3411 3417/3417/3417 3418/3418/3418
f 3419/3419/3419 3409/3409/3409 3420/3420/3420
f 3419/3419/3419 3416/3416/3416 3409/3409/3409
f 3409/3409/3409 3416/3416/3416 3408/3408/3408
f 3413/3413/3413 3421/3421/3421 3412/3412/3412
f 3366/3366/3366 3422/3422/3422 3314/3314/3314
f 3314/3314/3314 3422/3422/3422 3423/3423/3423
f 3348/3348/3348 3407/3407/3407 3367/3367/3367
f 3348/3348/3348 3347/3347/3347 3406/3406/3406
f 3314/3314/3314 3423/3423/3423 3318/3318/3318
f 3318/3318/3318 3423/3423/3423 3316/3316/3316
f 3424/3424/3424 3407/3407/3407 3408/3408/3408
f 3408/3408/3408 3407/3407/3407 3406/3406/3406
f 3410/3410/3410 3423/3423/3423 3417/3417/3417
f 3425/3425/3425 3423/3423/3423 3422/3422/3422
f 3406/3406/3406 3347/3347/3347 3349/3349/3349
f 3412/3412/3412 3426/3426/3426 3410/3410/3410
f 3423/3423/3423 3427/3427/3427 3316/3316/3316
f 3410/3410/3410 3426/3426/3426 3423/3423/3423
f 3423/3423/3423 3426/3426/3426 3427/3427/3427
f 3421/3421/3421 3413/3413/3413 3428/3428/3428
f 3428/3428/3428 3413/3413/3413 3429/3429/3429
f 3429/3429/3429 3413/3413/3413 3430/3430/3430
f 3430/3430/3430 3413/3413/3413 3411/3411/3411
f 3428/3428/3428 3431/3431/3431 3421/3421/3421
f 3411/3411/3411 3418/3418/3418 3430/3430/3430
f 3432/3432/3432 3427/3427/3427 3426/3426/3426
f 3433/3433/3433 3434/3434/3434 3435/3435/3435
f 3436/3436/3436 3437/3437/3437 3438/3438/3438
f 3438/3438/3438 3437/3437/3437 3439/3439/3439
f 3440/3440/3440 3441/3441/3441 3437/3437/3437
f 3437/3437/3437 3441/3441/3441 3439/3439/3439
f 3442/3442/3442 3434/3434/3434 3443/3443/3443
f 3443/3443/3443 3434/3434/3434 3444/3444/3444
f 3434/3434/3434 3445/3445/3445 3444/3444/3444
f 3444/3444/3444 3445/3445/3445 3446/3446/3446
f 3433/3433/3433 3435/3435/3435 3447/3447/3447
f 3433/3433/3433 3447/3447/3447 3448/3448/3448
f 3435/3435/3435 3442/3442/3442 3447/3447/3447
f 3447/3447/3447 3442/3442/3442 3449/3449/3449
f 3450/3450/3450 3440/3440/3440 3447/3447/3447
f 3447/3447/3447 3440/3440/3440 3448/3448/3448
f 3442/3442/3442 3435/3435/3435 3434/3434/3434
f 3445/3445/3445 3434/3434/3434 3433/3433/3433
f 3436/3436/3436 3433/3433/3433 3437/3437/3437
f 3437/3437/3437 3433/3433/3433 3448/3448/3448
f 3451/3451/3451 3452/3452/3452 3453/3453/3453
f 3453/3453/3453 3452/3452/3452 3454/3454/3454
f 3452/3452/3452 3451/3451/3451 3455/3455/3455
f 3455/3455/3455 3451/3451/3451 3456/3456/3456
f 3456/3456/3456 3457/3457/3457 3455/3455/3455
f 3455/3455/3455 3457/3457/3457 3458/3458/3458
f 3457/3457/3457 3459/3459/3459 3458/3458/3458
f 3458/3458/3458 3459/3459/3459 3460/3460/3460
f 3461/3461/3461 3459/3459/3459 3457/3457/3457
f 3462/3462/3462 3456/3456/3456 3463/3463/3463
f 3463/3463/3463 3456/3456/3456 3451/3451/3451
f 3462/3462/3462 3464/3464/3464 3456/3456/3456
f 3456/3456/3456 3464/3464/3464 3457/3457/3457
f 3453/3453/3453 3463/3463/3463 3451/3451/3451
f 3443/3443/3443 3465/3465/3465 3442/3442/3442
f 3442/3442/3442 3465/3465/3465 3449/3449/3449
f 3450/3450/3450 3466/3466/3466 3440/3440/3440
f 3440/3440/3440 3466/3466/3466 3441/3441/3441
f 3437/3437/3437 3448/3448/3448 3440/3440/3440
f 3467/3467/3467 3468/3468/3468 3469/3469/3469
f 3470/3470/3470 3471/3471/3471 3472/3472/3472
f 3472/3472/3472 3471/3471/3471 3473/3473/3473
f 3473/3473/3473 3474/3474/3474 3472/3472/3472
f 3469/3469/3469 3475/3475/3475 3467/3467/3467
f 3467/3467/3467 3475/3475/3475 3473/3473/3473
f 3475/3475/3475 3474/3474/3474 3473/3473/3473
f 3475/3475/3475 3476/3476/3476 3474/3474/3474
f 3474/3474/3474 3476/3476/3476 3477/3477/3477
f 3474/3474/3474 3477/3477/3477 3472/3472/3472
f 3472/3472/3472 3477/3477/3477 3478/3478/3478
f 3477/3477/3477 3479/3479/3479 3478/3478/3478
f 3478/3478/3478 3479/3479/3479 3480/3480/3480
f 3477/3477/3477 3476/3476/3476 3481/3481/3481
f 3481/3481/3481 3476/3476/3476 3482/3482/3482
f 3469/3469/3469 3483/3483/3483 3476/3476/3476
f 3476/3476/3476 3483/3483/3483 3482/3482/3482
f 3469/3469/3469 3468/3468/3468 3483/3483/3483
f 3470/3470/3470 3472/3472/3472 3478/3478/3478
f 3484/3484/3484 3485/3485/3485 3470/3470/3470
f 3470/3470/3470 3485/3485/3485 3471/3471/3471
f 3486/3486/3486 3487/3487/3487 3488/3488/3488
f 3488/3488/3488 3487/3487/3487 3489/3489/3489
f 3486/3486/3486 3490/3490/3490 3487/3487/3487
f 3490/3490/3490 3491/3491/3491 3487/3487/3487
f 3487/3487/3487 3491/3491/3491 3492/3492/3492
f 3491/3491/3491 3493/3493/3493 3492/3492/3492
f 3492/3492/3492 3493/3493/3493 3494/3494/3494
f 3495/3495/3495 3496/3496/3496 3494/3494/3494
f 3494/3494/3494 3496/3496/3496 3492/3492/3492
f 3492/3492/3492 3496/3496/3496 3487/3487/3487
f 3487/3487/3487 3496/3496/3496 3489/3489/3489
f 3494/3494/3494 3497/3497/3497 3495/3495/3495
f 3495/3495/3495 3497/3497/3497 3498/3498/3498
f 3470/3470/3470 3478/3478/3478 3484/3484/3484
f 3484/3484/3484 3478/3478/3478 3480/3480/3480
f 3469/3469/3469 3476/3476/3476 3475/3475/3475
f 3493/3493/3493 3497/3497/3497 3494/3494/3494
f 3432/3432/3432 3426/3426/3426 3499/3499/3499
f 3500/3500/3500 3501/3501/3501 3356/3356/3356
f 3502/3502/3502 3503/3503/3503 3504/3504/3504
f 3504/3504/3504 3503/3503/3503 3505/3505/3505
f 3502/3502/3502 3506/3506/3506 3503/3503/3503
f 3503/3503/3503 3506/3506/3506 3507/3507/3507
f 3508/3508/3508 3509/3509/3509 3510/3510/3510
f 3510/3510/3510 3509/3509/3509 3511/3511/3511
f 3504/3504/3504 3512/3512/3512 3502/3502/3502
f 3502/3502/3502 3512/3512/3512 3513/3513/3513
f 3514/3514/3514 3515/3515/3515 3516/3516/3516
f 3516/3516/3516 3515/3515/3515 3517/3517/3517
f 3501/3501/3501 3518/3518/3518 3519/3519/3519
f 3519/3519/3519 3518/3518/3518 3520/3520/3520
f 3521/3521/3521 3522/3522/3522 3519/3519/3519
f 3519/3519/3519 3522/3522/3522 3501/3501/3501
f 3521/3521/3521 3510/3510/3510 3522/3522/3522
f 3522/3522/3522 3510/3510/3510 3511/3511/3511
f 3503/3503/3503 3517/3517/3517 3505/3505/3505
f 3505/3505/3505 3517/3517/3517 3515/3515/3515
f 3507/3507/3507 3523/3523/3523 3503/3503/3503
f 3503/3503/3503 3523/3523/3523 3517/3517/3517
f 3524/3524/3524 3409/3409/3409 3358/3358/3358
f 3358/3358/3358 3357/3357/3357 3511/3511/3511
f 3511/3511/3511 3357/3357/3357 3522/3522/3522
f 3356/3356/3356 3501/3501/3501 3357/3357/3357
f 3357/3357/3357 3501/3501/3501 3522/3522/3522
f 3431/3431/3431 3525/3525/3525 3421/3421/3421
f 3421/3421/3421 3525/3525/3525 3526/3526/3526
f 3524/3524/3524 3527/3527/3527 3420/3420/3420
f 3420/3420/3420 3527/3527/3527 3528/3528/3528
f 3420/3420/3420 3409/3409/3409 3524/3524/3524
f 3412/3412/3412 3421/3421/3421 3526/3526/3526
f 3358/3358/3358 3511/3511/3511 3524/3524/3524
f 3529/3529/3529 3527/3527/3527 3511/3511/3511
f 3527/3527/3527 3524/3524/3524 3511/3511/3511
f 3525/3525/3525 3530/3530/3530 3526/3526/3526
f 3504/3504/3504 3526/3526/3526 3530/3530/3530
f 3505/3505/3505 3531/3531/3531 3504/3504/3504
f 3515/3515/3515 3531/3531/3531 3505/3505/3505
f 3504/3504/3504 3531/3531/3531 3526/3526/3526
f 3526/3526/3526 3531/3531/3531 3426/3426/3426
f 3526/3526/3526 3426/3426/3426 3412/3412/3412
f 3513/3513/3513 3506/3506/3506 3502/3502/3502
f 3523/3523/3523 3516/3516/3516 3517/3517/3517
f 3499/3499/3499 3426/3426/3426 3531/3531/3531
f 3532/3532/3532 3070/3070/3070 3071/3071/3071
f 3051/3051/3051 3533/3533/3533 3052/3052/3052
f 3052/3052/3052 3533/3533/3533 3534/3534/3534
f 3533/3533/3533 3535/3535/3535 3534/3534/3534
f 3534/3534/3534 3535/3535/3535 3536/3536/3536
f 3533/3533/3533 3051/3051/3051 3537/3537/3537
f 3537/3537/3537 3051/3051/3051 3055/3055/3055
f 3533/3533/3533 3537/3537/3537 3535/3535/3535
f 3535/3535/3535 3537/3537/3537 3538/3538/3538
f 3055/3055/3055 3058/3058/3058 3537/3537/3537
f 3537/3537/3537 3058/3058/3058 3539/3539/3539
f 3537/3537/3537 3539/3539/3539 3538/3538/3538
f 3538/3538/3538 3539/3539/3539 3540/3540/3540
f 3058/3058/3058 3061/3061/3061 3539/3539/3539
f 3539/3539/3539 3061/3061/3061 3541/3541/3541
f 3539/3539/3539 3541/3541/3541 3540/3540/3540
f 3540/3540/3540 3541/3541/3541 3542/3542/3542
f 3066/3066/3066 3067/3067/3067 3543/3543/3543
f 3543/3543/3543 3067/3067/3067 3544/3544/3544
f 3543/3543/3543 3544/3544/3544 3545/3545/3545
f 3545/3545/3545 3544/3544/3544 3546/3546/3546
f 3067/3067/3067 3070/3070/3070 3544/3544/3544
f 3544/3544/3544 3070/3070/3070 3547/3547/3547
f 3544/3544/3544 3547/3547/3547 3546/3546/3546
f 3546/3546/3546 3547/3547/3547 3548/3548/3548
f 3532/3532/3532 3549/3549/3549 3547/3547/3547
f 3547/3547/3547 3549/3549/3549 3548/3548/3548
f 3547/3547/3547 3070/3070/3070 3532/3532/3532
f 3052/3052/3052 3534/3534/3534 3074/3074/3074
f 3549/3549/3549 3532/3532/3532 3536/3536/3536
f 3536/3536/3536 3532/3532/3532 3534/3534/3534
f 3074/3074/3074 3534/3534/3534 3071/3071/3071
f 3071/3071/3071 3534/3534/3534 3532/3532/3532
f 3550/3550/3550 3549/3549/3549 3551/3551/3551
f 3551/3551/3551 3549/3549/3549 3536/3536/3536
f 3552/3552/3552 3548/3548/3548 3550/3550/3550
f 3550/3550/3550 3548/3548/3548 3549/3549/3549
f 3553/3553/3553 3535/3535/3535 3554/3554/3554
f 3554/3554/3554 3535/3535/3535 3538/3538/3538
f 3551/3551/3551 3536/3536/3536 3553/3553/3553
f 3553/3553/3553 3536/3536/3536 3535/3535/3535
f 3555/3555/3555 3540/3540/3540 3556/3556/3556
f 3556/3556/3556 3540/3540/3540 3542/3542/3542
f 3557/3557/3557 3545/3545/3545 3558/3558/3558
f 3558/3558/3558 3545/3545/3545 3546/3546/3546
f 3538/3538/3538 3540/3540/3540 3554/3554/3554
f 3554/3554/3554 3540/3540/3540 3555/3555/3555
f 3548/3548/3548 3552/3552/3552 3546/3546/3546
f 3546/3546/3546 3552/3552/3552 3558/3558/3558
f 3342/3342/3342 3559/3559/3559 3351/3351/3351
f 3351/3351/3351 3559/3559/3559 3560/3560/3560
f 3559/3559/3559 3342/3342/3342 3561/3561/3561
f 3561/3561/3561 3342/3342/3342 3344/3344/3344
f 3562/3562/3562 3553/3553/3553 3563/3563/3563
f 3563/3563/3563 3553/3553/3553 3554/3554/3554
f 3559/3559/3559 3550/3550/3550 3560/3560/3560
f 3560/3560/3560 3550/3550/3550 3551/3551/3551
f 3550/3550/3550 3559/3559/3559 3552/3552/3552
f 3552/3552/3552 3559/3559/3559 3561/3561/3561
f 3562/3562/3562 3352/3352/3352 3560/3560/3560
f 3560/3560/3560 3352/3352/3352 3351/3351/3351
f 3553/3553/3553 3562/3562/3562 3551/3551/3551
f 3551/3551/3551 3562/3562/3562 3560/3560/3560
f 3555/3555/3555 3564/3564/3564 3565/3565/3565
f 3362/3362/3362 3566/3566/3566 3567/3567/3567
f 3567/3567/3567 3561/3561/3561 3364/3364/3364
f 3364/3364/3364 3561/3561/3561 3344/3344/3344
f 3555/3555/3555 3556/3556/3556 3564/3564/3564
f 3564/3564/3564 3556/3556/3556 3568/3568/3568
f 3558/3558/3558 3552/3552/3552 3567/3567/3567
f 3567/3567/3567 3552/3552/3552 3561/3561/3561
f 3555/3555/3555 3565/3565/3565 3554/3554/3554
f 3554/3554/3554 3565/3565/3565 3563/3563/3563
f 3557/3557/3557 3558/3558/3558 3566/3566/3566
f 3566/3566/3566 3558/3558/3558 3567/3567/3567
f 3362/3362/3362 3567/3567/3567 3364/3364/3364
f 3510/3510/3510 3569/3569/3569 3508/3508/3508
f 3523/3523/3523 3507/3507/3507 3570/3570/3570
f 3570/3570/3570 3507/3507/3507 3571/3571/3571
f 3571/3571/3571 3507/3507/3507 3572/3572/3572
f 3572/3572/3572 3507/3507/3507 3506/3506/3506
f 3571/3571/3571 3572/3572/3572 3573/3573/3573
f 3573/3573/3573 3572/3572/3572 3574/3574/3574
f 3570/3570/3570 3571/3571/3571 3575/3575/3575
f 3575/3575/3575 3571/3571/3571 3573/3573/3573
f 3572/3572/3572 3576/3576/3576 3574/3574/3574
f 3576/3576/3576 3572/3572/3572 3577/3577/3577
f 3577/3577/3577 3572/3572/3572 3506/3506/3506
f 3577/3577/3577 3506/3506/3506 3513/3513/3513
f 3578/3578/3578 3579/3579/3579 3580/3580/3580
f 3580/3580/3580 3579/3579/3579 3581/3581/3581
f 3519/3519/3519 3578/3578/3578 3521/3521/3521
f 3521/3521/3521 3578/3578/3578 3580/3580/3580
f 3580/3580/3580 3581/3581/3581 3569/3569/3569
f 3569/3569/3569 3581/3581/3581 3582/3582/3582
f 3521/3521/3521 3580/3580/3580 3510/3510/3510
f 3510/3510/3510 3580/3580/3580 3569/3569/3569
f 3508/3508/3508 3569/3569/3569 3583/3583/3583
f 3569/3569/3569 3582/3582/3582 3583/3583/3583
f 3583/3583/3583 3582/3582/3582 3584/3584/3584
f 3585/3585/3585 3578/3578/3578 3520/3520/3520
f 3520/3520/3520 3578/3578/3578 3519/3519/3519
f 3578/3578/3578 3585/3585/3585 3579/3579/3579
f 3579/3579/3579 3585/3585/3585 3586/3586/3586
f 3575/3575/3575 3587/3587/3587 3570/3570/3570
f 3587/3587/3587 3588/3588/3588 3570/3570/3570
f 3570/3570/3570 3588/3588/3588 3523/3523/3523
f 3588/3588/3588 3516/3516/3516 3523/3523/3523
f 3428/3428/3428 3589/3589/3589 3590/3590/3590
f 3591/3591/3591 3592/3592/3592 3593/3593/3593
f 3593/3593/3593 3592/3592/3592 3594/3594/3594
f 3595/3595/3595 3596/3596/3596 3591/3591/3591
f 3591/3591/3591 3596/3596/3596 3597/3597/3597
f 3591/3591/3591 3597/3597/3597 3592/3592/3592
f 3592/3592/3592 3597/3597/3597 3598/3598/3598
f 3592/3592/3592 3598/3598/3598 3206/3206/3206
f 3206/3206/3206 3598/3598/3598 3207/3207/3207
f 3420/3420/3420 3528/3528/3528 3595/3595/3595
f 3595/3595/3595 3528/3528/3528 3596/3596/3596
f 3419/3419/3419 3420/3420/3420 3599/3599/3599
f 3599/3599/3599 3420/3420/3420 3595/3595/3595
f 3416/3416/3416 3419/3419/3419 3600/3600/3600
f 3600/3600/3600 3419/3419/3419 3599/3599/3599
f 3416/3416/3416 3600/3600/3600 3414/3414/3414
f 3414/3414/3414 3600/3600/3600 3601/3601/3601
f 3205/3205/3205 3602/3602/3602 3203/3203/3203
f 3203/3203/3203 3602/3602/3602 3603/3603/3603
f 3602/3602/3602 3604/3604/3604 3603/3603/3603
f 3603/3603/3603 3604/3604/3604 3605/3605/3605
f 3604/3604/3604 3601/3601/3601 3605/3605/3605
f 3605/3605/3605 3601/3601/3601 3600/3600/3600
f 3203/3203/3203 3603/3603/3603 3215/3215/3215
f 3215/3215/3215 3603/3603/3603 3594/3594/3594
f 3590/3590/3590 3431/3431/3431 3428/3428/3428
f 3430/3430/3430 3418/3418/3418 3606/3606/3606
f 3607/3607/3607 3608/3608/3608 3606/3606/3606
f 3606/3606/3606 3608/3608/3608 3430/3430/3430
f 3428/3428/3428 3429/3429/3429 3589/3589/3589
f 3589/3589/3589 3429/3429/3429 3609/3609/3609
f 3609/3609/3609 3429/3429/3429 3608/3608/3608
f 3608/3608/3608 3429/3429/3429 3430/3430/3430
f 3590/3590/3590 3589/3589/3589 3610/3610/3610
f 3611/3611/3611 3610/3610/3610 3612/3612/3612
f 3612/3612/3612 3610/3610/3610 3589/3589/3589
f 3613/3613/3613 3609/3609/3609 3614/3614/3614
f 3614/3614/3614 3609/3609/3609 3608/3608/3608
f 3589/3589/3589 3609/3609/3609 3612/3612/3612
f 3612/3612/3612 3609/3609/3609 3613/3613/3613
f 3612/3612/3612 3613/3613/3613 3222/3222/3222
f 3222/3222/3222 3613/3613/3613 3225/3225/3225
f 3225/3225/3225 3613/3613/3613 3227/3227/3227
f 3227/3227/3227 3613/3613/3613 3614/3614/3614
f 3612/3612/3612 3222/3222/3222 3611/3611/3611
f 3611/3611/3611 3222/3222/3222 3221/3221/3221
f 3615/3615/3615 3614/3614/3614 3607/3607/3607
f 3607/3607/3607 3614/3614/3614 3608/3608/3608
f 3229/3229/3229 3227/3227/3227 3615/3615/3615
f 3615/3615/3615 3227/3227/3227 3614/3614/3614
f 3594/3594/3594 3603/3603/3603 3593/3593/3593
f 3593/3593/3593 3603/3603/3603 3605/3605/3605
f 3600/3600/3600 3599/3599/3599 3605/3605/3605
f 3605/3605/3605 3599/3599/3599 3593/3593/3593
f 3591/3591/3591 3593/3593/3593 3595/3595/3595
f 3595/3595/3595 3593/3593/3593 3599/3599/3599
f 3592/3592/3592 3206/3206/3206 3594/3594/3594
f 3594/3594/3594 3206/3206/3206 3215/3215/3215
f 3616/3616/3616 3317/3317/3317 3316/3316/3316
f 3617/3617/3617 3618/3618/3618 3619/3619/3619
f 3620/3620/3620 3621/3621/3621 3622/3622/3622
f 3622/3622/3622 3621/3621/3621 3623/3623/3623
f 3620/3620/3620 3624/3624/3624 3621/3621/3621
f 3625/3625/3625 3626/3626/3626 3359/3359/3359
f 3359/3359/3359 3626/3626/3626 3360/3360/3360
f 3341/3341/3341 3627/3627/3627 3340/3340/3340
f 3340/3340/3340 3627/3627/3627 3628/3628/3628
f 3616/3616/3616 3629/3629/3629 3317/3317/3317
f 3317/3317/3317 3629/3629/3629 3365/3365/3365
f 3347/3347/3347 3340/3340/3340 3628/3628/3628
f 3630/3630/3630 3350/3350/3350 3628/3628/3628
f 3347/3347/3347 3628/3628/3628 3350/3350/3350
f 3630/3630/3630 3631/3631/3631 3350/3350/3350
f 3625/3625/3625 3359/3359/3359 3631/3631/3631
f 3359/3359/3359 3350/3350/3350 3631/3631/3631
f 3627/3627/3627 3632/3632/3632 3628/3628/3628
f 3628/3628/3628 3632/3632/3632 3630/3630/3630
f 3633/3633/3633 3629/3629/3629 3634/3634/3634
f 3616/3616/3616 3634/3634/3634 3629/3629/3629
f 3624/3624/3624 3626/3626/3626 3635/3635/3635
f 3635/3635/3635 3626/3626/3626 3625/3625/3625
f 3626/3626/3626 3624/3624/3624 3636/3636/3636
f 3636/3636/3636 3624/3624/3624 3620/3620/3620
f 3634/3634/3634 3619/3619/3619 3637/3637/3637
f 3637/3637/3637 3619/3619/3619 3618/3618/3618
f 3630/3630/3630 3638/3638/3638 3639/3639/3639
f 3639/3639/3639 3638/3638/3638 3640/3640/3640
f 3641/3641/3641 3631/3631/3631 3639/3639/3639
f 3639/3639/3639 3631/3631/3631 3630/3630/3630
f 3641/3641/3641 3635/3635/3635 3631/3631/3631
f 3631/3631/3631 3635/3635/3635 3625/3625/3625
f 3636/3636/3636 3620/3620/3620 3642/3642/3642
f 3642/3642/3642 3620/3620/3620 3622/3622/3622
f 3643/3643/3643 3644/3644/3644 3432/3432/3432
f 3432/3432/3432 3644/3644/3644 3427/3427/3427
f 3360/3360/3360 3636/3636/3636 3643/3643/3643
f 3643/3643/3643 3636/3636/3636 3644/3644/3644
f 3644/3644/3644 3636/3636/3636 3642/3642/3642
f 3316/3316/3316 3427/3427/3427 3616/3616/3616
f 3360/3360/3360 3626/3626/3626 3636/3636/3636
f 3643/3643/3643 3363/3363/3363 3360/3360/3360
f 3432/3432/3432 3361/3361/3361 3643/3643/3643
f 3643/3643/3643 3361/3361/3361 3363/3363/3363
f 3622/3622/3622 3623/3623/3623 3619/3619/3619
f 3619/3619/3619 3623/3623/3623 3617/3617/3617
f 3642/3642/3642 3622/3622/3622 3634/3634/3634
f 3634/3634/3634 3622/3622/3622 3619/3619/3619
f 3634/3634/3634 3644/3644/3644 3642/3642/3642
f 3644/3644/3644 3634/3634/3634 3427/3427/3427
f 3427/3427/3427 3634/3634/3634 3616/3616/3616
f 3645/3645/3645 3573/3573/3573 3646/3646/3646
f 3647/3647/3647 3648/3648/3648 3649/3649/3649
f 3649/3649/3649 3648/3648/3648 3650/3650/3650
f 3650/3650/3650 3648/3648/3648 3651/3651/3651
f 3651/3651/3651 3648/3648/3648 3652/3652/3652
f 3653/3653/3653 3654/3654/3654 3647/3647/3647
f 3647/3647/3647 3654/3654/3654 3648/3648/3648
f 3653/3653/3653 3655/3655/3655 3656/3656/3656
f 3653/3653/3653 3656/3656/3656 3654/3654/3654
f 3657/3657/3657 3658/3658/3658 3653/3653/3653
f 3653/3653/3653 3658/3658/3658 3655/3655/3655
f 3658/3658/3658 3659/3659/3659 3655/3655/3655
f 3660/3660/3660 3652/3652/3652 3656/3656/3656
f 3656/3656/3656 3652/3652/3652 3654/3654/3654
f 3655/3655/3655 3659/3659/3659 3656/3656/3656
f 3656/3656/3656 3659/3659/3659 3661/3661/3661
f 3648/3648/3648 3654/3654/3654 3652/3652/3652
f 3662/3662/3662 3663/3663/3663 3659/3659/3659
f 3659/3659/3659 3663/3663/3663 3661/3661/3661
f 3660/3660/3660 3664/3664/3664 3652/3652/3652
f 3652/3652/3652 3664/3664/3664 3651/3651/3651
f 3657/3657/3657 3665/3665/3665 3658/3658/3658
f 3658/3658/3658 3665/3665/3665 3666/3666/3666
f 3658/3658/3658 3666/3666/3666 3659/3659/3659
f 3659/3659/3659 3666/3666/3666 3662/3662/3662
f 3667/3667/3667 3668/3668/3668 3669/3669/3669
f 3669/3669/3669 3668/3668/3668 3670/3670/3670
f 3670/3670/3670 3671/3671/3671 3669/3669/3669
f 3669/3669/3669 3671/3671/3671 3672/3672/3672
f 3670/3670/3670 3646/3646/3646 3671/3671/3671
f 3671/3671/3671 3646/3646/3646 3673/3673/3673
f 3670/3670/3670 3668/3668/3668 3646/3646/3646
f 3646/3646/3646 3668/3668/3668 3645/3645/3645
f 3674/3674/3674 3675/3675/3675 3673/3673/3673
f 3673/3673/3673 3675/3675/3675 3671/3671/3671
f 3675/3675/3675 3672/3672/3672 3671/3671/3671
f 3676/3676/3676 3645/3645/3645 3677/3677/3677
f 3677/3677/3677 3645/3645/3645 3668/3668/3668
f 3667/3667/3667 3677/3677/3677 3668/3668/3668
f 3575/3575/3575 3573/3573/3573 3645/3645/3645
f 3646/3646/3646 3573/3573/3573 3673/3673/3673
f 3673/3673/3673 3573/3573/3573 3574/3574/3574
f 3574/3574/3574 3576/3576/3576 3678/3678/3678
f 3574/3574/3574 3678/3678/3678 3673/3673/3673
f 3579/3579/3579 3679/3679/3679 3581/3581/3581
f 3581/3581/3581 3679/3679/3679 3680/3680/3680
f 3681/3681/3681 3584/3584/3584 3682/3682/3682
f 3682/3682/3682 3584/3584/3584 3582/3582/3582
f 3682/3682/3682 3647/3647/3647 3681/3681/3681
f 3681/3681/3681 3647/3647/3647 3649/3649/3649
f 3682/3682/3682 3680/3680/3680 3647/3647/3647
f 3647/3647/3647 3680/3680/3680 3653/3653/3653
f 3679/3679/3679 3657/3657/3657 3680/3680/3680
f 3680/3680/3680 3657/3657/3657 3653/3653/3653
f 3579/3579/3579 3586/3586/3586 3679/3679/3679
f 3679/3679/3679 3586/3586/3586 3683/3683/3683
f 3679/3679/3679 3683/3683/3683 3657/3657/3657
f 3657/3657/3657 3683/3683/3683 3665/3665/3665
f 3678/3678/3678 3674/3674/3674 3673/3673/3673
f 3676/3676/3676 3684/3684/3684 3645/3645/3645
f 3684/3684/3684 3587/3587/3587 3575/3575/3575
f 3684/3684/3684 3575/3575/3575 3645/3645/3645
f 3682/3682/3682 3582/3582/3582 3680/3680/3680
f 3680/3680/3680 3582/3582/3582 3581/3581/3581
f 3685/3685/3685 3686/3686/3686 3170/3170/3170
f 3170/3170/3170 3686/3686/3686 3171/3171/3171
f 3686/3686/3686 3687/3687/3687 3171/3171/3171
f 3171/3171/3171 3687/3687/3687 3174/3174/3174
f 3688/3688/3688 3176/3176/3176 3687/3687/3687
f 3687/3687/3687 3176/3176/3176 3174/3174/3174
f 3689/3689/3689 3179/3179/3179 3688/3688/3688
f 3688/3688/3688 3179/3179/3179 3176/3176/3176
f 3184/3184/3184 3690/3690/3690 3185/3185/3185
f 3185/3185/3185 3690/3690/3690 3691/3691/3691
f 3692/3692/3692 3188/3188/3188 3691/3691/3691
f 3691/3691/3691 3188/3188/3188 3185/3185/3185
f 3189/3189/3189 3188/3188/3188 3693/3693/3693
f 3693/3693/3693 3188/3188/3188 3692/3692/3692
f 3170/3170/3170 3192/3192/3192 3685/3685/3685
f 3192/3192/3192 3189/3189/3189 3685/3685/3685
f 3685/3685/3685 3189/3189/3189 3693/3693/3693
f 3694/3694/3694 3467/3467/3467 3695/3695/3695
f 3696/3696/3696 3695/3695/3695 3697/3697/3697
f 3697/3697/3697 3695/3695/3695 3698/3698/3698
f 3699/3699/3699 3694/3694/3694 3696/3696/3696
f 3696/3696/3696 3694/3694/3694 3695/3695/3695
f 3695/3695/3695 3473/3473/3473 3698/3698/3698
f 3698/3698/3698 3473/3473/3473 3471/3471/3471
f 3695/3695/3695 3467/3467/3467 3473/3473/3473
f 3694/3694/3694 3700/3700/3700 3467/3467/3467
f 3467/3467/3467 3700/3700/3700 3468/3468/3468
f 3699/3699/3699 3701/3701/3701 3694/3694/3694
f 3694/3694/3694 3701/3701/3701 3700/3700/3700
f 3702/3702/3702 3703/3703/3703 3698/3698/3698
f 3698/3698/3698 3703/3703/3703 3697/3697/3697
f 3698/3698/3698 3471/3471/3471 3702/3702/3702
f 3702/3702/3702 3471/3471/3471 3485/3485/3485
f 3704/3704/3704 3705/3705/3705 3706/3706/3706
f 3706/3706/3706 3705/3705/3705 3707/3707/3707
f 3708/3708/3708 3705/3705/3705 3709/3709/3709
f 3709/3709/3709 3705/3705/3705 3704/3704/3704
f 3708/3708/3708 3709/3709/3709 3710/3710/3710
f 3710/3710/3710 3709/3709/3709 3711/3711/3711
f 3712/3712/3712 3710/3710/3710 3713/3713/3713
f 3713/3713/3713 3710/3710/3710 3711/3711/3711
f 3710/3710/3710 3712/3712/3712 3489/3489/3489
f 3712/3712/3712 3488/3488/3488 3489/3489/3489
f 3496/3496/3496 3708/3708/3708 3489/3489/3489
f 3489/3489/3489 3708/3708/3708 3710/3710/3710
f 3496/3496/3496 3495/3495/3495 3708/3708/3708
f 3708/3708/3708 3495/3495/3495 3705/3705/3705
f 3498/3498/3498 3707/3707/3707 3495/3495/3495
f 3707/3707/3707 3705/3705/3705 3495/3495/3495
f 3714/3714/3714 3715/3715/3715 3452/3452/3452
f 3716/3716/3716 3717/3717/3717 3718/3718/3718
f 3718/3718/3718 3717/3717/3717 3719/3719/3719
f 3720/3720/3720 3721/3721/3721 3717/3717/3717
f 3717/3717/3717 3721/3721/3721 3719/3719/3719
f 3717/3717/3717 3436/3436/3436 3720/3720/3720
f 3720/3720/3720 3436/3436/3436 3438/3438/3438
f 3722/3722/3722 3723/3723/3723 3445/3445/3445
f 3445/3445/3445 3723/3723/3723 3446/3446/3446
f 3724/3724/3724 3725/3725/3725 3722/3722/3722
f 3722/3722/3722 3725/3725/3725 3723/3723/3723
f 3445/3445/3445 3433/3433/3433 3722/3722/3722
f 3722/3722/3722 3433/3433/3433 3716/3716/3716
f 3715/3715/3715 3714/3714/3714 3726/3726/3726
f 3726/3726/3726 3714/3714/3714 3727/3727/3727
f 3728/3728/3728 3729/3729/3729 3730/3730/3730
f 3730/3730/3730 3729/3729/3729 3731/3731/3731
f 3728/3728/3728 3730/3730/3730 3714/3714/3714
f 3714/3714/3714 3730/3730/3730 3727/3727/3727
f 3455/3455/3455 3728/3728/3728 3452/3452/3452
f 3452/3452/3452 3728/3728/3728 3714/3714/3714
f 3455/3455/3455 3458/3458/3458 3728/3728/3728
f 3728/3728/3728 3458/3458/3458 3729/3729/3729
f 3715/3715/3715 3454/3454/3454 3452/3452/3452
f 3731/3731/3731 3729/3729/3729 3732/3732/3732
f 3732/3732/3732 3729/3729/3729 3733/3733/3733
f 3460/3460/3460 3733/3733/3733 3458/3458/3458
f 3733/3733/3733 3729/3729/3729 3458/3458/3458
f 3724/3724/3724 3722/3722/3722 3718/3718/3718
f 3718/3718/3718 3722/3722/3722 3716/3716/3716
f 3717/3717/3717 3716/3716/3716 3436/3436/3436
f 3436/3436/3436 3716/3716/3716 3433/3433/3433
f 3734/3734/3734 3735/3735/3735 3693/3693/3693
f 3735/3735/3735 3736/3736/3736 3685/3685/3685
f 3685/3685/3685 3736/3736/3736 3686/3686/3686
f 3737/3737/3737 3687/3687/3687 3736/3736/3736
f 3736/3736/3736 3687/3687/3687 3686/3686/3686
f 3738/3738/3738 3688/3688/3688 3737/3737/3737
f 3737/3737/3737 3688/3688/3688 3687/3687/3687
f 3739/3739/3739 3689/3689/3689 3738/3738/3738
f 3738/3738/3738 3689/3689/3689 3688/3688/3688
f 3740/3740/3740 3691/3691/3691 3741/3741/3741
f 3741/3741/3741 3691/3691/3691 3690/3690/3690
f 3742/3742/3742 3692/3692/3692 3740/3740/3740
f 3740/3740/3740 3692/3692/3692 3691/3691/3691
f 3742/3742/3742 3734/3734/3734 3692/3692/3692
f 3692/3692/3692 3734/3734/3734 3693/3693/3693
f 3693/3693/3693 3735/3735/3735 3685/3685/3685
f 3743/3743/3743 3744/3744/3744 3734/3734/3734
f 3734/3734/3734 3744/3744/3744 3735/3735/3735
f 3745/3745/3745 3743/3743/3743 3742/3742/3742
f 3742/3742/3742 3743/3743/3743 3734/3734/3734
f 3746/3746/3746 3747/3747/3747 3736/3736/3736
f 3736/3736/3736 3747/3747/3747 3737/3737/3737
f 3744/3744/3744 3746/3746/3746 3735/3735/3735
f 3735/3735/3735 3746/3746/3746 3736/3736/3736
f 3739/3739/3739 3738/3738/3738 3748/3748/3748
f 3748/3748/3748 3738/3738/3738 3749/3749/3749
f 3750/3750/3750 3751/3751/3751 3741/3741/3741
f 3741/3741/3741 3751/3751/3751 3740/3740/3740
f 3737/3737/3737 3747/3747/3747 3738/3738/3738
f 3738/3738/3738 3747/3747/3747 3749/3749/3749
f 3742/3742/3742 3740/3740/3740 3745/3745/3745
f 3745/3745/3745 3740/3740/3740 3751/3751/3751
f 3752/3752/3752 3753/3753/3753 3754/3754/3754
f 3754/3754/3754 3753/3753/3753 3755/3755/3755
f 3756/3756/3756 3757/3757/3757 3758/3758/3758
f 3758/3758/3758 3757/3757/3757 3752/3752/3752
f 3758/3758/3758 3752/3752/3752 3759/3759/3759
f 3759/3759/3759 3752/3752/3752 3754/3754/3754
f 3760/3760/3760 3761/3761/3761 3746/3746/3746
f 3746/3746/3746 3761/3761/3761 3747/3747/3747
f 3754/3754/3754 3755/3755/3755 3743/3743/3743
f 3743/3743/3743 3755/3755/3755 3744/3744/3744
f 3759/3759/3759 3754/3754/3754 3745/3745/3745
f 3745/3745/3745 3754/3754/3754 3743/3743/3743
f 3760/3760/3760 3755/3755/3755 3762/3762/3762
f 3762/3762/3762 3755/3755/3755 3753/3753/3753
f 3755/3755/3755 3760/3760/3760 3744/3744/3744
f 3744/3744/3744 3760/3760/3760 3746/3746/3746
f 3753/3753/3753 3763/3763/3763 3762/3762/3762
f 3762/3762/3762 3763/3763/3763 3764/3764/3764
f 3763/3763/3763 3753/3753/3753 3765/3765/3765
f 3765/3765/3765 3753/3753/3753 3752/3752/3752
f 3757/3757/3757 3765/3765/3765 3752/3752/3752
f 3764/3764/3764 3766/3766/3766 3767/3767/3767
f 3766/3766/3766 3764/3764/3764 3768/3768/3768
f 3768/3768/3768 3764/3764/3764 3763/3763/3763
f 3763/3763/3763 3769/3769/3769 3768/3768/3768
f 3763/3763/3763 3765/3765/3765 3769/3769/3769
f 3769/3769/3769 3765/3765/3765 3770/3770/3770
f 3757/3757/3757 3771/3771/3771 3765/3765/3765
f 3765/3765/3765 3771/3771/3771 3770/3770/3770
f 3757/3757/3757 3756/3756/3756 3771/3771/3771
f 3771/3771/3771 3756/3756/3756 3772/3772/3772
f 3749/3749/3749 3773/3773/3773 3774/3774/3774
f 3775/3775/3775 3776/3776/3776 3777/3777/3777
f 3777/3777/3777 3776/3776/3776 3778/3778/3778
f 3776/3776/3776 3779/3779/3779 3780/3780/3780
f 3758/3758/3758 3759/3759/3759 3775/3775/3775
f 3775/3775/3775 3759/3759/3759 3779/3779/3779
f 3777/3777/3777 3756/3756/3756 3775/3775/3775
f 3775/3775/3775 3756/3756/3756 3758/3758/3758
f 3756/3756/3756 3777/3777/3777 3772/3772/3772
f 3749/3749/3749 3774/3774/3774 3748/3748/3748
f 3748/3748/3748 3774/3774/3774 3781/3781/3781
f 3759/3759/3759 3745/3745/3745 3779/3779/3779
f 3779/3779/3779 3745/3745/3745 3751/3751/3751
f 3761/3761/3761 3773/3773/3773 3747/3747/3747
f 3747/3747/3747 3773/3773/3773 3749/3749/3749
f 3750/3750/3750 3780/3780/3780 3751/3751/3751
f 3751/3751/3751 3780/3780/3780 3779/3779/3779
f 3776/3776/3776 3775/3775/3775 3779/3779/3779
f 3782/3782/3782 3783/3783/3783 3784/3784/3784
f 3785/3785/3785 3786/3786/3786 3784/3784/3784
f 3784/3784/3784 3786/3786/3786 3782/3782/3782
f 3784/3784/3784 3783/3783/3783 3787/3787/3787
f 3788/3788/3788 3789/3789/3789 3790/3790/3790
f 3790/3790/3790 3789/3789/3789 3791/3791/3791
f 3790/3790/3790 3791/3791/3791 3792/3792/3792
f 3792/3792/3792 3791/3791/3791 3793/3793/3793
f 3794/3794/3794 3795/3795/3795 3796/3796/3796
f 3796/3796/3796 3795/3795/3795 3797/3797/3797
f 3796/3796/3796 3797/3797/3797 3798/3798/3798
f 3798/3798/3798 3797/3797/3797 3799/3799/3799
f 3799/3799/3799 3797/3797/3797 3800/3800/3800
f 3800/3800/3800 3801/3801/3801 3799/3799/3799
f 3799/3799/3799 3801/3801/3801 3802/3802/3802
f 3800/3800/3800 3803/3803/3803 3801/3801/3801
f 3801/3801/3801 3803/3803/3803 3804/3804/3804
f 3801/3801/3801 3804/3804/3804 3782/3782/3782
f 3782/3782/3782 3804/3804/3804 3783/3783/3783
f 3802/3802/3802 3801/3801/3801 3782/3782/3782
f 3793/3793/3793 3805/3805/3805 3792/3792/3792
f 3792/3792/3792 3805/3805/3805 3806/3806/3806
f 3805/3805/3805 3786/3786/3786 3806/3806/3806
f 3806/3806/3806 3786/3786/3786 3785/3785/3785
f 3807/3807/3807 3808/3808/3808 3809/3809/3809
f 3807/3807/3807 3809/3809/3809 3810/3810/3810
f 3790/3790/3790 3808/3808/3808 3788/3788/3788
f 3788/3788/3788 3808/3808/3808 3807/3807/3807
f 3785/3785/3785 3784/3784/3784 3810/3810/3810
f 3806/3806/3806 3785/3785/3785 3809/3809/3809
f 3809/3809/3809 3785/3785/3785 3810/3810/3810
f 3792/3792/3792 3806/3806/3806 3808/3808/3808
f 3808/3808/3808 3806/3806/3806 3809/3809/3809
f 3807/3807/3807 3810/3810/3810 3787/3787/3787
f 3787/3787/3787 3810/3810/3810 3784/3784/3784
f 3790/3790/3790 3792/3792/3792 3808/3808/3808
f 3803/3803/3803 3800/3800/3800 3795/3795/3795
f 3795/3795/3795 3800/3800/3800 3797/3797/3797
f 3811/3811/3811 3812/3812/3812 3813/3813/3813
f 3814/3814/3814 3812/3812/3812 3811/3811/3811
f 3815/3815/3815 3816/3816/3816 3817/3817/3817
f 3817/3817/3817 3816/3816/3816 3818/3818/3818
f 3817/3817/3817 3818/3818/3818 3819/3819/3819
f 3819/3819/3819 3818/3818/3818 3820/3820/3820
f 3812/3812/3812 3814/3814/3814 3821/3821/3821
f 3821/3821/3821 3814/3814/3814 3822/3822/3822
f 3823/3823/3823 3824/3824/3824 3825/3825/3825
f 3825/3825/3825 3824/3824/3824 3826/3826/3826
f 3812/3812/3812 3824/3824/3824 3813/3813/3813
f 3813/3813/3813 3824/3824/3824 3823/3823/3823
f 3812/3812/3812 3821/3821/3821 3824/3824/3824
f 3824/3824/3824 3821/3821/3821 3827/3827/3827
f 3826/3826/3826 3824/3824/3824 3828/3828/3828
f 3828/3828/3828 3824/3824/3824 3827/3827/3827
f 3829/3829/3829 3825/3825/3825 3830/3830/3830
f 3830/3830/3830 3825/3825/3825 3826/3826/3826
f 3826/3826/3826 3828/3828/3828 3830/3830/3830
f 3830/3830/3830 3828/3828/3828 3831/3831/3831
f 3827/3827/3827 3832/3832/3832 3828/3828/3828
f 3828/3828/3828 3832/3832/3832 3831/3831/3831
f 3833/3833/3833 3834/3834/3834 3835/3835/3835
f 3835/3835/3835 3834/3834/3834 3836/3836/3836
f 3819/3819/3819 3820/3820/3820 3837/3837/3837
f 3833/3833/3833 3820/3820/3820 3834/3834/3834
f 3827/3827/3827 3821/3821/3821 3832/3832/3832
f 3832/3832/3832 3821/3821/3821 3822/3822/3822
f 3834/3834/3834 3838/3838/3838 3836/3836/3836
f 3836/3836/3836 3838/3838/3838 3839/3839/3839
f 3818/3818/3818 3838/3838/3838 3820/3820/3820
f 3820/3820/3820 3838/3838/3838 3834/3834/3834
f 3839/3839/3839 3840/3840/3840 3836/3836/3836
f 3836/3836/3836 3840/3840/3840 3835/3835/3835
f 3841/3841/3841 3840/3840/3840 3842/3842/3842
f 3842/3842/3842 3840/3840/3840 3839/3839/3839
f 3839/3839/3839 3838/3838/3838 3842/3842/3842
f 3842/3842/3842 3838/3838/3838 3843/3843/3843
f 3838/3838/3838 3818/3818/3818 3843/3843/3843
f 3843/3843/3843 3818/3818/3818 3816/3816/3816
f 3762/3762/3762 3844/3844/3844 3845/3845/3845
f 3762/3762/3762 3845/3845/3845 3760/3760/3760
f 3846/3846/3846 3761/3761/3761 3845/3845/3845
f 3845/3845/3845 3761/3761/3761 3760/3760/3760
f 3845/3845/3845 3844/3844/3844 3846/3846/3846
f 3764/3764/3764 3844/3844/3844 3762/3762/3762
f 3764/3764/3764 3767/3767/3767 3844/3844/3844
f 3844/3844/3844 3767/3767/3767 3847/3847/3847
f 3848/3848/3848 3849/3849/3849 3776/3776/3776
f 3776/3776/3776 3849/3849/3849 3778/3778/3778
f 3850/3850/3850 3848/3848/3848 3780/3780/3780
f 3780/3780/3780 3848/3848/3848 3776/3776/3776
f 3851/3851/3851 3848/3848/3848 3852/3852/3852
f 3852/3852/3852 3848/3848/3848 3850/3850/3850
f 3853/3853/3853 3849/3849/3849 3851/3851/3851
f 3851/3851/3851 3849/3849/3849 3848/3848/3848
f 3854/3854/3854 3774/3774/3774 3855/3855/3855
f 3855/3855/3855 3774/3774/3774 3773/3773/3773
f 3846/3846/3846 3855/3855/3855 3761/3761/3761
f 3761/3761/3761 3855/3855/3855 3773/3773/3773
f 3856/3856/3856 3857/3857/3857 3858/3858/3858
f 3859/3859/3859 3860/3860/3860 3861/3861/3861
f 3861/3861/3861 3860/3860/3860 3862/3862/3862
f 3859/3859/3859 3863/3863/3863 3860/3860/3860
f 3860/3860/3860 3863/3863/3863 3864/3864/3864
f 3860/3860/3860 3857/3857/3857 3862/3862/3862
f 3862/3862/3862 3857/3857/3857 3856/3856/3856
f 3856/3856/3856 3858/3858/3858 3865/3865/3865
f 3866/3866/3866 3856/3856/3856 3867/3867/3867
f 3867/3867/3867 3856/3856/3856 3865/3865/3865
f 3867/3867/3867 3865/3865/3865 3868/3868/3868
f 3857/3857/3857 3864/3864/3864 3858/3858/3858
f 3858/3858/3858 3864/3864/3864 3869/3869/3869
f 3865/3865/3865 3858/3858/3858 3868/3868/3868
f 3868/3868/3868 3858/3858/3858 3870/3870/3870
f 3860/3860/3860 3864/3864/3864 3857/3857/3857
f 3870/3870/3870 3871/3871/3871 3868/3868/3868
f 3868/3868/3868 3871/3871/3871 3872/3872/3872
f 3869/3869/3869 3864/3864/3864 3871/3871/3871
f 3871/3871/3871 3864/3864/3864 3863/3863/3863
f 3873/3873/3873 3874/3874/3874 3867/3867/3867
f 3867/3867/3867 3874/3874/3874 3866/3866/3866
f 3867/3867/3867 3868/3868/3868 3873/3873/3873
f 3873/3873/3873 3868/3868/3868 3872/3872/3872
f 3875/3875/3875 3876/3876/3876 3877/3877/3877
f 3877/3877/3877 3876/3876/3876 3878/3878/3878
f 3879/3879/3879 3880/3880/3880 3876/3876/3876
f 3876/3876/3876 3880/3880/3880 3878/3878/3878
f 3881/3881/3881 3882/3882/3882 3880/3880/3880
f 3880/3880/3880 3882/3882/3882 3878/3878/3878
f 3878/3878/3878 3882/3882/3882 3877/3877/3877
f 3877/3877/3877 3882/3882/3882 3883/3883/3883
f 3884/3884/3884 3881/3881/3881 3885/3885/3885
f 3885/3885/3885 3881/3881/3881 3880/3880/3880
f 3885/3885/3885 3880/3880/3880 3879/3879/3879
f 3877/3877/3877 3883/3883/3883 3886/3886/3886
f 3886/3886/3886 3883/3883/3883 3887/3887/3887
f 3875/3875/3875 3877/3877/3877 3886/3886/3886
f 3888/3888/3888 3889/3889/3889 3890/3890/3890
f 3635/3635/3635 3641/3641/3641 3888/3888/3888
f 3888/3888/3888 3641/3641/3641 3889/3889/3889
f 3624/3624/3624 3635/3635/3635 3891/3891/3891
f 3891/3891/3891 3635/3635/3635 3888/3888/3888
f 3783/3783/3783 3892/3892/3892 3787/3787/3787
f 3787/3787/3787 3892/3892/3892 3893/3893/3893
f 3892/3892/3892 3894/3894/3894 3893/3893/3893
f 3893/3893/3893 3894/3894/3894 3890/3890/3890
f 3894/3894/3894 3891/3891/3891 3890/3890/3890
f 3890/3890/3890 3891/3891/3891 3888/3888/3888
f 3895/3895/3895 3893/3893/3893 3896/3896/3896
f 3896/3896/3896 3893/3893/3893 3890/3890/3890
f 3890/3890/3890 3889/3889/3889 3896/3896/3896
f 3896/3896/3896 3897/3897/3897 3895/3895/3895
f 3895/3895/3895 3897/3897/3897 3898/3898/3898
f 3641/3641/3641 3639/3639/3639 3889/3889/3889
f 3889/3889/3889 3639/3639/3639 3899/3899/3899
f 3899/3899/3899 3900/3900/3900 3897/3897/3897
f 3897/3897/3897 3900/3900/3900 3901/3901/3901
f 3897/3897/3897 3901/3901/3901 3898/3898/3898
f 3898/3898/3898 3901/3901/3901 3902/3902/3902
f 3898/3898/3898 3902/3902/3902 3788/3788/3788
f 3788/3788/3788 3902/3902/3902 3789/3789/3789
f 3639/3639/3639 3640/3640/3640 3899/3899/3899
f 3899/3899/3899 3640/3640/3640 3900/3900/3900
f 3903/3903/3903 3618/3618/3618 3617/3617/3617
f 3621/3621/3621 3624/3624/3624 3891/3891/3891
f 3621/3621/3621 3904/3904/3904 3623/3623/3623
f 3623/3623/3623 3904/3904/3904 3905/3905/3905
f 3894/3894/3894 3904/3904/3904 3891/3891/3891
f 3891/3891/3891 3904/3904/3904 3621/3621/3621
f 3617/3617/3617 3906/3906/3906 3903/3903/3903
f 3903/3903/3903 3906/3906/3906 3907/3907/3907
f 3908/3908/3908 3907/3907/3907 3909/3909/3909
f 3909/3909/3909 3907/3907/3907 3906/3906/3906
f 3904/3904/3904 3910/3910/3910 3905/3905/3905
f 3905/3905/3905 3910/3910/3910 3911/3911/3911
f 3910/3910/3910 3804/3804/3804 3911/3911/3911
f 3911/3911/3911 3804/3804/3804 3803/3803/3803
f 3909/3909/3909 3795/3795/3795 3908/3908/3908
f 3908/3908/3908 3795/3795/3795 3794/3794/3794
f 3892/3892/3892 3910/3910/3910 3894/3894/3894
f 3894/3894/3894 3910/3910/3910 3904/3904/3904
f 3783/3783/3783 3804/3804/3804 3892/3892/3892
f 3892/3892/3892 3804/3804/3804 3910/3910/3910
f 3788/3788/3788 3807/3807/3807 3898/3898/3898
f 3898/3898/3898 3807/3807/3807 3895/3895/3895
f 3787/3787/3787 3893/3893/3893 3807/3807/3807
f 3807/3807/3807 3893/3893/3893 3895/3895/3895
f 3897/3897/3897 3896/3896/3896 3899/3899/3899
f 3899/3899/3899 3896/3896/3896 3889/3889/3889
f 3911/3911/3911 3803/3803/3803 3909/3909/3909
f 3909/3909/3909 3803/3803/3803 3795/3795/3795
f 3905/3905/3905 3911/3911/3911 3906/3906/3906
f 3906/3906/3906 3911/3911/3911 3909/3909/3909
f 3623/3623/3623 3905/3905/3905 3617/3617/3617
f 3617/3617/3617 3905/3905/3905 3906/3906/3906
f 3912/3912/3912 3913/3913/3913 3914/3914/3914
f 3913/3913/3913 3915/3915/3915 3916/3916/3916
f 3916/3916/3916 3915/3915/3915 3917/3917/3917
f 3918/3918/3918 3919/3919/3919 3915/3915/3915
f 3915/3915/3915 3919/3919/3919 3917/3917/3917
f 3920/3920/3920 3921/3921/3921 3922/3922/3922
f 3922/3922/3922 3921/3921/3921 3923/3923/3923
f 3921/3921/3921 3924/3924/3924 3923/3923/3923
f 3923/3923/3923 3924/3924/3924 3925/3925/3925
f 3926/3926/3926 3927/3927/3927 3928/3928/3928
f 3928/3928/3928 3927/3927/3927 3929/3929/3929
f 3928/3928/3928 3930/3930/3930 3926/3926/3926
f 3931/3931/3931 3926/3926/3926 3932/3932/3932
f 3932/3932/3932 3926/3926/3926 3930/3930/3930
f 3933/3933/3933 3934/3934/3934 3932/3932/3932
f 3932/3932/3932 3934/3934/3934 3931/3931/3931
f 3935/3935/3935 3936/3936/3936 3934/3934/3934
f 3934/3934/3934 3936/3936/3936 3931/3931/3931
f 3934/3934/3934 3917/3917/3917 3935/3935/3935
f 3935/3935/3935 3917/3917/3917 3919/3919/3919
f 3933/3933/3933 3917/3917/3917 3934/3934/3934
f 3937/3937/3937 3938/3938/3938 3924/3924/3924
f 3924/3924/3924 3938/3938/3938 3925/3925/3925
f 3913/3913/3913 3916/3916/3916 3937/3937/3937
f 3937/3937/3937 3916/3916/3916 3939/3939/3939
f 3940/3940/3940 3914/3914/3914 3941/3941/3941
f 3940/3940/3940 3912/3912/3912 3914/3914/3914
f 3940/3940/3940 3941/3941/3941 3920/3920/3920
f 3920/3920/3920 3941/3941/3941 3921/3921/3921
f 3913/3913/3913 3912/3912/3912 3915/3915/3915
f 3914/3914/3914 3913/3913/3913 3937/3937/3937
f 3914/3914/3914 3937/3937/3937 3941/3941/3941
f 3941/3941/3941 3937/3937/3937 3924/3924/3924
f 3915/3915/3915 3912/3912/3912 3918/3918/3918
f 3918/3918/3918 3912/3912/3912 3940/3940/3940
f 3921/3921/3921 3941/3941/3941 3924/3924/3924
f 3936/3936/3936 3927/3927/3927 3931/3931/3931
f 3931/3931/3931 3927/3927/3927 3926/3926/3926
f 3942/3942/3942 3943/3943/3943 3944/3944/3944
f 3882/3882/3882 3945/3945/3945 3883/3883/3883
f 3883/3883/3883 3945/3945/3945 3946/3946/3946
f 3882/3882/3882 3881/3881/3881 3945/3945/3945
f 3945/3945/3945 3881/3881/3881 3947/3947/3947
f 3947/3947/3947 3948/3948/3948 3945/3945/3945
f 3945/3945/3945 3948/3948/3948 3949/3949/3949
f 3945/3945/3945 3949/3949/3949 3946/3946/3946
f 3946/3946/3946 3949/3949/3949 3950/3950/3950
f 3951/3951/3951 3952/3952/3952 3947/3947/3947
f 3947/3947/3947 3952/3952/3952 3948/3948/3948
f 3947/3947/3947 3881/3881/3881 3951/3951/3951
f 3953/3953/3953 3954/3954/3954 3955/3955/3955
f 3955/3955/3955 3954/3954/3954 3956/3956/3956
f 3957/3957/3957 3943/3943/3943 3942/3942/3942
f 3861/3861/3861 3862/3862/3862 3957/3957/3957
f 3957/3957/3957 3862/3862/3862 3943/3943/3943
f 3943/3943/3943 3862/3862/3862 3953/3953/3953
f 3953/3953/3953 3862/3862/3862 3856/3856/3856
f 3954/3954/3954 3953/3953/3953 3866/3866/3866
f 3866/3866/3866 3953/3953/3953 3856/3856/3856
f 3958/3958/3958 3959/3959/3959 3954/3954/3954
f 3954/3954/3954 3959/3959/3959 3956/3956/3956
f 3954/3954/3954 3866/3866/3866 3958/3958/3958
f 3958/3958/3958 3866/3866/3866 3874/3874/3874
f 3951/3951/3951 3881/3881/3881 3884/3884/3884
f 3887/3887/3887 3883/3883/3883 3960/3960/3960
f 3950/3950/3950 3961/3961/3961 3946/3946/3946
f 3946/3946/3946 3961/3961/3961 3960/3960/3960
f 3960/3960/3960 3883/3883/3883 3946/3946/3946
f 3943/3943/3943 3953/3953/3953 3944/3944/3944
f 3944/3944/3944 3953/3953/3953 3955/3955/3955
f 3962/3962/3962 3963/3963/3963 3964/3964/3964
f 3965/3965/3965 3966/3966/3966 3967/3967/3967
f 3967/3967/3967 3966/3966/3966 3968/3968/3968
f 3969/3969/3969 3970/3970/3970 3971/3971/3971
f 3971/3971/3971 3970/3970/3970 3972/3972/3972
f 3970/3970/3970 3973/3973/3973 3972/3972/3972
f 3972/3972/3972 3973/3973/3973 3974/3974/3974
f 3966/3966/3966 3975/3975/3975 3968/3968/3968
f 3968/3968/3968 3975/3975/3975 3976/3976/3976
f 3977/3977/3977 3978/3978/3978 3979/3979/3979
f 3979/3979/3979 3978/3978/3978 3980/3980/3980
f 3977/3977/3977 3979/3979/3979 3965/3965/3965
f 3965/3965/3965 3979/3979/3979 3966/3966/3966
f 3981/3981/3981 3975/3975/3975 3979/3979/3979
f 3979/3979/3979 3975/3975/3975 3966/3966/3966
f 3980/3980/3980 3963/3963/3963 3979/3979/3979
f 3979/3979/3979 3963/3963/3963 3981/3981/3981
f 3982/3982/3982 3964/3964/3964 3978/3978/3978
f 3978/3978/3978 3964/3964/3964 3980/3980/3980
f 3964/3964/3964 3963/3963/3963 3980/3980/3980
f 3962/3962/3962 3983/3983/3983 3963/3963/3963
f 3963/3963/3963 3983/3983/3983 3981/3981/3981
f 3984/3984/3984 3985/3985/3985 3986/3986/3986
f 3986/3986/3986 3985/3985/3985 3987/3987/3987
f 3985/3985/3985 3974/3974/3974 3987/3987/3987
f 3987/3987/3987 3974/3974/3974 3973/3973/3973
f 3981/3981/3981 3983/3983/3983 3975/3975/3975
f 3975/3975/3975 3983/3983/3983 3976/3976/3976
f 3988/3988/3988 3989/3989/3989 3984/3984/3984
f 3984/3984/3984 3989/3989/3989 3985/3985/3985
f 3985/3985/3985 3989/3989/3989 3974/3974/3974
f 3974/3974/3974 3989/3989/3989 3972/3972/3972
f 3986/3986/3986 3990/3990/3990 3984/3984/3984
f 3984/3984/3984 3990/3990/3990 3988/3988/3988
f 3991/3991/3991 3992/3992/3992 3990/3990/3990
f 3990/3990/3990 3992/3992/3992 3988/3988/3988
f 3988/3988/3988 3992/3992/3992 3989/3989/3989
f 3989/3989/3989 3992/3992/3992 3993/3993/3993
f 3989/3989/3989 3993/3993/3993 3972/3972/3972
f 3972/3972/3972 3993/3993/3993 3971/3971/3971
f 3994/3994/3994 3995/3995/3995 3996/3996/3996
f 3997/3997/3997 3998/3998/3998 3514/3514/3514
f 3514/3514/3514 3998/3998/3998 3515/3515/3515
f 3352/3352/3352 3562/3562/3562 3999/3999/3999
f 3562/3562/3562 3563/3563/3563 3999/3999/3999
f 3999/3999/3999 3563/3563/3563 4000/4000/4000
f 3500/3500/3500 4001/4001/4001 4002/4002/4002
f 3500/3500/3500 4002/4002/4002 3501/3501/3501
f 3501/3501/3501 4002/4002/4002 3518/3518/3518
f 3515/3515/3515 3998/3998/3998 3531/3531/3531
f 3531/3531/3531 3998/3998/3998 3499/3499/3499
f 4000/4000/4000 4003/4003/4003 3999/3999/3999
f 3999/3999/3999 4003/4003/4003 3352/3352/3352
f 3352/3352/3352 4003/4003/4003 3354/3354/3354
f 3354/3354/3354 4003/4003/4003 3356/3356/3356
f 3356/3356/3356 4003/4003/4003 3500/3500/3500
f 3500/3500/3500 4003/4003/4003 4001/4001/4001
f 4004/4004/4004 3432/3432/3432 3499/3499/3499
f 3361/3361/3361 4004/4004/4004 3362/3362/3362
f 3362/3362/3362 4004/4004/4004 3995/3995/3995
f 3362/3362/3362 3995/3995/3995 3566/3566/3566
f 3566/3566/3566 3995/3995/3995 4005/4005/4005
f 4004/4004/4004 3499/3499/3499 4006/4006/4006
f 4005/4005/4005 3995/3995/3995 3994/3994/3994
f 3995/3995/3995 4004/4004/4004 3996/3996/3996
f 3996/3996/3996 4004/4004/4004 4006/4006/4006
f 3361/3361/3361 3432/3432/3432 4004/4004/4004
f 3565/3565/3565 3564/3564/3564 4007/4007/4007
f 4007/4007/4007 3564/3564/3564 4008/4008/4008
f 3565/3565/3565 4007/4007/4007 3563/3563/3563
f 3563/3563/3563 4007/4007/4007 4000/4000/4000
f 3977/3977/3977 4009/4009/4009 3978/3978/3978
f 3846/3846/3846 3844/3844/3844 4010/4010/4010
f 4010/4010/4010 4011/4011/4011 4012/4012/4012
f 4012/4012/4012 4011/4011/4011 4013/4013/4013
f 4013/4013/4013 4011/4011/4011 4014/4014/4014
f 4014/4014/4014 4009/4009/4009 4013/4013/4013
f 4013/4013/4013 4009/4009/4009 4015/4015/4015
f 4016/4016/4016 4010/4010/4010 4017/4017/4017
f 4017/4017/4017 4010/4010/4010 4012/4012/4012
f 4017/4017/4017 4012/4012/4012 4018/4018/4018
f 4018/4018/4018 4012/4012/4012 4013/4013/4013
f 4015/4015/4015 4019/4019/4019 4013/4013/4013
f 4013/4013/4013 4019/4019/4019 4018/4018/4018
f 3846/3846/3846 4010/4010/4010 3855/3855/3855
f 3855/3855/3855 4010/4010/4010 4016/4016/4016
f 4020/4020/4020 4021/4021/4021 4017/4017/4017
f 4017/4017/4017 4021/4021/4021 4016/4016/4016
f 4022/4022/4022 4020/4020/4020 4018/4018/4018
f 4018/4018/4018 4020/4020/4020 4017/4017/4017
f 4019/4019/4019 4023/4023/4023 4018/4018/4018
f 4018/4018/4018 4023/4023/4023 4022/4022/4022
f 4024/4024/4024 4025/4025/4025 4026/4026/4026
f 4026/4026/4026 4025/4025/4025 4027/4027/4027
f 4027/4027/4027 3851/3851/3851 4026/4026/4026
f 4026/4026/4026 3851/3851/3851 3852/3852/3852
f 4028/4028/4028 4029/4029/4029 4030/4030/4030
f 4029/4029/4029 4028/4028/4028 4025/4025/4025
f 4025/4025/4025 4028/4028/4028 4027/4027/4027
f 4028/4028/4028 3853/3853/3853 4027/4027/4027
f 4027/4027/4027 3853/3853/3853 3851/3851/3851
f 4031/4031/4031 4032/4032/4032 4033/4033/4033
f 4033/4033/4033 4032/4032/4032 4034/4034/4034
f 4033/4033/4033 4034/4034/4034 4025/4025/4025
f 4025/4025/4025 4034/4034/4034 4029/4029/4029
f 4035/4035/4035 4031/4031/4031 4036/4036/4036
f 4036/4036/4036 4031/4031/4031 4033/4033/4033
f 4034/4034/4034 4032/4032/4032 4037/4037/4037
f 4037/4037/4037 4032/4032/4032 4038/4038/4038
f 4037/4037/4037 4030/4030/4030 4034/4034/4034
f 4034/4034/4034 4030/4030/4030 4029/4029/4029
f 4036/4036/4036 4033/4033/4033 4024/4024/4024
f 4024/4024/4024 4033/4033/4033 4025/4025/4025
f 4039/4039/4039 4040/4040/4040 4030/4030/4030
f 4030/4030/4030 4040/4040/4040 4028/4028/4028
f 4041/4041/4041 4040/4040/4040 4039/4039/4039
f 4042/4042/4042 4043/4043/4043 4044/4044/4044
f 4045/4045/4045 4039/4039/4039 4037/4037/4037
f 4037/4037/4037 4038/4038/4038 4045/4045/4045
f 4045/4045/4045 4038/4038/4038 4046/4046/4046
f 4047/4047/4047 4048/4048/4048 4014/4014/4014
f 4014/4014/4014 4048/4048/4048 4009/4009/4009
f 4049/4049/4049 4050/4050/4050 4014/4014/4014
f 4014/4014/4014 4050/4050/4050 4047/4047/4047
f 4037/4037/4037 4039/4039/4039 4030/4030/4030
f 4014/4014/4014 4011/4011/4011 4049/4049/4049
f 4049/4049/4049 4011/4011/4011 3844/3844/3844
f 3844/3844/3844 4011/4011/4011 4010/4010/4010
f 4019/4019/4019 3965/3965/3965 4023/4023/4023
f 4023/4023/4023 3965/3965/3965 3967/3967/3967
f 4031/4031/4031 4035/4035/4035 3971/3971/3971
f 4035/4035/4035 3969/3969/3969 3971/3971/3971
f 4019/4019/4019 4015/4015/4015 3965/3965/3965
f 3965/3965/3965 4015/4015/4015 3977/3977/3977
f 4015/4015/4015 4009/4009/4009 3977/3977/3977
f 4048/4048/4048 3982/3982/3982 4009/4009/4009
f 4009/4009/4009 3982/3982/3982 3978/3978/3978
f 3991/3991/3991 4046/4046/4046 3992/3992/3992
f 4046/4046/4046 4038/4038/4038 3992/3992/3992
f 3992/3992/3992 4038/4038/4038 3993/3993/3993
f 3993/3993/3993 4038/4038/4038 4032/4032/4032
f 4032/4032/4032 4031/4031/4031 3993/3993/3993
f 3993/3993/3993 4031/4031/4031 3971/3971/3971
f 3855/3855/3855 4016/4016/4016 3854/3854/3854
f 3854/3854/3854 4016/4016/4016 4021/4021/4021
f 4051/4051/4051 3696/3696/3696 3697/3697/3697
f 4052/4052/4052 4053/4053/4053 4054/4054/4054
f 4055/4055/4055 4056/4056/4056 4057/4057/4057
f 4055/4055/4055 4057/4057/4057 4058/4058/4058
f 3769/3769/3769 3770/3770/3770 4057/4057/4057
f 3778/3778/3778 3849/3849/3849 4059/4059/4059
f 4058/4058/4058 4060/4060/4060 4055/4055/4055
f 4055/4055/4055 4060/4060/4060 4061/4061/4061
f 4055/4055/4055 4061/4061/4061 4056/4056/4056
f 4056/4056/4056 4061/4061/4061 4051/4051/4051
f 4062/4062/4062 4060/4060/4060 4063/4063/4063
f 4063/4063/4063 4060/4060/4060 4058/4058/4058
f 4061/4061/4061 3696/3696/3696 4051/4051/4051
f 4061/4061/4061 4060/4060/4060 3696/3696/3696
f 3696/3696/3696 4060/4060/4060 3699/3699/3699
f 4060/4060/4060 4062/4062/4062 3699/3699/3699
f 3699/3699/3699 4062/4062/4062 3701/3701/3701
f 4051/4051/4051 3697/3697/3697 4064/4064/4064
f 4064/4064/4064 3697/3697/3697 3703/3703/3703
f 4065/4065/4065 4066/4066/4066 4067/4067/4067
f 4067/4067/4067 4066/4066/4066 4052/4052/4052
f 4068/4068/4068 4069/4069/4069 4070/4070/4070
f 4070/4070/4070 4069/4069/4069 4054/4054/4054
f 4069/4069/4069 4067/4067/4067 4054/4054/4054
f 4054/4054/4054 4067/4067/4067 4052/4052/4052
f 3706/3706/3706 4065/4065/4065 3704/3704/3704
f 4065/4065/4065 4067/4067/4067 3704/3704/3704
f 4068/4068/4068 4071/4071/4071 3711/3711/3711
f 4071/4071/4071 3713/3713/3713 3711/3711/3711
f 4070/4070/4070 4072/4072/4072 4068/4068/4068
f 4068/4068/4068 4072/4072/4072 4071/4071/4071
f 3709/3709/3709 4069/4069/4069 3711/3711/3711
f 3711/3711/3711 4069/4069/4069 4068/4068/4068
f 3709/3709/3709 3704/3704/3704 4069/4069/4069
f 4069/4069/4069 3704/3704/3704 4067/4067/4067
f 4064/4064/4064 4073/4073/4073 4051/4051/4051
f 4051/4051/4051 4073/4073/4073 4056/4056/4056
f 4074/4074/4074 4075/4075/4075 4076/4076/4076
f 4077/4077/4077 4074/4074/4074 4076/4076/4076
f 4075/4075/4075 4078/4078/4078 4079/4079/4079
f 4079/4079/4079 4078/4078/4078 4080/4080/4080
f 4078/4078/4078 4081/4081/4081 4080/4080/4080
f 3772/3772/3772 4082/4082/4082 3771/3771/3771
f 3771/3771/3771 4082/4082/4082 4083/4083/4083
f 4084/4084/4084 4053/4053/4053 4052/4052/4052
f 4063/4063/4063 4058/4058/4058 4085/4085/4085
f 4085/4085/4085 4058/4058/4058 4086/4086/4086
f 4084/4084/4084 4052/4052/4052 4087/4087/4087
f 4087/4087/4087 4052/4052/4052 4066/4066/4066
f 4058/4058/4058 4057/4057/4057 4086/4086/4086
f 4088/4088/4088 4086/4086/4086 3770/3770/3770
f 4057/4057/4057 3770/3770/3770 4086/4086/4086
f 4088/4088/4088 3770/3770/3770 4089/4089/4089
f 4083/4083/4083 4089/4089/4089 3771/3771/3771
f 3771/3771/3771 4089/4089/4089 3770/3770/3770
f 4085/4085/4085 4086/4086/4086 4090/4090/4090
f 4090/4090/4090 4086/4086/4086 4088/4088/4088
f 4091/4091/4091 4092/4092/4092 4087/4087/4087
f 4084/4084/4084 4087/4087/4087 4092/4092/4092
f 4081/4081/4081 4093/4093/4093 4082/4082/4082
f 4082/4082/4082 4093/4093/4093 4083/4083/4083
f 4080/4080/4080 4081/4081/4081 4094/4094/4094
f 4094/4094/4094 4081/4081/4081 4082/4082/4082
f 4092/4092/4092 4095/4095/4095 4076/4076/4076
f 4076/4076/4076 4095/4095/4095 4077/4077/4077
f 4096/4096/4096 4097/4097/4097 4098/4098/4098
f 4098/4098/4098 4097/4097/4097 4088/4088/4088
f 4099/4099/4099 4098/4098/4098 4089/4089/4089
f 4089/4089/4089 4098/4098/4098 4088/4088/4088
f 4099/4099/4099 4089/4089/4089 4093/4093/4093
f 4093/4093/4093 4089/4089/4089 4083/4083/4083
f 4094/4094/4094 4100/4100/4100 4080/4080/4080
f 4080/4080/4080 4100/4100/4100 4079/4079/4079
f 4101/4101/4101 4102/4102/4102 4059/4059/4059
f 4059/4059/4059 4102/4102/4102 4103/4103/4103
f 4102/4102/4102 4094/4094/4094 4103/4103/4103
f 4103/4103/4103 4094/4094/4094 3772/3772/3772
f 4102/4102/4102 4100/4100/4100 4094/4094/4094
f 4053/4053/4053 4084/4084/4084 4101/4101/4101
f 3772/3772/3772 4094/4094/4094 4082/4082/4082
f 3772/3772/3772 3777/3777/3777 4103/4103/4103
f 4059/4059/4059 4103/4103/4103 3778/3778/3778
f 3778/3778/3778 4103/4103/4103 3777/3777/3777
f 4076/4076/4076 4075/4075/4075 4079/4079/4079
f 4100/4100/4100 4092/4092/4092 4079/4079/4079
f 4079/4079/4079 4092/4092/4092 4076/4076/4076
f 4092/4092/4092 4100/4100/4100 4102/4102/4102
f 4084/4084/4084 4092/4092/4092 4101/4101/4101
f 4101/4101/4101 4092/4092/4092 4102/4102/4102
f 4104/4104/4104 4105/4105/4105 4106/4106/4106
f 4093/4093/4093 4107/4107/4107 4099/4099/4099
f 4099/4099/4099 4107/4107/4107 4108/4108/4108
f 4081/4081/4081 4109/4109/4109 4093/4093/4093
f 4093/4093/4093 4109/4109/4109 4107/4107/4107
f 4104/4104/4104 4106/4106/4106 3918/3918/3918
f 3918/3918/3918 4106/4106/4106 3919/3919/3919
f 4110/4110/4110 4105/4105/4105 4104/4104/4104
f 4107/4107/4107 4109/4109/4109 4110/4110/4110
f 4110/4110/4110 4109/4109/4109 4105/4105/4105
f 4111/4111/4111 4112/4112/4112 4104/4104/4104
f 4104/4104/4104 4112/4112/4112 4110/4110/4110
f 4112/4112/4112 4108/4108/4108 4110/4110/4110
f 4110/4110/4110 4108/4108/4108 4107/4107/4107
f 4113/4113/4113 4114/4114/4114 4111/4111/4111
f 4111/4111/4111 4114/4114/4114 4112/4112/4112
f 4115/4115/4115 4098/4098/4098 4108/4108/4108
f 4108/4108/4108 4098/4098/4098 4099/4099/4099
f 4115/4115/4115 4114/4114/4114 4116/4116/4116
f 4116/4116/4116 4114/4114/4114 4117/4117/4117
f 4118/4118/4118 4117/4117/4117 4113/4113/4113
f 4113/4113/4113 4117/4117/4117 4114/4114/4114
f 4113/4113/4113 3920/3920/3920 4118/4118/4118
f 4118/4118/4118 3920/3920/3920 3922/3922/3922
f 4098/4098/4098 4115/4115/4115 4096/4096/4096
f 4096/4096/4096 4115/4115/4115 4116/4116/4116
f 4119/4119/4119 4074/4074/4074 4077/4077/4077
f 4109/4109/4109 4081/4081/4081 4078/4078/4078
f 4120/4120/4120 4121/4121/4121 4075/4075/4075
f 4075/4075/4075 4121/4121/4121 4078/4078/4078
f 4105/4105/4105 4109/4109/4109 4121/4121/4121
f 4109/4109/4109 4078/4078/4078 4121/4121/4121
f 4074/4074/4074 4119/4119/4119 4122/4122/4122
f 4119/4119/4119 4123/4123/4123 4122/4122/4122
f 4124/4124/4124 4125/4125/4125 4123/4123/4123
f 4123/4123/4123 4125/4125/4125 4122/4122/4122
f 4126/4126/4126 4127/4127/4127 4120/4120/4120
f 4120/4120/4120 4127/4127/4127 4121/4121/4121
f 3936/3936/3936 3935/3935/3935 4126/4126/4126
f 4126/4126/4126 3935/3935/3935 4127/4127/4127
f 4125/4125/4125 4124/4124/4124 3927/3927/3927
f 4124/4124/4124 3929/3929/3929 3927/3927/3927
f 4121/4121/4121 4127/4127/4127 4105/4105/4105
f 4105/4105/4105 4127/4127/4127 4106/4106/4106
f 3919/3919/3919 4106/4106/4106 3935/3935/3935
f 4106/4106/4106 4127/4127/4127 3935/3935/3935
f 4111/4111/4111 3940/3940/3940 4113/4113/4113
f 4113/4113/4113 3940/3940/3940 3920/3920/3920
f 3918/3918/3918 3940/3940/3940 4104/4104/4104
f 4104/4104/4104 3940/3940/3940 4111/4111/4111
f 4108/4108/4108 4112/4112/4112 4115/4115/4115
f 4115/4115/4115 4112/4112/4112 4114/4114/4114
f 3927/3927/3927 3936/3936/3936 4125/4125/4125
f 4125/4125/4125 3936/3936/3936 4126/4126/4126
f 4125/4125/4125 4126/4126/4126 4122/4122/4122
f 4122/4122/4122 4126/4126/4126 4120/4120/4120
f 4122/4122/4122 4120/4120/4120 4074/4074/4074
f 4074/4074/4074 4120/4120/4120 4075/4075/4075
f 4128/4128/4128 4129/4129/4129 4130/4130/4130
f 3847/3847/3847 3767/3767/3767 4131/4131/4131
f 4132/4132/4132 4133/4133/4133 4134/4134/4134
f 4134/4134/4134 4133/4133/4133 4129/4129/4129
f 4135/4135/4135 4136/4136/4136 4137/4137/4137
f 4137/4137/4137 4136/4136/4136 4138/4138/4138
f 3847/3847/3847 4139/4139/4139 4140/4140/4140
f 4141/4141/4141 4139/4139/4139 4131/4131/4131
f 4131/4131/4131 4139/4139/4139 3847/3847/3847
f 4130/4130/4130 4129/4129/4129 4133/4133/4133
f 4142/4142/4142 4141/4141/4141 4143/4143/4143
f 4143/4143/4143 4141/4141/4141 4131/4131/4131
f 4144/4144/4144 4143/4143/4143 4145/4145/4145
f 4145/4145/4145 4143/4143/4143 4131/4131/4131
f 4144/4144/4144 4145/4145/4145 4146/4146/4146
f 4136/4136/4136 4147/4147/4147 4128/4128/4128
f 4128/4128/4128 4147/4147/4147 4129/4129/4129
f 4138/4138/4138 4136/4136/4136 4148/4148/4148
f 4148/4148/4148 4136/4136/4136 4128/4128/4128
f 3767/3767/3767 3766/3766/3766 4131/4131/4131
f 4131/4131/4131 3766/3766/3766 4145/4145/4145
f 4129/4129/4129 4149/4149/4149 4134/4134/4134
f 4134/4134/4134 4149/4149/4149 4150/4150/4150
f 4129/4129/4129 4147/4147/4147 4149/4149/4149
f 3847/3847/3847 4140/4140/4140 3844/3844/3844
f 3849/3849/3849 4150/4150/4150 4059/4059/4059
f 3849/3849/3849 3853/3853/3853 4150/4150/4150
f 3853/3853/3853 4028/4028/4028 4150/4150/4150
f 4150/4150/4150 4028/4028/4028 4040/4040/4040
f 4132/4132/4132 4134/4134/4134 4041/4041/4041
f 4041/4041/4041 4134/4134/4134 4040/4040/4040
f 4134/4134/4134 4150/4150/4150 4040/4040/4040
f 3844/3844/3844 4140/4140/4140 4049/4049/4049
f 4050/4050/4050 4049/4049/4049 4139/4139/4139
f 4139/4139/4139 4049/4049/4049 4140/4140/4140
f 3949/3949/3949 4138/4138/4138 3950/3950/3950
f 3950/3950/3950 4138/4138/4138 4148/4148/4148
f 3949/3949/3949 3948/3948/3948 4138/4138/4138
f 4138/4138/4138 3948/3948/3948 4137/4137/4137
f 3952/3952/3952 4151/4151/4151 3948/3948/3948
f 4151/4151/4151 4137/4137/4137 3948/3948/3948
f 4135/4135/4135 4137/4137/4137 4152/4152/4152
f 4152/4152/4152 4137/4137/4137 4151/4151/4151
f 4153/4153/4153 4154/4154/4154 3956/3956/3956
f 3956/3956/3956 4154/4154/4154 3955/3955/3955
f 4143/4143/4143 4144/4144/4144 4153/4153/4153
f 4153/4153/4153 4144/4144/4144 4154/4154/4154
f 3944/3944/3944 3955/3955/3955 4155/4155/4155
f 4155/4155/4155 3955/3955/3955 4154/4154/4154
f 4144/4144/4144 4146/4146/4146 4154/4154/4154
f 4154/4154/4154 4146/4146/4146 4155/4155/4155
f 4146/4146/4146 4156/4156/4156 4155/4155/4155
f 4155/4155/4155 4156/4156/4156 4157/4157/4157
f 3942/3942/3942 3944/3944/3944 4157/4157/4157
f 4157/4157/4157 3944/3944/3944 4155/4155/4155
f 4143/4143/4143 4153/4153/4153 4142/4142/4142
f 4142/4142/4142 4153/4153/4153 4158/4158/4158
f 4153/4153/4153 3956/3956/3956 4158/4158/4158
f 4158/4158/4158 3956/3956/3956 3959/3959/3959
f 3961/3961/3961 3950/3950/3950 4159/4159/4159
f 3950/3950/3950 4148/4148/4148 4159/4159/4159
f 4128/4128/4128 4130/4130/4130 4148/4148/4148
f 4148/4148/4148 4130/4130/4130 4159/4159/4159
f 4160/4160/4160 4161/4161/4161 4162/4162/4162
f 4163/4163/4163 4003/4003/4003 4000/4000/4000
f 4163/4163/4163 4164/4164/4164 4165/4165/4165
f 4164/4164/4164 4166/4166/4166 4165/4165/4165
f 4165/4165/4165 4166/4166/4166 4167/4167/4167
f 4167/4167/4167 4166/4166/4166 4168/4168/4168
f 4168/4168/4168 4166/4166/4166 4169/4169/4169
f 4170/4170/4170 4171/4171/4171 4163/4163/4163
f 4163/4163/4163 4171/4171/4171 4164/4164/4164
f 4171/4171/4171 4172/4172/4172 4164/4164/4164
f 4164/4164/4164 4172/4172/4172 4166/4166/4166
f 4172/4172/4172 4173/4173/4173 4166/4166/4166
f 4166/4166/4166 4173/4173/4173 4169/4169/4169
f 4170/4170/4170 4163/4163/4163 4007/4007/4007
f 4007/4007/4007 4163/4163/4163 4000/4000/4000
f 4174/4174/4174 4171/4171/4171 4175/4175/4175
f 4175/4175/4175 4171/4171/4171 4170/4170/4170
f 4176/4176/4176 4172/4172/4172 4174/4174/4174
f 4174/4174/4174 4172/4172/4172 4171/4171/4171
f 4176/4176/4176 4177/4177/4177 4172/4172/4172
f 4172/4172/4172 4177/4177/4177 4173/4173/4173
f 4178/4178/4178 4179/4179/4179 4180/4180/4180
f 4180/4180/4180 4179/4179/4179 4181/4181/4181
f 3994/3994/3994 3996/3996/3996 4180/4180/4180
f 4180/4180/4180 3996/3996/3996 4178/4178/4178
f 4182/4182/4182 4183/4183/4183 4184/4184/4184
f 4178/4178/4178 4182/4182/4182 4179/4179/4179
f 4179/4179/4179 4182/4182/4182 4184/4184/4184
f 3996/3996/3996 4006/4006/4006 4178/4178/4178
f 4178/4178/4178 4006/4006/4006 4182/4182/4182
f 4185/4185/4185 4186/4186/4186 4187/4187/4187
f 4187/4187/4187 4186/4186/4186 4188/4188/4188
f 4187/4187/4187 4179/4179/4179 4185/4185/4185
f 4185/4185/4185 4179/4179/4179 4184/4184/4184
f 4187/4187/4187 4188/4188/4188 4189/4189/4189
f 4189/4189/4189 4188/4188/4188 4190/4190/4190
f 4185/4185/4185 4191/4191/4191 4186/4186/4186
f 4186/4186/4186 4191/4191/4191 4192/4192/4192
f 4184/4184/4184 4183/4183/4183 4185/4185/4185
f 4185/4185/4185 4183/4183/4183 4191/4191/4191
f 4189/4189/4189 4181/4181/4181 4187/4187/4187
f 4187/4187/4187 4181/4181/4181 4179/4179/4179
f 4182/4182/4182 4162/4162/4162 4183/4183/4183
f 4183/4183/4183 4162/4162/4162 4161/4161/4161
f 4006/4006/4006 3499/3499/3499 4182/4182/4182
f 4182/4182/4182 3499/3499/3499 4162/4162/4162
f 3997/3997/3997 4160/4160/4160 3998/3998/3998
f 3998/3998/3998 4160/4160/4160 4162/4162/4162
f 3998/3998/3998 4162/4162/4162 3499/3499/3499
f 4191/4191/4191 4161/4161/4161 4193/4193/4193
f 4194/4194/4194 4195/4195/4195 4196/4196/4196
f 4191/4191/4191 4193/4193/4193 4192/4192/4192
f 4192/4192/4192 4193/4193/4193 4197/4197/4197
f 4198/4198/4198 4167/4167/4167 4199/4199/4199
f 4199/4199/4199 4167/4167/4167 4168/4168/4168
f 4198/4198/4198 4200/4200/4200 4167/4167/4167
f 4167/4167/4167 4200/4200/4200 4201/4201/4201
f 4191/4191/4191 4183/4183/4183 4161/4161/4161
f 4003/4003/4003 4201/4201/4201 4001/4001/4001
f 4001/4001/4001 4201/4201/4201 4002/4002/4002
f 4002/4002/4002 4201/4201/4201 4200/4200/4200
f 4167/4167/4167 4201/4201/4201 4165/4165/4165
f 4201/4201/4201 4003/4003/4003 4165/4165/4165
f 4165/4165/4165 4003/4003/4003 4163/4163/4163
f 3811/3811/3811 3813/3813/3813 4177/4177/4177
f 4177/4177/4177 3813/3813/3813 4173/4173/4173
f 4188/4188/4188 3816/3816/3816 4190/4190/4190
f 4190/4190/4190 3816/3816/3816 3815/3815/3815
f 4173/4173/4173 3813/3813/3813 4169/4169/4169
f 4169/4169/4169 3813/3813/3813 3823/3823/3823
f 4169/4169/4169 3823/3823/3823 4168/4168/4168
f 4168/4168/4168 3823/3823/3823 3825/3825/3825
f 4199/4199/4199 4168/4168/4168 3829/3829/3829
f 3829/3829/3829 4168/4168/4168 3825/3825/3825
f 3841/3841/3841 3842/3842/3842 4197/4197/4197
f 4197/4197/4197 3842/3842/3842 4192/4192/4192
f 3842/3842/3842 3843/3843/3843 4192/4192/4192
f 4192/4192/4192 3843/3843/3843 4186/4186/4186
f 3816/3816/3816 4188/4188/4188 3843/3843/3843
f 3843/3843/3843 4188/4188/4188 4186/4186/4186
f 4007/4007/4007 4008/4008/4008 4170/4170/4170
f 4170/4170/4170 4008/4008/4008 4175/4175/4175
f 4145/4145/4145 3766/3766/3766 4202/4202/4202
f 4147/4147/4147 4136/4136/4136 4203/4203/4203
f 4203/4203/4203 4136/4136/4136 4135/4135/4135
f 4156/4156/4156 4146/4146/4146 4204/4204/4204
f 4204/4204/4204 4146/4146/4146 4202/4202/4202
f 4203/4203/4203 4135/4135/4135 4205/4205/4205
f 4205/4205/4205 4135/4135/4135 4152/4152/4152
f 4146/4146/4146 4145/4145/4145 4202/4202/4202
f 4206/4206/4206 4207/4207/4207 3769/3769/3769
f 4208/4208/4208 3768/3768/3768 4209/4209/4209
f 3768/3768/3768 3769/3769/3769 4209/4209/4209
f 3769/3769/3769 4207/4207/4207 4209/4209/4209
f 4202/4202/4202 3766/3766/3766 3768/3768/3768
f 4210/4210/4210 4211/4211/4211 4212/4212/4212
f 4212/4212/4212 4211/4211/4211 4213/4213/4213
f 4214/4214/4214 4215/4215/4215 4216/4216/4216
f 4216/4216/4216 4215/4215/4215 4207/4207/4207
f 4210/4210/4210 4212/4212/4212 4217/4217/4217
f 4217/4217/4217 4212/4212/4212 4218/4218/4218
f 4219/4219/4219 4220/4220/4220 4221/4221/4221
f 4221/4221/4221 4220/4220/4220 4222/4222/4222
f 4223/4223/4223 4224/4224/4224 4225/4225/4225
f 4225/4225/4225 4224/4224/4224 4208/4208/4208
f 4226/4226/4226 4225/4225/4225 4209/4209/4209
f 4209/4209/4209 4225/4225/4225 4208/4208/4208
f 4226/4226/4226 4209/4209/4209 4215/4215/4215
f 4215/4215/4215 4209/4209/4209 4207/4207/4207
f 4213/4213/4213 4211/4211/4211 4220/4220/4220
f 4220/4220/4220 4211/4211/4211 4222/4222/4222
f 3768/3768/3768 4208/4208/4208 4202/4202/4202
f 4227/4227/4227 4202/4202/4202 4224/4224/4224
f 4202/4202/4202 4208/4208/4208 4224/4224/4224
f 4221/4221/4221 4222/4222/4222 4228/4228/4228
f 4203/4203/4203 4228/4228/4228 4222/4222/4222
f 4072/4072/4072 4070/4070/4070 4229/4229/4229
f 4229/4229/4229 4070/4070/4070 4230/4230/4230
f 4073/4073/4073 4231/4231/4231 4056/4056/4056
f 4056/4056/4056 4231/4231/4231 4206/4206/4206
f 4057/4057/4057 4056/4056/4056 4206/4206/4206
f 4053/4053/4053 4230/4230/4230 4054/4054/4054
f 4054/4054/4054 4230/4230/4230 4070/4070/4070
f 4232/4232/4232 4207/4207/4207 4231/4231/4231
f 4231/4231/4231 4207/4207/4207 4206/4206/4206
f 4210/4210/4210 4217/4217/4217 4230/4230/4230
f 4230/4230/4230 4233/4233/4233 4229/4229/4229
f 4206/4206/4206 3769/3769/3769 4057/4057/4057
f 4059/4059/4059 4150/4150/4150 4234/4234/4234
f 4211/4211/4211 4210/4210/4210 4234/4234/4234
f 4147/4147/4147 4203/4203/4203 4149/4149/4149
f 4203/4203/4203 4222/4222/4222 4149/4149/4149
f 4149/4149/4149 4222/4222/4222 4234/4234/4234
f 4222/4222/4222 4211/4211/4211 4234/4234/4234
f 4230/4230/4230 4053/4053/4053 4101/4101/4101
f 4210/4210/4210 4230/4230/4230 4234/4234/4234
f 4234/4234/4234 4230/4230/4230 4101/4101/4101
f 4235/4235/4235 3719/3719/3719 4236/4236/4236
f 4236/4236/4236 3719/3719/3719 3721/3721/3721
f 4225/4225/4225 4235/4235/4235 4223/4223/4223
f 4223/4223/4223 4235/4235/4235 4236/4236/4236
f 4226/4226/4226 4237/4237/4237 4225/4225/4225
f 4225/4225/4225 4237/4237/4237 4235/4235/4235
f 4215/4215/4215 4238/4238/4238 4226/4226/4226
f 4226/4226/4226 4238/4238/4238 4237/4237/4237
f 4239/4239/4239 4238/4238/4238 4214/4214/4214
f 4214/4214/4214 4238/4238/4238 4215/4215/4215
f 4238/4238/4238 4239/4239/4239 3724/3724/3724
f 3724/3724/3724 4239/4239/4239 3725/3725/3725
f 4240/4240/4240 4213/4213/4213 4241/4241/4241
f 4241/4241/4241 4213/4213/4213 4220/4220/4220
f 4240/4240/4240 4242/4242/4242 4213/4213/4213
f 4213/4213/4213 4242/4242/4242 4212/4212/4212
f 4243/4243/4243 4241/4241/4241 4219/4219/4219
f 4219/4219/4219 4241/4241/4241 4220/4220/4220
f 4244/4244/4244 4218/4218/4218 4242/4242/4242
f 4242/4242/4242 4218/4218/4218 4212/4212/4212
f 3732/3732/3732 4244/4244/4244 3731/3731/3731
f 4244/4244/4244 4242/4242/4242 3731/3731/3731
f 3730/3730/3730 4240/4240/4240 3727/3727/3727
f 3727/3727/3727 4240/4240/4240 4241/4241/4241
f 3730/3730/3730 3731/3731/3731 4240/4240/4240
f 4240/4240/4240 3731/3731/3731 4242/4242/4242
f 4241/4241/4241 4243/4243/4243 3727/3727/3727
f 4243/4243/4243 3726/3726/3726 3727/3727/3727
f 3718/3718/3718 4237/4237/4237 3724/3724/3724
f 3724/3724/3724 4237/4237/4237 4238/4238/4238
f 4237/4237/4237 3718/3718/3718 4235/4235/4235
f 4235/4235/4235 3718/3718/3718 3719/3719/3719
f 4059/4059/4059 4234/4234/4234 4101/4101/4101
f 4150/4150/4150 4149/4149/4149 4234/4234/4234
f 4245/4245/4245 4246/4246/4246 4247/4247/4247
f 4247/4247/4247 4246/4246/4246 4248/4248/4248
f 4249/4249/4249 4250/4250/4250 4251/4251/4251
f 4252/4252/4252 4253/4253/4253 4254/4254/4254
f 4255/4255/4255 4256/4256/4256 4257/4257/4257
f 4258/4258/4258 4259/4259/4259 4260/4260/4260
f 4260/4260/4260 4259/4259/4259 4261/4261/4261
f 4260/4260/4260 4262/4262/4262 4258/4258/4258
f 4258/4258/4258 4262/4262/4262 4263/4263/4263
f 4262/4262/4262 4264/4264/4264 4263/4263/4263
f 4263/4263/4263 4264/4264/4264 4265/4265/4265
f 4264/4264/4264 4266/4266/4266 4265/4265/4265
f 4265/4265/4265 4266/4266/4266 4267/4267/4267
f 4268/4268/4268 4269/4269/4269 4270/4270/4270
f 4270/4270/4270 4269/4269/4269 4271/4271/4271
f 4266/4266/4266 4272/4272/4272 4267/4267/4267
f 4267/4267/4267 4272/4272/4272 4273/4273/4273
f 4273/4273/4273 4272/4272/4272 4274/4274/4274
f 4274/4274/4274 4272/4272/4272 4275/4275/4275
f 4274/4274/4274 4275/4275/4275 4271/4271/4271
f 4271/4271/4271 4275/4275/4275 4270/4270/4270
f 4276/4276/4276 4277/4277/4277 4278/4278/4278
f 4279/4279/4279 4280/4280/4280 4277/4277/4277
f 4277/4277/4277 4280/4280/4280 4278/4278/4278
f 4281/4281/4281 4282/4282/4282 4279/4279/4279
f 4279/4279/4279 4282/4282/4282 4280/4280/4280
f 4283/4283/4283 4284/4284/4284 4281/4281/4281
f 4281/4281/4281 4284/4284/4284 4282/4282/4282
f 4285/4285/4285 4286/4286/4286 4287/4287/4287
f 4288/4288/4288 4289/4289/4289 4283/4283/4283
f 4283/4283/4283 4289/4289/4289 4284/4284/4284
f 4288/4288/4288 4290/4290/4290 4289/4289/4289
f 4289/4289/4289 4290/4290/4290 4291/4291/4291
f 4290/4290/4290 4286/4286/4286 4291/4291/4291
f 4291/4291/4291 4286/4286/4286 4285/4285/4285
f 4256/4256/4256 4245/4245/4245 4247/4247/4247
f 4251/4251/4251 4250/4250/4250 4255/4255/4255
f 4292/4292/4292 4293/4293/4293 4294/4294/4294
f 4294/4294/4294 4293/4293/4293 4295/4295/4295
f 4295/4295/4295 4293/4293/4293 4296/4296/4296
f 4296/4296/4296 4293/4293/4293 4297/4297/4297
f 4296/4296/4296 4297/4297/4297 4298/4298/4298
f 4298/4298/4298 4297/4297/4297 4299/4299/4299
f 4300/4300/4300 4301/4301/4301 4302/4302/4302
f 4303/4303/4303 4257/4257/4257 4304/4304/4304
f 4304/4304/4304 4257/4257/4257 4305/4305/4305
f 4247/4247/4247 4248/4248/4248 4306/4306/4306
f 4306/4306/4306 4248/4248/4248 4301/4301/4301
f 4256/4256/4256 4247/4247/4247 4307/4307/4307
f 4307/4307/4307 4247/4247/4247 4306/4306/4306
f 4251/4251/4251 4255/4255/4255 4303/4303/4303
f 4303/4303/4303 4255/4255/4255 4257/4257/4257
f 4294/4294/4294 4295/4295/4295 4254/4254/4254
f 4254/4254/4254 4295/4295/4295 4252/4252/4252
f 4296/4296/4296 4308/4308/4308 4295/4295/4295
f 4295/4295/4295 4308/4308/4308 4252/4252/4252
f 4308/4308/4308 4296/4296/4296 4298/4298/4298
f 4301/4301/4301 4300/4300/4300 4306/4306/4306
f 4306/4306/4306 4300/4300/4300 4309/4309/4309
f 4310/4310/4310 4311/4311/4311 4312/4312/4312
f 4312/4312/4312 4311/4311/4311 4313/4313/4313
f 4314/4314/4314 4310/4310/4310 4315/4315/4315
f 4315/4315/4315 4310/4310/4310 4312/4312/4312
f 4316/4316/4316 4317/4317/4317 4318/4318/4318
f 4318/4318/4318 4317/4317/4317 4319/4319/4319
f 4320/4320/4320 4319/4319/4319 4321/4321/4321
f 4321/4321/4321 4319/4319/4319 4322/4322/4322
f 4323/4323/4323 4324/4324/4324 4316/4316/4316
f 4316/4316/4316 4324/4324/4324 4317/4317/4317
f 4321/4321/4321 4322/4322/4322 4325/4325/4325
f 4326/4326/4326 4327/4327/4327 4292/4292/4292
f 4292/4292/4292 4327/4327/4327 4293/4293/4293
f 4328/4328/4328 4329/4329/4329 4330/4330/4330
f 4330/4330/4330 4331/4331/4331 4328/4328/4328
f 4328/4328/4328 4331/4331/4331 4332/4332/4332
f 4331/4331/4331 4333/4333/4333 4332/4332/4332
f 4332/4332/4332 4333/4333/4333 4334/4334/4334
f 4323/4323/4323 4335/4335/4335 4324/4324/4324
f 4324/4324/4324 4335/4335/4335 4336/4336/4336
f 4302/4302/4302 4337/4337/4337 4323/4323/4323
f 4323/4323/4323 4337/4337/4337 4335/4335/4335
f 4323/4323/4323 4316/4316/4316 4302/4302/4302
f 4302/4302/4302 4316/4316/4316 4300/4300/4300
f 4316/4316/4316 4318/4318/4318 4300/4300/4300
f 4300/4300/4300 4318/4318/4318 4309/4309/4309
f 4309/4309/4309 4318/4318/4318 4320/4320/4320
f 4305/4305/4305 4338/4338/4338 4304/4304/4304
f 4304/4304/4304 4338/4338/4338 4339/4339/4339
f 4314/4314/4314 4340/4340/4340 4341/4341/4341
f 4341/4341/4341 4340/4340/4340 4342/4342/4342
f 4315/4315/4315 4334/4334/4334 4314/4314/4314
f 4314/4314/4314 4334/4334/4334 4340/4340/4340
f 4341/4341/4341 4342/4342/4342 4343/4343/4343
f 4343/4343/4343 4342/4342/4342 4344/4344/4344
f 4332/4332/4332 4334/4334/4334 4345/4345/4345
f 4345/4345/4345 4334/4334/4334 4315/4315/4315
f 4333/4333/4333 4346/4346/4346 4334/4334/4334
f 4334/4334/4334 4346/4346/4346 4340/4340/4340
f 4342/4342/4342 4340/4340/4340 4347/4347/4347
f 4347/4347/4347 4340/4340/4340 4346/4346/4346
f 4344/4344/4344 4342/4342/4342 4348/4348/4348
f 4348/4348/4348 4342/4342/4342 4347/4347/4347
f 4345/4345/4345 4315/4315/4315 4312/4312/4312
f 4308/4308/4308 4298/4298/4298 4313/4313/4313
f 4313/4313/4313 4298/4298/4298 4312/4312/4312
f 4297/4297/4297 4349/4349/4349 4299/4299/4299
f 4327/4327/4327 4349/4349/4349 4293/4293/4293
f 4293/4293/4293 4349/4349/4349 4297/4297/4297
f 4327/4327/4327 4350/4350/4350 4349/4349/4349
f 4351/4351/4351 4350/4350/4350 4326/4326/4326
f 4326/4326/4326 4350/4350/4350 4327/4327/4327
f 4338/4338/4338 4352/4352/4352 4339/4339/4339
f 4339/4339/4339 4352/4352/4352 4353/4353/4353
f 4354/4354/4354 4352/4352/4352 4338/4338/4338
f 4355/4355/4355 4354/4354/4354 4305/4305/4305
f 4305/4305/4305 4354/4354/4354 4338/4338/4338
f 4355/4355/4355 4305/4305/4305 4307/4307/4307
f 4307/4307/4307 4305/4305/4305 4257/4257/4257
f 4318/4318/4318 4319/4319/4319 4320/4320/4320
f 4257/4257/4257 4256/4256/4256 4307/4307/4307
f 4250/4250/4250 4245/4245/4245 4255/4255/4255
f 4255/4255/4255 4245/4245/4245 4256/4256/4256
f 4356/4356/4356 4357/4357/4357 4358/4358/4358
f 4359/4359/4359 4360/4360/4360 4361/4361/4361
f 4361/4361/4361 4360/4360/4360 4362/4362/4362
f 4363/4363/4363 4356/4356/4356 4364/4364/4364
f 4364/4364/4364 4356/4356/4356 4358/4358/4358
f 4363/4363/4363 4364/4364/4364 4365/4365/4365
f 4365/4365/4365 4364/4364/4364 4366/4366/4366
f 4367/4367/4367 4357/4357/4357 4356/4356/4356
f 4360/4360/4360 4367/4367/4367 4362/4362/4362
f 4362/4362/4362 4367/4367/4367 4356/4356/4356
f 4368/4368/4368 4369/4369/4369 4370/4370/4370
f 4371/4371/4371 4372/4372/4372 4373/4373/4373
f 4248/4248/4248 4246/4246/4246 4374/4374/4374
f 4374/4374/4374 4246/4246/4246 4375/4375/4375
f 4375/4375/4375 4376/4376/4376 4374/4374/4374
f 4374/4374/4374 4376/4376/4376 4377/4377/4377
f 4378/4378/4378 4379/4379/4379 4302/4302/4302
f 4302/4302/4302 4379/4379/4379 4337/4337/4337
f 4380/4380/4380 4378/4378/4378 4302/4302/4302
f 4380/4380/4380 4301/4301/4301 4381/4381/4381
f 4378/4378/4378 4380/4380/4380 4382/4382/4382
f 4382/4382/4382 4380/4380/4380 4381/4381/4381
f 4248/4248/4248 4374/4374/4374 4301/4301/4301
f 4301/4301/4301 4374/4374/4374 4381/4381/4381
f 4374/4374/4374 4377/4377/4377 4381/4381/4381
f 4381/4381/4381 4377/4377/4377 4382/4382/4382
f 4383/4383/4383 4384/4384/4384 4310/4310/4310
f 4310/4310/4310 4384/4384/4384 4311/4311/4311
f 4385/4385/4385 4386/4386/4386 4343/4343/4343
f 4343/4343/4343 4386/4386/4386 4341/4341/4341
f 4387/4387/4387 4383/4383/4383 4310/4310/4310
f 4384/4384/4384 4383/4383/4383 4388/4388/4388
f 4388/4388/4388 4383/4383/4383 4389/4389/4389
f 4302/4302/4302 4301/4301/4301 4380/4380/4380
f 4390/4390/4390 4389/4389/4389 4387/4387/4387
f 4389/4389/4389 4383/4383/4383 4387/4387/4387
f 4386/4386/4386 4391/4391/4391 4341/4341/4341
f 4341/4341/4341 4391/4391/4391 4387/4387/4387
f 4391/4391/4391 4390/4390/4390 4387/4387/4387
f 4310/4310/4310 4314/4314/4314 4387/4387/4387
f 4314/4314/4314 4341/4341/4341 4387/4387/4387
f 4392/4392/4392 4393/4393/4393 4394/4394/4394
f 4333/4333/4333 4395/4395/4395 4346/4346/4346
f 4346/4346/4346 4395/4395/4395 4396/4396/4396
f 4331/4331/4331 4397/4397/4397 4333/4333/4333
f 4333/4333/4333 4397/4397/4397 4395/4395/4395
f 4329/4329/4329 4398/4398/4398 4330/4330/4330
f 4331/4331/4331 4330/4330/4330 4397/4397/4397
f 4397/4397/4397 4330/4330/4330 4398/4398/4398
f 4322/4322/4322 4399/4399/4399 4325/4325/4325
f 4325/4325/4325 4399/4399/4399 4400/4400/4400
f 4319/4319/4319 4401/4401/4401 4322/4322/4322
f 4322/4322/4322 4401/4401/4401 4399/4399/4399
f 4317/4317/4317 4402/4402/4402 4319/4319/4319
f 4319/4319/4319 4402/4402/4402 4401/4401/4401
f 4403/4403/4403 4402/4402/4402 4324/4324/4324
f 4324/4324/4324 4402/4402/4402 4317/4317/4317
f 4404/4404/4404 4403/4403/4403 4336/4336/4336
f 4336/4336/4336 4403/4403/4403 4324/4324/4324
f 4348/4348/4348 4347/4347/4347 4405/4405/4405
f 4347/4347/4347 4406/4406/4406 4405/4405/4405
f 4396/4396/4396 4406/4406/4406 4346/4346/4346
f 4346/4346/4346 4406/4406/4406 4347/4347/4347
f 4407/4407/4407 4408/4408/4408 4409/4409/4409
f 4407/4407/4407 4409/4409/4409 4410/4410/4410
f 4410/4410/4410 4409/4409/4409 4411/4411/4411
f 4411/4411/4411 4412/4412/4412 4410/4410/4410
f 4410/4410/4410 4412/4412/4412 4413/4413/4413
f 4412/4412/4412 4394/4394/4394 4413/4413/4413
f 4413/4413/4413 4394/4394/4394 4393/4393/4393
f 4397/4397/4397 4414/4414/4414 4395/4395/4395
f 4395/4395/4395 4414/4414/4414 4415/4415/4415
f 4409/4409/4409 4399/4399/4399 4411/4411/4411
f 4411/4411/4411 4399/4399/4399 4401/4401/4401
f 4401/4401/4401 4402/4402/4402 4411/4411/4411
f 4411/4411/4411 4402/4402/4402 4412/4412/4412
f 4402/4402/4402 4403/4403/4403 4412/4412/4412
f 4412/4412/4412 4403/4403/4403 4394/4394/4394
f 4406/4406/4406 4396/4396/4396 4416/4416/4416
f 4416/4416/4416 4396/4396/4396 4417/4417/4417
f 4395/4395/4395 4415/4415/4415 4396/4396/4396
f 4396/4396/4396 4415/4415/4415 4417/4417/4417
f 4414/4414/4414 4397/4397/4397 4418/4418/4418
f 4418/4418/4418 4397/4397/4397 4398/4398/4398
f 4399/4399/4399 4409/4409/4409 4400/4400/4400
f 4400/4400/4400 4409/4409/4409 4408/4408/4408
f 4392/4392/4392 4394/4394/4394 4404/4404/4404
f 4404/4404/4404 4394/4394/4394 4403/4403/4403
f 4416/4416/4416 4419/4419/4419 4406/4406/4406
f 4406/4406/4406 4419/4419/4419 4405/4405/4405
f 4420/4420/4420 4421/4421/4421 4422/4422/4422
f 4423/4423/4423 4424/4424/4424 4425/4425/4425
f 4425/4425/4425 4424/4424/4424 4426/4426/4426
f 4427/4427/4427 4428/4428/4428 4423/4423/4423
f 4423/4423/4423 4428/4428/4428 4424/4424/4424
f 4429/4429/4429 4430/4430/4430 4427/4427/4427
f 4427/4427/4427 4430/4430/4430 4428/4428/4428
f 4431/4431/4431 4432/4432/4432 4429/4429/4429
f 4429/4429/4429 4432/4432/4432 4430/4430/4430
f 4433/4433/4433 4434/4434/4434 4435/4435/4435
f 4435/4435/4435 4434/4434/4434 4436/4436/4436
f 4437/4437/4437 4438/4438/4438 4431/4431/4431
f 4431/4431/4431 4438/4438/4438 4432/4432/4432
f 4437/4437/4437 4439/4439/4439 4438/4438/4438
f 4438/4438/4438 4439/4439/4439 4440/4440/4440
f 4439/4439/4439 4436/4436/4436 4440/4440/4440
f 4440/4440/4440 4436/4436/4436 4434/4434/4434
f 4441/4441/4441 4442/4442/4442 4443/4443/4443
f 4443/4443/4443 4442/4442/4442 4444/4444/4444
f 4441/4441/4441 4445/4445/4445 4442/4442/4442
f 4442/4442/4442 4445/4445/4445 4446/4446/4446
f 4447/4447/4447 4446/4446/4446 4448/4448/4448
f 4448/4448/4448 4446/4446/4446 4445/4445/4445
f 4449/4449/4449 4450/4450/4450 4451/4451/4451
f 4451/4451/4451 4450/4450/4450 4359/4359/4359
f 4452/4452/4452 4451/4451/4451 4453/4453/4453
f 4361/4361/4361 4451/4451/4451 4359/4359/4359
f 4361/4361/4361 4362/4362/4362 4453/4453/4453
f 4454/4454/4454 4455/4455/4455 4456/4456/4456
f 4456/4456/4456 4455/4455/4455 4457/4457/4457
f 4362/4362/4362 4356/4356/4356 4453/4453/4453
f 4453/4453/4453 4356/4356/4356 4363/4363/4363
f 4453/4453/4453 4363/4363/4363 4458/4458/4458
f 4458/4458/4458 4363/4363/4363 4365/4365/4365
f 4459/4459/4459 4366/4366/4366 4460/4460/4460
f 4460/4460/4460 4366/4366/4366 4369/4369/4369
f 4460/4460/4460 4369/4369/4369 4368/4368/4368
f 4460/4460/4460 4456/4456/4456 4459/4459/4459
f 4459/4459/4459 4456/4456/4456 4461/4461/4461
f 4456/4456/4456 4460/4460/4460 4454/4454/4454
f 4454/4454/4454 4460/4460/4460 4368/4368/4368
f 4443/4443/4443 4373/4373/4373 4441/4441/4441
f 4441/4441/4441 4373/4373/4373 4372/4372/4372
f 4372/4372/4372 4462/4462/4462 4441/4441/4441
f 4441/4441/4441 4462/4462/4462 4445/4445/4445
f 4462/4462/4462 4463/4463/4463 4448/4448/4448
f 4448/4448/4448 4463/4463/4463 4464/4464/4464
f 4465/4465/4465 4466/4466/4466 4467/4467/4467
f 4467/4467/4467 4466/4466/4466 4468/4468/4468
f 4469/4469/4469 4470/4470/4470 4420/4420/4420
f 4420/4420/4420 4470/4470/4470 4421/4421/4421
f 4471/4471/4471 4466/4466/4466 4465/4465/4465
f 4472/4472/4472 4465/4465/4465 4473/4473/4473
f 4473/4473/4473 4465/4465/4465 4467/4467/4467
f 4456/4456/4456 4457/4457/4457 4461/4461/4461
f 4461/4461/4461 4457/4457/4457 4474/4474/4474
f 4453/4453/4453 4458/4458/4458 4452/4452/4452
f 4452/4452/4452 4458/4458/4458 4475/4475/4475
f 4451/4451/4451 4361/4361/4361 4453/4453/4453
f 4463/4463/4463 4468/4468/4468 4464/4464/4464
f 4464/4464/4464 4468/4468/4468 4466/4466/4466
f 4464/4464/4464 4466/4466/4466 4476/4476/4476
f 4476/4476/4476 4466/4466/4466 4477/4477/4477
f 4478/4478/4478 4471/4471/4471 4472/4472/4472
f 4472/4472/4472 4471/4471/4471 4465/4465/4465
f 4479/4479/4479 4480/4480/4480 4481/4481/4481
f 4481/4481/4481 4480/4480/4480 4482/4482/4482
f 4483/4483/4483 4484/4484/4484 4485/4485/4485
f 4486/4486/4486 4479/4479/4479 4487/4487/4487
f 4487/4487/4487 4479/4479/4479 4481/4481/4481
f 4484/4484/4484 4488/4488/4488 4485/4485/4485
f 4485/4485/4485 4488/4488/4488 4489/4489/4489
f 4442/4442/4442 4490/4490/4490 4444/4444/4444
f 4444/4444/4444 4490/4490/4490 4491/4491/4491
f 4492/4492/4492 4493/4493/4493 4494/4494/4494
f 4494/4494/4494 4493/4493/4493 4495/4495/4495
f 4486/4486/4486 4487/4487/4487 4496/4496/4496
f 4496/4496/4496 4487/4487/4487 4497/4497/4497
f 4451/4451/4451 4486/4486/4486 4449/4449/4449
f 4449/4449/4449 4486/4486/4486 4496/4496/4496
f 4486/4486/4486 4451/4451/4451 4479/4479/4479
f 4479/4479/4479 4451/4451/4451 4452/4452/4452
f 4479/4479/4479 4452/4452/4452 4480/4480/4480
f 4480/4480/4480 4452/4452/4452 4475/4475/4475
f 4484/4484/4484 4483/4483/4483 4457/4457/4457
f 4457/4457/4457 4483/4483/4483 4474/4474/4474
f 4488/4488/4488 4484/4484/4484 4455/4455/4455
f 4455/4455/4455 4484/4484/4484 4457/4457/4457
f 4498/4498/4498 4499/4499/4499 4421/4421/4421
f 4421/4421/4421 4499/4499/4499 4477/4477/4477
f 4476/4476/4476 4477/4477/4477 4492/4492/4492
f 4492/4492/4492 4477/4477/4477 4499/4499/4499
f 4500/4500/4500 4498/4498/4498 4470/4470/4470
f 4470/4470/4470 4498/4498/4498 4421/4421/4421
f 4499/4499/4499 4501/4501/4501 4492/4492/4492
f 4492/4492/4492 4501/4501/4501 4493/4493/4493
f 4501/4501/4501 4499/4499/4499 4502/4502/4502
f 4502/4502/4502 4499/4499/4499 4498/4498/4498
f 4500/4500/4500 4503/4503/4503 4498/4498/4498
f 4498/4498/4498 4503/4503/4503 4502/4502/4502
f 4421/4421/4421 4471/4471/4471 4422/4422/4422
f 4422/4422/4422 4471/4471/4471 4478/4478/4478
f 4466/4466/4466 4471/4471/4471 4477/4477/4477
f 4477/4477/4477 4471/4471/4471 4421/4421/4421
f 4462/4462/4462 4448/4448/4448 4445/4445/4445
f 4504/4504/4504 4505/4505/4505 4506/4506/4506
f 4506/4506/4506 4507/4507/4507 4504/4504/4504
f 4504/4504/4504 4507/4507/4507 4508/4508/4508
f 4507/4507/4507 4509/4509/4509 4508/4508/4508
f 4508/4508/4508 4509/4509/4509 4510/4510/4510
f 4509/4509/4509 4511/4511/4511 4510/4510/4510
f 4510/4510/4510 4511/4511/4511 4512/4512/4512
f 4513/4513/4513 4514/4514/4514 4515/4515/4515
f 4511/4511/4511 4516/4516/4516 4512/4512/4512
f 4512/4512/4512 4516/4516/4516 4517/4517/4517
f 4517/4517/4517 4516/4516/4516 4518/4518/4518
f 4518/4518/4518 4516/4516/4516 4519/4519/4519
f 4518/4518/4518 4519/4519/4519 4514/4514/4514
f 4514/4514/4514 4519/4519/4519 4515/4515/4515
f 4520/4520/4520 4464/4464/4464 4476/4476/4476
f 4494/4494/4494 4520/4520/4520 4492/4492/4492
f 4492/4492/4492 4520/4520/4520 4476/4476/4476
f 4494/4494/4494 4495/4495/4495 4521/4521/4521
f 4521/4521/4521 4495/4495/4495 4522/4522/4522
f 4523/4523/4523 4521/4521/4521 4522/4522/4522
f 4524/4524/4524 4525/4525/4525 4526/4526/4526
f 4480/4480/4480 4527/4527/4527 4482/4482/4482
f 4475/4475/4475 4527/4527/4527 4480/4480/4480
f 4490/4490/4490 4528/4528/4528 4491/4491/4491
f 4491/4491/4491 4528/4528/4528 4529/4529/4529
f 4490/4490/4490 4530/4530/4530 4528/4528/4528
f 4446/4446/4446 4530/4530/4530 4442/4442/4442
f 4442/4442/4442 4530/4530/4530 4490/4490/4490
f 4446/4446/4446 4447/4447/4447 4530/4530/4530
f 4527/4527/4527 4524/4524/4524 4482/4482/4482
f 4482/4482/4482 4524/4524/4524 4526/4526/4526
f 4459/4459/4459 4461/4461/4461 4365/4365/4365
f 4365/4365/4365 4461/4461/4461 4458/4458/4458
f 4366/4366/4366 4459/4459/4459 4365/4365/4365
f 4531/4531/4531 4532/4532/4532 4533/4533/4533
f 4534/4534/4534 4364/4364/4364 4535/4535/4535
f 4535/4535/4535 4364/4364/4364 4358/4358/4358
f 4536/4536/4536 4535/4535/4535 4357/4357/4357
f 4357/4357/4357 4535/4535/4535 4358/4358/4358
f 4537/4537/4537 4366/4366/4366 4534/4534/4534
f 4534/4534/4534 4366/4366/4366 4364/4364/4364
f 4535/4535/4535 4538/4538/4538 4534/4534/4534
f 4534/4534/4534 4538/4538/4538 4539/4539/4539
f 4540/4540/4540 4538/4538/4538 4536/4536/4536
f 4536/4536/4536 4538/4538/4538 4535/4535/4535
f 4541/4541/4541 4542/4542/4542 4543/4543/4543
f 4543/4543/4543 4542/4542/4542 4537/4537/4537
f 4541/4541/4541 4544/4544/4544 4542/4542/4542
f 4542/4542/4542 4544/4544/4544 4545/4545/4545
f 4546/4546/4546 4372/4372/4372 4371/4371/4371
f 4547/4547/4547 4548/4548/4548 4549/4549/4549
f 4549/4549/4549 4548/4548/4548 4546/4546/4546
f 4546/4546/4546 4550/4550/4550 4372/4372/4372
f 4372/4372/4372 4550/4550/4550 4462/4462/4462
f 4550/4550/4550 4546/4546/4546 4551/4551/4551
f 4551/4551/4551 4546/4546/4546 4548/4548/4548
f 4552/4552/4552 4550/4550/4550 4553/4553/4553
f 4553/4553/4553 4550/4550/4550 4551/4551/4551
f 4554/4554/4554 4555/4555/4555 4556/4556/4556
f 4556/4556/4556 4555/4555/4555 4557/4557/4557
f 4548/4548/4548 4547/4547/4547 4558/4558/4558
f 4558/4558/4558 4547/4547/4547 4559/4559/4559
f 4551/4551/4551 4548/4548/4548 4560/4560/4560
f 4560/4560/4560 4548/4548/4548 4558/4558/4558
f 4553/4553/4553 4551/4551/4551 4561/4561/4561
f 4561/4561/4561 4551/4551/4551 4560/4560/4560
f 4543/4543/4543 4562/4562/4562 4541/4541/4541
f 4541/4541/4541 4562/4562/4562 4563/4563/4563
f 4544/4544/4544 4541/4541/4541 4564/4564/4564
f 4564/4564/4564 4541/4541/4541 4563/4563/4563
f 4539/4539/4539 4538/4538/4538 4565/4565/4565
f 4565/4565/4565 4538/4538/4538 4566/4566/4566
f 4538/4538/4538 4540/4540/4540 4566/4566/4566
f 4566/4566/4566 4540/4540/4540 4567/4567/4567
f 4539/4539/4539 4565/4565/4565 4543/4543/4543
f 4543/4543/4543 4565/4565/4565 4562/4562/4562
f 4553/4553/4553 4568/4568/4568 4552/4552/4552
f 4552/4552/4552 4568/4568/4568 4569/4569/4569
f 4568/4568/4568 4553/4553/4553 4570/4570/4570
f 4570/4570/4570 4553/4553/4553 4561/4561/4561
f 4555/4555/4555 4568/4568/4568 4557/4557/4557
f 4557/4557/4557 4568/4568/4568 4570/4570/4570
f 4571/4571/4571 4569/4569/4569 4555/4555/4555
f 4555/4555/4555 4569/4569/4569 4568/4568/4568
f 4555/4555/4555 4554/4554/4554 4571/4571/4571
f 4571/4571/4571 4554/4554/4554 4572/4572/4572
f 4371/4371/4371 4549/4549/4549 4546/4546/4546
f 4369/4369/4369 4542/4542/4542 4370/4370/4370
f 4370/4370/4370 4542/4542/4542 4545/4545/4545
f 4542/4542/4542 4369/4369/4369 4537/4537/4537
f 4537/4537/4537 4369/4369/4369 4366/4366/4366
f 4543/4543/4543 4537/4537/4537 4539/4539/4539
f 4539/4539/4539 4537/4537/4537 4534/4534/4534
f 4375/4375/4375 4246/4246/4246 4531/4531/4531
f 4531/4531/4531 4246/4246/4246 4573/4573/4573
f 4533/4533/4533 4376/4376/4376 4531/4531/4531
f 4531/4531/4531 4376/4376/4376 4375/4375/4375
f 4246/4246/4246 4245/4245/4245 4573/4573/4573
f 4573/4573/4573 4245/4245/4245 4574/4574/4574
f 4531/4531/4531 4573/4573/4573 4532/4532/4532
f 4532/4532/4532 4573/4573/4573 4575/4575/4575
f 4533/4533/4533 4532/4532/4532 4576/4576/4576
f 4577/4577/4577 4578/4578/4578 4579/4579/4579
f 4579/4579/4579 4578/4578/4578 4574/4574/4574
f 4580/4580/4580 4581/4581/4581 4579/4579/4579
f 4579/4579/4579 4581/4581/4581 4577/4577/4577
f 4582/4582/4582 4253/4253/4253 4252/4252/4252
f 4583/4583/4583 4584/4584/4584 4585/4585/4585
f 4585/4585/4585 4584/4584/4584 4582/4582/4582
f 4308/4308/4308 4586/4586/4586 4252/4252/4252
f 4252/4252/4252 4586/4586/4586 4582/4582/4582
f 4586/4586/4586 4587/4587/4587 4582/4582/4582
f 4582/4582/4582 4587/4587/4587 4585/4585/4585
f 4587/4587/4587 4586/4586/4586 4588/4588/4588
f 4588/4588/4588 4586/4586/4586 4589/4589/4589
f 4384/4384/4384 4590/4590/4590 4311/4311/4311
f 4311/4311/4311 4590/4590/4590 4591/4591/4591
f 4388/4388/4388 4592/4592/4592 4384/4384/4384
f 4384/4384/4384 4592/4592/4592 4590/4590/4590
f 4593/4593/4593 4594/4594/4594 4595/4595/4595
f 4595/4595/4595 4594/4594/4594 4596/4596/4596
f 4585/4585/4585 4597/4597/4597 4583/4583/4583
f 4583/4583/4583 4597/4597/4597 4598/4598/4598
f 4597/4597/4597 4585/4585/4585 4599/4599/4599
f 4599/4599/4599 4585/4585/4585 4587/4587/4587
f 4588/4588/4588 4600/4600/4600 4587/4587/4587
f 4587/4587/4587 4600/4600/4600 4599/4599/4599
f 4578/4578/4578 4577/4577/4577 4601/4601/4601
f 4601/4601/4601 4577/4577/4577 4602/4602/4602
f 4581/4581/4581 4603/4603/4603 4577/4577/4577
f 4577/4577/4577 4603/4603/4603 4602/4602/4602
f 4575/4575/4575 4604/4604/4604 4532/4532/4532
f 4532/4532/4532 4604/4604/4604 4605/4605/4605
f 4532/4532/4532 4605/4605/4605 4576/4576/4576
f 4576/4576/4576 4605/4605/4605 4606/4606/4606
f 4575/4575/4575 4578/4578/4578 4604/4604/4604
f 4604/4604/4604 4578/4578/4578 4601/4601/4601
f 4591/4591/4591 4607/4607/4607 4589/4589/4589
f 4589/4589/4589 4607/4607/4607 4588/4588/4588
f 4607/4607/4607 4608/4608/4608 4588/4588/4588
f 4588/4588/4588 4608/4608/4608 4600/4600/4600
f 4595/4595/4595 4596/4596/4596 4607/4607/4607
f 4607/4607/4607 4596/4596/4596 4608/4608/4608
f 4590/4590/4590 4595/4595/4595 4591/4591/4591
f 4591/4591/4591 4595/4595/4595 4607/4607/4607
f 4592/4592/4592 4593/4593/4593 4590/4590/4590
f 4590/4590/4590 4593/4593/4593 4595/4595/4595
f 4311/4311/4311 4591/4591/4591 4313/4313/4313
f 4313/4313/4313 4591/4591/4591 4589/4589/4589
f 4586/4586/4586 4308/4308/4308 4589/4589/4589
f 4589/4589/4589 4308/4308/4308 4313/4313/4313
f 4253/4253/4253 4582/4582/4582 4584/4584/4584
f 4250/4250/4250 4249/4249/4249 4579/4579/4579
f 4579/4579/4579 4249/4249/4249 4580/4580/4580
f 4579/4579/4579 4574/4574/4574 4250/4250/4250
f 4250/4250/4250 4574/4574/4574 4245/4245/4245
f 4573/4573/4573 4574/4574/4574 4575/4575/4575
f 4575/4575/4575 4574/4574/4574 4578/4578/4578
f 4571/4571/4571 4572/4572/4572 4467/4467/4467
f 4467/4467/4467 4572/4572/4572 4473/4473/4473
f 4569/4569/4569 4571/4571/4571 4468/4468/4468
f 4468/4468/4468 4571/4571/4571 4467/4467/4467
f 4552/4552/4552 4569/4569/4569 4463/4463/4463
f 4463/4463/4463 4569/4569/4569 4468/4468/4468
f 4550/4550/4550 4552/4552/4552 4462/4462/4462
f 4462/4462/4462 4552/4552/4552 4463/4463/4463
f 4523/4523/4523 4522/4522/4522 4609/4609/4609
f 4493/4493/4493 4501/4501/4501 4610/4610/4610
f 4610/4610/4610 4501/4501/4501 4611/4611/4611
f 4495/4495/4495 4493/4493/4493 4612/4612/4612
f 4612/4612/4612 4493/4493/4493 4610/4610/4610
f 4495/4495/4495 4612/4612/4612 4522/4522/4522
f 4612/4612/4612 4609/4609/4609 4522/4522/4522
f 4526/4526/4526 4525/4525/4525 4613/4613/4613
f 4613/4613/4613 4525/4525/4525 4614/4614/4614
f 4482/4482/4482 4526/4526/4526 4615/4615/4615
f 4615/4615/4615 4526/4526/4526 4613/4613/4613
f 4481/4481/4481 4482/4482/4482 4616/4616/4616
f 4616/4616/4616 4482/4482/4482 4615/4615/4615
f 4481/4481/4481 4616/4616/4616 4487/4487/4487
f 4487/4487/4487 4616/4616/4616 4617/4617/4617
f 4487/4487/4487 4617/4617/4617 4497/4497/4497
f 4497/4497/4497 4617/4617/4617 4618/4618/4618
f 4503/4503/4503 4619/4619/4619 4502/4502/4502
f 4502/4502/4502 4619/4619/4619 4620/4620/4620
f 4502/4502/4502 4620/4620/4620 4501/4501/4501
f 4501/4501/4501 4620/4620/4620 4611/4611/4611
f 4621/4621/4621 4622/4622/4622 4623/4623/4623
f 4624/4624/4624 4625/4625/4625 4626/4626/4626
f 4621/4621/4621 4627/4627/4627 4622/4622/4622
f 4622/4622/4622 4627/4627/4627 4628/4628/4628
f 4629/4629/4629 4630/4630/4630 4627/4627/4627
f 4627/4627/4627 4630/4630/4630 4628/4628/4628
f 4626/4626/4626 4625/4625/4625 4629/4629/4629
f 4629/4629/4629 4625/4625/4625 4630/4630/4630
f 4612/4612/4612 4610/4610/4610 4631/4631/4631
f 4631/4631/4631 4610/4610/4610 4632/4632/4632
f 4622/4622/4622 4628/4628/4628 4613/4613/4613
f 4613/4613/4613 4628/4628/4628 4615/4615/4615
f 4630/4630/4630 4616/4616/4616 4628/4628/4628
f 4628/4628/4628 4616/4616/4616 4615/4615/4615
f 4625/4625/4625 4617/4617/4617 4630/4630/4630
f 4630/4630/4630 4617/4617/4617 4616/4616/4616
f 4633/4633/4633 4611/4611/4611 4634/4634/4634
f 4634/4634/4634 4611/4611/4611 4620/4620/4620
f 4610/4610/4610 4611/4611/4611 4632/4632/4632
f 4632/4632/4632 4611/4611/4611 4633/4633/4633
f 4609/4609/4609 4612/4612/4612 4635/4635/4635
f 4635/4635/4635 4612/4612/4612 4631/4631/4631
f 4613/4613/4613 4614/4614/4614 4622/4622/4622
f 4622/4622/4622 4614/4614/4614 4623/4623/4623
f 4617/4617/4617 4625/4625/4625 4618/4618/4618
f 4618/4618/4618 4625/4625/4625 4624/4624/4624
f 4619/4619/4619 4636/4636/4636 4620/4620/4620
f 4620/4620/4620 4636/4636/4636 4634/4634/4634
f 4637/4637/4637 4408/4408/4408 4638/4638/4638
f 4638/4638/4638 4408/4408/4408 4639/4639/4639
f 4408/4408/4408 4407/4407/4407 4639/4639/4639
f 4640/4640/4640 4392/4392/4392 4641/4641/4641
f 4393/4393/4393 4392/4392/4392 4642/4642/4642
f 4392/4392/4392 4640/4640/4640 4642/4642/4642
f 4640/4640/4640 4643/4643/4643 4644/4644/4644
f 4644/4644/4644 4643/4643/4643 4645/4645/4645
f 4645/4645/4645 4646/4646/4646 4644/4644/4644
f 4644/4644/4644 4646/4646/4646 4647/4647/4647
f 4646/4646/4646 4648/4648/4648 4647/4647/4647
f 4647/4647/4647 4648/4648/4648 4638/4638/4638
f 4648/4648/4648 4649/4649/4649 4638/4638/4638
f 4638/4638/4638 4649/4649/4649 4637/4637/4637
f 4650/4650/4650 4651/4651/4651 4652/4652/4652
f 4652/4652/4652 4651/4651/4651 4653/4653/4653
f 4651/4651/4651 4654/4654/4654 4653/4653/4653
f 4653/4653/4653 4654/4654/4654 4655/4655/4655
f 4654/4654/4654 4656/4656/4656 4655/4655/4655
f 4655/4655/4655 4656/4656/4656 4657/4657/4657
f 4658/4658/4658 4659/4659/4659 4656/4656/4656
f 4656/4656/4656 4659/4659/4659 4657/4657/4657
f 4659/4659/4659 4658/4658/4658 4660/4660/4660
f 4660/4660/4660 4658/4658/4658 4661/4661/4661
f 4641/4641/4641 4662/4662/4662 4640/4640/4640
f 4640/4640/4640 4662/4662/4662 4643/4643/4643
f 4639/4639/4639 4407/4407/4407 4663/4663/4663
f 4663/4663/4663 4407/4407/4407 4410/4410/4410
f 4410/4410/4410 4413/4413/4413 4663/4663/4663
f 4663/4663/4663 4413/4413/4413 4664/4664/4664
f 4413/4413/4413 4393/4393/4393 4664/4664/4664
f 4664/4664/4664 4393/4393/4393 4642/4642/4642
f 4639/4639/4639 4663/4663/4663 4638/4638/4638
f 4638/4638/4638 4663/4663/4663 4647/4647/4647
f 4663/4663/4663 4664/4664/4664 4647/4647/4647
f 4647/4647/4647 4664/4664/4664 4644/4644/4644
f 4664/4664/4664 4642/4642/4642 4644/4644/4644
f 4644/4644/4644 4642/4642/4642 4640/4640/4640
f 4659/4659/4659 4660/4660/4660 4665/4665/4665
f 4665/4665/4665 4660/4660/4660 4419/4419/4419
f 4665/4665/4665 4666/4666/4666 4659/4659/4659
f 4659/4659/4659 4666/4666/4666 4657/4657/4657
f 4667/4667/4667 4655/4655/4655 4666/4666/4666
f 4666/4666/4666 4655/4655/4655 4657/4657/4657
f 4668/4668/4668 4653/4653/4653 4667/4667/4667
f 4667/4667/4667 4653/4653/4653 4655/4655/4655
f 4418/4418/4418 4652/4652/4652 4668/4668/4668
f 4668/4668/4668 4652/4652/4652 4653/4653/4653
f 4416/4416/4416 4665/4665/4665 4419/4419/4419
f 4416/4416/4416 4417/4417/4417 4665/4665/4665
f 4665/4665/4665 4417/4417/4417 4666/4666/4666
f 4415/4415/4415 4667/4667/4667 4417/4417/4417
f 4417/4417/4417 4667/4667/4667 4666/4666/4666
f 4414/4414/4414 4668/4668/4668 4415/4415/4415
f 4415/4415/4415 4668/4668/4668 4667/4667/4667
f 4418/4418/4418 4668/4668/4668 4414/4414/4414
f 4658/4658/4658 4669/4669/4669 4661/4661/4661
f 4661/4661/4661 4669/4669/4669 4670/4670/4670
f 4671/4671/4671 4669/4669/4669 4656/4656/4656
f 4656/4656/4656 4669/4669/4669 4658/4658/4658
f 4672/4672/4672 4671/4671/4671 4654/4654/4654
f 4654/4654/4654 4671/4671/4671 4656/4656/4656
f 4651/4651/4651 4673/4673/4673 4654/4654/4654
f 4654/4654/4654 4673/4673/4673 4672/4672/4672
f 4650/4650/4650 4674/4674/4674 4651/4651/4651
f 4651/4651/4651 4674/4674/4674 4673/4673/4673
f 4675/4675/4675 4676/4676/4676 4648/4648/4648
f 4648/4648/4648 4676/4676/4676 4649/4649/4649
f 4677/4677/4677 4675/4675/4675 4646/4646/4646
f 4646/4646/4646 4675/4675/4675 4648/4648/4648
f 4645/4645/4645 4678/4678/4678 4646/4646/4646
f 4646/4646/4646 4678/4678/4678 4677/4677/4677
f 4643/4643/4643 4679/4679/4679 4645/4645/4645
f 4645/4645/4645 4679/4679/4679 4678/4678/4678
f 4662/4662/4662 4680/4680/4680 4643/4643/4643
f 4643/4643/4643 4680/4680/4680 4679/4679/4679
f 4681/4681/4681 4682/4682/4682 4623/4623/4623
f 4682/4682/4682 4683/4683/4683 4623/4623/4623
f 4623/4623/4623 4683/4683/4683 4621/4621/4621
f 4684/4684/4684 4685/4685/4685 4624/4624/4624
f 4626/4626/4626 4686/4686/4686 4624/4624/4624
f 4624/4624/4624 4686/4686/4686 4684/4684/4684
f 4687/4687/4687 4688/4688/4688 4689/4689/4689
f 4689/4689/4689 4688/4688/4688 4690/4690/4690
f 4688/4688/4688 4691/4691/4691 4690/4690/4690
f 4690/4690/4690 4691/4691/4691 4692/4692/4692
f 4693/4693/4693 4694/4694/4694 4691/4691/4691
f 4691/4691/4691 4694/4694/4694 4692/4692/4692
f 4695/4695/4695 4696/4696/4696 4693/4693/4693
f 4693/4693/4693 4696/4696/4696 4694/4694/4694
f 4697/4697/4697 4698/4698/4698 4699/4699/4699
f 4699/4699/4699 4698/4698/4698 4700/4700/4700
f 4698/4698/4698 4701/4701/4701 4700/4700/4700
f 4700/4700/4700 4701/4701/4701 4702/4702/4702
f 4703/4703/4703 4704/4704/4704 4701/4701/4701
f 4701/4701/4701 4704/4704/4704 4702/4702/4702
f 4704/4704/4704 4703/4703/4703 4705/4705/4705
f 4705/4705/4705 4703/4703/4703 4706/4706/4706
f 4706/4706/4706 4707/4707/4707 4705/4705/4705
f 4705/4705/4705 4707/4707/4707 4708/4708/4708
f 4709/4709/4709 4687/4687/4687 4710/4710/4710
f 4710/4710/4710 4687/4687/4687 4689/4689/4689
f 4684/4684/4684 4711/4711/4711 4687/4687/4687
f 4687/4687/4687 4711/4711/4711 4688/4688/4688
f 4712/4712/4712 4691/4691/4691 4711/4711/4711
f 4711/4711/4711 4691/4691/4691 4688/4688/4688
f 4682/4682/4682 4693/4693/4693 4712/4712/4712
f 4712/4712/4712 4693/4693/4693 4691/4691/4691
f 4681/4681/4681 4695/4695/4695 4682/4682/4682
f 4682/4682/4682 4695/4695/4695 4693/4693/4693
f 4713/4713/4713 4698/4698/4698 4714/4714/4714
f 4714/4714/4714 4698/4698/4698 4697/4697/4697
f 4715/4715/4715 4701/4701/4701 4713/4713/4713
f 4713/4713/4713 4701/4701/4701 4698/4698/4698
f 4716/4716/4716 4703/4703/4703 4715/4715/4715
f 4715/4715/4715 4703/4703/4703 4701/4701/4701
f 4706/4706/4706 4703/4703/4703 4717/4717/4717
f 4717/4717/4717 4703/4703/4703 4716/4716/4716
f 4717/4717/4717 4718/4718/4718 4706/4706/4706
f 4706/4706/4706 4718/4718/4718 4707/4707/4707
f 4685/4685/4685 4684/4684/4684 4709/4709/4709
f 4709/4709/4709 4684/4684/4684 4687/4687/4687
f 4683/4683/4683 4719/4719/4719 4621/4621/4621
f 4621/4621/4621 4719/4719/4719 4627/4627/4627
f 4720/4720/4720 4629/4629/4629 4719/4719/4719
f 4719/4719/4719 4629/4629/4629 4627/4627/4627
f 4686/4686/4686 4626/4626/4626 4720/4720/4720
f 4720/4720/4720 4626/4626/4626 4629/4629/4629
f 4712/4712/4712 4719/4719/4719 4682/4682/4682
f 4682/4682/4682 4719/4719/4719 4683/4683/4683
f 4711/4711/4711 4720/4720/4720 4712/4712/4712
f 4712/4712/4712 4720/4720/4720 4719/4719/4719
f 4684/4684/4684 4686/4686/4686 4711/4711/4711
f 4711/4711/4711 4686/4686/4686 4720/4720/4720
f 4636/4636/4636 4718/4718/4718 4721/4721/4721
f 4721/4721/4721 4718/4718/4718 4717/4717/4717
f 4716/4716/4716 4722/4722/4722 4717/4717/4717
f 4717/4717/4717 4722/4722/4722 4721/4721/4721
f 4723/4723/4723 4722/4722/4722 4715/4715/4715
f 4715/4715/4715 4722/4722/4722 4716/4716/4716
f 4724/4724/4724 4723/4723/4723 4713/4713/4713
f 4713/4713/4713 4723/4723/4723 4715/4715/4715
f 4635/4635/4635 4724/4724/4724 4714/4714/4714
f 4714/4714/4714 4724/4724/4724 4713/4713/4713
f 4634/4634/4634 4636/4636/4636 4721/4721/4721
f 4722/4722/4722 4633/4633/4633 4721/4721/4721
f 4721/4721/4721 4633/4633/4633 4634/4634/4634
f 4632/4632/4632 4633/4633/4633 4723/4723/4723
f 4723/4723/4723 4633/4633/4633 4722/4722/4722
f 4631/4631/4631 4632/4632/4632 4724/4724/4724
f 4724/4724/4724 4632/4632/4632 4723/4723/4723
f 4635/4635/4635 4631/4631/4631 4724/4724/4724
f 4725/4725/4725 4726/4726/4726 4727/4727/4727
f 4728/4728/4728 4729/4729/4729 4730/4730/4730
f 4730/4730/4730 4729/4729/4729 4731/4731/4731
f 4730/4730/4730 4731/4731/4731 4732/4732/4732
f 4732/4732/4732 4731/4731/4731 4733/4733/4733
f 4734/4734/4734 4732/4732/4732 4735/4735/4735
f 4735/4735/4735 4732/4732/4732 4733/4733/4733
f 4736/4736/4736 4734/4734/4734 4737/4737/4737
f 4737/4737/4737 4734/4734/4734 4735/4735/4735
f 4738/4738/4738 4736/4736/4736 4739/4739/4739
f 4739/4739/4739 4736/4736/4736 4737/4737/4737
f 4740/4740/4740 4741/4741/4741 4742/4742/4742
f 4742/4742/4742 4741/4741/4741 4743/4743/4743
f 4742/4742/4742 4744/4744/4744 4740/4740/4740
f 4740/4740/4740 4744/4744/4744 4745/4745/4745
f 4745/4745/4745 4744/4744/4744 4746/4746/4746
f 4746/4746/4746 4744/4744/4744 4747/4747/4747
f 4746/4746/4746 4747/4747/4747 4748/4748/4748
f 4748/4748/4748 4747/4747/4747 4749/4749/4749
f 4748/4748/4748 4749/4749/4749 4750/4750/4750
f 4750/4750/4750 4749/4749/4749 4751/4751/4751
f 4731/4731/4731 4752/4752/4752 4733/4733/4733
f 4733/4733/4733 4752/4752/4752 4753/4753/4753
f 4735/4735/4735 4733/4733/4733 4754/4754/4754
f 4754/4754/4754 4733/4733/4733 4753/4753/4753
f 4737/4737/4737 4735/4735/4735 4755/4755/4755
f 4755/4755/4755 4735/4735/4735 4754/4754/4754
f 4739/4739/4739 4737/4737/4737 4756/4756/4756
f 4756/4756/4756 4737/4737/4737 4755/4755/4755
f 4729/4729/4729 4757/4757/4757 4731/4731/4731
f 4731/4731/4731 4757/4757/4757 4752/4752/4752
f 4725/4725/4725 4727/4727/4727 4758/4758/4758
f 4759/4759/4759 4760/4760/4760 4761/4761/4761
f 4762/4762/4762 4725/4725/4725 4763/4763/4763
f 4764/4764/4764 4765/4765/4765 4759/4759/4759
f 4766/4766/4766 4762/4762/4762 4763/4763/4763
f 4767/4767/4767 4766/4766/4766 4768/4768/4768
f 4769/4769/4769 4770/4770/4770 4771/4771/4771
f 4767/4767/4767 4768/4768/4768 4772/4772/4772
f 4773/4773/4773 4769/4769/4769 4774/4774/4774
f 4772/4772/4772 4775/4775/4775 4776/4776/4776
f 4777/4777/4777 4774/4774/4774 4778/4778/4778
f 4779/4779/4779 4780/4780/4780 4778/4778/4778
f 4781/4781/4781 4782/4782/4782 4776/4776/4776
f 4783/4783/4783 4782/4782/4782 4784/4784/4784
f 4785/4785/4785 4783/4783/4783 4786/4786/4786
f 4787/4787/4787 4788/4788/4788 4789/4789/4789
f 4727/4727/4727 4785/4785/4785 4790/4790/4790
f 4761/4761/4761 4791/4791/4791 4787/4787/4787
f 4772/4772/4772 4792/4792/4792 4767/4767/4767
f 4767/4767/4767 4792/4792/4792 4793/4793/4793
f 4767/4767/4767 4793/4793/4793 4766/4766/4766
f 4766/4766/4766 4793/4793/4793 4794/4794/4794
f 4794/4794/4794 4795/4795/4795 4766/4766/4766
f 4766/4766/4766 4795/4795/4795 4762/4762/4762
f 4795/4795/4795 4796/4796/4796 4762/4762/4762
f 4762/4762/4762 4796/4796/4796 4725/4725/4725
f 4796/4796/4796 4726/4726/4726 4725/4725/4725
f 4694/4694/4694 4696/4696/4696 4730/4730/4730
f 4730/4730/4730 4696/4696/4696 4728/4728/4728
f 4692/4692/4692 4694/4694/4694 4732/4732/4732
f 4732/4732/4732 4694/4694/4694 4730/4730/4730
f 4690/4690/4690 4692/4692/4692 4734/4734/4734
f 4734/4734/4734 4692/4692/4692 4732/4732/4732
f 4689/4689/4689 4690/4690/4690 4736/4736/4736
f 4736/4736/4736 4690/4690/4690 4734/4734/4734
f 4689/4689/4689 4736/4736/4736 4710/4710/4710
f 4710/4710/4710 4736/4736/4736 4738/4738/4738
f 4708/4708/4708 4741/4741/4741 4705/4705/4705
f 4705/4705/4705 4741/4741/4741 4740/4740/4740
f 4745/4745/4745 4704/4704/4704 4740/4740/4740
f 4740/4740/4740 4704/4704/4704 4705/4705/4705
f 4704/4704/4704 4745/4745/4745 4702/4702/4702
f 4702/4702/4702 4745/4745/4745 4746/4746/4746
f 4702/4702/4702 4746/4746/4746 4700/4700/4700
f 4700/4700/4700 4746/4746/4746 4748/4748/4748
f 4700/4700/4700 4748/4748/4748 4699/4699/4699
f 4699/4699/4699 4748/4748/4748 4750/4750/4750
f 4797/4797/4797 4798/4798/4798 4799/4799/4799
f 4798/4798/4798 4800/4800/4800 4801/4801/4801
f 4801/4801/4801 4800/4800/4800 4802/4802/4802
f 4799/4799/4799 4798/4798/4798 4801/4801/4801
f 4803/4803/4803 4804/4804/4804 4799/4799/4799
f 4799/4799/4799 4804/4804/4804 4797/4797/4797
f 4805/4805/4805 4806/4806/4806 4803/4803/4803
f 4803/4803/4803 4806/4806/4806 4804/4804/4804
f 4807/4807/4807 4808/4808/4808 4805/4805/4805
f 4805/4805/4805 4808/4808/4808 4806/4806/4806
f 4809/4809/4809 4810/4810/4810 4811/4811/4811
f 4811/4811/4811 4810/4810/4810 4812/4812/4812
f 4810/4810/4810 4809/4809/4809 4813/4813/4813
f 4813/4813/4813 4809/4809/4809 4814/4814/4814
f 4815/4815/4815 4813/4813/4813 4816/4816/4816
f 4816/4816/4816 4813/4813/4813 4814/4814/4814
f 4817/4817/4817 4815/4815/4815 4818/4818/4818
f 4818/4818/4818 4815/4815/4815 4816/4816/4816
f 4819/4819/4819 4817/4817/4817 4820/4820/4820
f 4820/4820/4820 4817/4817/4817 4818/4818/4818
f 4679/4679/4679 4805/4805/4805 4678/4678/4678
f 4678/4678/4678 4805/4805/4805 4803/4803/4803
f 4678/4678/4678 4803/4803/4803 4677/4677/4677
f 4677/4677/4677 4803/4803/4803 4799/4799/4799
f 4677/4677/4677 4799/4799/4799 4675/4675/4675
f 4675/4675/4675 4799/4799/4799 4801/4801/4801
f 4675/4675/4675 4801/4801/4801 4676/4676/4676
f 4676/4676/4676 4801/4801/4801 4802/4802/4802
f 4820/4820/4820 4818/4818/4818 4674/4674/4674
f 4674/4674/4674 4818/4818/4818 4673/4673/4673
f 4818/4818/4818 4816/4816/4816 4673/4673/4673
f 4673/4673/4673 4816/4816/4816 4672/4672/4672
f 4816/4816/4816 4814/4814/4814 4672/4672/4672
f 4672/4672/4672 4814/4814/4814 4671/4671/4671
f 4669/4669/4669 4671/4671/4671 4809/4809/4809
f 4809/4809/4809 4671/4671/4671 4814/4814/4814
f 4809/4809/4809 4811/4811/4811 4669/4669/4669
f 4669/4669/4669 4811/4811/4811 4670/4670/4670
f 4679/4679/4679 4680/4680/4680 4805/4805/4805
f 4805/4805/4805 4680/4680/4680 4807/4807/4807
f 4821/4821/4821 4822/4822/4822 4823/4823/4823
f 4823/4823/4823 4822/4822/4822 4824/4824/4824
f 4825/4825/4825 4826/4826/4826 4821/4821/4821
f 4821/4821/4821 4826/4826/4826 4822/4822/4822
f 4825/4825/4825 4827/4827/4827 4826/4826/4826
f 4826/4826/4826 4827/4827/4827 4828/4828/4828
f 4827/4827/4827 4829/4829/4829 4828/4828/4828
f 4828/4828/4828 4829/4829/4829 4830/4830/4830
f 4823/4823/4823 4824/4824/4824 4831/4831/4831
f 4831/4831/4831 4824/4824/4824 4832/4832/4832
f 4833/4833/4833 4834/4834/4834 4798/4798/4798
f 4798/4798/4798 4834/4834/4834 4800/4800/4800
f 4835/4835/4835 4833/4833/4833 4797/4797/4797
f 4797/4797/4797 4833/4833/4833 4798/4798/4798
f 4804/4804/4804 4836/4836/4836 4797/4797/4797
f 4797/4797/4797 4836/4836/4836 4835/4835/4835
f 4806/4806/4806 4837/4837/4837 4804/4804/4804
f 4804/4804/4804 4837/4837/4837 4836/4836/4836
f 4808/4808/4808 4838/4838/4838 4806/4806/4806
f 4806/4806/4806 4838/4838/4838 4837/4837/4837
f 4839/4839/4839 4840/4840/4840 4841/4841/4841
f 4842/4842/4842 4841/4841/4841 4843/4843/4843
f 4844/4844/4844 4845/4845/4845 4846/4846/4846
f 4830/4830/4830 4842/4842/4842 4847/4847/4847
f 4848/4848/4848 4849/4849/4849 4844/4844/4844
f 4828/4828/4828 4830/4830/4830 4850/4850/4850
f 4851/4851/4851 4852/4852/4852 4848/4848/4848
f 4828/4828/4828 4850/4850/4850 4826/4826/4826
f 4853/4853/4853 4851/4851/4851 4854/4854/4854
f 4822/4822/4822 4826/4826/4826 4854/4854/4854
f 4822/4822/4822 4854/4854/4854 4824/4824/4824
f 4855/4855/4855 4856/4856/4856 4857/4857/4857
f 4824/4824/4824 4858/4858/4858 4832/4832/4832
f 4859/4859/4859 4857/4857/4857 4860/4860/4860
f 4832/4832/4832 4861/4861/4861 4862/4862/4862
f 4863/4863/4863 4860/4860/4860 4864/4864/4864
f 4862/4862/4862 4865/4865/4865 4839/4839/4839
f 4866/4866/4866 4864/4864/4864 4867/4867/4867
f 4747/4747/4747 4868/4868/4868 4749/4749/4749
f 4742/4742/4742 4743/4743/4743 4869/4869/4869
f 4869/4869/4869 4743/4743/4743 4870/4870/4870
f 4869/4869/4869 4871/4871/4871 4742/4742/4742
f 4742/4742/4742 4871/4871/4871 4744/4744/4744
f 4744/4744/4744 4871/4871/4871 4747/4747/4747
f 4747/4747/4747 4871/4871/4871 4868/4868/4868
f 4749/4749/4749 4868/4868/4868 4872/4872/4872
f 4749/4749/4749 4872/4872/4872 4751/4751/4751
f 4751/4751/4751 4872/4872/4872 4873/4873/4873
f 4726/4726/4726 4874/4874/4874 4727/4727/4727
f 4727/4727/4727 4874/4874/4874 4785/4785/4785
f 4875/4875/4875 4783/4783/4783 4874/4874/4874
f 4874/4874/4874 4783/4783/4783 4785/4785/4785
f 4876/4876/4876 4782/4782/4782 4875/4875/4875
f 4875/4875/4875 4782/4782/4782 4783/4783/4783
f 4876/4876/4876 4877/4877/4877 4782/4782/4782
f 4782/4782/4782 4877/4877/4877 4776/4776/4776
f 4792/4792/4792 4772/4772/4772 4877/4877/4877
f 4877/4877/4877 4772/4772/4772 4776/4776/4776
f 4878/4878/4878 4841/4841/4841 4879/4879/4879
f 4829/4829/4829 4879/4879/4879 4830/4830/4830
f 4830/4830/4830 4879/4879/4879 4842/4842/4842
f 4879/4879/4879 4841/4841/4841 4842/4842/4842
f 4878/4878/4878 4880/4880/4880 4841/4841/4841
f 4841/4841/4841 4880/4880/4880 4839/4839/4839
f 4880/4880/4880 4881/4881/4881 4839/4839/4839
f 4839/4839/4839 4881/4881/4881 4862/4862/4862
f 4831/4831/4831 4832/4832/4832 4881/4881/4881
f 4881/4881/4881 4832/4832/4832 4862/4862/4862
f 4810/4810/4810 4882/4882/4882 4812/4812/4812
f 4812/4812/4812 4882/4882/4882 4883/4883/4883
f 4882/4882/4882 4810/4810/4810 4884/4884/4884
f 4884/4884/4884 4810/4810/4810 4813/4813/4813
f 4885/4885/4885 4884/4884/4884 4815/4815/4815
f 4815/4815/4815 4884/4884/4884 4813/4813/4813
f 4886/4886/4886 4885/4885/4885 4817/4817/4817
f 4817/4817/4817 4885/4885/4885 4815/4815/4815
f 4887/4887/4887 4886/4886/4886 4819/4819/4819
f 4819/4819/4819 4886/4886/4886 4817/4817/4817

# Group Body Total Faces: 4790

g Scalp
f 4888/4888/4888 4889/4889/4889 4890/4890/4890
f 4890/4890/4890 4889/4889/4889 4891/4891/4891
f 4892/4892/4892 4893/4893/4893 4894/4894/4894
f 4894/4894/4894 4893/4893/4893 4895/4895/4895
f 4896/4896/4896 4894/4894/4894 4897/4897/4897
f 4897/4897/4897 4894/4894/4894 4895/4895/4895
f 4898/4898/4898 4899/4899/4899 4897/4897/4897
f 4897/4897/4897 4899/4899/4899 4900/4900/4900
f 4901/4901/4901 4902/4902/4902 4898/4898/4898
f 4898/4898/4898 4902/4902/4902 4899/4899/4899
f 4903/4903/4903 4904/4904/4904 4905/4905/4905
f 4905/4905/4905 4904/4904/4904 4906/4906/4906
f 4903/4903/4903 4899/4899/4899 4907/4907/4907
f 4907/4907/4907 4899/4899/4899 4902/4902/4902
f 4908/4908/4908 4909/4909/4909 4910/4910/4910
f 4910/4910/4910 4909/4909/4909 4911/4911/4911
f 4905/4905/4905 4900/4900/4900 4903/4903/4903
f 4903/4903/4903 4900/4900/4900 4899/4899/4899
f 4912/4912/4912 4913/4913/4913 4908/4908/4908
f 4908/4908/4908 4913/4913/4913 4914/4914/4914
f 4907/4907/4907 4915/4915/4915 4903/4903/4903
f 4903/4903/4903 4915/4915/4915 4904/4904/4904
f 4916/4916/4916 4917/4917/4917 4907/4907/4907
f 4907/4907/4907 4917/4917/4917 4915/4915/4915
f 4914/4914/4914 4918/4918/4918 4908/4908/4908
f 4908/4908/4908 4918/4918/4918 4909/4909/4909
f 4908/4908/4908 4910/4910/4910 4912/4912/4912
f 4912/4912/4912 4910/4910/4910 4919/4919/4919
f 4920/4920/4920 4909/4909/4909 4918/4918/4918
f 4920/4920/4920 4896/4896/4896 4909/4909/4909
f 4909/4909/4909 4896/4896/4896 4911/4911/4911
f 4920/4920/4920 4918/4918/4918 4921/4921/4921
f 4921/4921/4921 4918/4918/4918 4922/4922/4922
f 4907/4907/4907 4902/4902/4902 4916/4916/4916
f 4916/4916/4916 4902/4902/4902 4923/4923/4923
f 4894/4894/4894 4924/4924/4924 4892/4892/4892
f 4892/4892/4892 4924/4924/4924 4925/4925/4925
f 4924/4924/4924 4926/4926/4926 4927/4927/4927
f 4914/4914/4914 4928/4928/4928 4918/4918/4918
f 4918/4918/4918 4928/4928/4928 4922/4922/4922
f 4929/4929/4929 4930/4930/4930 4913/4913/4913
f 4913/4913/4913 4930/4930/4930 4914/4914/4914
f 4897/4897/4897 4900/4900/4900 4896/4896/4896
f 4896/4896/4896 4900/4900/4900 4911/4911/4911
f 4905/4905/4905 4910/4910/4910 4900/4900/4900
f 4900/4900/4900 4910/4910/4910 4911/4911/4911
f 4919/4919/4919 4910/4910/4910 4906/4906/4906
f 4906/4906/4906 4910/4910/4910 4905/4905/4905
f 4924/4924/4924 4894/4894/4894 4920/4920/4920
f 4920/4920/4920 4894/4894/4894 4896/4896/4896
f 4931/4931/4931 4932/4932/4932 4933/4933/4933
f 4933/4933/4933 4932/4932/4932 4934/4934/4934
f 4935/4935/4935 4934/4934/4934 4936/4936/4936
f 4936/4936/4936 4934/4934/4934 4932/4932/4932
f 4937/4937/4937 4935/4935/4935 4938/4938/4938
f 4938/4938/4938 4935/4935/4935 4936/4936/4936
f 4924/4924/4924 4927/4927/4927 4925/4925/4925
f 4925/4925/4925 4927/4927/4927 4939/4939/4939
f 4927/4927/4927 4940/4940/4940 4939/4939/4939
f 4939/4939/4939 4940/4940/4940 4941/4941/4941
f 4942/4942/4942 4943/4943/4943 4934/4934/4934
f 4934/4934/4934 4943/4943/4943 4933/4933/4933
f 4944/4944/4944 4942/4942/4942 4935/4935/4935
f 4935/4935/4935 4942/4942/4942 4934/4934/4934
f 4945/4945/4945 4944/4944/4944 4937/4937/4937
f 4937/4937/4937 4944/4944/4944 4935/4935/4935
f 4943/4943/4943 4941/4941/4941 4933/4933/4933
f 4933/4933/4933 4941/4941/4941 4940/4940/4940
f 4933/4933/4933 4940/4940/4940 4931/4931/4931
f 4931/4931/4931 4940/4940/4940 4946/4946/4946
f 4926/4926/4926 4946/4946/4946 4927/4927/4927
f 4927/4927/4927 4946/4946/4946 4940/4940/4940
f 4902/4902/4902 4901/4901/4901 4923/4923/4923
f 4923/4923/4923 4901/4901/4901 4947/4947/4947
f 4914/4914/4914 4930/4930/4930 4928/4928/4928
f 4928/4928/4928 4930/4930/4930 4948/4948/4948
f 4920/4920/4920 4921/4921/4921 4924/4924/4924
f 4924/4924/4924 4921/4921/4921 4926/4926/4926
f 4922/4922/4922 4946/4946/4946 4921/4921/4921
f 4921/4921/4921 4946/4946/4946 4926/4926/4926
f 4928/4928/4928 4931/4931/4931 4922/4922/4922
f 4922/4922/4922 4931/4931/4931 4946/4946/4946
f 4928/4928/4928 4948/4948/4948 4931/4931/4931
f 4931/4931/4931 4948/4948/4948 4932/4932/4932
f 4930/4930/4930 4936/4936/4936 4948/4948/4948
f 4948/4948/4948 4936/4936/4936 4932/4932/4932
f 4929/4929/4929 4938/4938/4938 4930/4930/4930
f 4930/4930/4930 4938/4938/4938 4936/4936/4936
f 4939/4939/4939 4941/4941/4941 4949/4949/4949
f 4949/4949/4949 4941/4941/4941 4950/4950/4950
f 4951/4951/4951 4952/4952/4952 4942/4942/4942
f 4942/4942/4942 4952/4952/4952 4943/4943/4943
f 4953/4953/4953 4951/4951/4951 4944/4944/4944
f 4944/4944/4944 4951/4951/4951 4942/4942/4942
f 4925/4925/4925 4939/4939/4939 4890/4890/4890
f 4890/4890/4890 4939/4939/4939 4949/4949/4949
f 4954/4954/4954 4953/4953/4953 4945/4945/4945
f 4945/4945/4945 4953/4953/4953 4944/4944/4944
f 4892/4892/4892 4925/4925/4925 4891/4891/4891
f 4891/4891/4891 4925/4925/4925 4890/4890/4890
f 4952/4952/4952 4950/4950/4950 4943/4943/4943
f 4943/4943/4943 4950/4950/4950 4941/4941/4941
f 4893/4893/4893 4892/4892/4892 4955/4955/4955
f 4955/4955/4955 4892/4892/4892 4891/4891/4891
f 4955/4955/4955 4891/4891/4891 4889/4889/4889
f 4949/4949/4949 4888/4888/4888 4890/4890/4890
f 4956/4956/4956 4957/4957/4957 4958/4958/4958
f 4958/4958/4958 4957/4957/4957 4959/4959/4959
f 4960/4960/4960 4961/4961/4961 4962/4962/4962
f 4962/4962/4962 4961/4961/4961 4963/4963/4963
f 4964/4964/4964 4965/4965/4965 4966/4966/4966
f 4967/4967/4967 4968/4968/4968 4960/4960/4960
f 4960/4960/4960 4968/4968/4968 4969/4969/4969
f 4960/4960/4960 4962/4962/4962 4967/4967/4967
f 4967/4967/4967 4962/4962/4962 4970/4970/4970
f 4968/4968/4968 4966/4966/4966 4969/4969/4969
f 4969/4969/4969 4966/4966/4966 4965/4965/4965
f 4971/4971/4971 4972/4972/4972 4967/4967/4967
f 4967/4967/4967 4972/4972/4972 4968/4968/4968
f 4972/4972/4972 4973/4973/4973 4968/4968/4968
f 4968/4968/4968 4973/4973/4973 4966/4966/4966
f 4974/4974/4974 4975/4975/4975 4904/4904/4904
f 4904/4904/4904 4975/4975/4975 4906/4906/4906
f 4974/4974/4974 4976/4976/4976 4972/4972/4972
f 4972/4972/4972 4976/4976/4976 4973/4973/4973
f 4977/4977/4977 4978/4978/4978 4979/4979/4979
f 4979/4979/4979 4978/4978/4978 4980/4980/4980
f 4972/4972/4972 4971/4971/4971 4974/4974/4974
f 4974/4974/4974 4971/4971/4971 4975/4975/4975
f 4912/4912/4912 4980/4980/4980 4913/4913/4913
f 4913/4913/4913 4980/4980/4980 4981/4981/4981
f 4904/4904/4904 4915/4915/4915 4974/4974/4974
f 4974/4974/4974 4915/4915/4915 4976/4976/4976
f 4915/4915/4915 4917/4917/4917 4976/4976/4976
f 4976/4976/4976 4917/4917/4917 4982/4982/4982
f 4978/4978/4978 4983/4983/4983 4980/4980/4980
f 4980/4980/4980 4983/4983/4983 4981/4981/4981
f 4980/4980/4980 4912/4912/4912 4979/4979/4979
f 4979/4979/4979 4912/4912/4912 4919/4919/4919
f 4984/4984/4984 4983/4983/4983 4978/4978/4978
f 4984/4984/4984 4978/4978/4978 4970/4970/4970
f 4970/4970/4970 4978/4978/4978 4977/4977/4977
f 4985/4985/4985 4983/4983/4983 4986/4986/4986
f 4986/4986/4986 4983/4983/4983 4984/4984/4984
f 4987/4987/4987 4973/4973/4973 4982/4982/4982
f 4982/4982/4982 4973/4973/4973 4976/4976/4976
f 4988/4988/4988 4989/4989/4989 4963/4963/4963
f 4963/4963/4963 4989/4989/4989 4962/4962/4962
f 4989/4989/4989 4990/4990/4990 4991/4991/4991
f 4981/4981/4981 4983/4983/4983 4992/4992/4992
f 4992/4992/4992 4983/4983/4983 4985/4985/4985
f 4981/4981/4981 4993/4993/4993 4913/4913/4913
f 4913/4913/4913 4993/4993/4993 4929/4929/4929
f 4977/4977/4977 4971/4971/4971 4970/4970/4970
f 4970/4970/4970 4971/4971/4971 4967/4967/4967
f 4975/4975/4975 4971/4971/4971 4979/4979/4979
f 4979/4979/4979 4971/4971/4971 4977/4977/4977
f 4919/4919/4919 4906/4906/4906 4979/4979/4979
f 4979/4979/4979 4906/4906/4906 4975/4975/4975
f 4989/4989/4989 4984/4984/4984 4962/4962/4962
f 4962/4962/4962 4984/4984/4984 4970/4970/4970
f 4994/4994/4994 4995/4995/4995 4996/4996/4996
f 4996/4996/4996 4995/4995/4995 4997/4997/4997
f 4996/4996/4996 4997/4997/4997 4998/4998/4998
f 4998/4998/4998 4997/4997/4997 4999/4999/4999
f 4998/4998/4998 4999/4999/4999 4938/4938/4938
f 4938/4938/4938 4999/4999/4999 4937/4937/4937
f 4989/4989/4989 4988/4988/4988 4990/4990/4990
f 4990/4990/4990 4988/4988/4988 5000/5000/5000
f 5001/5001/5001 5002/5002/5002 5000/5000/5000
f 5000/5000/5000 5002/5002/5002 4990/4990/4990
f 4995/4995/4995 5003/5003/5003 4997/4997/4997
f 4997/4997/4997 5003/5003/5003 5004/5004/5004
f 5005/5005/5005 4999/4999/4999 5004/5004/5004
f 5004/5004/5004 4999/4999/4999 4997/4997/4997
f 4999/4999/4999 5005/5005/5005 4937/4937/4937
f 4937/4937/4937 5005/5005/5005 4945/4945/4945
f 5002/5002/5002 5001/5001/5001 4995/4995/4995
f 4995/4995/4995 5001/5001/5001 5003/5003/5003
f 5006/5006/5006 5002/5002/5002 4994/4994/4994
f 4994/4994/4994 5002/5002/5002 4995/4995/4995
f 4991/4991/4991 4990/4990/4990 5006/5006/5006
f 5006/5006/5006 4990/4990/4990 5002/5002/5002
f 4964/4964/4964 4966/4966/4966 4987/4987/4987
f 4987/4987/4987 4966/4966/4966 4973/4973/4973
f 4981/4981/4981 4992/4992/4992 4993/4993/4993
f 4993/4993/4993 4992/4992/4992 5007/5007/5007
f 4984/4984/4984 4989/4989/4989 4986/4986/4986
f 4986/4986/4986 4989/4989/4989 4991/4991/4991
f 4991/4991/4991 5006/5006/5006 4986/4986/4986
f 4986/4986/4986 5006/5006/5006 4985/4985/4985
f 4992/4992/4992 4985/4985/4985 4994/4994/4994
f 4994/4994/4994 4985/4985/4985 5006/5006/5006
f 4992/4992/4992 4994/4994/4994 5007/5007/5007
f 5007/5007/5007 4994/4994/4994 4996/4996/4996
f 4993/4993/4993 5007/5007/5007 4998/4998/4998
f 4998/4998/4998 5007/5007/5007 4996/4996/4996
f 4929/4929/4929 4993/4993/4993 4938/4938/4938
f 4938/4938/4938 4993/4993/4993 4998/4998/4998
f 5008/5008/5008 5001/5001/5001 5009/5009/5009
f 5009/5009/5009 5001/5001/5001 5000/5000/5000
f 5003/5003/5003 5010/5010/5010 5004/5004/5004
f 5004/5004/5004 5010/5010/5010 5011/5011/5011
f 5012/5012/5012 5005/5005/5005 5011/5011/5011
f 5011/5011/5011 5005/5005/5005 5004/5004/5004
f 4988/4988/4988 4957/4957/4957 5000/5000/5000
f 5000/5000/5000 4957/4957/4957 5009/5009/5009
f 5005/5005/5005 5012/5012/5012 4945/4945/4945
f 4945/4945/4945 5012/5012/5012 4954/4954/4954
f 4963/4963/4963 4959/4959/4959 4988/4988/4988
f 4988/4988/4988 4959/4959/4959 4957/4957/4957
f 5001/5001/5001 5008/5008/5008 5003/5003/5003
f 5003/5003/5003 5008/5008/5008 5010/5010/5010
f 4959/4959/4959 4963/4963/4963 5013/5013/5013
f 5013/5013/5013 4963/4963/4963 4961/4961/4961
f 5013/5013/5013 4958/4958/4958 4959/4959/4959
f 5009/5009/5009 4957/4957/4957 4956/4956/4956
f 4901/4901/4901 5014/5014/5014 4947/4947/4947
f 4898/4898/4898 5015/5015/5015 4901/4901/4901
f 4901/4901/4901 5015/5015/5015 5014/5014/5014
f 5015/5015/5015 4898/4898/4898 4895/4895/4895
f 4895/4895/4895 4898/4898/4898 4897/4897/4897
f 4923/4923/4923 4947/4947/4947 5016/5016/5016
f 5017/5017/5017 5018/5018/5018 4947/4947/4947
f 5016/5016/5016 4947/4947/4947 5018/5018/5018
f 4916/4916/4916 4923/4923/4923 5019/5019/5019
f 5019/5019/5019 4923/4923/4923 5016/5016/5016
f 4916/4916/4916 5019/5019/5019 4917/4917/4917
f 4917/4917/4917 5019/5019/5019 5020/5020/5020
f 5021/5021/5021 4965/4965/4965 4964/4964/4964
f 5021/5021/5021 4964/4964/4964 5022/5022/5022
f 4987/4987/4987 5023/5023/5023 4964/4964/4964
f 4964/4964/4964 5023/5023/5023 5022/5022/5022
f 4982/4982/4982 5024/5024/5024 4987/4987/4987
f 4987/4987/4987 5024/5024/5024 5023/5023/5023
f 4982/4982/4982 4917/4917/4917 5024/5024/5024
f 5024/5024/5024 4917/4917/4917 5020/5020/5020
f 4947/4947/4947 5014/5014/5014 5017/5017/5017
f 5025/5025/5025 5013/5013/5013 5026/5026/5026
f 4969/4969/4969 5027/5027/5027 4960/4960/4960
f 5026/5026/5026 4961/4961/4961 5027/5027/5027
f 5027/5027/5027 4961/4961/4961 4960/4960/4960
f 5026/5026/5026 5013/5013/5013 4961/4961/4961
f 5025/5025/5025 5026/5026/5026 5028/5028/5028
f 4965/4965/4965 5021/5021/5021 5029/5029/5029
f 4969/4969/4969 4965/4965/4965 5030/5030/5030
f 5030/5030/5030 4965/4965/4965 5029/5029/5029
f 5031/5031/5031 5027/5027/5027 5030/5030/5030
f 5030/5030/5030 5027/5027/5027 4969/4969/4969
f 5032/5032/5032 5026/5026/5026 5031/5031/5031
f 5031/5031/5031 5026/5026/5026 5027/5027/5027
f 5028/5028/5028 5026/5026/5026 5032/5032/5032
f 4893/4893/4893 5033/5033/5033 4895/4895/4895
f 5034/5034/5034 5035/5035/5035 5036/5036/5036
f 5036/5036/5036 5035/5035/5035 5037/5037/5037
f 5035/5035/5035 5038/5038/5038 5037/5037/5037
f 5037/5037/5037 5038/5038/5038 5039/5039/5039
f 5017/5017/5017 5040/5040/5040 5041/5041/5041
f 5034/5034/5034 5036/5036/5036 5040/5040/5040
f 5040/5040/5040 5036/5036/5036 5041/5041/5041
f 5038/5038/5038 5042/5042/5042 5039/5039/5039
f 5033/5033/5033 5015/5015/5015 4895/4895/4895
f 5043/5043/5043 5033/5033/5033 4893/4893/4893
f 4893/4893/4893 4955/4955/4955 5043/5043/5043
f 5043/5043/5043 4955/4955/4955 5044/5044/5044
f 5044/5044/5044 5042/5042/5042 5043/5043/5043

# Group Scalp Total Faces: 266

g Hair
f 5045/5045/5045 5046/5046/5046 5047/5047/5047
f 5047/5047/5047 5046/5046/5046 5048/5048/5048
f 5049/5049/5049 5050/5050/5050 5047/5047/5047
f 5047/5047/5047 5050/5050/5050 5045/5045/5045
f 5048/5048/5048 5051/5051/5051 5047/5047/5047
f 5047/5047/5047 5051/5051/5051 5049/5049/5049
f 5049/5049/5049 5052/5052/5052 5050/5050/5050
f 5050/5050/5050 5052/5052/5052 5053/5053/5053
f 5054/5054/5054 5052/5052/5052 5051/5051/5051
f 5051/5051/5051 5052/5052/5052 5049/5049/5049
f 5055/5055/5055 5056/5056/5056 5057/5057/5057
f 5057/5057/5057 5056/5056/5056 5058/5058/5058
f 5059/5059/5059 5060/5060/5060 5055/5055/5055
f 5055/5055/5055 5060/5060/5060 5056/5056/5056
f 5052/5052/5052 5055/5055/5055 5053/5053/5053
f 5053/5053/5053 5055/5055/5055 5057/5057/5057
f 5059/5059/5059 5055/5055/5055 5054/5054/5054
f 5054/5054/5054 5055/5055/5055 5052/5052/5052
f 5061/5061/5061 5046/5046/5046 5062/5062/5062
f 5062/5062/5062 5046/5046/5046 5063/5063/5063
f 5064/5064/5064 5065/5065/5065 5062/5062/5062
f 5062/5062/5062 5065/5065/5065 5061/5061/5061
f 5066/5066/5066 5064/5064/5064 5063/5063/5063
f 5063/5063/5063 5064/5064/5064 5062/5062/5062
f 5067/5067/5067 5068/5068/5068 5064/5064/5064
f 5064/5064/5064 5068/5068/5068 5065/5065/5065
f 5069/5069/5069 5067/5067/5067 5066/5066/5066
f 5066/5066/5066 5067/5067/5067 5064/5064/5064
f 5070/5070/5070 5071/5071/5071 5072/5072/5072
f 5072/5072/5072 5071/5071/5071 5073/5073/5073
f 5074/5074/5074 5075/5075/5075 5070/5070/5070
f 5070/5070/5070 5075/5075/5075 5071/5071/5071
f 5067/5067/5067 5070/5070/5070 5068/5068/5068
f 5068/5068/5068 5070/5070/5070 5072/5072/5072
f 5074/5074/5074 5070/5070/5070 5069/5069/5069
f 5069/5069/5069 5070/5070/5070 5067/5067/5067
f 5076/5076/5076 5077/5077/5077 5078/5078/5078
f 5078/5078/5078 5077/5077/5077 5079/5079/5079
f 5080/5080/5080 5081/5081/5081 5078/5078/5078
f 5078/5078/5078 5081/5081/5081 5076/5076/5076
f 5079/5079/5079 5082/5082/5082 5078/5078/5078
f 5078/5078/5078 5082/5082/5082 5080/5080/5080
f 5083/5083/5083 5084/5084/5084 5080/5080/5080
f 5080/5080/5080 5084/5084/5084 5081/5081/5081
f 5082/5082/5082 5085/5085/5085 5080/5080/5080
f 5080/5080/5080 5085/5085/5085 5083/5083/5083
f 5086/5086/5086 5087/5087/5087 5083/5083/5083
f 5083/5083/5083 5087/5087/5087 5084/5084/5084
f 5085/5085/5085 5088/5088/5088 5083/5083/5083
f 5083/5083/5083 5088/5088/5088 5086/5086/5086
f 5089/5089/5089 5090/5090/5090 5091/5091/5091
f 5091/5091/5091 5090/5090/5090 5092/5092/5092
f 5091/5091/5091 5093/5093/5093 5089/5089/5089
f 5089/5089/5089 5093/5093/5093 5094/5094/5094
f 5092/5092/5092 5095/5095/5095 5091/5091/5091
f 5091/5091/5091 5095/5095/5095 5093/5093/5093
f 5096/5096/5096 5097/5097/5097 5098/5098/5098
f 5098/5098/5098 5097/5097/5097 5099/5099/5099
f 5100/5100/5100 5096/5096/5096 5101/5101/5101
f 5101/5101/5101 5096/5096/5096 5098/5098/5098
f 5096/5096/5096 5102/5102/5102 5097/5097/5097
f 5097/5097/5097 5102/5102/5102 5103/5103/5103
f 5104/5104/5104 5102/5102/5102 5100/5100/5100
f 5100/5100/5100 5102/5102/5102 5096/5096/5096
f 5101/5101/5101 5098/5098/5098 5095/5095/5095
f 5095/5095/5095 5098/5098/5098 5093/5093/5093
f 5098/5098/5098 5099/5099/5099 5093/5093/5093
f 5093/5093/5093 5099/5099/5099 5094/5094/5094
f 5105/5105/5105 5106/5106/5106 5107/5107/5107
f 5108/5108/5108 5109/5109/5109 5110/5110/5110
f 5110/5110/5110 5109/5109/5109 5111/5111/5111
f 5109/5109/5109 5112/5112/5112 5111/5111/5111
f 5111/5111/5111 5112/5112/5112 5113/5113/5113
f 5112/5112/5112 5114/5114/5114 5113/5113/5113
f 5113/5113/5113 5114/5114/5114 5115/5115/5115
f 5106/5106/5106 5108/5108/5108 5107/5107/5107
f 5107/5107/5107 5108/5108/5108 5110/5110/5110
f 5114/5114/5114 5116/5116/5116 5115/5115/5115
f 5115/5115/5115 5116/5116/5116 5117/5117/5117
f 5118/5118/5118 5119/5119/5119 5105/5105/5105
f 5105/5105/5105 5119/5119/5119 5106/5106/5106
f 5119/5119/5119 5120/5120/5120 5106/5106/5106
f 5106/5106/5106 5120/5120/5120 5108/5108/5108
f 5120/5120/5120 5121/5121/5121 5108/5108/5108
f 5108/5108/5108 5121/5121/5121 5109/5109/5109
f 5121/5121/5121 5122/5122/5122 5109/5109/5109
f 5109/5109/5109 5122/5122/5122 5112/5112/5112
f 5122/5122/5122 5123/5123/5123 5112/5112/5112
f 5112/5112/5112 5123/5123/5123 5114/5114/5114
f 5123/5123/5123 5124/5124/5124 5114/5114/5114
f 5114/5114/5114 5124/5124/5124 5116/5116/5116
f 5125/5125/5125 5105/5105/5105 5107/5107/5107
f 5126/5126/5126 5127/5127/5127 5128/5128/5128
f 5129/5129/5129 5130/5130/5130 5128/5128/5128
f 5128/5128/5128 5130/5130/5130 5131/5131/5131
f 5132/5132/5132 5133/5133/5133 5127/5127/5127
f 5127/5127/5127 5133/5133/5133 5129/5129/5129
f 5133/5133/5133 5134/5134/5134 5129/5129/5129
f 5129/5129/5129 5134/5134/5134 5130/5130/5130
f 5135/5135/5135 5136/5136/5136 5132/5132/5132
f 5132/5132/5132 5136/5136/5136 5133/5133/5133
f 5136/5136/5136 5137/5137/5137 5133/5133/5133
f 5133/5133/5133 5137/5137/5137 5134/5134/5134
f 5135/5135/5135 5138/5138/5138 5136/5136/5136
f 5136/5136/5136 5138/5138/5138 5139/5139/5139
f 5136/5136/5136 5139/5139/5139 5137/5137/5137
f 5137/5137/5137 5139/5139/5139 5140/5140/5140
f 5138/5138/5138 5141/5141/5141 5139/5139/5139
f 5139/5139/5139 5141/5141/5141 5142/5142/5142
f 5139/5139/5139 5142/5142/5142 5140/5140/5140
f 5140/5140/5140 5142/5142/5142 5143/5143/5143
f 5127/5127/5127 5129/5129/5129 5128/5128/5128
f 5144/5144/5144 5145/5145/5145 5146/5146/5146
f 5146/5146/5146 5145/5145/5145 5147/5147/5147
f 5148/5148/5148 5149/5149/5149 5150/5150/5150
f 5150/5150/5150 5149/5149/5149 5151/5151/5151
f 5149/5149/5149 5152/5152/5152 5151/5151/5151
f 5151/5151/5151 5152/5152/5152 5153/5153/5153
f 5152/5152/5152 5154/5154/5154 5153/5153/5153
f 5153/5153/5153 5154/5154/5154 5155/5155/5155
f 5148/5148/5148 5150/5150/5150 5147/5147/5147
f 5147/5147/5147 5150/5150/5150 5146/5146/5146
f 5154/5154/5154 5156/5156/5156 5155/5155/5155
f 5155/5155/5155 5156/5156/5156 5157/5157/5157
f 5156/5156/5156 5158/5158/5158 5157/5157/5157
f 5157/5157/5157 5158/5158/5158 5159/5159/5159
f 5160/5160/5160 5161/5161/5161 5145/5145/5145
f 5145/5145/5145 5161/5161/5161 5147/5147/5147
f 5161/5161/5161 5162/5162/5162 5147/5147/5147
f 5147/5147/5147 5162/5162/5162 5148/5148/5148
f 5162/5162/5162 5163/5163/5163 5148/5148/5148
f 5148/5148/5148 5163/5163/5163 5149/5149/5149
f 5163/5163/5163 5164/5164/5164 5149/5149/5149
f 5149/5149/5149 5164/5164/5164 5152/5152/5152
f 5164/5164/5164 5165/5165/5165 5152/5152/5152
f 5152/5152/5152 5165/5165/5165 5154/5154/5154
f 5165/5165/5165 5166/5166/5166 5154/5154/5154
f 5154/5154/5154 5166/5166/5166 5156/5156/5156
f 5166/5166/5166 5167/5167/5167 5156/5156/5156
f 5156/5156/5156 5167/5167/5167 5158/5158/5158
f 5168/5168/5168 5169/5169/5169 5170/5170/5170
f 5170/5170/5170 5169/5169/5169 5171/5171/5171
f 5172/5172/5172 5173/5173/5173 5174/5174/5174
f 5174/5174/5174 5173/5173/5173 5175/5175/5175
f 5174/5174/5174 5175/5175/5175 5176/5176/5176
f 5176/5176/5176 5175/5175/5175 5177/5177/5177
f 5177/5177/5177 5178/5178/5178 5176/5176/5176
f 5176/5176/5176 5178/5178/5178 5179/5179/5179
f 5169/5169/5169 5168/5168/5168 5172/5172/5172
f 5172/5172/5172 5168/5168/5168 5173/5173/5173
f 5178/5178/5178 5180/5180/5180 5179/5179/5179
f 5179/5179/5179 5180/5180/5180 5181/5181/5181
f 5180/5180/5180 5182/5182/5182 5181/5181/5181
f 5181/5181/5181 5182/5182/5182 5183/5183/5183
f 5169/5169/5169 5184/5184/5184 5171/5171/5171
f 5171/5171/5171 5184/5184/5184 5185/5185/5185
f 5184/5184/5184 5169/5169/5169 5186/5186/5186
f 5186/5186/5186 5169/5169/5169 5172/5172/5172
f 5186/5186/5186 5172/5172/5172 5187/5187/5187
f 5187/5187/5187 5172/5172/5172 5174/5174/5174
f 5187/5187/5187 5174/5174/5174 5188/5188/5188
f 5188/5188/5188 5174/5174/5174 5176/5176/5176
f 5188/5188/5188 5176/5176/5176 5189/5189/5189
f 5189/5189/5189 5176/5176/5176 5179/5179/5179
f 5179/5179/5179 5181/5181/5181 5189/5189/5189
f 5189/5189/5189 5181/5181/5181 5190/5190/5190
f 5181/5181/5181 5183/5183/5183 5190/5190/5190
f 5190/5190/5190 5183/5183/5183 5191/5191/5191
f 5183/5183/5183 5192/5192/5192 5191/5191/5191
f 5191/5191/5191 5192/5192/5192 5193/5193/5193
f 5182/5182/5182 5194/5194/5194 5183/5183/5183
f 5183/5183/5183 5194/5194/5194 5192/5192/5192
f 5195/5195/5195 5196/5196/5196 5197/5197/5197
f 5197/5197/5197 5196/5196/5196 5198/5198/5198
f 5198/5198/5198 5199/5199/5199 5197/5197/5197
f 5197/5197/5197 5199/5199/5199 5200/5200/5200
f 5199/5199/5199 5201/5201/5201 5200/5200/5200
f 5200/5200/5200 5201/5201/5201 5202/5202/5202
f 5202/5202/5202 5201/5201/5201 5203/5203/5203
f 5203/5203/5203 5201/5201/5201 5204/5204/5204
f 5204/5204/5204 5205/5205/5205 5203/5203/5203
f 5203/5203/5203 5205/5205/5205 5206/5206/5206
f 5207/5207/5207 5195/5195/5195 5208/5208/5208
f 5208/5208/5208 5195/5195/5195 5197/5197/5197
f 5208/5208/5208 5197/5197/5197 5209/5209/5209
f 5209/5209/5209 5197/5197/5197 5200/5200/5200
f 5209/5209/5209 5200/5200/5200 5210/5210/5210
f 5210/5210/5210 5200/5200/5200 5202/5202/5202
f 5210/5210/5210 5202/5202/5202 5211/5211/5211
f 5211/5211/5211 5202/5202/5202 5203/5203/5203
f 5203/5203/5203 5206/5206/5206 5211/5211/5211
f 5211/5211/5211 5206/5206/5206 5212/5212/5212
f 5206/5206/5206 5213/5213/5213 5212/5212/5212
f 5212/5212/5212 5213/5213/5213 5214/5214/5214
f 5205/5205/5205 5215/5215/5215 5206/5206/5206
f 5206/5206/5206 5215/5215/5215 5213/5213/5213
f 5216/5216/5216 5217/5217/5217 5218/5218/5218
f 5218/5218/5218 5217/5217/5217 5219/5219/5219
f 5216/5216/5216 5220/5220/5220 5217/5217/5217
f 5217/5217/5217 5220/5220/5220 5221/5221/5221
f 5222/5222/5222 5223/5223/5223 5220/5220/5220
f 5220/5220/5220 5223/5223/5223 5221/5221/5221
f 5224/5224/5224 5225/5225/5225 5222/5222/5222
f 5222/5222/5222 5225/5225/5225 5223/5223/5223
f 5226/5226/5226 5227/5227/5227 5218/5218/5218
f 5218/5218/5218 5227/5227/5227 5216/5216/5216
f 5227/5227/5227 5228/5228/5228 5216/5216/5216
f 5216/5216/5216 5228/5228/5228 5220/5220/5220
f 5228/5228/5228 5229/5229/5229 5220/5220/5220
f 5220/5220/5220 5229/5229/5229 5222/5222/5222
f 5230/5230/5230 5224/5224/5224 5229/5229/5229
f 5229/5229/5229 5224/5224/5224 5222/5222/5222
f 5231/5231/5231 5232/5232/5232 5233/5233/5233
f 5233/5233/5233 5232/5232/5232 5234/5234/5234
f 5233/5233/5233 5234/5234/5234 5235/5235/5235
f 5235/5235/5235 5234/5234/5234 5236/5236/5236
f 5234/5234/5234 5237/5237/5237 5236/5236/5236
f 5236/5236/5236 5237/5237/5237 5238/5238/5238
f 5235/5235/5235 5236/5236/5236 5239/5239/5239
f 5239/5239/5239 5236/5236/5236 5240/5240/5240
f 5236/5236/5236 5238/5238/5238 5240/5240/5240
f 5240/5240/5240 5238/5238/5238 5241/5241/5241
f 5242/5242/5242 5243/5243/5243 5244/5244/5244
f 5244/5244/5244 5243/5243/5243 5245/5245/5245
f 5246/5246/5246 5242/5242/5242 5247/5247/5247
f 5247/5247/5247 5242/5242/5242 5244/5244/5244
f 5246/5246/5246 5247/5247/5247 5248/5248/5248
f 5248/5248/5248 5247/5247/5247 5249/5249/5249
f 5248/5248/5248 5249/5249/5249 5231/5231/5231
f 5231/5231/5231 5249/5249/5249 5232/5232/5232
f 5244/5244/5244 5245/5245/5245 5250/5250/5250
f 5250/5250/5250 5245/5245/5245 5251/5251/5251
f 5247/5247/5247 5244/5244/5244 5252/5252/5252
f 5252/5252/5252 5244/5244/5244 5250/5250/5250
f 5247/5247/5247 5252/5252/5252 5249/5249/5249
f 5249/5249/5249 5252/5252/5252 5253/5253/5253
f 5249/5249/5249 5253/5253/5253 5232/5232/5232
f 5232/5232/5232 5253/5253/5253 5254/5254/5254
f 5232/5232/5232 5254/5254/5254 5234/5234/5234
f 5234/5234/5234 5254/5254/5254 5237/5237/5237
f 5240/5240/5240 5255/5255/5255 5239/5239/5239
f 5239/5239/5239 5255/5255/5255 5256/5256/5256
f 5241/5241/5241 5257/5257/5257 5240/5240/5240
f 5240/5240/5240 5257/5257/5257 5255/5255/5255
f 5258/5258/5258 5259/5259/5259 5238/5238/5238
f 5238/5238/5238 5259/5259/5259 5260/5260/5260
f 5238/5238/5238 5260/5260/5260 5261/5261/5261
f 5261/5261/5261 5260/5260/5260 5262/5262/5262
f 5262/5262/5262 5263/5263/5263 5261/5261/5261
f 5261/5261/5261 5263/5263/5263 5264/5264/5264
f 5251/5251/5251 5265/5265/5265 5250/5250/5250
f 5250/5250/5250 5265/5265/5265 5266/5266/5266
f 5250/5250/5250 5266/5266/5266 5267/5267/5267
f 5267/5267/5267 5266/5266/5266 5268/5268/5268
f 5267/5267/5267 5268/5268/5268 5269/5269/5269
f 5269/5269/5269 5268/5268/5268 5270/5270/5270
f 5269/5269/5269 5270/5270/5270 5271/5271/5271
f 5271/5271/5271 5270/5270/5270 5272/5272/5272
f 5271/5271/5271 5272/5272/5272 5258/5258/5258
f 5258/5258/5258 5272/5272/5272 5259/5259/5259
f 5266/5266/5266 5265/5265/5265 5273/5273/5273
f 5273/5273/5273 5265/5265/5265 5274/5274/5274
f 5268/5268/5268 5266/5266/5266 5275/5275/5275
f 5275/5275/5275 5266/5266/5266 5273/5273/5273
f 5268/5268/5268 5275/5275/5275 5270/5270/5270
f 5270/5270/5270 5275/5275/5275 5276/5276/5276
f 5270/5270/5270 5276/5276/5276 5272/5272/5272
f 5272/5272/5272 5276/5276/5276 5277/5277/5277
f 5272/5272/5272 5277/5277/5277 5259/5259/5259
f 5259/5259/5259 5277/5277/5277 5278/5278/5278
f 5259/5259/5259 5278/5278/5278 5260/5260/5260
f 5260/5260/5260 5278/5278/5278 5279/5279/5279
f 5260/5260/5260 5279/5279/5279 5262/5262/5262
f 5262/5262/5262 5279/5279/5279 5280/5280/5280
f 5280/5280/5280 5281/5281/5281 5262/5262/5262
f 5262/5262/5262 5281/5281/5281 5263/5263/5263
f 5282/5282/5282 5283/5283/5283 5284/5284/5284
f 5284/5284/5284 5283/5283/5283 5285/5285/5285
f 5286/5286/5286 5287/5287/5287 5288/5288/5288
f 5287/5287/5287 5289/5289/5289 5288/5288/5288
f 5288/5288/5288 5289/5289/5289 5290/5290/5290
f 5291/5291/5291 5292/5292/5292 5289/5289/5289
f 5289/5289/5289 5292/5292/5292 5290/5290/5290
f 5293/5293/5293 5294/5294/5294 5291/5291/5291
f 5291/5291/5291 5294/5294/5294 5292/5292/5292
f 5295/5295/5295 5296/5296/5296 5293/5293/5293
f 5293/5293/5293 5296/5296/5296 5294/5294/5294
f 5297/5297/5297 5298/5298/5298 5295/5295/5295
f 5295/5295/5295 5298/5298/5298 5296/5296/5296
f 5299/5299/5299 5282/5282/5282 5300/5300/5300
f 5300/5300/5300 5282/5282/5282 5284/5284/5284
f 5298/5298/5298 5297/5297/5297 5299/5299/5299
f 5299/5299/5299 5297/5297/5297 5282/5282/5282
f 5286/5286/5286 5301/5301/5301 5287/5287/5287
f 5302/5302/5302 5289/5289/5289 5301/5301/5301
f 5301/5301/5301 5289/5289/5289 5287/5287/5287
f 5303/5303/5303 5291/5291/5291 5302/5302/5302
f 5302/5302/5302 5291/5291/5291 5289/5289/5289
f 5304/5304/5304 5293/5293/5293 5303/5303/5303
f 5303/5303/5303 5293/5293/5293 5291/5291/5291
f 5305/5305/5305 5295/5295/5295 5304/5304/5304
f 5304/5304/5304 5295/5295/5295 5293/5293/5293
f 5306/5306/5306 5297/5297/5297 5305/5305/5305
f 5305/5305/5305 5297/5297/5297 5295/5295/5295
f 5297/5297/5297 5306/5306/5306 5282/5282/5282
f 5282/5282/5282 5306/5306/5306 5283/5283/5283
f 5286/5286/5286 5307/5307/5307 5308/5308/5308
f 5309/5309/5309 5310/5310/5310 5307/5307/5307
f 5307/5307/5307 5310/5310/5310 5308/5308/5308
f 5311/5311/5311 5312/5312/5312 5309/5309/5309
f 5309/5309/5309 5312/5312/5312 5310/5310/5310
f 5313/5313/5313 5314/5314/5314 5311/5311/5311
f 5311/5311/5311 5314/5314/5314 5312/5312/5312
f 5315/5315/5315 5316/5316/5316 5313/5313/5313
f 5313/5313/5313 5316/5316/5316 5314/5314/5314
f 5317/5317/5317 5318/5318/5318 5315/5315/5315
f 5315/5315/5315 5318/5318/5318 5316/5316/5316
f 5319/5319/5319 5320/5320/5320 5321/5321/5321
f 5321/5321/5321 5320/5320/5320 5322/5322/5322
f 5318/5318/5318 5317/5317/5317 5319/5319/5319
f 5319/5319/5319 5317/5317/5317 5320/5320/5320
f 5286/5286/5286 5323/5323/5323 5307/5307/5307
f 5324/5324/5324 5309/5309/5309 5323/5323/5323
f 5323/5323/5323 5309/5309/5309 5307/5307/5307
f 5325/5325/5325 5311/5311/5311 5324/5324/5324
f 5324/5324/5324 5311/5311/5311 5309/5309/5309
f 5326/5326/5326 5313/5313/5313 5325/5325/5325
f 5325/5325/5325 5313/5313/5313 5311/5311/5311
f 5327/5327/5327 5315/5315/5315 5326/5326/5326
f 5326/5326/5326 5315/5315/5315 5313/5313/5313
f 5328/5328/5328 5317/5317/5317 5327/5327/5327
f 5327/5327/5327 5317/5317/5317 5315/5315/5315
f 5317/5317/5317 5328/5328/5328 5320/5320/5320
f 5320/5320/5320 5328/5328/5328 5329/5329/5329
f 5320/5320/5320 5329/5329/5329 5322/5322/5322
f 5322/5322/5322 5329/5329/5329 5330/5330/5330
f 5331/5331/5331 5332/5332/5332 5333/5333/5333
f 5333/5333/5333 5332/5332/5332 5334/5334/5334
f 5334/5334/5334 5332/5332/5332 5335/5335/5335
f 5336/5336/5336 5337/5337/5337 5335/5335/5335
f 5335/5335/5335 5337/5337/5337 5334/5334/5334
f 5338/5338/5338 5339/5339/5339 5336/5336/5336
f 5336/5336/5336 5339/5339/5339 5337/5337/5337
f 5331/5331/5331 5333/5333/5333 5340/5340/5340
f 5340/5340/5340 5333/5333/5333 5341/5341/5341
f 5341/5341/5341 5333/5333/5333 5334/5334/5334
f 5337/5337/5337 5342/5342/5342 5334/5334/5334
f 5334/5334/5334 5342/5342/5342 5341/5341/5341
f 5339/5339/5339 5343/5343/5343 5337/5337/5337
f 5337/5337/5337 5343/5343/5343 5342/5342/5342
f 5339/5339/5339 5344/5344/5344 5343/5343/5343
f 5343/5343/5343 5344/5344/5344 5345/5345/5345
f 5346/5346/5346 5344/5344/5344 5338/5338/5338
f 5338/5338/5338 5344/5344/5344 5339/5339/5339
f 5347/5347/5347 5348/5348/5348 5344/5344/5344
f 5344/5344/5344 5348/5348/5348 5345/5345/5345
f 5349/5349/5349 5347/5347/5347 5346/5346/5346
f 5346/5346/5346 5347/5347/5347 5344/5344/5344
f 5350/5350/5350 5351/5351/5351 5347/5347/5347
f 5347/5347/5347 5351/5351/5351 5348/5348/5348
f 5352/5352/5352 5350/5350/5350 5349/5349/5349
f 5349/5349/5349 5350/5350/5350 5347/5347/5347
f 5353/5353/5353 5354/5354/5354 5350/5350/5350
f 5350/5350/5350 5354/5354/5354 5351/5351/5351
f 5355/5355/5355 5353/5353/5353 5352/5352/5352
f 5352/5352/5352 5353/5353/5353 5350/5350/5350
f 5331/5331/5331 5356/5356/5356 5357/5357/5357
f 5357/5357/5357 5356/5356/5356 5358/5358/5358
f 5358/5358/5358 5356/5356/5356 5359/5359/5359
f 5360/5360/5360 5361/5361/5361 5359/5359/5359
f 5359/5359/5359 5361/5361/5361 5358/5358/5358
f 5362/5362/5362 5363/5363/5363 5360/5360/5360
f 5360/5360/5360 5363/5363/5363 5361/5361/5361
f 5331/5331/5331 5357/5357/5357 5364/5364/5364
f 5364/5364/5364 5357/5357/5357 5365/5365/5365
f 5365/5365/5365 5357/5357/5357 5358/5358/5358
f 5361/5361/5361 5366/5366/5366 5358/5358/5358
f 5358/5358/5358 5366/5366/5366 5365/5365/5365
f 5363/5363/5363 5367/5367/5367 5361/5361/5361
f 5361/5361/5361 5367/5367/5367 5366/5366/5366
f 5363/5363/5363 5368/5368/5368 5367/5367/5367
f 5367/5367/5367 5368/5368/5368 5369/5369/5369
f 5362/5362/5362 5370/5370/5370 5363/5363/5363
f 5363/5363/5363 5370/5370/5370 5368/5368/5368
f 5368/5368/5368 5371/5371/5371 5369/5369/5369
f 5369/5369/5369 5371/5371/5371 5372/5372/5372
f 5370/5370/5370 5373/5373/5373 5368/5368/5368
f 5368/5368/5368 5373/5373/5373 5371/5371/5371
f 5374/5374/5374 5375/5375/5375 5371/5371/5371
f 5371/5371/5371 5375/5375/5375 5372/5372/5372
f 5373/5373/5373 5376/5376/5376 5371/5371/5371
f 5371/5371/5371 5376/5376/5376 5374/5374/5374
f 5377/5377/5377 5378/5378/5378 5374/5374/5374
f 5374/5374/5374 5378/5378/5378 5375/5375/5375
f 5376/5376/5376 5379/5379/5379 5374/5374/5374
f 5374/5374/5374 5379/5379/5379 5377/5377/5377
f 5380/5380/5380 5381/5381/5381 5382/5382/5382
f 5382/5382/5382 5381/5381/5381 5383/5383/5383
f 5381/5381/5381 5384/5384/5384 5383/5383/5383
f 5383/5383/5383 5384/5384/5384 5385/5385/5385
f 5381/5381/5381 5380/5380/5380 5386/5386/5386
f 5386/5386/5386 5380/5380/5380 5387/5387/5387
f 5384/5384/5384 5381/5381/5381 5388/5388/5388
f 5388/5388/5388 5381/5381/5381 5386/5386/5386
f 5386/5386/5386 5387/5387/5387 5389/5389/5389
f 5389/5389/5389 5387/5387/5387 5390/5390/5390
f 5388/5388/5388 5386/5386/5386 5391/5391/5391
f 5391/5391/5391 5386/5386/5386 5389/5389/5389
f 5389/5389/5389 5390/5390/5390 5392/5392/5392
f 5392/5392/5392 5390/5390/5390 5393/5393/5393
f 5391/5391/5391 5389/5389/5389 5394/5394/5394
f 5394/5394/5394 5389/5389/5389 5392/5392/5392
f 5392/5392/5392 5393/5393/5393 5395/5395/5395
f 5395/5395/5395 5393/5393/5393 5396/5396/5396
f 5392/5392/5392 5395/5395/5395 5394/5394/5394
f 5394/5394/5394 5395/5395/5395 5397/5397/5397
f 5395/5395/5395 5398/5398/5398 5397/5397/5397
f 5397/5397/5397 5398/5398/5398 5399/5399/5399
f 5396/5396/5396 5400/5400/5400 5395/5395/5395
f 5395/5395/5395 5400/5400/5400 5398/5398/5398
f 5400/5400/5400 5401/5401/5401 5398/5398/5398
f 5398/5398/5398 5401/5401/5401 5402/5402/5402
f 5398/5398/5398 5402/5402/5402 5399/5399/5399
f 5399/5399/5399 5402/5402/5402 5403/5403/5403
f 5401/5401/5401 5404/5404/5404 5402/5402/5402
f 5402/5402/5402 5404/5404/5404 5405/5405/5405
f 5402/5402/5402 5405/5405/5405 5403/5403/5403
f 5403/5403/5403 5405/5405/5405 5406/5406/5406
f 5407/5407/5407 5408/5408/5408 5409/5409/5409
f 5409/5409/5409 5408/5408/5408 5410/5410/5410
f 5411/5411/5411 5407/5407/5407 5412/5412/5412
f 5412/5412/5412 5407/5407/5407 5409/5409/5409
f 5407/5407/5407 5411/5411/5411 5413/5413/5413
f 5413/5413/5413 5411/5411/5411 5414/5414/5414
f 5408/5408/5408 5407/5407/5407 5415/5415/5415
f 5415/5415/5415 5407/5407/5407 5413/5413/5413
f 5413/5413/5413 5414/5414/5414 5416/5416/5416
f 5416/5416/5416 5414/5414/5414 5417/5417/5417
f 5415/5415/5415 5413/5413/5413 5418/5418/5418
f 5418/5418/5418 5413/5413/5413 5416/5416/5416
f 5416/5416/5416 5417/5417/5417 5419/5419/5419
f 5419/5419/5419 5417/5417/5417 5420/5420/5420
f 5418/5418/5418 5416/5416/5416 5421/5421/5421
f 5421/5421/5421 5416/5416/5416 5419/5419/5419
f 5419/5419/5419 5420/5420/5420 5422/5422/5422
f 5422/5422/5422 5420/5420/5420 5423/5423/5423
f 5421/5421/5421 5419/5419/5419 5424/5424/5424
f 5424/5424/5424 5419/5419/5419 5422/5422/5422
f 5423/5423/5423 5425/5425/5425 5422/5422/5422
f 5422/5422/5422 5425/5425/5425 5426/5426/5426
f 5422/5422/5422 5426/5426/5426 5424/5424/5424
f 5424/5424/5424 5426/5426/5426 5427/5427/5427
f 5425/5425/5425 5428/5428/5428 5426/5426/5426
f 5426/5426/5426 5428/5428/5428 5429/5429/5429
f 5426/5426/5426 5429/5429/5429 5427/5427/5427
f 5427/5427/5427 5429/5429/5429 5430/5430/5430
f 5428/5428/5428 5431/5431/5431 5429/5429/5429
f 5429/5429/5429 5431/5431/5431 5432/5432/5432
f 5429/5429/5429 5432/5432/5432 5430/5430/5430
f 5430/5430/5430 5432/5432/5432 5433/5433/5433
f 5434/5434/5434 5435/5435/5435 5436/5436/5436
f 5436/5436/5436 5435/5435/5435 5437/5437/5437
f 5435/5435/5435 5438/5438/5438 5437/5437/5437
f 5437/5437/5437 5438/5438/5438 5439/5439/5439
f 5438/5438/5438 5440/5440/5440 5439/5439/5439
f 5439/5439/5439 5440/5440/5440 5441/5441/5441
f 5442/5442/5442 5436/5436/5436 5443/5443/5443
f 5443/5443/5443 5436/5436/5436 5437/5437/5437
f 5443/5443/5443 5437/5437/5437 5444/5444/5444
f 5444/5444/5444 5437/5437/5437 5439/5439/5439
f 5439/5439/5439 5441/5441/5441 5444/5444/5444
f 5444/5444/5444 5441/5441/5441 5445/5445/5445
f 5445/5445/5445 5441/5441/5441 5446/5446/5446
f 5446/5446/5446 5441/5441/5441 5447/5447/5447
f 5440/5440/5440 5448/5448/5448 5441/5441/5441
f 5441/5441/5441 5448/5448/5448 5447/5447/5447
f 5449/5449/5449 5450/5450/5450 5451/5451/5451
f 5451/5451/5451 5450/5450/5450 5452/5452/5452
f 5451/5451/5451 5452/5452/5452 5453/5453/5453
f 5453/5453/5453 5452/5452/5452 5454/5454/5454
f 5454/5454/5454 5455/5455/5455 5453/5453/5453
f 5453/5453/5453 5455/5455/5455 5456/5456/5456
f 5450/5450/5450 5457/5457/5457 5452/5452/5452
f 5452/5452/5452 5457/5457/5457 5458/5458/5458
f 5452/5452/5452 5458/5458/5458 5454/5454/5454
f 5454/5454/5454 5458/5458/5458 5459/5459/5459
f 5459/5459/5459 5460/5460/5460 5454/5454/5454
f 5454/5454/5454 5460/5460/5460 5455/5455/5455
f 5461/5461/5461 5462/5462/5462 5463/5463/5463
f 5463/5463/5463 5462/5462/5462 5464/5464/5464
f 5462/5462/5462 5465/5465/5465 5464/5464/5464
f 5464/5464/5464 5465/5465/5465 5466/5466/5466
f 5463/5463/5463 5464/5464/5464 5467/5467/5467
f 5467/5467/5467 5464/5464/5464 5468/5468/5468
f 5464/5464/5464 5466/5466/5466 5468/5468/5468
f 5468/5468/5468 5466/5466/5466 5469/5469/5469
f 5468/5468/5468 5470/5470/5470 5467/5467/5467
f 5467/5467/5467 5470/5470/5470 5471/5471/5471
f 5469/5469/5469 5472/5472/5472 5468/5468/5468
f 5468/5468/5468 5472/5472/5472 5470/5470/5470
f 5473/5473/5473 5474/5474/5474 5475/5475/5475
f 5475/5475/5475 5474/5474/5474 5476/5476/5476
f 5477/5477/5477 5478/5478/5478 5479/5479/5479
f 5479/5479/5479 5478/5478/5478 5480/5480/5480
f 5481/5481/5481 5482/5482/5482 5473/5473/5473
f 5473/5473/5473 5482/5482/5482 5474/5474/5474
f 5478/5478/5478 5477/5477/5477 5482/5482/5482
f 5482/5482/5482 5477/5477/5477 5474/5474/5474
f 5483/5483/5483 5477/5477/5477 5484/5484/5484
f 5484/5484/5484 5477/5477/5477 5479/5479/5479
f 5477/5477/5477 5483/5483/5483 5474/5474/5474
f 5474/5474/5474 5483/5483/5483 5476/5476/5476
f 5485/5485/5485 5486/5486/5486 5487/5487/5487
f 5487/5487/5487 5486/5486/5486 5488/5488/5488
f 5489/5489/5489 5490/5490/5490 5491/5491/5491
f 5491/5491/5491 5490/5490/5490 5492/5492/5492
f 5486/5486/5486 5485/5485/5485 5489/5489/5489
f 5489/5489/5489 5485/5485/5485 5490/5490/5490
f 5493/5493/5493 5485/5485/5485 5494/5494/5494
f 5494/5494/5494 5485/5485/5485 5487/5487/5487
f 5490/5490/5490 5485/5485/5485 5495/5495/5495
f 5495/5495/5495 5485/5485/5485 5493/5493/5493
f 5490/5490/5490 5495/5495/5495 5492/5492/5492
f 5492/5492/5492 5495/5495/5495 5496/5496/5496
f 5497/5497/5497 5498/5498/5498 5499/5499/5499
f 5499/5499/5499 5498/5498/5498 5500/5500/5500
f 5501/5501/5501 5502/5502/5502 5497/5497/5497
f 5497/5497/5497 5502/5502/5502 5498/5498/5498
f 5498/5498/5498 5503/5503/5503 5500/5500/5500
f 5500/5500/5500 5503/5503/5503 5504/5504/5504
f 5502/5502/5502 5505/5505/5505 5498/5498/5498
f 5498/5498/5498 5505/5505/5505 5503/5503/5503
f 5506/5506/5506 5507/5507/5507 5503/5503/5503
f 5503/5503/5503 5507/5507/5507 5504/5504/5504
f 5508/5508/5508 5506/5506/5506 5505/5505/5505
f 5505/5505/5505 5506/5506/5506 5503/5503/5503
f 5509/5509/5509 5510/5510/5510 5511/5511/5511
f 5511/5511/5511 5510/5510/5510 5512/5512/5512
f 5513/5513/5513 5514/5514/5514 5509/5509/5509
f 5509/5509/5509 5514/5514/5514 5510/5510/5510
f 5510/5510/5510 5515/5515/5515 5512/5512/5512
f 5512/5512/5512 5515/5515/5515 5516/5516/5516
f 5514/5514/5514 5517/5517/5517 5510/5510/5510
f 5510/5510/5510 5517/5517/5517 5515/5515/5515
f 5518/5518/5518 5519/5519/5519 5515/5515/5515
f 5515/5515/5515 5519/5519/5519 5516/5516/5516
f 5517/5517/5517 5520/5520/5520 5515/5515/5515
f 5515/5515/5515 5520/5520/5520 5518/5518/5518
f 5521/5521/5521 5522/5522/5522 5523/5523/5523
f 5523/5523/5523 5522/5522/5522 5524/5524/5524
f 5525/5525/5525 5526/5526/5526 5521/5521/5521
f 5521/5521/5521 5526/5526/5526 5522/5522/5522
f 5526/5526/5526 5527/5527/5527 5522/5522/5522
f 5522/5522/5522 5527/5527/5527 5528/5528/5528
f 5522/5522/5522 5528/5528/5528 5524/5524/5524
f 5524/5524/5524 5528/5528/5528 5529/5529/5529
f 5527/5527/5527 5530/5530/5530 5528/5528/5528
f 5528/5528/5528 5530/5530/5530 5531/5531/5531
f 5528/5528/5528 5531/5531/5531 5529/5529/5529
f 5529/5529/5529 5531/5531/5531 5532/5532/5532
f 5533/5533/5533 5534/5534/5534 5535/5535/5535
f 5535/5535/5535 5534/5534/5534 5536/5536/5536
f 5535/5535/5535 5536/5536/5536 5537/5537/5537
f 5537/5537/5537 5536/5536/5536 5538/5538/5538
f 5534/5534/5534 5539/5539/5539 5536/5536/5536
f 5536/5536/5536 5539/5539/5539 5540/5540/5540
f 5536/5536/5536 5540/5540/5540 5538/5538/5538
f 5538/5538/5538 5540/5540/5540 5541/5541/5541
f 5539/5539/5539 5542/5542/5542 5540/5540/5540
f 5540/5540/5540 5542/5542/5542 5543/5543/5543
f 5540/5540/5540 5543/5543/5543 5541/5541/5541
f 5541/5541/5541 5543/5543/5543 5544/5544/5544
f 5545/5545/5545 5546/5546/5546 5547/5547/5547
f 5547/5547/5547 5546/5546/5546 5548/5548/5548
f 5548/5548/5548 5549/5549/5549 5547/5547/5547
f 5547/5547/5547 5549/5549/5549 5550/5550/5550
f 5549/5549/5549 5551/5551/5551 5550/5550/5550
f 5550/5550/5550 5551/5551/5551 5552/5552/5552
f 5551/5551/5551 5553/5553/5553 5552/5552/5552
f 5552/5552/5552 5553/5553/5553 5554/5554/5554
f 5555/5555/5555 5545/5545/5545 5556/5556/5556
f 5556/5556/5556 5545/5545/5545 5547/5547/5547
f 5556/5556/5556 5550/5550/5550 5557/5557/5557
f 5557/5557/5557 5552/5552/5552 5558/5558/5558
f 5558/5558/5558 5552/5552/5552 5559/5559/5559
f 5557/5557/5557 5550/5550/5550 5552/5552/5552
f 5559/5559/5559 5552/5552/5552 5554/5554/5554
f 5556/5556/5556 5547/5547/5547 5550/5550/5550
f 5560/5560/5560 5561/5561/5561 5562/5562/5562
f 5562/5562/5562 5561/5561/5561 5563/5563/5563
f 5564/5564/5564 5565/5565/5565 5561/5561/5561
f 5561/5561/5561 5565/5565/5565 5563/5563/5563
f 5566/5566/5566 5567/5567/5567 5564/5564/5564
f 5564/5564/5564 5567/5567/5567 5565/5565/5565
f 5568/5568/5568 5569/5569/5569 5566/5566/5566
f 5566/5566/5566 5569/5569/5569 5567/5567/5567
f 5570/5570/5570 5571/5571/5571 5560/5560/5560
f 5560/5560/5560 5571/5571/5571 5561/5561/5561
f 5572/5572/5572 5564/5564/5564 5571/5571/5571
f 5571/5571/5571 5564/5564/5564 5561/5561/5561
f 5572/5572/5572 5573/5573/5573 5566/5566/5566
f 5573/5573/5573 5574/5574/5574 5566/5566/5566
f 5572/5572/5572 5566/5566/5566 5564/5564/5564
f 5574/5574/5574 5568/5568/5568 5566/5566/5566
f 5575/5575/5575 5576/5576/5576 5577/5577/5577
f 5577/5577/5577 5576/5576/5576 5578/5578/5578
f 5579/5579/5579 5575/5575/5575 5580/5580/5580
f 5580/5580/5580 5575/5575/5575 5577/5577/5577
f 5581/5581/5581 5582/5582/5582 5583/5583/5583
f 5583/5583/5583 5582/5582/5582 5584/5584/5584
f 5585/5585/5585 5581/5581/5581 5586/5586/5586
f 5586/5586/5586 5581/5581/5581 5583/5583/5583
f 5587/5587/5587 5588/5588/5588 5589/5589/5589
f 5589/5589/5589 5588/5588/5588 5590/5590/5590
f 5591/5591/5591 5587/5587/5587 5592/5592/5592
f 5592/5592/5592 5587/5587/5587 5589/5589/5589
f 5593/5593/5593 5594/5594/5594 5595/5595/5595
f 5595/5595/5595 5594/5594/5594 5596/5596/5596
f 5597/5597/5597 5593/5593/5593 5598/5598/5598
f 5598/5598/5598 5593/5593/5593 5595/5595/5595
f 5599/5599/5599 5600/5600/5600 5601/5601/5601
f 5601/5601/5601 5600/5600/5600 5602/5602/5602
f 5603/5603/5603 5601/5601/5601 5604/5604/5604
f 5604/5604/5604 5601/5601/5601 5602/5602/5602
f 5605/5605/5605 5606/5606/5606 5607/5607/5607
f 5607/5607/5607 5606/5606/5606 5608/5608/5608
f 5607/5607/5607 5608/5608/5608 5609/5609/5609
f 5609/5609/5609 5608/5608/5608 5610/5610/5610
f 5611/5611/5611 5612/5612/5612 5613/5613/5613
f 5613/5613/5613 5612/5612/5612 5614/5614/5614
f 5613/5613/5613 5614/5614/5614 5615/5615/5615
f 5615/5615/5615 5614/5614/5614 5616/5616/5616
f 5617/5617/5617 5618/5618/5618 5619/5619/5619
f 5619/5619/5619 5618/5618/5618 5620/5620/5620
f 5621/5621/5621 5619/5619/5619 5622/5622/5622
f 5622/5622/5622 5619/5619/5619 5620/5620/5620
f 5623/5623/5623 5624/5624/5624 5625/5625/5625
f 5625/5625/5625 5624/5624/5624 5626/5626/5626
f 5626/5626/5626 5624/5624/5624 5627/5627/5627
f 5627/5627/5627 5624/5624/5624 5628/5628/5628
f 5629/5629/5629 5630/5630/5630 5626/5626/5626
f 5626/5626/5626 5630/5630/5630 5625/5625/5625
f 5631/5631/5631 5629/5629/5629 5627/5627/5627
f 5627/5627/5627 5629/5629/5629 5626/5626/5626
f 5632/5632/5632 5633/5633/5633 5634/5634/5634
f 5634/5634/5634 5633/5633/5633 5635/5635/5635
f 5635/5635/5635 5633/5633/5633 5636/5636/5636
f 5636/5636/5636 5633/5633/5633 5637/5637/5637
f 5638/5638/5638 5634/5634/5634 5639/5639/5639
f 5639/5639/5639 5634/5634/5634 5635/5635/5635
f 5639/5639/5639 5635/5635/5635 5640/5640/5640
f 5640/5640/5640 5635/5635/5635 5636/5636/5636
f 5638/5638/5638 5639/5639/5639 5641/5641/5641
f 5641/5641/5641 5639/5639/5639 5642/5642/5642
f 5641/5641/5641 5642/5642/5642 5643/5643/5643
f 5643/5643/5643 5642/5642/5642 5644/5644/5644
f 5642/5642/5642 5639/5639/5639 5645/5645/5645
f 5645/5645/5645 5639/5639/5639 5640/5640/5640
f 5644/5644/5644 5642/5642/5642 5646/5646/5646
f 5646/5646/5646 5642/5642/5642 5645/5645/5645
f 5647/5647/5647 5648/5648/5648 5649/5649/5649
f 5649/5649/5649 5648/5648/5648 5650/5650/5650
f 5649/5649/5649 5650/5650/5650 5623/5623/5623
f 5623/5623/5623 5650/5650/5650 5624/5624/5624
f 5650/5650/5650 5648/5648/5648 5651/5651/5651
f 5651/5651/5651 5648/5648/5648 5652/5652/5652
f 5650/5650/5650 5651/5651/5651 5624/5624/5624
f 5624/5624/5624 5651/5651/5651 5628/5628/5628
f 5653/5653/5653 5654/5654/5654 5655/5655/5655
f 5655/5655/5655 5654/5654/5654 5656/5656/5656
f 5656/5656/5656 5657/5657/5657 5655/5655/5655
f 5655/5655/5655 5657/5657/5657 5658/5658/5658
f 5659/5659/5659 5653/5653/5653 5660/5660/5660
f 5660/5660/5660 5653/5653/5653 5655/5655/5655
f 5660/5660/5660 5655/5655/5655 5661/5661/5661
f 5661/5661/5661 5655/5655/5655 5658/5658/5658
f 5662/5662/5662 5663/5663/5663 5664/5664/5664
f 5664/5664/5664 5663/5663/5663 5665/5665/5665
f 5666/5666/5666 5662/5662/5662 5667/5667/5667
f 5667/5667/5667 5662/5662/5662 5664/5664/5664
f 5662/5662/5662 5668/5668/5668 5663/5663/5663
f 5663/5663/5663 5668/5668/5668 5669/5669/5669
f 5670/5670/5670 5668/5668/5668 5666/5666/5666
f 5666/5666/5666 5668/5668/5668 5662/5662/5662
f 5671/5671/5671 5672/5672/5672 5673/5673/5673
f 5673/5673/5673 5672/5672/5672 5674/5674/5674
f 5663/5663/5663 5671/5671/5671 5665/5665/5665
f 5665/5665/5665 5671/5671/5671 5673/5673/5673
f 5671/5671/5671 5675/5675/5675 5672/5672/5672
f 5672/5672/5672 5675/5675/5675 5676/5676/5676
f 5669/5669/5669 5675/5675/5675 5663/5663/5663
f 5663/5663/5663 5675/5675/5675 5671/5671/5671
f 5677/5677/5677 5678/5678/5678 5679/5679/5679
f 5679/5679/5679 5678/5678/5678 5680/5680/5680
f 5681/5681/5681 5682/5682/5682 5677/5677/5677
f 5677/5677/5677 5682/5682/5682 5678/5678/5678
f 5683/5683/5683 5677/5677/5677 5684/5684/5684
f 5684/5684/5684 5677/5677/5677 5679/5679/5679
f 5683/5683/5683 5685/5685/5685 5677/5677/5677
f 5677/5677/5677 5685/5685/5685 5681/5681/5681
f 5686/5686/5686 5687/5687/5687 5688/5688/5688
f 5688/5688/5688 5687/5687/5687 5689/5689/5689
f 5687/5687/5687 5690/5690/5690 5689/5689/5689
f 5689/5689/5689 5690/5690/5690 5691/5691/5691
f 5692/5692/5692 5693/5693/5693 5686/5686/5686
f 5686/5686/5686 5693/5693/5693 5687/5687/5687
f 5693/5693/5693 5694/5694/5694 5687/5687/5687
f 5687/5687/5687 5694/5694/5694 5690/5690/5690
f 5695/5695/5695 5696/5696/5696 5697/5697/5697
f 5697/5697/5697 5696/5696/5696 5698/5698/5698
f 5699/5699/5699 5700/5700/5700 5695/5695/5695
f 5695/5695/5695 5700/5700/5700 5696/5696/5696
f 5696/5696/5696 5701/5701/5701 5698/5698/5698
f 5698/5698/5698 5701/5701/5701 5702/5702/5702
f 5700/5700/5700 5703/5703/5703 5696/5696/5696
f 5696/5696/5696 5703/5703/5703 5701/5701/5701
f 5704/5704/5704 5705/5705/5705 5706/5706/5706
f 5706/5706/5706 5705/5705/5705 5707/5707/5707
f 5708/5708/5708 5704/5704/5704 5709/5709/5709
f 5709/5709/5709 5704/5704/5704 5706/5706/5706
f 5710/5710/5710 5711/5711/5711 5704/5704/5704
f 5704/5704/5704 5711/5711/5711 5705/5705/5705
f 5712/5712/5712 5710/5710/5710 5708/5708/5708
f 5708/5708/5708 5710/5710/5710 5704/5704/5704
f 5713/5713/5713 5714/5714/5714 5715/5715/5715
f 5715/5715/5715 5714/5714/5714 5716/5716/5716
f 5714/5714/5714 5717/5717/5717 5716/5716/5716
f 5716/5716/5716 5717/5717/5717 5718/5718/5718
f 5715/5715/5715 5716/5716/5716 5709/5709/5709
f 5709/5709/5709 5716/5716/5716 5708/5708/5708
f 5716/5716/5716 5718/5718/5718 5708/5708/5708
f 5708/5708/5708 5718/5718/5718 5712/5712/5712
f 5719/5719/5719 5720/5720/5720 5721/5721/5721
f 5721/5721/5721 5720/5720/5720 5722/5722/5722
f 5721/5721/5721 5722/5722/5722 5723/5723/5723
f 5723/5723/5723 5722/5722/5722 5724/5724/5724
f 5725/5725/5725 5719/5719/5719 5726/5726/5726
f 5726/5726/5726 5719/5719/5719 5721/5721/5721
f 5726/5726/5726 5721/5721/5721 5727/5727/5727
f 5727/5727/5727 5721/5721/5721 5723/5723/5723
f 5728/5728/5728 5729/5729/5729 5730/5730/5730
f 5730/5730/5730 5729/5729/5729 5731/5731/5731
f 5728/5728/5728 5730/5730/5730 5720/5720/5720
f 5720/5720/5720 5730/5730/5730 5722/5722/5722
f 5730/5730/5730 5731/5731/5731 5732/5732/5732
f 5732/5732/5732 5731/5731/5731 5733/5733/5733
f 5730/5730/5730 5732/5732/5732 5722/5722/5722
f 5722/5722/5722 5732/5732/5732 5724/5724/5724
f 5734/5734/5734 5735/5735/5735 5736/5736/5736
f 5736/5736/5736 5735/5735/5735 5737/5737/5737
f 5738/5738/5738 5734/5734/5734 5739/5739/5739
f 5739/5739/5739 5734/5734/5734 5736/5736/5736
f 5736/5736/5736 5737/5737/5737 5740/5740/5740
f 5740/5740/5740 5737/5737/5737 5741/5741/5741
f 5739/5739/5739 5736/5736/5736 5742/5742/5742
f 5742/5742/5742 5736/5736/5736 5740/5740/5740
f 5743/5743/5743 5744/5744/5744 5745/5745/5745
f 5745/5745/5745 5744/5744/5744 5746/5746/5746
f 5746/5746/5746 5747/5747/5747 5745/5745/5745
f 5745/5745/5745 5747/5747/5747 5748/5748/5748
f 5749/5749/5749 5743/5743/5743 5750/5750/5750
f 5750/5750/5750 5743/5743/5743 5745/5745/5745
f 5745/5745/5745 5748/5748/5748 5750/5750/5750
f 5750/5750/5750 5748/5748/5748 5751/5751/5751
f 5752/5752/5752 5753/5753/5753 5754/5754/5754
f 5754/5754/5754 5753/5753/5753 5755/5755/5755
f 5754/5754/5754 5755/5755/5755 5756/5756/5756
f 5756/5756/5756 5755/5755/5755 5757/5757/5757
f 5758/5758/5758 5752/5752/5752 5759/5759/5759
f 5759/5759/5759 5752/5752/5752 5754/5754/5754
f 5759/5759/5759 5754/5754/5754 5760/5760/5760
f 5760/5760/5760 5754/5754/5754 5756/5756/5756
f 5761/5761/5761 5762/5762/5762 5763/5763/5763
f 5763/5763/5763 5762/5762/5762 5764/5764/5764
f 5765/5765/5765 5761/5761/5761 5766/5766/5766
f 5766/5766/5766 5761/5761/5761 5763/5763/5763
f 5763/5763/5763 5764/5764/5764 5767/5767/5767
f 5767/5767/5767 5764/5764/5764 5768/5768/5768
f 5766/5766/5766 5763/5763/5763 5769/5769/5769
f 5769/5769/5769 5763/5763/5763 5767/5767/5767
f 5770/5770/5770 5771/5771/5771 5772/5772/5772
f 5772/5772/5772 5771/5771/5771 5773/5773/5773
f 5772/5772/5772 5773/5773/5773 5774/5774/5774
f 5774/5774/5774 5773/5773/5773 5775/5775/5775
f 5771/5771/5771 5776/5776/5776 5773/5773/5773
f 5773/5773/5773 5776/5776/5776 5777/5777/5777
f 5773/5773/5773 5777/5777/5777 5775/5775/5775
f 5775/5775/5775 5777/5777/5777 5778/5778/5778
f 5779/5779/5779 5780/5780/5780 5781/5781/5781
f 5781/5781/5781 5780/5780/5780 5782/5782/5782
f 5783/5783/5783 5784/5784/5784 5779/5779/5779
f 5779/5779/5779 5784/5784/5784 5780/5780/5780
f 5775/5775/5775 5779/5779/5779 5774/5774/5774
f 5774/5774/5774 5779/5779/5779 5781/5781/5781
f 5778/5778/5778 5783/5783/5783 5775/5775/5775
f 5775/5775/5775 5783/5783/5783 5779/5779/5779
f 5785/5785/5785 5786/5786/5786 5787/5787/5787
f 5787/5787/5787 5786/5786/5786 5788/5788/5788
f 5786/5786/5786 5789/5789/5789 5788/5788/5788
f 5788/5788/5788 5789/5789/5789 5790/5790/5790
f 5786/5786/5786 5785/5785/5785 5791/5791/5791
f 5791/5791/5791 5785/5785/5785 5792/5792/5792
f 5789/5789/5789 5786/5786/5786 5793/5793/5793
f 5793/5793/5793 5786/5786/5786 5791/5791/5791
f 5794/5794/5794 5795/5795/5795 5796/5796/5796
f 5796/5796/5796 5795/5795/5795 5797/5797/5797
f 5788/5788/5788 5795/5795/5795 5787/5787/5787
f 5787/5787/5787 5795/5795/5795 5794/5794/5794
f 5795/5795/5795 5798/5798/5798 5797/5797/5797
f 5797/5797/5797 5798/5798/5798 5799/5799/5799
f 5790/5790/5790 5798/5798/5798 5788/5788/5788
f 5788/5788/5788 5798/5798/5798 5795/5795/5795
f 5800/5800/5800 5801/5801/5801 5802/5802/5802
f 5802/5802/5802 5801/5801/5801 5803/5803/5803
f 5804/5804/5804 5805/5805/5805 5800/5800/5800
f 5800/5800/5800 5805/5805/5805 5801/5801/5801
f 5801/5801/5801 5806/5806/5806 5803/5803/5803
f 5803/5803/5803 5806/5806/5806 5807/5807/5807
f 5805/5805/5805 5808/5808/5808 5801/5801/5801
f 5801/5801/5801 5808/5808/5808 5806/5806/5806
f 5809/5809/5809 5810/5810/5810 5811/5811/5811
f 5811/5811/5811 5810/5810/5810 5812/5812/5812
f 5813/5813/5813 5814/5814/5814 5810/5810/5810
f 5810/5810/5810 5814/5814/5814 5812/5812/5812
f 5815/5815/5815 5816/5816/5816 5809/5809/5809
f 5809/5809/5809 5816/5816/5816 5810/5810/5810
f 5817/5817/5817 5813/5813/5813 5816/5816/5816
f 5816/5816/5816 5813/5813/5813 5810/5810/5810
f 5818/5818/5818 5819/5819/5819 5820/5820/5820
f 5820/5820/5820 5819/5819/5819 5821/5821/5821
f 5818/5818/5818 5822/5822/5822 5819/5819/5819
f 5819/5819/5819 5822/5822/5822 5823/5823/5823
f 5824/5824/5824 5818/5818/5818 5825/5825/5825
f 5825/5825/5825 5818/5818/5818 5820/5820/5820
f 5826/5826/5826 5822/5822/5822 5824/5824/5824
f 5824/5824/5824 5822/5822/5822 5818/5818/5818
f 5827/5827/5827 5828/5828/5828 5829/5829/5829
f 5829/5829/5829 5828/5828/5828 5830/5830/5830
f 5827/5827/5827 5831/5831/5831 5828/5828/5828
f 5828/5828/5828 5831/5831/5831 5832/5832/5832
f 5833/5833/5833 5834/5834/5834 5829/5829/5829
f 5829/5829/5829 5834/5834/5834 5827/5827/5827
f 5834/5834/5834 5835/5835/5835 5827/5827/5827
f 5827/5827/5827 5835/5835/5835 5831/5831/5831
f 5836/5836/5836 5834/5834/5834 5837/5837/5837
f 5837/5837/5837 5834/5834/5834 5833/5833/5833
f 5838/5838/5838 5836/5836/5836 5839/5839/5839
f 5839/5839/5839 5836/5836/5836 5837/5837/5837
f 5836/5836/5836 5840/5840/5840 5834/5834/5834
f 5834/5834/5834 5840/5840/5840 5835/5835/5835
f 5838/5838/5838 5841/5841/5841 5836/5836/5836
f 5836/5836/5836 5841/5841/5841 5840/5840/5840
f 5842/5842/5842 5843/5843/5843 5844/5844/5844
f 5844/5844/5844 5843/5843/5843 5845/5845/5845
f 5819/5819/5819 5842/5842/5842 5821/5821/5821
f 5821/5821/5821 5842/5842/5842 5844/5844/5844
f 5842/5842/5842 5846/5846/5846 5843/5843/5843
f 5843/5843/5843 5846/5846/5846 5847/5847/5847
f 5823/5823/5823 5846/5846/5846 5819/5819/5819
f 5819/5819/5819 5846/5846/5846 5842/5842/5842
f 5848/5848/5848 5849/5849/5849 5850/5850/5850
f 5850/5850/5850 5849/5849/5849 5851/5851/5851
f 5852/5852/5852 5853/5853/5853 5849/5849/5849
f 5849/5849/5849 5853/5853/5853 5851/5851/5851
f 5854/5854/5854 5855/5855/5855 5848/5848/5848
f 5848/5848/5848 5855/5855/5855 5849/5849/5849
f 5855/5855/5855 5856/5856/5856 5849/5849/5849
f 5849/5849/5849 5856/5856/5856 5852/5852/5852
f 5857/5857/5857 5858/5858/5858 5859/5859/5859
f 5859/5859/5859 5858/5858/5858 5860/5860/5860
f 5859/5859/5859 5860/5860/5860 5861/5861/5861
f 5861/5861/5861 5860/5860/5860 5862/5862/5862
f 5860/5860/5860 5858/5858/5858 5863/5863/5863
f 5863/5863/5863 5858/5858/5858 5864/5864/5864
f 5860/5860/5860 5863/5863/5863 5862/5862/5862
f 5862/5862/5862 5863/5863/5863 5865/5865/5865
f 5866/5866/5866 5867/5867/5867 5868/5868/5868
f 5868/5868/5868 5867/5867/5867 5869/5869/5869
f 5868/5868/5868 5869/5869/5869 5857/5857/5857
f 5857/5857/5857 5869/5869/5869 5858/5858/5858
f 5869/5869/5869 5867/5867/5867 5870/5870/5870
f 5870/5870/5870 5867/5867/5867 5871/5871/5871
f 5869/5869/5869 5870/5870/5870 5858/5858/5858
f 5858/5858/5858 5870/5870/5870 5864/5864/5864
f 5872/5872/5872 5873/5873/5873 5874/5874/5874
f 5874/5874/5874 5873/5873/5873 5875/5875/5875
f 5873/5873/5873 5876/5876/5876 5875/5875/5875
f 5875/5875/5875 5876/5876/5876 5877/5877/5877
f 5874/5874/5874 5875/5875/5875 5878/5878/5878
f 5878/5878/5878 5875/5875/5875 5879/5879/5879
f 5879/5879/5879 5875/5875/5875 5880/5880/5880
f 5880/5880/5880 5875/5875/5875 5877/5877/5877
f 5881/5881/5881 5882/5882/5882 5883/5883/5883
f 5884/5884/5884 5885/5885/5885 5883/5883/5883
f 5883/5883/5883 5885/5885/5885 5886/5886/5886
f 5885/5885/5885 5887/5887/5887 5886/5886/5886
f 5886/5886/5886 5887/5887/5887 5888/5888/5888
f 5887/5887/5887 5889/5889/5889 5888/5888/5888
f 5888/5888/5888 5889/5889/5889 5890/5890/5890
f 5889/5889/5889 5891/5891/5891 5890/5890/5890
f 5890/5890/5890 5891/5891/5891 5892/5892/5892
f 5891/5891/5891 5893/5893/5893 5892/5892/5892
f 5892/5892/5892 5893/5893/5893 5894/5894/5894
f 5893/5893/5893 5895/5895/5895 5894/5894/5894
f 5894/5894/5894 5895/5895/5895 5896/5896/5896
f 5895/5895/5895 5897/5897/5897 5896/5896/5896
f 5896/5896/5896 5897/5897/5897 5898/5898/5898
f 5881/5881/5881 5883/5883/5883 5899/5899/5899
f 5899/5899/5899 5883/5883/5883 5900/5900/5900
f 5883/5883/5883 5886/5886/5886 5900/5900/5900
f 5900/5900/5900 5886/5886/5886 5901/5901/5901
f 5886/5886/5886 5888/5888/5888 5901/5901/5901
f 5901/5901/5901 5888/5888/5888 5902/5902/5902
f 5888/5888/5888 5890/5890/5890 5902/5902/5902
f 5902/5902/5902 5890/5890/5890 5903/5903/5903
f 5890/5890/5890 5892/5892/5892 5903/5903/5903
f 5903/5903/5903 5892/5892/5892 5904/5904/5904
f 5904/5904/5904 5892/5892/5892 5905/5905/5905
f 5894/5894/5894 5896/5896/5896 5905/5905/5905
f 5905/5905/5905 5896/5896/5896 5906/5906/5906
f 5896/5896/5896 5898/5898/5898 5906/5906/5906
f 5906/5906/5906 5898/5898/5898 5907/5907/5907
f 5882/5882/5882 5884/5884/5884 5883/5883/5883
f 5908/5908/5908 5909/5909/5909 5910/5910/5910
f 5910/5910/5910 5909/5909/5909 5911/5911/5911
f 5908/5908/5908 5910/5910/5910 5912/5912/5912
f 5912/5912/5912 5910/5910/5910 5913/5913/5913
f 5911/5911/5911 5914/5914/5914 5910/5910/5910
f 5910/5910/5910 5914/5914/5914 5915/5915/5915
f 5910/5910/5910 5915/5915/5915 5913/5913/5913
f 5913/5913/5913 5915/5915/5915 5916/5916/5916
f 5914/5914/5914 5917/5917/5917 5915/5915/5915
f 5915/5915/5915 5917/5917/5917 5918/5918/5918
f 5915/5915/5915 5918/5918/5918 5916/5916/5916
f 5916/5916/5916 5918/5918/5918 5919/5919/5919
f 5917/5917/5917 5920/5920/5920 5918/5918/5918
f 5918/5918/5918 5920/5920/5920 5921/5921/5921
f 5918/5918/5918 5921/5921/5921 5919/5919/5919
f 5919/5919/5919 5921/5921/5921 5922/5922/5922
f 5920/5920/5920 5923/5923/5923 5921/5921/5921
f 5921/5921/5921 5923/5923/5923 5924/5924/5924
f 5921/5921/5921 5924/5924/5924 5922/5922/5922
f 5922/5922/5922 5924/5924/5924 5925/5925/5925
f 5923/5923/5923 5926/5926/5926 5924/5924/5924
f 5924/5924/5924 5926/5926/5926 5927/5927/5927
f 5924/5924/5924 5927/5927/5927 5925/5925/5925
f 5925/5925/5925 5927/5927/5927 5928/5928/5928
f 5926/5926/5926 5929/5929/5929 5927/5927/5927
f 5927/5927/5927 5929/5929/5929 5930/5930/5930
f 5927/5927/5927 5930/5930/5930 5928/5928/5928
f 5928/5928/5928 5930/5930/5930 5931/5931/5931
f 5929/5929/5929 5932/5932/5932 5930/5930/5930
f 5930/5930/5930 5932/5932/5932 5933/5933/5933
f 5930/5930/5930 5933/5933/5933 5931/5931/5931
f 5931/5931/5931 5933/5933/5933 5934/5934/5934
f 5935/5935/5935 5936/5936/5936 5937/5937/5937
f 5937/5937/5937 5936/5936/5936 5938/5938/5938
f 5939/5939/5939 5937/5937/5937 5940/5940/5940
f 5940/5940/5940 5937/5937/5937 5938/5938/5938
f 5936/5936/5936 5941/5941/5941 5938/5938/5938
f 5938/5938/5938 5941/5941/5941 5942/5942/5942
f 5940/5940/5940 5938/5938/5938 5943/5943/5943
f 5943/5943/5943 5938/5938/5938 5942/5942/5942
f 5941/5941/5941 5944/5944/5944 5942/5942/5942
f 5942/5942/5942 5944/5944/5944 5945/5945/5945
f 5942/5942/5942 5945/5945/5945 5943/5943/5943
f 5943/5943/5943 5945/5945/5945 5946/5946/5946
f 5944/5944/5944 5947/5947/5947 5945/5945/5945
f 5945/5945/5945 5947/5947/5947 5948/5948/5948
f 5945/5945/5945 5948/5948/5948 5946/5946/5946
f 5946/5946/5946 5948/5948/5948 5949/5949/5949
f 5947/5947/5947 5950/5950/5950 5948/5948/5948
f 5948/5948/5948 5950/5950/5950 5951/5951/5951
f 5948/5948/5948 5951/5951/5951 5949/5949/5949
f 5949/5949/5949 5951/5951/5951 5952/5952/5952
f 5950/5950/5950 5953/5953/5953 5951/5951/5951
f 5951/5951/5951 5953/5953/5953 5954/5954/5954
f 5951/5951/5951 5954/5954/5954 5952/5952/5952
f 5952/5952/5952 5954/5954/5954 5955/5955/5955
f 5953/5953/5953 5956/5956/5956 5954/5954/5954
f 5954/5954/5954 5956/5956/5956 5957/5957/5957
f 5954/5954/5954 5957/5957/5957 5955/5955/5955
f 5955/5955/5955 5957/5957/5957 5958/5958/5958
f 5956/5956/5956 5959/5959/5959 5957/5957/5957
f 5957/5957/5957 5959/5959/5959 5960/5960/5960
f 5957/5957/5957 5960/5960/5960 5958/5958/5958
f 5958/5958/5958 5960/5960/5960 5961/5961/5961
f 5962/5962/5962 5963/5963/5963 5964/5964/5964
f 5963/5963/5963 5965/5965/5965 5964/5964/5964
f 5964/5964/5964 5965/5965/5965 5966/5966/5966
f 5965/5965/5965 5967/5967/5967 5966/5966/5966
f 5966/5966/5966 5967/5967/5967 5968/5968/5968
f 5967/5967/5967 5969/5969/5969 5968/5968/5968
f 5968/5968/5968 5969/5969/5969 5970/5970/5970
f 5969/5969/5969 5971/5971/5971 5970/5970/5970
f 5970/5970/5970 5971/5971/5971 5972/5972/5972
f 5971/5971/5971 5973/5973/5973 5972/5972/5972
f 5972/5972/5972 5973/5973/5973 5974/5974/5974
f 5973/5973/5973 5975/5975/5975 5974/5974/5974
f 5974/5974/5974 5975/5975/5975 5976/5976/5976
f 5977/5977/5977 5976/5976/5976 5978/5978/5978
f 5978/5978/5978 5976/5976/5976 5975/5975/5975
f 5978/5978/5978 5979/5979/5979 5977/5977/5977
f 5977/5977/5977 5979/5979/5979 5980/5980/5980
f 5962/5962/5962 5981/5981/5981 5963/5963/5963
f 5981/5981/5981 5982/5982/5982 5963/5963/5963
f 5963/5963/5963 5982/5982/5982 5965/5965/5965
f 5982/5982/5982 5983/5983/5983 5965/5965/5965
f 5965/5965/5965 5983/5983/5983 5967/5967/5967
f 5983/5983/5983 5984/5984/5984 5967/5967/5967
f 5967/5967/5967 5984/5984/5984 5969/5969/5969
f 5984/5984/5984 5985/5985/5985 5969/5969/5969
f 5969/5969/5969 5985/5985/5985 5971/5971/5971
f 5985/5985/5985 5986/5986/5986 5971/5971/5971
f 5971/5971/5971 5986/5986/5986 5973/5973/5973
f 5986/5986/5986 5975/5975/5975 5973/5973/5973
f 5986/5986/5986 5987/5987/5987 5975/5975/5975
f 5987/5987/5987 5978/5978/5978 5975/5975/5975
f 5987/5987/5987 5988/5988/5988 5978/5978/5978
f 5978/5978/5978 5988/5988/5988 5979/5979/5979
f 5962/5962/5962 5989/5989/5989 5990/5990/5990
f 5991/5991/5991 5992/5992/5992 5989/5989/5989
f 5989/5989/5989 5992/5992/5992 5990/5990/5990
f 5991/5991/5991 5993/5993/5993 5992/5992/5992
f 5991/5991/5991 5994/5994/5994 5993/5993/5993
f 5993/5993/5993 5994/5994/5994 5995/5995/5995
f 5996/5996/5996 5997/5997/5997 5994/5994/5994
f 5994/5994/5994 5997/5997/5997 5995/5995/5995
f 5996/5996/5996 5998/5998/5998 5997/5997/5997
f 5999/5999/5999 6000/6000/6000 5996/5996/5996
f 5996/5996/5996 6000/6000/6000 5998/5998/5998
f 5999/5999/5999 6001/6001/6001 6000/6000/6000
f 6002/6002/6002 6003/6003/6003 5999/5999/5999
f 5999/5999/5999 6003/6003/6003 6001/6001/6001
f 6004/6004/6004 6005/6005/6005 6002/6002/6002
f 6002/6002/6002 6005/6005/6005 6003/6003/6003
f 6006/6006/6006 6007/6007/6007 6004/6004/6004
f 6004/6004/6004 6007/6007/6007 6005/6005/6005
f 6008/6008/6008 6009/6009/6009 6006/6006/6006
f 6006/6006/6006 6009/6009/6009 6007/6007/6007
f 5962/5962/5962 6010/6010/6010 5989/5989/5989
f 5991/5991/5991 5989/5989/5989 6011/6011/6011
f 6011/6011/6011 5989/5989/5989 6010/6010/6010
f 5994/5994/5994 5991/5991/5991 6012/6012/6012
f 6012/6012/6012 5991/5991/5991 6011/6011/6011
f 5996/5996/5996 5994/5994/5994 6013/6013/6013
f 6013/6013/6013 5994/5994/5994 6012/6012/6012
f 5999/5999/5999 5996/5996/5996 6014/6014/6014
f 6014/6014/6014 5996/5996/5996 6013/6013/6013
f 6002/6002/6002 5999/5999/5999 6015/6015/6015
f 6015/6015/6015 5999/5999/5999 6014/6014/6014
f 6004/6004/6004 6002/6002/6002 6016/6016/6016
f 6016/6016/6016 6002/6002/6002 6015/6015/6015
f 6017/6017/6017 6006/6006/6006 6016/6016/6016
f 6016/6016/6016 6006/6006/6006 6004/6004/6004
f 6008/6008/6008 6006/6006/6006 6018/6018/6018
f 6018/6018/6018 6006/6006/6006 6017/6017/6017
f 6019/6019/6019 6020/6020/6020 6021/6021/6021
f 6021/6021/6021 6020/6020/6020 6022/6022/6022
f 6019/6019/6019 6021/6021/6021 6023/6023/6023
f 6023/6023/6023 6021/6021/6021 6024/6024/6024
f 6021/6021/6021 6025/6025/6025 6024/6024/6024
f 6024/6024/6024 6025/6025/6025 6026/6026/6026
f 6022/6022/6022 6027/6027/6027 6021/6021/6021
f 6021/6021/6021 6027/6027/6027 6025/6025/6025
f 6025/6025/6025 6028/6028/6028 6026/6026/6026
f 6026/6026/6026 6028/6028/6028 6029/6029/6029
f 6027/6027/6027 6030/6030/6030 6025/6025/6025
f 6025/6025/6025 6030/6030/6030 6028/6028/6028
f 6028/6028/6028 6031/6031/6031 6029/6029/6029
f 6029/6029/6029 6031/6031/6031 6032/6032/6032
f 6030/6030/6030 6033/6033/6033 6028/6028/6028
f 6028/6028/6028 6033/6033/6033 6031/6031/6031
f 6031/6031/6031 6034/6034/6034 6032/6032/6032
f 6032/6032/6032 6034/6034/6034 6035/6035/6035
f 6033/6033/6033 6036/6036/6036 6031/6031/6031
f 6031/6031/6031 6036/6036/6036 6034/6034/6034
f 6037/6037/6037 6038/6038/6038 6034/6034/6034
f 6034/6034/6034 6038/6038/6038 6035/6035/6035
f 6036/6036/6036 6039/6039/6039 6034/6034/6034
f 6034/6034/6034 6039/6039/6039 6037/6037/6037
f 6040/6040/6040 6041/6041/6041 6037/6037/6037
f 6037/6037/6037 6041/6041/6041 6038/6038/6038
f 6042/6042/6042 6040/6040/6040 6039/6039/6039
f 6039/6039/6039 6040/6040/6040 6037/6037/6037
f 6043/6043/6043 6044/6044/6044 6040/6040/6040
f 6040/6040/6040 6044/6044/6044 6041/6041/6041
f 6045/6045/6045 6043/6043/6043 6042/6042/6042
f 6042/6042/6042 6043/6043/6043 6040/6040/6040
f 6046/6046/6046 6047/6047/6047 6043/6043/6043
f 6043/6043/6043 6047/6047/6047 6044/6044/6044
f 6048/6048/6048 6046/6046/6046 6045/6045/6045
f 6045/6045/6045 6046/6046/6046 6043/6043/6043
f 6049/6049/6049 6050/6050/6050 6046/6046/6046
f 6046/6046/6046 6050/6050/6050 6047/6047/6047
f 6051/6051/6051 6049/6049/6049 6048/6048/6048
f 6048/6048/6048 6049/6049/6049 6046/6046/6046
f 6052/6052/6052 6053/6053/6053 6049/6049/6049
f 6049/6049/6049 6053/6053/6053 6050/6050/6050
f 6054/6054/6054 6052/6052/6052 6051/6051/6051
f 6051/6051/6051 6052/6052/6052 6049/6049/6049
f 6055/6055/6055 6056/6056/6056 6052/6052/6052
f 6052/6052/6052 6056/6056/6056 6053/6053/6053
f 6057/6057/6057 6055/6055/6055 6054/6054/6054
f 6054/6054/6054 6055/6055/6055 6052/6052/6052
f 6058/6058/6058 6059/6059/6059 6060/6060/6060
f 6060/6060/6060 6059/6059/6059 6061/6061/6061
f 6059/6059/6059 6062/6062/6062 6061/6061/6061
f 6061/6061/6061 6062/6062/6062 6063/6063/6063
f 6060/6060/6060 6061/6061/6061 6064/6064/6064
f 6064/6064/6064 6061/6061/6061 6065/6065/6065
f 6066/6066/6066 6065/6065/6065 6063/6063/6063
f 6063/6063/6063 6065/6065/6065 6061/6061/6061
f 6067/6067/6067 6068/6068/6068 6063/6063/6063
f 6063/6063/6063 6068/6068/6068 6066/6066/6066
f 6069/6069/6069 6067/6067/6067 6062/6062/6062
f 6062/6062/6062 6067/6067/6067 6063/6063/6063
f 6070/6070/6070 6071/6071/6071 6067/6067/6067
f 6067/6067/6067 6071/6071/6071 6068/6068/6068
f 6072/6072/6072 6070/6070/6070 6069/6069/6069
f 6069/6069/6069 6070/6070/6070 6067/6067/6067
f 6073/6073/6073 6074/6074/6074 6070/6070/6070
f 6070/6070/6070 6074/6074/6074 6071/6071/6071
f 6075/6075/6075 6073/6073/6073 6072/6072/6072
f 6072/6072/6072 6073/6073/6073 6070/6070/6070
f 6076/6076/6076 6077/6077/6077 6073/6073/6073
f 6073/6073/6073 6077/6077/6077 6074/6074/6074
f 6078/6078/6078 6076/6076/6076 6075/6075/6075
f 6075/6075/6075 6076/6076/6076 6073/6073/6073
f 6079/6079/6079 6080/6080/6080 6076/6076/6076
f 6076/6076/6076 6080/6080/6080 6077/6077/6077
f 6081/6081/6081 6079/6079/6079 6078/6078/6078
f 6078/6078/6078 6079/6079/6079 6076/6076/6076
f 6082/6082/6082 6083/6083/6083 6079/6079/6079
f 6079/6079/6079 6083/6083/6083 6080/6080/6080
f 6084/6084/6084 6082/6082/6082 6081/6081/6081
f 6081/6081/6081 6082/6082/6082 6079/6079/6079
f 6085/6085/6085 6086/6086/6086 6082/6082/6082
f 6082/6082/6082 6086/6086/6086 6083/6083/6083
f 6087/6087/6087 6085/6085/6085 6084/6084/6084
f 6084/6084/6084 6085/6085/6085 6082/6082/6082
f 6088/6088/6088 6089/6089/6089 6085/6085/6085
f 6085/6085/6085 6089/6089/6089 6086/6086/6086
f 6090/6090/6090 6088/6088/6088 6087/6087/6087
f 6087/6087/6087 6088/6088/6088 6085/6085/6085
f 6091/6091/6091 6092/6092/6092 6088/6088/6088
f 6088/6088/6088 6092/6092/6092 6089/6089/6089
f 6093/6093/6093 6091/6091/6091 6090/6090/6090
f 6090/6090/6090 6091/6091/6091 6088/6088/6088
f 6094/6094/6094 6095/6095/6095 6091/6091/6091
f 6091/6091/6091 6095/6095/6095 6092/6092/6092
f 6096/6096/6096 6094/6094/6094 6093/6093/6093
f 6093/6093/6093 6094/6094/6094 6091/6091/6091
f 6097/6097/6097 6098/6098/6098 6099/6099/6099
f 6099/6099/6099 6098/6098/6098 6100/6100/6100
f 6098/6098/6098 6101/6101/6101 6100/6100/6100
f 6100/6100/6100 6101/6101/6101 6102/6102/6102
f 6103/6103/6103 6104/6104/6104 6101/6101/6101
f 6101/6101/6101 6104/6104/6104 6102/6102/6102
f 6105/6105/6105 6106/6106/6106 6103/6103/6103
f 6103/6103/6103 6106/6106/6106 6104/6104/6104
f 6107/6107/6107 6108/6108/6108 6105/6105/6105
f 6105/6105/6105 6108/6108/6108 6106/6106/6106
f 6109/6109/6109 6110/6110/6110 6107/6107/6107
f 6107/6107/6107 6110/6110/6110 6108/6108/6108
f 6111/6111/6111 6112/6112/6112 6109/6109/6109
f 6109/6109/6109 6112/6112/6112 6110/6110/6110
f 6113/6113/6113 6114/6114/6114 6111/6111/6111
f 6111/6111/6111 6114/6114/6114 6112/6112/6112
f 6115/6115/6115 6116/6116/6116 6113/6113/6113
f 6113/6113/6113 6116/6116/6116 6114/6114/6114
f 6117/6117/6117 6118/6118/6118 6115/6115/6115
f 6115/6115/6115 6118/6118/6118 6116/6116/6116
f 6117/6117/6117 6119/6119/6119 6118/6118/6118
f 6118/6118/6118 6119/6119/6119 6120/6120/6120
f 6121/6121/6121 6122/6122/6122 6119/6119/6119
f 6119/6119/6119 6122/6122/6122 6120/6120/6120
f 6123/6123/6123 6124/6124/6124 6097/6097/6097
f 6097/6097/6097 6124/6124/6124 6098/6098/6098
f 6124/6124/6124 6125/6125/6125 6098/6098/6098
f 6098/6098/6098 6125/6125/6125 6101/6101/6101
f 6125/6125/6125 6126/6126/6126 6101/6101/6101
f 6101/6101/6101 6126/6126/6126 6103/6103/6103
f 6127/6127/6127 6105/6105/6105 6126/6126/6126
f 6126/6126/6126 6105/6105/6105 6103/6103/6103
f 6128/6128/6128 6107/6107/6107 6127/6127/6127
f 6127/6127/6127 6107/6107/6107 6105/6105/6105
f 6129/6129/6129 6109/6109/6109 6128/6128/6128
f 6128/6128/6128 6109/6109/6109 6107/6107/6107
f 6130/6130/6130 6111/6111/6111 6129/6129/6129
f 6129/6129/6129 6111/6111/6111 6109/6109/6109
f 6131/6131/6131 6113/6113/6113 6130/6130/6130
f 6130/6130/6130 6113/6113/6113 6111/6111/6111
f 6132/6132/6132 6115/6115/6115 6131/6131/6131
f 6131/6131/6131 6115/6115/6115 6113/6113/6113
f 6132/6132/6132 6133/6133/6133 6115/6115/6115
f 6134/6134/6134 6119/6119/6119 6133/6133/6133
f 6133/6133/6133 6119/6119/6119 6117/6117/6117
f 6134/6134/6134 6135/6135/6135 6119/6119/6119
f 6119/6119/6119 6135/6135/6135 6121/6121/6121
f 6115/6115/6115 6133/6133/6133 6117/6117/6117
f 5905/5905/5905 5892/5892/5892 5894/5894/5894
f 6136/6136/6136 6137/6137/6137 6138/6138/6138
f 6138/6138/6138 6137/6137/6137 6139/6139/6139
f 6140/6140/6140 6141/6141/6141 6137/6137/6137
f 6137/6137/6137 6141/6141/6141 6139/6139/6139
f 6142/6142/6142 6143/6143/6143 6140/6140/6140
f 6140/6140/6140 6143/6143/6143 6141/6141/6141
f 6144/6144/6144 6145/6145/6145 6142/6142/6142
f 6142/6142/6142 6145/6145/6145 6143/6143/6143
f 6146/6146/6146 6147/6147/6147 6136/6136/6136
f 6136/6136/6136 6147/6147/6147 6137/6137/6137
f 6147/6147/6147 6148/6148/6148 6140/6140/6140
f 6148/6148/6148 6149/6149/6149 6142/6142/6142
f 6149/6149/6149 6150/6150/6150 6142/6142/6142
f 6148/6148/6148 6142/6142/6142 6140/6140/6140
f 6150/6150/6150 6144/6144/6144 6142/6142/6142
f 6147/6147/6147 6140/6140/6140 6137/6137/6137
f 6151/6151/6151 6152/6152/6152 6153/6153/6153
f 6153/6153/6153 6152/6152/6152 6154/6154/6154
f 6154/6154/6154 6155/6155/6155 6153/6153/6153
f 6153/6153/6153 6155/6155/6155 6156/6156/6156
f 6155/6155/6155 6157/6157/6157 6156/6156/6156
f 6156/6156/6156 6157/6157/6157 6158/6158/6158
f 6157/6157/6157 6159/6159/6159 6158/6158/6158
f 6158/6158/6158 6159/6159/6159 6160/6160/6160
f 6161/6161/6161 6151/6151/6151 6162/6162/6162
f 6162/6162/6162 6151/6151/6151 6153/6153/6153
f 6153/6153/6153 6156/6156/6156 6162/6162/6162
f 6162/6162/6162 6156/6156/6156 6163/6163/6163
f 6163/6163/6163 6158/6158/6158 6164/6164/6164
f 6164/6164/6164 6158/6158/6158 6165/6165/6165
f 6163/6163/6163 6156/6156/6156 6158/6158/6158
f 6165/6165/6165 6158/6158/6158 6160/6160/6160
f 6166/6166/6166 6167/6167/6167 6168/6168/6168
f 6168/6168/6168 6167/6167/6167 6169/6169/6169
f 6170/6170/6170 6166/6166/6166 6171/6171/6171
f 6171/6171/6171 6166/6166/6166 6168/6168/6168
f 6172/6172/6172 6173/6173/6173 6171/6171/6171
f 6171/6171/6171 6173/6173/6173 6170/6170/6170
f 6174/6174/6174 6175/6175/6175 6166/6166/6166
f 6166/6166/6166 6175/6175/6175 6167/6167/6167
f 6176/6176/6176 6174/6174/6174 6170/6170/6170
f 6170/6170/6170 6174/6174/6174 6166/6166/6166
f 6173/6173/6173 6177/6177/6177 6170/6170/6170
f 6170/6170/6170 6177/6177/6177 6176/6176/6176
f 6178/6178/6178 6179/6179/6179 6180/6180/6180
f 6180/6180/6180 6179/6179/6179 6181/6181/6181
f 6182/6182/6182 6183/6183/6183 6178/6178/6178
f 6178/6178/6178 6183/6183/6183 6179/6179/6179
f 6180/6180/6180 6184/6184/6184 6178/6178/6178
f 6178/6178/6178 6184/6184/6184 6185/6185/6185
f 6178/6178/6178 6185/6185/6185 6182/6182/6182
f 6182/6182/6182 6185/6185/6185 6186/6186/6186
f 6185/6185/6185 6184/6184/6184 6187/6187/6187
f 6187/6187/6187 6184/6184/6184 6188/6188/6188
f 6186/6186/6186 6185/6185/6185 6189/6189/6189
f 6189/6189/6189 6185/6185/6185 6187/6187/6187
f 6190/6190/6190 6191/6191/6191 6192/6192/6192
f 6192/6192/6192 6191/6191/6191 6193/6193/6193
f 6194/6194/6194 6195/6195/6195 6196/6196/6196
f 6196/6196/6196 6195/6195/6195 6197/6197/6197
f 6198/6198/6198 6190/6190/6190 6199/6199/6199
f 6199/6199/6199 6190/6190/6190 6192/6192/6192
f 6192/6192/6192 6197/6197/6197 6199/6199/6199
f 6199/6199/6199 6197/6197/6197 6195/6195/6195
f 6196/6196/6196 6197/6197/6197 6200/6200/6200
f 6200/6200/6200 6197/6197/6197 6201/6201/6201
f 6193/6193/6193 6201/6201/6201 6192/6192/6192
f 6192/6192/6192 6201/6201/6201 6197/6197/6197
f 6202/6202/6202 6203/6203/6203 6204/6204/6204
f 6204/6204/6204 6203/6203/6203 6205/6205/6205
f 6206/6206/6206 6207/6207/6207 6208/6208/6208
f 6208/6208/6208 6207/6207/6207 6209/6209/6209
f 6207/6207/6207 6205/6205/6205 6209/6209/6209
f 6209/6209/6209 6205/6205/6205 6203/6203/6203
f 6204/6204/6204 6205/6205/6205 6210/6210/6210
f 6210/6210/6210 6205/6205/6205 6211/6211/6211
f 6207/6207/6207 6212/6212/6212 6205/6205/6205
f 6205/6205/6205 6212/6212/6212 6211/6211/6211
f 6213/6213/6213 6212/6212/6212 6206/6206/6206
f 6206/6206/6206 6212/6212/6212 6207/6207/6207
f 6214/6214/6214 6215/6215/6215 6216/6216/6216
f 6216/6216/6216 6215/6215/6215 6217/6217/6217
f 6218/6218/6218 6214/6214/6214 6219/6219/6219
f 6219/6219/6219 6214/6214/6214 6216/6216/6216
f 6216/6216/6216 6217/6217/6217 6220/6220/6220
f 6220/6220/6220 6217/6217/6217 6221/6221/6221
f 6219/6219/6219 6216/6216/6216 6222/6222/6222
f 6222/6222/6222 6216/6216/6216 6220/6220/6220
f 6221/6221/6221 6223/6223/6223 6220/6220/6220
f 6220/6220/6220 6223/6223/6223 6224/6224/6224
f 6220/6220/6220 6224/6224/6224 6222/6222/6222
f 6222/6222/6222 6224/6224/6224 6225/6225/6225
f 6226/6226/6226 6227/6227/6227 6228/6228/6228
f 6228/6228/6228 6227/6227/6227 6229/6229/6229
f 6230/6230/6230 6226/6226/6226 6231/6231/6231
f 6231/6231/6231 6226/6226/6226 6228/6228/6228
f 6228/6228/6228 6229/6229/6229 6232/6232/6232
f 6232/6232/6232 6229/6229/6229 6233/6233/6233
f 6231/6231/6231 6228/6228/6228 6234/6234/6234
f 6234/6234/6234 6228/6228/6228 6232/6232/6232
f 6233/6233/6233 6235/6235/6235 6232/6232/6232
f 6232/6232/6232 6235/6235/6235 6236/6236/6236
f 6234/6234/6234 6232/6232/6232 6237/6237/6237
f 6237/6237/6237 6232/6232/6232 6236/6236/6236
f 6238/6238/6238 6239/6239/6239 6240/6240/6240
f 6240/6240/6240 6239/6239/6239 6241/6241/6241
f 6239/6239/6239 6242/6242/6242 6241/6241/6241
f 6241/6241/6241 6242/6242/6242 6243/6243/6243
f 6244/6244/6244 6245/6245/6245 6239/6239/6239
f 6239/6239/6239 6245/6245/6245 6242/6242/6242
f 6246/6246/6246 6244/6244/6244 6238/6238/6238
f 6238/6238/6238 6244/6244/6244 6239/6239/6239
f 6247/6247/6247 6248/6248/6248 6244/6244/6244
f 6244/6244/6244 6248/6248/6248 6245/6245/6245
f 6249/6249/6249 6247/6247/6247 6246/6246/6246
f 6246/6246/6246 6247/6247/6247 6244/6244/6244
f 6250/6250/6250 6251/6251/6251 6252/6252/6252
f 6252/6252/6252 6251/6251/6251 6253/6253/6253
f 6254/6254/6254 6250/6250/6250 6255/6255/6255
f 6255/6255/6255 6250/6250/6250 6252/6252/6252
f 6256/6256/6256 6257/6257/6257 6250/6250/6250
f 6250/6250/6250 6257/6257/6257 6251/6251/6251
f 6258/6258/6258 6256/6256/6256 6254/6254/6254
f 6254/6254/6254 6256/6256/6256 6250/6250/6250
f 6259/6259/6259 6260/6260/6260 6256/6256/6256
f 6256/6256/6256 6260/6260/6260 6257/6257/6257
f 6261/6261/6261 6259/6259/6259 6258/6258/6258
f 6258/6258/6258 6259/6259/6259 6256/6256/6256
f 6262/6262/6262 6263/6263/6263 6264/6264/6264
f 6264/6264/6264 6263/6263/6263 6265/6265/6265
f 6266/6266/6266 6267/6267/6267 6262/6262/6262
f 6262/6262/6262 6267/6267/6267 6263/6263/6263
f 6268/6268/6268 6269/6269/6269 6266/6266/6266
f 6266/6266/6266 6269/6269/6269 6267/6267/6267
f 6270/6270/6270 6271/6271/6271 6264/6264/6264
f 6264/6264/6264 6271/6271/6271 6262/6262/6262
f 6271/6271/6271 6272/6272/6272 6262/6262/6262
f 6262/6262/6262 6272/6272/6272 6266/6266/6266
f 6273/6273/6273 6268/6268/6268 6272/6272/6272
f 6272/6272/6272 6268/6268/6268 6266/6266/6266
f 6273/6273/6273 6274/6274/6274 6268/6268/6268
f 6268/6268/6268 6274/6274/6274 6275/6275/6275
f 6269/6269/6269 6268/6268/6268 6276/6276/6276
f 6276/6276/6276 6268/6268/6268 6275/6275/6275
f 6277/6277/6277 6278/6278/6278 6279/6279/6279
f 6279/6279/6279 6278/6278/6278 6280/6280/6280
f 6281/6281/6281 6277/6277/6277 6282/6282/6282
f 6282/6282/6282 6277/6277/6277 6279/6279/6279
f 6283/6283/6283 6284/6284/6284 6281/6281/6281
f 6281/6281/6281 6284/6284/6284 6277/6277/6277
f 6282/6282/6282 6285/6285/6285 6281/6281/6281
f 6281/6281/6281 6285/6285/6285 6286/6286/6286
f 6281/6281/6281 6286/6286/6286 6283/6283/6283
f 6283/6283/6283 6286/6286/6286 6287/6287/6287
f 6288/6288/6288 6289/6289/6289 6290/6290/6290
f 6290/6290/6290 6289/6289/6289 6291/6291/6291
f 6292/6292/6292 6293/6293/6293 6288/6288/6288
f 6288/6288/6288 6293/6293/6293 6289/6289/6289
f 6294/6294/6294 6293/6293/6293 6295/6295/6295
f 6295/6295/6295 6293/6293/6293 6292/6292/6292
f 6278/6278/6278 6294/6294/6294 6280/6280/6280
f 6280/6280/6280 6294/6294/6294 6295/6295/6295
f 6289/6289/6289 6296/6296/6296 6291/6291/6291
f 6291/6291/6291 6296/6296/6296 6297/6297/6297
f 6293/6293/6293 6298/6298/6298 6289/6289/6289
f 6289/6289/6289 6298/6298/6298 6296/6296/6296
f 6299/6299/6299 6298/6298/6298 6294/6294/6294
f 6294/6294/6294 6298/6298/6298 6293/6293/6293
f 6300/6300/6300 6299/6299/6299 6278/6278/6278
f 6278/6278/6278 6299/6299/6299 6294/6294/6294
f 6284/6284/6284 6300/6300/6300 6277/6277/6277
f 6277/6277/6277 6300/6300/6300 6278/6278/6278
f 6286/6286/6286 6285/6285/6285 6301/6301/6301
f 6301/6301/6301 6285/6285/6285 6302/6302/6302
f 6287/6287/6287 6286/6286/6286 6303/6303/6303
f 6303/6303/6303 6286/6286/6286 6301/6301/6301
f 6304/6304/6304 6305/6305/6305 6283/6283/6283
f 6283/6283/6283 6305/6305/6305 6306/6306/6306
f 6307/6307/6307 6304/6304/6304 6308/6308/6308
f 6308/6308/6308 6304/6304/6304 6283/6283/6283
f 6309/6309/6309 6310/6310/6310 6308/6308/6308
f 6308/6308/6308 6310/6310/6310 6307/6307/6307
f 6311/6311/6311 6312/6312/6312 6296/6296/6296
f 6296/6296/6296 6312/6312/6312 6297/6297/6297
f 6313/6313/6313 6311/6311/6311 6314/6314/6314
f 6314/6314/6314 6311/6311/6311 6296/6296/6296
f 6315/6315/6315 6313/6313/6313 6316/6316/6316
f 6316/6316/6316 6313/6313/6313 6314/6314/6314
f 6317/6317/6317 6315/6315/6315 6318/6318/6318
f 6318/6318/6318 6315/6315/6315 6316/6316/6316
f 6305/6305/6305 6317/6317/6317 6306/6306/6306
f 6306/6306/6306 6317/6317/6317 6318/6318/6318
f 6311/6311/6311 6319/6319/6319 6312/6312/6312
f 6312/6312/6312 6319/6319/6319 6320/6320/6320
f 6313/6313/6313 6321/6321/6321 6311/6311/6311
f 6311/6311/6311 6321/6321/6321 6319/6319/6319
f 6322/6322/6322 6321/6321/6321 6315/6315/6315
f 6315/6315/6315 6321/6321/6321 6313/6313/6313
f 6323/6323/6323 6322/6322/6322 6317/6317/6317
f 6317/6317/6317 6322/6322/6322 6315/6315/6315
f 6324/6324/6324 6323/6323/6323 6305/6305/6305
f 6305/6305/6305 6323/6323/6323 6317/6317/6317
f 6325/6325/6325 6324/6324/6324 6304/6304/6304
f 6304/6304/6304 6324/6324/6324 6305/6305/6305
f 6326/6326/6326 6325/6325/6325 6307/6307/6307
f 6307/6307/6307 6325/6325/6325 6304/6304/6304
f 6310/6310/6310 6327/6327/6327 6307/6307/6307
f 6307/6307/6307 6327/6327/6327 6326/6326/6326
f 6328/6328/6328 6329/6329/6329 6330/6330/6330
f 6330/6330/6330 6329/6329/6329 6331/6331/6331
f 6332/6332/6332 6333/6333/6333 6334/6334/6334
f 6334/6334/6334 6333/6333/6333 6335/6335/6335
f 6335/6335/6335 6333/6333/6333 6336/6336/6336
f 6336/6336/6336 6337/6337/6337 6335/6335/6335
f 6335/6335/6335 6337/6337/6337 6338/6338/6338
f 6337/6337/6337 6339/6339/6339 6338/6338/6338
f 6338/6338/6338 6339/6339/6339 6340/6340/6340
f 6339/6339/6339 6341/6341/6341 6340/6340/6340
f 6340/6340/6340 6341/6341/6341 6342/6342/6342
f 6341/6341/6341 6343/6343/6343 6342/6342/6342
f 6342/6342/6342 6343/6343/6343 6344/6344/6344
f 6330/6330/6330 6331/6331/6331 6345/6345/6345
f 6345/6345/6345 6331/6331/6331 6346/6346/6346
f 6331/6331/6331 6344/6344/6344 6346/6346/6346
f 6346/6346/6346 6344/6344/6344 6343/6343/6343
f 6332/6332/6332 6334/6334/6334 6347/6347/6347
f 6334/6334/6334 6335/6335/6335 6347/6347/6347
f 6347/6347/6347 6335/6335/6335 6348/6348/6348
f 6335/6335/6335 6338/6338/6338 6348/6348/6348
f 6348/6348/6348 6338/6338/6338 6349/6349/6349
f 6338/6338/6338 6340/6340/6340 6349/6349/6349
f 6349/6349/6349 6340/6340/6340 6350/6350/6350
f 6340/6340/6340 6342/6342/6342 6350/6350/6350
f 6350/6350/6350 6342/6342/6342 6351/6351/6351
f 6342/6342/6342 6344/6344/6344 6351/6351/6351
f 6351/6351/6351 6344/6344/6344 6352/6352/6352
f 6329/6329/6329 6352/6352/6352 6331/6331/6331
f 6331/6331/6331 6352/6352/6352 6344/6344/6344
f 6332/6332/6332 6353/6353/6353 6354/6354/6354
f 6353/6353/6353 6355/6355/6355 6354/6354/6354
f 6354/6354/6354 6355/6355/6355 6356/6356/6356
f 6355/6355/6355 6357/6357/6357 6356/6356/6356
f 6356/6356/6356 6357/6357/6357 6358/6358/6358
f 6357/6357/6357 6359/6359/6359 6358/6358/6358
f 6358/6358/6358 6359/6359/6359 6360/6360/6360
f 6359/6359/6359 6361/6361/6361 6360/6360/6360
f 6360/6360/6360 6361/6361/6361 6362/6362/6362
f 6361/6361/6361 6363/6363/6363 6362/6362/6362
f 6362/6362/6362 6363/6363/6363 6364/6364/6364
f 6365/6365/6365 6366/6366/6366 6367/6367/6367
f 6367/6367/6367 6366/6366/6366 6368/6368/6368
f 6366/6366/6366 6364/6364/6364 6368/6368/6368
f 6368/6368/6368 6364/6364/6364 6363/6363/6363
f 6332/6332/6332 6354/6354/6354 6369/6369/6369
f 6354/6354/6354 6356/6356/6356 6369/6369/6369
f 6369/6369/6369 6356/6356/6356 6370/6370/6370
f 6356/6356/6356 6358/6358/6358 6370/6370/6370
f 6370/6370/6370 6358/6358/6358 6371/6371/6371
f 6358/6358/6358 6360/6360/6360 6371/6371/6371
f 6371/6371/6371 6360/6360/6360 6372/6372/6372
f 6360/6360/6360 6362/6362/6362 6372/6372/6372
f 6372/6372/6372 6362/6362/6362 6373/6373/6373
f 6362/6362/6362 6364/6364/6364 6373/6373/6373
f 6373/6373/6373 6364/6364/6364 6374/6374/6374
f 6375/6375/6375 6374/6374/6374 6366/6366/6366
f 6366/6366/6366 6374/6374/6374 6364/6364/6364
f 6376/6376/6376 6375/6375/6375 6365/6365/6365
f 6365/6365/6365 6375/6375/6375 6366/6366/6366
f 6377/6377/6377 6378/6378/6378 6379/6379/6379
f 6378/6378/6378 6380/6380/6380 6379/6379/6379
f 6379/6379/6379 6380/6380/6380 6381/6381/6381
f 6380/6380/6380 6382/6382/6382 6381/6381/6381
f 6381/6381/6381 6382/6382/6382 6383/6383/6383
f 6382/6382/6382 6384/6384/6384 6383/6383/6383
f 6383/6383/6383 6384/6384/6384 6385/6385/6385
f 6377/6377/6377 6386/6386/6386 6378/6378/6378
f 6386/6386/6386 6387/6387/6387 6378/6378/6378
f 6378/6378/6378 6387/6387/6387 6380/6380/6380
f 6382/6382/6382 6380/6380/6380 6388/6388/6388
f 6388/6388/6388 6380/6380/6380 6387/6387/6387
f 6384/6384/6384 6382/6382/6382 6389/6389/6389
f 6389/6389/6389 6382/6382/6382 6388/6388/6388
f 6384/6384/6384 6389/6389/6389 6390/6390/6390
f 6390/6390/6390 6389/6389/6389 6391/6391/6391
f 6384/6384/6384 6390/6390/6390 6385/6385/6385
f 6385/6385/6385 6390/6390/6390 6392/6392/6392
f 6391/6391/6391 6393/6393/6393 6390/6390/6390
f 6390/6390/6390 6393/6393/6393 6394/6394/6394
f 6390/6390/6390 6394/6394/6394 6392/6392/6392
f 6392/6392/6392 6394/6394/6394 6395/6395/6395
f 6393/6393/6393 6396/6396/6396 6394/6394/6394
f 6394/6394/6394 6396/6396/6396 6397/6397/6397
f 6394/6394/6394 6397/6397/6397 6395/6395/6395
f 6395/6395/6395 6397/6397/6397 6398/6398/6398
f 6396/6396/6396 6399/6399/6399 6397/6397/6397
f 6397/6397/6397 6399/6399/6399 6400/6400/6400
f 6397/6397/6397 6400/6400/6400 6398/6398/6398
f 6398/6398/6398 6400/6400/6400 6401/6401/6401
f 6377/6377/6377 6402/6402/6402 6403/6403/6403
f 6402/6402/6402 6404/6404/6404 6403/6403/6403
f 6403/6403/6403 6404/6404/6404 6405/6405/6405
f 6404/6404/6404 6406/6406/6406 6405/6405/6405
f 6405/6405/6405 6406/6406/6406 6407/6407/6407
f 6406/6406/6406 6408/6408/6408 6407/6407/6407
f 6407/6407/6407 6408/6408/6408 6409/6409/6409
f 6377/6377/6377 6410/6410/6410 6402/6402/6402
f 6410/6410/6410 6411/6411/6411 6402/6402/6402
f 6402/6402/6402 6411/6411/6411 6404/6404/6404
f 6406/6406/6406 6404/6404/6404 6412/6412/6412
f 6412/6412/6412 6404/6404/6404 6411/6411/6411
f 6408/6408/6408 6406/6406/6406 6413/6413/6413
f 6413/6413/6413 6406/6406/6406 6412/6412/6412
f 6408/6408/6408 6413/6413/6413 6414/6414/6414
f 6414/6414/6414 6413/6413/6413 6415/6415/6415
f 6409/6409/6409 6408/6408/6408 6416/6416/6416
f 6416/6416/6416 6408/6408/6408 6414/6414/6414
f 6414/6414/6414 6415/6415/6415 6417/6417/6417
f 6417/6417/6417 6415/6415/6415 6418/6418/6418
f 6416/6416/6416 6414/6414/6414 6419/6419/6419
f 6419/6419/6419 6414/6414/6414 6417/6417/6417
f 6418/6418/6418 6420/6420/6420 6417/6417/6417
f 6417/6417/6417 6420/6420/6420 6421/6421/6421
f 6419/6419/6419 6417/6417/6417 6422/6422/6422
f 6422/6422/6422 6417/6417/6417 6421/6421/6421
f 6420/6420/6420 6423/6423/6423 6421/6421/6421
f 6421/6421/6421 6423/6423/6423 6424/6424/6424
f 6422/6422/6422 6421/6421/6421 6425/6425/6425
f 6425/6425/6425 6421/6421/6421 6424/6424/6424
f 6426/6426/6426 6427/6427/6427 6428/6428/6428
f 6428/6428/6428 6427/6427/6427 6429/6429/6429
f 6430/6430/6430 6431/6431/6431 6426/6426/6426
f 6426/6426/6426 6431/6431/6431 6427/6427/6427
f 6427/6427/6427 6432/6432/6432 6429/6429/6429
f 6429/6429/6429 6432/6432/6432 6433/6433/6433
f 6431/6431/6431 6434/6434/6434 6427/6427/6427
f 6427/6427/6427 6434/6434/6434 6432/6432/6432
f 6432/6432/6432 6435/6435/6435 6433/6433/6433
f 6433/6433/6433 6435/6435/6435 6436/6436/6436
f 6434/6434/6434 6437/6437/6437 6432/6432/6432
f 6432/6432/6432 6437/6437/6437 6435/6435/6435
f 6435/6435/6435 6438/6438/6438 6436/6436/6436
f 6436/6436/6436 6438/6438/6438 6439/6439/6439
f 6437/6437/6437 6440/6440/6440 6435/6435/6435
f 6435/6435/6435 6440/6440/6440 6438/6438/6438
f 6438/6438/6438 6441/6441/6441 6439/6439/6439
f 6439/6439/6439 6441/6441/6441 6442/6442/6442
f 6443/6443/6443 6441/6441/6441 6440/6440/6440
f 6440/6440/6440 6441/6441/6441 6438/6438/6438
f 6444/6444/6444 6445/6445/6445 6443/6443/6443
f 6443/6443/6443 6445/6445/6445 6441/6441/6441
f 6445/6445/6445 6446/6446/6446 6441/6441/6441
f 6441/6441/6441 6446/6446/6446 6442/6442/6442
f 6447/6447/6447 6448/6448/6448 6445/6445/6445
f 6445/6445/6445 6448/6448/6448 6446/6446/6446
f 6449/6449/6449 6447/6447/6447 6444/6444/6444
f 6444/6444/6444 6447/6447/6447 6445/6445/6445
f 6450/6450/6450 6451/6451/6451 6447/6447/6447
f 6447/6447/6447 6451/6451/6451 6448/6448/6448
f 6452/6452/6452 6450/6450/6450 6449/6449/6449
f 6449/6449/6449 6450/6450/6450 6447/6447/6447
f 6453/6453/6453 6454/6454/6454 6455/6455/6455
f 6455/6455/6455 6454/6454/6454 6456/6456/6456
f 6455/6455/6455 6456/6456/6456 6457/6457/6457
f 6457/6457/6457 6456/6456/6456 6458/6458/6458
f 6456/6456/6456 6459/6459/6459 6458/6458/6458
f 6458/6458/6458 6459/6459/6459 6460/6460/6460
f 6454/6454/6454 6461/6461/6461 6456/6456/6456
f 6456/6456/6456 6461/6461/6461 6459/6459/6459
f 6459/6459/6459 6462/6462/6462 6460/6460/6460
f 6460/6460/6460 6462/6462/6462 6463/6463/6463
f 6461/6461/6461 6464/6464/6464 6459/6459/6459
f 6459/6459/6459 6464/6464/6464 6462/6462/6462
f 6462/6462/6462 6465/6465/6465 6463/6463/6463
f 6463/6463/6463 6465/6465/6465 6466/6466/6466
f 6464/6464/6464 6467/6467/6467 6462/6462/6462
f 6462/6462/6462 6467/6467/6467 6465/6465/6465
f 6465/6465/6465 6468/6468/6468 6466/6466/6466
f 6466/6466/6466 6468/6468/6468 6469/6469/6469
f 6467/6467/6467 6470/6470/6470 6465/6465/6465
f 6465/6465/6465 6470/6470/6470 6468/6468/6468
f 6471/6471/6471 6472/6472/6472 6468/6468/6468
f 6468/6468/6468 6472/6472/6472 6469/6469/6469
f 6473/6473/6473 6471/6471/6471 6470/6470/6470
f 6470/6470/6470 6471/6471/6471 6468/6468/6468
f 6474/6474/6474 6475/6475/6475 6471/6471/6471
f 6471/6471/6471 6475/6475/6475 6472/6472/6472
f 6476/6476/6476 6474/6474/6474 6473/6473/6473
f 6473/6473/6473 6474/6474/6474 6471/6471/6471
f 6477/6477/6477 6478/6478/6478 6474/6474/6474
f 6474/6474/6474 6478/6478/6478 6475/6475/6475
f 6479/6479/6479 6477/6477/6477 6476/6476/6476
f 6476/6476/6476 6477/6477/6477 6474/6474/6474
f 6480/6480/6480 6481/6481/6481 6482/6482/6482
f 6482/6482/6482 6481/6481/6481 6483/6483/6483
f 6484/6484/6484 6485/6485/6485 6481/6481/6481
f 6481/6481/6481 6485/6485/6485 6483/6483/6483
f 6486/6486/6486 6487/6487/6487 6484/6484/6484
f 6484/6484/6484 6487/6487/6487 6485/6485/6485
f 6486/6486/6486 6488/6488/6488 6487/6487/6487
f 6487/6487/6487 6488/6488/6488 6489/6489/6489
f 6490/6490/6490 6491/6491/6491 6488/6488/6488
f 6488/6488/6488 6491/6491/6491 6489/6489/6489
f 6492/6492/6492 6493/6493/6493 6480/6480/6480
f 6480/6480/6480 6493/6493/6493 6481/6481/6481
f 6493/6493/6493 6494/6494/6494 6481/6481/6481
f 6481/6481/6481 6494/6494/6494 6484/6484/6484
f 6494/6494/6494 6495/6495/6495 6484/6484/6484
f 6484/6484/6484 6495/6495/6495 6486/6486/6486
f 6495/6495/6495 6496/6496/6496 6486/6486/6486
f 6486/6486/6486 6496/6496/6496 6488/6488/6488
f 6497/6497/6497 6490/6490/6490 6496/6496/6496
f 6496/6496/6496 6490/6490/6490 6488/6488/6488
f 6498/6498/6498 6499/6499/6499 6497/6497/6497
f 6497/6497/6497 6499/6499/6499 6490/6490/6490
f 6491/6491/6491 6490/6490/6490 6500/6500/6500
f 6500/6500/6500 6490/6490/6490 6499/6499/6499
f 6501/6501/6501 6502/6502/6502 6503/6503/6503
f 6503/6503/6503 6502/6502/6502 6504/6504/6504
f 6504/6504/6504 6502/6502/6502 6505/6505/6505
f 6505/6505/6505 6502/6502/6502 6506/6506/6506
f 6506/6506/6506 6507/6507/6507 6505/6505/6505
f 6505/6505/6505 6507/6507/6507 6508/6508/6508
f 6507/6507/6507 6509/6509/6509 6508/6508/6508
f 6508/6508/6508 6509/6509/6509 6510/6510/6510
f 6511/6511/6511 6503/6503/6503 6512/6512/6512
f 6512/6512/6512 6503/6503/6503 6504/6504/6504
f 6512/6512/6512 6504/6504/6504 6513/6513/6513
f 6513/6513/6513 6504/6504/6504 6505/6505/6505
f 6513/6513/6513 6505/6505/6505 6514/6514/6514
f 6514/6514/6514 6505/6505/6505 6508/6508/6508
f 6508/6508/6508 6510/6510/6510 6514/6514/6514
f 6514/6514/6514 6510/6510/6510 6515/6515/6515
f 6516/6516/6516 6517/6517/6517 6518/6518/6518
f 6518/6518/6518 6517/6517/6517 6519/6519/6519
f 6520/6520/6520 6521/6521/6521 6522/6522/6522
f 6522/6522/6522 6521/6521/6521 6523/6523/6523
f 6522/6522/6522 6523/6523/6523 6524/6524/6524
f 6524/6524/6524 6523/6523/6523 6525/6525/6525
f 6524/6524/6524 6525/6525/6525 6526/6526/6526
f 6526/6526/6526 6525/6525/6525 6527/6527/6527
f 6517/6517/6517 6521/6521/6521 6519/6519/6519
f 6519/6519/6519 6521/6521/6521 6520/6520/6520
f 6526/6526/6526 6527/6527/6527 6528/6528/6528
f 6528/6528/6528 6527/6527/6527 6529/6529/6529
f 6528/6528/6528 6529/6529/6529 6530/6530/6530
f 6530/6530/6530 6529/6529/6529 6531/6531/6531
f 6519/6519/6519 6532/6532/6532 6518/6518/6518
f 6518/6518/6518 6532/6532/6532 6533/6533/6533
f 6532/6532/6532 6519/6519/6519 6534/6534/6534
f 6534/6534/6534 6519/6519/6519 6520/6520/6520
f 6534/6534/6534 6520/6520/6520 6535/6535/6535
f 6535/6535/6535 6520/6520/6520 6522/6522/6522
f 6535/6535/6535 6522/6522/6522 6536/6536/6536
f 6536/6536/6536 6522/6522/6522 6524/6524/6524
f 6536/6536/6536 6524/6524/6524 6537/6537/6537
f 6537/6537/6537 6524/6524/6524 6526/6526/6526
f 6537/6537/6537 6526/6526/6526 6538/6538/6538
f 6538/6538/6538 6526/6526/6526 6528/6528/6528
f 6538/6538/6538 6528/6528/6528 6539/6539/6539
f 6539/6539/6539 6528/6528/6528 6530/6530/6530
f 6540/6540/6540 6541/6541/6541 6542/6542/6542
f 6542/6542/6542 6541/6541/6541 6543/6543/6543
f 6544/6544/6544 6545/6545/6545 6546/6546/6546
f 6546/6546/6546 6545/6545/6545 6547/6547/6547
f 6545/6545/6545 6548/6548/6548 6547/6547/6547
f 6547/6547/6547 6548/6548/6548 6549/6549/6549
f 6550/6550/6550 6551/6551/6551 6548/6548/6548
f 6548/6548/6548 6551/6551/6551 6549/6549/6549
f 6541/6541/6541 6544/6544/6544 6543/6543/6543
f 6543/6543/6543 6544/6544/6544 6546/6546/6546
f 6552/6552/6552 6553/6553/6553 6550/6550/6550
f 6550/6550/6550 6553/6553/6553 6551/6551/6551
f 6554/6554/6554 6555/6555/6555 6552/6552/6552
f 6552/6552/6552 6555/6555/6555 6553/6553/6553
f 6556/6556/6556 6557/6557/6557 6540/6540/6540
f 6540/6540/6540 6557/6557/6557 6541/6541/6541
f 6557/6557/6557 6558/6558/6558 6541/6541/6541
f 6541/6541/6541 6558/6558/6558 6544/6544/6544
f 6558/6558/6558 6559/6559/6559 6544/6544/6544
f 6544/6544/6544 6559/6559/6559 6545/6545/6545
f 6559/6559/6559 6560/6560/6560 6545/6545/6545
f 6545/6545/6545 6560/6560/6560 6548/6548/6548
f 6560/6560/6560 6561/6561/6561 6548/6548/6548
f 6548/6548/6548 6561/6561/6561 6550/6550/6550
f 6562/6562/6562 6552/6552/6552 6561/6561/6561
f 6561/6561/6561 6552/6552/6552 6550/6550/6550
f 6563/6563/6563 6554/6554/6554 6562/6562/6562
f 6562/6562/6562 6554/6554/6554 6552/6552/6552
f 6564/6564/6564 6565/6565/6565 6563/6563/6563
f 6563/6563/6563 6565/6565/6565 6554/6554/6554
f 6555/6555/6555 6554/6554/6554 6566/6566/6566
f 6566/6566/6566 6554/6554/6554 6565/6565/6565
f 6567/6567/6567 6568/6568/6568 6569/6569/6569
f 6570/6570/6570 6571/6571/6571 6572/6572/6572
f 6572/6572/6572 6571/6571/6571 6573/6573/6573
f 6572/6572/6572 6573/6573/6573 6574/6574/6574
f 6574/6574/6574 6573/6573/6573 6575/6575/6575
f 6574/6574/6574 6575/6575/6575 6576/6576/6576
f 6576/6576/6576 6575/6575/6575 6577/6577/6577
f 6569/6569/6569 6568/6568/6568 6570/6570/6570
f 6570/6570/6570 6568/6568/6568 6571/6571/6571
f 6576/6576/6576 6577/6577/6577 6578/6578/6578
f 6578/6578/6578 6577/6577/6577 6579/6579/6579
f 6569/6569/6569 6580/6580/6580 6567/6567/6567
f 6567/6567/6567 6580/6580/6580 6581/6581/6581
f 6580/6580/6580 6569/6569/6569 6582/6582/6582
f 6582/6582/6582 6569/6569/6569 6570/6570/6570
f 6582/6582/6582 6570/6570/6570 6583/6583/6583
f 6583/6583/6583 6570/6570/6570 6572/6572/6572
f 6583/6583/6583 6572/6572/6572 6584/6584/6584
f 6584/6584/6584 6572/6572/6572 6574/6574/6574
f 6584/6584/6584 6574/6574/6574 6585/6585/6585
f 6585/6585/6585 6574/6574/6574 6576/6576/6576
f 6585/6585/6585 6576/6576/6576 6586/6586/6586
f 6586/6586/6586 6576/6576/6576 6578/6578/6578
f 6587/6587/6587 6568/6568/6568 6567/6567/6567
f 6588/6588/6588 6589/6589/6589 6590/6590/6590
f 6591/6591/6591 6592/6592/6592 6589/6589/6589
f 6589/6589/6589 6592/6592/6592 6593/6593/6593
f 6593/6593/6593 6594/6594/6594 6590/6590/6590
f 6590/6590/6590 6594/6594/6594 6595/6595/6595
f 6592/6592/6592 6596/6596/6596 6593/6593/6593
f 6593/6593/6593 6596/6596/6596 6594/6594/6594
f 6594/6594/6594 6597/6597/6597 6595/6595/6595
f 6595/6595/6595 6597/6597/6597 6598/6598/6598
f 6596/6596/6596 6599/6599/6599 6594/6594/6594
f 6594/6594/6594 6599/6599/6599 6597/6597/6597
f 6598/6598/6598 6597/6597/6597 6600/6600/6600
f 6600/6600/6600 6597/6597/6597 6601/6601/6601
f 6597/6597/6597 6599/6599/6599 6601/6601/6601
f 6601/6601/6601 6599/6599/6599 6602/6602/6602
f 6600/6600/6600 6601/6601/6601 6603/6603/6603
f 6603/6603/6603 6601/6601/6601 6604/6604/6604
f 6601/6601/6601 6602/6602/6602 6604/6604/6604
f 6604/6604/6604 6602/6602/6602 6605/6605/6605
f 6590/6590/6590 6589/6589/6589 6593/6593/6593
f 6606/6606/6606 6607/6607/6607 6608/6608/6608
f 6607/6607/6607 6609/6609/6609 6608/6608/6608
f 6606/6606/6606 6610/6610/6610 6607/6607/6607
f 6607/6607/6607 6610/6610/6610 6611/6611/6611
f 6609/6609/6609 6607/6607/6607 6612/6612/6612
f 6612/6612/6612 6607/6607/6607 6611/6611/6611
f 6610/6610/6610 6613/6613/6613 6611/6611/6611
f 6611/6611/6611 6613/6613/6613 6614/6614/6614
f 6612/6612/6612 6611/6611/6611 6615/6615/6615
f 6615/6615/6615 6611/6611/6611 6614/6614/6614
f 6613/6613/6613 6616/6616/6616 6614/6614/6614
f 6614/6614/6614 6616/6616/6616 6617/6617/6617
f 6615/6615/6615 6614/6614/6614 6618/6618/6618
f 6618/6618/6618 6614/6614/6614 6617/6617/6617
f 6619/6619/6619 6620/6620/6620 6621/6621/6621
f 6620/6620/6620 6622/6622/6622 6621/6621/6621
f 6620/6620/6620 6619/6619/6619 6623/6623/6623
f 6623/6623/6623 6619/6619/6619 6624/6624/6624
f 6622/6622/6622 6620/6620/6620 6625/6625/6625
f 6625/6625/6625 6620/6620/6620 6623/6623/6623
f 6626/6626/6626 6627/6627/6627 6628/6628/6628
f 6628/6628/6628 6627/6627/6627 6629/6629/6629
f 6628/6628/6628 6629/6629/6629 6630/6630/6630
f 6630/6630/6630 6629/6629/6629 6631/6631/6631
f 6629/6629/6629 6627/6627/6627 6632/6632/6632
f 6632/6632/6632 6627/6627/6627 6633/6633/6633
f 6629/6629/6629 6632/6632/6632 6631/6631/6631
f 6631/6631/6631 6632/6632/6632 6634/6634/6634
f 6623/6623/6623 6628/6628/6628 6625/6625/6625
f 6625/6625/6625 6628/6628/6628 6630/6630/6630
f 6624/6624/6624 6626/6626/6626 6623/6623/6623
f 6623/6623/6623 6626/6626/6626 6628/6628/6628
f 6635/6635/6635 6636/6636/6636 6637/6637/6637
f 6636/6636/6636 6638/6638/6638 6637/6637/6637
f 6635/6635/6635 6639/6639/6639 6636/6636/6636
f 6636/6636/6636 6639/6639/6639 6640/6640/6640
f 6638/6638/6638 6636/6636/6636 6641/6641/6641
f 6641/6641/6641 6636/6636/6636 6640/6640/6640
f 6640/6640/6640 6639/6639/6639 6642/6642/6642
f 6642/6642/6642 6639/6639/6639 6643/6643/6643
f 6640/6640/6640 6642/6642/6642 6641/6641/6641
f 6641/6641/6641 6642/6642/6642 6644/6644/6644
f 6645/6645/6645 6646/6646/6646 6647/6647/6647
f 6647/6647/6647 6646/6646/6646 6648/6648/6648
f 6649/6649/6649 6645/6645/6645 6650/6650/6650
f 6650/6650/6650 6645/6645/6645 6647/6647/6647
f 6642/6642/6642 6643/6643/6643 6645/6645/6645
f 6645/6645/6645 6643/6643/6643 6646/6646/6646
f 6642/6642/6642 6645/6645/6645 6644/6644/6644
f 6644/6644/6644 6645/6645/6645 6649/6649/6649
f 6651/6651/6651 6652/6652/6652 6637/6637/6637
f 6652/6652/6652 6653/6653/6653 6637/6637/6637
f 6651/6651/6651 6654/6654/6654 6652/6652/6652
f 6652/6652/6652 6654/6654/6654 6655/6655/6655
f 6652/6652/6652 6655/6655/6655 6653/6653/6653
f 6653/6653/6653 6655/6655/6655 6656/6656/6656
f 6654/6654/6654 6657/6657/6657 6655/6655/6655
f 6655/6655/6655 6657/6657/6657 6658/6658/6658
f 6655/6655/6655 6658/6658/6658 6656/6656/6656
f 6656/6656/6656 6658/6658/6658 6659/6659/6659
f 6660/6660/6660 6661/6661/6661 6662/6662/6662
f 6662/6662/6662 6661/6661/6661 6663/6663/6663
f 6664/6664/6664 6660/6660/6660 6665/6665/6665
f 6665/6665/6665 6660/6660/6660 6662/6662/6662
f 6658/6658/6658 6657/6657/6657 6660/6660/6660
f 6660/6660/6660 6657/6657/6657 6661/6661/6661
f 6658/6658/6658 6660/6660/6660 6659/6659/6659
f 6659/6659/6659 6660/6660/6660 6664/6664/6664

# Group Hair Total Faces: 1806

# Total groups: 4, Total vertices: 6665, Total uvs: 6665, Total normals: 6665
