# Generated by XMODS on 03/07/2025

v -0.031765 1.184379 0.076588
v -0.025415 1.185388 0.075827
v -0.031861 1.190904 0.080683
v -0.025338 1.191382 0.079607
v -0.025233 1.197347 0.080334
v -0.031955 1.197248 0.081475
v -0.018442 1.197447 0.075901
v -0.019027 1.191295 0.075436
v -0.020489 1.186607 0.073559
v -0.038678 1.197148 0.080334
v -0.045468 1.197048 0.075901
v -0.038396 1.191190 0.079606
v -0.044703 1.190916 0.075436
v -0.038142 1.185200 0.075827
v -0.043103 1.186273 0.073559
v -0.032145 1.210106 0.076588
v -0.038495 1.209108 0.075827
v -0.032048 1.203581 0.080683
v -0.038571 1.203103 0.079606
v -0.044884 1.203191 0.075436
v -0.043421 1.207878 0.073559
v -0.019208 1.203570 0.075436
v -0.025514 1.203296 0.079607
v -0.025768 1.209296 0.075827
v -0.020808 1.208212 0.073559
v -0.019920 1.209693 0.070391
v -0.025447 1.212699 0.070699
v -0.032200 1.213856 0.070935
v -0.032241 1.216631 0.061824
v -0.025001 1.215230 0.061824
v -0.018569 1.211383 0.061824
v -0.044352 1.209333 0.070391
v -0.038916 1.212500 0.070699
v -0.045752 1.210981 0.061824
v -0.039437 1.215016 0.061824
v -0.043990 1.184792 0.070391
v -0.038463 1.181787 0.070699
v -0.031710 1.180629 0.070935
v -0.031669 1.177854 0.061824
v -0.038909 1.179266 0.061824
v -0.045340 1.183103 0.061824
v -0.019558 1.185153 0.070391
v -0.024993 1.181985 0.070699
v -0.018158 1.183504 0.061824
v -0.024473 1.179479 0.061824
v -0.049407 1.189961 0.061824
v -0.047269 1.190686 0.070825
v -0.048231 1.197007 0.071040
v -0.050517 1.196974 0.061824
v -0.047456 1.203354 0.070825
v -0.049614 1.204016 0.061824
v -0.016453 1.191141 0.070825
v -0.015679 1.197488 0.071040
v -0.013394 1.197522 0.061824
v -0.014296 1.190479 0.061824
v -0.014503 1.204535 0.061824
v -0.016640 1.203809 0.070825
v 0.025355 1.191382 0.079607
v 0.025433 1.185388 0.075827
v 0.031878 1.190904 0.080683
v 0.031782 1.184379 0.076588
v 0.025250 1.197347 0.080334
v 0.031972 1.197248 0.081475
v 0.019044 1.191295 0.075436
v 0.018459 1.197447 0.075901
v 0.020506 1.186607 0.073559
v 0.038695 1.197148 0.080334
v 0.038413 1.191190 0.079606
v 0.045485 1.197048 0.075901
v 0.044720 1.190916 0.075436
v 0.038159 1.185200 0.075827
v 0.043120 1.186273 0.073559
v 0.038589 1.203103 0.079606
v 0.038512 1.209108 0.075827
v 0.032066 1.203581 0.080683
v 0.032162 1.210106 0.076588
v 0.044901 1.203191 0.075436
v 0.043439 1.207878 0.073559
v 0.025531 1.203296 0.079607
v 0.019225 1.203570 0.075436
v 0.025786 1.209296 0.075827
v 0.020825 1.208212 0.073559
v 0.019937 1.209693 0.070391
v 0.025464 1.212699 0.070699
v 0.032217 1.213856 0.070935
v 0.032258 1.216631 0.061824
v 0.025018 1.215230 0.061824
v 0.018586 1.211383 0.061824
v 0.039454 1.215016 0.061824
v 0.038934 1.212500 0.070699
v 0.045769 1.210981 0.061824
v 0.044369 1.209333 0.070391
v 0.044007 1.184792 0.070391
v 0.038480 1.181787 0.070699
v 0.031727 1.180629 0.070935
v 0.031686 1.177854 0.061824
v 0.038927 1.179266 0.061824
v 0.045358 1.183103 0.061824
v 0.024491 1.179479 0.061824
v 0.025010 1.181985 0.070699
v 0.018175 1.183504 0.061824
v 0.019575 1.185153 0.070391
v 0.049424 1.189961 0.061824
v 0.047287 1.190686 0.070825
v 0.048248 1.197007 0.071040
v 0.050534 1.196974 0.061824
v 0.047474 1.203354 0.070825
v 0.049631 1.204016 0.061824
v 0.016470 1.191141 0.070825
v 0.015696 1.197488 0.071040
v 0.014313 1.190479 0.061824
v 0.013411 1.197522 0.061824
v 0.014520 1.204535 0.061824
v 0.016657 1.203809 0.070825
v 0.039081 1.138960 -0.045448
v 0.050436 1.141610 -0.025728
v 0.047622 1.132980 -0.026258
v 0.041140 1.147400 -0.050013
v 0.025041 1.149200 -0.061820
v 0.024473 1.141560 -0.056289
v 0.000000 1.142250 -0.061555
v 0.000000 1.149450 -0.067427
v 0.070520 1.202090 0.013903
v 0.070576 1.214310 0.016999
v 0.068342 1.199890 0.025017
v 0.068980 1.211770 0.028484
v -0.041140 1.147400 -0.050013
v -0.039081 1.138960 -0.045448
v -0.050436 1.141610 -0.025728
v -0.047622 1.132980 -0.026258
v -0.025041 1.149200 -0.061820
v -0.024473 1.141560 -0.056289
v -0.070520 1.202090 0.013903
v -0.068342 1.199890 0.025017
v -0.070576 1.214310 0.016999
v -0.068980 1.211770 0.028484
v 0.043630 1.116330 -0.009510
v 0.044917 1.122290 -0.024376
v 0.047373 1.127080 -0.010447
v 0.023865 1.131310 -0.050662
v 0.037082 1.128050 -0.040504
v 0.000000 1.132230 -0.055818
v -0.044917 1.122290 -0.024376
v -0.047373 1.127080 -0.010447
v -0.043630 1.116330 -0.009509
v -0.023865 1.131310 -0.050662
v -0.037082 1.128050 -0.040504
v 0.012602 1.097698 0.043171
v 0.013509 1.097660 0.030423
v 0.025403 1.102305 0.043523
v 0.026963 1.102790 0.020057
v 0.028343 1.106331 0.030526
v 0.000000 1.096256 0.042982
v 0.000000 1.095730 0.033646
v 0.024739 1.120449 0.051318
v 0.012922 1.116669 0.055284
v 0.016647 1.126359 0.069991
v 0.010613 1.124209 0.076314
v 0.000000 1.116409 0.060533
v 0.000000 1.124109 0.078205
v -0.026963 1.102790 0.020057
v -0.013509 1.097660 0.030423
v -0.028343 1.106331 0.030526
v -0.025403 1.102305 0.043523
v -0.012602 1.097698 0.043171
v 0.000000 1.095730 0.033646
v -0.024739 1.120449 0.051318
v -0.016647 1.126359 0.069991
v -0.012922 1.116669 0.055284
v -0.010613 1.124209 0.076314
v 0.032921 1.111655 0.019766
v 0.037069 1.110550 0.005334
v 0.043630 1.116330 -0.009510
v 0.040123 1.119078 0.004462
v 0.047373 1.127080 -0.010447
v -0.037069 1.110550 0.005334
v -0.040123 1.119078 0.004462
v -0.043630 1.116330 -0.009509
v -0.047373 1.127080 -0.010447
v -0.032921 1.111655 0.019766
v 0.012355 1.097795 0.052035
v 0.000000 1.096190 0.061901
v 0.000000 1.096272 0.051539
v 0.011460 1.098217 0.061999
v 0.021432 1.121500 0.078977
v 0.014999 1.125550 0.085056
v 0.015694 1.118478 0.085932
v 0.008690 1.116799 0.090038
v 0.007271 1.126219 0.088580
v 0.000000 1.116071 0.091979
v 0.000000 1.126322 0.089984
v 0.009556 1.110232 0.087722
v -0.000508 1.108759 0.089228
v 0.010212 1.103761 0.080814
v 0.000000 1.101910 0.082857
v 0.010447 1.099806 0.073705
v 0.000000 1.098238 0.074519
v 0.018098 1.112404 0.084055
v 0.019477 1.105995 0.077740
v 0.019289 1.102831 0.070733
v 0.021582 1.101126 0.061956
v 0.022851 1.100978 0.053335
v -0.012355 1.097795 0.052035
v -0.011460 1.098217 0.061999
v -0.015694 1.118478 0.085932
v -0.014999 1.125550 0.085056
v -0.021432 1.121500 0.078977
v -0.007084 1.126219 0.088580
v -0.008690 1.116799 0.090038
v -0.009556 1.110232 0.087722
v -0.010212 1.103761 0.080814
v -0.010447 1.099806 0.073705
v -0.018098 1.112404 0.084055
v -0.019477 1.105995 0.077740
v -0.019289 1.102831 0.070733
v -0.021582 1.101126 0.061956
v -0.022851 1.100978 0.053335
v 0.050890 1.140477 -0.015009
v 0.058609 1.156643 -0.022465
v 0.054172 1.139997 -0.006607
v 0.050890 1.140477 -0.015009
v 0.061651 1.156473 -0.015476
v 0.064633 1.156143 -0.004483
v 0.058609 1.156643 -0.022465
v 0.025512 1.125835 0.034754
v 0.028043 1.132285 0.035495
v 0.022740 1.130335 0.024322
v 0.023189 1.137275 0.071732
v 0.031287 1.134205 0.056044
v 0.018380 1.127715 0.033033
v 0.025167 1.141700 0.029794
v 0.023189 1.137275 0.071732
v 0.022947 1.138615 0.076170
v 0.024135 1.139063 0.074511
v 0.030578 1.145820 0.051650
v 0.020094 1.154450 0.050778
v 0.025167 1.141700 0.029794
v 0.020094 1.154450 0.050778
v 0.019935 1.147290 0.027258
v 0.019697 1.150790 0.077400
v 0.024024 1.144950 0.075204
v 0.000000 1.155380 0.049125
v 0.000000 1.150340 0.024815
v 0.000000 1.150340 0.080409
v 0.013614 1.146070 0.016749
v 0.000000 1.147180 0.015084
v 0.030578 1.145820 0.051650
v 0.024135 1.139063 0.074511
v 0.031287 1.134205 0.056044
v 0.020387 1.140950 0.078793
v 0.022947 1.138615 0.076170
v -0.050890 1.140477 -0.015009
v -0.058609 1.156643 -0.022465
v -0.054172 1.139997 -0.006607
v -0.050890 1.140477 -0.015009
v -0.061651 1.156473 -0.015476
v -0.064633 1.156143 -0.004483
v -0.058609 1.156643 -0.022465
v -0.025512 1.125835 0.034754
v -0.022740 1.130335 0.024322
v -0.028043 1.132285 0.035495
v -0.023189 1.137275 0.071732
v -0.031287 1.134205 0.056044
v -0.018380 1.127715 0.033033
v -0.025167 1.141700 0.029794
v -0.023189 1.137275 0.071732
v -0.024135 1.139063 0.074511
v -0.022947 1.138615 0.076170
v -0.030578 1.145820 0.051650
v -0.025167 1.141700 0.029794
v -0.020094 1.154450 0.050778
v -0.020094 1.154450 0.050778
v -0.019935 1.147290 0.027258
v -0.024024 1.144950 0.075204
v -0.019697 1.150790 0.077400
v 0.000000 1.150340 0.024815
v -0.013614 1.146070 0.016749
v 0.000000 1.147180 0.015084
v -0.030578 1.145820 0.051650
v -0.024135 1.139063 0.074511
v -0.031287 1.134205 0.056044
v -0.020387 1.140950 0.078793
v -0.022947 1.138615 0.076170
v 0.069015 1.171630 0.000916
v 0.067585 1.187088 0.023130
v 0.065782 1.169472 0.021682
v 0.065058 1.158634 -0.000661
v 0.067317 1.189736 -0.025864
v 0.077447 1.200734 -0.037865
v 0.076286 1.187165 -0.039684
v 0.069940 1.195204 0.000558
v 0.071592 1.169528 -0.031187
v 0.063659 1.169392 -0.029082
v 0.069766 1.202344 -0.017396
v 0.067119 1.158110 -0.015980
v 0.081027 1.196645 -0.041391
v 0.079918 1.186371 -0.041763
v 0.082975 1.186456 -0.039561
v 0.084865 1.196413 -0.038316
v 0.076982 1.173597 -0.037029
v 0.080410 1.175484 -0.035125
v 0.074366 1.165462 -0.027527
v 0.076662 1.165972 -0.023531
v 0.085728 1.196835 -0.035641
v 0.083671 1.186972 -0.037033
v 0.079264 1.197871 -0.009900
v 0.082009 1.204467 -0.013287
v 0.078254 1.199785 -0.006518
v 0.081470 1.208001 -0.010449
v 0.079975 1.177246 -0.033194
v 0.076473 1.169149 -0.020670
v 0.076458 1.209158 -0.010848
v 0.079484 1.214198 -0.019459
v 0.083982 1.212600 -0.019581
v 0.069766 1.202344 -0.017396
v 0.081319 1.206839 -0.037541
v 0.085810 1.206491 -0.034984
v 0.070037 1.169130 -0.003318
v 0.072699 1.165814 -0.010176
v 0.071790 1.169169 -0.008414
v 0.086475 1.204950 -0.033061
v 0.071835 1.159184 -0.010424
v 0.074437 1.160586 -0.016220
v 0.075957 1.172482 -0.018197
v 0.067118 1.173690 -0.014481
v 0.082186 1.188806 -0.034370
v 0.079148 1.178389 -0.030950
v 0.083168 1.196825 -0.033556
v 0.072843 1.182468 -0.012928
v 0.072763 1.182298 -0.006937
v 0.072524 1.158718 -0.018899
v 0.067340 1.158237 -0.003224
v 0.066567 1.157160 -0.007249
v 0.070283 1.156914 -0.012787
v 0.075267 1.191764 -0.005917
v 0.084521 1.208733 -0.020097
v 0.082369 1.206404 -0.021795
v 0.079450 1.202349 -0.016406
v 0.076942 1.179422 -0.025385
v 0.076268 1.195057 -0.014778
v 0.076496 1.190953 -0.010768
v 0.078814 1.193263 -0.028992
v 0.071206 1.203618 -0.003228
v 0.083775 1.207166 -0.028092
v 0.086412 1.208739 -0.028029
v 0.084903 1.212591 -0.029297
v 0.079839 1.214053 -0.030545
v 0.079839 1.214053 -0.030545
v 0.000000 1.124278 0.082714
v -0.005345 1.128638 0.079416
v -0.007248 1.125408 0.081387
v 0.000000 1.119788 0.082414
v 0.007335 1.120818 0.080720
v 0.007248 1.125408 0.081387
v 0.005345 1.128638 0.079416
v 0.000000 1.127878 0.080032
v -0.007335 1.120818 0.080720
v -0.048315 1.193950 0.074275
v -0.047225 1.195790 0.074906
v -0.049041 1.195186 0.073898
v -0.046870 1.194963 0.075189
v -0.045651 1.196168 0.073494
v -0.045871 1.194805 0.073834
v -0.018814 1.194818 0.077172
v -0.019071 1.196392 0.075689
v -0.019012 1.195106 0.075538
v -0.032735 1.198056 0.061269
v -0.084907 1.212591 -0.029283
v -0.086416 1.208739 -0.028014
v -0.083986 1.212600 -0.019567
v -0.076289 1.187165 -0.039672
v -0.067318 1.189736 -0.025860
v -0.071594 1.169528 -0.031180
v -0.063660 1.169392 -0.029079
v -0.069768 1.202344 -0.017389
v -0.077451 1.200734 -0.037852
v -0.067120 1.158110 -0.015977
v -0.081030 1.196645 -0.041377
v -0.079922 1.186371 -0.041749
v -0.082978 1.186456 -0.039547
v -0.084868 1.196413 -0.038301
v -0.076665 1.165972 -0.023521
v -0.080414 1.175484 -0.035113
v -0.074369 1.165462 -0.027517
v -0.076985 1.173597 -0.037016
v -0.083674 1.186972 -0.037019
v -0.085732 1.196835 -0.035627
v -0.081473 1.208001 -0.010436
v -0.082012 1.204467 -0.013274
v -0.078256 1.199785 -0.006509
v -0.079266 1.197871 -0.009891
v -0.079978 1.177246 -0.033181
v -0.076476 1.169149 -0.020660
v -0.079488 1.214198 -0.019447
v -0.076461 1.209158 -0.010837
v -0.069768 1.202344 -0.017389
v -0.085813 1.206491 -0.034970
v -0.081323 1.206839 -0.037527
v -0.070037 1.169130 -0.003316
v -0.071791 1.169169 -0.008410
v -0.072700 1.165814 -0.010173
v -0.086478 1.204950 -0.033047
v -0.074439 1.160586 -0.016215
v -0.071835 1.159184 -0.010421
v -0.067120 1.173690 -0.014474
v -0.075960 1.172482 -0.018187
v -0.082190 1.188806 -0.034356
v -0.079151 1.178389 -0.030937
v -0.083171 1.196825 -0.033542
v -0.072763 1.182298 -0.006936
v -0.072844 1.182468 -0.012924
v -0.072525 1.158718 -0.018894
v -0.067340 1.158237 -0.003223
v -0.065661 1.158643 -0.000650
v -0.069015 1.171630 0.000916
v -0.066568 1.157160 -0.007247
v -0.070283 1.156914 -0.012783
v -0.075267 1.191764 -0.005914
v -0.069940 1.195204 0.000559
v -0.084525 1.208733 -0.020083
v -0.079453 1.202349 -0.016394
v -0.082372 1.206404 -0.021781
v -0.076944 1.179422 -0.025376
v -0.076497 1.190953 -0.010765
v -0.076269 1.195057 -0.014771
v -0.078817 1.193263 -0.028981
v -0.071208 1.203618 -0.003221
v -0.083779 1.207166 -0.028078
v -0.079842 1.214053 -0.030531
v -0.079842 1.214053 -0.030531
v 0.017086 1.128746 0.038067
v 0.018792 1.127021 0.062258
v 0.010404 1.121734 0.042482
v 0.010357 1.123091 0.062418
v 0.018736 1.132061 0.061687
v 0.016297 1.137106 0.041326
v 0.011521 1.134841 0.060310
v 0.013593 1.139576 0.032963
v 0.000000 1.134571 0.058282
v 0.000000 1.140296 0.020559
v 0.000000 1.120354 0.046404
v 0.000000 1.119591 0.061707
v 0.013517 1.124732 0.073089
v 0.012904 1.128942 0.074114
v 0.012922 1.116669 0.055284
v 0.000000 1.116409 0.060533
v 0.008561 1.132072 0.072143
v 0.000000 1.131092 0.071266
v 0.000000 1.147180 0.015084
v 0.013614 1.146070 0.016749
v 0.018380 1.127715 0.033033
v -0.010357 1.123091 0.062418
v -0.018792 1.127021 0.062258
v -0.010404 1.121734 0.042482
v -0.017086 1.128746 0.038067
v -0.018736 1.132061 0.061687
v -0.016297 1.137106 0.041326
v -0.013593 1.139576 0.032963
v -0.011521 1.134841 0.060310
v 0.000000 1.119591 0.061707
v 0.000000 1.120354 0.046404
v -0.013517 1.124732 0.073089
v -0.012904 1.128942 0.074114
v 0.000000 1.116409 0.060533
v -0.012922 1.116669 0.055284
v -0.008561 1.132072 0.072143
v -0.013614 1.146070 0.016749
v -0.018380 1.127715 0.033033
v 0.046887 1.194963 0.075431
v 0.048332 1.193950 0.074275
v 0.047425 1.195968 0.074906
v 0.049058 1.195186 0.073898
v 0.045852 1.196346 0.073494
v 0.046069 1.194802 0.073834
v 0.019089 1.196392 0.075689
v 0.018831 1.194818 0.077172
v 0.019212 1.195104 0.075538
v 0.032752 1.198056 0.061269
v -0.046162 1.196944 0.075071
v -0.042887 1.202870 0.079189
v -0.047300 1.197398 0.076212
v -0.041866 1.201778 0.079124
v -0.048392 1.197862 0.075857
v -0.043399 1.202886 0.078737
v -0.024890 1.204353 0.082125
v -0.025450 1.203140 0.081955
v -0.018984 1.201239 0.080510
v -0.020339 1.200576 0.078966
v -0.018581 1.194741 0.078787
v -0.019044 1.196749 0.077533
v -0.018129 1.196659 0.078637
v -0.021101 1.200021 0.078206
v -0.025773 1.202019 0.081009
v -0.016942 1.196980 0.079654
v -0.031270 1.204201 0.082745
v -0.031739 1.204940 0.081767
v -0.031330 1.203075 0.081847
v -0.036279 1.203013 0.081619
v -0.036616 1.204235 0.082138
v -0.036457 1.204874 0.081876
v -0.017868 1.194048 0.080853
v -0.025513 1.206168 0.081980
v -0.018805 1.202558 0.080757
v -0.016179 1.192649 0.081647
v -0.014286 1.197694 0.080494
v -0.044138 1.202734 0.077935
v -0.049452 1.198288 0.074521
v -0.060597 1.195637 0.056666
v -0.056876 1.195082 0.064828
v -0.059321 1.204397 0.060426
v -0.055889 1.202132 0.067596
v -0.050235 1.194523 0.073076
v -0.050990 1.199071 0.072812
v -0.053066 1.200497 0.070391
v -0.052128 1.194728 0.070792
v -0.054250 1.194971 0.068012
v -0.049610 1.192332 0.073193
v -0.051748 1.191602 0.071430
v -0.054366 1.189803 0.068048
v -0.065555 1.208208 0.044688
v -0.064967 1.197208 0.042853
v -0.034833 1.206387 0.081724
v -0.058962 1.219851 0.062145
v -0.064933 1.221288 0.046971
v -0.047495 1.210769 0.077445
v -0.046141 1.207075 0.077528
v -0.049484 1.215300 0.077570
v -0.044862 1.203355 0.077676
v -0.062181 1.236480 0.052958
v -0.057705 1.227426 0.064245
v -0.052575 1.241974 0.068236
v -0.050721 1.229847 0.073276
v -0.050150 1.222545 0.075845
v -0.064849 1.184195 0.042520
v -0.065782 1.169472 0.021682
v -0.062602 1.167210 0.042418
v -0.067585 1.187088 0.023130
v -0.057332 1.186952 0.064340
v -0.061166 1.185096 0.056601
v 0.025467 1.203140 0.081955
v 0.031287 1.204201 0.082745
v 0.024907 1.204353 0.082125
v 0.042905 1.202870 0.079189
v 0.041883 1.201778 0.079124
v 0.047320 1.197579 0.076212
v 0.046179 1.196944 0.075071
v 0.043415 1.202886 0.078737
v 0.048408 1.197862 0.075857
v 0.020356 1.200576 0.078966
v 0.019000 1.201239 0.080510
v 0.019061 1.196749 0.077533
v 0.018599 1.194741 0.078787
v 0.018146 1.196659 0.078637
v 0.021118 1.200021 0.078206
v 0.025790 1.202019 0.081009
v 0.016959 1.196980 0.079654
v 0.031756 1.204940 0.081767
v 0.031347 1.203075 0.081847
v 0.036296 1.203013 0.081619
v 0.036633 1.204235 0.082138
v 0.036473 1.204874 0.081876
v 0.017885 1.194048 0.080853
v -0.047417 1.185646 0.076559
v -0.042195 1.181630 0.078708
v -0.040877 1.184836 0.078959
v -0.052719 1.185419 0.071096
v -0.056248 1.182061 0.067650
v -0.015371 1.191609 0.083298
v -0.022753 1.188319 0.082836
v -0.014467 1.190415 0.084163
v -0.022961 1.186190 0.082853
v -0.045476 1.171474 0.080577
v -0.030703 1.177297 0.084074
v -0.044115 1.177011 0.079960
v -0.031191 1.180695 0.082810
v -0.031025 1.185782 0.081589
v -0.031143 1.183725 0.081629
v -0.050904 1.188470 0.073096
v -0.033306 1.161115 0.084271
v -0.040170 1.166268 0.082554
v -0.036249 1.153718 0.081719
v -0.044244 1.156602 0.078348
v -0.059644 1.177935 0.061355
v -0.049289 1.182856 0.075702
v -0.057212 1.163098 0.060212
v -0.054970 1.173822 0.070229
v -0.050387 1.159518 0.072456
v -0.052002 1.178701 0.073753
v -0.022472 1.183923 0.083732
v 0.014300 1.197694 0.080494
v 0.018819 1.202558 0.080757
v 0.016192 1.192649 0.081647
v 0.044152 1.202734 0.077935
v 0.049466 1.198288 0.074521
v 0.025526 1.206168 0.081980
v 0.060597 1.195637 0.056666
v 0.059320 1.204397 0.060426
v 0.056875 1.195082 0.064828
v 0.055888 1.202132 0.067596
v 0.050249 1.194523 0.073076
v 0.062602 1.167210 0.042418
v 0.064848 1.184195 0.042520
v 0.054251 1.194971 0.068012
v 0.053067 1.200497 0.070391
v 0.052136 1.194728 0.070792
v 0.050998 1.199071 0.072812
v 0.049624 1.192332 0.073193
v 0.064967 1.197208 0.042853
v 0.051756 1.191602 0.071430
v 0.054367 1.189803 0.068048
v 0.057331 1.186952 0.064340
v 0.061165 1.185096 0.056601
v 0.065555 1.208208 0.044688
v 0.034847 1.206387 0.081724
v -0.045542 1.188616 0.077481
v -0.045054 1.193693 0.075426
v -0.023037 1.193573 0.078881
v -0.045340 1.193446 0.077033
v -0.022830 1.193080 0.080209
v -0.039759 1.188278 0.080157
v -0.030852 1.188035 0.082322
v -0.022392 1.189800 0.082401
v -0.029266 1.192047 0.082129
v -0.029144 1.192301 0.080399
v -0.034172 1.191361 0.081699
v -0.034390 1.191417 0.080181
v -0.048543 1.190303 0.074632
v -0.030881 1.190019 0.082428
v -0.046893 1.192051 0.075663
v -0.039878 1.190222 0.080750
v -0.044448 1.190628 0.078051
v -0.022551 1.191635 0.082028
v -0.044452 1.192181 0.078310
v -0.044257 1.192406 0.076888
v -0.039607 1.191449 0.080558
v -0.039306 1.191735 0.078982
v -0.034775 1.206480 0.081766
v -0.025313 1.206138 0.082699
v -0.034964 1.209650 0.083725
v -0.028499 1.245512 0.086898
v -0.027932 1.234177 0.088964
v -0.017082 1.245626 0.091475
v -0.025869 1.209463 0.087502
v -0.037427 1.218085 0.085627
v -0.036152 1.213223 0.084712
v -0.019051 1.203529 0.083353
v -0.013571 1.199747 0.082639
v -0.039454 1.233069 0.082889
v -0.038287 1.223680 0.084943
v -0.041654 1.244427 0.079587
v -0.048009 1.116712 0.022085
v 0.064877 1.154409 0.021186
v 0.062769 1.138972 0.005873
v 0.059475 1.139067 0.000040
v 0.062573 1.136560 0.019454
v 0.059788 1.151643 0.035587
v 0.025445 1.117734 0.077660
v 0.027090 1.111046 0.071792
v 0.030576 1.124022 0.073831
v 0.035837 1.116181 0.061791
v 0.053417 1.125509 0.008257
v 0.048009 1.116714 0.022085
v 0.057697 1.128205 0.013641
v 0.052821 1.122699 0.024127
v 0.049220 1.131049 0.054991
v 0.043408 1.117826 0.048074
v 0.054999 1.131193 0.042280
v 0.046755 1.119324 0.038243
v 0.033847 1.132715 0.077803
v 0.042146 1.133345 0.069955
v 0.055569 1.148404 0.046876
v 0.057212 1.163098 0.060212
v 0.050726 1.146901 0.058899
v 0.050387 1.159518 0.072456
v 0.025065 1.127240 0.078561
v 0.044612 1.145489 0.072568
v 0.036798 1.143845 0.079925
v 0.026290 1.105875 0.066317
v 0.030769 1.107213 0.057728
v 0.058676 1.133193 0.032064
v 0.037109 1.109372 0.046066
v 0.041385 1.112242 0.035245
v 0.044243 1.156602 0.078348
v 0.036249 1.153718 0.081719
v -0.064877 1.154408 0.021186
v -0.059475 1.139066 0.000040
v -0.062769 1.138970 0.005873
v -0.062573 1.136558 0.019454
v -0.059789 1.151642 0.035587
v -0.025445 1.117734 0.077660
v -0.030576 1.124022 0.073831
v -0.027089 1.111046 0.071792
v -0.035836 1.116180 0.061791
v -0.053417 1.125507 0.008257
v -0.057697 1.128203 0.013640
v -0.052821 1.122697 0.024126
v -0.049220 1.131048 0.054991
v -0.054999 1.131191 0.042279
v -0.043407 1.117825 0.048074
v -0.046754 1.119323 0.038243
v -0.034321 1.132715 0.077803
v -0.042146 1.133344 0.069955
v -0.055569 1.148403 0.046876
v -0.050726 1.146901 0.058899
v -0.025065 1.127240 0.078561
v -0.036798 1.143845 0.079925
v -0.044612 1.145488 0.072568
v -0.026290 1.105874 0.066317
v -0.030768 1.107212 0.057728
v -0.058676 1.133192 0.032064
v -0.037108 1.109370 0.046066
v -0.041384 1.112241 0.035246
v -0.012900 1.211063 0.092318
v -0.012783 1.216683 0.094197
v -0.019349 1.212826 0.091152
v -0.017092 1.233824 0.092978
v -0.026767 1.214020 0.088758
v -0.018998 1.209046 0.088664
v -0.012766 1.205808 0.088701
v -0.027557 1.218194 0.090222
v -0.027783 1.223945 0.090127
v -0.007756 1.245043 0.094054
v -0.007621 1.229406 0.095427
v 0.000000 1.244747 0.094695
v -0.019065 1.217730 0.093161
v -0.009274 1.210493 0.092825
v -0.009381 1.206573 0.090754
v -0.009588 1.215202 0.094095
v -0.018439 1.223619 0.093409
v -0.006326 1.203592 0.091100
v -0.005413 1.198255 0.091697
v -0.003326 1.204014 0.091569
v 0.003341 1.204014 0.091569
v 0.000002 1.211064 0.093558
v 0.000008 1.203247 0.092228
v 0.008707 1.201348 0.089335
v 0.005434 1.198255 0.091697
v 0.008385 1.196632 0.090332
v 0.000011 1.198175 0.092335
v 0.004376 1.193209 0.093647
v 0.000011 1.193163 0.094222
v 0.010447 1.196934 0.083969
v 0.011160 1.193591 0.086330
v 0.010255 1.190687 0.087900
v -0.008697 1.201348 0.089335
v -0.008365 1.196632 0.090332
v -0.010433 1.196934 0.083969
v -0.013747 1.188094 0.085282
v -0.011144 1.193591 0.086330
v -0.010239 1.190687 0.087900
v -0.004354 1.193209 0.093647
v 0.030575 1.141946 0.081949
v 0.028050 1.134391 0.079795
v 0.025272 1.131827 0.080144
v 0.020088 1.127859 0.081230
v 0.020816 1.133317 0.083753
v -0.014425 1.171758 0.090625
v -0.012012 1.172311 0.093495
v -0.014857 1.174624 0.089784
v -0.014523 1.159529 0.090140
v -0.015706 1.162408 0.089887
v -0.014359 1.159250 0.089116
v -0.015541 1.163289 0.088513
v -0.014980 1.163611 0.092799
v -0.013555 1.161156 0.092923
v -0.013858 1.169287 0.091162
v -0.016325 1.165598 0.088198
v -0.014712 1.167083 0.090897
v -0.017468 1.169295 0.087991
v -0.016964 1.161122 0.086710
v -0.022122 1.163789 0.086440
v -0.018473 1.172642 0.087168
v -0.025884 1.167684 0.086221
v -0.012720 1.170629 0.094430
v -0.029515 1.173243 0.085241
v -0.020755 1.177268 0.086246
v -0.010690 1.188027 0.088934
v -0.013537 1.185235 0.086213
v -0.010338 1.181949 0.090296
v -0.013800 1.180036 0.087273
v -0.011340 1.176342 0.092141
v -0.009803 1.172791 0.099125
v -0.009542 1.169989 0.102252
v -0.013398 1.168924 0.095355
v -0.009496 1.166468 0.102831
v -0.013366 1.164873 0.097167
v -0.008432 1.178187 0.095773
v -0.008392 1.184047 0.093108
v -0.022007 1.181318 0.085160
v -0.011690 1.162189 0.097312
v -0.008825 1.162800 0.102332
v -0.007853 1.191180 0.091783
v 0.014469 1.190415 0.084163
v 0.052720 1.185419 0.071096
v 0.056248 1.182061 0.067650
v 0.022963 1.186190 0.082853
v 0.022761 1.188319 0.082836
v 0.015379 1.191609 0.083298
v 0.045476 1.171474 0.080577
v 0.044114 1.177011 0.079960
v 0.030702 1.177297 0.084074
v 0.031191 1.180695 0.082810
v 0.031144 1.183725 0.081629
v 0.031033 1.185782 0.081589
v 0.050912 1.188470 0.073096
v 0.033306 1.161115 0.084271
v 0.040170 1.166268 0.082554
v 0.059644 1.177935 0.061355
v 0.049290 1.182856 0.075702
v 0.047425 1.185646 0.076559
v 0.042196 1.181630 0.078708
v 0.040885 1.184836 0.078959
v 0.054969 1.173822 0.070229
v 0.052001 1.178701 0.073753
v 0.022471 1.183923 0.083732
v 0.013751 1.188094 0.085282
v 0.029243 1.151077 0.083069
v 0.027033 1.142129 0.082783
v 0.019596 1.140063 0.087205
v 0.016124 1.141784 0.090730
v 0.019061 1.139145 0.087454
v 0.015644 1.141013 0.091181
v 0.018612 1.136583 0.081896
v 0.019001 1.136757 0.084037
v 0.016770 1.136008 0.084834
v 0.017555 1.136395 0.086445
v 0.020044 1.137858 0.085484
v 0.021433 1.138488 0.085209
v 0.027061 1.157531 0.085167
v 0.025351 1.149027 0.084276
v 0.022390 1.155017 0.085880
v 0.022427 1.144255 0.085359
v 0.018627 1.147583 0.088080
v 0.020605 1.141450 0.086643
v 0.016581 1.143449 0.089670
v 0.025378 1.140707 0.083722
v 0.023549 1.139319 0.084415
v 0.018161 1.137414 0.087106
v 0.019286 1.137237 0.085233
v 0.014049 1.138635 0.090566
v 0.012586 1.137223 0.089732
v 0.011592 1.136483 0.087561
v 0.016770 1.136008 0.084834
v 0.018382 1.138864 0.084415
v 0.018612 1.136583 0.081896
v 0.011592 1.136483 0.087561
v 0.011708 1.139384 0.086128
v 0.005662 1.136042 0.091053
v 0.005011 1.139130 0.088534
v 0.002794 1.143806 0.097157
v 0.000000 1.143418 0.097590
v 0.002504 1.142728 0.097286
v 0.000000 1.141891 0.097679
v 0.005155 1.137550 0.094273
v 0.005662 1.136042 0.091053
v 0.008772 1.137770 0.092535
v 0.011485 1.142888 0.093938
v 0.005490 1.144467 0.096389
v 0.010939 1.141777 0.094928
v 0.005442 1.142488 0.096924
v 0.012295 1.149325 0.091054
v 0.011390 1.144814 0.092652
v 0.001916 1.137810 0.094600
v 0.000000 1.135805 0.092560
v 0.010080 1.138721 0.093538
v 0.005260 1.139352 0.095504
v 0.002369 1.139570 0.096193
v 0.000000 1.139229 0.096516
v 0.006125 1.145970 0.095483
v 0.002827 1.147424 0.095457
v 0.000000 1.147100 0.095794
v 0.000000 1.137829 0.094939
v 0.000000 1.135805 0.092560
v 0.000000 1.138997 0.089642
v -0.002504 1.142728 0.097286
v -0.002794 1.143806 0.097157
v -0.002369 1.139570 0.096193
v -0.002827 1.147424 0.095457
v -0.001916 1.137810 0.094600
v 0.019001 1.136757 0.084037
v 0.019473 1.136481 0.084796
v 0.019286 1.137237 0.085233
v 0.021774 1.136102 0.084640
v 0.020319 1.136382 0.085012
v 0.020010 1.133544 0.084790
v 0.019271 1.134695 0.085121
v 0.016755 1.133633 0.086843
v 0.016952 1.132406 0.086087
v 0.018738 1.136370 0.081824
v 0.018583 1.135988 0.081740
v 0.018986 1.136408 0.083615
v 0.018442 1.135822 0.083710
v 0.026974 1.136241 0.081214
v 0.024406 1.135586 0.083141
v 0.014798 1.130698 0.086220
v 0.025716 1.137321 0.082531
v 0.018583 1.135988 0.081740
v 0.015152 1.135990 0.083655
v 0.015955 1.135585 0.085171
v 0.018692 1.135456 0.084824
v 0.016547 1.135135 0.086150
v 0.018583 1.135988 0.081740
v 0.018738 1.136370 0.081824
v 0.015152 1.135990 0.083655
v 0.018738 1.136370 0.081824
v 0.008626 1.150147 0.092757
v 0.005093 1.150831 0.095013
v 0.000000 1.149990 0.094624
v 0.002560 1.149855 0.094572
v -0.000001 1.153689 0.094849
v 0.001777 1.148685 0.094719
v 0.000000 1.148424 0.094897
v 0.000007 1.188000 0.096273
v -0.009902 1.159010 0.093235
v -0.011295 1.159680 0.092328
v -0.010632 1.157214 0.091363
v -0.011761 1.158108 0.090708
v -0.010545 1.156233 0.090884
v -0.011740 1.157660 0.089693
v -0.000001 1.155712 0.096762
v -0.003190 1.153771 0.095309
v -0.003063 1.156033 0.096440
v -0.002560 1.149855 0.094572
v -0.001777 1.148685 0.094719
v -0.009466 1.160924 0.097343
v -0.008628 1.159955 0.097107
v -0.006702 1.159494 0.100749
v -0.007578 1.161196 0.101576
v -0.006842 1.171554 0.106659
v -0.006748 1.168032 0.107598
v -0.003989 1.172613 0.108233
v -0.003397 1.168382 0.109352
v -0.005687 1.176368 0.102546
v -0.004709 1.186879 0.095693
v -0.000056 1.183090 0.099688
v -0.005867 1.181729 0.099306
v -0.002960 1.160492 0.105586
v -0.005166 1.161176 0.103931
v -0.004322 1.159272 0.101419
v -0.008282 1.156869 0.093249
v -0.007724 1.160542 0.093150
v -0.006673 1.160992 0.095435
v -0.005231 1.157758 0.095339
v -0.006214 1.163272 0.106547
v -0.006264 1.160910 0.097652
v -0.003308 1.163158 0.108279
v -0.000001 1.160312 0.106927
v -0.000001 1.163015 0.108998
v -0.000001 1.157751 0.102734
v -0.003058 1.158329 0.102117
v -0.005093 1.150516 0.095013
v -0.005861 1.154289 0.094207
v -0.008214 1.154809 0.092586
v -0.000001 1.168881 0.110034
v 0.005898 1.154206 0.094191
v 0.009967 1.158869 0.093208
v 0.010696 1.157072 0.091336
v 0.011367 1.159524 0.092298
v 0.011833 1.157952 0.090678
v 0.011808 1.157513 0.089665
v 0.010605 1.156100 0.090859
v 0.003198 1.153751 0.095305
v 0.003071 1.156013 0.096436
v 0.014597 1.159368 0.090109
v 0.014433 1.159090 0.089086
v 0.015779 1.162247 0.089857
v 0.015615 1.163128 0.088483
v 0.013629 1.160995 0.092893
v 0.015053 1.163450 0.092768
v 0.016372 1.165497 0.088179
v 0.014786 1.166922 0.090867
v 0.013923 1.169146 0.091135
v 0.017497 1.169233 0.087979
v 0.014469 1.171663 0.090606
v 0.017001 1.161040 0.086694
v 0.022140 1.163749 0.086432
v 0.025893 1.167665 0.086217
v 0.018491 1.172602 0.087161
v 0.012081 1.172159 0.093467
v 0.012794 1.170468 0.094399
v 0.009537 1.160768 0.097314
v 0.008692 1.159814 0.097081
v 0.029519 1.173234 0.085239
v 0.020764 1.177248 0.086242
v 0.010710 1.188017 0.088932
v 0.013545 1.185227 0.086212
v 0.010364 1.181958 0.090302
v 0.011392 1.176239 0.092122
v 0.013819 1.180001 0.087266
v 0.014887 1.174562 0.089772
v 0.009876 1.172630 0.099094
v 0.000000 1.172857 0.108871
v 0.003997 1.172593 0.108229
v 0.000003 1.177177 0.104335
v 0.005714 1.176308 0.102534
v 0.003404 1.168363 0.109348
v 0.013472 1.168763 0.095324
v 0.009616 1.169828 0.102222
v 0.007647 1.161044 0.101548
v 0.006767 1.159352 0.100722
v 0.013440 1.164712 0.097137
v 0.009569 1.166307 0.102801
v 0.006877 1.171485 0.106649
v 0.006783 1.167961 0.107587
v 0.005890 1.181689 0.099298
v 0.004731 1.186859 0.095689
v 0.002967 1.160472 0.105582
v 0.004356 1.159196 0.101408
v 0.005200 1.161101 0.103919
v 0.008337 1.156747 0.093226
v 0.007780 1.160421 0.093127
v 0.005265 1.157682 0.095328
v 0.006729 1.160871 0.095412
v 0.008490 1.178071 0.095750
v 0.008899 1.162639 0.102301
v 0.006249 1.163198 0.106536
v 0.008429 1.183993 0.093097
v 0.006319 1.160789 0.097629
v 0.003316 1.163138 0.108275
v 0.003066 1.158309 0.102113
v 0.022008 1.181314 0.085159
v 0.013944 1.154921 0.088896
v 0.011141 1.154014 0.090719
v 0.008261 1.154707 0.092567
v 0.011763 1.162028 0.097281
v 0.007877 1.191171 0.091781
v -0.013907 1.155003 0.088915
v -0.011095 1.154115 0.090742
v -0.005156 1.137551 0.094276
v -0.008773 1.137771 0.092542
v -0.005662 1.136043 0.091055
v -0.005443 1.142489 0.096926
v -0.005491 1.144468 0.096392
v -0.010941 1.141777 0.094935
v -0.011488 1.142889 0.093945
v -0.015646 1.141014 0.091189
v -0.016126 1.141785 0.090738
v -0.027061 1.157531 0.085168
v -0.022391 1.155017 0.085882
v -0.018629 1.147584 0.088087
v -0.016583 1.143450 0.089678
v -0.012297 1.149326 0.091061
v -0.011392 1.144814 0.092659
v -0.006126 1.145971 0.095486
v -0.008627 1.150147 0.092759
v -0.010083 1.138722 0.093545
v -0.014051 1.138636 0.090574
v -0.005261 1.139352 0.095507
v -0.012588 1.137224 0.089741
v -0.011593 1.136484 0.087570
v -0.005012 1.139131 0.088536
v -0.005662 1.136043 0.091055
v -0.011709 1.139386 0.086137
v -0.011593 1.136484 0.087570
v -0.018340 1.138879 0.084461
v -0.019555 1.140077 0.087251
v -0.019020 1.139160 0.087500
v -0.018562 1.136600 0.081947
v -0.016727 1.136024 0.084881
v -0.018951 1.136774 0.084088
v -0.017511 1.136410 0.086491
v -0.021384 1.138503 0.085261
v -0.019995 1.137874 0.085536
v -0.030564 1.141949 0.081962
v -0.029238 1.151078 0.083075
v -0.025340 1.149030 0.084289
v -0.027008 1.142136 0.082811
v -0.025247 1.131833 0.080169
v -0.028038 1.134393 0.079807
v -0.020082 1.127860 0.081236
v -0.020791 1.133325 0.083778
v -0.020565 1.141464 0.086690
v -0.022360 1.144163 0.085430
v -0.023500 1.139333 0.084466
v -0.025336 1.140718 0.083768
v -0.018118 1.137429 0.087152
v -0.019237 1.137254 0.085284
v -0.018562 1.136600 0.081947
v -0.016727 1.136024 0.084881
v 0.025319 1.206147 0.082699
v 0.013579 1.199751 0.082639
v 0.019056 1.203538 0.083353
v -0.018517 1.135999 0.081778
v -0.018681 1.136387 0.081878
v -0.019204 1.134704 0.085160
v -0.020261 1.136399 0.085065
v -0.019944 1.133554 0.084828
v -0.021716 1.136118 0.084694
v -0.016678 1.133634 0.086852
v -0.016874 1.132407 0.086097
v -0.018377 1.135832 0.083748
v -0.018517 1.135999 0.081778
v -0.018929 1.136425 0.083669
v -0.018681 1.136387 0.081878
v -0.026938 1.136249 0.081249
v -0.024349 1.135600 0.083195
v -0.014758 1.130698 0.086220
v -0.025667 1.137330 0.082572
v -0.015698 1.135581 0.085181
v -0.015075 1.135991 0.083664
v -0.016290 1.135131 0.086160
v -0.018626 1.135466 0.084862
v -0.019415 1.136498 0.084850
v -0.019237 1.137254 0.085284
v -0.018951 1.136774 0.084088
v -0.018562 1.136600 0.081947
v -0.015075 1.135991 0.083664
v -0.018681 1.136387 0.081878
v -0.065558 1.242150 0.043072
v -0.069422 1.225580 0.034551
v 0.058638 1.260100 0.049270
v 0.054704 1.250090 0.060787
v 0.065558 1.242150 0.043072
v 0.033345 1.273200 0.070590
v 0.021484 1.275800 0.075783
v 0.029937 1.259300 0.081668
v 0.018872 1.260530 0.086085
v 0.008446 1.261180 0.088597
v 0.010109 1.277300 0.078812
v 0.000000 1.277540 0.079999
v 0.000000 1.261060 0.089861
v 0.007755 1.245044 0.094054
v 0.017081 1.245628 0.091475
v 0.028499 1.245515 0.086898
v 0.069422 1.225580 0.034551
v 0.046195 1.267910 0.062623
v 0.043770 1.255360 0.072735
v -0.054704 1.250090 0.060787
v -0.058638 1.260100 0.049270
v -0.018872 1.260530 0.086085
v -0.021484 1.275800 0.075783
v -0.029937 1.259300 0.081668
v -0.033345 1.273200 0.070590
v -0.008446 1.261180 0.088597
v -0.010109 1.277300 0.078812
v -0.043770 1.255360 0.072735
v -0.046195 1.267910 0.062623
v 0.004237 1.220029 0.095066
v 0.003507 1.211039 0.093418
v 0.000000 1.220631 0.095166
v 0.000000 1.230382 0.095731
v -0.003503 1.211039 0.093418
v -0.006155 1.210562 0.093307
v -0.007297 1.217510 0.094678
v -0.004237 1.220029 0.095066
v -0.011216 1.221635 0.095054
v 0.064932 1.221290 0.046971
v 0.062181 1.236484 0.052958
v 0.058961 1.219855 0.062145
v 0.027930 1.234188 0.088964
v 0.052574 1.241982 0.068236
v 0.046142 1.207098 0.077528
v 0.047493 1.210791 0.077445
v 0.049483 1.215322 0.077570
v 0.034781 1.206492 0.081766
v 0.034965 1.209669 0.083725
v 0.025870 1.209477 0.087502
v 0.044867 1.203370 0.077676
v 0.050720 1.229866 0.073276
v 0.057704 1.227437 0.064245
v 0.036151 1.213242 0.084712
v 0.037426 1.218104 0.085627
v 0.050149 1.222568 0.075845
v 0.038286 1.223700 0.084943
v 0.039453 1.233084 0.082889
v 0.041654 1.244433 0.079587
v 0.027782 1.223956 0.090127
v 0.027556 1.218205 0.090222
v 0.017091 1.233827 0.092978
v 0.018999 1.209052 0.088664
v 0.019348 1.212831 0.091152
v 0.026766 1.214032 0.088758
v 0.012898 1.211060 0.092318
v 0.012767 1.205807 0.088701
v 0.006156 1.210556 0.093307
v 0.007296 1.217502 0.094678
v 0.009380 1.206563 0.090754
v 0.006334 1.203602 0.091104
v 0.009273 1.210484 0.092825
v 0.007620 1.229403 0.095427
v 0.012782 1.216680 0.094197
v 0.019063 1.217735 0.093161
v 0.009587 1.215193 0.094095
v 0.018438 1.223624 0.093409
v 0.011215 1.221631 0.095054
v 0.039323 1.191735 0.078982
v 0.034407 1.191417 0.080181
v 0.039624 1.191449 0.080558
v 0.045252 1.193690 0.075426
v 0.023054 1.193573 0.078881
v 0.045538 1.193443 0.077033
v 0.022848 1.193080 0.080209
v 0.045556 1.188616 0.077481
v 0.039772 1.188278 0.080157
v 0.022406 1.189800 0.082401
v 0.030865 1.188035 0.082322
v 0.029162 1.192301 0.080399
v 0.034189 1.191361 0.081699
v 0.029283 1.192047 0.082129
v 0.048557 1.190303 0.074632
v 0.030898 1.190019 0.082428
v 0.046910 1.192051 0.075663
v 0.044465 1.190628 0.078051
v 0.039894 1.190222 0.080750
v 0.022568 1.191635 0.082028
v 0.044470 1.192181 0.078310
v 0.044274 1.192406 0.076888
v -0.000171 1.129674 0.092756
v 0.006186 1.130528 0.091887
v 0.000000 1.132480 0.092977
v 0.006211 1.129618 0.091131
v -0.000171 1.128146 0.091776
v 0.012567 1.131007 0.089103
v 0.012178 1.131939 0.089745
v 0.006705 1.130683 0.090192
v -0.000186 1.130564 0.091698
v 0.010886 1.135659 0.088196
v 0.010666 1.136336 0.085271
v 0.004675 1.135572 0.090899
v 0.004036 1.136318 0.087913
v 0.000000 1.136277 0.088657
v 0.000000 1.135899 0.091727
v 0.005711 1.132952 0.091834
v 0.011737 1.134560 0.089037
v 0.010666 1.136336 0.085271
v 0.004036 1.136318 0.087913
v 0.000000 1.136277 0.088657
v -0.006177 1.130528 0.091887
v -0.006183 1.129617 0.091132
v -0.012112 1.131938 0.089746
v -0.012500 1.131007 0.089104
v -0.006705 1.130683 0.090192
v -0.010600 1.136336 0.085271
v -0.010820 1.135659 0.088197
v -0.004666 1.135572 0.090899
v -0.004027 1.136318 0.087913
v 0.000000 1.136277 0.088657
v -0.005702 1.132952 0.091834
v -0.011671 1.134559 0.089037
v -0.010600 1.136336 0.085271
v -0.004027 1.136318 0.087913
v 0.000000 1.136277 0.088657
v 0.018735 1.135893 0.080360
v 0.025435 1.137933 0.072078
v 0.018735 1.150132 0.080360
v 0.025435 1.150272 0.072078
v 0.009741 1.136292 0.084601
v 0.010177 1.149942 0.084601
v -0.000017 1.136023 0.085389
v -0.000017 1.150382 0.085389
v -0.000017 1.135592 0.082626
v 0.009293 1.135922 0.082370
v 0.017262 1.135562 0.078289
v 0.022703 1.137012 0.072079
v 0.028095 1.136322 0.051529
v 0.028057 1.148722 0.051668
v 0.025362 1.136002 0.052125
v -0.018770 1.135893 0.080360
v -0.018770 1.150132 0.080360
v -0.025470 1.137943 0.072078
v -0.025470 1.150283 0.072078
v -0.009776 1.136303 0.084601
v -0.010212 1.149952 0.084601
v -0.000017 1.136023 0.085389
v -0.000017 1.150382 0.085389
v -0.000017 1.135592 0.082626
v -0.009327 1.135922 0.082370
v -0.017296 1.135572 0.078289
v -0.022737 1.137022 0.072079
v -0.028091 1.148722 0.051668
v -0.028129 1.136332 0.051529
v -0.025396 1.136002 0.052125
v 0.017387 1.138234 0.077639
v 0.017387 1.125464 0.075934
v 0.023606 1.136934 0.069356
v 0.023606 1.124974 0.067651
v 0.009040 1.138004 0.081880
v 0.009445 1.125414 0.080175
v -0.000016 1.137904 0.082667
v -0.000016 1.125454 0.080962
v -0.000016 1.138004 0.079905
v -0.000016 1.137904 0.082667
v 0.008625 1.138154 0.079649
v 0.009040 1.138004 0.081880
v 0.016021 1.138384 0.075567
v 0.021070 1.137544 0.069357
v 0.026074 1.136664 0.048806
v 0.026039 1.124614 0.047241
v 0.023538 1.137094 0.049403
v -0.017420 1.138244 0.077639
v -0.023638 1.136934 0.069356
v -0.017420 1.125464 0.075934
v -0.023638 1.124974 0.067651
v -0.009073 1.138004 0.081880
v -0.009477 1.125414 0.080175
v -0.000016 1.137904 0.082667
v -0.000016 1.125454 0.080962
v -0.000016 1.138004 0.079905
v -0.008656 1.138154 0.079649
v -0.000016 1.137904 0.082667
v -0.009073 1.138004 0.081880
v -0.016052 1.138384 0.075567
v -0.021102 1.137544 0.069357
v -0.026106 1.136674 0.048806
v -0.026071 1.124624 0.047241
v -0.023570 1.137094 0.049403
v 0.005999 1.727660 -0.005999
v -0.005999 1.727660 -0.005999
v 0.005999 1.715670 -0.005999
v -0.005999 1.715670 -0.005999
v 0.005999 1.715670 -0.005999
v -0.005999 1.715670 -0.005999
v 0.005999 1.715670 0.005999
v -0.005999 1.715670 0.005999
v 0.005999 1.715670 0.005999
v -0.005999 1.715670 0.005999
v 0.005999 1.727660 0.005999
v -0.005999 1.727660 0.005999
v 0.005999 1.727660 0.005999
v -0.005999 1.727660 0.005999
v 0.005999 1.727660 -0.005999
v -0.005999 1.727660 -0.005999
v -0.005999 1.727660 -0.005999
v -0.005999 1.727660 0.005999
v -0.005999 1.715670 -0.005999
v -0.005999 1.715670 0.005999
v 0.005999 1.727660 0.005999
v 0.005999 1.727660 -0.005999
v 0.005999 1.715670 0.005999
v 0.005999 1.715670 -0.005999
v 0.031347 1.203075 0.081847
v 0.033346 1.206961 0.087601
v 0.037919 1.206975 0.086720
v 0.031347 1.203075 0.081847
v 0.037919 1.206975 0.086720
v 0.033346 1.206961 0.087601
v 0.036296 1.203013 0.081619
v 0.036296 1.203013 0.081619
v 0.044298 1.204881 0.084557
v 0.041883 1.201778 0.079124
v 0.046842 1.202953 0.083158
v 0.018460 1.197674 0.083368
v 0.021154 1.200020 0.078259
v 0.019185 1.200327 0.084528
v 0.025790 1.202019 0.081009
v 0.028484 1.206217 0.087767
v 0.023607 1.204378 0.087254
v 0.020758 1.202766 0.085996
v 0.049114 1.199993 0.080370
v 0.046538 1.196758 0.074890
v 0.050468 1.197500 0.077367
v 0.049114 1.199993 0.080370
v 0.041124 1.206083 0.085589
v 0.019157 1.196748 0.077676
v 0.046538 1.196758 0.074890
v 0.018460 1.197674 0.083368
v 0.019185 1.200327 0.084528
v 0.021154 1.200020 0.078259
v 0.025790 1.202019 0.081009
v 0.023607 1.204378 0.087254
v 0.028484 1.206217 0.087767
v 0.020758 1.202766 0.085996
v 0.041883 1.201778 0.079124
v 0.046842 1.202953 0.083158
v 0.049114 1.199993 0.080370
v 0.044298 1.204881 0.084557
v 0.041124 1.206083 0.085589
v 0.019157 1.196748 0.077676
v 0.046538 1.196758 0.074890
v 0.049114 1.199993 0.080370
v 0.050468 1.197500 0.077367
v 0.046538 1.196758 0.074890
v -0.031330 1.203075 0.081847
v -0.036279 1.203013 0.081619
v -0.037901 1.206975 0.086720
v -0.031330 1.203075 0.081847
v -0.033329 1.206961 0.087601
v -0.037901 1.206975 0.086720
v -0.036279 1.203013 0.081619
v -0.033329 1.206961 0.087601
v -0.041107 1.206083 0.085589
v -0.018449 1.198085 0.083074
v -0.019168 1.200327 0.084528
v -0.021137 1.200020 0.078259
v -0.025773 1.202019 0.081009
v -0.023589 1.204378 0.086960
v -0.028467 1.206217 0.087767
v -0.020741 1.202766 0.085996
v -0.041866 1.201778 0.079124
v -0.046825 1.202953 0.083158
v -0.049097 1.199993 0.080370
v -0.044280 1.204881 0.084557
v -0.041107 1.206083 0.085589
v -0.019140 1.196748 0.077676
v -0.046162 1.196944 0.075071
v -0.049097 1.199993 0.080370
v -0.050451 1.197500 0.077367
v -0.046162 1.196944 0.075071
v -0.018449 1.198085 0.083074
v -0.021137 1.200020 0.078259
v -0.019168 1.200327 0.084528
v -0.025773 1.202019 0.081009
v -0.028467 1.206217 0.087767
v -0.023589 1.204378 0.086960
v -0.020741 1.202766 0.085996
v -0.041866 1.201778 0.079124
v -0.049097 1.199993 0.080370
v -0.046825 1.202953 0.083158
v -0.046162 1.196944 0.075071
v -0.050451 1.197500 0.077367
v -0.049097 1.199993 0.080370
v -0.044280 1.204881 0.084557
v -0.019140 1.196748 0.077676
v -0.046162 1.196944 0.075071
v 0.004787 0.511283 0.010720
v 0.012827 0.443838 -0.028633
v 0.007386 0.443840 0.009717
v 0.004787 0.511283 0.010720
v 0.007386 0.443840 0.009717
v 0.009576 0.511142 0.041143
v 0.013298 0.442893 0.037501
v 0.068471 0.443728 0.073033
v 0.066424 0.511233 0.077595
v 0.030351 0.443800 0.063344
v 0.028236 0.511375 0.068247
v 0.102944 0.511261 0.060400
v 0.102444 0.443966 0.056771
v 0.115845 0.511284 0.013548
v 0.115250 0.443856 0.012631
v 0.104032 0.511284 -0.037554
v 0.115845 0.511284 0.013548
v 0.105155 0.443820 -0.033222
v 0.115250 0.443856 0.012631
v 0.071011 0.443345 -0.061330
v 0.068161 0.623143 -0.081071
v 0.104575 0.590097 -0.041467
v 0.068577 0.590052 -0.076839
v 0.114402 0.639726 0.011045
v 0.116608 0.590144 0.012599
v 0.104311 0.633728 -0.043781
v 0.025645 0.613871 -0.077788
v 0.027531 0.590052 -0.071762
v 0.002337 0.590108 0.004991
v 0.008306 0.590130 0.039490
v 0.027631 0.590208 0.071158
v 0.064343 0.590160 0.081599
v 0.069035 0.510929 -0.067311
v 0.031331 0.510928 -0.061617
v 0.102534 0.590166 0.061282
v 0.116608 0.590144 0.012599
v 0.102864 0.654998 -0.045364
v 0.067710 0.633910 -0.083362
v 0.006518 0.622047 0.038177
v 0.027699 0.631008 0.072595
v 0.026169 0.637880 0.074085
v 0.010575 0.511276 -0.032417
v 0.008832 0.590196 -0.040453
v 0.002553 0.615151 0.002306
v 0.007298 0.614899 -0.042526
v 0.062445 0.635713 0.082447
v 0.102290 0.640605 0.061000
v 0.114402 0.639726 0.011045
v 0.002337 0.590108 0.004991
v 0.002553 0.615151 0.002306
v 0.033881 0.443345 -0.055671
v 0.115428 0.396511 0.010627
v 0.014354 0.392416 -0.026956
v 0.009130 0.393236 0.007521
v 0.073152 0.392811 -0.058508
v 0.106332 0.394528 -0.030734
v 0.036574 0.392051 -0.052999
v 0.015784 0.394303 0.034423
v 0.009130 0.393236 0.007521
v 0.069313 0.394674 0.068018
v 0.102922 0.395223 0.052227
v 0.032724 0.394102 0.058765
v 0.115428 0.396511 0.010627
v 0.110265 0.375384 0.009288
v 0.017979 0.351681 0.006324
v 0.015234 0.370285 -0.027018
v 0.019123 0.362469 -0.027040
v 0.038144 0.341455 -0.048444
v 0.037814 0.351292 -0.052773
v 0.075552 0.341348 -0.054721
v 0.075039 0.351086 -0.059041
v 0.107750 0.334952 -0.034454
v 0.078618 0.283207 -0.064701
v 0.110603 0.281300 -0.039278
v 0.111944 0.339122 0.005873
v 0.116940 0.277080 0.000205
v 0.111944 0.339122 0.005873
v 0.104233 0.331034 0.041853
v 0.116940 0.277080 0.000205
v 0.104284 0.274351 0.033614
v 0.072309 0.325652 0.055905
v 0.073522 0.273508 0.049115
v 0.020152 0.332533 -0.027795
v 0.036118 0.325997 0.049537
v 0.038737 0.273721 0.044662
v 0.012676 0.332130 0.005487
v 0.024940 0.310893 0.027473
v 0.019477 0.330598 0.029217
v 0.019410 0.280296 -0.030150
v 0.018624 0.318917 0.004613
v 0.014841 0.277132 0.001851
v 0.102985 0.382681 -0.031378
v 0.073859 0.377164 -0.058708
v 0.037039 0.376767 -0.052914
v 0.070781 0.364351 0.064514
v 0.034029 0.363690 0.055671
v 0.010540 0.367410 0.006824
v 0.018784 0.346400 0.030632
v 0.017917 0.366145 0.032400
v 0.115427 0.356200 0.007570
v 0.102754 0.366554 0.048771
v 0.010540 0.367410 0.006824
v 0.017979 0.351681 0.006324
v 0.016104 0.348402 -0.027080
v 0.012676 0.332130 0.005487
v 0.024055 0.275409 0.024332
v 0.014841 0.277132 0.001851
v 0.018624 0.318917 0.004613
v 0.110265 0.375384 0.009288
v 0.115427 0.356200 0.007570
v 0.106919 0.355796 -0.032840
v 0.037303 0.368093 -0.048761
v 0.074261 0.368285 -0.054716
v 0.040115 0.282724 -0.058364
v 0.033920 0.334209 0.026819
v 0.034420 0.275322 0.018907
v 0.049224 0.329478 0.044562
v 0.051707 0.274428 0.036907
v 0.093581 0.334067 0.032668
v 0.075428 0.274889 0.041051
v 0.097293 0.276726 0.024703
v 0.100356 0.341426 0.008639
v 0.107761 0.280426 -0.006257
v 0.088007 0.349695 -0.021002
v 0.097865 0.282820 -0.036823
v 0.065366 0.348391 -0.032457
v 0.065659 0.283448 -0.049351
v 0.042019 0.348047 -0.025655
v 0.034147 0.281073 -0.035652
v 0.036833 0.219460 0.007403
v 0.052638 0.219460 0.026685
v 0.077242 0.219469 0.030000
v 0.099010 0.219487 0.015267
v 0.107677 0.219504 -0.015315
v 0.097018 0.219507 -0.042563
v 0.066729 0.219505 -0.053691
v 0.036168 0.219495 -0.038720
v 0.099004 0.156440 -0.021123
v 0.094136 0.156799 0.005412
v 0.076363 0.157381 0.018874
v 0.039954 0.158111 -0.007452
v 0.053181 0.157620 0.013923
v 0.045045 0.157046 -0.036487
v 0.068598 0.155829 -0.049488
v 0.088883 0.156153 -0.040943
v 0.028931 0.337952 0.011072
v 0.026466 0.277466 0.000034
v 0.030535 0.219460 -0.005791
v 0.039954 0.158111 -0.007452
v 0.066845 0.327703 0.048210
v 0.028931 0.337952 0.011072
v 0.026466 0.277466 0.000034
v 0.030535 0.219460 -0.005791
v 0.078618 0.283207 -0.064701
v 0.065366 0.348391 -0.032457
v 0.040115 0.282724 -0.058364
v 0.042019 0.348047 -0.025655
v 0.110603 0.281300 -0.039278
v 0.088007 0.349695 -0.021002
v 0.116940 0.277080 0.000205
v 0.100356 0.341426 0.008639
v 0.104284 0.274351 0.033614
v 0.093581 0.334067 0.032668
v 0.073522 0.273508 0.049115
v 0.066845 0.327703 0.048210
v 0.019410 0.280296 -0.030150
v 0.049224 0.329478 0.044562
v 0.038737 0.273721 0.044662
v 0.014841 0.277132 0.001851
v 0.028931 0.337952 0.011072
v 0.024055 0.275409 0.024332
v 0.033920 0.334209 0.026819
v 0.000000 0.624727 -0.081607
v 0.000000 0.654583 -0.090612
v 0.024282 0.624653 -0.084599
v 0.024405 0.654607 -0.092376
v 0.000000 0.621136 0.038953
v 0.000000 0.615371 0.002321
v 0.000000 0.616747 -0.042782
v 0.000000 0.615371 0.002321
v 0.000000 0.624727 -0.081607
v -0.024282 0.624653 -0.084599
v 0.000000 0.654583 -0.090612
v -0.024405 0.654607 -0.092376
v 0.000000 0.621136 0.038953
v -0.006518 0.622047 0.038177
v 0.000000 0.615371 0.002321
v -0.002553 0.615151 0.002306
v -0.067710 0.633910 -0.083362
v -0.114402 0.639726 0.011045
v -0.102864 0.654998 -0.045364
v -0.104311 0.633728 -0.043781
v -0.068161 0.623143 -0.081071
v -0.025645 0.613871 -0.077788
v -0.026169 0.637880 0.074085
v -0.027699 0.631008 0.072595
v -0.009906 0.629135 0.056135
v 0.000000 0.636142 0.076293
v -0.014604 0.637112 0.075061
v -0.007298 0.614899 -0.042526
v 0.000000 0.616747 -0.042782
v 0.000000 0.615371 0.002321
v -0.002553 0.615151 0.002306
v -0.009906 0.629135 0.056135
v -0.014604 0.637112 0.075061
v -0.024093 0.723039 -0.088603
v 0.000000 0.693863 -0.092920
v -0.024080 0.693761 -0.092976
v 0.100696 0.683937 -0.045809
v 0.111405 0.681524 0.010505
v 0.108284 0.721746 0.010243
v 0.097373 0.720404 0.059468
v 0.111405 0.681524 0.010505
v 0.099560 0.677224 0.060647
v 0.065462 0.662932 -0.086639
v 0.098831 0.722618 -0.044868
v 0.108284 0.721746 0.010243
v 0.062135 0.722855 -0.081881
v 0.063465 0.692671 -0.086119
v 0.024093 0.723039 -0.088603
v 0.024080 0.693761 -0.092976
v 0.000000 0.693863 -0.092920
v 0.000000 0.723051 -0.089262
v 0.061476 0.677771 0.083027
v 0.029095 0.674367 0.084558
v 0.061838 0.661727 0.083650
v 0.062315 0.719969 0.081350
v 0.029159 0.719980 0.089543
v 0.029348 0.761483 0.090557
v 0.062653 0.761825 0.081809
v 0.095193 0.762124 0.057574
v 0.106286 0.762959 0.010320
v 0.106286 0.762959 0.010320
v 0.097344 0.764321 -0.043632
v 0.061085 0.764714 -0.072030
v 0.000000 0.765080 -0.078669
v 0.023606 0.764856 -0.078735
v 0.000000 0.784972 -0.077021
v 0.023690 0.784729 -0.076850
v 0.000000 0.765080 -0.078669
v 0.023606 0.764856 -0.078735
v 0.060920 0.784655 -0.070520
v 0.061085 0.764714 -0.072030
v 0.097344 0.764321 -0.043632
v 0.095917 0.784245 -0.043368
v 0.106044 0.783410 0.013027
v 0.106286 0.762959 0.010320
v 0.094539 0.782853 0.057867
v 0.095193 0.762124 0.057574
v 0.062448 0.782672 0.082116
v 0.062653 0.761825 0.081809
v 0.029348 0.761483 0.090557
v 0.029963 0.782403 0.091973
v 0.009528 0.782594 0.094632
v -0.100696 0.683937 -0.045809
v -0.111405 0.681524 0.010505
v -0.015079 0.673999 0.085075
v 0.000000 0.673604 0.085633
v -0.108284 0.721746 0.010243
v -0.111405 0.681524 0.010505
v -0.097372 0.720404 0.059468
v -0.099560 0.677224 0.060647
v -0.065462 0.662932 -0.086639
v -0.098831 0.722618 -0.044868
v -0.108284 0.721746 0.010243
v -0.062135 0.722855 -0.081881
v -0.063465 0.692671 -0.086119
v 0.000000 0.723051 -0.089262
v -0.102290 0.640605 0.061000
v -0.114402 0.639726 0.011045
v -0.029095 0.674367 0.084558
v -0.061486 0.677771 0.083027
v -0.062445 0.635713 0.082447
v -0.061856 0.661727 0.083650
v -0.062315 0.719969 0.081350
v -0.029159 0.719980 0.089543
v 0.000000 0.719910 0.090807
v -0.015501 0.719947 0.090135
v 0.000000 0.761482 0.092249
v -0.015882 0.761482 0.091334
v -0.029348 0.761483 0.090557
v -0.062653 0.761825 0.081809
v -0.095193 0.762124 0.057574
v -0.106286 0.762959 0.010320
v -0.106286 0.762959 0.010320
v -0.097344 0.764321 -0.043632
v -0.061085 0.764714 -0.072030
v 0.000000 0.765080 -0.078669
v -0.023606 0.764856 -0.078735
v -0.023690 0.784729 -0.076850
v -0.023606 0.764856 -0.078735
v -0.060920 0.784655 -0.070520
v -0.061085 0.764714 -0.072030
v -0.095917 0.784245 -0.043368
v -0.097344 0.764321 -0.043632
v -0.106286 0.762959 0.010320
v -0.106044 0.783410 0.013027
v -0.095193 0.762124 0.057574
v -0.094539 0.782853 0.057867
v -0.062653 0.761825 0.081809
v -0.062448 0.782672 0.082116
v -0.029348 0.761483 0.090557
v -0.029963 0.782403 0.091973
v -0.015917 0.779334 0.093164
v 0.000000 0.782398 0.094966
v -0.012275 0.782594 0.094291
v -0.012275 0.782594 0.094291
v -0.015917 0.779334 0.093164
v -0.015501 0.719947 0.090135
v -0.015882 0.761482 0.091334
v -0.015079 0.673999 0.085075
v -0.015882 0.761482 0.091334
v 0.000000 0.761482 0.092249
v -0.015882 0.761482 0.091334
v -0.065547 0.847557 -0.081259
v -0.103295 0.897655 -0.050863
v -0.064831 0.898119 -0.081471
v -0.080428 0.898447 0.071509
v -0.080492 0.888247 0.073928
v -0.055273 0.898700 0.082964
v -0.055273 0.888269 0.085444
v -0.075400 0.876979 0.078644
v -0.061265 0.877077 0.085389
v 0.000000 0.879121 -0.088348
v -0.009637 0.879021 -0.088131
v 0.000000 0.898469 -0.088898
v -0.019515 0.898354 -0.088414
v -0.011984 0.803734 0.106647
v -0.011954 0.818292 0.108882
v -0.032221 0.803742 0.105552
v -0.033094 0.818347 0.107751
v 0.000000 0.847841 -0.087459
v 0.000000 0.805780 -0.089147
v -0.026702 0.847733 -0.087419
v -0.026971 0.805408 -0.088710
v -0.106719 0.847646 -0.048970
v -0.109434 0.810954 -0.049874
v -0.068004 0.806830 -0.083094
v -0.118091 0.847693 0.010127
v -0.121658 0.815690 0.011848
v -0.111793 0.816160 0.062294
v -0.107472 0.848685 0.059163
v -0.121658 0.815690 0.011848
v -0.118091 0.847693 0.010127
v -0.068493 0.848820 0.088821
v -0.069963 0.817608 0.094657
v -0.030719 0.849688 0.100309
v -0.011888 0.849736 0.101442
v -0.029510 0.898609 0.092118
v -0.011788 0.898622 0.093155
v -0.113136 0.897506 0.005689
v -0.102152 0.898084 0.053512
v -0.113136 0.897506 0.005689
v -0.026822 0.898306 -0.088023
v -0.019515 0.898354 -0.088414
v -0.009637 0.879021 -0.088131
v 0.000000 0.793462 -0.086124
v -0.026930 0.793619 -0.085945
v -0.066893 0.794990 -0.080465
v -0.107196 0.802158 -0.048961
v -0.095917 0.784245 -0.043368
v -0.119671 0.802119 0.012450
v -0.106044 0.783410 0.013027
v -0.119671 0.802119 0.012450
v -0.106044 0.783410 0.013027
v -0.108089 0.802065 0.062649
v -0.094539 0.782853 0.057867
v -0.068822 0.803479 0.094202
v -0.062448 0.782672 0.082116
v -0.029963 0.782403 0.091973
v -0.012275 0.782594 0.094291
v -0.060920 0.784655 -0.070520
v -0.023690 0.784729 -0.076850
v 0.000000 0.784972 -0.077021
v 0.000000 0.879121 -0.088348
v -0.075400 0.876979 0.078644
v -0.080492 0.888247 0.073928
v -0.061265 0.877077 0.085389
v -0.055273 0.888269 0.085444
v -0.055273 0.898700 0.082964
v -0.080428 0.898447 0.071509
v 0.033094 0.818347 0.107751
v 0.009206 0.818292 0.109224
v 0.032221 0.803742 0.105552
v 0.009236 0.803734 0.106988
v 0.026702 0.847733 -0.087419
v 0.026971 0.805408 -0.088710
v 0.068004 0.806830 -0.083094
v 0.065547 0.847557 -0.081259
v 0.109434 0.810954 -0.049874
v 0.106719 0.847646 -0.048970
v 0.121658 0.815690 0.011848
v 0.118091 0.847693 0.010127
v 0.111793 0.816160 0.062294
v 0.121658 0.815690 0.011848
v 0.107472 0.848685 0.059163
v 0.118091 0.847693 0.010127
v 0.069963 0.817608 0.094657
v 0.068493 0.848820 0.088821
v 0.030719 0.849688 0.100309
v 0.029510 0.898609 0.092118
v 0.009140 0.849736 0.101783
v 0.009041 0.898622 0.093496
v 0.080428 0.898447 0.071509
v 0.055273 0.898700 0.082964
v 0.080492 0.888247 0.073928
v 0.055273 0.888269 0.085444
v 0.113136 0.897506 0.005689
v 0.102152 0.898084 0.053512
v 0.103295 0.897655 -0.050863
v 0.113136 0.897506 0.005689
v 0.064831 0.898119 -0.081471
v 0.026822 0.898306 -0.088289
v 0.026930 0.793619 -0.085945
v 0.066893 0.794990 -0.080465
v 0.107196 0.802158 -0.048961
v 0.119671 0.802119 0.012450
v 0.095917 0.784245 -0.043368
v 0.106044 0.783410 0.013027
v 0.119671 0.802119 0.012450
v 0.108089 0.802065 0.062649
v 0.106044 0.783410 0.013027
v 0.094539 0.782853 0.057867
v 0.068822 0.803479 0.094202
v 0.062448 0.782672 0.082116
v 0.029963 0.782403 0.091973
v 0.009528 0.782594 0.094632
v 0.060920 0.784655 -0.070520
v 0.023690 0.784729 -0.076850
v 0.009041 0.898622 0.093496
v 0.000000 0.898632 0.093851
v 0.009140 0.849736 0.101783
v 0.000000 0.849741 0.102212
v 0.000000 0.818283 0.109652
v 0.009206 0.818292 0.109224
v 0.009236 0.803734 0.106988
v 0.000000 0.803695 0.107451
v 0.009528 0.782594 0.094632
v 0.000000 0.782398 0.094966
v -0.011888 0.849736 0.101442
v -0.011788 0.898622 0.093155
v -0.011954 0.818292 0.108882
v -0.011984 0.803734 0.106647
v -0.012275 0.782594 0.094291
v 0.061265 0.877077 0.085389
v 0.080492 0.888247 0.073928
v 0.080428 0.898447 0.071509
v 0.075400 0.876979 0.078644
v 0.075400 0.876979 0.078644
v 0.061265 0.877077 0.085389
v 0.055273 0.888269 0.085444
v 0.055273 0.898700 0.082964
v 0.009638 0.879019 -0.088125
v 0.019519 0.898354 -0.088547
v 0.009638 0.879019 -0.088125
v 0.019519 0.898354 -0.088547
v 0.469135 0.691848 0.017018
v 0.474915 0.682119 0.023480
v 0.476503 0.682796 0.017997
v 0.467529 0.691373 0.022808
v 0.473307 0.678180 0.010944
v 0.464636 0.686453 0.009616
v 0.475513 0.681150 0.012485
v 0.467866 0.690530 0.011418
v 0.464192 0.687385 0.024518
v 0.472428 0.679053 0.025111
v 0.454796 0.687920 0.021420
v 0.454361 0.686603 0.016512
v 0.459647 0.683320 0.021788
v 0.447299 0.694022 0.009773
v 0.455612 0.687416 0.011091
v 0.445928 0.693121 0.015641
v 0.446043 0.696006 0.021085
v 0.459320 0.682001 0.016788
v 0.460549 0.682816 0.011739
v 0.464636 0.686453 0.009616
v 0.462374 0.689032 0.008991
v 0.452326 0.699252 0.007770
v 0.464934 0.694447 0.022805
v 0.466617 0.695802 0.016747
v 0.454494 0.706574 0.021236
v 0.455700 0.707173 0.015685
v 0.465730 0.693648 0.010869
v 0.454534 0.706486 0.010212
v 0.452326 0.699252 0.007770
v 0.462374 0.689032 0.008991
v 0.461607 0.690073 0.024570
v 0.450640 0.702238 0.023646
v 0.464192 0.687385 0.024518
v 0.461607 0.690073 0.024570
v 0.450640 0.702238 0.023646
v 0.471028 0.672317 0.013247
v 0.466525 0.675631 0.017757
v 0.467505 0.675953 0.012932
v 0.477698 0.678522 0.012760
v 0.485605 0.667171 0.013642
v 0.475179 0.675635 0.011257
v 0.483282 0.665165 0.012782
v 0.485361 0.663057 0.014492
v 0.487366 0.665163 0.014985
v 0.479060 0.679409 0.018290
v 0.486567 0.668098 0.015040
v 0.485877 0.668568 0.022612
v 0.487120 0.668732 0.018841
v 0.477155 0.679150 0.023596
v 0.485059 0.668657 0.024005
v 0.486941 0.665918 0.022817
v 0.488899 0.665675 0.019100
v 0.488899 0.665675 0.019100
v 0.485389 0.663743 0.024096
v 0.485884 0.662709 0.019078
v 0.485884 0.662709 0.019078
v 0.474075 0.676791 0.025216
v 0.483039 0.666557 0.024890
v 0.485389 0.663743 0.024096
v 0.480366 0.663087 0.022893
v 0.485884 0.662709 0.019078
v 0.480567 0.661781 0.018743
v 0.480825 0.662686 0.014964
v 0.485361 0.663057 0.014492
v 0.470327 0.671389 0.018001
v 0.470587 0.673079 0.022566
v 0.475179 0.675635 0.011257
v 0.483282 0.665165 0.012782
v 0.474075 0.676791 0.025216
v 0.483039 0.666557 0.024890
v 0.467180 0.676982 0.022502
v 0.473307 0.678180 0.010944
v 0.472428 0.679053 0.025111
v -0.000218 1.005310 0.065064
v 0.000000 0.973901 0.074511
v 0.008621 0.985181 0.070068
v -0.014482 0.904691 -0.088679
v 0.000000 0.947235 -0.090396
v 0.000000 0.904603 -0.089087
v 0.000000 0.974462 -0.090484
v -0.010332 0.991111 -0.090238
v 0.000000 0.991090 -0.090539
v 0.000000 1.001790 -0.089612
v -0.006474 0.998843 -0.089682
v -0.014482 0.904691 -0.088679
v 0.000000 0.904603 -0.089087
v -0.011684 0.947285 0.081067
v -0.029057 0.947285 0.080211
v -0.014482 0.904691 -0.088679
v 0.029057 0.947285 0.080211
v 0.008936 0.947285 0.081409
v 0.014482 0.904691 -0.088679
v 0.008706 0.973596 0.074170
v 0.008936 0.947285 0.081409
v 0.008706 0.973596 0.074170
v 0.000000 0.947285 0.081616
v 0.007811 1.026160 0.056136
v 0.015469 1.047850 0.045090
v 0.005856 1.025820 0.054321
v 0.013624 1.048060 0.042387
v 0.000768 1.011530 0.060478
v -0.007508 0.997108 0.065876
v -0.000218 1.005310 0.065064
v -0.003110 1.004380 0.063658
v 0.000000 1.009370 0.061407
v -0.011684 0.947285 0.081067
v -0.011628 0.973610 0.073860
v -0.011593 0.990351 0.067936
v -0.011593 0.990351 0.067936
v 0.010332 0.991111 -0.090238
v 0.006474 0.998843 -0.089682
v 0.014482 0.904691 -0.088679
v 0.014482 0.904691 -0.088679
v -0.104575 0.590097 -0.041467
v -0.116608 0.590144 0.012599
v -0.068577 0.590052 -0.076839
v -0.027531 0.590052 -0.071762
v -0.002337 0.590108 0.004991
v -0.008306 0.590130 0.039490
v -0.004787 0.511283 0.010720
v -0.009576 0.511142 0.041143
v -0.027631 0.590208 0.071158
v -0.064343 0.590160 0.081599
v -0.028236 0.511375 0.068247
v -0.066424 0.511233 0.077595
v -0.104032 0.511284 -0.037554
v -0.115845 0.511284 0.013548
v -0.031331 0.510928 -0.061617
v -0.068956 0.510929 -0.067311
v -0.102944 0.511261 0.060400
v -0.102534 0.590166 0.061282
v -0.115845 0.511284 0.013548
v -0.116608 0.590144 0.012599
v -0.008832 0.590196 -0.040453
v -0.010575 0.511276 -0.032417
v -0.002337 0.590108 0.004991
v -0.004787 0.511283 0.010720
v -0.007386 0.443840 0.009717
v -0.012827 0.443838 -0.028633
v -0.007386 0.443840 0.009717
v -0.013298 0.442893 0.037501
v -0.030351 0.443800 0.063344
v -0.068471 0.443728 0.073033
v -0.115250 0.443856 0.012631
v -0.102444 0.443966 0.056771
v -0.105155 0.443820 -0.033222
v -0.115250 0.443856 0.012631
v -0.071011 0.443345 -0.061330
v -0.033881 0.443345 -0.055671
v 0.022438 1.065890 0.036851
v 0.019881 1.066790 0.034095
v 0.015051 1.073480 0.017348
v 0.020216 1.064910 0.020382
v 0.027705 1.077300 0.010349
v 0.000000 1.072120 0.019445
v 0.000000 1.060660 0.024473
v -0.027705 1.077300 0.010349
v -0.020216 1.064910 0.020382
v -0.015051 1.073480 0.017348
v -0.069576 1.071360 0.010061
v -0.070928 1.045560 0.034664
v -0.055676 1.070030 0.016484
v -0.014673 0.947245 -0.090153
v -0.080334 0.947160 0.061701
v -0.055017 0.947123 0.072159
v -0.014633 0.954008 -0.090153
v 0.000000 0.953996 -0.090418
v -0.080283 0.974136 0.056033
v -0.054924 0.973700 0.065493
v -0.026538 1.036330 -0.085896
v -0.026394 1.045920 -0.082901
v -0.020558 1.036330 -0.086059
v -0.080891 1.006700 0.049074
v -0.055182 1.005490 0.055127
v -0.067296 1.087890 -0.033930
v -0.055813 1.092540 -0.032727
v -0.061311 1.079520 -0.058921
v -0.049551 1.086070 -0.058461
v -0.080506 1.079160 -0.005554
v -0.068876 1.081250 -0.007543
v -0.079065 1.084520 -0.034629
v -0.080627 1.073160 0.005152
v -0.056197 1.084990 -0.008208
v -0.056327 1.075390 0.010155
v -0.055356 1.044250 0.037584
v -0.026739 0.991144 -0.089761
v -0.053249 1.035380 -0.082930
v -0.056119 1.069630 -0.070486
v -0.040380 1.070560 -0.072813
v -0.073429 1.074200 -0.060080
v -0.080458 1.046370 0.032877
v -0.015735 0.974622 -0.090074
v -0.010332 0.991111 -0.090238
v -0.006474 0.998843 -0.089682
v -0.015735 0.974622 -0.090074
v 0.000000 1.001790 -0.089612
v -0.020176 0.967740 -0.089986
v 0.000000 0.953996 -0.090418
v -0.019336 0.959545 -0.090024
v -0.014633 0.954008 -0.090153
v -0.070126 1.068130 -0.067988
v -0.022830 1.049560 0.045135
v -0.012405 1.030460 0.054569
v -0.029795 1.044650 0.042570
v -0.018851 1.023550 0.051982
v -0.028353 1.001950 0.059957
v -0.050364 1.043560 0.033838
v 0.000000 1.001940 0.060377
v 0.000768 1.011530 0.060478
v -0.101145 0.935253 -0.054527
v -0.111207 0.932080 0.000368
v -0.063917 0.947260 -0.082651
v -0.080334 0.947160 0.061701
v -0.097073 0.947220 0.048644
v -0.055017 0.947123 0.072159
v -0.027260 0.947255 -0.089910
v -0.111207 0.932080 0.000368
v -0.064515 0.990482 -0.083908
v -0.026739 0.991144 -0.089761
v -0.029037 0.973124 0.072774
v -0.011628 0.973610 0.073860
v -0.054924 0.973700 0.065493
v 0.000000 1.036330 -0.086620
v 0.000000 1.001790 -0.089612
v -0.020558 1.036330 -0.086059
v 0.000000 1.071320 -0.077288
v -0.026394 1.045920 -0.082901
v -0.040380 1.070560 -0.072813
v -0.026010 1.071400 -0.074938
v 0.000000 1.097410 -0.069990
v -0.024590 1.097030 -0.065833
v -0.040275 1.095660 -0.054390
v -0.049551 1.086070 -0.058461
v -0.052092 1.094050 -0.032338
v -0.055813 1.092540 -0.032727
v -0.052092 1.094050 -0.032338
v -0.055813 1.092540 -0.032727
v -0.051917 1.087020 -0.009136
v -0.056197 1.084990 -0.008208
v -0.028190 1.003980 0.060994
v -0.055182 1.005490 0.055127
v -0.101659 0.947198 -0.057052
v -0.094494 0.968012 -0.070820
v -0.080283 0.974136 0.056033
v -0.011593 0.990351 0.067936
v -0.011553 1.003610 0.063185
v -0.025006 1.021140 0.054256
v -0.056327 1.075390 0.010155
v -0.055676 1.070030 0.016484
v -0.046630 1.077000 0.008650
v -0.044613 1.069060 0.019260
v -0.055356 1.044250 0.037584
v -0.036731 1.043820 0.040803
v -0.014673 0.947245 -0.090153
v -0.020176 0.967740 -0.089986
v -0.019336 0.959545 -0.090024
v -0.053249 1.035380 -0.082930
v -0.063511 1.035010 -0.081790
v -0.070126 1.068130 -0.067988
v -0.015735 0.974622 -0.090074
v -0.014633 0.954008 -0.090153
v 0.000000 1.009370 0.061407
v 0.000768 1.011530 0.060478
v -0.014542 1.029650 0.055557
v -0.012405 1.030460 0.054569
v -0.022830 1.049560 0.045135
v -0.030398 1.069560 0.038168
v -0.025352 1.048930 0.046507
v -0.033342 1.069530 0.038013
v -0.039668 1.072490 0.022353
v -0.046630 1.077000 0.008650
v -0.044613 1.069060 0.019260
v -0.033342 1.069530 0.038013
v -0.025352 1.048930 0.046507
v -0.029864 1.045320 0.044347
v -0.014542 1.029650 0.055557
v -0.018920 1.024220 0.053759
v -0.007508 0.997108 0.065876
v -0.003110 1.004380 0.063658
v -0.011553 1.003610 0.063185
v 0.000000 1.009370 0.061407
v -0.025006 1.021140 0.054256
v -0.036731 1.043820 0.040803
v -0.007508 0.997108 0.065876
v -0.044404 1.080430 -0.001860
v -0.036348 1.081780 0.001508
v -0.044832 1.087870 -0.010094
v -0.042094 1.065950 0.014009
v -0.044563 1.078000 0.002588
v -0.050364 1.043560 0.033838
v -0.028353 1.001950 0.059957
v -0.025381 1.043500 0.036968
v 0.000000 1.043380 0.037599
v 0.000000 1.001940 0.060377
v -0.026908 1.090320 0.013322
v -0.026651 1.099190 0.016872
v -0.035545 1.094700 0.003846
v 0.031577 1.082210 0.021103
v 0.019453 1.090780 0.032655
v 0.031005 1.096770 0.020143
v 0.037989 1.101680 0.008202
v 0.039652 1.088720 0.006616
v 0.043476 1.099410 -0.009182
v 0.044772 1.108360 -0.007056
v 0.044715 1.104630 -0.023613
v 0.045325 1.116640 -0.026884
v 0.019824 1.076070 0.032418
v -0.036686 1.073000 0.020360
v -0.042094 1.065950 0.014009
v -0.044563 1.078000 0.002588
v -0.044404 1.080430 -0.001860
v -0.044832 1.087870 -0.010094
v -0.039373 1.089430 0.008495
v -0.043476 1.099410 -0.009182
v -0.030398 1.069560 0.038168
v -0.036686 1.073000 0.020360
v -0.033416 1.082760 0.035443
v -0.035584 1.086100 0.021180
v -0.030398 1.069560 0.038168
v -0.041372 1.102900 0.009927
v -0.044684 1.109540 -0.007056
v -0.037897 1.097840 0.023453
v -0.044563 1.078000 0.002588
v -0.035596 1.093490 0.033827
v 0.037496 1.110240 -0.039010
v 0.038123 1.122330 -0.044421
v 0.023266 1.113480 -0.049158
v 0.023824 1.124910 -0.056350
v 0.000000 1.126360 -0.063038
v 0.000000 1.114550 -0.054063
v 0.045325 1.116640 -0.026884
v 0.048280 1.116650 -0.027218
v 0.038123 1.122330 -0.044421
v 0.040291 1.121870 -0.046881
v 0.023824 1.124910 -0.056350
v 0.024026 1.124330 -0.061130
v 0.000000 1.125420 -0.066990
v 0.000000 1.126360 -0.063038
v 0.024308 1.110680 -0.061889
v 0.000000 1.111420 -0.066897
v 0.024026 1.124330 -0.061130
v 0.000000 1.125420 -0.066990
v 0.040283 1.108760 -0.050142
v 0.040291 1.121870 -0.046881
v 0.048572 1.104270 -0.029830
v 0.048280 1.116650 -0.027218
v 0.044772 1.108360 -0.007056
v 0.048383 1.108400 -0.005803
v 0.041242 1.101110 0.009410
v 0.037989 1.101680 0.008202
v 0.022438 1.065890 0.036851
v 0.022488 1.075520 0.035142
v 0.019881 1.066790 0.034095
v 0.019824 1.076070 0.032418
v 0.034438 1.081390 0.022150
v 0.034072 1.095880 0.021957
v 0.022314 1.089960 0.035430
v 0.022314 1.089960 0.035430
v 0.034072 1.095880 0.021957
v 0.019453 1.090780 0.032655
v 0.031005 1.096770 0.020143
v 0.022488 1.075520 0.035142
v 0.022438 1.065890 0.036851
v 0.042513 1.087900 0.009391
v 0.041242 1.101110 0.009410
v 0.047880 1.095430 -0.007937
v 0.048383 1.108400 -0.005803
v 0.022314 1.089960 0.035430
v 0.019453 1.090780 0.032655
v -0.045325 1.116640 -0.026884
v -0.044715 1.104630 -0.023613
v -0.023824 1.124910 -0.056350
v -0.038123 1.122330 -0.044421
v -0.023266 1.113480 -0.049158
v -0.037496 1.110240 -0.039010
v -0.045325 1.116640 -0.026884
v -0.048280 1.116380 -0.027218
v -0.044684 1.109540 -0.007056
v -0.048296 1.108870 -0.005803
v -0.040291 1.121870 -0.046881
v -0.038123 1.122330 -0.044421
v -0.024026 1.124330 -0.061130
v -0.023824 1.124910 -0.056350
v 0.000000 1.097410 -0.069990
v -0.024590 1.097030 -0.065833
v -0.024308 1.110680 -0.061889
v -0.040283 1.108760 -0.050142
v -0.040275 1.095660 -0.054390
v -0.044573 1.102080 0.011304
v -0.041372 1.102900 0.009927
v -0.030398 1.069560 0.038168
v -0.033416 1.082760 0.035443
v -0.033342 1.069530 0.038013
v -0.036829 1.082470 0.035434
v -0.048572 1.104270 -0.029830
v -0.052092 1.094050 -0.032338
v -0.051917 1.087020 -0.009136
v -0.048527 1.095960 -0.007491
v -0.041496 1.097190 0.024570
v -0.037897 1.097840 0.023453
v -0.043312 1.088930 0.009378
v -0.046630 1.077000 0.008650
v -0.033342 1.069530 0.038013
v -0.036829 1.082470 0.035434
v -0.039668 1.072490 0.022353
v -0.038649 1.085590 0.022064
v -0.024026 1.124330 -0.061130
v -0.040291 1.121870 -0.046881
v -0.048280 1.116380 -0.027218
v -0.048296 1.108870 -0.005803
v -0.044573 1.102080 0.011304
v -0.041496 1.097190 0.024570
v -0.039536 1.092990 0.034711
v -0.035596 1.093490 0.033827
v -0.039536 1.092990 0.034711
v -0.039536 1.092990 0.034711
v -0.035596 1.093490 0.033827
v 0.026908 1.090320 0.013322
v 0.026651 1.099190 0.016872
v 0.015466 1.087190 0.021536
v 0.014911 1.095370 0.026070
v 0.035546 1.094700 0.003846
v 0.043476 1.099410 -0.009182
v 0.035326 1.104280 0.005034
v 0.043163 1.110600 -0.009082
v 0.000000 1.086030 0.024023
v 0.000000 1.094220 0.029703
v 0.036500 1.121700 -0.038598
v 0.044552 1.115730 -0.023176
v 0.037496 1.110240 -0.039010
v 0.044715 1.104630 -0.023613
v 0.023266 1.113480 -0.049158
v 0.023647 1.124690 -0.048550
v 0.000000 1.114550 -0.054063
v 0.000000 1.126110 -0.053767
v 0.037082 1.128050 -0.040504
v 0.023865 1.131310 -0.050662
v 0.044917 1.122290 -0.024376
v 0.037069 1.110550 0.005334
v 0.043630 1.116330 -0.009510
v 0.026963 1.102790 0.020057
v 0.013509 1.097660 0.030423
v 0.000000 1.095730 0.033646
v 0.000000 1.132230 -0.055818
v 0.044552 1.115730 -0.023176
v 0.044917 1.122290 -0.024376
v 0.044715 1.104630 -0.023613
v 0.036348 1.081780 0.001508
v -0.015466 1.087190 0.021536
v -0.014911 1.095370 0.026070
v -0.035326 1.104280 0.005034
v -0.043476 1.099410 -0.009182
v -0.043163 1.110600 -0.009082
v -0.036500 1.121700 -0.038598
v -0.037496 1.110240 -0.039010
v -0.044552 1.115730 -0.023176
v -0.044715 1.104630 -0.023613
v -0.023266 1.113480 -0.049158
v -0.023647 1.124690 -0.048550
v -0.037082 1.128050 -0.040504
v -0.023865 1.131310 -0.050662
v -0.044917 1.122290 -0.024376
v -0.037069 1.110550 0.005334
v -0.043630 1.116330 -0.009509
v -0.013509 1.097660 0.030423
v -0.026963 1.102790 0.020057
v -0.044917 1.122290 -0.024376
v -0.044552 1.115730 -0.023176
v -0.044715 1.104630 -0.023613
v -0.485884 0.662709 0.019078
v -0.487366 0.665163 0.014985
v -0.485361 0.663057 0.014492
v -0.483282 0.665165 0.012782
v -0.485605 0.667171 0.013642
v -0.475179 0.675635 0.011257
v -0.477698 0.678522 0.012760
v -0.486567 0.668098 0.015040
v -0.479060 0.679409 0.018290
v -0.487120 0.668732 0.018841
v -0.485877 0.668568 0.022612
v -0.477155 0.679150 0.023596
v -0.485059 0.668657 0.024005
v -0.486941 0.665918 0.022817
v -0.488899 0.665675 0.019100
v -0.488899 0.665675 0.019100
v -0.485884 0.662709 0.019078
v -0.485389 0.663743 0.024096
v -0.483039 0.666557 0.024890
v -0.474075 0.676791 0.025216
v -0.485389 0.663743 0.024096
v -0.485884 0.662709 0.019078
v -0.480366 0.663087 0.022893
v -0.480567 0.661781 0.018743
v -0.485361 0.663057 0.014492
v -0.480825 0.662686 0.014964
v -0.483282 0.665165 0.012782
v -0.483039 0.666557 0.024890
v -0.487137 0.668246 -0.016669
v -0.489097 0.665319 -0.016604
v -0.488811 0.669023 -0.013243
v -0.487963 0.667214 -0.007956
v -0.481493 0.676884 -0.008770
v -0.488231 0.668396 -0.009571
v -0.481913 0.677147 -0.013892
v -0.486446 0.666710 -0.018017
v -0.480532 0.675988 -0.018435
v -0.490962 0.665533 -0.012901
v -0.490962 0.665533 -0.012901
v -0.490008 0.665625 -0.009309
v -0.488205 0.661360 -0.012767
v -0.488082 0.662018 -0.009159
v -0.488205 0.661360 -0.012767
v -0.487478 0.661992 -0.016331
v -0.484686 0.664197 -0.018454
v -0.476799 0.672255 -0.019766
v -0.485959 0.664645 -0.007621
v -0.477770 0.673752 -0.007672
v -0.485959 0.664645 -0.007621
v -0.483425 0.661757 -0.008862
v -0.477770 0.673752 -0.007672
v -0.488082 0.662018 -0.009159
v -0.488205 0.661360 -0.012767
v -0.483120 0.661110 -0.012791
v -0.487478 0.661992 -0.016331
v -0.483156 0.661313 -0.016896
v -0.484686 0.664197 -0.018454
v -0.420883 0.689843 0.049110
v -0.417098 0.691200 0.049828
v -0.421886 0.692306 0.051490
v -0.412601 0.698764 0.045462
v -0.416695 0.693484 0.051483
v -0.413188 0.695525 0.042707
v -0.416119 0.701846 0.046207
v -0.418002 0.695850 0.051722
v -0.412601 0.698764 0.045462
v -0.416695 0.693484 0.051483
v -0.422634 0.695061 0.052184
v -0.420726 0.702128 0.045541
v -0.424798 0.699819 0.042818
v -0.425325 0.694609 0.048711
v -0.425537 0.692257 0.048633
v -0.425672 0.696620 0.039684
v -0.421886 0.692306 0.051490
v -0.424254 0.690167 0.046867
v -0.425537 0.692257 0.048633
v -0.423173 0.693747 0.038933
v -0.418160 0.693730 0.040037
v -0.425672 0.696620 0.039684
v -0.480913 0.674000 -0.032142
v -0.479653 0.676183 -0.032269
v -0.478537 0.675400 -0.033317
v -0.479075 0.671573 -0.032188
v -0.477117 0.673582 -0.033645
v -0.472755 0.682246 -0.033687
v -0.470558 0.680487 -0.034272
v -0.473451 0.683180 -0.025213
v -0.479014 0.675625 -0.024790
v -0.471155 0.680973 -0.024186
v -0.477593 0.673908 -0.024201
v -0.481055 0.674086 -0.025750
v -0.479267 0.671767 -0.025306
v -0.477593 0.673908 -0.024201
v -0.479267 0.671767 -0.025306
v -0.475736 0.670268 -0.025153
v -0.475268 0.669804 -0.028453
v -0.479778 0.670607 -0.028703
v -0.479075 0.671573 -0.032188
v -0.475507 0.670207 -0.031736
v -0.481816 0.673769 -0.029049
v -0.479778 0.670607 -0.028703
v -0.479778 0.670607 -0.028703
v -0.474136 0.683689 -0.029547
v -0.480287 0.676764 -0.029314
v -0.479783 0.676304 -0.026180
v 0.017907 1.004200 0.062775
v 0.008621 0.985181 0.070068
v 0.028190 1.003980 0.060994
v 0.028353 1.001950 0.059957
v 0.005856 1.025820 0.054321
v 0.025381 1.043500 0.036968
v 0.013624 1.048060 0.042387
v 0.044712 1.080370 -0.001989
v 0.044774 1.077900 0.002616
v 0.042094 1.065950 0.014009
v 0.019881 1.066790 0.034095
v 0.033627 1.071230 0.020407
v 0.044832 1.087870 -0.010094
v 0.000768 1.011530 0.060478
v 0.000000 1.001940 0.060377
v 0.024590 1.097030 -0.065833
v 0.040275 1.095660 -0.054390
v 0.052092 1.094050 -0.032338
v 0.014673 0.947245 -0.090153
v 0.097073 0.947220 0.048644
v 0.080334 0.947160 0.061701
v 0.055017 0.947123 0.072159
v 0.080334 0.947160 0.061701
v 0.027260 0.947255 -0.089910
v 0.063917 0.947260 -0.082651
v 0.064515 0.990482 -0.083908
v 0.026739 0.991144 -0.089761
v 0.014633 0.954008 -0.090153
v 0.029037 0.973124 0.072774
v 0.080283 0.974136 0.056033
v 0.054924 0.973700 0.065493
v 0.080283 0.974136 0.056033
v 0.065417 1.034840 -0.081393
v 0.053249 1.035380 -0.082930
v 0.026538 1.036330 -0.085896
v 0.020558 1.036330 -0.086059
v 0.026394 1.045920 -0.082901
v 0.070126 1.068130 -0.067988
v 0.070928 1.045560 0.034664
v 0.055140 1.005540 0.054937
v 0.080891 1.006700 0.049074
v 0.026010 1.071400 -0.074938
v 0.024590 1.097030 -0.065833
v 0.067296 1.087890 -0.033930
v 0.061311 1.079520 -0.058921
v 0.055813 1.092540 -0.032727
v 0.048631 1.086270 -0.058288
v 0.080506 1.079160 -0.005554
v 0.079065 1.084520 -0.034629
v 0.068876 1.081250 -0.007543
v 0.056197 1.084990 -0.008208
v 0.055813 1.092540 -0.032727
v 0.051923 1.086260 -0.008432
v 0.052092 1.094050 -0.032338
v 0.080627 1.073160 0.005152
v 0.069576 1.071360 0.010061
v 0.036823 1.070900 0.023340
v 0.055676 1.070030 0.016484
v 0.046442 1.078000 0.010216
v 0.056327 1.075390 0.010155
v 0.056327 1.075390 0.010155
v 0.056197 1.084990 -0.008208
v 0.030593 1.043240 0.042969
v 0.015469 1.047850 0.045090
v 0.024740 1.021230 0.054500
v 0.007811 1.026160 0.056136
v 0.051923 1.086260 -0.008432
v 0.046442 1.078000 0.010216
v 0.022438 1.065890 0.036851
v 0.036823 1.070900 0.023340
v 0.030593 1.043240 0.042969
v 0.055356 1.044250 0.037584
v 0.017907 1.004200 0.062775
v 0.036823 1.070900 0.023340
v 0.024740 1.021230 0.054500
v 0.055676 1.070030 0.016484
v 0.055356 1.044250 0.037584
v 0.055140 1.005540 0.054937
v 0.111207 0.932080 0.000368
v 0.101145 0.935253 -0.054527
v 0.111207 0.932080 0.000368
v 0.101659 0.947198 -0.057052
v 0.054924 0.973700 0.065493
v 0.055017 0.947123 0.072159
v 0.020558 1.036330 -0.086059
v 0.026394 1.045920 -0.082901
v 0.040380 1.070560 -0.072813
v 0.048631 1.086270 -0.058288
v 0.040275 1.095660 -0.054390
v 0.055813 1.092540 -0.032727
v 0.052092 1.094050 -0.032338
v 0.053249 1.035380 -0.082930
v 0.026739 0.991144 -0.089761
v 0.056119 1.069630 -0.070486
v 0.040380 1.070560 -0.072813
v 0.073429 1.074200 -0.060080
v 0.080458 1.046370 0.032877
v 0.015737 0.974614 -0.090050
v 0.019336 0.959547 -0.090031
v 0.014633 0.954008 -0.090153
v 0.010332 0.991111 -0.090238
v 0.006474 0.998843 -0.089682
v 0.015737 0.974614 -0.090050
v 0.020176 0.967738 -0.089978
v 0.015737 0.974614 -0.090050
v 0.014673 0.947245 -0.090153
v 0.000000 1.001790 -0.089612
v 0.020176 0.967738 -0.089978
v 0.019336 0.959547 -0.090031
v 0.014633 0.954008 -0.090153
v 0.070126 1.068130 -0.067988
v 0.042094 1.065950 0.014009
v 0.025381 1.043500 0.036968
v 0.028353 1.001950 0.059957
v 0.044832 1.087870 -0.010094
v 0.044712 1.080370 -0.001989
v 0.044774 1.077900 0.002616
v 0.033627 1.071230 0.020407
v 0.044774 1.077900 0.002616
v 0.019881 1.066790 0.034095
v -0.424542 0.704468 0.039098
v -0.415341 0.706717 0.042960
v -0.411500 0.703434 0.041338
v -0.411500 0.703434 0.041338
v -0.411654 0.700322 0.037817
v -0.420521 0.706939 0.042323
v -0.424989 0.700825 0.034722
v -0.424989 0.700825 0.034722
v -0.422264 0.698400 0.033607
v -0.416780 0.698495 0.034609
v -0.414942 0.709292 0.040742
v -0.410982 0.706048 0.038618
v -0.410443 0.705433 0.032278
v -0.410982 0.706048 0.038618
v -0.419865 0.709260 0.040230
v -0.423890 0.707102 0.036560
v -0.424091 0.703810 0.031712
v -0.424091 0.703810 0.031712
v -0.420033 0.703693 0.028409
v -0.415236 0.703367 0.029078
v -0.009130 0.393236 0.007521
v -0.014354 0.392416 -0.026956
v -0.010540 0.367410 0.006824
v -0.015242 0.370077 -0.027019
v -0.078618 0.283207 -0.064701
v -0.075552 0.341348 -0.054721
v -0.040115 0.282724 -0.058364
v -0.038144 0.341455 -0.048444
v -0.110603 0.281300 -0.039278
v -0.107750 0.334952 -0.034454
v -0.116940 0.277080 0.000205
v -0.112660 0.339122 0.005873
v -0.104284 0.274351 0.033614
v -0.104233 0.331034 0.041853
v -0.116940 0.277080 0.000205
v -0.112660 0.339122 0.005873
v -0.072309 0.325652 0.055905
v -0.073522 0.273508 0.049115
v -0.019410 0.280296 -0.030150
v -0.019582 0.336213 -0.027629
v -0.036118 0.325997 0.049537
v -0.038737 0.273721 0.044662
v -0.024055 0.275409 0.024332
v -0.014841 0.277132 0.001851
v -0.021176 0.310120 0.027404
v -0.016145 0.322216 0.004831
v -0.016104 0.348402 -0.027080
v -0.012428 0.338426 0.005903
v -0.016145 0.322216 0.004831
v -0.073147 0.392811 -0.058508
v -0.073856 0.377164 -0.058708
v -0.102985 0.382681 -0.031378
v -0.075039 0.351086 -0.059041
v -0.074261 0.368285 -0.054716
v -0.037814 0.351292 -0.052773
v -0.037303 0.368093 -0.048761
v -0.036574 0.392051 -0.052999
v -0.034029 0.363690 0.055671
v -0.070781 0.364351 0.064514
v -0.015489 0.349861 0.006266
v -0.018835 0.345236 0.030528
v -0.012428 0.338426 0.005903
v -0.019477 0.330598 0.029217
v -0.102754 0.366554 0.048771
v -0.115427 0.356509 0.007601
v -0.109666 0.376272 0.009344
v -0.106332 0.394528 -0.030734
v -0.069313 0.394674 0.068018
v -0.032724 0.394102 0.058765
v -0.102922 0.395223 0.052227
v -0.115428 0.396511 0.010627
v -0.115428 0.396511 0.010627
v -0.009130 0.393236 0.007521
v -0.015784 0.394303 0.034423
v -0.109666 0.376272 0.009344
v -0.115427 0.356509 0.007601
v -0.017917 0.366145 0.032400
v -0.010540 0.367410 0.006824
v -0.019123 0.362469 -0.027040
v -0.015489 0.349861 0.006266
v -0.037039 0.376767 -0.052914
v -0.102420 0.355796 -0.032840
v -0.104866 0.369830 -0.032077
v -0.014841 0.277132 0.001851
v -0.033920 0.334209 0.026819
v -0.049224 0.329478 0.044562
v -0.034420 0.275322 0.018907
v -0.051707 0.274428 0.036907
v -0.093581 0.334067 0.032668
v -0.097293 0.276726 0.024703
v -0.075428 0.274889 0.041051
v -0.100356 0.341426 0.008639
v -0.088007 0.349695 -0.021002
v -0.107761 0.280426 -0.006257
v -0.097865 0.282820 -0.036823
v -0.065366 0.348391 -0.032457
v -0.042019 0.348047 -0.025655
v -0.065659 0.283448 -0.049351
v -0.034147 0.281073 -0.035652
v -0.052638 0.219460 0.026685
v -0.036833 0.219460 0.007403
v -0.077242 0.219469 0.030000
v -0.099010 0.219487 0.015267
v -0.107677 0.219504 -0.015315
v -0.097018 0.219507 -0.042563
v -0.036168 0.219495 -0.038720
v -0.066729 0.219505 -0.053691
v -0.100356 0.341426 0.008639
v -0.107761 0.280426 -0.006257
v -0.107677 0.219504 -0.015315
v -0.094136 0.156799 0.005412
v -0.099004 0.156440 -0.021123
v -0.076363 0.157381 0.018874
v -0.053181 0.157620 0.013923
v -0.039954 0.158111 -0.007452
v -0.068598 0.155829 -0.049488
v -0.045045 0.157046 -0.036487
v -0.099004 0.156440 -0.021123
v -0.088883 0.156153 -0.040943
v -0.028932 0.337952 0.011072
v -0.026466 0.277466 0.000034
v -0.030535 0.219460 -0.005791
v -0.039954 0.158111 -0.007452
v -0.066845 0.327703 0.048210
v -0.028932 0.337952 0.011072
v -0.026466 0.277466 0.000034
v -0.030535 0.219460 -0.005791
v -0.042019 0.348047 -0.025655
v -0.065366 0.348391 -0.032457
v -0.040115 0.282724 -0.058364
v -0.078618 0.283207 -0.064701
v -0.088007 0.349695 -0.021002
v -0.110603 0.281300 -0.039278
v -0.100356 0.341426 0.008639
v -0.116940 0.277080 0.000205
v -0.093581 0.334067 0.032668
v -0.104284 0.274351 0.033614
v -0.066845 0.327703 0.048210
v -0.073522 0.273508 0.049115
v -0.019410 0.280296 -0.030150
v -0.049224 0.329478 0.044562
v -0.038737 0.273721 0.044662
v -0.014841 0.277132 0.001851
v -0.024055 0.275409 0.024332
v -0.028932 0.337952 0.011072
v -0.033920 0.334209 0.026819
v -0.468542 0.682543 -0.034439
v -0.463636 0.681020 -0.033099
v -0.467014 0.677705 -0.032695
v -0.467448 0.677831 -0.025467
v -0.471155 0.680973 -0.024186
v -0.466688 0.677240 -0.029034
v -0.470793 0.685115 -0.033720
v -0.463227 0.693879 -0.034058
v -0.460250 0.690968 -0.035159
v -0.472276 0.686196 -0.029529
v -0.464385 0.694736 -0.029852
v -0.471520 0.685613 -0.025344
v -0.463717 0.694236 -0.025460
v -0.469282 0.683033 -0.024007
v -0.460796 0.691050 -0.023812
v -0.469282 0.683033 -0.024007
v -0.464208 0.681081 -0.025373
v -0.460796 0.691050 -0.023812
v -0.463237 0.680537 -0.029229
v -0.476200 0.676077 -0.007795
v -0.473871 0.670543 -0.009051
v -0.473463 0.669498 -0.017689
v -0.473226 0.669544 -0.013139
v -0.476799 0.672255 -0.019766
v -0.471952 0.688352 -0.015003
v -0.479851 0.679909 -0.013930
v -0.471142 0.688107 -0.009637
v -0.479271 0.679540 -0.008868
v -0.470751 0.686639 -0.020067
v -0.478603 0.678363 -0.018809
v -0.475332 0.674516 -0.020074
v -0.467214 0.683458 -0.021378
v -0.476200 0.676077 -0.007795
v -0.467998 0.684595 -0.008234
v -0.467214 0.683458 -0.021378
v -0.469937 0.672796 -0.018127
v -0.475332 0.674516 -0.020074
v -0.470545 0.673933 -0.009116
v -0.467998 0.684595 -0.008234
v -0.469791 0.672577 -0.013458
v -0.461846 0.698250 -0.030131
v -0.451003 0.705686 -0.034841
v -0.460582 0.696652 -0.034502
v -0.452224 0.706495 -0.030252
v -0.446976 0.700942 -0.035577
v -0.457920 0.693340 -0.035617
v -0.460933 0.696842 -0.025578
v -0.452019 0.706224 -0.025913
v -0.458188 0.693443 -0.024116
v -0.451611 0.690736 -0.029216
v -0.452111 0.691256 -0.033337
v -0.443877 0.696176 -0.029253
v -0.444221 0.697088 -0.033331
v -0.455583 0.687190 -0.029087
v -0.455967 0.687700 -0.033216
v -0.452334 0.691434 -0.025587
v -0.458188 0.693443 -0.024116
v -0.456267 0.688138 -0.025435
v -0.444807 0.697202 -0.024996
v -0.463050 0.681113 -0.010073
v -0.458132 0.684051 -0.014733
v -0.458806 0.684984 -0.009973
v -0.454502 0.704590 -0.021771
v -0.468538 0.689670 -0.020467
v -0.456125 0.705736 -0.016763
v -0.469810 0.691922 -0.015241
v -0.455246 0.705471 -0.011433
v -0.468834 0.691253 -0.009629
v -0.464802 0.685991 -0.021886
v -0.450949 0.699107 -0.023091
v -0.465478 0.687442 -0.007990
v -0.464802 0.685991 -0.021886
v -0.450949 0.699107 -0.023091
v -0.458351 0.684212 -0.019942
v -0.446959 0.694059 -0.021370
v -0.448227 0.693485 -0.011173
v -0.447211 0.692619 -0.016196
v -0.462515 0.680178 -0.019351
v -0.462333 0.680049 -0.014377
v -0.465478 0.687442 -0.007990
v -0.452299 0.699593 -0.009736
v -0.452299 0.699593 -0.009736
v -0.439561 0.707777 -0.036622
v -0.443818 0.712768 -0.035623
v -0.448647 0.701026 -0.024289
v -0.448647 0.701026 -0.024289
v -0.439183 0.721489 0.020033
v -0.434915 0.713921 0.022318
v -0.433179 0.719925 0.022229
v -0.429755 0.714788 -0.036170
v -0.436132 0.720299 -0.034627
v -0.420652 0.726274 -0.035987
v -0.427422 0.732156 -0.032570
v -0.411819 0.737074 -0.035721
v -0.420982 0.744095 -0.030233
v -0.441165 0.696862 -0.021769
v -0.446857 0.702710 -0.023687
v -0.442203 0.695938 -0.016313
v -0.450047 0.702787 -0.009616
v -0.442952 0.696459 -0.010920
v -0.450047 0.702787 -0.009616
v -0.449848 0.713651 -0.011366
v -0.446857 0.702710 -0.023687
v -0.447663 0.712603 -0.023229
v -0.452278 0.713703 -0.017422
v -0.444544 0.723088 -0.011575
v -0.440391 0.721589 -0.026283
v -0.446395 0.713327 -0.025352
v -0.448365 0.713260 -0.029381
v -0.446886 0.702984 -0.024230
v -0.440901 0.698602 -0.024913
v -0.440901 0.698602 -0.024913
v -0.446857 0.702710 -0.023687
v -0.446886 0.702984 -0.024230
v -0.438945 0.701656 -0.035152
v -0.446886 0.702984 -0.024230
v -0.446886 0.702984 -0.024230
v -0.440630 0.698829 -0.030086
v -0.437366 0.700014 -0.015118
v -0.435902 0.701806 -0.031302
v -0.429294 0.709371 -0.017481
v -0.427065 0.709654 -0.032133
v -0.428566 0.706836 0.009747
v -0.425553 0.748760 -0.012172
v -0.434673 0.737313 -0.008434
v -0.423248 0.750069 0.003730
v -0.432929 0.737912 0.007639
v -0.431137 0.733329 -0.026836
v -0.442960 0.724519 0.012072
v -0.441971 0.723863 0.017324
v -0.444382 0.725181 0.003685
v -0.422450 0.714715 0.028916
v -0.417281 0.717893 0.032272
v -0.411547 0.717372 0.032538
v -0.407776 0.713440 0.029751
v -0.408741 0.710333 0.026420
v -0.412638 0.708387 0.023030
v -0.407776 0.713440 0.029751
v -0.419094 0.707783 0.023321
v -0.404112 0.732313 -0.032340
v -0.402359 0.730977 -0.020731
v -0.416794 0.719149 -0.033086
v -0.418529 0.718700 -0.018495
v -0.434915 0.713921 0.022318
v -0.432334 0.708319 0.018758
v -0.425076 0.714693 0.020768
v -0.425623 0.711589 0.013659
v -0.422278 0.710783 0.025548
v -0.422278 0.710783 0.025548
v -0.425218 0.720827 0.023198
v -0.425076 0.714693 0.020768
v 0.448243 0.714459 0.020719
v 0.439183 0.721489 0.020033
v 0.441971 0.723863 0.017324
v 0.434915 0.713921 0.022318
v 0.432334 0.708319 0.018758
v 0.442868 0.709222 0.023262
v 0.439050 0.701495 0.020474
v 0.447617 0.703188 0.006622
v 0.441850 0.697065 0.008700
v 0.439336 0.698105 0.014297
v 0.433179 0.719925 0.022229
v 0.434915 0.713921 0.022318
v 0.442868 0.709222 0.023262
v 0.447617 0.703188 0.006622
v 0.449432 0.714580 0.008091
v 0.451456 0.716319 0.014377
v 0.420982 0.744095 -0.030233
v 0.427422 0.732156 -0.032570
v 0.411819 0.737074 -0.035721
v 0.420652 0.726274 -0.035987
v 0.444382 0.725181 0.003685
v 0.442960 0.724519 0.012072
v 0.437186 0.699750 0.013299
v 0.428566 0.706836 0.009747
v 0.425553 0.748760 -0.012172
v 0.423248 0.750069 0.003730
v 0.434673 0.737313 -0.008434
v 0.432929 0.737912 0.007639
v 0.431137 0.733329 -0.026836
v 0.444544 0.723088 -0.011575
v 0.440391 0.721589 -0.026283
v 0.436132 0.720299 -0.034627
v 0.429755 0.714788 -0.036170
v 0.418529 0.718700 -0.018495
v 0.402359 0.730977 -0.020731
v 0.416794 0.719149 -0.033086
v 0.404112 0.732313 -0.032340
v 0.427065 0.709654 -0.032133
v 0.429294 0.709371 -0.017481
v -0.406891 0.713993 0.020089
v -0.410994 0.711640 0.016755
v -0.402219 0.718783 0.012084
v -0.408690 0.746926 0.012748
v -0.419183 0.750260 0.008724
v -0.414467 0.737720 0.019381
v -0.425540 0.737123 0.016714
v -0.421198 0.722361 0.027075
v -0.416679 0.723594 0.029036
v -0.406660 0.734819 0.021809
v -0.409796 0.722775 0.028524
v -0.402744 0.741808 0.014436
v -0.405839 0.717935 0.024963
v -0.400825 0.726940 0.017209
v -0.400825 0.726940 0.017209
v -0.405839 0.717935 0.024963
v -0.401167 0.724161 0.005311
v -0.399279 0.735009 0.010592
v -0.414125 0.711636 0.009503
v -0.416911 0.711091 0.016413
v -0.416000 0.714448 0.002502
v -0.416641 0.719308 -0.003053
v -0.401516 0.729975 -0.000161
v -0.420730 0.711154 0.017901
v -0.425076 0.714693 0.020768
v -0.420730 0.711154 0.017901
v -0.422278 0.710783 0.025548
v -0.399279 0.735009 0.010592
v 0.493186 0.661990 -0.001664
v 0.491207 0.660017 -0.001625
v 0.490209 0.664638 -0.002928
v 0.481385 0.675530 0.007985
v 0.478724 0.673040 0.009192
v 0.490798 0.664960 0.008167
v 0.488835 0.663009 0.009029
v 0.491602 0.660108 0.007423
v 0.493813 0.662313 0.006965
v 0.488368 0.662509 -0.003702
v 0.481538 0.674965 -0.003631
v 0.478423 0.672313 -0.004882
v 0.483141 0.675808 0.002167
v 0.492843 0.665652 0.002575
v 0.491547 0.664769 -0.001729
v 0.492063 0.665134 0.006657
v 0.495380 0.662026 0.002762
v 0.491207 0.660017 -0.001625
v 0.486365 0.659236 -0.001939
v 0.488368 0.662509 -0.003702
v 0.486646 0.659494 0.007484
v 0.486516 0.658944 0.002720
v 0.491602 0.660108 0.007423
v 0.492383 0.659372 0.002775
v 0.491207 0.660017 -0.001625
v 0.488835 0.663009 0.009029
v 0.495380 0.662026 0.002762
v 0.492383 0.659372 0.002775
v 0.492383 0.659372 0.002775
v 0.442492 0.696391 0.004425
v 0.450513 0.714965 0.004421
v 0.454004 0.715493 -0.002058
v 0.450977 0.713784 -0.008468
v 0.454906 0.699239 -0.007999
v 0.449118 0.693678 -0.006557
v 0.449758 0.702740 -0.009048
v 0.443363 0.696223 -0.006785
v 0.442847 0.695473 -0.001493
v 0.447952 0.692121 -0.000756
v 0.448766 0.694465 0.004580
v 0.447638 0.703299 0.006171
v 0.454512 0.700108 0.006967
v 0.454512 0.700108 0.006967
v 0.458355 0.705701 0.005361
v 0.447638 0.703299 0.006171
v 0.454906 0.699239 -0.007999
v 0.449758 0.702740 -0.009048
v 0.458259 0.705040 -0.006065
v 0.459426 0.706046 -0.000502
v 0.447638 0.703299 0.006171
v 0.447617 0.703188 0.006622
v 0.442492 0.696391 0.004425
v 0.447617 0.703188 0.006622
v 0.438744 0.698884 -0.002667
v 0.458464 0.684813 -0.005141
v 0.470957 0.673033 0.007084
v 0.474621 0.669273 0.007299
v 0.476566 0.675489 0.009117
v 0.478724 0.673040 0.009192
v 0.474092 0.668295 0.002229
v 0.474457 0.668889 -0.003082
v 0.478423 0.672313 -0.004882
v 0.472141 0.689239 0.000958
v 0.470996 0.689024 0.006614
v 0.481012 0.679340 0.002170
v 0.479565 0.678456 0.007793
v 0.468706 0.692422 0.006609
v 0.465017 0.688102 0.008363
v 0.467218 0.686003 0.008306
v 0.476566 0.675489 0.009117
v 0.469815 0.693152 0.000611
v 0.468806 0.692022 -0.005325
v 0.465663 0.687566 -0.006645
v 0.476645 0.674779 -0.005224
v 0.479680 0.678154 -0.003720
v 0.467874 0.685084 -0.006247
v 0.471414 0.688492 -0.004877
v 0.458195 0.685137 0.005992
v 0.457668 0.683906 0.000670
v 0.465017 0.688102 0.008363
v 0.465663 0.687566 -0.006645
v 0.467874 0.685084 -0.006247
v 0.462556 0.680696 -0.004687
v 0.462037 0.681262 0.006255
v 0.461732 0.679828 0.000990
v 0.467218 0.686003 0.008306
v 0.470374 0.671795 0.002010
v 0.471048 0.672536 -0.003261
v 0.476645 0.674779 -0.005224
v 0.442952 0.696459 -0.010920
v 0.449848 0.713651 -0.011366
v 0.450949 0.699107 -0.023091
v 0.446959 0.694059 -0.021370
v 0.446857 0.702710 -0.023687
v 0.441165 0.696862 -0.021769
v 0.442203 0.695938 -0.016313
v 0.447211 0.692619 -0.016196
v 0.448227 0.693485 -0.011173
v 0.450047 0.702787 -0.009616
v 0.452299 0.699593 -0.009736
v 0.452299 0.699593 -0.009736
v 0.455246 0.705471 -0.011433
v 0.450047 0.702787 -0.009616
v 0.450949 0.699107 -0.023091
v 0.446857 0.702710 -0.023687
v 0.454502 0.704590 -0.021771
v 0.447663 0.712603 -0.023229
v 0.452278 0.713703 -0.017422
v 0.456125 0.705736 -0.016763
v 0.449758 0.702740 -0.009048
v 0.450047 0.702787 -0.009616
v 0.450977 0.713784 -0.008468
v 0.450047 0.702787 -0.009616
v 0.449758 0.702740 -0.009048
v 0.442952 0.696459 -0.010920
v 0.450047 0.702787 -0.009616
v 0.437366 0.700014 -0.015118
v -0.443363 0.696223 -0.006785
v -0.449758 0.702740 -0.009048
v -0.450977 0.713784 -0.008468
v -0.450513 0.714965 0.004421
v -0.454004 0.715493 -0.002058
v -0.449118 0.693678 -0.006557
v -0.454906 0.699239 -0.007999
v -0.442847 0.695473 -0.001493
v -0.447952 0.692121 -0.000756
v -0.454512 0.700108 0.006967
v -0.448766 0.694465 0.004580
v -0.447638 0.703299 0.006171
v -0.442492 0.696391 0.004425
v -0.454512 0.700108 0.006967
v -0.447638 0.703299 0.006171
v -0.458355 0.705701 0.005361
v -0.454906 0.699239 -0.007999
v -0.458259 0.705040 -0.006065
v -0.449758 0.702740 -0.009048
v -0.459426 0.706046 -0.000502
v -0.449758 0.702740 -0.009048
v -0.450977 0.713784 -0.008468
v -0.450047 0.702787 -0.009616
v -0.450047 0.702787 -0.009616
v -0.442952 0.696459 -0.010920
v -0.449758 0.702740 -0.009048
v -0.450047 0.702787 -0.009616
v -0.438744 0.698884 -0.002667
v -0.458464 0.684813 -0.005141
v 0.458806 0.684984 -0.009973
v 0.458132 0.684051 -0.014733
v 0.463050 0.681113 -0.010073
v 0.468538 0.689670 -0.020467
v 0.469810 0.691922 -0.015241
v 0.468834 0.691253 -0.009629
v 0.464802 0.685991 -0.021886
v 0.471142 0.688107 -0.009637
v 0.471952 0.688352 -0.015003
v 0.470751 0.686639 -0.020067
v 0.467214 0.683458 -0.021378
v 0.465478 0.687442 -0.007990
v 0.467998 0.684595 -0.008234
v 0.458351 0.684212 -0.019942
v 0.464802 0.685991 -0.021886
v 0.467214 0.683458 -0.021378
v 0.462515 0.680178 -0.019351
v 0.465478 0.687442 -0.007990
v 0.467998 0.684595 -0.008234
v 0.462333 0.680049 -0.014377
v -0.461732 0.679828 0.000990
v -0.462556 0.680696 -0.004687
v -0.457668 0.683906 0.000670
v -0.468706 0.692422 0.006609
v -0.470996 0.689024 0.006614
v -0.465017 0.688102 0.008363
v -0.467218 0.686003 0.008306
v -0.469815 0.693152 0.000611
v -0.468806 0.692022 -0.005325
v -0.465663 0.687566 -0.006645
v -0.471414 0.688492 -0.004877
v -0.467874 0.685084 -0.006247
v -0.458195 0.685137 0.005992
v -0.465017 0.688102 0.008363
v -0.465663 0.687566 -0.006645
v -0.467874 0.685084 -0.006247
v -0.462037 0.681262 0.006255
v -0.467218 0.686003 0.008306
v -0.472141 0.689239 0.000958
v -0.447617 0.703188 0.006622
v -0.447299 0.694022 0.009773
v -0.452326 0.699252 0.007770
v -0.448243 0.714459 0.020719
v -0.442868 0.709222 0.023262
v -0.439050 0.701495 0.020474
v -0.441850 0.697065 0.008700
v -0.439336 0.698105 0.014297
v -0.445928 0.693121 0.015641
v -0.446043 0.696006 0.021085
v -0.450640 0.702238 0.023646
v -0.442868 0.709222 0.023262
v -0.450640 0.702238 0.023646
v -0.454494 0.706574 0.021236
v -0.452326 0.699252 0.007770
v -0.454534 0.706486 0.010212
v -0.447617 0.703188 0.006622
v -0.449432 0.714580 0.008091
v -0.455700 0.707173 0.015685
v -0.451456 0.716319 0.014377
v -0.447638 0.703299 0.006171
v -0.442492 0.696391 0.004425
v -0.447617 0.703188 0.006622
v -0.447617 0.703188 0.006622
v -0.437186 0.699750 0.013299
v -0.493186 0.661990 -0.001664
v -0.492383 0.659372 0.002775
v -0.495380 0.662026 0.002762
v -0.481385 0.675530 0.007985
v -0.490798 0.664960 0.008167
v -0.478724 0.673040 0.009192
v -0.488835 0.663009 0.009029
v -0.493813 0.662313 0.006965
v -0.491602 0.660108 0.007423
v -0.490209 0.664638 -0.002928
v -0.491207 0.660017 -0.001625
v -0.488368 0.662509 -0.003702
v -0.481538 0.674965 -0.003631
v -0.478423 0.672313 -0.004882
v -0.483141 0.675808 0.002167
v -0.491547 0.664769 -0.001729
v -0.492843 0.665652 0.002575
v -0.492063 0.665134 0.006657
v -0.495380 0.662026 0.002762
v -0.486646 0.659494 0.007484
v -0.474621 0.669273 0.007299
v -0.488835 0.663009 0.009029
v -0.478724 0.673040 0.009192
v -0.474092 0.668295 0.002229
v -0.486516 0.658944 0.002720
v -0.486365 0.659236 -0.001939
v -0.474457 0.668889 -0.003082
v -0.488368 0.662509 -0.003702
v -0.478423 0.672313 -0.004882
v -0.491207 0.660017 -0.001625
v -0.492383 0.659372 0.002775
v -0.491602 0.660108 0.007423
v -0.491207 0.660017 -0.001625
v -0.492383 0.659372 0.002775
v -0.481012 0.679340 0.002170
v -0.479565 0.678456 0.007793
v -0.476566 0.675489 0.009117
v -0.479680 0.678154 -0.003720
v -0.476645 0.674779 -0.005224
v -0.476566 0.675489 0.009117
v -0.470957 0.673033 0.007084
v -0.470374 0.671795 0.002010
v -0.471048 0.672536 -0.003261
v -0.476645 0.674779 -0.005224
v 0.479271 0.679540 -0.008868
v 0.476200 0.676077 -0.007795
v 0.481913 0.677147 -0.013892
v 0.481493 0.676884 -0.008770
v 0.488231 0.668396 -0.009571
v 0.487963 0.667214 -0.007956
v 0.488811 0.669023 -0.013243
v 0.487137 0.668246 -0.016669
v 0.480532 0.675988 -0.018435
v 0.486446 0.666710 -0.018017
v 0.490962 0.665533 -0.012901
v 0.489097 0.665319 -0.016604
v 0.490008 0.665625 -0.009309
v 0.490962 0.665533 -0.012901
v 0.488082 0.662018 -0.009159
v 0.488205 0.661360 -0.012767
v 0.488205 0.661360 -0.012767
v 0.487478 0.661992 -0.016331
v 0.484686 0.664197 -0.018454
v 0.476799 0.672255 -0.019766
v 0.477770 0.673752 -0.007672
v 0.485959 0.664645 -0.007621
v 0.485959 0.664645 -0.007621
v 0.477770 0.673752 -0.007672
v 0.483425 0.661757 -0.008862
v 0.473871 0.670543 -0.009051
v 0.488082 0.662018 -0.009159
v 0.488205 0.661360 -0.012767
v 0.483120 0.661110 -0.012791
v 0.487478 0.661992 -0.016331
v 0.483156 0.661313 -0.016896
v 0.473226 0.669544 -0.013139
v 0.473463 0.669498 -0.017689
v 0.484686 0.664197 -0.018454
v 0.476799 0.672255 -0.019766
v 0.479851 0.679909 -0.013930
v 0.478603 0.678363 -0.018809
v 0.475332 0.674516 -0.020074
v 0.475332 0.674516 -0.020074
v 0.469937 0.672796 -0.018127
v 0.469791 0.672577 -0.013458
v 0.470545 0.673933 -0.009116
v 0.476200 0.676077 -0.007795
v 0.446976 0.700942 -0.035577
v 0.438945 0.701656 -0.035152
v 0.439561 0.707777 -0.036622
v 0.443818 0.712768 -0.035623
v 0.446395 0.713327 -0.025352
v 0.448365 0.713260 -0.029381
v 0.446886 0.702984 -0.024230
v 0.440901 0.698602 -0.024913
v 0.446857 0.702710 -0.023687
v 0.440901 0.698602 -0.024913
v 0.446886 0.702984 -0.024230
v 0.444221 0.697088 -0.033331
v 0.448647 0.701026 -0.024289
v 0.452019 0.706224 -0.025913
v 0.446886 0.702984 -0.024230
v 0.451003 0.705686 -0.034841
v 0.444807 0.697202 -0.024996
v 0.446886 0.702984 -0.024230
v 0.448647 0.701026 -0.024289
v 0.452224 0.706495 -0.030252
v 0.440630 0.698829 -0.030086
v 0.443877 0.696176 -0.029253
v 0.435902 0.701806 -0.031302
v -0.110572 1.008790 0.039356
v -0.108199 0.970187 0.034410
v -0.095798 0.974619 0.047259
v -0.115798 1.008980 0.037645
v -0.110237 0.952896 -0.006117
v -0.110459 0.946041 -0.003097
v -0.100542 0.959902 0.039262
v -0.105364 0.961888 -0.061142
v -0.112930 1.047790 0.028260
v -0.094810 1.047340 0.030670
v -0.094931 1.008120 0.044909
v -0.097994 1.076000 -0.002562
v -0.116005 1.072320 -0.002101
v -0.093975 1.064470 -0.063041
v -0.111569 1.060330 -0.060317
v -0.098315 1.079300 -0.035659
v -0.115966 1.074030 -0.036311
v -0.092345 1.032410 -0.075786
v -0.107433 1.027880 -0.071976
v -0.091074 0.990819 -0.077273
v -0.105133 0.986883 -0.070565
v -0.098315 1.079300 -0.035659
v -0.115966 1.074030 -0.036311
v -0.079065 1.084520 -0.034629
v -0.073429 1.074200 -0.060080
v -0.080506 1.079160 -0.005554
v -0.079065 1.084520 -0.034629
v -0.080627 1.073160 0.005152
v -0.080458 1.046370 0.032877
v -0.080891 1.006700 0.049074
v -0.110459 0.946041 -0.003097
v -0.110237 0.952896 -0.006117
v -0.120864 0.951788 -0.057674
v -0.130753 0.938552 -0.012032
v -0.133967 0.942175 -0.056276
v -0.127434 1.045820 0.026820
v -0.134057 1.067030 -0.002538
v -0.129118 1.053700 -0.058787
v -0.135310 1.067400 -0.036742
v -0.118408 1.022450 -0.070189
v -0.135310 1.067400 -0.036742
v -0.168679 1.042100 -0.036280
v -0.162085 1.030030 -0.058330
v -0.185054 1.026040 -0.036252
v -0.176749 1.015490 -0.058303
v -0.142993 1.002380 -0.067093
v -0.154801 0.990543 -0.066495
v -0.158584 1.027540 0.023917
v -0.168837 1.041220 -0.004023
v -0.172690 1.014100 0.022157
v -0.184508 1.024870 -0.004869
v -0.114598 0.964533 0.030852
v -0.113974 0.952238 -0.007990
v -0.110237 0.952896 -0.006117
v -0.136885 1.000360 0.032878
v -0.149266 0.990178 0.031095
v -0.164990 0.976728 0.028248
v -0.187848 0.998886 0.020864
v -0.211853 0.934612 0.024885
v -0.235189 0.955329 0.018436
v -0.243812 0.965537 -0.007035
v -0.199654 1.009250 -0.005779
v -0.234699 0.957775 -0.058877
v -0.243674 0.966219 -0.037067
v -0.191760 1.000460 -0.058182
v -0.200622 1.010170 -0.036426
v -0.167907 0.976374 -0.066389
v -0.209616 0.934597 -0.066236
v -0.144603 0.954117 -0.062770
v -0.178057 0.907768 -0.052344
v -0.136244 0.946220 0.025098
v -0.180585 0.908483 0.017920
v -0.130753 0.938552 -0.012032
v -0.174900 0.904303 -0.014969
v -0.152591 1.056120 -0.036576
v -0.145743 1.043270 -0.058229
v -0.152131 1.056350 -0.002912
v -0.142757 1.039090 0.025841
v -0.126082 1.007630 0.035467
v -0.130677 1.013420 -0.067869
v -0.132771 0.965798 -0.064162
v -0.110678 0.959562 -0.059158
v -0.122527 0.974959 -0.066158
v -0.123760 0.956438 0.027932
v -0.118591 0.948574 -0.010166
v -0.134057 1.067030 -0.002538
v -0.127434 1.045820 0.026820
v -0.129118 1.053700 -0.058787
v -0.118408 1.022450 -0.070189
v -0.135310 1.067400 -0.036742
v -0.113913 0.981783 -0.067547
v -0.105133 0.986883 -0.070565
v -0.108199 0.970187 0.034410
v -0.174900 0.904303 -0.014969
v -0.118591 0.948574 -0.010166
v -0.110237 0.952896 -0.006117
v -0.113974 0.952238 -0.007990
v -0.105364 0.961888 -0.061142
v -0.115798 1.008980 0.037645
v -0.233551 0.864179 0.012936
v -0.246827 0.901442 0.023834
v -0.260595 0.888288 0.024062
v -0.266768 0.927768 -0.059463
v -0.280578 0.914363 -0.059926
v -0.275142 0.935957 -0.037406
v -0.289622 0.922599 -0.037244
v -0.212539 0.873548 -0.016497
v -0.226804 0.860447 -0.016771
v -0.215073 0.876647 -0.051466
v -0.229967 0.863404 -0.051442
v -0.226804 0.860447 -0.016771
v -0.219267 0.876296 0.013747
v -0.212539 0.873548 -0.016497
v -0.257196 0.889148 -0.066690
v -0.241729 0.903042 -0.066598
v -0.283172 0.910315 0.018497
v -0.268491 0.924004 0.018011
v -0.290836 0.920627 -0.006813
v -0.276256 0.934038 -0.007043
v -0.465730 0.693648 0.010869
v -0.471028 0.672317 0.013247
v -0.470327 0.671389 0.018001
v -0.470587 0.673079 0.022566
v -0.475179 0.675635 0.011257
v -0.474075 0.676791 0.025216
v -0.455612 0.687416 0.011091
v -0.454361 0.686603 0.016512
v -0.454796 0.687920 0.021420
v -0.459320 0.682001 0.016788
v -0.459647 0.683320 0.021788
v -0.460549 0.682816 0.011739
v -0.466525 0.675631 0.017757
v -0.467180 0.676982 0.022502
v -0.467505 0.675953 0.012932
v -0.473307 0.678180 0.010944
v -0.464636 0.686453 0.009616
v -0.462374 0.689032 0.008991
v -0.476503 0.682796 0.017997
v -0.474915 0.682119 0.023480
v -0.469135 0.691848 0.017018
v -0.467529 0.691373 0.022808
v -0.464934 0.694447 0.022805
v -0.466617 0.695802 0.016747
v -0.467866 0.690530 0.011418
v -0.462374 0.689032 0.008991
v -0.464636 0.686453 0.009616
v -0.473307 0.678180 0.010944
v -0.475513 0.681150 0.012485
v -0.461607 0.690073 0.024570
v -0.464192 0.687385 0.024518
v -0.472428 0.679053 0.025111
v -0.472428 0.679053 0.025111
v -0.464192 0.687385 0.024518
v -0.461607 0.690073 0.024570
v -0.298644 0.897684 -0.060164
v -0.327348 0.871762 -0.060416
v -0.306989 0.906516 -0.037122
v -0.407296 0.779106 -0.016296
v -0.401809 0.771157 -0.035565
v -0.416078 0.768285 -0.015551
v -0.410605 0.761066 -0.033876
v -0.390427 0.759093 -0.039552
v -0.399441 0.750276 -0.037820
v -0.360772 0.791194 0.010303
v -0.377394 0.805299 0.005134
v -0.389383 0.764580 0.011233
v -0.402304 0.776802 0.004869
v -0.411203 0.766621 0.004774
v -0.386726 0.741723 -0.012919
v -0.377908 0.749009 -0.013621
v -0.389504 0.746697 0.004297
v -0.380191 0.754048 0.004026
v -0.390613 0.743867 -0.032519
v -0.381963 0.750358 -0.033919
v -0.386726 0.741723 -0.012919
v -0.377908 0.749009 -0.013621
v -0.398458 0.756139 0.011528
v -0.248888 0.845978 -0.052034
v -0.245012 0.844044 -0.017017
v -0.270354 0.819554 -0.016248
v -0.274498 0.821619 -0.052726
v -0.275058 0.872376 -0.067876
v -0.301428 0.846892 -0.069416
v -0.335696 0.880524 -0.036920
v -0.297545 0.896106 0.018993
v -0.307788 0.906184 -0.006265
v -0.324749 0.872245 0.021156
v -0.336754 0.881896 -0.004730
v -0.245012 0.844044 -0.017017
v -0.249911 0.848927 0.013095
v -0.275905 0.874041 0.024621
v -0.301008 0.849916 0.026783
v -0.270354 0.819554 -0.016248
v -0.274400 0.824704 0.013103
v -0.310429 0.782138 -0.015221
v -0.314987 0.788782 0.015918
v -0.310429 0.782138 -0.015221
v -0.314424 0.784820 -0.054677
v -0.337924 0.809470 -0.070239
v -0.363263 0.835634 -0.060787
v -0.372200 0.847689 -0.036109
v -0.362365 0.838073 0.023546
v -0.372487 0.849108 -0.003077
v -0.337885 0.813352 0.029443
v -0.389750 0.765232 0.007923
v -0.383321 0.757290 0.003236
v -0.398458 0.756139 0.011528
v -0.389504 0.746697 0.004297
v -0.386726 0.741723 -0.012919
v -0.381606 0.753367 -0.013067
v -0.385159 0.753880 -0.030836
v -0.390613 0.743867 -0.032519
v -0.399441 0.750276 -0.037820
v -0.391766 0.760145 -0.036076
v -0.399614 0.769988 -0.031910
v -0.410605 0.761066 -0.033876
v -0.403469 0.775879 -0.015049
v -0.416078 0.768285 -0.015551
v -0.399153 0.774182 0.002630
v -0.411203 0.766621 0.004774
v -0.375351 0.814670 -0.055532
v -0.377241 0.799342 -0.040283
v -0.383992 0.827385 -0.033388
v -0.384195 0.807377 -0.026391
v -0.362836 0.786081 -0.044852
v -0.353272 0.793175 -0.063564
v -0.350387 0.774054 -0.039027
v -0.332853 0.773688 -0.050594
v -0.346582 0.774893 -0.016115
v -0.326810 0.772877 -0.015344
v -0.330841 0.778554 0.012441
v -0.349343 0.778399 0.003127
v -0.326810 0.772877 -0.015344
v -0.346582 0.774893 -0.016115
v -0.352220 0.798114 0.024625
v -0.360772 0.791194 0.010303
v -0.374636 0.819576 0.019525
v -0.377394 0.805299 0.005134
v -0.383540 0.808571 -0.010275
v -0.383968 0.828578 -0.004981
v -0.349343 0.778399 0.003127
v -0.346582 0.774893 -0.016115
v -0.350387 0.774054 -0.039027
v -0.346582 0.774893 -0.016115
v -0.362836 0.786081 -0.044852
v -0.377241 0.799342 -0.040283
v -0.384195 0.807377 -0.026391
v -0.383540 0.808571 -0.010275
v -0.408374 0.759501 -0.030327
v -0.412220 0.765415 -0.014752
v -0.399614 0.769988 -0.031910
v -0.403469 0.775879 -0.015049
v -0.400032 0.751295 -0.034535
v -0.391766 0.760145 -0.036076
v -0.408580 0.764371 0.002736
v -0.398528 0.757130 0.008640
v -0.399153 0.774182 0.002630
v -0.389750 0.765232 0.007923
v -0.390265 0.745332 -0.012261
v -0.381606 0.753367 -0.013067
v -0.392131 0.749527 0.003866
v -0.383321 0.757290 0.003236
v -0.393371 0.746681 -0.029853
v -0.385159 0.753880 -0.030836
v -0.390265 0.745332 -0.012261
v -0.381606 0.753367 -0.013067
v -0.419282 0.756839 -0.013845
v -0.414881 0.752133 -0.029862
v -0.415671 0.756842 0.003027
v -0.404610 0.751120 0.009864
v -0.406207 0.743594 -0.034508
v -0.398476 0.745843 0.009266
v -0.397416 0.740665 0.005190
v -0.398551 0.739406 -0.029352
v -0.396352 0.739402 -0.011610
v -0.397416 0.740665 0.005190
v -0.396352 0.739402 -0.011610
v 0.421886 0.692306 0.051490
v 0.420883 0.689843 0.049110
v 0.425537 0.692257 0.048633
v 0.412601 0.698764 0.045462
v 0.413188 0.695525 0.042707
v 0.416695 0.693484 0.051483
v 0.417098 0.691200 0.049828
v 0.416119 0.701846 0.046207
v 0.412601 0.698764 0.045462
v 0.418002 0.695850 0.051722
v 0.416695 0.693484 0.051483
v 0.420726 0.702128 0.045541
v 0.422634 0.695061 0.052184
v 0.424798 0.699819 0.042818
v 0.425325 0.694609 0.048711
v 0.425672 0.696620 0.039684
v 0.425537 0.692257 0.048633
v 0.421886 0.692306 0.051490
v 0.424254 0.690167 0.046867
v 0.418160 0.693730 0.040037
v 0.423173 0.693747 0.038933
v 0.425672 0.696620 0.039684
v 0.416641 0.719308 -0.003053
v 0.401516 0.729975 -0.000161
v 0.416000 0.714448 0.002502
v 0.399279 0.735009 0.010592
v 0.401167 0.724161 0.005311
v 0.425540 0.737123 0.016714
v 0.425218 0.720827 0.023198
v 0.411500 0.703434 0.041338
v 0.415341 0.706717 0.042960
v 0.411500 0.703434 0.041338
v 0.411654 0.700322 0.037817
v 0.420521 0.706939 0.042323
v 0.424542 0.704468 0.039098
v 0.424989 0.700825 0.034722
v 0.424989 0.700825 0.034722
v 0.422264 0.698400 0.033607
v 0.416780 0.698495 0.034609
v 0.408690 0.746926 0.012748
v 0.414467 0.737720 0.019381
v 0.419183 0.750260 0.008724
v 0.416679 0.723594 0.029036
v 0.421198 0.722361 0.027075
v 0.417281 0.717893 0.032272
v 0.422450 0.714715 0.028916
v 0.419865 0.709260 0.040230
v 0.423890 0.707102 0.036560
v 0.409796 0.722775 0.028524
v 0.406660 0.734819 0.021809
v 0.411547 0.717372 0.032538
v 0.414942 0.709292 0.040742
v 0.402744 0.741808 0.014436
v 0.405839 0.717935 0.024963
v 0.400825 0.726940 0.017209
v 0.407776 0.713440 0.029751
v 0.410982 0.706048 0.038618
v 0.400825 0.726940 0.017209
v 0.402219 0.718783 0.012084
v 0.405839 0.717935 0.024963
v 0.406891 0.713993 0.020089
v 0.414125 0.711636 0.009503
v 0.416911 0.711091 0.016413
v 0.410994 0.711640 0.016755
v 0.412638 0.708387 0.023030
v 0.415236 0.703367 0.029078
v 0.408741 0.710333 0.026420
v 0.410443 0.705433 0.032278
v 0.407776 0.713440 0.029751
v 0.410982 0.706048 0.038618
v 0.419094 0.707783 0.023321
v 0.420033 0.703693 0.028409
v 0.425623 0.711589 0.013659
v 0.420730 0.711154 0.017901
v 0.425076 0.714693 0.020768
v 0.422278 0.710783 0.025548
v 0.422278 0.710783 0.025548
v 0.420730 0.711154 0.017901
v 0.425076 0.714693 0.020768
v 0.424091 0.703810 0.031712
v 0.422278 0.710783 0.025548
v 0.424091 0.703810 0.031712
v 0.425076 0.714693 0.020768
v 0.399279 0.735009 0.010592
v 0.478537 0.675400 -0.033317
v 0.470558 0.680487 -0.034272
v 0.472755 0.682246 -0.033687
v 0.480913 0.674000 -0.032142
v 0.479075 0.671573 -0.032188
v 0.477117 0.673582 -0.033645
v 0.473451 0.683180 -0.025213
v 0.471155 0.680973 -0.024186
v 0.479014 0.675625 -0.024790
v 0.477593 0.673908 -0.024201
v 0.481055 0.674086 -0.025750
v 0.479267 0.671767 -0.025306
v 0.477593 0.673908 -0.024201
v 0.475736 0.670268 -0.025153
v 0.479267 0.671767 -0.025306
v 0.479778 0.670607 -0.028703
v 0.475268 0.669804 -0.028453
v 0.475507 0.670207 -0.031736
v 0.479075 0.671573 -0.032188
v 0.479778 0.670607 -0.028703
v 0.481816 0.673769 -0.029049
v 0.474136 0.683689 -0.029547
v 0.479783 0.676304 -0.026180
v 0.480287 0.676764 -0.029314
v 0.479653 0.676183 -0.032269
v 0.455967 0.687700 -0.033216
v 0.463636 0.681020 -0.033099
v 0.455583 0.687190 -0.029087
v 0.471155 0.680973 -0.024186
v 0.467448 0.677831 -0.025467
v 0.466688 0.677240 -0.029034
v 0.467014 0.677705 -0.032695
v 0.460582 0.696652 -0.034502
v 0.461846 0.698250 -0.030131
v 0.457920 0.693340 -0.035617
v 0.468542 0.682543 -0.034439
v 0.470793 0.685115 -0.033720
v 0.460250 0.690968 -0.035159
v 0.463227 0.693879 -0.034058
v 0.472276 0.686196 -0.029529
v 0.464385 0.694736 -0.029852
v 0.471520 0.685613 -0.025344
v 0.463717 0.694236 -0.025460
v 0.460933 0.696842 -0.025578
v 0.458188 0.693443 -0.024116
v 0.460796 0.691050 -0.023812
v 0.469282 0.683033 -0.024007
v 0.458188 0.693443 -0.024116
v 0.452334 0.691434 -0.025587
v 0.452111 0.691256 -0.033337
v 0.451611 0.690736 -0.029216
v 0.456267 0.688138 -0.025435
v 0.460796 0.691050 -0.023812
v 0.469282 0.683033 -0.024007
v 0.464208 0.681081 -0.025373
v 0.463237 0.680537 -0.029229
v 0.097994 1.076000 -0.002562
v 0.080506 1.079160 -0.005554
v 0.080627 1.073160 0.005152
v 0.110572 1.008790 0.039356
v 0.115792 1.008980 0.037647
v 0.112930 1.047790 0.028260
v 0.108199 0.970187 0.034410
v 0.110237 0.952896 -0.006117
v 0.110459 0.946041 -0.003097
v 0.100542 0.959902 0.039262
v 0.110459 0.946041 -0.003097
v 0.094494 0.968012 -0.070820
v 0.105364 0.961888 -0.061142
v 0.094810 1.047340 0.030670
v 0.094931 1.008120 0.044909
v 0.116005 1.072320 -0.002101
v 0.115966 1.074030 -0.036311
v 0.111569 1.060330 -0.060317
v 0.098315 1.079300 -0.035659
v 0.093975 1.064470 -0.063041
v 0.092345 1.032410 -0.075786
v 0.107433 1.027880 -0.071976
v 0.091074 0.990819 -0.077273
v 0.105133 0.986883 -0.070565
v 0.115966 1.074030 -0.036311
v 0.098315 1.079300 -0.035659
v 0.073429 1.074200 -0.060080
v 0.079065 1.084520 -0.034629
v 0.095798 0.974619 0.047259
v 0.110237 0.952896 -0.006117
v 0.080891 1.006700 0.049074
v 0.080458 1.046370 0.032877
v 0.079065 1.084520 -0.034629
v 0.129118 1.053700 -0.058787
v 0.152591 1.056120 -0.036576
v 0.145743 1.043270 -0.058229
v 0.168679 1.042100 -0.036280
v 0.185054 1.026040 -0.036252
v 0.162085 1.030030 -0.058330
v 0.176749 1.015490 -0.058303
v 0.154801 0.990543 -0.066495
v 0.142993 1.002380 -0.067093
v 0.158584 1.027540 0.023917
v 0.172690 1.014100 0.022157
v 0.168837 1.041220 -0.004023
v 0.184508 1.024870 -0.004869
v 0.127434 1.045820 0.026820
v 0.134057 1.067030 -0.002538
v 0.135310 1.067400 -0.036742
v 0.129118 1.053700 -0.058787
v 0.118408 1.022450 -0.070189
v 0.114598 0.964533 0.030852
v 0.110237 0.952896 -0.006117
v 0.113974 0.952238 -0.007990
v 0.136885 1.000360 0.032878
v 0.149266 0.990178 0.031095
v 0.164990 0.976728 0.028248
v 0.211853 0.934612 0.024885
v 0.187848 0.998886 0.020864
v 0.235189 0.955329 0.018436
v 0.199654 1.009250 -0.005779
v 0.243812 0.965537 -0.007035
v 0.200622 1.010170 -0.036426
v 0.243674 0.966219 -0.037067
v 0.191760 1.000460 -0.058182
v 0.234699 0.957775 -0.058877
v 0.167907 0.976374 -0.066389
v 0.209616 0.934597 -0.066236
v 0.178057 0.907768 -0.052344
v 0.144603 0.954117 -0.062770
v 0.133967 0.942175 -0.056276
v 0.136244 0.946220 0.025098
v 0.130753 0.938552 -0.012032
v 0.180585 0.908483 0.017920
v 0.174900 0.904303 -0.014969
v 0.142757 1.039090 0.025841
v 0.152131 1.056350 -0.002912
v 0.126082 1.007630 0.035467
v 0.130677 1.013420 -0.067869
v 0.122527 0.974959 -0.066158
v 0.132771 0.965798 -0.064162
v 0.110678 0.959562 -0.059158
v 0.120864 0.951788 -0.057674
v 0.123760 0.956438 0.027932
v 0.135310 1.067400 -0.036742
v 0.118591 0.948574 -0.010166
v 0.127434 1.045820 0.026820
v 0.134057 1.067030 -0.002538
v 0.118408 1.022450 -0.070189
v 0.135310 1.067400 -0.036742
v 0.113913 0.981783 -0.067547
v 0.105133 0.986883 -0.070565
v 0.108199 0.970187 0.034410
v 0.130753 0.938552 -0.012032
v 0.174900 0.904303 -0.014969
v 0.118591 0.948574 -0.010166
v 0.110237 0.952896 -0.006117
v 0.113974 0.952238 -0.007990
v 0.105364 0.961888 -0.061142
v 0.115792 1.008980 0.037647
v 0.268491 0.924004 0.018011
v 0.260595 0.888288 0.024062
v 0.283172 0.910315 0.018497
v 0.289622 0.922599 -0.037244
v 0.280578 0.914363 -0.059926
v 0.275142 0.935957 -0.037406
v 0.266768 0.927768 -0.059463
v 0.229967 0.863404 -0.051442
v 0.226804 0.860447 -0.016771
v 0.215073 0.876647 -0.051466
v 0.212539 0.873548 -0.016497
v 0.212539 0.873548 -0.016497
v 0.226804 0.860447 -0.016771
v 0.219267 0.876296 0.013747
v 0.233551 0.864179 0.012936
v 0.257196 0.889148 -0.066690
v 0.241729 0.903042 -0.066598
v 0.276256 0.934038 -0.007043
v 0.290836 0.920627 -0.006813
v 0.246827 0.901442 0.023834
v 0.377241 0.799342 -0.040283
v 0.362836 0.786081 -0.044852
v 0.375351 0.814670 -0.055532
v 0.407296 0.779106 -0.016296
v 0.416078 0.768285 -0.015551
v 0.401809 0.771157 -0.035565
v 0.410605 0.761066 -0.033876
v 0.399441 0.750276 -0.037820
v 0.390427 0.759093 -0.039552
v 0.402304 0.776802 0.004869
v 0.377394 0.805299 0.005134
v 0.389383 0.764580 0.011233
v 0.360772 0.791194 0.010303
v 0.411203 0.766621 0.004774
v 0.386726 0.741723 -0.012919
v 0.389504 0.746697 0.004297
v 0.377908 0.749009 -0.013621
v 0.380191 0.754048 0.004026
v 0.390613 0.743867 -0.032519
v 0.386726 0.741723 -0.012919
v 0.381963 0.750358 -0.033919
v 0.377908 0.749009 -0.013621
v 0.398458 0.756139 0.011528
v 0.248888 0.845978 -0.052034
v 0.245012 0.844044 -0.017017
v 0.274498 0.821619 -0.052726
v 0.270354 0.819554 -0.016248
v 0.301428 0.846892 -0.069416
v 0.275058 0.872376 -0.067876
v 0.327348 0.871762 -0.060416
v 0.298644 0.897684 -0.060164
v 0.335696 0.880524 -0.036920
v 0.306989 0.906516 -0.037122
v 0.297545 0.896106 0.018993
v 0.324749 0.872245 0.021156
v 0.307788 0.906184 -0.006265
v 0.336754 0.881896 -0.004730
v 0.245012 0.844044 -0.017017
v 0.249911 0.848927 0.013095
v 0.275905 0.874041 0.024621
v 0.301008 0.849916 0.026783
v 0.270354 0.819554 -0.016248
v 0.274400 0.824704 0.013103
v 0.310429 0.782138 -0.015221
v 0.314987 0.788782 0.015918
v 0.314424 0.784820 -0.054677
v 0.310429 0.782138 -0.015221
v 0.337924 0.809470 -0.070239
v 0.363263 0.835634 -0.060787
v 0.372200 0.847689 -0.036109
v 0.362365 0.838073 0.023546
v 0.372487 0.849108 -0.003077
v 0.337885 0.813352 0.029443
v 0.389504 0.746697 0.004297
v 0.383321 0.757290 0.003236
v 0.398458 0.756139 0.011528
v 0.389750 0.765232 0.007923
v 0.381606 0.753367 -0.013067
v 0.386726 0.741723 -0.012919
v 0.385159 0.753880 -0.030836
v 0.390613 0.743867 -0.032519
v 0.391766 0.760145 -0.036076
v 0.399441 0.750276 -0.037820
v 0.410605 0.761066 -0.033876
v 0.399614 0.769988 -0.031910
v 0.416078 0.768285 -0.015551
v 0.403469 0.775879 -0.015049
v 0.411203 0.766621 0.004774
v 0.399153 0.774182 0.002630
v 0.383992 0.827385 -0.033388
v 0.384195 0.807377 -0.026391
v 0.353272 0.793175 -0.063564
v 0.350387 0.774054 -0.039027
v 0.332853 0.773688 -0.050594
v 0.326810 0.772877 -0.015344
v 0.346582 0.774893 -0.016115
v 0.330841 0.778554 0.012441
v 0.326810 0.772877 -0.015344
v 0.349343 0.778399 0.003127
v 0.346582 0.774893 -0.016115
v 0.360772 0.791194 0.010303
v 0.352220 0.798114 0.024625
v 0.374636 0.819576 0.019525
v 0.377394 0.805299 0.005134
v 0.383968 0.828578 -0.004981
v 0.383540 0.808571 -0.010275
v 0.349343 0.778399 0.003127
v 0.346582 0.774893 -0.016115
v 0.350387 0.774054 -0.039027
v 0.346582 0.774893 -0.016115
v 0.362836 0.786081 -0.044852
v 0.377241 0.799342 -0.040283
v 0.384195 0.807377 -0.026391
v 0.383540 0.808571 -0.010275
v 0.408374 0.759501 -0.030327
v 0.399614 0.769988 -0.031910
v 0.412220 0.765415 -0.014752
v 0.403469 0.775879 -0.015049
v 0.400032 0.751295 -0.034535
v 0.391766 0.760145 -0.036076
v 0.408580 0.764371 0.002736
v 0.399153 0.774182 0.002630
v 0.398528 0.757130 0.008640
v 0.389750 0.765232 0.007923
v 0.390265 0.745332 -0.012261
v 0.392131 0.749527 0.003866
v 0.381606 0.753367 -0.013067
v 0.383321 0.757290 0.003236
v 0.381606 0.753367 -0.013067
v 0.385159 0.753880 -0.030836
v 0.390265 0.745332 -0.012261
v 0.393371 0.746681 -0.029853
v 0.414881 0.752133 -0.029862
v 0.419282 0.756839 -0.013845
v 0.415671 0.756842 0.003027
v 0.404610 0.751120 0.009864
v 0.406207 0.743594 -0.034508
v 0.397416 0.740665 0.005190
v 0.398476 0.745843 0.009266
v 0.396352 0.739402 -0.011610
v 0.398551 0.739406 -0.029352
v 0.397416 0.740665 0.005190
v 0.396352 0.739402 -0.011610
v 0.053181 0.157620 0.013923
v 0.052638 0.219460 0.026685
v 0.076363 0.157381 0.018874
v 0.076363 0.157381 0.018874
v 0.052638 0.219460 0.026685
v 0.077242 0.219469 0.030000
v 0.039954 0.158111 -0.007452
v 0.036833 0.219460 0.007403
v 0.053181 0.157620 0.013923
v 0.036833 0.219460 0.007403
v 0.076626 0.242412 0.034855
v 0.051868 0.242588 0.031130
v 0.034303 0.243661 0.012414
v 0.036168 0.219495 -0.038720
v 0.045045 0.157046 -0.036487
v 0.066729 0.219505 -0.053691
v 0.066729 0.219505 -0.053691
v 0.045045 0.157046 -0.036487
v 0.068598 0.155829 -0.049488
v 0.036168 0.219495 -0.038720
v 0.039954 0.158111 -0.007452
v 0.030535 0.219460 -0.005791
v 0.097018 0.219507 -0.042563
v 0.088883 0.156153 -0.040943
v 0.088883 0.156153 -0.040943
v 0.099010 0.219487 0.015267
v 0.107677 0.219504 -0.015315
v 0.094136 0.156799 0.005412
v 0.094136 0.156799 0.005412
v 0.107677 0.219504 -0.015315
v 0.099004 0.156440 -0.021123
v 0.099004 0.156440 -0.021123
v 0.097018 0.219507 -0.042563
v 0.099004 0.156440 -0.021123
v 0.107677 0.219504 -0.015315
v 0.099010 0.219487 0.015267
v 0.035226 0.243281 -0.037785
v 0.028441 0.242601 -0.003176
v 0.066385 0.244551 -0.052148
v 0.097829 0.243996 -0.040376
v 0.107847 0.243693 -0.011941
v 0.098703 0.242767 0.019339
v 0.107847 0.243693 -0.011941
v 0.028441 0.242601 -0.003176
v 0.030535 0.219460 -0.005791
v 0.032001 0.143000 -0.016028
v 0.032728 0.112053 -0.015519
v 0.039079 0.143284 0.015988
v 0.038967 0.112945 0.016957
v 0.043222 0.142398 -0.041868
v 0.042261 0.112353 -0.040308
v 0.032001 0.143000 -0.016028
v 0.032728 0.112053 -0.015519
v 0.037323 0.181003 0.017775
v 0.027756 0.180444 -0.016591
v 0.052311 0.180148 0.032796
v 0.055733 0.143716 0.031731
v 0.081693 0.180137 0.033419
v 0.081475 0.143609 0.032382
v 0.027756 0.180444 -0.016591
v 0.038063 0.178118 -0.043937
v 0.071987 0.111434 -0.054327
v 0.072301 0.143240 -0.055931
v 0.072380 0.178599 -0.059796
v 0.105591 0.141724 -0.022838
v 0.095648 0.142808 -0.043059
v 0.110170 0.176031 -0.022824
v 0.094951 0.179116 -0.046558
v 0.096151 0.110926 -0.040255
v 0.057887 0.114621 0.031822
v 0.082409 0.114416 0.032199
v 0.104977 0.178638 0.016679
v 0.101739 0.141767 0.014860
v 0.102167 0.112233 0.014279
v 0.105150 0.109950 -0.022842
v 0.045468 0.210119 0.042485
v 0.044944 0.184513 0.043886
v 0.082320 0.210119 0.043156
v 0.083069 0.184514 0.045816
v 0.028049 0.210285 0.020033
v 0.019205 0.210089 -0.010386
v 0.026385 0.184607 0.020401
v 0.018468 0.184483 -0.010920
v 0.046288 0.240069 0.039156
v 0.080371 0.240087 0.040183
v 0.027913 0.210100 -0.047292
v 0.069121 0.210119 -0.065210
v 0.027565 0.184501 -0.048725
v 0.069309 0.184512 -0.067253
v 0.018468 0.184483 -0.010920
v 0.019205 0.210089 -0.010386
v 0.029832 0.240859 -0.044862
v 0.020256 0.240048 -0.006844
v 0.020256 0.240048 -0.006844
v 0.028703 0.240177 0.019240
v 0.104504 0.209898 -0.048530
v 0.106086 0.184536 -0.051468
v 0.068104 0.241349 -0.060263
v 0.104430 0.240603 -0.045329
v 0.111402 0.184510 0.022459
v 0.119923 0.184512 -0.012806
v 0.109400 0.210117 0.021227
v 0.117697 0.210119 -0.013378
v 0.116172 0.240096 -0.011615
v 0.107310 0.240086 0.022011
v 0.049132 0.244518 0.036188
v 0.079006 0.244447 0.038449
v 0.024619 0.245823 -0.005820
v 0.032834 0.244769 -0.039877
v 0.032620 0.245522 0.017937
v 0.024619 0.245823 -0.005820
v 0.066947 0.245443 -0.055002
v 0.100407 0.245682 -0.042542
v 0.112944 0.245042 -0.012362
v 0.103956 0.244610 0.020993
v 0.045640 0.171775 0.044475
v 0.052311 0.180148 0.032796
v 0.083515 0.171777 0.046398
v 0.081693 0.180137 0.033419
v 0.027756 0.180444 -0.016591
v 0.037323 0.181003 0.017775
v 0.018028 0.171745 -0.011779
v 0.025393 0.171827 0.020577
v 0.072380 0.178599 -0.059796
v 0.038063 0.178118 -0.043937
v 0.069421 0.171773 -0.067700
v 0.027358 0.171768 -0.049794
v 0.027756 0.180444 -0.016591
v 0.018028 0.171745 -0.011779
v 0.107030 0.171773 -0.052856
v 0.094951 0.179116 -0.046558
v 0.112597 0.171771 0.022373
v 0.104977 0.178638 0.016679
v 0.121251 0.171772 -0.012979
v 0.110170 0.176031 -0.022824
v 0.098703 0.242767 0.019339
v 0.076626 0.242412 0.034855
v 0.107847 0.243693 -0.011941
v 0.097829 0.243996 -0.040376
v 0.066385 0.244551 -0.052148
v 0.035226 0.243281 -0.037785
v 0.028441 0.242601 -0.003176
v 0.034303 0.243661 0.012414
v 0.028441 0.242601 -0.003176
v 0.051868 0.242588 0.031130
v 0.044944 0.184513 0.043886
v 0.045640 0.171775 0.044475
v 0.083069 0.184514 0.045816
v 0.083515 0.171777 0.046398
v 0.026385 0.184607 0.020401
v 0.025393 0.171827 0.020577
v 0.018028 0.171745 -0.011779
v 0.018468 0.184483 -0.010920
v 0.027358 0.171768 -0.049794
v 0.018028 0.171745 -0.011779
v 0.027565 0.184501 -0.048725
v 0.018468 0.184483 -0.010920
v 0.069421 0.171773 -0.067700
v 0.069309 0.184512 -0.067253
v 0.107030 0.171773 -0.052856
v 0.106086 0.184536 -0.051468
v 0.121251 0.171772 -0.012979
v 0.119923 0.184512 -0.012806
v 0.111402 0.184510 0.022459
v 0.112597 0.171771 0.022373
v 0.045787 0.050250 -0.046220
v 0.036393 0.036283 -0.020904
v 0.035800 0.050511 -0.019458
v 0.042662 0.080907 0.018507
v 0.035272 0.078525 -0.017284
v 0.046485 0.084343 -0.045977
v 0.047816 0.074712 -0.044100
v 0.035272 0.078525 -0.017284
v 0.068974 0.074415 -0.057678
v 0.069278 0.083943 -0.059453
v 0.098041 0.073805 -0.042417
v 0.099256 0.083349 -0.044246
v 0.061259 0.084485 0.033811
v 0.082714 0.085414 0.035377
v 0.104496 0.080671 0.017377
v 0.107467 0.072980 -0.021461
v 0.043135 0.036263 -0.047286
v 0.040459 0.015403 -0.021860
v 0.044142 0.015049 -0.047333
v 0.067521 0.015245 -0.062747
v 0.067079 0.036275 -0.063792
v 0.092493 0.015144 -0.055050
v 0.093357 0.036325 -0.053363
v 0.068141 0.050289 -0.060992
v 0.092977 0.050008 -0.051296
v 0.067079 0.036275 -0.063792
v 0.067521 0.015245 -0.062747
v 0.068141 0.050289 -0.060992
v 0.046770 0.009855 -0.046155
v 0.048112 -0.000221 -0.044871
v 0.043487 0.010203 -0.020844
v 0.046019 -0.000048 -0.021171
v 0.078747 -0.000063 -0.058302
v 0.067903 0.010049 -0.059841
v 0.079568 0.010000 -0.057972
v 0.078747 -0.000063 -0.058302
v 0.089685 -0.000048 -0.051952
v 0.058051 -0.000149 -0.055571
v 0.048112 -0.000221 -0.044871
v 0.107919 0.036194 -0.024893
v 0.105311 0.048827 -0.023466
v 0.058051 -0.000149 -0.055571
v 0.067903 0.010049 -0.059841
v 0.079568 0.010000 -0.057972
v 0.057336 0.009951 -0.056390
v 0.046770 0.009855 -0.046155
v 0.043487 0.010203 -0.020844
v 0.106059 0.051915 0.007290
v 0.092977 0.050008 -0.051296
v 0.105311 0.048827 -0.023466
v 0.068141 0.050289 -0.060992
v 0.045787 0.050250 -0.046220
v 0.035800 0.050511 -0.019458
v 0.040761 0.050261 0.007072
v 0.035800 0.050511 -0.019458
v 0.046019 -0.000048 -0.021171
v 0.048112 -0.000221 -0.044871
v 0.046770 0.009855 -0.046155
v 0.057336 0.009951 -0.056390
v 0.067903 0.010049 -0.059841
v 0.091234 0.009951 -0.052413
v 0.089685 -0.000048 -0.051952
v 0.091234 0.009951 -0.052413
v 0.101624 0.059522 0.037836
v 0.062694 0.066415 0.046214
v 0.084119 0.065365 0.047306
v 0.038516 0.033489 0.004122
v 0.042229 0.015062 0.003622
v 0.102542 0.043891 0.075235
v 0.101980 0.048094 0.057053
v 0.084314 0.050980 0.075414
v 0.083381 0.058229 0.060226
v 0.084119 0.065365 0.047306
v 0.101624 0.059522 0.037836
v 0.105991 0.042017 0.101318
v 0.086418 0.051665 0.101147
v 0.116339 0.029304 0.053682
v 0.118835 0.027243 0.075095
v 0.118726 0.026806 0.101497
v 0.046246 0.049573 0.052564
v 0.040633 0.030624 0.047426
v 0.046621 0.042102 0.074089
v 0.037610 0.027703 0.073530
v 0.043392 0.044402 0.099935
v 0.035594 0.026888 0.099585
v 0.045723 0.057458 0.033603
v 0.040761 0.050261 0.007072
v 0.040693 0.032152 0.025733
v 0.065468 0.052269 0.074752
v 0.064878 0.058242 0.059258
v 0.064178 0.052127 0.100520
v 0.062694 0.066415 0.046214
v 0.040647 -0.000048 0.073426
v 0.038950 -0.000048 0.099987
v 0.038292 0.009413 0.073482
v 0.037600 0.009337 0.100053
v 0.044838 0.014813 0.025635
v 0.118672 -0.000049 0.075035
v 0.115734 -0.000049 0.101782
v 0.040647 -0.000048 0.073426
v 0.038950 -0.000048 0.099987
v 0.114643 0.009056 0.032863
v 0.113254 -0.000049 0.032704
v 0.109488 0.009153 0.007204
v 0.108134 -0.000048 0.007189
v 0.104288 0.009504 -0.022903
v 0.102323 -0.000048 -0.021581
v 0.116063 0.009127 0.101825
v 0.115734 -0.000049 0.101782
v 0.118997 0.009031 0.075106
v 0.118672 -0.000049 0.075035
v 0.106192 0.014683 -0.024992
v 0.038488 0.026766 0.119941
v 0.043995 0.043177 0.120096
v 0.103096 0.041664 0.121840
v 0.084198 0.049405 0.121258
v 0.107408 -0.000049 0.122856
v 0.044335 -0.000049 0.120984
v 0.108141 0.009204 0.122873
v 0.107408 -0.000049 0.122856
v 0.110648 0.026543 0.122077
v 0.050156 0.009660 0.131554
v 0.053691 -0.000049 0.130439
v 0.072483 0.009649 0.137602
v 0.072462 -0.000048 0.135977
v 0.046325 0.027433 0.134155
v 0.045107 0.037245 0.129911
v 0.044335 -0.000049 0.120984
v 0.043061 0.009483 0.120942
v 0.065732 0.049984 0.120721
v 0.072798 0.028096 0.141120
v 0.080311 0.041341 0.134629
v 0.066667 0.041769 0.134232
v 0.095855 -0.000049 0.132086
v 0.097143 0.009423 0.133534
v 0.072462 -0.000048 0.135977
v 0.072483 0.009649 0.137602
v 0.072462 -0.000048 0.135977
v 0.053691 -0.000049 0.130439
v 0.095855 -0.000049 0.132086
v 0.047765 0.009631 0.025528
v 0.045271 0.009872 0.004139
v 0.052287 -0.000048 0.024877
v 0.049934 -0.000048 0.002886
v 0.109165 0.035158 0.007493
v 0.111393 0.014321 0.007561
v 0.117884 0.014295 0.101335
v 0.120896 0.014195 0.074893
v 0.109803 0.014373 0.122050
v 0.097792 0.014599 0.136467
v 0.100635 0.027564 0.134920
v 0.072345 0.014832 0.140873
v 0.097792 0.014599 0.136467
v 0.100635 0.027564 0.134920
v 0.048948 0.014843 0.134566
v 0.046325 0.027433 0.134155
v 0.048948 0.014843 0.134566
v 0.041361 0.014661 0.120020
v 0.035614 0.014510 0.099489
v 0.035655 0.014589 0.073186
v 0.044270 0.009491 0.044830
v 0.048933 -0.000048 0.044842
v 0.101628 0.036224 0.130424
v 0.101628 0.036224 0.130424
v 0.116734 0.014221 0.032825
v 0.114936 0.031365 0.033660
v 0.119361 0.014208 0.053859
v 0.116509 -0.000049 0.053869
v 0.117366 0.009043 0.053985
v 0.041744 0.014670 0.044794
v 0.038292 0.009413 0.073482
v 0.037600 0.009337 0.100053
v 0.043061 0.009483 0.120942
v 0.050156 0.009660 0.131554
v 0.072483 0.009649 0.137602
v 0.050156 0.009660 0.131554
v 0.097143 0.009423 0.133534
v 0.108141 0.009204 0.122873
v 0.097143 0.009423 0.133534
v 0.116063 0.009127 0.101825
v 0.118997 0.009031 0.075106
v 0.117366 0.009043 0.053985
v 0.114643 0.009056 0.032863
v 0.109488 0.009153 0.007204
v 0.104288 0.009504 -0.022903
v 0.045271 0.009872 0.004139
v 0.047765 0.009631 0.025528
v 0.044270 0.009491 0.044830
v 0.045723 0.057458 0.033603
v 0.045107 0.037245 0.129911
v 0.106059 0.051915 0.007290
v 0.108134 -0.000048 0.007189
v 0.049934 -0.000048 0.002886
v 0.102323 -0.000048 -0.021581
v 0.116509 -0.000049 0.053869
v 0.048933 -0.000048 0.044842
v 0.113254 -0.000049 0.032704
v 0.052287 -0.000048 0.024877
v -0.116063 0.009127 0.101825
v -0.115734 -0.000049 0.101782
v -0.108141 0.009204 0.122873
v -0.107408 -0.000049 0.122856
v -0.072462 -0.000048 0.135977
v -0.053691 -0.000049 0.130439
v -0.072483 0.009649 0.137602
v -0.050156 0.009660 0.131554
v -0.038488 0.026766 0.119941
v -0.045107 0.037245 0.129911
v -0.046325 0.027433 0.134155
v -0.044335 -0.000049 0.120984
v -0.043061 0.009483 0.120942
v -0.072798 0.028096 0.141120
v -0.066667 0.041769 0.134232
v -0.080311 0.041341 0.134629
v -0.095855 -0.000049 0.132086
v -0.097143 0.009423 0.133534
v -0.072462 -0.000048 0.135977
v -0.072483 0.009649 0.137602
v -0.072462 -0.000048 0.135977
v -0.095855 -0.000049 0.132086
v -0.053691 -0.000049 0.130439
v -0.118726 0.026806 0.101497
v -0.117884 0.014295 0.101335
v -0.110648 0.026543 0.122077
v -0.109803 0.014373 0.122050
v -0.097792 0.014599 0.136467
v -0.100635 0.027564 0.134920
v -0.072345 0.014832 0.140873
v -0.097792 0.014599 0.136467
v -0.100635 0.027564 0.134920
v -0.046325 0.027433 0.134155
v -0.048948 0.014843 0.134566
v -0.041361 0.014661 0.120020
v -0.048948 0.014843 0.134566
v -0.101628 0.036224 0.130424
v -0.101628 0.036224 0.130424
v -0.043061 0.009483 0.120942
v -0.050156 0.009660 0.131554
v -0.072483 0.009649 0.137602
v -0.050156 0.009660 0.131554
v -0.097143 0.009423 0.133534
v -0.108141 0.009204 0.122873
v -0.097143 0.009423 0.133534
v -0.116063 0.009127 0.101825
v -0.045107 0.037245 0.129911
v -0.043995 0.043177 0.120096
v -0.065732 0.049984 0.120721
v -0.084198 0.049405 0.121258
v -0.103096 0.041664 0.121840
v -0.044335 -0.000049 0.120984
v -0.107408 -0.000049 0.122856
v -0.107919 0.036194 -0.024893
v -0.093357 0.036325 -0.053363
v -0.106192 0.014683 -0.024992
v -0.042229 0.015062 0.003622
v -0.040459 0.015403 -0.021860
v -0.038516 0.033489 0.004122
v -0.036393 0.036283 -0.020904
v -0.044142 0.015049 -0.047333
v -0.043135 0.036263 -0.047286
v -0.083381 0.058229 0.060226
v -0.101980 0.048094 0.057053
v -0.084314 0.050980 0.075414
v -0.102542 0.043891 0.075235
v -0.084119 0.065365 0.047306
v -0.101624 0.059522 0.037836
v -0.105991 0.042017 0.101318
v -0.086418 0.051665 0.101147
v -0.116339 0.029304 0.053682
v -0.118835 0.027243 0.075095
v -0.037610 0.027703 0.073530
v -0.040633 0.030624 0.047426
v -0.046621 0.042102 0.074089
v -0.046246 0.049573 0.052564
v -0.043392 0.044402 0.099935
v -0.035594 0.026888 0.099585
v -0.045723 0.057458 0.033603
v -0.040693 0.032152 0.025733
v -0.040761 0.050261 0.007072
v -0.065468 0.052269 0.074752
v -0.064878 0.058242 0.059258
v -0.064178 0.052127 0.100520
v -0.062694 0.066415 0.046214
v -0.037600 0.009337 0.100053
v -0.038950 -0.000048 0.099987
v -0.038292 0.009413 0.073482
v -0.040647 -0.000048 0.073426
v -0.044838 0.014813 0.025635
v -0.118672 -0.000049 0.075035
v -0.040647 -0.000048 0.073426
v -0.115734 -0.000049 0.101782
v -0.038950 -0.000048 0.099987
v -0.108134 -0.000048 0.007189
v -0.113254 -0.000049 0.032704
v -0.109488 0.009153 0.007204
v -0.114643 0.009056 0.032863
v -0.091234 0.009951 -0.052413
v -0.089685 -0.000048 -0.051952
v -0.104288 0.009504 -0.022903
v -0.102323 -0.000048 -0.021581
v -0.118997 0.009031 0.075106
v -0.118672 -0.000049 0.075035
v -0.067521 0.015245 -0.062747
v -0.092493 0.015144 -0.055050
v -0.067079 0.036275 -0.063792
v -0.092977 0.050008 -0.051296
v -0.068141 0.050289 -0.060992
v -0.067521 0.015245 -0.062747
v -0.067079 0.036275 -0.063792
v -0.046770 0.009855 -0.046155
v -0.043487 0.010203 -0.020844
v -0.048112 -0.000221 -0.044871
v -0.046019 -0.000048 -0.021171
v -0.078747 -0.000063 -0.058302
v -0.079568 0.010000 -0.057972
v -0.067903 0.010049 -0.059841
v -0.078747 -0.000063 -0.058302
v -0.058051 -0.000149 -0.055571
v -0.089685 -0.000048 -0.051952
v -0.048112 -0.000221 -0.044871
v -0.047765 0.009631 0.025528
v -0.052287 -0.000048 0.024877
v -0.045271 0.009872 0.004139
v -0.049934 -0.000048 0.002886
v -0.111393 0.014321 0.007561
v -0.109165 0.035158 0.007493
v -0.120896 0.014195 0.074893
v -0.035614 0.014510 0.099489
v -0.035655 0.014589 0.073186
v -0.048933 -0.000048 0.044842
v -0.044270 0.009491 0.044830
v -0.058051 -0.000149 -0.055571
v -0.114936 0.031365 0.033660
v -0.116734 0.014221 0.032825
v -0.119361 0.014208 0.053859
v -0.116509 -0.000049 0.053869
v -0.117366 0.009043 0.053985
v -0.041744 0.014670 0.044794
v -0.038292 0.009413 0.073482
v -0.037600 0.009337 0.100053
v -0.118997 0.009031 0.075106
v -0.117366 0.009043 0.053985
v -0.109488 0.009153 0.007204
v -0.114643 0.009056 0.032863
v -0.104288 0.009504 -0.022903
v -0.091234 0.009951 -0.052413
v -0.067903 0.010049 -0.059841
v -0.079568 0.010000 -0.057972
v -0.046770 0.009855 -0.046155
v -0.057336 0.009951 -0.056390
v -0.043487 0.010203 -0.020844
v -0.045271 0.009872 0.004139
v -0.047765 0.009631 0.025528
v -0.044270 0.009491 0.044830
v -0.106059 0.051915 0.007290
v -0.035800 0.050511 -0.019458
v -0.046019 -0.000048 -0.021171
v -0.049934 -0.000048 0.002886
v -0.102323 -0.000048 -0.021581
v -0.108134 -0.000048 0.007189
v -0.116509 -0.000049 0.053869
v -0.048933 -0.000048 0.044842
v -0.052287 -0.000048 0.024877
v -0.113254 -0.000049 0.032704
v -0.057336 0.009951 -0.056390
v -0.046770 0.009855 -0.046155
v -0.048112 -0.000221 -0.044871
v -0.067903 0.010049 -0.059841
v -0.107467 0.072980 -0.021461
v -0.105311 0.048827 -0.023466
v -0.106059 0.051915 0.007290
v -0.084119 0.065365 0.047306
v -0.062694 0.066415 0.046214
v -0.082714 0.085414 0.035377
v -0.061259 0.084485 0.033811
v -0.101624 0.059522 0.037836
v -0.068141 0.050289 -0.060992
v -0.045787 0.050250 -0.046220
v -0.105311 0.048827 -0.023466
v -0.045723 0.057458 0.033603
v -0.042662 0.080907 0.018507
v -0.092977 0.050008 -0.051296
v -0.098041 0.073805 -0.042417
v -0.068141 0.050289 -0.060992
v -0.068974 0.074415 -0.057678
v -0.047816 0.074712 -0.044100
v -0.045787 0.050250 -0.046220
v -0.035800 0.050511 -0.019458
v -0.035272 0.078525 -0.017284
v -0.040761 0.050261 0.007072
v -0.035272 0.078525 -0.017284
v -0.035800 0.050511 -0.019458
v -0.036833 0.219460 0.007403
v -0.053181 0.157620 0.013923
v -0.052638 0.219460 0.026685
v -0.053181 0.157620 0.013923
v -0.076363 0.157381 0.018874
v -0.052638 0.219460 0.026685
v -0.076363 0.157381 0.018874
v -0.077242 0.219469 0.030000
v -0.039954 0.158111 -0.007452
v -0.036833 0.219460 0.007403
v -0.051868 0.242588 0.031130
v -0.076626 0.242412 0.034855
v -0.034303 0.243661 0.012414
v -0.036168 0.219495 -0.038720
v -0.066729 0.219505 -0.053691
v -0.045045 0.157046 -0.036487
v -0.045045 0.157046 -0.036487
v -0.066729 0.219505 -0.053691
v -0.068598 0.155829 -0.049488
v -0.030535 0.219460 -0.005791
v -0.039954 0.158111 -0.007452
v -0.036168 0.219495 -0.038720
v -0.088883 0.156153 -0.040943
v -0.088883 0.156153 -0.040943
v -0.097018 0.219507 -0.042563
v -0.099010 0.219487 0.015267
v -0.094136 0.156799 0.005412
v -0.107677 0.219504 -0.015315
v -0.107677 0.219504 -0.015315
v -0.094136 0.156799 0.005412
v -0.099004 0.156440 -0.021123
v -0.097018 0.219507 -0.042563
v -0.099004 0.156440 -0.021123
v -0.099004 0.156440 -0.021123
v -0.107677 0.219504 -0.015315
v -0.099010 0.219487 0.015267
v -0.035226 0.243281 -0.037785
v -0.028441 0.242601 -0.003176
v -0.066385 0.244551 -0.052148
v -0.097829 0.243996 -0.040376
v -0.107847 0.243693 -0.011941
v -0.098703 0.242767 0.019339
v -0.107847 0.243693 -0.011941
v -0.028441 0.242601 -0.003176
v -0.030535 0.219460 -0.005791
v -0.038856 0.112945 0.016957
v -0.032617 0.112053 -0.015519
v -0.039079 0.143284 0.015988
v -0.032001 0.143000 -0.016028
v -0.032617 0.112053 -0.015519
v -0.043622 0.112353 -0.040308
v -0.032001 0.143000 -0.016028
v -0.043222 0.142398 -0.041868
v -0.037323 0.181003 0.017775
v -0.027756 0.180444 -0.016591
v -0.081475 0.143609 0.032382
v -0.055733 0.143716 0.031731
v -0.081693 0.180137 0.033419
v -0.052311 0.180148 0.032796
v -0.046485 0.084343 -0.045977
v -0.027756 0.180444 -0.016591
v -0.038063 0.178118 -0.043937
v -0.071987 0.111434 -0.054327
v -0.072301 0.143240 -0.055931
v -0.069278 0.083943 -0.059453
v -0.072380 0.178599 -0.059796
v -0.105591 0.141724 -0.022838
v -0.110170 0.176031 -0.022824
v -0.095648 0.142808 -0.043059
v -0.094951 0.179116 -0.046558
v -0.096151 0.110926 -0.040255
v -0.099256 0.083349 -0.044246
v -0.057887 0.114621 0.031822
v -0.082409 0.114416 0.032199
v -0.104977 0.178638 0.016679
v -0.101739 0.141767 0.014860
v -0.102167 0.112233 0.014279
v -0.105150 0.109950 -0.022842
v -0.104496 0.080671 0.017377
v -0.045468 0.210119 0.042485
v -0.082320 0.210119 0.043156
v -0.044944 0.184513 0.043886
v -0.083069 0.184514 0.045816
v -0.028049 0.210285 0.020033
v -0.026385 0.184607 0.020401
v -0.019205 0.210089 -0.010386
v -0.018468 0.184483 -0.010920
v -0.080371 0.240087 0.040183
v -0.046288 0.240069 0.039156
v -0.027913 0.210100 -0.047292
v -0.027565 0.184501 -0.048725
v -0.069121 0.210119 -0.065210
v -0.069309 0.184512 -0.067253
v -0.018468 0.184483 -0.010920
v -0.019205 0.210089 -0.010386
v -0.029832 0.240859 -0.044862
v -0.020256 0.240048 -0.006844
v -0.020256 0.240048 -0.006844
v -0.028703 0.240177 0.019240
v -0.104504 0.209898 -0.048530
v -0.106086 0.184536 -0.051468
v -0.068104 0.241349 -0.060263
v -0.104430 0.240603 -0.045329
v -0.117697 0.210119 -0.013378
v -0.119923 0.184512 -0.012806
v -0.109400 0.210117 0.021227
v -0.111402 0.184510 0.022459
v -0.107310 0.240086 0.022011
v -0.116172 0.240096 -0.011615
v -0.079006 0.244447 0.038449
v -0.049132 0.244518 0.036188
v -0.032834 0.244769 -0.039877
v -0.024619 0.245823 -0.005820
v -0.024619 0.245823 -0.005820
v -0.032620 0.245522 0.017937
v -0.100407 0.245682 -0.042542
v -0.066947 0.245443 -0.055002
v -0.103956 0.244610 0.020993
v -0.112944 0.245042 -0.012362
v -0.045640 0.171775 0.044475
v -0.083515 0.171777 0.046398
v -0.052311 0.180148 0.032796
v -0.081693 0.180137 0.033419
v -0.025393 0.171827 0.020577
v -0.037323 0.181003 0.017775
v -0.018028 0.171745 -0.011779
v -0.027756 0.180444 -0.016591
v -0.027358 0.171768 -0.049794
v -0.038063 0.178118 -0.043937
v -0.069421 0.171773 -0.067700
v -0.072380 0.178599 -0.059796
v -0.018028 0.171745 -0.011779
v -0.027756 0.180444 -0.016591
v -0.107030 0.171773 -0.052856
v -0.094951 0.179116 -0.046558
v -0.112597 0.171771 0.022373
v -0.121251 0.171772 -0.012979
v -0.104977 0.178638 0.016679
v -0.110170 0.176031 -0.022824
v -0.098703 0.242767 0.019339
v -0.076626 0.242412 0.034855
v -0.107847 0.243693 -0.011941
v -0.097829 0.243996 -0.040376
v -0.066385 0.244551 -0.052148
v -0.035226 0.243281 -0.037785
v -0.028441 0.242601 -0.003176
v -0.034303 0.243661 0.012414
v -0.028441 0.242601 -0.003176
v -0.051868 0.242588 0.031130
v -0.044944 0.184513 0.043886
v -0.083069 0.184514 0.045816
v -0.045640 0.171775 0.044475
v -0.083515 0.171777 0.046398
v -0.026385 0.184607 0.020401
v -0.025393 0.171827 0.020577
v -0.018468 0.184483 -0.010920
v -0.018028 0.171745 -0.011779
v -0.027358 0.171768 -0.049794
v -0.027565 0.184501 -0.048725
v -0.018028 0.171745 -0.011779
v -0.018468 0.184483 -0.010920
v -0.069309 0.184512 -0.067253
v -0.069421 0.171773 -0.067700
v -0.106086 0.184536 -0.051468
v -0.107030 0.171773 -0.052856
v -0.121251 0.171772 -0.012979
v -0.119923 0.184512 -0.012806
v -0.111402 0.184510 0.022459
v -0.112597 0.171771 0.022373
v 0.065558 1.242150 0.043072
v 0.069422 1.225580 0.034551
v 0.069042 1.248230 0.032174
v 0.071390 1.229360 0.020889
v 0.072788 1.233010 -0.001091
v 0.072349 1.217120 -0.003319
v 0.071711 1.237770 -0.025645
v 0.070595 1.217620 -0.027356
v 0.067522 1.190510 -0.026143
v 0.062190 1.194280 -0.054776
v 0.064540 1.220310 -0.057138
v 0.066257 1.242910 -0.054044
v 0.047433 1.197010 -0.076733
v 0.049206 1.224660 -0.080358
v 0.058628 1.172870 -0.050301
v 0.045885 1.175380 -0.069224
v 0.026461 1.198230 -0.087644
v 0.000000 1.198210 -0.093425
v 0.026419 1.226660 -0.092240
v 0.000000 1.228380 -0.097491
v 0.026436 1.176210 -0.079225
v 0.026913 1.252930 -0.086787
v 0.026766 1.278770 -0.074924
v 0.050681 1.248600 -0.074199
v 0.051335 1.273010 -0.062129
v 0.000000 1.282140 -0.080229
v 0.000000 1.299100 -0.060850
v 0.025920 1.295790 -0.056240
v 0.000000 1.176680 -0.085166
v 0.025735 1.161850 -0.071412
v 0.000000 1.162430 -0.076856
v 0.052015 1.284840 -0.048966
v 0.000000 1.255090 -0.092803
v 0.064734 1.266260 -0.040753
v 0.062819 1.278520 -0.024011
v 0.053196 1.292500 -0.027874
v 0.044197 1.160360 -0.057995
v 0.070165 1.258970 -0.013028
v 0.070832 1.254120 0.010912
v 0.064996 1.277520 -0.002475
v 0.064452 1.274760 0.014069
v 0.038001 1.303160 -0.030086
v 0.000000 1.310930 -0.032824
v 0.014951 1.309720 -0.030148
v 0.041882 1.304070 0.002587
v 0.026023 1.310920 0.003651
v 0.038962 1.298430 0.034981
v 0.024808 1.303680 0.039456
v 0.011834 1.306550 0.041949
v 0.013532 1.313220 0.004164
v 0.000000 1.307200 0.042975
v 0.000000 1.314350 0.003988
v 0.062133 1.269220 0.033089
v 0.052209 1.289090 0.026387
v 0.049601 1.278790 0.046214
v 0.023976 1.290540 0.061502
v 0.036939 1.286280 0.055804
v 0.011317 1.292420 0.064399
v 0.000000 1.292820 0.065708
v 0.054293 1.292700 0.000776
v 0.055258 1.158560 -0.040505
v 0.026588 1.307610 -0.023620
v 0.058638 1.260100 0.049270
v 0.046195 1.267910 0.062623
v 0.021484 1.275800 0.075783
v 0.033345 1.273200 0.070590
v 0.010109 1.277300 0.078812
v 0.000000 1.277540 0.079999
v 0.070576 1.214310 0.016999
v -0.065558 1.242150 0.043072
v -0.069042 1.248230 0.032174
v -0.069422 1.225580 0.034551
v -0.071390 1.229360 0.020889
v -0.070595 1.217620 -0.027356
v -0.072349 1.217120 -0.003319
v -0.071711 1.237770 -0.025645
v -0.072788 1.233010 -0.001091
v -0.055258 1.158560 -0.040505
v -0.063732 1.169800 -0.029729
v -0.058628 1.172870 -0.050301
v -0.064540 1.220310 -0.057138
v -0.066257 1.242910 -0.054044
v -0.049206 1.224660 -0.080358
v -0.047433 1.197010 -0.076733
v -0.062190 1.194280 -0.054776
v -0.045885 1.175380 -0.069224
v -0.026461 1.198230 -0.087644
v -0.026419 1.226660 -0.092240
v -0.026436 1.176210 -0.079225
v -0.026913 1.252930 -0.086787
v -0.050681 1.248600 -0.074199
v -0.026766 1.278770 -0.074924
v -0.051335 1.273010 -0.062129
v -0.025920 1.295790 -0.056240
v -0.025735 1.161850 -0.071412
v -0.052015 1.284840 -0.048966
v -0.064734 1.266260 -0.040753
v -0.053196 1.292500 -0.027874
v -0.062819 1.278520 -0.024011
v -0.044197 1.160360 -0.057995
v -0.070832 1.254120 0.010912
v -0.070165 1.258970 -0.013028
v -0.064452 1.274760 0.014069
v -0.064996 1.277520 -0.002475
v -0.038001 1.303160 -0.030086
v -0.014951 1.309720 -0.030148
v -0.041882 1.304070 0.002587
v -0.038962 1.298430 0.034981
v -0.026023 1.310920 0.003651
v -0.024808 1.303680 0.039456
v -0.013532 1.313220 0.004164
v -0.011834 1.306550 0.041949
v -0.062133 1.269220 0.033089
v -0.049601 1.278790 0.046214
v -0.052209 1.289090 0.026387
v -0.036939 1.286280 0.055804
v -0.023976 1.290540 0.061502
v -0.011317 1.292420 0.064399
v -0.054293 1.292700 0.000776
v -0.026588 1.307610 -0.023620
v -0.046195 1.267910 0.062623
v -0.058638 1.260100 0.049270
v -0.033345 1.273200 0.070590
v -0.021484 1.275800 0.075783
v -0.010109 1.277300 0.078812
v -0.070576 1.214310 0.016999
v -0.067522 1.190510 -0.026143
v 0.063732 1.169800 -0.029729
v 0.041140 1.147400 -0.050013
v 0.050436 1.141610 -0.025728
v 0.025041 1.149200 -0.061820
v 0.000000 1.149450 -0.067427
v -0.041140 1.147400 -0.050013
v -0.050436 1.141610 -0.025728
v -0.025041 1.149200 -0.061820
v 0.071193 1.203932 -0.002899
v 0.069952 1.202784 -0.017744
v 0.063659 1.169392 -0.029082
v 0.063732 1.169800 -0.029729
v 0.067317 1.189736 -0.025864
v 0.067522 1.190510 -0.026143
v 0.070520 1.202090 0.013903
v 0.069940 1.195204 0.000558
v 0.069766 1.202344 -0.017396
v 0.069952 1.202784 -0.017744
v 0.071193 1.203932 -0.002899
v 0.071206 1.203618 -0.003228
v -0.069953 1.202784 -0.017742
v -0.067318 1.189736 -0.025860
v -0.069768 1.202344 -0.017389
v -0.067522 1.190510 -0.026143
v -0.069953 1.202784 -0.017742
v -0.071208 1.203618 -0.003221
v -0.071194 1.203932 -0.002897
v -0.063660 1.169392 -0.029079
v -0.063732 1.169800 -0.029729
v -0.069940 1.195204 0.000559
v -0.070520 1.202090 0.013903
v -0.071194 1.203932 -0.002897
v -0.058609 1.156643 -0.022465
v 0.058609 1.156643 -0.022465
v 0.000000 1.271630 -0.136322
v 0.013251 1.273420 -0.134375
v 0.000000 1.332380 -0.132352
v 0.010039 1.333640 -0.131047
v 0.000000 1.203140 -0.116874
v 0.019815 1.203680 -0.117082
v 0.000000 1.292690 0.068940
v 0.000000 1.315110 0.038054
v 0.025853 1.290300 0.066101
v 0.022926 1.313980 0.035812
v 0.049449 1.279010 0.055237
v 0.040888 1.304010 0.023728
v 0.037588 1.212770 -0.109871
v 0.033209 1.285060 -0.121456
v 0.040377 1.298810 -0.103943
v 0.017395 1.337610 -0.123933
v 0.022861 1.346540 -0.110897
v 0.060525 1.234120 -0.092296
v 0.063382 1.264980 0.041516
v 0.057622 1.291160 0.011586
v 0.022645 1.265300 0.081514
v 0.000000 1.270180 0.084433
v 0.043614 1.253840 0.074811
v 0.007263 1.368550 -0.071480
v 0.012958 1.351100 -0.034750
v 0.000000 1.370120 -0.070097
v 0.000000 1.352990 -0.030975
v 0.021764 1.362980 -0.083823
v 0.024388 1.354370 -0.098185
v 0.039664 1.329620 -0.064443
v 0.042669 1.306610 -0.093804
v 0.042740 1.318680 -0.079099
v 0.065246 1.246210 -0.081987
v 0.064525 1.264100 -0.066756
v 0.033852 1.339860 -0.052256
v 0.014385 1.367500 -0.074031
v 0.022065 1.347580 -0.041302
v 0.075623 1.191770 -0.067286
v 0.084937 1.210590 -0.056367
v 0.069331 1.271440 -0.006724
v 0.074764 1.242310 0.023538
v 0.000000 1.335830 0.004389
v 0.017960 1.333460 0.001186
v 0.031523 1.326140 -0.007158
v 0.044937 1.316750 -0.017468
v 0.054531 1.299760 -0.034872
v 0.061307 1.282780 -0.050688
v 0.077085 1.251800 -0.023030
v 0.084861 1.230980 -0.041434
v 0.051371 1.222840 -0.101751
v 0.060719 1.176980 -0.076315
v 0.043092 1.162120 -0.082690
v 0.024211 1.156260 -0.085389
v -0.010039 1.333640 -0.131042
v -0.013251 1.273430 -0.134364
v 0.000000 1.332380 -0.132352
v 0.000000 1.271630 -0.136322
v -0.019815 1.203780 -0.117040
v 0.000000 1.203140 -0.116874
v -0.022926 1.313980 0.035812
v 0.000000 1.315110 0.038054
v -0.025853 1.290300 0.066101
v 0.000000 1.292690 0.068940
v -0.049449 1.279010 0.055237
v -0.040888 1.304010 0.023728
v -0.033209 1.285060 -0.121487
v -0.037588 1.212910 -0.109811
v -0.017395 1.337610 -0.123933
v -0.040377 1.298810 -0.103963
v -0.022861 1.346540 -0.110897
v -0.062121 1.234180 -0.093273
v -0.063382 1.264980 0.041516
v -0.057622 1.291160 0.011586
v 0.000000 1.270180 0.084433
v -0.027504 1.269160 0.080788
v -0.046720 1.258020 0.074931
v -0.053412 1.237070 0.071883
v -0.058661 1.215100 0.064784
v -0.074764 1.242310 0.023538
v -0.007263 1.368550 -0.071480
v 0.000000 1.370120 -0.070097
v -0.012958 1.351100 -0.034750
v 0.000000 1.352990 -0.030975
v -0.021764 1.362980 -0.083823
v -0.039664 1.329620 -0.064443
v -0.024388 1.354370 -0.098185
v -0.042669 1.306610 -0.093810
v -0.042740 1.318680 -0.079099
v -0.065598 1.247030 -0.082635
v -0.065198 1.263630 -0.067876
v -0.022065 1.347580 -0.041302
v -0.033852 1.339860 -0.052256
v -0.014385 1.367500 -0.074031
v -0.079686 1.218500 0.009566
v -0.084861 1.230980 -0.041434
v -0.077903 1.251800 -0.023038
v -0.077746 1.191400 -0.067781
v -0.084937 1.210590 -0.056367
v -0.069331 1.271440 -0.006724
v 0.000000 1.335830 0.004389
v -0.017960 1.333460 0.001186
v -0.031523 1.326140 -0.007158
v -0.044937 1.316750 -0.017468
v -0.054531 1.299760 -0.034872
v -0.061353 1.282780 -0.051265
v -0.051371 1.222950 -0.101703
v -0.060719 1.176990 -0.076309
v -0.043092 1.162140 -0.082679
v -0.024211 1.156280 -0.085380
v -0.005921 1.409920 -0.138475
v -0.007101 1.420750 -0.129632
v -0.001691 1.410770 -0.137765
v -0.000021 1.419080 -0.114369
v -0.003116 1.419450 -0.112632
v 0.005049 1.406640 -0.101333
v 0.000338 1.407110 -0.098950
v 0.002152 1.418580 -0.117452
v 0.008823 1.405250 -0.105725
v 0.003616 1.417130 -0.121657
v 0.011147 1.402880 -0.112222
v 0.004142 1.415870 -0.125397
v 0.012052 1.400540 -0.118691
v -0.004007 1.392260 -0.139376
v 0.002454 1.393080 -0.138788
v 0.046516 1.251020 0.089824
v 0.049423 1.256930 0.086583
v 0.027378 1.264040 0.097710
v 0.028494 1.270920 0.094736
v 0.000000 1.235810 -0.139094
v -0.000344 1.283680 -0.142162
v 0.022309 1.238150 -0.136814
v 0.016424 1.284340 -0.140483
v 0.000000 1.277670 0.098574
v 0.000000 1.270180 0.100321
v 0.006035 1.390330 -0.082753
v 0.012277 1.388590 -0.086245
v 0.031072 1.355040 -0.087510
v 0.021070 1.380640 -0.100479
v 0.027361 1.362890 -0.075928
v 0.017694 1.385170 -0.092424
v 0.001100 1.412260 -0.135426
v 0.007278 1.394340 -0.135902
v 0.002668 1.413510 -0.131449
v 0.009905 1.396250 -0.130165
v 0.004078 1.415030 -0.127962
v 0.011940 1.398830 -0.123219
v 0.022554 1.256300 0.092537
v 0.000000 1.260710 0.096379
v 0.039997 1.245780 0.086005
v 0.053504 1.227070 0.075606
v 0.060039 1.230000 0.078098
v 0.014776 1.365940 -0.133664
v 0.022222 1.330980 -0.133390
v 0.008355 1.363740 -0.138160
v 0.013865 1.327620 -0.139294
v 0.021896 1.376730 -0.109202
v 0.011176 1.372540 -0.061347
v 0.020367 1.368750 -0.067308
v -0.004566 1.391600 -0.080899
v -0.002390 1.374570 -0.058790
v 0.021759 1.373210 -0.116954
v -0.001596 1.361880 -0.139165
v -0.006925 1.419080 -0.111339
v 0.040354 1.295510 -0.119540
v 0.054801 1.255940 -0.112740
v 0.030083 1.288170 -0.133634
v 0.041019 1.243330 -0.129270
v 0.015901 1.359150 -0.039459
v -0.001424 1.361740 -0.036815
v 0.020144 1.346910 -0.009219
v 0.000000 1.348360 -0.005087
v 0.035034 1.338630 -0.020498
v 0.028363 1.352500 -0.045039
v 0.038016 1.340800 -0.056703
v 0.047262 1.324130 -0.035047
v 0.044980 1.326870 -0.071466
v 0.027708 1.336760 -0.122064
v 0.000709 1.326840 -0.140536
v -0.005610 1.406880 -0.098267
v 0.028947 1.275200 0.085451
v 0.000000 1.280890 0.091028
v 0.043614 1.253840 0.074811
v 0.039997 1.245780 0.086005
v 0.022645 1.265300 0.081514
v 0.022554 1.256300 0.092537
v 0.000000 1.270180 0.084433
v 0.000000 1.260710 0.096379
v 0.000000 1.159080 -0.104668
v 0.000000 1.191520 -0.125801
v 0.028996 1.162230 -0.102663
v 0.026864 1.194100 -0.123481
v 0.047569 1.202530 -0.118143
v 0.054198 1.168920 -0.096010
v 0.067874 1.224560 -0.098372
v 0.069732 1.179260 -0.086970
v 0.018827 1.369600 -0.125328
v 0.045683 1.304000 -0.104747
v 0.061884 1.269980 -0.095189
v 0.031343 1.342330 -0.110837
v 0.046928 1.313780 -0.090007
v 0.063277 1.284750 -0.075373
v 0.032258 1.347630 -0.099896
v 0.059000 1.303440 -0.054532
v 0.000000 1.303190 0.070971
v 0.000000 1.290890 0.079530
v 0.026867 1.299320 0.065901
v 0.027510 1.285930 0.074556
v 0.049376 1.289160 0.054121
v 0.048141 1.274690 0.065641
v 0.065201 1.254600 0.051362
v 0.067552 1.268760 0.036536
v 0.078789 1.254960 0.000916
v 0.078166 1.242490 0.018551
v 0.086691 1.228410 -0.015832
v 0.026069 1.316410 0.047065
v 0.000000 1.319410 0.052901
v 0.023638 1.334310 0.018046
v 0.000000 1.337010 0.024368
v 0.040732 1.325560 0.004431
v 0.047304 1.306920 0.033120
v 0.055551 1.309160 -0.013650
v 0.063932 1.289440 0.011492
v 0.067649 1.285380 -0.036003
v 0.076948 1.265140 -0.013574
v 0.082189 1.193480 -0.076092
v 0.087605 1.211590 -0.058662
v 0.074671 1.242280 -0.080264
v 0.084140 1.241200 -0.033375
v 0.093767 1.189850 -0.041288
v 0.091306 1.169190 -0.055293
v 0.073304 1.264130 -0.057199
v -0.005921 1.409920 -0.138475
v -0.010234 1.409830 -0.137765
v -0.007101 1.420750 -0.129632
v -0.013665 1.417580 -0.114369
v -0.016073 1.404330 -0.101333
v -0.010727 1.418620 -0.112632
v -0.011469 1.405820 -0.098950
v -0.015701 1.416630 -0.117452
v -0.019683 1.402130 -0.105725
v -0.016850 1.414900 -0.121657
v -0.021627 1.399290 -0.112222
v -0.017114 1.413550 -0.125397
v -0.022116 1.396810 -0.118691
v -0.010493 1.391670 -0.138788
v -0.004007 1.392260 -0.139376
v -0.045067 1.256130 0.089772
v -0.027773 1.269280 0.097571
v -0.049413 1.261820 0.087375
v -0.028986 1.275860 0.094618
v 0.000000 1.235810 -0.139094
v -0.022400 1.238150 -0.136819
v -0.000344 1.283680 -0.142162
v -0.018599 1.284320 -0.140493
v -0.013503 1.389130 -0.082753
v -0.019465 1.386560 -0.086245
v -0.039485 1.350680 -0.087510
v -0.034987 1.359080 -0.075928
v -0.029291 1.377470 -0.100479
v -0.025867 1.382440 -0.092424
v -0.015752 1.391820 -0.135902
v -0.013283 1.410680 -0.135426
v -0.018970 1.393090 -0.130165
v -0.015123 1.411560 -0.131449
v -0.021660 1.395150 -0.123219
v -0.016873 1.412740 -0.127962
v -0.059775 1.236760 0.083533
v -0.064206 1.210600 0.076750
v -0.053104 1.233870 0.086576
v -0.057081 1.209030 0.080450
v -0.025395 1.260520 0.091795
v -0.039992 1.251460 0.087241
v -0.046816 1.231650 0.083234
v -0.051930 1.208720 0.075227
v -0.013712 1.325890 -0.139293
v -0.025598 1.327970 -0.133379
v -0.011839 1.362450 -0.138160
v -0.019860 1.363730 -0.133664
v -0.071043 1.180070 -0.086154
v -0.081655 1.157970 -0.065381
v -0.085946 1.193480 -0.076092
v -0.095225 1.170950 -0.055631
v -0.029233 1.373470 -0.109202
v -0.027321 1.365890 -0.067308
v -0.015017 1.370960 -0.061347
v -0.004566 1.391600 -0.080899
v -0.002390 1.374570 -0.058790
v -0.028816 1.369980 -0.116954
v -0.001596 1.361880 -0.139165
v -0.006925 1.419080 -0.111339
v -0.043684 1.244100 -0.127987
v -0.059004 1.256350 -0.112537
v -0.034935 1.288280 -0.133524
v -0.046164 1.295580 -0.119414
v -0.018203 1.359150 -0.039459
v -0.023828 1.346910 -0.009219
v -0.001424 1.361740 -0.036815
v 0.000000 1.348360 -0.005087
v -0.041693 1.338630 -0.020498
v -0.034032 1.352500 -0.045039
v -0.054692 1.324130 -0.035047
v -0.043991 1.340800 -0.056703
v -0.050099 1.326870 -0.071466
v -0.033610 1.332910 -0.122048
v 0.000709 1.326840 -0.140536
v -0.005610 1.406880 -0.098267
v -0.029747 1.278040 0.086425
v -0.051307 1.263790 0.078937
v -0.066886 1.214650 0.068176
v -0.062540 1.240770 0.074554
v -0.053412 1.237070 0.071883
v -0.046816 1.231650 0.083234
v -0.058661 1.215100 0.064784
v -0.046720 1.258020 0.074931
v -0.039992 1.251460 0.087241
v -0.025395 1.260520 0.091795
v -0.027504 1.269160 0.080788
v 0.000000 1.159080 -0.104668
v -0.028996 1.162260 -0.102646
v 0.000000 1.191520 -0.125801
v -0.026864 1.193750 -0.124522
v -0.054198 1.168960 -0.095991
v -0.052056 1.205120 -0.116025
v -0.070720 1.224740 -0.098295
v -0.025061 1.366800 -0.125328
v -0.066479 1.269990 -0.095183
v -0.051826 1.304000 -0.104684
v -0.037924 1.337980 -0.110837
v -0.067253 1.284750 -0.075373
v -0.052581 1.313780 -0.090007
v -0.039267 1.343140 -0.099896
v -0.063892 1.303440 -0.054532
v 0.000000 1.280890 0.091028
v 0.000000 1.290890 0.079530
v -0.029747 1.278040 0.086425
v -0.029995 1.286580 0.076358
v -0.051307 1.263790 0.078937
v -0.050919 1.274560 0.068498
v -0.066886 1.214650 0.068176
v -0.062540 1.240770 0.074554
v -0.076756 1.226090 0.046549
v -0.067481 1.252080 0.057455
v -0.031295 1.316410 0.047065
v -0.031019 1.299320 0.065901
v 0.000000 1.319410 0.052901
v 0.000000 1.303190 0.070971
v -0.027821 1.334310 0.018046
v 0.000000 1.337010 0.024368
v -0.046392 1.325560 0.004431
v -0.050335 1.306920 0.033120
v -0.068604 1.289440 0.011492
v -0.062014 1.309160 -0.013650
v -0.073466 1.285380 -0.036003
v -0.080087 1.265140 -0.013574
v -0.092648 1.211590 -0.058662
v -0.078592 1.242280 -0.080264
v -0.051350 1.289160 0.054121
v -0.069031 1.268760 0.036536
v -0.081569 1.254960 0.000916
v -0.088575 1.241200 -0.033375
v -0.078501 1.264130 -0.057199
v -0.091254 1.229610 -0.017483
v -0.081541 1.240920 0.020553
v -0.094750 1.218890 -0.023960
v -0.099903 1.191560 -0.043212
v 0.077060 1.153640 -0.066197
v 0.075099 1.230200 0.035391
v 0.062737 1.240410 0.066316
v 0.064548 1.235700 0.073766
v 0.068422 1.219300 0.056468
v 0.070271 1.215000 0.064385
v 0.000000 1.389110 -0.116723
v 0.000000 1.389110 -0.116723
v 0.046405 1.263020 0.078422
v 0.055005 1.236390 0.064364
v 0.061193 1.216790 0.054197
v 0.059158 1.208170 0.065298
v 0.053504 1.227070 0.075606
v 0.061193 1.216790 0.054197
v 0.055005 1.236390 0.064364
v 0.065163 1.209600 0.068988
v 0.000000 1.280890 0.091028
v 0.028947 1.275200 0.085451
v 0.046405 1.263020 0.078422
v 0.062737 1.240410 0.066316
v 0.068422 1.219300 0.056468
v 0.089291 1.217717 -0.023038
v 0.087071 1.191118 -0.003472
v 0.079685 1.218494 0.009562
v 0.092335 1.163804 -0.012987
v -0.087071 1.191118 -0.003472
v -0.086960 1.165174 -0.013005
v -0.090601 1.213419 0.005228
v -0.073022 1.157374 0.040886
v -0.061485 1.188525 0.055061
v -0.054296 1.180428 0.073329
v -0.060278 1.181979 0.076542
v -0.062129 1.152123 0.061587
v -0.068646 1.154685 0.065205
v -0.073022 1.157374 0.040886
v -0.061485 1.188525 0.055061
v -0.062129 1.152123 0.061587
v -0.072113 1.184746 0.062709
v -0.067444 1.183588 0.071767
v -0.080252 1.159009 0.052584
v -0.075656 1.156723 0.060499
v -0.101293 1.165423 -0.016464
v -0.091085 1.171135 0.023569
v -0.097819 1.191646 -0.005379
v -0.072113 1.184746 0.062709
v -0.084181 1.197238 0.033942
v -0.080252 1.159009 0.052584
v -0.058457 1.026960 0.063136
v -0.065662 1.044880 0.058573
v -0.063484 1.028210 0.066829
v 0.000000 1.152480 -0.087402
v 0.000000 1.125920 -0.065767
v 0.022606 1.124550 -0.062881
v 0.074983 1.090487 0.018149
v 0.077513 1.113217 -0.012537
v 0.067211 1.103757 -0.005038
v 0.041990 1.119560 -0.045525
v 0.056133 1.113300 -0.029911
v 0.076615 1.077735 0.034449
v 0.080617 1.081258 0.029362
v 0.085964 1.089367 0.025011
v 0.000000 1.152480 -0.087402
v 0.000000 1.125920 -0.065767
v -0.023858 1.124370 -0.062881
v -0.077527 1.130986 0.031615
v -0.061926 1.087320 0.017280
v -0.060720 1.101780 -0.005038
v -0.073256 1.117051 -0.010763
v -0.079771 1.106965 0.023551
v -0.083475 1.135170 -0.017354
v -0.054313 1.112760 -0.029911
v -0.043028 1.120560 -0.045525
v -0.061757 1.074200 0.034665
v -0.070698 1.076830 0.029238
v -0.077325 1.088532 0.026081
v 0.064165 0.961932 0.084926
v 0.056993 0.947660 0.089361
v 0.059628 0.962471 0.088938
v 0.051690 0.947940 0.092996
v 0.051690 0.947940 0.092996
v 0.057665 0.947399 0.095243
v 0.059628 0.962471 0.088938
v 0.066057 0.962259 0.092371
v 0.070828 0.961732 0.088368
v 0.062838 0.947131 0.091629
v 0.070828 0.961732 0.088368
v 0.062838 0.947131 0.091629
v 0.064165 0.961932 0.084926
v 0.056993 0.947660 0.089361
v 0.056993 0.947660 0.089361
v 0.055223 0.942135 0.092412
v 0.051690 0.947940 0.092996
v 0.085992 1.067686 0.044929
v 0.078750 1.074415 0.042695
v 0.082489 1.069248 0.049389
v 0.077861 1.066440 0.050398
v 0.079677 1.052650 0.055930
v 0.073460 1.052790 0.051501
v 0.083386 1.064060 0.042554
v 0.074450 1.050030 0.046987
v 0.077861 1.066440 0.050398
v 0.074450 1.050030 0.046987
v 0.084154 1.050150 0.051458
v 0.083386 1.064060 0.042554
v 0.074450 1.050030 0.046987
v 0.084154 1.050150 0.051458
v 0.080555 1.036170 0.058390
v 0.075374 1.038230 0.062417
v 0.069117 1.037350 0.058406
v 0.073448 1.035140 0.054038
v 0.069117 1.037350 0.058406
v 0.080555 1.036170 0.058390
v 0.073448 1.035140 0.054038
v 0.074123 1.021360 0.068781
v 0.076587 1.002360 0.076932
v 0.079899 1.019680 0.065130
v 0.081364 1.001020 0.073100
v 0.067830 1.019610 0.065123
v 0.069491 1.001480 0.072962
v 0.067830 1.019610 0.065123
v 0.072689 1.017870 0.060878
v 0.069491 1.001480 0.072962
v 0.074902 1.000130 0.069132
v 0.081364 1.001020 0.073100
v 0.074902 1.000130 0.069132
v 0.079899 1.019680 0.065130
v 0.072689 1.017870 0.060878
v 0.078575 0.981338 0.081088
v 0.074212 0.982364 0.084827
v 0.067154 0.981765 0.081018
v 0.072546 0.980732 0.077280
v 0.067154 0.981765 0.081018
v 0.078575 0.981338 0.081088
v 0.072546 0.980732 0.077280
v 0.077861 1.066440 0.050398
v 0.083657 1.061020 0.037215
v 0.083386 1.064060 0.042554
v 0.000000 1.109930 -0.063012
v 0.000000 1.114880 -0.071243
v 0.020362 1.108110 -0.059442
v 0.024638 1.112510 -0.067941
v 0.068812 1.065750 0.045620
v 0.077861 1.066440 0.050398
v 0.070749 1.072110 0.045705
v 0.046609 1.099730 -0.029708
v 0.057956 1.092290 -0.007287
v 0.049757 1.109220 -0.026487
v 0.059181 1.101780 -0.004761
v 0.020362 1.108110 -0.059442
v 0.000000 1.119320 -0.057113
v 0.021665 1.117180 -0.055325
v 0.075518 1.061310 0.041233
v 0.078750 1.074415 0.042695
v 0.083793 1.079269 0.038949
v 0.076615 1.077735 0.034449
v 0.080617 1.081258 0.029362
v 0.076615 1.077735 0.034449
v 0.069061 1.076770 0.038363
v 0.078750 1.074415 0.042695
v 0.067570 1.090084 0.016895
v 0.064841 1.083160 0.013394
v 0.067786 1.073840 0.035837
v 0.079279 1.076230 0.029959
v 0.075036 1.068475 0.030624
v 0.074983 1.090487 0.018149
v 0.085992 1.067685 0.044929
v 0.089255 1.073871 0.042931
v 0.059194 1.143170 -0.075781
v 0.029231 1.138570 -0.079984
v 0.092141 1.068280 0.035448
v 0.076928 1.083684 0.016590
v 0.073279 1.079098 0.011966
v 0.068250 1.096180 -0.006198
v 0.065802 1.090600 -0.010689
v 0.067211 1.103757 -0.005038
v 0.000000 1.122190 -0.070713
v 0.025085 1.120060 -0.066458
v 0.000000 1.125920 -0.065767
v 0.022606 1.124550 -0.062881
v 0.056133 1.113300 -0.029911
v 0.000000 1.136910 -0.082595
v 0.000000 1.122190 -0.070713
v 0.025085 1.120060 -0.066458
v 0.045068 1.115250 -0.054529
v 0.063966 1.123200 -0.048993
v 0.046609 1.099730 -0.029708
v 0.065802 1.090600 -0.010689
v 0.055248 1.102360 -0.036296
v 0.058122 1.107950 -0.033616
v 0.041990 1.119560 -0.045525
v 0.039296 1.113230 -0.044010
v 0.036679 1.105440 -0.048684
v 0.044250 1.109130 -0.056632
v 0.045068 1.115250 -0.054529
v 0.036679 1.105440 -0.048684
v 0.058122 1.107950 -0.033616
v 0.068250 1.096180 -0.006198
v -0.033775 0.962577 0.086516
v -0.037732 0.960751 0.082738
v -0.037933 0.969176 0.085271
v -0.041972 0.967102 0.081850
v -0.042542 0.968219 0.088267
v -0.038505 0.961149 0.088952
v -0.037933 0.969176 0.085271
v -0.033775 0.962577 0.086516
v -0.046887 0.966249 0.084854
v -0.042433 0.959382 0.085194
v -0.046887 0.966249 0.084854
v -0.041972 0.967102 0.081850
v -0.042433 0.959382 0.085194
v -0.037732 0.960751 0.082738
v -0.038505 0.961149 0.088952
v -0.035950 0.957607 0.085763
v -0.033775 0.962577 0.086516
v -0.070451 1.064080 0.045452
v -0.066146 1.064500 0.050600
v -0.062698 1.070340 0.043459
v -0.061404 1.062100 0.051677
v -0.061101 1.044210 0.054124
v -0.065219 1.042420 0.049559
v -0.061404 1.062100 0.051677
v -0.065219 1.042420 0.049559
v -0.066949 1.061990 0.042417
v -0.065219 1.042420 0.049559
v -0.070134 1.043380 0.054058
v -0.066949 1.061990 0.042417
v -0.070134 1.043380 0.054058
v -0.068077 1.025790 0.063110
v -0.058458 1.026960 0.063136
v -0.062744 1.024740 0.058827
v -0.062744 1.024740 0.058827
v -0.068077 1.025790 0.063110
v -0.064222 1.008070 0.071145
v -0.059700 1.010050 0.074825
v -0.054779 1.009850 0.071050
v -0.054779 1.009850 0.071050
v -0.059281 1.007760 0.067368
v -0.059281 1.007760 0.067368
v -0.064222 1.008070 0.071145
v -0.057640 0.988978 0.078961
v -0.052878 0.990639 0.082491
v -0.047921 0.990861 0.078947
v -0.047921 0.990861 0.078947
v -0.052534 0.989034 0.075414
v -0.057640 0.988978 0.078961
v -0.052534 0.989034 0.075414
v -0.061404 1.062100 0.051677
v -0.066949 1.061990 0.042417
v -0.067084 1.055500 0.037617
v -0.086369 1.085004 0.041970
v -0.092292 1.082073 0.036192
v -0.078137 1.068090 0.043709
v -0.081348 1.061750 0.037012
v -0.073544 1.124443 0.044484
v -0.081028 1.125646 0.049365
v -0.074172 1.074320 0.039462
v -0.080188 1.087173 0.036373
v -0.025537 1.112470 -0.067220
v -0.020362 1.108110 -0.059442
v -0.052254 1.059340 0.046581
v -0.054652 1.065900 0.046671
v -0.061404 1.062100 0.051677
v -0.048487 1.108580 -0.026487
v -0.052060 1.100880 -0.004761
v -0.047133 1.099730 -0.029708
v -0.050257 1.090370 -0.007287
v -0.022174 1.118040 -0.055325
v -0.020362 1.108110 -0.059442
v -0.055367 1.057080 0.041901
v -0.086594 1.128742 0.043859
v -0.077527 1.130986 0.031615
v -0.079771 1.106965 0.023551
v -0.079797 1.103700 0.036351
v -0.077325 1.088532 0.026081
v -0.070698 1.076830 0.029238
v -0.061757 1.074200 0.034665
v -0.062698 1.070340 0.043459
v -0.053158 1.072950 0.037058
v -0.062698 1.070340 0.043459
v -0.061757 1.074200 0.034665
v -0.085981 1.104001 0.041304
v -0.092948 1.104899 0.035916
v -0.086307 1.131458 0.036640
v -0.053824 1.086620 0.015943
v -0.051227 1.081260 0.012210
v -0.049614 1.070190 0.034364
v -0.092691 1.081923 0.030474
v -0.056838 1.065400 0.027583
v -0.066104 1.067300 0.030824
v -0.059194 1.143170 -0.075781
v -0.061926 1.087320 0.017280
v -0.090876 1.103931 -0.004000
v -0.065384 1.080030 0.015618
v -0.092691 1.081923 0.030474
v -0.070451 1.064080 0.045452
v -0.093132 1.108257 0.029190
v -0.029231 1.138570 -0.079984
v -0.081348 1.061750 0.037012
v -0.066104 1.067300 0.030824
v -0.081348 1.061750 0.037012
v -0.058676 1.089710 -0.010689
v -0.058768 1.077540 0.010687
v -0.064829 1.095560 -0.006198
v -0.065384 1.080030 0.015618
v -0.060720 1.101780 -0.005038
v -0.098776 1.121318 0.001517
v -0.095997 1.143543 0.010106
v -0.099359 1.144940 -0.028149
v -0.025085 1.120460 -0.065653
v -0.087714 1.132210 -0.037172
v -0.063966 1.123200 -0.048993
v -0.064829 1.095560 -0.006198
v -0.023858 1.124370 -0.062881
v -0.054313 1.112760 -0.029911
v 0.000000 1.136910 -0.082595
v -0.093132 1.108257 0.029190
v -0.086307 1.131458 0.036640
v -0.025085 1.120460 -0.065653
v 0.000000 1.122190 -0.070713
v -0.045142 1.116900 -0.053979
v -0.054157 1.101000 -0.036296
v -0.054157 1.101000 -0.036296
v -0.056483 1.108510 -0.031966
v -0.038099 1.115390 -0.044010
v -0.043028 1.120560 -0.045525
v -0.036750 1.105440 -0.048684
v -0.044365 1.108750 -0.054221
v -0.045142 1.116900 -0.053979
v -0.056483 1.108510 -0.031966
v -0.066104 1.067300 0.030824
v 0.095721 1.148742 -0.035027
v 0.081985 1.132590 -0.043102
v 0.085924 1.107254 -0.004075
v 0.076928 1.083684 0.016590
v 0.085992 1.067685 0.044929
v -0.066949 1.061990 0.042417
v -0.078137 1.068090 0.043709
v -0.066949 1.061990 0.042417
v -0.070451 1.064080 0.045452
v -0.042433 0.959382 0.085194
v -0.037732 0.960751 0.082738
v 0.062838 0.947131 0.091629
v 0.057665 0.947399 0.095243
v 0.055223 0.942135 0.092412
v 0.057665 0.947399 0.095243
v 0.056993 0.947660 0.089361
v 0.092141 1.068280 0.035448
v 0.089255 1.073871 0.042931
v 0.086016 1.217133 0.002411
v 0.074519 1.160021 0.029351
v 0.084001 1.133837 0.025852
v 0.066856 1.190603 0.041206
v 0.089096 1.111443 0.023549
v 0.091402 1.133087 -0.015255
v 0.098474 1.084349 0.036512
v 0.094192 1.086667 0.041298
v 0.069936 1.185026 0.057727
v 0.064377 1.183194 0.052539
v 0.076594 1.156058 0.047617
v 0.071072 1.153673 0.042783
v 0.082594 1.127284 0.038720
v 0.088215 1.128484 0.043601
v 0.094192 1.086667 0.041298
v 0.088486 1.088313 0.036051
v 0.076396 1.187385 0.051906
v 0.083696 1.158833 0.043138
v 0.094092 1.131573 0.038094
v 0.084001 1.133837 0.025852
v 0.074519 1.160021 0.029351
v 0.088168 1.104289 0.036351
v 0.085964 1.089367 0.025011
v 0.089096 1.111443 0.023549
v 0.100227 1.105450 0.035916
v 0.095104 1.104801 0.041304
v 0.080971 1.162599 0.035328
v 0.091584 1.134343 0.029954
v 0.091201 1.085779 0.027934
v 0.066856 1.190603 0.041206
v 0.075126 1.191235 0.044782
v 0.095455 1.109009 0.027375
v 0.079279 1.076230 0.029959
v 0.096390 1.172566 -0.023058
v 0.091666 1.197090 -0.009409
v 0.091201 1.085779 0.027934
v 0.079279 1.076230 0.029959
v 0.098396 1.124518 -0.002188
v 0.098177 1.152652 0.003697
v 0.095455 1.109009 0.027375
v 0.083090 1.204586 0.021314
v 0.091039 1.176763 0.011564
v 0.080971 1.162599 0.035328
v 0.091584 1.134343 0.029954
v 0.075126 1.191234 0.044782
v 0.056762 1.223210 0.081707
v 0.051312 1.217430 0.080648
v 0.050197 1.228330 0.085909
v 0.044994 1.224840 0.085154
v 0.059106 1.211660 0.075508
v 0.064815 1.216790 0.077295
v 0.067015 1.206410 0.069274
v 0.071680 1.211280 0.070876
v 0.031735 1.240810 0.091994
v 0.042897 1.236840 0.089633
v 0.037825 1.232620 0.089351
v 0.029173 1.267810 0.082911
v 0.021484 1.275800 0.075783
v 0.033345 1.273200 0.070590
v 0.037848 1.244220 0.089893
v 0.047284 1.241390 0.083723
v 0.059993 1.228410 0.076897
v 0.054263 1.233920 0.079795
v 0.067761 1.222590 0.073944
v 0.074691 1.219230 0.068040
v 0.033563 1.251400 0.088333
v 0.027599 1.249360 0.090878
v 0.024334 1.258910 0.088202
v 0.040088 1.253130 0.084335
v 0.037526 1.259980 0.082755
v 0.030723 1.259360 0.087398
v 0.043000 1.247590 0.085088
v 0.022327 1.268250 0.084249
v 0.035408 1.267170 0.078361
v -0.044568 1.234520 0.090726
v -0.038318 1.243160 0.091603
v -0.036469 1.231440 0.092058
v -0.031276 1.239430 0.093567
v -0.020798 1.257490 0.090892
v -0.024956 1.248420 0.093211
v -0.027804 1.258590 0.090752
v -0.032809 1.251080 0.091869
v -0.027215 1.266730 0.083034
v -0.019025 1.266550 0.084834
v -0.035233 1.259840 0.084780
v -0.033214 1.266850 0.078876
v -0.038833 1.253210 0.087066
v -0.044848 1.246360 0.086882
v -0.049959 1.238410 0.086838
v -0.033345 1.273200 0.070590
v -0.054857 1.230470 0.085979
v -0.049583 1.226890 0.089273
v -0.041643 1.223330 0.091142
v -0.053954 1.216640 0.087265
v -0.059649 1.219590 0.083363
v -0.045223 1.214640 0.089871
v -0.056742 1.206390 0.085728
v -0.062256 1.209050 0.080199
v -0.047644 1.205840 0.088953
v -0.062378 1.196720 0.077680
v -0.058574 1.194640 0.083656
v -0.048980 1.193750 0.086535
v -0.021484 1.275800 0.075783
v -0.026250 1.238910 0.096106
v -0.018599 1.246850 0.097255
v -0.019222 1.232370 0.097267
v -0.010500 1.242120 0.097672
v -0.034831 1.232140 0.092946
v -0.028971 1.225070 0.094136
v -0.007740 1.267030 0.089738
v -0.015725 1.266710 0.086491
v -0.010109 1.277300 0.078812
v -0.012536 1.255830 0.095194
v -0.004031 1.252970 0.095980
v -0.031937 1.244560 0.091873
v -0.040155 1.238560 0.087997
v -0.025644 1.251090 0.092387
v -0.020594 1.258470 0.090373
v 0.000000 1.277540 0.079999
v -0.000155 1.265990 0.089758
v -0.050635 1.232520 0.081500
v -0.043780 1.224690 0.088783
v -0.037618 1.219160 0.090892
v 0.008507 1.239550 0.101389
v 0.010433 1.249120 0.098856
v 0.016173 1.238200 0.097111
v 0.017538 1.248410 0.095732
v 0.010574 1.259380 0.094049
v 0.016899 1.259020 0.092258
v 0.008651 1.269070 0.087753
v 0.002687 1.268960 0.087068
v 0.000000 1.277540 0.079999
v 0.014350 1.269500 0.085622
v -0.003775 1.234370 0.098746
v 0.000559 1.242630 0.098469
v 0.004735 1.230970 0.102201
v 0.013322 1.228880 0.097474
v -0.010976 1.223340 0.097682
v -0.002117 1.220230 0.100727
v 0.007589 1.217960 0.097061
v 0.010109 1.277300 0.078812
v 0.003833 1.259920 0.092469
v 0.002908 1.250680 0.096208
v 0.052187 1.219840 0.076262
v 0.049288 1.216230 0.082303
v 0.046946 1.226210 0.080389
v 0.042621 1.223810 0.086566
v 0.034549 1.241300 0.090041
v 0.040117 1.243090 0.084394
v 0.037825 1.232620 0.089351
v 0.043001 1.235020 0.083358
v 0.023017 1.267670 0.083944
v 0.021484 1.275800 0.075783
v 0.029492 1.267020 0.082597
v 0.032432 1.249490 0.089113
v 0.037857 1.250580 0.083816
v 0.036141 1.258310 0.081732
v 0.030845 1.257650 0.086803
v 0.034704 1.266630 0.077769
v 0.024005 1.257700 0.088854
v 0.025299 1.248380 0.091717
v 0.027342 1.240090 0.092185
v 0.031776 1.230180 0.092435
v 0.037712 1.220770 0.089749
v 0.044727 1.212300 0.084394
v 0.033345 1.273200 0.070590
v 0.057106 1.210500 0.077122
v 0.053302 1.205320 0.079903
v 0.058419 1.214670 0.071235
v 0.030612 1.219550 0.090976
v 0.022358 1.217680 0.092093
v 0.025611 1.228650 0.095426
v 0.017788 1.226720 0.095599
v 0.033083 1.230400 0.089375
v 0.038773 1.221020 0.085601
v 0.018262 1.257640 0.092470
v 0.016938 1.267130 0.086943
v 0.024005 1.257700 0.088854
v 0.023017 1.267670 0.083944
v 0.010559 1.267370 0.087445
v 0.011119 1.256980 0.093069
v 0.021484 1.275800 0.075783
v 0.010109 1.277300 0.078812
v 0.019984 1.247990 0.095445
v 0.025299 1.248380 0.091717
v 0.012159 1.247630 0.095407
v 0.022032 1.238530 0.096721
v 0.028547 1.239440 0.091637
v 0.013944 1.237560 0.096525
v 0.000965 1.249920 0.096551
v -0.006140 1.239700 0.098164
v -0.005992 1.252190 0.094139
v -0.013140 1.240960 0.095286
v 0.002342 1.237310 0.096194
v 0.008749 1.246290 0.094152
v -0.021978 1.228310 0.095483
v -0.015160 1.228060 0.096558
v -0.006317 1.226900 0.095576
v 0.017574 1.265350 0.084463
v 0.013844 1.256050 0.090136
v 0.008762 1.267750 0.087168
v 0.006081 1.258420 0.093124
v -0.000771 1.268750 0.086718
v -0.002173 1.260990 0.090704
v 0.010109 1.277300 0.078812
v 0.021484 1.275800 0.075783
v 0.000000 1.277540 0.079999
v -0.013434 1.230950 0.095129
v -0.019149 1.220040 0.094070
v -0.025830 1.233120 0.095098
v -0.033219 1.221890 0.094092
v -0.015680 1.254570 0.091409
v -0.012670 1.266150 0.086267
v -0.003569 1.253680 0.092966
v -0.000958 1.265770 0.087936
v -0.026717 1.208530 0.092303
v -0.042593 1.210300 0.091386
v -0.021484 1.275800 0.075783
v -0.010109 1.277300 0.078812
v -0.007843 1.242840 0.095018
v -0.020032 1.244070 0.094141
v -0.032674 1.246230 0.088930
v -0.039304 1.234860 0.087310
v -0.045803 1.224610 0.087306
v -0.052560 1.213030 0.084593
v -0.024222 1.265720 0.082510
v 0.000000 1.277540 0.079999
v -0.027908 1.255660 0.087081
v -0.033219 1.221890 0.094092
v -0.019149 1.220040 0.094070
v -0.025830 1.233120 0.095098
v -0.013434 1.230950 0.095129
v -0.000958 1.265770 0.087936
v -0.012670 1.266150 0.086267
v -0.003569 1.253680 0.092966
v -0.015680 1.254570 0.091409
v -0.042593 1.210300 0.091386
v -0.026717 1.208530 0.092303
v -0.010109 1.277300 0.078812
v -0.021484 1.275800 0.075783
v -0.020032 1.244070 0.094141
v -0.007843 1.242840 0.095018
v -0.039304 1.234860 0.087310
v -0.032674 1.246230 0.088930
v -0.045803 1.224610 0.087306
v -0.052560 1.213030 0.084593
v -0.024222 1.265720 0.082510
v 0.000000 1.277540 0.079999
v -0.027908 1.255660 0.087081
v -0.013140 1.240960 0.095286
v -0.006140 1.239700 0.098164
v -0.005992 1.252190 0.094139
v 0.000965 1.249920 0.096551
v 0.002342 1.237310 0.096194
v 0.008749 1.246290 0.094152
v -0.021978 1.228310 0.095483
v -0.015160 1.228060 0.096558
v -0.006317 1.226900 0.095576
v 0.006081 1.258420 0.093124
v 0.013844 1.256050 0.090136
v 0.008762 1.267750 0.087168
v 0.017574 1.265350 0.084463
v -0.000771 1.268750 0.086718
v -0.002173 1.260990 0.090704
v 0.010109 1.277300 0.078812
v 0.021484 1.275800 0.075783
v 0.000000 1.277540 0.079999
v 0.017788 1.226720 0.095599
v 0.022358 1.217680 0.092093
v 0.025611 1.228650 0.095426
v 0.030612 1.219550 0.090976
v 0.038773 1.221020 0.085601
v 0.033083 1.230400 0.089375
v 0.018262 1.257640 0.092470
v 0.024005 1.257700 0.088854
v 0.016938 1.267130 0.086943
v 0.023017 1.267670 0.083944
v 0.011119 1.256980 0.093069
v 0.010559 1.267370 0.087445
v 0.021484 1.275800 0.075783
v 0.010109 1.277300 0.078812
v 0.019984 1.247990 0.095445
v 0.025299 1.248380 0.091717
v 0.012159 1.247630 0.095407
v 0.022032 1.238530 0.096721
v 0.028547 1.239440 0.091637
v 0.013944 1.237560 0.096525
v 0.042621 1.223810 0.086566
v 0.049288 1.216230 0.082303
v 0.046946 1.226210 0.080389
v 0.052187 1.219840 0.076262
v 0.043001 1.235020 0.083358
v 0.040117 1.243090 0.084394
v 0.037825 1.232620 0.089351
v 0.034549 1.241300 0.090041
v 0.023017 1.267670 0.083944
v 0.029492 1.267020 0.082597
v 0.021484 1.275800 0.075783
v 0.037857 1.250580 0.083816
v 0.032432 1.249490 0.089113
v 0.036141 1.258310 0.081732
v 0.030845 1.257650 0.086803
v 0.034704 1.266630 0.077769
v 0.024005 1.257700 0.088854
v 0.025299 1.248380 0.091717
v 0.027342 1.240090 0.092185
v 0.031776 1.230180 0.092435
v 0.037712 1.220770 0.089749
v 0.044727 1.212300 0.084394
v 0.033345 1.273200 0.070590
v 0.057106 1.210500 0.077122
v 0.053302 1.205320 0.079903
v 0.058419 1.214670 0.071235
v 0.008507 1.239550 0.101389
v 0.016173 1.238200 0.097111
v 0.010433 1.249120 0.098856
v 0.017538 1.248410 0.095732
v 0.016899 1.259020 0.092258
v 0.010574 1.259380 0.094049
v 0.008651 1.269070 0.087753
v 0.000000 1.277540 0.079999
v 0.002687 1.268960 0.087068
v 0.014350 1.269500 0.085622
v 0.000559 1.242630 0.098469
v 0.004735 1.230970 0.102201
v -0.003775 1.234370 0.098746
v 0.013322 1.228880 0.097474
v -0.010976 1.223340 0.097682
v -0.002117 1.220230 0.100727
v 0.007589 1.217960 0.097061
v 0.010109 1.277300 0.078812
v 0.003833 1.259920 0.092469
v 0.002908 1.250680 0.096208
v -0.026250 1.238910 0.096106
v -0.019222 1.232370 0.097267
v -0.018599 1.246850 0.097255
v -0.010500 1.242120 0.097672
v -0.034831 1.232140 0.092946
v -0.028971 1.225070 0.094136
v -0.007740 1.267030 0.089738
v -0.010109 1.277300 0.078812
v -0.015725 1.266710 0.086491
v -0.012536 1.255830 0.095194
v -0.004031 1.252970 0.095980
v -0.040155 1.238560 0.087997
v -0.031937 1.244560 0.091873
v -0.025644 1.251090 0.092387
v -0.020594 1.258470 0.090373
v 0.000000 1.277540 0.079999
v -0.000155 1.265990 0.089758
v -0.050635 1.232520 0.081500
v -0.043780 1.224690 0.088783
v -0.037618 1.219160 0.090892
v -0.044568 1.234520 0.090726
v -0.036469 1.231440 0.092058
v -0.038318 1.243160 0.091603
v -0.031276 1.239430 0.093567
v -0.032809 1.251080 0.091869
v -0.024956 1.248420 0.093211
v -0.027804 1.258590 0.090752
v -0.020798 1.257490 0.090892
v -0.027215 1.266730 0.083034
v -0.019025 1.266550 0.084834
v -0.035233 1.259840 0.084780
v -0.033214 1.266850 0.078876
v -0.038833 1.253210 0.087066
v -0.049959 1.238410 0.086838
v -0.044848 1.246360 0.086882
v -0.033345 1.273200 0.070590
v -0.054857 1.230470 0.085979
v -0.049583 1.226890 0.089273
v -0.041643 1.223330 0.091142
v -0.053954 1.216640 0.087265
v -0.059649 1.219590 0.083363
v -0.045223 1.214640 0.089871
v -0.056742 1.206390 0.085728
v -0.062256 1.209050 0.080199
v -0.047644 1.205840 0.088953
v -0.058574 1.194640 0.083656
v -0.062378 1.196720 0.077680
v -0.048980 1.193750 0.086535
v -0.021484 1.275800 0.075783
v 0.044994 1.224840 0.085154
v 0.051312 1.217430 0.080648
v 0.050197 1.228330 0.085909
v 0.056762 1.223210 0.081707
v 0.071680 1.211280 0.070876
v 0.064815 1.216790 0.077295
v 0.067015 1.206410 0.069274
v 0.059106 1.211660 0.075508
v 0.031735 1.240810 0.091994
v 0.037825 1.232620 0.089351
v 0.042897 1.236840 0.089633
v 0.029173 1.267810 0.082911
v 0.033345 1.273200 0.070590
v 0.021484 1.275800 0.075783
v 0.037848 1.244220 0.089893
v 0.047284 1.241390 0.083723
v 0.059993 1.228410 0.076897
v 0.054263 1.233920 0.079795
v 0.074691 1.219230 0.068040
v 0.067761 1.222590 0.073944
v 0.033563 1.251400 0.088333
v 0.024334 1.258910 0.088202
v 0.027599 1.249360 0.090878
v 0.040088 1.253130 0.084335
v 0.037526 1.259980 0.082755
v 0.030723 1.259360 0.087398
v 0.043000 1.247590 0.085088
v 0.022327 1.268250 0.084249
v 0.035408 1.267170 0.078361

vt 0.089277 0.033729
vt 0.117076 0.038307
vt 0.089134 0.054432
vt 0.122841 0.059376
vt 0.124677 0.090012
vt 0.088249 0.088971
vt 0.143834 0.091126
vt 0.142499 0.062655
vt 0.133882 0.046363
vt 0.052466 0.088050
vt 0.028665 0.087082
vt 0.055835 0.057553
vt 0.030849 0.059790
vt 0.061737 0.036864
vt 0.044727 0.044154
vt 0.086418 0.146950
vt 0.059095 0.141044
vt 0.087232 0.123608
vt 0.054340 0.121177
vt 0.031739 0.115261
vt 0.040903 0.134472
vt 0.139601 0.121714
vt 0.120748 0.123149
vt 0.114428 0.142755
vt 0.131604 0.136253
vt 0.139512 0.144981
vt 0.115288 0.156627
vt 0.085850 0.160646
vt 0.085339 0.171059
vt 0.116970 0.166330
vt 0.144797 0.150339
vt 0.032000 0.142999
vt 0.057139 0.154810
vt 0.027006 0.147347
vt 0.054527 0.164369
vt 0.036114 0.035473
vt 0.060485 0.022835
vt 0.089452 0.018593
vt 0.089452 0.008836
vt 0.058345 0.013773
vt 0.029993 0.029556
vt 0.141805 0.038158
vt 0.118643 0.024314
vt 0.147784 0.032549
vt 0.120798 0.015347
vt 0.011698 0.058743
vt 0.019500 0.058871
vt 0.016624 0.087815
vt 0.006284 0.087887
vt 0.020663 0.117373
vt 0.011026 0.119611
vt 0.154358 0.060430
vt 0.158677 0.091424
vt 0.168507 0.092008
vt 0.164740 0.062630
vt 0.162002 0.123446
vt 0.153341 0.123691
vt 0.122841 0.059376
vt 0.117076 0.038307
vt 0.089134 0.054432
vt 0.089277 0.033729
vt 0.124677 0.090012
vt 0.088249 0.088971
vt 0.142499 0.062655
vt 0.143834 0.091126
vt 0.133882 0.046363
vt 0.052466 0.088050
vt 0.055835 0.057553
vt 0.028665 0.087082
vt 0.030849 0.059790
vt 0.061737 0.036864
vt 0.044727 0.044154
vt 0.054340 0.121177
vt 0.059095 0.141044
vt 0.087232 0.123608
vt 0.086418 0.146950
vt 0.031739 0.115261
vt 0.040903 0.134472
vt 0.120748 0.123149
vt 0.139601 0.121714
vt 0.114428 0.142755
vt 0.131604 0.136253
vt 0.139512 0.144981
vt 0.115288 0.156627
vt 0.085850 0.160646
vt 0.085339 0.171059
vt 0.116970 0.166330
vt 0.144797 0.150339
vt 0.054527 0.164369
vt 0.057139 0.154810
vt 0.027006 0.147347
vt 0.032000 0.142999
vt 0.036114 0.035473
vt 0.060485 0.022835
vt 0.089452 0.018593
vt 0.089452 0.008836
vt 0.058345 0.013773
vt 0.029993 0.029556
vt 0.120798 0.015347
vt 0.118643 0.024314
vt 0.147784 0.032549
vt 0.141805 0.038158
vt 0.011698 0.058743
vt 0.019500 0.058871
vt 0.016624 0.087815
vt 0.006284 0.087887
vt 0.020663 0.117373
vt 0.011026 0.119611
vt 0.154358 0.060430
vt 0.158677 0.091424
vt 0.164740 0.062630
vt 0.168507 0.092008
vt 0.162002 0.123446
vt 0.153341 0.123691
vt 0.359048 0.053240
vt 0.266751 0.086754
vt 0.279110 0.053240
vt 0.359048 0.085521
vt 0.420638 0.085599
vt 0.420638 0.053240
vt 0.500000 0.053240
vt 0.500000 0.084787
vt 0.844264 0.686448
vt 0.844036 0.748322
vt 0.817435 0.680206
vt 0.818112 0.737524
vt 0.640952 0.085521
vt 0.640952 0.053240
vt 0.733249 0.086754
vt 0.720890 0.053240
vt 0.579362 0.085599
vt 0.579362 0.053240
vt 0.155736 0.686448
vt 0.182565 0.680206
vt 0.155964 0.748322
vt 0.181888 0.737524
vt 0.213685 0.014629
vt 0.279110 0.014629
vt 0.213685 0.053240
vt 0.420638 0.014629
vt 0.359048 0.014629
vt 0.500000 0.014629
vt 0.720890 0.014629
vt 0.786315 0.053240
vt 0.786315 0.014629
vt 0.579362 0.014629
vt 0.640952 0.014629
vt 0.561348 0.147505
vt 0.667672 0.145698
vt 0.691498 0.191022
vt 0.775502 0.184653
vt 0.751522 0.211781
vt 0.500000 0.138957
vt 0.500000 0.115459
vt 0.888646 0.930349
vt 0.880584 0.917654
vt 0.893100 0.926232
vt 0.890544 0.913661
vt 0.880480 0.890669
vt 0.891563 0.890653
vt 0.224498 0.184653
vt 0.332328 0.145698
vt 0.248478 0.211781
vt 0.308503 0.191022
vt 0.438652 0.147505
vt 0.500000 0.115459
vt 0.888646 0.850988
vt 0.893100 0.855106
vt 0.880584 0.863684
vt 0.890544 0.867676
vt 0.792338 0.234750
vt 0.852560 0.241477
vt 0.911332 0.288671
vt 0.851592 0.297796
vt 0.911332 0.326598
vt 0.147440 0.241477
vt 0.148408 0.297796
vt 0.088668 0.288671
vt 0.088668 0.326598
vt 0.207662 0.234750
vt 0.552801 0.160347
vt 0.500000 0.172875
vt 0.500000 0.152222
vt 0.540749 0.177994
vt 0.619563 0.295868
vt 0.576321 0.311045
vt 0.571313 0.281354
vt 0.531542 0.281521
vt 0.531511 0.309792
vt 0.500000 0.279963
vt 0.500000 0.310199
vt 0.530043 0.252631
vt 0.500000 0.250489
vt 0.529222 0.225658
vt 0.500000 0.220861
vt 0.530227 0.204165
vt 0.500000 0.202468
vt 0.567633 0.253490
vt 0.567028 0.228991
vt 0.570262 0.211616
vt 0.595387 0.197200
vt 0.644062 0.195396
vt 0.447199 0.160347
vt 0.459251 0.177994
vt 0.428687 0.281354
vt 0.423679 0.311045
vt 0.380437 0.295868
vt 0.468489 0.309792
vt 0.468458 0.281521
vt 0.469957 0.252631
vt 0.470778 0.225658
vt 0.469773 0.204165
vt 0.432367 0.253490
vt 0.432972 0.228991
vt 0.429738 0.211616
vt 0.404613 0.197200
vt 0.355938 0.195396
vt 0.213793 0.096130
vt 0.221644 0.148456
vt 0.887079 0.385814
vt 0.919327 0.382271
vt 0.913628 0.435209
vt 0.880021 0.450886
vt 0.945368 0.428667
vt 0.884190 0.940316
vt 0.903280 0.952174
vt 0.890675 0.962082
vt 0.912987 0.938752
vt 0.907747 0.945241
vt 0.869858 0.926588
vt 0.947595 0.959585
vt 0.912987 0.938752
vt 0.916010 0.937773
vt 0.912987 0.938752
vt 0.943867 0.948529
vt 0.967662 0.927902
vt 0.947595 0.959585
vt 0.967662 0.927902
vt 0.967403 0.969749
vt 0.949145 0.924844
vt 0.933104 0.940051
vt 0.982864 0.890659
vt 0.982864 0.984320
vt 0.960114 0.890650
vt 0.869858 0.969506
vt 0.869858 0.984151
vt 0.943867 0.948529
vt 0.912987 0.938752
vt 0.907747 0.945241
vt 0.926384 0.934197
vt 0.916010 0.937773
vt 0.786207 0.096130
vt 0.778356 0.148456
vt 0.112921 0.385814
vt 0.080673 0.382271
vt 0.086232 0.435209
vt 0.119839 0.450886
vt 0.054492 0.428667
vt 0.884190 0.841022
vt 0.890675 0.819256
vt 0.903280 0.829164
vt 0.912987 0.842586
vt 0.907747 0.836097
vt 0.869858 0.854750
vt 0.947595 0.821753
vt 0.912987 0.842586
vt 0.912987 0.842586
vt 0.916010 0.843565
vt 0.943867 0.832809
vt 0.947595 0.821753
vt 0.967662 0.853436
vt 0.967662 0.853436
vt 0.967403 0.811589
vt 0.933104 0.841287
vt 0.949145 0.856494
vt 0.982864 0.797018
vt 0.869858 0.811832
vt 0.869858 0.797187
vt 0.943867 0.832809
vt 0.912987 0.842586
vt 0.907747 0.836097
vt 0.926384 0.847141
vt 0.916010 0.843565
vt 0.863077 0.532026
vt 0.814682 0.617137
vt 0.811558 0.533501
vt 0.864538 0.475056
vt 0.981873 0.691595
vt 0.962839 0.686028
vt 0.963748 0.630764
vt 0.872038 0.645644
vt 0.948370 0.500782
vt 0.963619 0.470400
vt 0.931971 0.757913
vt 0.908026 0.458812
vt 0.955344 0.661704
vt 0.957497 0.624622
vt 0.950134 0.621368
vt 0.948853 0.657865
vt 0.948857 0.548948
vt 0.944559 0.565571
vt 0.934753 0.501510
vt 0.926856 0.518828
vt 0.943766 0.658199
vt 0.944752 0.620700
vt 0.895860 0.654042
vt 0.905077 0.678118
vt 0.889160 0.669070
vt 0.901291 0.691070
vt 0.940210 0.572453
vt 0.916951 0.530489
vt 0.902448 0.713284
vt 0.919883 0.725898
vt 0.915367 0.709021
vt 0.931971 0.757913
vt 0.950714 0.698947
vt 0.945837 0.694277
vt 0.875273 0.519308
vt 0.893663 0.509606
vt 0.887504 0.524232
vt 0.940862 0.686185
vt 0.896123 0.485080
vt 0.911101 0.492939
vt 0.910979 0.543353
vt 0.900113 0.552688
vt 0.937711 0.622309
vt 0.934017 0.578092
vt 0.936360 0.655308
vt 0.895350 0.585080
vt 0.884624 0.582772
vt 0.919387 0.481935
vt 0.873097 0.475984
vt 0.888182 0.464307
vt 0.903548 0.471410
vt 0.885353 0.628485
vt 0.917198 0.693626
vt 0.918198 0.683574
vt 0.908574 0.667852
vt 0.922985 0.579008
vt 0.903508 0.638960
vt 0.893779 0.622922
vt 0.928577 0.636865
vt 0.880024 0.697558
vt 0.929102 0.690015
vt 0.929982 0.696772
vt 0.930842 0.711595
vt 0.929783 0.726039
vt 0.929783 0.726039
vt 0.037778 0.894152
vt 0.046654 0.905403
vt 0.038270 0.916705
vt 0.013915 0.894152
vt 0.032389 0.855775
vt 0.038270 0.871566
vt 0.046654 0.882868
vt 0.046400 0.894152
vt 0.032389 0.932496
vt 0.325227 0.652405
vt 0.336568 0.660198
vt 0.325102 0.660559
vt 0.337274 0.653897
vt 0.343473 0.660072
vt 0.342647 0.654975
vt 0.402097 0.648334
vt 0.399532 0.654379
vt 0.399090 0.650530
vt 0.369044 0.654842
vt 0.069018 0.711595
vt 0.069878 0.696772
vt 0.084493 0.709021
vt 0.036111 0.630764
vt 0.017986 0.691595
vt 0.051489 0.500782
vt 0.036241 0.470400
vt 0.067889 0.757913
vt 0.037021 0.686028
vt 0.091834 0.458812
vt 0.044516 0.661704
vt 0.042362 0.624622
vt 0.049726 0.621368
vt 0.051006 0.657865
vt 0.073004 0.518828
vt 0.055300 0.565571
vt 0.065107 0.501510
vt 0.051003 0.548948
vt 0.055108 0.620700
vt 0.056094 0.658199
vt 0.098569 0.691070
vt 0.094783 0.678118
vt 0.110700 0.669070
vt 0.104000 0.654042
vt 0.059650 0.572453
vt 0.082909 0.530489
vt 0.079977 0.725898
vt 0.097412 0.713284
vt 0.067889 0.757913
vt 0.054022 0.694277
vt 0.049145 0.698947
vt 0.124587 0.519308
vt 0.112356 0.524232
vt 0.106197 0.509606
vt 0.058997 0.686185
vt 0.088758 0.492939
vt 0.103737 0.485080
vt 0.099747 0.552688
vt 0.088880 0.543353
vt 0.062148 0.622309
vt 0.065843 0.578092
vt 0.063500 0.655308
vt 0.115236 0.582772
vt 0.104510 0.585080
vt 0.080473 0.481935
vt 0.126763 0.475984
vt 0.135322 0.475056
vt 0.136783 0.532026
vt 0.111679 0.464307
vt 0.096311 0.471410
vt 0.114507 0.628485
vt 0.127822 0.645644
vt 0.082662 0.693626
vt 0.091286 0.667852
vt 0.081662 0.683574
vt 0.076875 0.579008
vt 0.106081 0.622922
vt 0.096351 0.638960
vt 0.071283 0.636865
vt 0.119836 0.697558
vt 0.070758 0.690015
vt 0.070076 0.726039
vt 0.070076 0.726039
vt 0.097018 0.826838
vt 0.070448 0.840509
vt 0.040567 0.826838
vt 0.040166 0.836485
vt 0.082688 0.853804
vt 0.104128 0.846911
vt 0.088949 0.870436
vt 0.115676 0.865469
vt 0.088949 0.894152
vt 0.115676 0.894152
vt 0.013915 0.826838
vt 0.013915 0.845143
vt 0.050865 0.847974
vt 0.058492 0.859606
vt 0.040567 0.803784
vt 0.013915 0.803784
vt 0.067771 0.875664
vt 0.067771 0.894152
vt 0.134400 0.894135
vt 0.134400 0.826838
vt 0.102613 0.803784
vt 0.040166 0.951786
vt 0.070448 0.947762
vt 0.040567 0.961433
vt 0.097018 0.961433
vt 0.082688 0.934467
vt 0.104128 0.941360
vt 0.115676 0.922802
vt 0.088949 0.917835
vt 0.013915 0.943128
vt 0.013915 0.961433
vt 0.050865 0.940297
vt 0.058492 0.928665
vt 0.013915 0.984487
vt 0.040567 0.984487
vt 0.067771 0.912607
vt 0.134400 0.961433
vt 0.102613 0.984487
vt 0.662726 0.653897
vt 0.674773 0.652405
vt 0.663432 0.660198
vt 0.674898 0.660559
vt 0.656528 0.660072
vt 0.657353 0.654975
vt 0.600468 0.654379
vt 0.597903 0.648334
vt 0.600910 0.650530
vt 0.630956 0.654842
vt 0.343511 0.662700
vt 0.352282 0.684660
vt 0.338497 0.666802
vt 0.353954 0.677346
vt 0.332000 0.671409
vt 0.350717 0.695114
vt 0.394852 0.691638
vt 0.392545 0.682969
vt 0.407246 0.670323
vt 0.403466 0.666713
vt 0.405006 0.645791
vt 0.404117 0.652456
vt 0.408728 0.652562
vt 0.400162 0.665406
vt 0.389733 0.675890
vt 0.412953 0.655897
vt 0.381319 0.689041
vt 0.379307 0.700207
vt 0.380549 0.680035
vt 0.368056 0.682206
vt 0.368715 0.690546
vt 0.368277 0.699929
vt 0.408840 0.644645
vt 0.397407 0.700012
vt 0.412155 0.677740
vt 0.412501 0.642757
vt 0.419422 0.658904
vt 0.347396 0.703316
vt 0.322339 0.677305
vt 0.259736 0.671520
vt 0.284466 0.667267
vt 0.273522 0.720603
vt 0.294529 0.701225
vt 0.314354 0.660892
vt 0.315159 0.683029
vt 0.305299 0.690713
vt 0.305257 0.661669
vt 0.295489 0.663909
vt 0.314242 0.650902
vt 0.304332 0.646179
vt 0.293255 0.641676
vt 0.221161 0.729078
vt 0.221161 0.670084
vt 0.375838 0.709937
vt 0.270496 0.775135
vt 0.220069 0.787545
vt 0.333446 0.740852
vt 0.340504 0.724774
vt 0.326683 0.755256
vt 0.344256 0.712428
vt 0.234409 0.844249
vt 0.276053 0.803848
vt 0.294932 0.854209
vt 0.310041 0.806957
vt 0.317535 0.782384
vt 0.223504 0.613778
vt 0.188442 0.533501
vt 0.233560 0.529246
vt 0.185318 0.617137
vt 0.281079 0.634060
vt 0.259158 0.624622
vt 0.607455 0.682969
vt 0.618681 0.689041
vt 0.605148 0.691638
vt 0.647718 0.684660
vt 0.646046 0.677346
vt 0.661503 0.666802
vt 0.656489 0.662700
vt 0.649283 0.695114
vt 0.668000 0.671409
vt 0.596533 0.666713
vt 0.592754 0.670323
vt 0.595883 0.652456
vt 0.594994 0.645791
vt 0.591272 0.652562
vt 0.599838 0.665406
vt 0.610267 0.675890
vt 0.587047 0.655897
vt 0.620692 0.700207
vt 0.619451 0.680035
vt 0.631944 0.682206
vt 0.631285 0.690546
vt 0.631723 0.699929
vt 0.591160 0.644645
vt 0.326062 0.612855
vt 0.344295 0.590530
vt 0.348014 0.601330
vt 0.301151 0.624036
vt 0.290682 0.611237
vt 0.417454 0.639517
vt 0.392380 0.620551
vt 0.420493 0.635052
vt 0.392659 0.612712
vt 0.329737 0.551260
vt 0.370663 0.573267
vt 0.338320 0.574581
vt 0.371324 0.588313
vt 0.372978 0.606865
vt 0.371864 0.599253
vt 0.309145 0.631294
vt 0.356954 0.509994
vt 0.343219 0.529459
vt 0.340881 0.481784
vt 0.322027 0.497801
vt 0.273149 0.590209
vt 0.320183 0.603301
vt 0.272093 0.523413
vt 0.293937 0.568833
vt 0.302378 0.507683
vt 0.308775 0.590942
vt 0.392632 0.602370
vt 0.580578 0.658904
vt 0.587845 0.677740
vt 0.587499 0.642757
vt 0.652604 0.703316
vt 0.677661 0.677305
vt 0.602593 0.700012
vt 0.740264 0.671520
vt 0.726478 0.720603
vt 0.715534 0.667267
vt 0.705471 0.701225
vt 0.685646 0.660892
vt 0.766440 0.529246
vt 0.776496 0.613778
vt 0.704512 0.663909
vt 0.694701 0.690713
vt 0.694743 0.661669
vt 0.684842 0.683029
vt 0.685758 0.650902
vt 0.778839 0.670084
vt 0.695668 0.646179
vt 0.706745 0.641676
vt 0.718921 0.634060
vt 0.740842 0.624622
vt 0.778839 0.729078
vt 0.624162 0.709937
vt 0.331575 0.619964
vt 0.344748 0.644449
vt 0.389143 0.636783
vt 0.340392 0.643295
vt 0.389354 0.634678
vt 0.351212 0.610876
vt 0.373932 0.612801
vt 0.392142 0.626631
vt 0.377151 0.628685
vt 0.376033 0.630832
vt 0.367747 0.626740
vt 0.366424 0.629634
vt 0.318493 0.636780
vt 0.373780 0.620954
vt 0.328402 0.640286
vt 0.355082 0.620128
vt 0.338780 0.627769
vt 0.390288 0.631356
vt 0.346646 0.634624
vt 0.348876 0.637623
vt 0.356886 0.627289
vt 0.358048 0.630890
vt 0.373864 0.718812
vt 0.400754 0.712201
vt 0.372304 0.730987
vt 0.396776 0.854209
vt 0.402856 0.813171
vt 0.443291 0.854209
vt 0.402886 0.723677
vt 0.368147 0.761654
vt 0.371334 0.745609
vt 0.419343 0.694133
vt 0.433085 0.673159
vt 0.361087 0.811379
vt 0.365396 0.784126
vt 0.350235 0.854209
vt 0.212526 0.303181
vt 0.811801 0.479517
vt 0.839426 0.406077
vt 0.858682 0.397426
vt 0.808511 0.412344
vt 0.776703 0.475862
vt 0.620125 0.272395
vt 0.619590 0.247194
vt 0.661694 0.307099
vt 0.683862 0.279784
vt 0.825073 0.340235
vt 0.787474 0.303181
vt 0.815718 0.373945
vt 0.784468 0.341082
vt 0.724091 0.376981
vt 0.723064 0.301681
vt 0.752252 0.394751
vt 0.752867 0.324415
vt 0.671666 0.369512
vt 0.692993 0.369784
vt 0.745787 0.469042
vt 0.727907 0.523413
vt 0.716569 0.454670
vt 0.697622 0.507683
vt 0.647895 0.329826
vt 0.689048 0.440323
vt 0.670592 0.431564
vt 0.618490 0.223605
vt 0.679936 0.238466
vt 0.779553 0.403749
vt 0.720640 0.255598
vt 0.754078 0.276467
vt 0.677973 0.497801
vt 0.659119 0.481784
vt 0.188199 0.479517
vt 0.141318 0.397426
vt 0.160574 0.406077
vt 0.191489 0.412344
vt 0.223297 0.475862
vt 0.379875 0.272395
vt 0.338306 0.307099
vt 0.380410 0.247194
vt 0.316138 0.279784
vt 0.174927 0.340235
vt 0.184282 0.373945
vt 0.215532 0.341082
vt 0.275909 0.376981
vt 0.247749 0.394751
vt 0.276936 0.301681
vt 0.247133 0.324415
vt 0.328334 0.369512
vt 0.307007 0.369784
vt 0.254213 0.469042
vt 0.283431 0.454670
vt 0.352105 0.329826
vt 0.329408 0.431564
vt 0.310952 0.440323
vt 0.381510 0.223605
vt 0.320064 0.238466
vt 0.220447 0.403749
vt 0.279360 0.255598
vt 0.245922 0.276467
vt 0.453069 0.722531
vt 0.458317 0.749196
vt 0.432335 0.732046
vt 0.445822 0.811085
vt 0.405075 0.741608
vt 0.427451 0.709911
vt 0.447536 0.696594
vt 0.407330 0.760736
vt 0.405085 0.784529
vt 0.476950 0.849773
vt 0.477909 0.793695
vt 0.500000 0.848747
vt 0.437431 0.758638
vt 0.467105 0.718888
vt 0.461742 0.700042
vt 0.468388 0.740096
vt 0.440143 0.780886
vt 0.470319 0.684072
vt 0.475722 0.662229
vt 0.484093 0.683743
vt 0.515907 0.683743
vt 0.500000 0.713261
vt 0.500000 0.684839
vt 0.547101 0.674888
vt 0.524278 0.662229
vt 0.543811 0.657952
vt 0.500000 0.663841
vt 0.525286 0.641972
vt 0.500000 0.643289
vt 0.563002 0.658056
vt 0.560351 0.649102
vt 0.559238 0.637945
vt 0.452899 0.674888
vt 0.456189 0.657952
vt 0.436998 0.658056
vt 0.421901 0.628981
vt 0.439649 0.649102
vt 0.440762 0.637945
vt 0.474714 0.641972
vt 0.656358 0.425367
vt 0.657097 0.373805
vt 0.636285 0.356220
vt 0.618836 0.336154
vt 0.619363 0.368343
vt 0.419022 0.570893
vt 0.440568 0.579436
vt 0.419447 0.585222
vt 0.413839 0.518000
vt 0.413434 0.534483
vt 0.408897 0.516889
vt 0.408618 0.542038
vt 0.421433 0.543118
vt 0.426224 0.529139
vt 0.420798 0.563930
vt 0.403198 0.545753
vt 0.419273 0.554822
vt 0.399691 0.554560
vt 0.397320 0.512217
vt 0.386066 0.523141
vt 0.396982 0.565941
vt 0.378826 0.536389
vt 0.442544 0.572684
vt 0.372896 0.556802
vt 0.394805 0.581104
vt 0.440753 0.629561
vt 0.421939 0.618515
vt 0.440725 0.608705
vt 0.420569 0.600756
vt 0.441256 0.594082
vt 0.459229 0.576932
vt 0.460693 0.564214
vt 0.442948 0.565088
vt 0.461664 0.547565
vt 0.444445 0.547200
vt 0.458205 0.598702
vt 0.457528 0.615728
vt 0.394197 0.592548
vt 0.447608 0.534583
vt 0.463974 0.533587
vt 0.456881 0.639712
vt 0.579507 0.635052
vt 0.698849 0.624036
vt 0.709318 0.611237
vt 0.607341 0.612712
vt 0.607620 0.620551
vt 0.582546 0.639517
vt 0.670263 0.551260
vt 0.661680 0.574581
vt 0.629337 0.573267
vt 0.628676 0.588313
vt 0.628136 0.599253
vt 0.627022 0.606865
vt 0.690855 0.631294
vt 0.643046 0.509994
vt 0.656781 0.529459
vt 0.726851 0.590209
vt 0.679817 0.603301
vt 0.673938 0.612855
vt 0.655705 0.590530
vt 0.651986 0.601330
vt 0.706063 0.568833
vt 0.691225 0.590942
vt 0.607368 0.602370
vt 0.578099 0.628981
vt 0.643658 0.466238
vt 0.643685 0.420955
vt 0.605603 0.416138
vt 0.580937 0.424061
vt 0.602738 0.411139
vt 0.578998 0.420763
vt 0.600490 0.384542
vt 0.603475 0.387008
vt 0.595486 0.385157
vt 0.596974 0.390059
vt 0.616136 0.394039
vt 0.623304 0.400419
vt 0.627688 0.493644
vt 0.633037 0.456514
vt 0.616166 0.481783
vt 0.620990 0.438423
vt 0.602010 0.454013
vt 0.611296 0.424034
vt 0.585166 0.431491
vt 0.638266 0.416355
vt 0.632491 0.407057
vt 0.598558 0.398562
vt 0.610714 0.390064
vt 0.576088 0.408189
vt 0.574124 0.395140
vt 0.572833 0.385897
vt 0.926379 0.920491
vt 0.933932 0.922037
vt 0.924466 0.932318
vt 0.927962 0.914431
vt 0.936160 0.914287
vt 0.928198 0.902695
vt 0.935851 0.901789
vt 0.511031 0.432694
vt 0.500000 0.432018
vt 0.509544 0.426175
vt 0.500000 0.424839
vt 0.529886 0.400903
vt 0.542561 0.387830
vt 0.555687 0.398872
vt 0.554418 0.432462
vt 0.525904 0.437445
vt 0.553473 0.427844
vt 0.524834 0.430577
vt 0.572886 0.460111
vt 0.559379 0.439523
vt 0.511312 0.396860
vt 0.500000 0.387725
vt 0.553196 0.413166
vt 0.527005 0.413439
vt 0.509538 0.410080
vt 0.500000 0.408934
vt 0.530945 0.444568
vt 0.516561 0.443405
vt 0.500000 0.441014
vt 0.500000 0.396149
vt 0.927889 0.890669
vt 0.935735 0.890659
vt 0.490456 0.426175
vt 0.488969 0.432694
vt 0.490462 0.410080
vt 0.483439 0.443405
vt 0.488688 0.396860
vt 0.603475 0.387008
vt 0.610737 0.385129
vt 0.610714 0.390064
vt 0.625037 0.387573
vt 0.617267 0.385967
vt 0.614443 0.376170
vt 0.610685 0.378476
vt 0.593067 0.365450
vt 0.591315 0.359847
vt 0.601900 0.383408
vt 0.601913 0.381963
vt 0.604642 0.383838
vt 0.604163 0.381077
vt 0.642380 0.385973
vt 0.633701 0.388815
vt 0.580109 0.339654
vt 0.638868 0.394772
vt 0.601913 0.381963
vt 0.595050 0.380778
vt 0.595406 0.377607
vt 0.607554 0.380221
vt 0.594672 0.373188
vt 0.912453 0.932653
vt 0.919050 0.933011
vt 0.912161 0.925825
vt 0.919050 0.933011
vt 0.551641 0.463831
vt 0.530910 0.462200
vt 0.500000 0.459730
vt 0.515856 0.461127
vt 0.500000 0.474921
vt 0.511112 0.451993
vt 0.500000 0.450627
vt 0.500000 0.617940
vt 0.439661 0.512960
vt 0.432849 0.518790
vt 0.429204 0.503765
vt 0.419869 0.508881
vt 0.428785 0.496985
vt 0.417831 0.505093
vt 0.500000 0.489759
vt 0.479672 0.474325
vt 0.482708 0.490287
vt 0.484144 0.461127
vt 0.488888 0.451993
vt 0.451588 0.523870
vt 0.455893 0.516909
vt 0.464413 0.516590
vt 0.465081 0.524802
vt 0.475875 0.563071
vt 0.476071 0.547155
vt 0.485590 0.563420
vt 0.486999 0.547455
vt 0.478404 0.580045
vt 0.475993 0.617688
vt 0.500000 0.601287
vt 0.477044 0.600747
vt 0.485067 0.516845
vt 0.473614 0.519405
vt 0.472156 0.507238
vt 0.446309 0.495070
vt 0.450640 0.505488
vt 0.457517 0.509031
vt 0.466980 0.496239
vt 0.475927 0.531395
vt 0.462080 0.512160
vt 0.487190 0.529303
vt 0.500000 0.514889
vt 0.500000 0.528367
vt 0.500000 0.502257
vt 0.485059 0.504873
vt 0.469090 0.462200
vt 0.463559 0.478912
vt 0.446797 0.487707
vt 0.500000 0.547103
vt 0.536441 0.478912
vt 0.560339 0.512960
vt 0.570796 0.503765
vt 0.567151 0.518790
vt 0.580131 0.508881
vt 0.582169 0.505093
vt 0.571215 0.496985
vt 0.520328 0.474325
vt 0.517292 0.490287
vt 0.586161 0.518000
vt 0.591103 0.516889
vt 0.586567 0.534483
vt 0.591382 0.542038
vt 0.573776 0.529139
vt 0.578567 0.543118
vt 0.596802 0.545753
vt 0.580727 0.554822
vt 0.579202 0.563930
vt 0.600309 0.554560
vt 0.580978 0.570893
vt 0.602680 0.512217
vt 0.613934 0.523141
vt 0.621175 0.536389
vt 0.603018 0.565941
vt 0.559432 0.579436
vt 0.557456 0.572684
vt 0.548412 0.523870
vt 0.544107 0.516909
vt 0.627104 0.556802
vt 0.605195 0.581104
vt 0.559247 0.629561
vt 0.578061 0.618515
vt 0.559275 0.608705
vt 0.558744 0.594082
vt 0.579431 0.600756
vt 0.580553 0.585222
vt 0.540771 0.576932
vt 0.500000 0.563890
vt 0.514410 0.563420
vt 0.500000 0.580836
vt 0.521596 0.580045
vt 0.513001 0.547455
vt 0.557052 0.565088
vt 0.539307 0.564214
vt 0.534919 0.524802
vt 0.535587 0.516590
vt 0.555555 0.547200
vt 0.538336 0.547565
vt 0.524125 0.563071
vt 0.523929 0.547155
vt 0.522956 0.600747
vt 0.524007 0.617688
vt 0.514934 0.516845
vt 0.527844 0.507238
vt 0.526386 0.519405
vt 0.553691 0.495070
vt 0.549360 0.505488
vt 0.533020 0.496239
vt 0.542483 0.509031
vt 0.541795 0.598702
vt 0.536026 0.533587
vt 0.524073 0.531395
vt 0.542472 0.615728
vt 0.537920 0.512160
vt 0.512810 0.529303
vt 0.514941 0.504873
vt 0.605803 0.592548
vt 0.586806 0.485692
vt 0.573318 0.481346
vt 0.553203 0.487707
vt 0.552392 0.534583
vt 0.543119 0.639712
vt 0.413194 0.485692
vt 0.426682 0.481346
vt 0.470114 0.400903
vt 0.444313 0.398872
vt 0.457439 0.387830
vt 0.475166 0.430577
vt 0.474096 0.437445
vt 0.446527 0.427844
vt 0.445582 0.432462
vt 0.421002 0.420763
vt 0.419063 0.424061
vt 0.372312 0.493644
vt 0.383834 0.481783
vt 0.397990 0.454013
vt 0.414834 0.431491
vt 0.427114 0.460111
vt 0.440621 0.439523
vt 0.469055 0.444568
vt 0.448359 0.463831
vt 0.446804 0.413166
vt 0.423912 0.408189
vt 0.472995 0.413439
vt 0.425876 0.395140
vt 0.427167 0.385897
vt 0.935851 0.879549
vt 0.928198 0.878643
vt 0.936160 0.867051
vt 0.927962 0.866907
vt 0.933932 0.859301
vt 0.394397 0.416138
vt 0.397262 0.411139
vt 0.399510 0.384542
vt 0.404514 0.385157
vt 0.396525 0.387008
vt 0.403026 0.390059
vt 0.376696 0.400419
vt 0.383864 0.394039
vt 0.343642 0.425367
vt 0.356342 0.466238
vt 0.366963 0.456514
vt 0.356315 0.420955
vt 0.363715 0.356220
vt 0.342903 0.373805
vt 0.381164 0.336154
vt 0.380637 0.368343
vt 0.388704 0.424034
vt 0.379010 0.438423
vt 0.367509 0.407057
vt 0.361734 0.416355
vt 0.401442 0.398562
vt 0.389286 0.390064
vt 0.924466 0.849020
vt 0.926379 0.860847
vt 0.599246 0.712201
vt 0.566915 0.673159
vt 0.580657 0.694133
vt 0.912453 0.848684
vt 0.919050 0.848327
vt 0.389315 0.378476
vt 0.382733 0.385967
vt 0.385557 0.376170
vt 0.374963 0.387573
vt 0.406933 0.365450
vt 0.408685 0.359847
vt 0.395837 0.381077
vt 0.398087 0.381963
vt 0.395358 0.383838
vt 0.398100 0.383408
vt 0.357620 0.385973
vt 0.366299 0.388815
vt 0.419891 0.339654
vt 0.361132 0.394772
vt 0.404594 0.377607
vt 0.404950 0.380778
vt 0.405328 0.373188
vt 0.392446 0.380221
vt 0.389263 0.385129
vt 0.389286 0.390064
vt 0.396525 0.387008
vt 0.399510 0.384542
vt 0.912161 0.855513
vt 0.919050 0.848327
vt 0.198878 0.892392
vt 0.183691 0.809503
vt 0.765231 0.997694
vt 0.729034 0.907899
vt 0.801122 0.892392
vt 0.632725 0.997694
vt 0.579771 0.997694
vt 0.612628 0.907899
vt 0.566806 0.907899
vt 0.530361 0.907899
vt 0.539136 0.997694
vt 0.500000 0.997694
vt 0.500000 0.907899
vt 0.523050 0.849773
vt 0.556709 0.854209
vt 0.603224 0.854209
vt 0.816309 0.809503
vt 0.696642 0.997694
vt 0.665054 0.907899
vt 0.270966 0.907899
vt 0.234769 0.997694
vt 0.433194 0.907899
vt 0.420229 0.997694
vt 0.387372 0.907899
vt 0.367275 0.997694
vt 0.469638 0.907899
vt 0.460864 0.997694
vt 0.334946 0.907899
vt 0.303358 0.997694
vt 0.512510 0.754794
vt 0.511971 0.713261
vt 0.500000 0.757048
vt 0.500000 0.794359
vt 0.488029 0.713261
vt 0.478613 0.715483
vt 0.478027 0.751313
vt 0.487490 0.754794
vt 0.464080 0.766487
vt 0.779931 0.787545
vt 0.765591 0.844249
vt 0.729504 0.775135
vt 0.597144 0.813171
vt 0.705068 0.854209
vt 0.659496 0.724774
vt 0.666554 0.740852
vt 0.673317 0.755256
vt 0.626136 0.718812
vt 0.627696 0.730987
vt 0.597114 0.723677
vt 0.655744 0.712428
vt 0.689959 0.806957
vt 0.723947 0.803848
vt 0.628666 0.745609
vt 0.631853 0.761654
vt 0.682465 0.782384
vt 0.634604 0.784126
vt 0.638913 0.811379
vt 0.649765 0.854209
vt 0.594915 0.784529
vt 0.592670 0.760736
vt 0.554179 0.811085
vt 0.572549 0.709911
vt 0.567665 0.732046
vt 0.594925 0.741608
vt 0.546931 0.722531
vt 0.552464 0.696594
vt 0.521387 0.715483
vt 0.521973 0.751313
vt 0.538258 0.700042
vt 0.529681 0.684072
vt 0.532895 0.718888
vt 0.522091 0.793695
vt 0.541682 0.749196
vt 0.562569 0.758638
vt 0.531612 0.740096
vt 0.559857 0.780886
vt 0.535920 0.766487
vt 0.641952 0.630890
vt 0.633576 0.629634
vt 0.643114 0.627289
vt 0.655252 0.644449
vt 0.610857 0.636783
vt 0.659608 0.643295
vt 0.610646 0.634678
vt 0.668425 0.619964
vt 0.648788 0.610876
vt 0.607858 0.626631
vt 0.626068 0.612801
vt 0.623967 0.630832
vt 0.632253 0.626740
vt 0.622848 0.628685
vt 0.681507 0.636780
vt 0.626220 0.620954
vt 0.671598 0.640286
vt 0.661220 0.627769
vt 0.644918 0.620128
vt 0.609712 0.631356
vt 0.653354 0.634624
vt 0.651124 0.637623
vt 0.500000 0.343369
vt 0.530207 0.346141
vt 0.500000 0.358667
vt 0.530388 0.340791
vt 0.500000 0.338004
vt 0.569429 0.349029
vt 0.568125 0.354522
vt 0.531277 0.329937
vt 0.500000 0.327896
vt 0.568042 0.374431
vt 0.573127 0.382069
vt 0.528095 0.376344
vt 0.533797 0.382677
vt 0.500000 0.382913
vt 0.500000 0.376344
vt 0.529567 0.360526
vt 0.568339 0.366339
vt 0.917312 0.913498
vt 0.918705 0.902898
vt 0.918088 0.890669
vt 0.469793 0.346141
vt 0.469612 0.340791
vt 0.431875 0.354522
vt 0.430571 0.349029
vt 0.468723 0.329937
vt 0.426873 0.382069
vt 0.431958 0.374431
vt 0.471905 0.376344
vt 0.466203 0.382677
vt 0.500000 0.382913
vt 0.470433 0.360526
vt 0.431661 0.366339
vt 0.917312 0.867840
vt 0.918705 0.878440
vt 0.918088 0.890669
vt 0.903152 0.118415
vt 0.903323 0.147275
vt 0.838192 0.118415
vt 0.838192 0.147275
vt 0.902963 0.060320
vt 0.838192 0.060320
vt 0.902812 0.007844
vt 0.838192 0.007844
vt 0.909456 0.007844
vt 0.909456 0.060320
vt 0.909456 0.118415
vt 0.909456 0.147275
vt 0.903486 0.196436
vt 0.838192 0.196436
vt 0.909456 0.196436
vt 0.903152 0.118415
vt 0.838192 0.118415
vt 0.903323 0.147275
vt 0.838192 0.147275
vt 0.902963 0.060320
vt 0.838192 0.060320
vt 0.902812 0.007844
vt 0.838192 0.007844
vt 0.909456 0.007844
vt 0.909456 0.060320
vt 0.909456 0.118415
vt 0.909456 0.147275
vt 0.838192 0.196436
vt 0.903486 0.196436
vt 0.909456 0.196436
vt 0.922295 0.118415
vt 0.986271 0.118415
vt 0.922113 0.147275
vt 0.986272 0.147275
vt 0.922497 0.060320
vt 0.986271 0.060320
vt 0.922659 0.007844
vt 0.986272 0.007844
vt 0.915553 0.007844
vt 0.922659 0.007844
vt 0.915553 0.060320
vt 0.922497 0.060320
vt 0.915553 0.118415
vt 0.915553 0.147275
vt 0.921938 0.196436
vt 0.986272 0.196436
vt 0.915553 0.196436
vt 0.922295 0.118415
vt 0.922113 0.147275
vt 0.986271 0.118415
vt 0.986272 0.147275
vt 0.922497 0.060320
vt 0.986271 0.060320
vt 0.922659 0.007844
vt 0.986272 0.007844
vt 0.915553 0.007844
vt 0.915553 0.060320
vt 0.922659 0.007844
vt 0.922497 0.060320
vt 0.915553 0.118415
vt 0.915553 0.147275
vt 0.921938 0.196436
vt 0.986272 0.196436
vt 0.915553 0.196436
vt 0.375000 0.000000
vt 0.625000 0.000000
vt 0.375000 0.250000
vt 0.625000 0.250000
vt 0.375000 0.250000
vt 0.625000 0.250000
vt 0.375000 0.500000
vt 0.625000 0.500000
vt 0.375000 0.500000
vt 0.625000 0.500000
vt 0.375000 0.750000
vt 0.625000 0.750000
vt 0.375000 0.750000
vt 0.625000 0.750000
vt 0.375000 1.000000
vt 0.625000 1.000000
vt 0.625000 0.000000
vt 0.875000 0.000000
vt 0.625000 0.250000
vt 0.875000 0.250000
vt 0.125000 0.000000
vt 0.375000 0.000000
vt 0.125000 0.250000
vt 0.375000 0.250000
vt 0.072529 0.251506
vt 0.001797 0.253528
vt 0.001798 0.268180
vt 0.072529 0.251506
vt 0.001798 0.268180
vt 0.001797 0.253528
vt 0.072544 0.283006
vt 0.072544 0.283006
vt 0.001799 0.297468
vt 0.072545 0.313148
vt 0.001799 0.311910
vt 0.001793 0.183824
vt 0.072514 0.203985
vt 0.001795 0.198406
vt 0.072528 0.226470
vt 0.001797 0.240643
vt 0.001797 0.225240
vt 0.001796 0.212327
vt 0.001799 0.326403
vt 0.072546 0.342074
vt 0.001799 0.341400
vt 0.001799 0.326403
vt 0.001799 0.283970
vt 0.072485 0.183008
vt 0.072546 0.342074
vt 0.001793 0.183824
vt 0.001795 0.198406
vt 0.072514 0.203985
vt 0.072528 0.226470
vt 0.001797 0.225240
vt 0.001797 0.240643
vt 0.001796 0.212327
vt 0.072545 0.313148
vt 0.001799 0.311910
vt 0.001799 0.326403
vt 0.001799 0.297468
vt 0.001799 0.283970
vt 0.072485 0.183008
vt 0.072546 0.342074
vt 0.001799 0.326403
vt 0.001799 0.341400
vt 0.072546 0.342074
vt 0.072529 0.251506
vt 0.072544 0.283006
vt 0.001798 0.268180
vt 0.072529 0.251506
vt 0.001797 0.253528
vt 0.001798 0.268180
vt 0.072544 0.283006
vt 0.001797 0.253528
vt 0.001799 0.283970
vt 0.001793 0.183824
vt 0.001795 0.198406
vt 0.072514 0.203985
vt 0.072528 0.226470
vt 0.001797 0.225240
vt 0.001797 0.240643
vt 0.001796 0.212327
vt 0.072545 0.313148
vt 0.001799 0.311910
vt 0.001799 0.326403
vt 0.001799 0.297468
vt 0.001799 0.283970
vt 0.072485 0.183008
vt 0.072546 0.342074
vt 0.001799 0.326403
vt 0.001799 0.341400
vt 0.072546 0.342074
vt 0.001793 0.183824
vt 0.072514 0.203985
vt 0.001795 0.198406
vt 0.072528 0.226470
vt 0.001797 0.240643
vt 0.001797 0.225240
vt 0.001796 0.212327
vt 0.072545 0.313148
vt 0.001799 0.326403
vt 0.001799 0.311910
vt 0.072546 0.342074
vt 0.001799 0.341400
vt 0.001799 0.326403
vt 0.001799 0.297468
vt 0.072485 0.183008
vt 0.072546 0.342074
vt 0.638214 0.502303
vt 0.613077 0.459069
vt 0.638210 0.459069
vt 0.348988 0.502238
vt 0.348988 0.459013
vt 0.367593 0.502262
vt 0.367208 0.459040
vt 0.413844 0.459101
vt 0.413684 0.502305
vt 0.388071 0.459086
vt 0.388218 0.502290
vt 0.439938 0.502307
vt 0.440025 0.459097
vt 0.469410 0.502303
vt 0.469412 0.459069
vt 0.529889 0.502303
vt 0.497718 0.502303
vt 0.529843 0.459069
vt 0.497725 0.459069
vt 0.562234 0.459069
vt 0.562538 0.579083
vt 0.529900 0.552941
vt 0.562478 0.552941
vt 0.497695 0.586712
vt 0.497708 0.552941
vt 0.529902 0.584607
vt 0.593519 0.572084
vt 0.591511 0.552941
vt 0.348987 0.551939
vt 0.367424 0.552042
vt 0.388115 0.552470
vt 0.413325 0.552732
vt 0.562340 0.502303
vt 0.589647 0.502303
vt 0.439929 0.552839
vt 0.469410 0.552941
vt 0.529916 0.598042
vt 0.562573 0.586004
vt 0.365089 0.567546
vt 0.385521 0.578976
vt 0.384222 0.583852
vt 0.613006 0.502303
vt 0.613239 0.550558
vt 0.348986 0.565160
vt 0.615190 0.564218
vt 0.413167 0.583289
vt 0.439921 0.586739
vt 0.469407 0.586712
vt 0.638217 0.545620
vt 0.638219 0.561165
vt 0.589597 0.459069
vt 0.497725 0.428341
vt 0.613077 0.427183
vt 0.638210 0.427175
vt 0.562234 0.426878
vt 0.529843 0.427707
vt 0.589597 0.426818
vt 0.367208 0.429410
vt 0.348988 0.427790
vt 0.413851 0.429740
vt 0.440025 0.429427
vt 0.388056 0.429740
vt 0.469412 0.427878
vt 0.497725 0.416439
vt 0.638210 0.403032
vt 0.613077 0.413379
vt 0.613077 0.408504
vt 0.589593 0.393631
vt 0.589597 0.400505
vt 0.562190 0.393003
vt 0.562234 0.399772
vt 0.529823 0.389403
vt 0.561924 0.352590
vt 0.529744 0.352590
vt 0.497725 0.395621
vt 0.497720 0.352590
vt 0.469412 0.393607
vt 0.440025 0.390586
vt 0.469420 0.352590
vt 0.440025 0.352590
vt 0.414156 0.390854
vt 0.414484 0.352590
vt 0.613191 0.388746
vt 0.387816 0.390854
vt 0.387761 0.352590
vt 0.348988 0.390709
vt 0.367208 0.377340
vt 0.367208 0.391085
vt 0.613564 0.352590
vt 0.638209 0.381584
vt 0.638205 0.352590
vt 0.529843 0.420241
vt 0.562234 0.416714
vt 0.589597 0.416951
vt 0.413969 0.411141
vt 0.387993 0.411141
vt 0.348988 0.411852
vt 0.367208 0.400494
vt 0.367208 0.412250
vt 0.469412 0.403413
vt 0.440025 0.412015
vt 0.638210 0.412420
vt 0.348988 0.402747
vt 0.613077 0.399730
vt 0.638210 0.390752
vt 0.367208 0.352590
vt 0.348989 0.352590
vt 0.348988 0.381552
vt 0.469412 0.414690
vt 0.497725 0.405457
vt 0.529843 0.403297
vt 0.589597 0.411352
vt 0.562234 0.410945
vt 0.589568 0.352590
vt 0.402804 0.340697
vt 0.407373 0.290532
vt 0.426178 0.336652
vt 0.425847 0.290532
vt 0.472969 0.336968
vt 0.451601 0.290532
vt 0.470952 0.290532
vt 0.499273 0.340178
vt 0.499264 0.290532
vt 0.529756 0.343870
vt 0.528840 0.290532
vt 0.555479 0.343870
vt 0.555399 0.290532
vt 0.581143 0.343870
vt 0.588680 0.290532
vt 0.406349 0.247460
vt 0.425830 0.247460
vt 0.449732 0.247460
vt 0.470954 0.247460
vt 0.498479 0.247460
vt 0.527676 0.247460
vt 0.555411 0.247460
vt 0.589551 0.247460
vt 0.499842 0.200580
vt 0.470574 0.200585
vt 0.447711 0.200583
vt 0.398496 0.200591
vt 0.423196 0.200582
vt 0.585976 0.200576
vt 0.552261 0.200580
vt 0.526848 0.200585
vt 0.619936 0.340643
vt 0.618701 0.290532
vt 0.618772 0.247460
vt 0.618704 0.200557
vt 0.443767 0.334794
vt 0.386944 0.341108
vt 0.390869 0.290532
vt 0.394153 0.247460
vt 0.177039 0.240374
vt 0.166578 0.236050
vt 0.175546 0.227519
vt 0.164475 0.231459
vt 0.169330 0.251444
vt 0.163151 0.240487
vt 0.155998 0.255734
vt 0.156131 0.244092
vt 0.143217 0.251381
vt 0.149706 0.243083
vt 0.135936 0.239882
vt 0.144300 0.236639
vt 0.166928 0.218766
vt 0.145665 0.232077
vt 0.138130 0.225851
vt 0.155123 0.215856
vt 0.155183 0.226941
vt 0.145688 0.218685
vt 0.150797 0.227992
vt 0.607761 0.583680
vt 0.607761 0.600673
vt 0.594165 0.580405
vt 0.591403 0.599997
vt 0.363325 0.569513
vt 0.348986 0.566763
vt 0.617055 0.567250
vt 0.638219 0.562827
vt 0.677887 0.583680
vt 0.691482 0.580405
vt 0.677887 0.600673
vt 0.694245 0.599997
vt 0.321629 0.569538
vt 0.319863 0.567546
vt 0.335966 0.566763
vt 0.335966 0.565160
vt 0.723074 0.586004
vt 0.787953 0.586712
vt 0.755731 0.598042
vt 0.755745 0.584607
vt 0.723109 0.579083
vt 0.692129 0.572084
vt 0.300731 0.583852
vt 0.299432 0.578976
vt 0.361414 0.579079
vt 0.368830 0.587649
vt 0.360343 0.588706
vt 0.670458 0.564218
vt 0.668592 0.567250
vt 0.647428 0.562827
vt 0.647428 0.561165
vt 0.313332 0.576615
vt 0.307027 0.585350
vt 0.694576 0.640878
vt 0.677887 0.624070
vt 0.694551 0.624070
vt 0.529920 0.616339
vt 0.497680 0.613338
vt 0.469402 0.640123
vt 0.439909 0.639983
vt 0.469405 0.613338
vt 0.439908 0.610135
vt 0.562645 0.604007
vt 0.529913 0.640878
vt 0.497669 0.641189
vt 0.562573 0.640878
vt 0.562652 0.622132
vt 0.591072 0.640878
vt 0.591096 0.624070
vt 0.607761 0.624070
vt 0.607761 0.640878
vt 0.413163 0.610991
vt 0.388728 0.609898
vt 0.413159 0.600415
vt 0.413212 0.640035
vt 0.388742 0.640252
vt 0.388763 0.667029
vt 0.413244 0.667029
vt 0.439895 0.667029
vt 0.469400 0.667029
vt 0.497658 0.666981
vt 0.529908 0.666981
vt 0.562368 0.666981
vt 0.607761 0.666981
vt 0.591027 0.666981
vt 0.512238 0.693183
vt 0.494621 0.693183
vt 0.512248 0.679923
vt 0.494636 0.679923
vt 0.468113 0.693183
vt 0.468110 0.679923
vt 0.436388 0.679923
vt 0.436390 0.693183
vt 0.397851 0.693183
vt 0.397849 0.679923
vt 0.362390 0.693183
vt 0.362401 0.679923
vt 0.333263 0.693183
vt 0.333263 0.679923
vt 0.310183 0.679923
vt 0.310184 0.693183
vt 0.296182 0.693183
vt 0.755727 0.616339
vt 0.787968 0.613338
vt 0.360343 0.610794
vt 0.370445 0.610450
vt 0.215551 0.640123
vt 0.215548 0.613338
vt 0.245044 0.639983
vt 0.245044 0.610135
vt 0.723002 0.604007
vt 0.755734 0.640878
vt 0.787979 0.641189
vt 0.723074 0.640878
vt 0.722995 0.622132
vt 0.677887 0.640878
vt 0.245032 0.586739
vt 0.215546 0.586712
vt 0.296225 0.609898
vt 0.271790 0.610991
vt 0.271785 0.583289
vt 0.271794 0.600415
vt 0.271741 0.640035
vt 0.296210 0.640252
vt 0.370445 0.640325
vt 0.360343 0.640343
vt 0.370445 0.667029
vt 0.360343 0.667029
vt 0.296190 0.667029
vt 0.271709 0.667029
vt 0.245057 0.666981
vt 0.215553 0.666981
vt 0.787989 0.666981
vt 0.755739 0.666981
vt 0.723280 0.666981
vt 0.677887 0.666981
vt 0.694620 0.666981
vt 0.529856 0.693183
vt 0.529860 0.679923
vt 0.556364 0.693183
vt 0.556386 0.679923
vt 0.588087 0.693183
vt 0.588109 0.679923
vt 0.626648 0.679923
vt 0.626626 0.693183
vt 0.662097 0.679978
vt 0.662087 0.693239
vt 0.691234 0.679978
vt 0.691213 0.693239
vt 0.713775 0.679978
vt 0.713753 0.693239
vt 0.276236 0.690196
vt 0.287236 0.693183
vt 0.279156 0.693183
vt 0.726007 0.693239
vt 0.723084 0.690196
vt 0.305001 0.640389
vt 0.304810 0.667029
vt 0.305258 0.610402
vt 0.723100 0.679978
vt 0.287238 0.679923
vt 0.276239 0.679923
vt 0.681315 0.750522
vt 0.713038 0.781773
vt 0.681731 0.782840
vt 0.848642 0.048335
vt 0.848642 0.040815
vt 0.868487 0.048335
vt 0.868487 0.040815
vt 0.852689 0.032216
vt 0.863902 0.032216
vt 0.911506 0.044356
vt 0.917584 0.044356
vt 0.911498 0.056741
vt 0.924182 0.056672
vt 0.339722 0.721069
vt 0.339722 0.729918
vt 0.327463 0.721069
vt 0.327462 0.729918
vt 0.637231 0.750355
vt 0.637205 0.723573
vt 0.655131 0.750393
vt 0.655048 0.723573
vt 0.713038 0.750355
vt 0.713038 0.727203
vt 0.681315 0.723573
vt 0.751577 0.750424
vt 0.751577 0.729984
vt 0.274858 0.729904
vt 0.275810 0.750522
vt 0.240341 0.729984
vt 0.240341 0.750424
vt 0.304869 0.750527
vt 0.304909 0.729918
vt 0.327459 0.750527
vt 0.339722 0.750527
vt 0.327457 0.781717
vt 0.339722 0.781730
vt 0.240341 0.781773
vt 0.276399 0.781785
vt 0.751577 0.781773
vt 0.654657 0.782699
vt 0.649515 0.782425
vt 0.643098 0.770026
vt 0.637197 0.715616
vt 0.655108 0.715834
vt 0.681315 0.717452
vt 0.713038 0.721699
vt 0.713038 0.707304
vt 0.751577 0.721051
vt 0.751577 0.707304
vt 0.240341 0.721051
vt 0.240341 0.707304
vt 0.275813 0.721064
vt 0.279554 0.707304
vt 0.304928 0.721069
vt 0.304928 0.707304
vt 0.327007 0.707304
vt 0.339722 0.707304
vt 0.681315 0.707304
vt 0.654807 0.707304
vt 0.637190 0.707304
vt 0.637250 0.769766
vt 0.298138 0.768104
vt 0.294114 0.774847
vt 0.307680 0.768191
vt 0.311063 0.775183
vt 0.310375 0.781717
vt 0.293453 0.781744
vt 0.413378 0.730516
vt 0.399392 0.730526
vt 0.413393 0.721622
vt 0.399389 0.721595
vt 0.619331 0.750427
vt 0.619362 0.723608
vt 0.593096 0.723658
vt 0.593148 0.750607
vt 0.561380 0.727349
vt 0.561424 0.750501
vt 0.522846 0.730204
vt 0.522885 0.750644
vt 0.468040 0.729904
vt 0.501058 0.729984
vt 0.465589 0.750522
vt 0.501058 0.750424
vt 0.436490 0.730086
vt 0.436530 0.750527
vt 0.413398 0.750394
vt 0.413391 0.782743
vt 0.399393 0.750402
vt 0.399393 0.782752
vt 0.816605 0.048335
vt 0.796760 0.048335
vt 0.816605 0.040815
vt 0.796760 0.040815
vt 0.501058 0.781773
vt 0.464999 0.781785
vt 0.561485 0.781919
vt 0.522946 0.781993
vt 0.592793 0.782926
vt 0.619867 0.782732
vt 0.619288 0.715868
vt 0.593084 0.717537
vt 0.561369 0.721844
vt 0.522829 0.721271
vt 0.561341 0.707303
vt 0.522802 0.707303
vt 0.501058 0.721051
vt 0.466935 0.721064
vt 0.501058 0.707304
vt 0.461551 0.707304
vt 0.436471 0.721069
vt 0.436471 0.707304
vt 0.413775 0.707304
vt 0.399390 0.707304
vt 0.593064 0.707304
vt 0.619572 0.707304
vt 0.920832 0.283054
vt 0.913124 0.283054
vt 0.920832 0.250888
vt 0.913124 0.250888
vt 0.913124 0.229399
vt 0.920832 0.229373
vt 0.920832 0.219487
vt 0.913124 0.219487
vt 0.920832 0.203139
vt 0.913124 0.203139
vt 0.905407 0.250888
vt 0.905407 0.283054
vt 0.905407 0.229506
vt 0.905407 0.219487
vt 0.905407 0.203139
vt 0.433794 0.768224
vt 0.447907 0.775505
vt 0.448894 0.781840
vt 0.443542 0.768286
vt 0.812558 0.032216
vt 0.801345 0.032216
vt 0.431560 0.775332
vt 0.431655 0.782064
vt 0.905428 0.044348
vt 0.898814 0.056654
vt 0.631372 0.770062
vt 0.625002 0.782449
vt 0.845397 0.511214
vt 0.840731 0.500606
vt 0.844990 0.500071
vt 0.841332 0.511773
vt 0.852390 0.498846
vt 0.852902 0.509918
vt 0.849348 0.499748
vt 0.849364 0.511376
vt 0.837644 0.510846
vt 0.837510 0.499985
vt 0.958961 0.516099
vt 0.955704 0.515614
vt 0.959280 0.510704
vt 0.950625 0.526405
vt 0.952192 0.515382
vt 0.954559 0.526375
vt 0.958529 0.527922
vt 0.956092 0.510193
vt 0.952837 0.510002
vt 0.949271 0.509172
vt 0.948783 0.512030
vt 0.947996 0.526085
vt 0.841413 0.515300
vt 0.845578 0.515306
vt 0.842869 0.530660
vt 0.846784 0.529365
vt 0.849467 0.514801
vt 0.850641 0.529841
vt 0.853683 0.526065
vt 0.853161 0.513149
vt 0.837647 0.514452
vt 0.838287 0.528726
vt 0.963435 0.510925
vt 0.963533 0.514154
vt 0.963772 0.528864
vt 0.954117 0.496204
vt 0.956851 0.501594
vt 0.953775 0.501361
vt 0.849228 0.496423
vt 0.849285 0.485136
vt 0.852375 0.496234
vt 0.852053 0.485048
vt 0.850901 0.481905
vt 0.848189 0.482617
vt 0.844796 0.495835
vt 0.847682 0.484982
vt 0.841026 0.485514
vt 0.844415 0.485007
vt 0.840567 0.496894
vt 0.839717 0.485966
vt 0.840657 0.482267
vt 0.844369 0.480352
vt 0.844369 0.480352
vt 0.837687 0.481191
vt 0.844366 0.478507
vt 0.844366 0.478507
vt 0.837407 0.496988
vt 0.836946 0.485660
vt 0.962278 0.480849
vt 0.960397 0.485278
vt 0.958251 0.478699
vt 0.957681 0.484319
vt 0.955145 0.484978
vt 0.953830 0.481744
vt 0.957104 0.495838
vt 0.960026 0.496778
vt 0.950749 0.495679
vt 0.952349 0.484604
vt 0.963552 0.496913
vt 0.963812 0.485359
vt 0.959983 0.502171
vt 0.950276 0.498775
vt 0.963613 0.499710
vt 0.913152 0.357757
vt 0.913124 0.335841
vt 0.920847 0.343929
vt 0.922359 0.084461
vt 0.911462 0.116457
vt 0.911492 0.084461
vt 0.911444 0.152609
vt 0.918529 0.164181
vt 0.911432 0.164156
vt 0.911425 0.171290
vt 0.915797 0.169412
vt 0.921082 0.061345
vt 0.911495 0.061345
vt 0.339722 0.818521
vt 0.327459 0.818573
vt 0.645998 0.786889
vt 0.413387 0.818448
vt 0.399395 0.818398
vt 0.900626 0.084441
vt 0.399395 0.838054
vt 0.920832 0.317447
vt 0.920832 0.335704
vt 0.913124 0.317447
vt 0.075411 0.306638
vt 0.075411 0.329033
vt 0.072809 0.306595
vt 0.072809 0.329657
vt 0.072809 0.292088
vt 0.072809 0.276580
vt 0.075411 0.285720
vt 0.072809 0.284333
vt 0.072809 0.289905
vt 0.905407 0.317447
vt 0.905407 0.335827
vt 0.905407 0.347684
vt 0.072809 0.269376
vt 0.904335 0.164167
vt 0.907057 0.169403
vt 0.628534 0.786906
vt 0.901908 0.061331
vt 0.755747 0.552941
vt 0.787940 0.552941
vt 0.723169 0.552941
vt 0.694137 0.552941
vt 0.335966 0.551939
vt 0.317528 0.552042
vt 0.335965 0.502238
vt 0.317360 0.502262
vt 0.296838 0.552470
vt 0.271628 0.552732
vt 0.296735 0.502290
vt 0.271268 0.502305
vt 0.755758 0.502303
vt 0.787929 0.502303
vt 0.696000 0.502303
vt 0.723308 0.502303
vt 0.245015 0.502307
vt 0.245024 0.552839
vt 0.215543 0.502303
vt 0.215543 0.552941
vt 0.672409 0.550558
vt 0.672642 0.502303
vt 0.647430 0.545620
vt 0.647434 0.502303
vt 0.647437 0.459069
vt 0.672570 0.459069
vt 0.335965 0.459013
vt 0.317745 0.459040
vt 0.296882 0.459086
vt 0.271109 0.459101
vt 0.215540 0.459069
vt 0.244928 0.459097
vt 0.755805 0.459069
vt 0.787923 0.459069
vt 0.723413 0.459069
vt 0.696050 0.459069
vt 0.075411 0.348917
vt 0.072809 0.348917
vt 0.382923 0.940114
vt 0.389160 0.929291
vt 0.395391 0.944433
vt 0.370397 0.938319
vt 0.370397 0.925973
vt 0.345402 0.944433
vt 0.351633 0.929291
vt 0.357870 0.940114
vt 0.857543 0.182383
vt 0.856264 0.157175
vt 0.868487 0.178463
vt 0.922359 0.116470
vt 0.848642 0.083967
vt 0.868487 0.083968
vt 0.922359 0.121435
vt 0.911458 0.121152
vt 0.848642 0.103739
vt 0.868487 0.103739
vt 0.864984 0.280808
vt 0.868487 0.274291
vt 0.868487 0.283031
vt 0.848642 0.127606
vt 0.868487 0.127606
vt 0.858489 0.216054
vt 0.868487 0.216054
vt 0.858495 0.235674
vt 0.868281 0.235707
vt 0.848642 0.194635
vt 0.858032 0.196663
vt 0.848642 0.216054
vt 0.848642 0.185855
vt 0.868487 0.198139
vt 0.868487 0.183997
vt 0.868487 0.155403
vt 0.848642 0.309060
vt 0.848642 0.271714
vt 0.858178 0.247227
vt 0.868487 0.252220
vt 0.848642 0.235674
vt 0.848642 0.158316
vt 0.922359 0.152756
vt 0.858422 0.315257
vt 0.863522 0.311884
vt 0.848642 0.323306
vt 0.868487 0.312578
vt 0.925151 0.146900
vt 0.911458 0.138889
vt 0.925098 0.142291
vt 0.922783 0.138924
vt 0.848642 0.243201
vt 0.104174 0.239891
vt 0.100089 0.228166
vt 0.109641 0.238766
vt 0.104948 0.225492
vt 0.111475 0.213605
vt 0.121493 0.240708
vt 0.096273 0.211587
vt 0.094846 0.216608
vt 0.713038 0.810213
vt 0.751577 0.808256
vt 0.681222 0.818390
vt 0.291270 0.818561
vt 0.276805 0.818548
vt 0.309790 0.818573
vt 0.655226 0.818226
vt 0.240341 0.808256
vt 0.680833 0.847752
vt 0.655810 0.848316
vt 0.327464 0.838054
vt 0.339722 0.838054
vt 0.308675 0.838054
vt 0.637355 0.878977
vt 0.637333 0.855959
vt 0.651804 0.878709
vt 0.637378 0.902761
vt 0.656001 0.885355
vt 0.665667 0.902980
vt 0.655987 0.903237
vt 0.637396 0.920465
vt 0.654009 0.921583
vt 0.669567 0.923867
vt 0.674644 0.916730
vt 0.681993 0.934343
vt 0.684172 0.933015
vt 0.293241 0.962707
vt 0.290216 0.962034
vt 0.297116 0.944489
vt 0.293730 0.943030
vt 0.327471 0.863159
vt 0.306754 0.863159
vt 0.713038 0.819111
vt 0.704329 0.833138
vt 0.288891 0.838054
vt 0.339722 0.853259
vt 0.334026 0.863159
vt 0.327197 0.875527
vt 0.296637 0.927437
vt 0.298508 0.921875
vt 0.302090 0.929716
vt 0.305800 0.920973
vt 0.302660 0.896689
vt 0.317331 0.896171
vt 0.646261 0.818299
vt 0.650587 0.832332
vt 0.649807 0.826718
vt 0.673483 0.877891
vt 0.680198 0.877606
vt 0.685191 0.902487
vt 0.647699 0.837158
vt 0.646309 0.822966
vt 0.055761 0.284660
vt 0.058333 0.284660
vt 0.055761 0.305377
vt 0.058333 0.305401
vt 0.058333 0.325708
vt 0.058333 0.349809
vt 0.055761 0.325240
vt 0.055761 0.349809
vt 0.867712 0.418702
vt 0.858208 0.424534
vt 0.862900 0.416879
vt 0.876600 0.414419
vt 0.885993 0.397045
vt 0.880599 0.395470
vt 0.892797 0.382175
vt 0.888490 0.378863
vt 0.895769 0.357311
vt 0.899174 0.362561
vt 0.893125 0.362454
vt 0.901560 0.366413
vt 0.884088 0.376779
vt 0.875000 0.395037
vt 0.339731 0.859877
vt 0.328756 0.949732
vt 0.336185 0.949559
vt 0.327643 0.956591
vt 0.330076 0.932716
vt 0.328792 0.946246
vt 0.322915 0.908582
vt 0.345330 0.869894
vt 0.346970 0.908123
vt 0.370397 0.907976
vt 0.370397 0.869894
vt 0.349517 0.960737
vt 0.353027 0.970697
vt 0.340553 0.965323
vt 0.201012 0.269291
vt 0.210970 0.269552
vt 0.204506 0.276429
vt 0.199124 0.282285
vt 0.194670 0.276707
vt 0.189966 0.286248
vt 0.193271 0.288211
vt 0.184344 0.288997
vt 0.185840 0.295608
vt 0.207526 0.262362
vt 0.113814 0.258588
vt 0.119681 0.257256
vt 0.121992 0.265956
vt 0.123361 0.274810
vt 0.125203 0.280549
vt 0.115514 0.276201
vt 0.121651 0.283906
vt 0.107456 0.259895
vt 0.113814 0.265044
vt 0.104152 0.266256
vt 0.110038 0.271171
vt 0.107456 0.253439
vt 0.111565 0.282514
vt 0.118045 0.288301
vt 0.106125 0.276466
vt 0.121992 0.272412
vt 0.100591 0.271083
vt 0.177242 0.292716
vt 0.177943 0.299891
vt 0.168585 0.297093
vt 0.168824 0.304440
vt 0.155658 0.307070
vt 0.155722 0.298985
vt 0.035460 0.274433
vt 0.038825 0.273751
vt 0.035460 0.291732
vt 0.038825 0.291601
vt 0.035460 0.308170
vt 0.038825 0.309114
vt 0.038825 0.329835
vt 0.035460 0.329835
vt 0.957363 0.168263
vt 0.957371 0.149085
vt 0.966456 0.167733
vt 0.966456 0.149071
vt 0.957227 0.183597
vt 0.966456 0.184116
vt 0.956827 0.200682
vt 0.966456 0.200124
vt 0.035460 0.255663
vt 0.038825 0.254750
vt 0.038825 0.239949
vt 0.035460 0.239965
vt 0.113208 0.313050
vt 0.113208 0.320718
vt 0.110483 0.313050
vt 0.110483 0.321347
vt 0.956428 0.245728
vt 0.966456 0.241496
vt 0.966456 0.255105
vt 0.038825 0.211949
vt 0.038825 0.226892
vt 0.035460 0.211949
vt 0.035460 0.227163
vt 0.954859 0.257785
vt 0.947975 0.259228
vt 0.956322 0.232857
vt 0.966456 0.229737
vt 0.956074 0.218454
vt 0.966456 0.216447
vt 0.113208 0.334296
vt 0.110483 0.334296
vt 0.125707 0.295167
vt 0.127239 0.288568
vt 0.142539 0.304222
vt 0.133497 0.299534
vt 0.142891 0.296878
vt 0.134298 0.292366
vt 0.035460 0.385191
vt 0.038825 0.385940
vt 0.035460 0.403661
vt 0.038825 0.404810
vt 0.038825 0.368010
vt 0.035460 0.367880
vt 0.038825 0.350545
vt 0.035460 0.351468
vt 0.947975 0.149067
vt 0.947975 0.130342
vt 0.957363 0.130002
vt 0.957232 0.114854
vt 0.947975 0.115951
vt 0.038825 0.420816
vt 0.035460 0.419929
vt 0.095354 0.312393
vt 0.095354 0.324049
vt 0.092488 0.312393
vt 0.092488 0.324136
vt 0.956853 0.098039
vt 0.947975 0.097381
vt 0.947975 0.079506
vt 0.956076 0.080365
vt 0.038825 0.433349
vt 0.035460 0.433141
vt 0.956687 0.066508
vt 0.947975 0.065340
vt 0.947975 0.045185
vt 0.957703 0.046709
vt 0.947975 0.054790
vt 0.957436 0.056461
vt 0.966456 0.130509
vt 0.966456 0.114318
vt 0.966456 0.098435
vt 0.966456 0.082413
vt 0.966456 0.068882
vt 0.966456 0.057882
vt 0.966456 0.047266
vt 0.095354 0.333815
vt 0.092488 0.333815
vt 0.038825 0.445712
vt 0.035460 0.445712
vt 0.391276 0.960737
vt 0.387766 0.970697
vt 0.381287 0.957253
vt 0.379056 0.969849
vt 0.400240 0.965323
vt 0.408778 0.969435
vt 0.397949 0.972974
vt 0.406462 0.977420
vt 0.370397 0.955982
vt 0.370397 0.969638
vt 0.595873 0.981791
vt 0.581321 0.981547
vt 0.593752 0.969532
vt 0.580595 0.971769
vt 0.607882 0.970004
vt 0.608504 0.981617
vt 0.628050 0.968928
vt 0.628050 0.981656
vt 0.595876 0.987281
vt 0.608269 0.987281
vt 0.581281 0.987281
vt 0.396806 0.977832
vt 0.405520 0.981421
vt 0.385665 0.975723
vt 0.376822 0.974783
vt 0.370397 0.974314
vt 0.628050 0.987281
vt 0.413697 0.980882
vt 0.413953 0.985741
vt 0.414954 0.972905
vt 0.404609 0.949559
vt 0.359506 0.957253
vt 0.361737 0.969849
vt 0.342844 0.972974
vt 0.332016 0.969435
vt 0.334331 0.977420
vt 0.660227 0.981791
vt 0.662348 0.969532
vt 0.674779 0.981547
vt 0.675505 0.971769
vt 0.648219 0.970004
vt 0.647596 0.981617
vt 0.660224 0.987281
vt 0.647832 0.987281
vt 0.674819 0.987281
vt 0.343987 0.977832
vt 0.335273 0.981421
vt 0.363971 0.974783
vt 0.355128 0.975723
vt 0.326840 0.985741
vt 0.327096 0.980882
vt 0.325839 0.972905
vt 0.155606 0.478507
vt 0.151784 0.482617
vt 0.149071 0.481905
vt 0.147919 0.485048
vt 0.150687 0.485136
vt 0.147598 0.496234
vt 0.150745 0.496423
vt 0.152290 0.484982
vt 0.155176 0.495835
vt 0.155557 0.485007
vt 0.158946 0.485514
vt 0.159405 0.496894
vt 0.160255 0.485966
vt 0.159316 0.482267
vt 0.155603 0.480352
vt 0.155603 0.480352
vt 0.155606 0.478507
vt 0.162285 0.481191
vt 0.163026 0.485660
vt 0.162565 0.496988
vt 0.037694 0.480849
vt 0.041721 0.478699
vt 0.039576 0.485278
vt 0.042291 0.484319
vt 0.046143 0.481744
vt 0.044828 0.484978
vt 0.047623 0.484604
vt 0.036160 0.485359
vt 0.117470 0.486218
vt 0.117239 0.482892
vt 0.120019 0.485398
vt 0.123742 0.484403
vt 0.123083 0.495853
vt 0.122500 0.485366
vt 0.119974 0.495916
vt 0.116087 0.485882
vt 0.117010 0.496538
vt 0.120100 0.480283
vt 0.120100 0.480283
vt 0.122620 0.480894
vt 0.119611 0.478411
vt 0.124362 0.479737
vt 0.119611 0.478411
vt 0.115006 0.481219
vt 0.114007 0.485167
vt 0.113820 0.496435
vt 0.126009 0.483839
vt 0.125989 0.496197
vt 0.071562 0.483500
vt 0.074552 0.484006
vt 0.071586 0.496058
vt 0.074139 0.479381
vt 0.077366 0.477889
vt 0.077230 0.483961
vt 0.080760 0.480115
vt 0.079846 0.484051
vt 0.082172 0.484686
vt 0.022635 0.521652
vt 0.020792 0.523230
vt 0.020284 0.520156
vt 0.019479 0.530977
vt 0.019075 0.524152
vt 0.022037 0.530001
vt 0.182262 0.531987
vt 0.182789 0.524893
vt 0.185522 0.530416
vt 0.184692 0.523722
vt 0.179758 0.523150
vt 0.178800 0.532283
vt 0.174762 0.530292
vt 0.176434 0.524029
vt 0.175411 0.522258
vt 0.171310 0.529373
vt 0.180303 0.521419
vt 0.025666 0.521196
vt 0.026859 0.519640
vt 0.028767 0.527977
vt 0.025567 0.528919
vt 0.031627 0.526888
vt 0.102003 0.496083
vt 0.101935 0.498559
vt 0.100296 0.498690
vt 0.099720 0.495104
vt 0.097881 0.498072
vt 0.101131 0.507187
vt 0.098840 0.507295
vt 0.108394 0.506501
vt 0.109011 0.497890
vt 0.111035 0.506084
vt 0.111044 0.497050
vt 0.107983 0.494316
vt 0.110319 0.493766
vt 0.086204 0.496944
vt 0.088429 0.493416
vt 0.089554 0.495892
vt 0.091919 0.496536
vt 0.091355 0.491326
vt 0.096035 0.495057
vt 0.094424 0.496830
vt 0.105061 0.493808
vt 0.105871 0.491600
vt 0.105871 0.491600
vt 0.104855 0.506607
vt 0.104717 0.498121
vt 0.107509 0.498087
vt 0.406520 0.863158
vt 0.399395 0.847563
vt 0.413437 0.862875
vt 0.193422 0.214581
vt 0.208157 0.225107
vt 0.199198 0.239733
vt 0.207234 0.239264
vt 0.187689 0.275396
vt 0.188989 0.272870
vt 0.191063 0.257604
vt 0.205865 0.251054
vt 0.196038 0.266675
vt 0.186198 0.281188
vt 0.209219 0.216263
vt 0.208447 0.211086
vt 0.947975 0.167888
vt 0.947975 0.182478
vt 0.947975 0.201419
vt 0.900566 0.116450
vt 0.464594 0.818548
vt 0.451108 0.818560
vt 0.796760 0.083968
vt 0.816605 0.083967
vt 0.619366 0.818260
vt 0.593371 0.818475
vt 0.593816 0.847836
vt 0.618840 0.848351
vt 0.900557 0.121415
vt 0.413354 0.838054
vt 0.816605 0.103739
vt 0.796760 0.103739
vt 0.452508 0.838054
vt 0.594343 0.876078
vt 0.601864 0.876247
vt 0.800263 0.280808
vt 0.796760 0.283031
vt 0.796760 0.274291
vt 0.591116 0.897811
vt 0.808983 0.157175
vt 0.796760 0.127606
vt 0.816605 0.127606
vt 0.620245 0.903252
vt 0.621080 0.921069
vt 0.806758 0.216054
vt 0.806752 0.235674
vt 0.796760 0.216054
vt 0.796760 0.235674
vt 0.816605 0.194635
vt 0.816605 0.216054
vt 0.807216 0.196663
vt 0.446962 0.942781
vt 0.451472 0.961785
vt 0.444568 0.943675
vt 0.448470 0.962464
vt 0.816605 0.185855
vt 0.807704 0.182383
vt 0.428706 0.917880
vt 0.443329 0.920870
vt 0.438404 0.929225
vt 0.444213 0.927168
vt 0.796760 0.183997
vt 0.796760 0.198139
vt 0.934740 0.386405
vt 0.923570 0.388928
vt 0.930270 0.369949
vt 0.918791 0.372810
vt 0.947975 0.220175
vt 0.947975 0.234560
vt 0.929292 0.402083
vt 0.941757 0.406522
vt 0.419844 0.895524
vt 0.439362 0.895842
vt 0.926750 0.357390
vt 0.947975 0.247112
vt 0.412578 0.877450
vt 0.796760 0.178463
vt 0.796760 0.155403
vt 0.436146 0.863187
vt 0.501058 0.808256
vt 0.561539 0.810359
vt 0.522997 0.808476
vt 0.561557 0.819257
vt 0.433951 0.838054
vt 0.432307 0.818553
vt 0.623787 0.879066
vt 0.619963 0.885713
vt 0.610702 0.903156
vt 0.603228 0.916271
vt 0.608586 0.923608
vt 0.592322 0.930287
vt 0.594412 0.931903
vt 0.816605 0.271714
vt 0.816605 0.309060
vt 0.807069 0.247227
vt 0.796760 0.252220
vt 0.816605 0.235674
vt 0.816605 0.158316
vt 0.900529 0.152734
vt 0.624671 0.826744
vt 0.628293 0.822983
vt 0.806825 0.315257
vt 0.801725 0.311884
vt 0.816605 0.323306
vt 0.623694 0.832351
vt 0.626507 0.837111
vt 0.628331 0.818316
vt 0.796760 0.312578
vt 0.898564 0.146873
vt 0.898194 0.142264
vt 0.900851 0.138904
vt 0.816605 0.243201
vt 0.410717 0.932716
vt 0.393823 0.908123
vt 0.395463 0.869894
vt 0.413150 0.956591
vt 0.412321 0.949738
vt 0.412192 0.946161
vt 0.196038 0.260219
vt 0.188989 0.266415
vt 0.205865 0.257509
vt 0.174207 0.535160
vt 0.181742 0.536778
vt 0.185695 0.535539
vt 0.019153 0.536234
vt 0.022621 0.535613
vt 0.178104 0.536834
vt 0.170117 0.534970
vt 0.032773 0.532456
vt 0.030317 0.533790
vt 0.026906 0.534721
vt 0.181359 0.540546
vt 0.185634 0.539449
vt 0.024375 0.543794
vt 0.019463 0.540321
vt 0.177902 0.540281
vt 0.173883 0.539183
vt 0.170007 0.538687
vt 0.033153 0.536271
vt 0.031508 0.541241
vt 0.028618 0.542745
vt 0.647437 0.427175
vt 0.672570 0.427183
vt 0.647437 0.412420
vt 0.672570 0.413249
vt 0.723723 0.352590
vt 0.723456 0.393298
vt 0.696080 0.352590
vt 0.696054 0.393922
vt 0.755903 0.352590
vt 0.755825 0.389403
vt 0.787927 0.352590
vt 0.787923 0.395621
vt 0.244928 0.352590
vt 0.244928 0.390586
vt 0.215533 0.352590
vt 0.215540 0.393607
vt 0.270797 0.390854
vt 0.270469 0.352590
vt 0.672084 0.352590
vt 0.672483 0.391293
vt 0.297136 0.390854
vt 0.297192 0.352590
vt 0.317745 0.352590
vt 0.335963 0.352590
vt 0.317745 0.376801
vt 0.335964 0.383838
vt 0.672570 0.399730
vt 0.647437 0.395121
vt 0.647439 0.383873
vt 0.723413 0.426878
vt 0.723413 0.416714
vt 0.755805 0.419672
vt 0.723413 0.399772
vt 0.723413 0.410979
vt 0.696050 0.400505
vt 0.696050 0.411337
vt 0.696050 0.426818
vt 0.296960 0.411141
vt 0.270983 0.411141
vt 0.335965 0.401693
vt 0.317745 0.399800
vt 0.335965 0.395073
vt 0.317745 0.391085
vt 0.244928 0.412015
vt 0.215540 0.403590
vt 0.215540 0.415245
vt 0.755805 0.427707
vt 0.271102 0.429740
vt 0.296897 0.429740
vt 0.244928 0.429427
vt 0.215540 0.427878
vt 0.787923 0.428341
vt 0.335965 0.427790
vt 0.317745 0.429410
vt 0.787923 0.416940
vt 0.787923 0.405634
vt 0.317745 0.412250
vt 0.335965 0.411852
vt 0.672570 0.408416
vt 0.647437 0.401946
vt 0.696050 0.416951
vt 0.755805 0.403297
vt 0.755805 0.411845
vt 0.647443 0.352590
vt 0.337989 0.340697
vt 0.314615 0.336652
vt 0.333420 0.290532
vt 0.314946 0.290532
vt 0.267825 0.336968
vt 0.269841 0.290532
vt 0.289192 0.290532
vt 0.756827 0.340178
vt 0.726344 0.343870
vt 0.756836 0.290532
vt 0.727260 0.290532
vt 0.700621 0.343870
vt 0.674958 0.343870
vt 0.700701 0.290532
vt 0.667420 0.290532
vt 0.314963 0.247460
vt 0.334444 0.247460
vt 0.291061 0.247460
vt 0.269839 0.247460
vt 0.757620 0.247460
vt 0.728424 0.247460
vt 0.666550 0.247460
vt 0.700690 0.247460
vt 0.241521 0.340178
vt 0.241530 0.290532
vt 0.242314 0.247460
vt 0.270219 0.200585
vt 0.240951 0.200580
vt 0.293082 0.200583
vt 0.317597 0.200582
vt 0.342297 0.200591
vt 0.703840 0.200580
vt 0.670124 0.200576
vt 0.756258 0.200580
vt 0.729252 0.200585
vt 0.636164 0.340643
vt 0.637399 0.290532
vt 0.637328 0.247460
vt 0.637396 0.200557
vt 0.297027 0.334794
vt 0.353850 0.341108
vt 0.349925 0.290532
vt 0.346640 0.247460
vt 0.150038 0.338202
vt 0.147935 0.342793
vt 0.138967 0.334262
vt 0.137474 0.347118
vt 0.151362 0.347230
vt 0.145184 0.358187
vt 0.158383 0.350835
vt 0.158516 0.362476
vt 0.164807 0.349825
vt 0.171297 0.358123
vt 0.170213 0.343380
vt 0.178577 0.346623
vt 0.147585 0.325509
vt 0.168848 0.338819
vt 0.176382 0.332593
vt 0.159389 0.322598
vt 0.168824 0.325427
vt 0.159330 0.333684
vt 0.163716 0.334735
vt 0.098894 0.509953
vt 0.095282 0.512497
vt 0.095189 0.507942
vt 0.089725 0.507382
vt 0.086134 0.506012
vt 0.092423 0.507683
vt 0.101561 0.510266
vt 0.101925 0.519970
vt 0.098824 0.519722
vt 0.105049 0.509410
vt 0.105102 0.519413
vt 0.108338 0.509377
vt 0.108303 0.519270
vt 0.111167 0.508803
vt 0.111574 0.518334
vt 0.085975 0.508624
vt 0.089543 0.511792
vt 0.085997 0.518370
vt 0.092403 0.512260
vt 0.071323 0.498828
vt 0.074598 0.496665
vt 0.079730 0.496647
vt 0.077072 0.496715
vt 0.082539 0.496383
vt 0.120101 0.511664
vt 0.120114 0.499171
vt 0.123646 0.511661
vt 0.123201 0.499200
vt 0.116492 0.511864
vt 0.116919 0.499401
vt 0.113731 0.499087
vt 0.113194 0.512167
vt 0.126083 0.498975
vt 0.126812 0.511192
vt 0.083303 0.511993
vt 0.079748 0.501580
vt 0.082815 0.499025
vt 0.074501 0.501568
vt 0.071139 0.511111
vt 0.077107 0.501429
vt 0.105273 0.522694
vt 0.102069 0.534838
vt 0.101912 0.522967
vt 0.105924 0.534059
vt 0.096968 0.534269
vt 0.098786 0.522286
vt 0.108548 0.522199
vt 0.109311 0.533612
vt 0.111596 0.520950
vt 0.091425 0.523053
vt 0.094329 0.523494
vt 0.089642 0.533254
vt 0.092767 0.533877
vt 0.091964 0.519447
vt 0.094797 0.519855
vt 0.088997 0.522561
vt 0.085850 0.520825
vt 0.089408 0.519194
vt 0.086787 0.532471
vt 0.074546 0.512035
vt 0.076987 0.516311
vt 0.074258 0.516186
vt 0.117275 0.530331
vt 0.116621 0.515230
vt 0.120657 0.529890
vt 0.120229 0.515322
vt 0.124125 0.530187
vt 0.123694 0.515066
vt 0.113122 0.514913
vt 0.113762 0.528086
vt 0.126993 0.514283
vt 0.083705 0.514921
vt 0.083479 0.528064
vt 0.080043 0.516602
vt 0.080040 0.527810
vt 0.073526 0.526323
vt 0.076674 0.526502
vt 0.079930 0.512349
vt 0.077084 0.512107
vt 0.070986 0.514171
vt 0.070836 0.526668
vt 0.126876 0.526404
vt 0.096573 0.543382
vt 0.102193 0.543010
vt 0.113680 0.531162
vt 0.085317 0.531661
vt 0.158060 0.550005
vt 0.165949 0.548447
vt 0.163129 0.553968
vt 0.094326 0.551282
vt 0.103120 0.550924
vt 0.095118 0.563807
vt 0.104502 0.562960
vt 0.095310 0.575616
vt 0.106489 0.574167
vt 0.080931 0.533953
vt 0.085106 0.532380
vt 0.075895 0.532163
vt 0.070783 0.529063
vt 0.070883 0.531815
vt 0.127952 0.529667
vt 0.126348 0.537411
vt 0.113159 0.531496
vt 0.114453 0.538712
vt 0.120908 0.540254
vt 0.126685 0.546225
vt 0.111667 0.548384
vt 0.112198 0.540351
vt 0.107093 0.543393
vt 0.112423 0.532732
vt 0.084069 0.536209
vt 0.084069 0.536209
vt 0.085106 0.532380
vt 0.084922 0.532418
vt 0.092563 0.540803
vt 0.112423 0.532732
vt 0.084922 0.532418
vt 0.088861 0.537441
vt 0.073982 0.537492
vt 0.088619 0.542044
vt 0.077569 0.546614
vt 0.088090 0.549837
vt 0.048511 0.548474
vt 0.127967 0.573708
vt 0.130781 0.560828
vt 0.145539 0.575243
vt 0.146819 0.562659
vt 0.111325 0.561201
vt 0.149111 0.546127
vt 0.154111 0.547829
vt 0.141397 0.547097
vt 0.171521 0.552270
vt 0.175410 0.556013
vt 0.179586 0.557305
vt 0.184548 0.556500
vt 0.028653 0.556002
vt 0.032798 0.553886
vt 0.024460 0.557129
vt 0.035172 0.549926
vt 0.085952 0.577272
vt 0.074352 0.577601
vt 0.087583 0.561878
vt 0.076839 0.559055
vt 0.036296 0.546493
vt 0.040398 0.546576
vt 0.035985 0.547870
vt 0.043768 0.552658
vt 0.036501 0.546846
vt 0.169689 0.548450
vt 0.167590 0.555725
vt 0.168658 0.548911
vt 0.843759 0.542914
vt 0.841912 0.550005
vt 0.845862 0.547829
vt 0.963677 0.546493
vt 0.959575 0.546576
vt 0.964354 0.540354
vt 0.958668 0.537671
vt 0.944812 0.528082
vt 0.947920 0.532095
vt 0.953143 0.533689
vt 0.836844 0.553968
vt 0.834023 0.548447
vt 0.837276 0.540409
vt 0.855654 0.529060
vt 0.854681 0.539341
vt 0.849695 0.542222
vt 0.893484 0.574167
vt 0.895470 0.562960
vt 0.904662 0.575616
vt 0.904854 0.563807
vt 0.858575 0.547097
vt 0.850861 0.546127
vt 0.952703 0.538011
vt 0.951461 0.548474
vt 0.872005 0.573708
vt 0.854434 0.575243
vt 0.869191 0.560828
vt 0.853154 0.562659
vt 0.888647 0.561201
vt 0.873287 0.546225
vt 0.888306 0.548384
vt 0.896853 0.550924
vt 0.905646 0.551282
vt 0.923133 0.559055
vt 0.925620 0.577601
vt 0.912390 0.561878
vt 0.914020 0.577272
vt 0.911882 0.549837
vt 0.922404 0.546614
vt 0.033824 0.562032
vt 0.037506 0.559074
vt 0.042284 0.569094
vt 0.162992 0.582152
vt 0.152011 0.577525
vt 0.166963 0.571824
vt 0.157538 0.567195
vt 0.170226 0.559164
vt 0.173310 0.561800
vt 0.173516 0.574484
vt 0.177862 0.563982
vt 0.171180 0.582262
vt 0.183564 0.564036
vt 0.180348 0.573793
vt 0.033250 0.572139
vt 0.029039 0.564087
vt 0.047598 0.573701
vt 0.040898 0.580305
vt 0.046458 0.560785
vt 0.038388 0.554627
vt 0.052815 0.563700
vt 0.058489 0.563413
vt 0.052917 0.577914
vt 0.038446 0.551362
vt 0.035985 0.547870
vt 0.038446 0.551362
vt 0.036501 0.546846
vt 0.180001 0.580024
vt 0.867704 0.477579
vt 0.870004 0.477041
vt 0.868866 0.481229
vt 0.859599 0.492252
vt 0.856827 0.492097
vt 0.859586 0.480893
vt 0.857326 0.480433
vt 0.858453 0.476438
vt 0.860779 0.476271
vt 0.871241 0.480732
vt 0.868498 0.491889
vt 0.871606 0.492759
vt 0.864041 0.491271
vt 0.864109 0.480188
vt 0.867609 0.480684
vt 0.860987 0.480304
vt 0.863897 0.475007
vt 0.934476 0.476782
vt 0.935680 0.479727
vt 0.932905 0.480323
vt 0.941798 0.479717
vt 0.938656 0.479497
vt 0.942251 0.475732
vt 0.938580 0.473916
vt 0.934476 0.476782
vt 0.944945 0.480026
vt 0.863897 0.475007
vt 0.863845 0.473730
vt 0.863845 0.473730
vt 0.943688 0.531533
vt 0.858279 0.538083
vt 0.864790 0.539683
vt 0.870715 0.536923
vt 0.932224 0.525066
vt 0.934996 0.525070
vt 0.929268 0.528671
vt 0.933151 0.531248
vt 0.938330 0.531005
vt 0.938718 0.524734
vt 0.942367 0.525434
vt 0.944660 0.528011
vt 0.945742 0.525494
vt 0.856405 0.525293
vt 0.860247 0.527378
vt 0.855869 0.529082
vt 0.870634 0.525151
vt 0.871980 0.529564
vt 0.867428 0.527291
vt 0.863895 0.526886
vt 0.944660 0.528011
vt 0.944812 0.528082
vt 0.943688 0.531533
vt 0.944812 0.528082
vt 0.937730 0.535890
vt 0.935782 0.513010
vt 0.942149 0.497214
vt 0.942098 0.492121
vt 0.945716 0.494907
vt 0.945651 0.491827
vt 0.939039 0.491834
vt 0.935930 0.492188
vt 0.932646 0.491749
vt 0.863843 0.507918
vt 0.859987 0.508479
vt 0.863884 0.494980
vt 0.859807 0.495365
vt 0.860068 0.512350
vt 0.856456 0.511757
vt 0.856529 0.508636
vt 0.856765 0.495022
vt 0.863880 0.512162
vt 0.867684 0.512361
vt 0.871171 0.511211
vt 0.871553 0.494566
vt 0.868184 0.495219
vt 0.871229 0.508847
vt 0.867791 0.508189
vt 0.942114 0.513120
vt 0.939079 0.512832
vt 0.946077 0.511531
vt 0.931846 0.511234
vt 0.932149 0.507987
vt 0.935908 0.507933
vt 0.942087 0.508372
vt 0.939092 0.507829
vt 0.946072 0.508665
vt 0.939087 0.496809
vt 0.935976 0.497073
vt 0.932499 0.494609
vt 0.929090 0.531815
vt 0.873625 0.537411
vt 0.916494 0.528064
vt 0.919932 0.527810
vt 0.914866 0.532380
vt 0.919041 0.533953
vt 0.924077 0.532163
vt 0.923298 0.526502
vt 0.926446 0.526323
vt 0.929189 0.529063
vt 0.929137 0.526668
vt 0.873096 0.526404
vt 0.875848 0.530187
vt 0.872020 0.529667
vt 0.886211 0.528086
vt 0.886814 0.531496
vt 0.882697 0.530331
vt 0.885519 0.538712
vt 0.879064 0.540254
vt 0.879315 0.529890
vt 0.871980 0.529564
vt 0.872020 0.529667
vt 0.870715 0.536923
vt 0.872020 0.529667
vt 0.929268 0.528671
vt 0.929090 0.531815
vt 0.929189 0.529063
vt 0.925990 0.537492
vt 0.066822 0.531248
vt 0.070704 0.528671
vt 0.129258 0.536923
vt 0.141693 0.538083
vt 0.135182 0.539683
vt 0.064977 0.525070
vt 0.067748 0.525066
vt 0.061642 0.531005
vt 0.061254 0.524734
vt 0.054231 0.525494
vt 0.057605 0.525434
vt 0.055312 0.528011
vt 0.056284 0.531533
vt 0.143567 0.525293
vt 0.144103 0.529082
vt 0.139726 0.527378
vt 0.129338 0.525151
vt 0.132544 0.527291
vt 0.127992 0.529564
vt 0.136078 0.526886
vt 0.127992 0.529564
vt 0.129258 0.536923
vt 0.127952 0.529667
vt 0.127952 0.529667
vt 0.070883 0.531815
vt 0.070704 0.528671
vt 0.070783 0.529063
vt 0.062242 0.535890
vt 0.064191 0.513010
vt 0.925714 0.516186
vt 0.922986 0.516311
vt 0.925427 0.512035
vt 0.883351 0.515230
vt 0.879744 0.515322
vt 0.876278 0.515066
vt 0.886851 0.514913
vt 0.876326 0.511661
vt 0.879871 0.511664
vt 0.883481 0.511864
vt 0.886779 0.512167
vt 0.872979 0.514283
vt 0.873161 0.511192
vt 0.919929 0.516602
vt 0.916267 0.514921
vt 0.916669 0.511993
vt 0.920042 0.512349
vt 0.928986 0.514171
vt 0.928833 0.511111
vt 0.922888 0.512107
vt 0.060880 0.507829
vt 0.064064 0.507933
vt 0.060893 0.512832
vt 0.139904 0.512350
vt 0.139986 0.508479
vt 0.143516 0.511757
vt 0.143443 0.508636
vt 0.136092 0.512162
vt 0.132288 0.512361
vt 0.128801 0.511211
vt 0.132182 0.508189
vt 0.128744 0.508847
vt 0.057859 0.513120
vt 0.053895 0.511531
vt 0.068126 0.511234
vt 0.067824 0.507987
vt 0.057885 0.508372
vt 0.053901 0.508665
vt 0.136130 0.507918
vt 0.055160 0.528082
vt 0.049348 0.526405
vt 0.051977 0.526085
vt 0.156213 0.542914
vt 0.035618 0.540354
vt 0.041305 0.537671
vt 0.052053 0.532095
vt 0.046830 0.533689
vt 0.045413 0.526375
vt 0.041443 0.527922
vt 0.036200 0.528864
vt 0.162696 0.540409
vt 0.161685 0.528726
vt 0.157104 0.530660
vt 0.146289 0.526065
vt 0.149332 0.529841
vt 0.144318 0.529060
vt 0.145291 0.539341
vt 0.153188 0.529365
vt 0.150277 0.542222
vt 0.055312 0.528011
vt 0.056284 0.531533
vt 0.055160 0.528082
vt 0.055160 0.528082
vt 0.047270 0.538011
vt 0.132268 0.477579
vt 0.136128 0.473730
vt 0.136075 0.475007
vt 0.140373 0.492252
vt 0.140387 0.480893
vt 0.143145 0.492097
vt 0.142647 0.480433
vt 0.139193 0.476271
vt 0.141519 0.476438
vt 0.131106 0.481229
vt 0.129968 0.477041
vt 0.128732 0.480732
vt 0.131475 0.491889
vt 0.128367 0.492759
vt 0.135932 0.491271
vt 0.132363 0.480684
vt 0.135864 0.480188
vt 0.138985 0.480304
vt 0.136075 0.475007
vt 0.058175 0.479717
vt 0.057874 0.492121
vt 0.055028 0.480026
vt 0.054321 0.491827
vt 0.060934 0.491834
vt 0.061316 0.479497
vt 0.064293 0.479727
vt 0.064042 0.492188
vt 0.067067 0.480323
vt 0.067326 0.491749
vt 0.065497 0.476782
vt 0.061392 0.473916
vt 0.057721 0.475732
vt 0.065497 0.476782
vt 0.136128 0.473730
vt 0.136088 0.494980
vt 0.140165 0.495365
vt 0.143207 0.495022
vt 0.131788 0.495219
vt 0.128419 0.494566
vt 0.054256 0.494907
vt 0.057824 0.497214
vt 0.060885 0.496809
vt 0.063997 0.497073
vt 0.067473 0.494609
vt 0.876772 0.499200
vt 0.873889 0.498975
vt 0.879998 0.495916
vt 0.876890 0.495853
vt 0.877472 0.485366
vt 0.876230 0.484403
vt 0.879953 0.485398
vt 0.882502 0.486218
vt 0.882963 0.496538
vt 0.883885 0.485882
vt 0.879872 0.480283
vt 0.882733 0.482892
vt 0.877353 0.480894
vt 0.879872 0.480283
vt 0.875610 0.479737
vt 0.880362 0.478411
vt 0.880362 0.478411
vt 0.884966 0.481219
vt 0.885965 0.485167
vt 0.886152 0.496435
vt 0.873984 0.496197
vt 0.873963 0.483839
vt 0.928410 0.483500
vt 0.928386 0.496058
vt 0.925420 0.484006
vt 0.925374 0.496665
vt 0.925834 0.479381
vt 0.922607 0.477889
vt 0.922742 0.483961
vt 0.919212 0.480115
vt 0.920126 0.484051
vt 0.922900 0.496715
vt 0.920243 0.496647
vt 0.917800 0.484686
vt 0.917433 0.496383
vt 0.879858 0.499171
vt 0.883053 0.499401
vt 0.886242 0.499087
vt 0.917158 0.499025
vt 0.920224 0.501580
vt 0.922865 0.501429
vt 0.925471 0.501568
vt 0.928650 0.498828
vt 0.903004 0.534269
vt 0.907410 0.540803
vt 0.903399 0.543382
vt 0.897779 0.543010
vt 0.887775 0.540351
vt 0.892880 0.543393
vt 0.887549 0.532732
vt 0.915903 0.536209
vt 0.914866 0.532380
vt 0.915903 0.536209
vt 0.915050 0.532418
vt 0.907206 0.533877
vt 0.886293 0.531162
vt 0.890661 0.533612
vt 0.887549 0.532732
vt 0.897903 0.534838
vt 0.913186 0.532471
vt 0.915050 0.532418
vt 0.914656 0.531661
vt 0.894049 0.534059
vt 0.911111 0.537441
vt 0.910330 0.533254
vt 0.911354 0.542044
vt 0.262746 0.863165
vt 0.264840 0.834526
vt 0.276783 0.838054
vt 0.255132 0.863099
vt 0.240341 0.825276
vt 0.240341 0.818531
vt 0.269891 0.827278
vt 0.713128 0.829364
vt 0.256532 0.895468
vt 0.270725 0.896474
vt 0.275624 0.863166
vt 0.263093 0.929303
vt 0.249498 0.925052
vt 0.699543 0.902192
vt 0.714662 0.898990
vt 0.707162 0.920005
vt 0.718207 0.915850
vt 0.698240 0.877057
vt 0.711405 0.874707
vt 0.699304 0.848059
vt 0.712287 0.846143
vt 0.256481 0.954255
vt 0.242395 0.950765
vt 0.697120 0.925475
vt 0.688300 0.908633
vt 0.275856 0.935117
vt 0.271601 0.957798
vt 0.277581 0.925649
vt 0.282091 0.896556
vt 0.286714 0.863157
vt 0.751577 0.818531
vt 0.751577 0.824721
vt 0.048135 0.904321
vt 0.023149 0.888901
vt 0.048239 0.889521
vt 0.245046 0.893151
vt 0.235361 0.920842
vt 0.727874 0.894690
vt 0.730808 0.910888
vt 0.718995 0.871402
vt 0.226832 0.946476
vt 0.110339 0.927749
vt 0.095966 0.924656
vt 0.111061 0.909749
vt 0.096374 0.908114
vt 0.076836 0.920449
vt 0.077034 0.906285
vt 0.147853 0.928741
vt 0.128807 0.928648
vt 0.147900 0.912323
vt 0.129309 0.910595
vt 0.194862 0.923142
vt 0.217286 0.913760
vt 0.217286 0.922005
vt 0.169391 0.927993
vt 0.169002 0.913332
vt 0.168656 0.894025
vt 0.148193 0.893093
vt 0.169161 0.855007
vt 0.145648 0.855007
vt 0.129472 0.855007
vt 0.129516 0.891622
vt 0.096886 0.855007
vt 0.111296 0.855007
vt 0.096703 0.889901
vt 0.111418 0.890807
vt 0.076727 0.889338
vt 0.077263 0.855007
vt 0.058043 0.889721
vt 0.048486 0.855007
vt 0.194719 0.893844
vt 0.194794 0.855007
vt 0.217286 0.889862
vt 0.217286 0.855007
vt 0.109242 0.946042
vt 0.094641 0.942661
vt 0.128554 0.947842
vt 0.148784 0.946375
vt 0.170481 0.941956
vt 0.075968 0.935709
vt 0.058556 0.904913
vt 0.048253 0.915483
vt 0.058477 0.917006
vt 0.194983 0.910566
vt 0.217286 0.905503
vt 0.128585 0.963979
vt 0.150897 0.959737
vt 0.092102 0.957408
vt 0.074047 0.947574
vt 0.107772 0.961788
vt 0.057812 0.928558
vt 0.056201 0.936948
vt 0.194296 0.934505
vt 0.023149 0.855007
vt 0.023149 0.904001
vt 0.023149 0.919418
vt 0.023149 0.911759
vt 0.048609 0.923909
vt 0.174015 0.950605
vt 0.194794 0.810575
vt 0.169514 0.823207
vt 0.169605 0.810575
vt 0.096774 0.823207
vt 0.096681 0.810575
vt 0.111291 0.823207
vt 0.111295 0.810575
vt 0.023156 0.823207
vt 0.023159 0.810575
vt 0.048484 0.823207
vt 0.048484 0.810575
vt 0.217285 0.810575
vt 0.194794 0.823207
vt 0.217285 0.823207
vt 0.077015 0.810575
vt 0.077026 0.823207
vt 0.145888 0.810575
vt 0.145847 0.823207
vt 0.129459 0.810575
vt 0.129459 0.823207
vt 0.150506 0.514801
vt 0.045856 0.496204
vt 0.042868 0.495838
vt 0.039947 0.496778
vt 0.049224 0.495679
vt 0.036421 0.496913
vt 0.047780 0.515382
vt 0.044269 0.515614
vt 0.041012 0.516099
vt 0.043881 0.510193
vt 0.040693 0.510704
vt 0.047136 0.510002
vt 0.043121 0.501594
vt 0.039990 0.502171
vt 0.046197 0.501361
vt 0.049696 0.498775
vt 0.050701 0.509172
vt 0.051189 0.512030
vt 0.154982 0.500071
vt 0.159242 0.500606
vt 0.154575 0.511214
vt 0.158640 0.511773
vt 0.158559 0.515300
vt 0.154394 0.515306
vt 0.150609 0.511376
vt 0.146811 0.513149
vt 0.147070 0.509918
vt 0.147582 0.498846
vt 0.150625 0.499748
vt 0.162325 0.514452
vt 0.162329 0.510846
vt 0.162463 0.499985
vt 0.036359 0.499710
vt 0.036538 0.510925
vt 0.036440 0.514154
vt 0.096647 0.797114
vt 0.096638 0.771105
vt 0.111292 0.797114
vt 0.880283 0.645666
vt 0.863581 0.645666
vt 0.879973 0.635404
vt 0.863406 0.635404
vt 0.851938 0.645667
vt 0.851728 0.635404
vt 0.911841 0.672923
vt 0.898053 0.672923
vt 0.911279 0.645667
vt 0.898657 0.645666
vt 0.898067 0.635404
vt 0.935561 0.635404
vt 0.935561 0.645668
vt 0.921717 0.635404
vt 0.922155 0.645668
vt 0.842604 0.635404
vt 0.842145 0.645668
vt 0.826000 0.635402
vt 0.826000 0.645668
vt 0.911150 0.635404
vt 0.048484 0.797114
vt 0.023162 0.797114
vt 0.023167 0.771057
vt 0.048484 0.771029
vt 0.076987 0.797114
vt 0.076937 0.771064
vt 0.111278 0.771119
vt 0.145883 0.797114
vt 0.129459 0.797114
vt 0.145898 0.771117
vt 0.129459 0.771143
vt 0.217284 0.797114
vt 0.194794 0.797114
vt 0.169611 0.797114
vt 0.169728 0.771049
vt 0.217283 0.771055
vt 0.194794 0.771001
vt 0.217281 0.732647
vt 0.194794 0.732619
vt 0.023192 0.732647
vt 0.048488 0.732613
vt 0.076815 0.732603
vt 0.096386 0.732599
vt 0.111258 0.732595
vt 0.145907 0.732598
vt 0.129459 0.732597
vt 0.169849 0.732604
vt 0.193334 0.393996
vt 0.191569 0.389128
vt 0.201375 0.391446
vt 0.193076 0.382682
vt 0.180696 0.384757
vt 0.185391 0.390552
vt 0.179286 0.399602
vt 0.171992 0.397515
vt 0.171876 0.407592
vt 0.179236 0.405923
vt 0.182303 0.410955
vt 0.178523 0.416871
vt 0.188348 0.411205
vt 0.190927 0.418457
vt 0.192982 0.403107
vt 0.201375 0.407344
vt 0.096025 0.719366
vt 0.096059 0.703931
vt 0.111236 0.719367
vt 0.111276 0.703931
vt 0.076737 0.703931
vt 0.076691 0.719366
vt 0.048485 0.703931
vt 0.048490 0.719366
vt 0.023233 0.703883
vt 0.023212 0.719353
vt 0.194794 0.719366
vt 0.194794 0.703931
vt 0.217278 0.719353
vt 0.217276 0.703931
vt 0.169970 0.719366
vt 0.169908 0.703931
vt 0.145966 0.719368
vt 0.146072 0.703931
vt 0.129454 0.703931
vt 0.129458 0.719366
vt 0.923156 0.672923
vt 0.935561 0.672923
vt 0.840765 0.672923
vt 0.826000 0.672947
vt 0.852256 0.672923
vt 0.864948 0.672923
vt 0.876415 0.672923
vt 0.887085 0.672923
vt 0.107894 0.590499
vt 0.127796 0.591924
vt 0.108531 0.603720
vt 0.129671 0.603714
vt 0.094661 0.591898
vt 0.094980 0.603720
vt 0.148983 0.592171
vt 0.164437 0.593613
vt 0.148673 0.603708
vt 0.165445 0.603723
vt 0.203152 0.593629
vt 0.203153 0.603704
vt 0.178974 0.593983
vt 0.180358 0.603721
vt 0.081393 0.592617
vt 0.082448 0.603719
vt 0.059587 0.593589
vt 0.059556 0.603722
vt 0.126832 0.582473
vt 0.106924 0.582691
vt 0.147420 0.584024
vt 0.162763 0.586854
vt 0.094603 0.583103
vt 0.172797 0.587219
vt 0.181523 0.584797
vt 0.081733 0.585152
vt 0.062374 0.586124
vt 0.047970 0.583690
vt 0.203151 0.586611
vt 0.979688 0.520156
vt 0.977337 0.521652
vt 0.973114 0.519640
vt 0.980493 0.530977
vt 0.977935 0.530001
vt 0.980897 0.524152
vt 0.979180 0.523230
vt 0.817710 0.531987
vt 0.814450 0.530416
vt 0.817183 0.524893
vt 0.815280 0.523722
vt 0.821172 0.532283
vt 0.820214 0.523150
vt 0.825210 0.530292
vt 0.823539 0.524029
vt 0.828663 0.529373
vt 0.824561 0.522258
vt 0.819669 0.521419
vt 0.974306 0.521196
vt 0.974406 0.528919
vt 0.971205 0.527977
vt 0.968345 0.526888
vt 0.941483 0.563413
vt 0.947056 0.577914
vt 0.947157 0.563700
vt 0.959075 0.580305
vt 0.952374 0.573701
vt 0.842434 0.567195
vt 0.832382 0.555725
vt 0.814277 0.535539
vt 0.818230 0.536778
vt 0.980820 0.536234
vt 0.977351 0.535613
vt 0.821868 0.536834
vt 0.825765 0.535160
vt 0.829855 0.534970
vt 0.967199 0.532456
vt 0.969655 0.533790
vt 0.973067 0.534721
vt 0.836980 0.582152
vt 0.833010 0.571824
vt 0.847962 0.577525
vt 0.826662 0.561800
vt 0.829746 0.559164
vt 0.824562 0.556013
vt 0.828451 0.552270
vt 0.822070 0.540281
vt 0.826090 0.539183
vt 0.822110 0.563982
vt 0.826456 0.574484
vt 0.820386 0.557305
vt 0.818613 0.540546
vt 0.828792 0.582262
vt 0.816408 0.564036
vt 0.819624 0.573793
vt 0.815424 0.556500
vt 0.814338 0.539449
vt 0.966723 0.572139
vt 0.957688 0.569094
vt 0.970933 0.564087
vt 0.966149 0.562032
vt 0.953514 0.560785
vt 0.961585 0.554627
vt 0.962467 0.559074
vt 0.967174 0.553886
vt 0.971354 0.542745
vt 0.971320 0.556002
vt 0.975598 0.543794
vt 0.975513 0.557129
vt 0.980510 0.540321
vt 0.964801 0.549926
vt 0.968464 0.541241
vt 0.956205 0.552658
vt 0.961526 0.551362
vt 0.963987 0.547870
vt 0.963471 0.546846
vt 0.963471 0.546846
vt 0.961526 0.551362
vt 0.963987 0.547870
vt 0.966820 0.536271
vt 0.830283 0.548450
vt 0.829965 0.538687
vt 0.831314 0.548911
vt 0.819971 0.580024
vt 0.899677 0.498690
vt 0.901132 0.507295
vt 0.898841 0.507187
vt 0.897970 0.496083
vt 0.900252 0.495104
vt 0.902091 0.498072
vt 0.891578 0.506501
vt 0.888937 0.506084
vt 0.890961 0.497890
vt 0.888929 0.497050
vt 0.891989 0.494316
vt 0.889653 0.493766
vt 0.913768 0.496944
vt 0.910418 0.495892
vt 0.911544 0.493416
vt 0.908617 0.491326
vt 0.908054 0.496536
vt 0.905549 0.496830
vt 0.903937 0.495057
vt 0.894101 0.491600
vt 0.894912 0.493808
vt 0.895117 0.506607
vt 0.892463 0.498087
vt 0.895255 0.498121
vt 0.898038 0.498559
vt 0.905175 0.519855
vt 0.904690 0.512497
vt 0.908008 0.519447
vt 0.913838 0.506012
vt 0.910247 0.507382
vt 0.907550 0.507683
vt 0.904784 0.507942
vt 0.898060 0.522967
vt 0.894700 0.522694
vt 0.901186 0.522286
vt 0.901078 0.509953
vt 0.898411 0.510266
vt 0.901148 0.519722
vt 0.898047 0.519970
vt 0.894923 0.509410
vt 0.894870 0.519413
vt 0.891635 0.509377
vt 0.891670 0.519270
vt 0.891424 0.522199
vt 0.888376 0.520950
vt 0.888399 0.518334
vt 0.888805 0.508803
vt 0.914123 0.520825
vt 0.910976 0.522561
vt 0.905644 0.523494
vt 0.908547 0.523053
vt 0.910564 0.519194
vt 0.913975 0.518370
vt 0.913997 0.508624
vt 0.910429 0.511792
vt 0.907569 0.512260
vt 0.478306 0.929303
vt 0.465697 0.935060
vt 0.464045 0.925714
vt 0.478654 0.863167
vt 0.486260 0.863104
vt 0.484862 0.895475
vt 0.476559 0.834526
vt 0.501058 0.825276
vt 0.501058 0.818531
vt 0.471508 0.827278
vt 0.523017 0.818751
vt 0.572829 0.833262
vt 0.561376 0.828994
vt 0.470674 0.896474
vt 0.465775 0.863166
vt 0.491877 0.925047
vt 0.559880 0.910627
vt 0.564068 0.894802
vt 0.570230 0.914524
vt 0.576290 0.896608
vt 0.577395 0.875597
vt 0.567678 0.872901
vt 0.575923 0.848177
vt 0.566187 0.845860
vt 0.498949 0.950682
vt 0.484908 0.954145
vt 0.588295 0.903466
vt 0.580640 0.918550
vt 0.464616 0.838054
vt 0.523028 0.824941
vt 0.454685 0.863157
vt 0.459290 0.896540
vt 0.470897 0.957357
vt 0.908958 0.957408
vt 0.891819 0.946042
vt 0.906420 0.942661
vt 0.890722 0.927749
vt 0.890000 0.909749
vt 0.905094 0.924656
vt 0.904687 0.908114
vt 0.924026 0.906285
vt 0.924225 0.920449
vt 0.853208 0.928741
vt 0.853160 0.912323
vt 0.872253 0.928648
vt 0.871752 0.910595
vt 0.496346 0.893165
vt 0.505994 0.920851
vt 0.548436 0.906240
vt 0.550021 0.891525
vt 0.558797 0.870532
vt 0.806199 0.923142
vt 0.783775 0.922005
vt 0.783775 0.913760
vt 0.831670 0.927993
vt 0.832059 0.913332
vt 0.832405 0.894025
vt 0.831900 0.855007
vt 0.852867 0.893093
vt 0.855412 0.855007
vt 0.871545 0.891622
vt 0.871589 0.855007
vt 0.889643 0.890807
vt 0.889764 0.855007
vt 0.904358 0.889901
vt 0.904174 0.855007
vt 0.924334 0.889338
vt 0.923797 0.855007
vt 0.952574 0.855007
vt 0.943017 0.889721
vt 0.952822 0.889521
vt 0.806342 0.893844
vt 0.783775 0.889862
vt 0.806267 0.855007
vt 0.783775 0.855007
vt 0.852277 0.946375
vt 0.872507 0.947842
vt 0.830580 0.941956
vt 0.925092 0.935709
vt 0.942583 0.917006
vt 0.942505 0.904913
vt 0.952808 0.915483
vt 0.952925 0.904321
vt 0.806078 0.910566
vt 0.514472 0.946421
vt 0.783775 0.905503
vt 0.850164 0.959737
vt 0.872476 0.963979
vt 0.927013 0.947574
vt 0.893289 0.961788
vt 0.943248 0.928558
vt 0.944860 0.936948
vt 0.806765 0.934505
vt 0.977912 0.888901
vt 0.977912 0.855007
vt 0.977912 0.904001
vt 0.977912 0.919418
vt 0.977912 0.911759
vt 0.952452 0.923909
vt 0.827046 0.950605
vt 0.855214 0.823207
vt 0.831456 0.810575
vt 0.855173 0.810575
vt 0.889766 0.810575
vt 0.904380 0.810575
vt 0.889770 0.823207
vt 0.904286 0.823207
vt 0.952577 0.810575
vt 0.977902 0.810575
vt 0.952576 0.823207
vt 0.977904 0.823207
vt 0.783776 0.823207
vt 0.783776 0.810575
vt 0.806267 0.823207
vt 0.806267 0.810575
vt 0.924046 0.810575
vt 0.924034 0.823207
vt 0.871602 0.823207
vt 0.871602 0.810575
vt 0.831547 0.823207
vt 0.905001 0.703931
vt 0.924323 0.703931
vt 0.905035 0.719366
vt 0.116011 0.645666
vt 0.116320 0.635404
vt 0.132712 0.645666
vt 0.132887 0.635404
vt 0.144565 0.635404
vt 0.144356 0.645667
vt 0.097636 0.645666
vt 0.098240 0.672923
vt 0.085014 0.645667
vt 0.084452 0.672923
vt 0.098226 0.635404
vt 0.060732 0.635404
vt 0.074577 0.635404
vt 0.060732 0.645668
vt 0.074138 0.645668
vt 0.153690 0.635404
vt 0.170294 0.635402
vt 0.154148 0.645668
vt 0.170294 0.645668
vt 0.085143 0.635404
vt 0.952576 0.797114
vt 0.977899 0.797114
vt 0.952576 0.771029
vt 0.977894 0.771057
vt 0.924123 0.771064
vt 0.924074 0.797114
vt 0.904423 0.771105
vt 0.904413 0.797114
vt 0.889783 0.771119
vt 0.889769 0.797114
vt 0.855178 0.797114
vt 0.855163 0.771117
vt 0.871602 0.797114
vt 0.871602 0.771143
vt 0.783777 0.797114
vt 0.806267 0.797114
vt 0.831450 0.797114
vt 0.831333 0.771049
vt 0.783777 0.771055
vt 0.806267 0.771001
vt 0.783780 0.732647
vt 0.806267 0.732619
vt 0.952572 0.732613
vt 0.977869 0.732647
vt 0.924246 0.732603
vt 0.904674 0.732599
vt 0.889803 0.732595
vt 0.855154 0.732598
vt 0.871602 0.732597
vt 0.831212 0.732604
vt 0.153602 0.411811
vt 0.147717 0.406783
vt 0.156826 0.397622
vt 0.147290 0.399384
vt 0.143022 0.411332
vt 0.142580 0.417944
vt 0.136099 0.406779
vt 0.130788 0.411260
vt 0.134209 0.400292
vt 0.126338 0.402253
vt 0.127219 0.390047
vt 0.134470 0.392536
vt 0.135474 0.380743
vt 0.137857 0.387031
vt 0.148546 0.383344
vt 0.143647 0.390615
vt 0.889825 0.719367
vt 0.889785 0.703931
vt 0.924369 0.719366
vt 0.952575 0.703931
vt 0.952571 0.719366
vt 0.977848 0.719353
vt 0.977827 0.703883
vt 0.806267 0.719366
vt 0.783783 0.719353
vt 0.806267 0.703931
vt 0.783785 0.703931
vt 0.831153 0.703931
vt 0.831091 0.719366
vt 0.855095 0.719368
vt 0.854989 0.703931
vt 0.871603 0.719366
vt 0.871607 0.703931
vt 0.073137 0.672923
vt 0.060732 0.672923
vt 0.155529 0.672923
vt 0.170294 0.672947
vt 0.144037 0.672923
vt 0.131345 0.672923
vt 0.119879 0.672923
vt 0.109208 0.672923
vt 0.892078 0.590499
vt 0.891441 0.603720
vt 0.872176 0.591924
vt 0.870301 0.603714
vt 0.905311 0.591898
vt 0.904992 0.603720
vt 0.850989 0.592171
vt 0.851299 0.603708
vt 0.835535 0.593613
vt 0.834528 0.603723
vt 0.796820 0.593629
vt 0.820998 0.593983
vt 0.796820 0.603704
vt 0.819614 0.603721
vt 0.940416 0.603722
vt 0.917525 0.603719
vt 0.940386 0.593589
vt 0.918580 0.592617
vt 0.893048 0.582691
vt 0.873140 0.582473
vt 0.852552 0.584024
vt 0.837209 0.586854
vt 0.905369 0.583103
vt 0.818449 0.584797
vt 0.827175 0.587219
vt 0.937598 0.586124
vt 0.918239 0.585152
vt 0.952002 0.583690
vt 0.796821 0.586611
vt 0.480721 0.157332
vt 0.482539 0.152575
vt 0.485965 0.157332
vt 0.485965 0.157332
vt 0.482539 0.152575
vt 0.486193 0.152543
vt 0.471616 0.157332
vt 0.472322 0.152612
vt 0.480721 0.157332
vt 0.472322 0.152612
vt 0.486520 0.149059
vt 0.482808 0.149059
vt 0.472300 0.149059
vt 0.460188 0.152558
vt 0.464217 0.157332
vt 0.447619 0.152613
vt 0.447619 0.152613
vt 0.464217 0.157332
vt 0.452668 0.157332
vt 0.460188 0.152558
vt 0.471616 0.157332
vt 0.468278 0.152594
vt 0.440008 0.152634
vt 0.441117 0.157332
vt 0.441117 0.157332
vt 0.494069 0.152530
vt 0.504288 0.152559
vt 0.495725 0.157332
vt 0.495725 0.157332
vt 0.504288 0.152559
vt 0.504288 0.157332
vt 0.430331 0.157332
vt 0.440008 0.152634
vt 0.430331 0.157332
vt 0.430331 0.152559
vt 0.494069 0.152530
vt 0.456877 0.149059
vt 0.468177 0.149059
vt 0.447444 0.149059
vt 0.439888 0.149059
vt 0.504288 0.149059
vt 0.493389 0.149059
vt 0.430331 0.149059
vt 0.468177 0.149059
vt 0.468278 0.152594
vt 0.512737 0.133959
vt 0.512737 0.154969
vt 0.539318 0.133767
vt 0.540343 0.154364
vt 0.662127 0.134368
vt 0.662502 0.154766
vt 0.680565 0.133959
vt 0.680565 0.154969
vt 0.539549 0.110606
vt 0.512737 0.110606
vt 0.552942 0.110606
vt 0.554703 0.133473
vt 0.571360 0.110606
vt 0.571427 0.133546
vt 0.680565 0.110606
vt 0.663717 0.110606
vt 0.643881 0.155390
vt 0.643768 0.133796
vt 0.643858 0.110606
vt 0.615219 0.134826
vt 0.628930 0.134090
vt 0.614126 0.110606
vt 0.630384 0.110606
vt 0.627674 0.155734
vt 0.556048 0.153226
vt 0.572026 0.153365
vt 0.589308 0.110606
vt 0.589143 0.134796
vt 0.589623 0.154847
vt 0.615338 0.156398
vt 0.500488 0.050648
vt 0.500488 0.074436
vt 0.521698 0.050648
vt 0.521698 0.074436
vt 0.480593 0.050648
vt 0.454771 0.050648
vt 0.480593 0.074436
vt 0.454771 0.074436
vt 0.500488 0.021465
vt 0.521699 0.021465
vt 0.656282 0.050648
vt 0.627028 0.050648
vt 0.656282 0.074436
vt 0.627028 0.074436
vt 0.680369 0.074436
vt 0.680369 0.050648
vt 0.656282 0.021465
vt 0.680369 0.021465
vt 0.454771 0.021465
vt 0.480593 0.021465
vt 0.600771 0.050648
vt 0.600771 0.074436
vt 0.627028 0.021465
vt 0.600771 0.021465
vt 0.543865 0.074436
vt 0.573373 0.074436
vt 0.543865 0.050648
vt 0.573373 0.050648
vt 0.573373 0.021465
vt 0.543865 0.021465
vt 0.500488 0.014806
vt 0.521698 0.014806
vt 0.680369 0.014806
vt 0.656282 0.014806
vt 0.480593 0.014806
vt 0.454771 0.014806
vt 0.627028 0.014806
vt 0.600771 0.014806
vt 0.573373 0.014806
vt 0.543865 0.014806
vt 0.500488 0.091734
vt 0.500488 0.099525
vt 0.521698 0.091734
vt 0.521698 0.099525
vt 0.454771 0.099525
vt 0.480593 0.099525
vt 0.454771 0.091734
vt 0.480593 0.091734
vt 0.627028 0.099525
vt 0.656282 0.099525
vt 0.627028 0.091734
vt 0.656282 0.091734
vt 0.680369 0.099525
vt 0.680369 0.091734
vt 0.600771 0.091734
vt 0.600771 0.099525
vt 0.543865 0.091734
vt 0.543865 0.099525
vt 0.573373 0.091734
vt 0.573373 0.099525
vt 0.543865 0.011710
vt 0.521698 0.011710
vt 0.573373 0.011710
vt 0.600771 0.011710
vt 0.627028 0.011710
vt 0.656282 0.011710
vt 0.680369 0.011710
vt 0.480593 0.011710
vt 0.454771 0.011710
vt 0.500488 0.011710
vt 0.500488 0.079803
vt 0.500488 0.091734
vt 0.521698 0.079803
vt 0.521698 0.091734
vt 0.480593 0.079803
vt 0.480593 0.091734
vt 0.454771 0.091734
vt 0.454771 0.079803
vt 0.656282 0.091734
vt 0.680369 0.091734
vt 0.656282 0.079803
vt 0.680369 0.079803
vt 0.627028 0.091734
vt 0.627028 0.079803
vt 0.600771 0.091734
vt 0.600771 0.079803
vt 0.573373 0.091734
vt 0.573373 0.079803
vt 0.543865 0.079803
vt 0.543865 0.091734
vt 0.483224 0.137690
vt 0.463963 0.128898
vt 0.463152 0.137686
vt 0.542316 0.176115
vt 0.512737 0.177731
vt 0.659186 0.173782
vt 0.659052 0.180321
vt 0.680565 0.177731
vt 0.645539 0.180522
vt 0.645388 0.174054
vt 0.627616 0.180936
vt 0.627733 0.174456
vt 0.558447 0.173685
vt 0.571586 0.173055
vt 0.588558 0.176275
vt 0.614099 0.181496
vt 0.482071 0.128805
vt 0.464686 0.115747
vt 0.481786 0.115747
vt 0.505859 0.193046
vt 0.505859 0.181045
vt 0.488573 0.193046
vt 0.487640 0.180978
vt 0.505859 0.171953
vt 0.486864 0.172243
vt 0.499527 0.129238
vt 0.499527 0.115747
vt 0.499527 0.138282
vt 0.687322 0.197408
vt 0.698932 0.197408
vt 0.687322 0.180188
vt 0.698932 0.180188
vt 0.715086 0.046804
vt 0.704370 0.038036
vt 0.704370 0.045978
vt 0.747486 0.160853
vt 0.754994 0.157603
vt 0.733885 0.159286
vt 0.728032 0.152901
vt 0.468030 0.181050
vt 0.467890 0.173000
vt 0.715086 0.032739
vt 0.505859 0.197174
vt 0.497135 0.197174
vt 0.491747 0.111293
vt 0.483965 0.111293
vt 0.463793 0.111293
vt 0.594922 0.197591
vt 0.632586 0.197092
vt 0.615669 0.197894
vt 0.645942 0.196901
vt 0.659463 0.196927
vt 0.680566 0.196751
vt 0.534241 0.196920
vt 0.512737 0.196751
vt 0.727010 0.134113
vt 0.715086 0.023688
vt 0.704370 0.023688
vt 0.704370 0.030862
vt 0.499527 0.111293
vt 0.704370 0.053920
vt 0.715086 0.054241
vt 0.488411 0.197174
vt 0.579863 0.190633
vt 0.560270 0.185953
vt 0.570488 0.186666
vt 0.447613 0.127078
vt 0.447663 0.115747
vt 0.401653 0.171567
vt 0.414070 0.169309
vt 0.400944 0.159062
vt 0.411440 0.158475
vt 0.419532 0.158767
vt 0.426572 0.166292
vt 0.384498 0.172941
vt 0.384424 0.160184
vt 0.416256 0.184568
vt 0.402273 0.185604
vt 0.384747 0.186096
vt 0.416353 0.138217
vt 0.418663 0.124882
vt 0.401149 0.136850
vt 0.400894 0.123348
vt 0.384330 0.134497
vt 0.384393 0.122932
vt 0.429867 0.141393
vt 0.445505 0.137705
vt 0.433313 0.125695
vt 0.400885 0.147035
vt 0.411611 0.147434
vt 0.384406 0.146548
vt 0.419422 0.147030
vt 0.698932 0.116054
vt 0.698932 0.097983
vt 0.687322 0.116015
vt 0.687322 0.097938
vt 0.432979 0.115747
vt 0.775547 0.063892
vt 0.773995 0.044016
vt 0.724785 0.063892
vt 0.724037 0.044173
vt 0.704370 0.112992
vt 0.715086 0.112992
vt 0.704370 0.095285
vt 0.715086 0.095285
vt 0.704370 0.074400
vt 0.715086 0.074400
vt 0.704370 0.160962
vt 0.715086 0.160932
vt 0.704370 0.142419
vt 0.715086 0.142370
vt 0.468609 0.193046
vt 0.374007 0.123091
vt 0.374814 0.133045
vt 0.374511 0.173600
vt 0.374751 0.158843
vt 0.768864 0.028264
vt 0.727822 0.028687
vt 0.704370 0.175569
vt 0.715086 0.175557
vt 0.374443 0.185944
vt 0.687322 0.075602
vt 0.698932 0.075602
vt 0.687322 0.061773
vt 0.698932 0.061773
vt 0.363763 0.123717
vt 0.369056 0.130300
vt 0.698932 0.083698
vt 0.687322 0.083698
vt 0.374810 0.147682
vt 0.363018 0.152486
vt 0.368297 0.157293
vt 0.368441 0.148041
vt 0.715086 0.183883
vt 0.704370 0.183883
vt 0.715086 0.198119
vt 0.704370 0.198119
vt 0.746314 0.018001
vt 0.734033 0.021820
vt 0.761475 0.021243
vt 0.687322 0.148640
vt 0.687322 0.163191
vt 0.698932 0.148640
vt 0.698932 0.163191
vt 0.447059 0.181871
vt 0.447134 0.193046
vt 0.384585 0.193046
vt 0.402291 0.193046
vt 0.373875 0.193046
vt 0.361393 0.193046
vt 0.363074 0.185145
vt 0.356228 0.152558
vt 0.356100 0.172919
vt 0.363670 0.173464
vt 0.356040 0.134074
vt 0.363022 0.133147
vt 0.362986 0.116046
vt 0.372904 0.116060
vt 0.384320 0.115747
vt 0.401181 0.115747
vt 0.687322 0.135508
vt 0.698932 0.135500
vt 0.369187 0.173569
vt 0.367111 0.178058
vt 0.430184 0.193046
vt 0.429469 0.183563
vt 0.416301 0.193046
vt 0.715086 0.127681
vt 0.704370 0.127761
vt 0.420053 0.115747
vt 0.401049 0.111293
vt 0.384211 0.111293
vt 0.372027 0.111293
vt 0.364393 0.111293
vt 0.349920 0.152853
vt 0.349920 0.135184
vt 0.349920 0.172526
vt 0.373096 0.197174
vt 0.362548 0.197174
vt 0.384496 0.197174
vt 0.402325 0.197174
vt 0.416374 0.197174
vt 0.430423 0.197174
vt 0.447490 0.197174
vt 0.467516 0.197174
vt 0.447173 0.111293
vt 0.432946 0.111293
vt 0.420107 0.111293
vt 0.549702 0.192034
vt 0.369056 0.132980
vt 0.447433 0.172713
vt 0.767785 0.114035
vt 0.729878 0.116336
vt 0.763620 0.135278
vt 0.773857 0.079552
vt 0.729790 0.085212
vt 0.771456 0.095195
vt 0.731703 0.100066
vt 0.086422 0.050371
vt 0.075706 0.050401
vt 0.086422 0.035763
vt 0.075706 0.035776
vt 0.091860 0.149560
vt 0.091860 0.135730
vt 0.103932 0.149560
vt 0.103932 0.135730
vt 0.416786 0.088241
vt 0.421737 0.081032
vt 0.427030 0.087615
vt 0.091860 0.127635
vt 0.103932 0.127635
vt 0.427775 0.058847
vt 0.422352 0.063292
vt 0.422496 0.054039
vt 0.075706 0.027450
vt 0.086422 0.027450
vt 0.075706 0.013213
vt 0.086422 0.013213
vt 0.044479 0.193332
vt 0.029318 0.190089
vt 0.056760 0.189513
vt 0.406047 0.025236
vt 0.406208 0.018287
vt 0.416350 0.025389
vt 0.416918 0.018287
vt 0.429400 0.018287
vt 0.427719 0.026188
vt 0.434565 0.058775
vt 0.434693 0.038414
vt 0.427123 0.037869
vt 0.427771 0.078186
vt 0.434753 0.077258
vt 0.417889 0.095272
vt 0.427807 0.095287
vt 0.421606 0.037764
vt 0.423682 0.033274
vt 0.418766 0.100040
vt 0.426400 0.100040
vt 0.440873 0.058480
vt 0.440873 0.076149
vt 0.440873 0.038807
vt 0.417697 0.014159
vt 0.428245 0.014159
vt 0.406297 0.014158
vt 0.421737 0.078352
vt 0.415979 0.078288
vt 0.415983 0.063651
vt 0.416042 0.052490
vt 0.416282 0.037732
vt 0.062971 0.182646
vt 0.021929 0.183069
vt 0.322763 0.030283
vt 0.303153 0.030355
vt 0.322184 0.018287
vt 0.343130 0.095585
vt 0.326108 0.095585
vt 0.343180 0.084254
vt 0.326830 0.082435
vt 0.309007 0.095585
vt 0.308722 0.082527
vt 0.379353 0.052858
vt 0.376723 0.042024
vt 0.389849 0.052271
vt 0.389140 0.039766
vt 0.371261 0.052565
vt 0.364221 0.045041
vt 0.406295 0.038392
vt 0.406369 0.051149
vt 0.374537 0.026765
vt 0.388520 0.025729
vt 0.389899 0.087984
vt 0.372130 0.086450
vt 0.389644 0.074482
vt 0.374440 0.073116
vt 0.406463 0.076836
vt 0.406400 0.088400
vt 0.360926 0.069940
vt 0.357480 0.085638
vt 0.345288 0.073628
vt 0.389908 0.064298
vt 0.379182 0.063898
vt 0.406387 0.064785
vt 0.371371 0.064303
vt 0.103932 0.113394
vt 0.091860 0.113350
vt 0.103932 0.095317
vt 0.091860 0.095279
vt 0.357814 0.095585
vt 0.015245 0.147440
vt 0.066008 0.147440
vt 0.016797 0.167317
vt 0.066755 0.167160
vt 0.075706 0.116048
vt 0.075706 0.098340
vt 0.086422 0.116048
vt 0.086422 0.098340
vt 0.086422 0.157413
vt 0.075706 0.157091
vt 0.086422 0.136932
vt 0.075706 0.136932
vt 0.086422 0.068914
vt 0.075706 0.068963
vt 0.284934 0.018287
vt 0.302220 0.018287
vt 0.284934 0.030288
vt 0.303929 0.039090
vt 0.284934 0.039380
vt 0.291266 0.095585
vt 0.291266 0.082094
vt 0.103932 0.013925
vt 0.103932 0.031145
vt 0.091860 0.013925
vt 0.091860 0.031145
vt 0.075706 0.164529
vt 0.086422 0.165355
vt 0.086422 0.173297
vt 0.043306 0.050480
vt 0.056908 0.052047
vt 0.035799 0.053729
vt 0.062761 0.058431
vt 0.103932 0.062693
vt 0.091860 0.062693
vt 0.103932 0.048142
vt 0.091860 0.048142
vt 0.343660 0.018287
vt 0.343734 0.029462
vt 0.388502 0.018287
vt 0.406473 0.095585
vt 0.389612 0.095585
vt 0.091860 0.075833
vt 0.103932 0.075825
vt 0.075707 0.178594
vt 0.361324 0.027770
vt 0.360609 0.018287
vt 0.374492 0.018287
vt 0.075706 0.083652
vt 0.086422 0.083572
vt 0.370740 0.095585
vt 0.389744 0.100040
vt 0.406582 0.100040
vt 0.388468 0.014158
vt 0.374419 0.014158
vt 0.343303 0.014158
vt 0.360370 0.014158
vt 0.323277 0.014158
vt 0.302382 0.014158
vt 0.284934 0.014158
vt 0.293658 0.014158
vt 0.306828 0.100040
vt 0.299047 0.100040
vt 0.327000 0.100040
vt 0.343620 0.100040
vt 0.357847 0.100040
vt 0.370686 0.100040
vt 0.343360 0.038620
vt 0.327641 0.073647
vt 0.063783 0.077220
vt 0.060914 0.094997
vt 0.027173 0.076055
vt 0.023008 0.097298
vt 0.016936 0.131781
vt 0.061002 0.126121
vt 0.059089 0.111267
vt 0.019336 0.116137
vt 0.086422 0.180471
vt 0.086422 0.187645
vt 0.075707 0.187645
vt 0.291266 0.100040
vt 0.176694 0.029837
vt 0.175124 0.013439
vt 0.195871 0.013741
vt 0.220305 0.024667
vt 0.230523 0.025379
vt 0.219207 0.038278
vt 0.232346 0.037647
vt 0.210930 0.020700
vt 0.291266 0.073051
vt 0.307569 0.073643
vt 0.322903 0.038333
vt 0.241091 0.019299
vt 0.248477 0.035218
vt 0.158208 0.014241
vt 0.163177 0.030396
vt 0.144851 0.014432
vt 0.145254 0.030811
vt 0.131741 0.031012
vt 0.131330 0.014405
vt 0.110227 0.014582
vt 0.110228 0.033601
vt 0.256552 0.014413
vt 0.278056 0.033601
vt 0.278056 0.014582
vt 0.318471 0.058721
vt 0.310072 0.054001
vt 0.308254 0.058758
vt 0.310072 0.054001
vt 0.304828 0.054001
vt 0.308254 0.058758
vt 0.304828 0.054001
vt 0.304600 0.058790
vt 0.319177 0.054001
vt 0.318471 0.058721
vt 0.307985 0.062274
vt 0.304273 0.062274
vt 0.318493 0.062274
vt 0.330605 0.058775
vt 0.343174 0.058719
vt 0.326576 0.054001
vt 0.326576 0.054001
vt 0.343174 0.058719
vt 0.338125 0.054001
vt 0.322515 0.058739
vt 0.319177 0.054001
vt 0.330605 0.058775
vt 0.349676 0.054001
vt 0.349676 0.054001
vt 0.350785 0.058699
vt 0.296724 0.058803
vt 0.295068 0.054001
vt 0.286505 0.058774
vt 0.286505 0.058774
vt 0.295068 0.054001
vt 0.286505 0.054001
vt 0.350785 0.058699
vt 0.360462 0.054001
vt 0.360462 0.054001
vt 0.360462 0.058774
vt 0.296724 0.058803
vt 0.333916 0.062274
vt 0.322616 0.062274
vt 0.343350 0.062274
vt 0.350905 0.062274
vt 0.286505 0.062274
vt 0.297404 0.062274
vt 0.360462 0.062274
vt 0.322616 0.062274
vt 0.322515 0.058739
vt 0.250450 0.056968
vt 0.278056 0.056363
vt 0.251475 0.077566
vt 0.278056 0.077373
vt 0.110228 0.056363
vt 0.128291 0.056567
vt 0.110228 0.077373
vt 0.128666 0.076965
vt 0.251244 0.100727
vt 0.278056 0.100727
vt 0.219366 0.077787
vt 0.236090 0.077859
vt 0.219433 0.100727
vt 0.237851 0.100727
vt 0.131607 0.037551
vt 0.110228 0.100727
vt 0.127076 0.100727
vt 0.146912 0.055943
vt 0.147025 0.077536
vt 0.145405 0.037279
vt 0.146935 0.100727
vt 0.175574 0.076507
vt 0.176667 0.100727
vt 0.161863 0.077243
vt 0.160409 0.100727
vt 0.163120 0.055598
vt 0.163060 0.036876
vt 0.234745 0.058107
vt 0.218767 0.057968
vt 0.201485 0.100727
vt 0.201650 0.076536
vt 0.201170 0.056485
vt 0.175455 0.054935
vt 0.202235 0.035058
vt 0.290305 0.160685
vt 0.269094 0.160685
vt 0.290305 0.136897
vt 0.269094 0.136897
vt 0.310200 0.160685
vt 0.310200 0.136897
vt 0.336022 0.160685
vt 0.336022 0.136897
vt 0.269094 0.189867
vt 0.290305 0.189867
vt 0.134511 0.160685
vt 0.134511 0.136897
vt 0.163765 0.160685
vt 0.163765 0.136897
vt 0.110424 0.136897
vt 0.110424 0.160685
vt 0.134511 0.189867
vt 0.110424 0.189867
vt 0.336022 0.189867
vt 0.310200 0.189867
vt 0.190022 0.160685
vt 0.190022 0.136897
vt 0.163765 0.189867
vt 0.190022 0.189867
vt 0.217420 0.160685
vt 0.217420 0.136897
vt 0.246928 0.160685
vt 0.246928 0.136897
vt 0.246928 0.189867
vt 0.217420 0.189867
vt 0.269094 0.196526
vt 0.290305 0.196526
vt 0.134511 0.196526
vt 0.110424 0.196526
vt 0.336022 0.196526
vt 0.310200 0.196526
vt 0.190022 0.196526
vt 0.163765 0.196526
vt 0.246928 0.196526
vt 0.217420 0.196526
vt 0.290305 0.119599
vt 0.269094 0.119599
vt 0.290305 0.111808
vt 0.269094 0.111808
vt 0.310200 0.119599
vt 0.310200 0.111808
vt 0.336022 0.119599
vt 0.336022 0.111808
vt 0.134511 0.119599
vt 0.134511 0.111808
vt 0.163765 0.119599
vt 0.163765 0.111808
vt 0.110424 0.119599
vt 0.110424 0.111808
vt 0.190022 0.119599
vt 0.190022 0.111808
vt 0.246928 0.119599
vt 0.217420 0.119599
vt 0.246928 0.111808
vt 0.217420 0.111808
vt 0.246928 0.199623
vt 0.269094 0.199623
vt 0.217420 0.199623
vt 0.190022 0.199623
vt 0.163765 0.199623
vt 0.134511 0.199623
vt 0.110424 0.199623
vt 0.310200 0.199623
vt 0.336022 0.199623
vt 0.290305 0.199623
vt 0.290305 0.131530
vt 0.269094 0.131530
vt 0.290305 0.119599
vt 0.269094 0.119599
vt 0.310200 0.131530
vt 0.310200 0.119599
vt 0.336022 0.131530
vt 0.336022 0.119599
vt 0.134511 0.119599
vt 0.134511 0.131530
vt 0.110424 0.119599
vt 0.110424 0.131530
vt 0.163765 0.131530
vt 0.163765 0.119599
vt 0.190022 0.131530
vt 0.190022 0.119599
vt 0.217420 0.119599
vt 0.217420 0.131530
vt 0.246928 0.131530
vt 0.246928 0.119599
vt 0.112073 0.781074
vt 0.046635 0.644011
vt 0.134396 0.735631
vt 0.089019 0.579264
vt 0.141704 0.523144
vt 0.133050 0.414912
vt 0.209641 0.470506
vt 0.197555 0.381497
vt 0.196122 0.284715
vt 0.266761 0.267987
vt 0.270547 0.362549
vt 0.275913 0.444022
vt 0.347007 0.260407
vt 0.350809 0.352444
vt 0.267418 0.177294
vt 0.344881 0.177294
vt 0.432477 0.260407
vt 0.499754 0.260407
vt 0.432477 0.352444
vt 0.499754 0.352444
vt 0.432477 0.177294
vt 0.432477 0.431272
vt 0.432769 0.496359
vt 0.349934 0.434559
vt 0.349595 0.496359
vt 0.499754 0.496577
vt 0.499754 0.559574
vt 0.427095 0.560392
vt 0.499754 0.177294
vt 0.432477 0.097416
vt 0.499754 0.097416
vt 0.347656 0.536431
vt 0.499754 0.429441
vt 0.281509 0.513458
vt 0.290819 0.575302
vt 0.322266 0.594869
vt 0.343839 0.097416
vt 0.216146 0.581320
vt 0.162279 0.664413
vt 0.255603 0.653111
vt 0.224789 0.721566
vt 0.360235 0.608612
vt 0.499754 0.617041
vt 0.437151 0.622491
vt 0.336432 0.695097
vt 0.387746 0.706283
vt 0.325094 0.771125
vt 0.380572 0.786095
vt 0.438400 0.793014
vt 0.437357 0.711091
vt 0.499754 0.796543
vt 0.499754 0.712260
vt 0.228473 0.824419
vt 0.277416 0.750791
vt 0.283580 0.849838
vt 0.393454 0.875667
vt 0.338029 0.865796
vt 0.449209 0.880286
vt 0.499754 0.880921
vt 0.293556 0.680941
vt 0.263301 0.101206
vt 0.398930 0.638790
vt 0.234769 0.975000
vt 0.303358 0.975000
vt 0.420229 0.975000
vt 0.367275 0.975000
vt 0.460864 0.975000
vt 0.500000 0.975000
vt 0.063659 0.457363
vt 0.887435 0.781075
vt 0.865112 0.735631
vt 0.952873 0.644011
vt 0.910488 0.579265
vt 0.801952 0.381497
vt 0.866458 0.414912
vt 0.789866 0.470506
vt 0.857804 0.523144
vt 0.736207 0.101206
vt 0.808002 0.174751
vt 0.732090 0.177294
vt 0.728960 0.362549
vt 0.723594 0.444022
vt 0.648698 0.352444
vt 0.652500 0.260407
vt 0.732747 0.267987
vt 0.654627 0.177294
vt 0.567031 0.260407
vt 0.567031 0.352444
vt 0.567031 0.177294
vt 0.567031 0.431272
vt 0.649573 0.434559
vt 0.566739 0.496359
vt 0.649912 0.496359
vt 0.572412 0.560392
vt 0.567031 0.097416
vt 0.651852 0.536431
vt 0.717998 0.513458
vt 0.677241 0.594869
vt 0.708689 0.575302
vt 0.655669 0.097416
vt 0.837229 0.664413
vt 0.783361 0.581320
vt 0.774718 0.721566
vt 0.743904 0.653111
vt 0.639272 0.608612
vt 0.562357 0.622491
vt 0.663075 0.695097
vt 0.674413 0.771125
vt 0.611761 0.706284
vt 0.618936 0.786095
vt 0.562151 0.711091
vt 0.561108 0.793014
vt 0.771034 0.824419
vt 0.715928 0.849838
vt 0.722092 0.750791
vt 0.661478 0.865797
vt 0.606054 0.875667
vt 0.550298 0.880286
vt 0.705952 0.680941
vt 0.600578 0.638790
vt 0.696642 0.975000
vt 0.765231 0.975000
vt 0.632725 0.975000
vt 0.579771 0.975000
vt 0.539135 0.975000
vt 0.935848 0.457363
vt 0.803386 0.284715
vt 0.191506 0.174750
vt 0.343724 0.031016
vt 0.253953 0.038595
vt 0.432477 0.031016
vt 0.499754 0.031016
vt 0.655784 0.031016
vt 0.745555 0.038595
vt 0.567031 0.031016
vt 0.123673 0.346157
vt 0.165303 0.318910
vt 0.183071 0.174468
vt 0.191506 0.174750
vt 0.192118 0.280268
vt 0.196122 0.284715
vt 0.068944 0.384226
vt 0.107750 0.314918
vt 0.161719 0.311956
vt 0.165303 0.318910
vt 0.123673 0.346157
vt 0.125789 0.335829
vt 0.834205 0.318910
vt 0.807390 0.280268
vt 0.837789 0.311956
vt 0.803386 0.284715
vt 0.834205 0.318910
vt 0.873719 0.335829
vt 0.875835 0.346157
vt 0.816437 0.174468
vt 0.808002 0.174751
vt 0.891757 0.314918
vt 0.930563 0.384226
vt 0.875835 0.346157
vt 0.816283 0.104996
vt 0.183225 0.104996
vt 0.081474 0.125129
vt 0.089690 0.135089
vt 0.043895 0.173533
vt 0.052196 0.180217
vt 0.133522 0.080945
vt 0.143474 0.096515
vt 0.218213 0.319682
vt 0.181028 0.313120
vt 0.220457 0.294983
vt 0.185057 0.291292
vt 0.223064 0.269700
vt 0.186024 0.269308
vt 0.149639 0.114372
vt 0.099756 0.157658
vt 0.104533 0.178886
vt 0.058206 0.189854
vt 0.063209 0.206273
vt 0.156378 0.145239
vt 0.224384 0.248547
vt 0.188693 0.247483
vt 0.248523 0.297084
vt 0.245599 0.320276
vt 0.253251 0.272705
vt 0.068422 0.259015
vt 0.108742 0.272905
vt 0.064894 0.266275
vt 0.105435 0.286583
vt 0.069954 0.237936
vt 0.066993 0.221011
vt 0.110383 0.226714
vt 0.106807 0.190943
vt 0.108652 0.208943
vt 0.157201 0.159703
vt 0.155775 0.180369
vt 0.110346 0.243254
vt 0.070690 0.251346
vt 0.109270 0.260983
vt 0.198397 0.133240
vt 0.197127 0.152965
vt 0.190580 0.221467
vt 0.228080 0.221199
vt 0.142938 0.301806
vt 0.147467 0.284057
vt 0.149403 0.267194
vt 0.151417 0.248926
vt 0.152308 0.224609
vt 0.153968 0.202579
vt 0.193147 0.198238
vt 0.195016 0.173775
vt 0.153968 0.130369
vt 0.196771 0.113735
vt 0.195809 0.093000
vt 0.191052 0.075899
vt 0.523268 0.830949
vt 0.487320 0.781577
vt 0.532015 0.825105
vt 0.497572 0.770170
vt 0.431443 0.738908
vt 0.442003 0.722291
vt 0.384999 0.940658
vt 0.389233 0.963573
vt 0.347431 0.944342
vt 0.350135 0.970585
vt 0.344938 0.917319
vt 0.384187 0.917602
vt 0.475814 0.804590
vt 0.424867 0.757763
vt 0.516711 0.839884
vt 0.470120 0.826250
vt 0.510933 0.855555
vt 0.417292 0.790028
vt 0.344362 0.894881
vt 0.381818 0.894783
vt 0.321317 0.971976
vt 0.319954 0.941429
vt 0.314101 0.916673
vt 0.304779 0.898040
vt 0.295122 0.875881
vt 0.341826 0.866202
vt 0.504906 0.907177
vt 0.508476 0.914299
vt 0.464284 0.921644
vt 0.467791 0.935591
vt 0.503416 0.886416
vt 0.462887 0.874696
vt 0.506665 0.869830
vt 0.467383 0.838474
vt 0.465008 0.856718
vt 0.417008 0.805346
vt 0.417544 0.825391
vt 0.463714 0.909495
vt 0.462708 0.891470
vt 0.502636 0.899630
vt 0.336355 0.840956
vt 0.377402 0.818821
vt 0.378449 0.843667
vt 0.374089 0.777876
vt 0.375772 0.797588
vt 0.380564 0.867786
vt 0.429078 0.951682
vt 0.424333 0.933243
vt 0.422389 0.915765
vt 0.420485 0.896891
vt 0.419958 0.871869
vt 0.419066 0.848866
vt 0.420171 0.774414
vt 0.375909 0.757119
vt 0.376415 0.735630
vt 0.381047 0.717647
vt 0.562467 0.648221
vt 0.554176 0.668064
vt 0.556541 0.648292
vt 0.532413 0.665913
vt 0.531181 0.669778
vt 0.513289 0.657638
vt 0.510691 0.662994
vt 0.535006 0.662636
vt 0.517048 0.652204
vt 0.538461 0.658997
vt 0.522419 0.646200
vt 0.541617 0.656227
vt 0.527978 0.640898
vt 0.559605 0.622758
vt 0.552049 0.625260
vt 0.062926 0.575425
vt 0.072502 0.575425
vt 0.062925 0.601903
vt 0.072502 0.601903
vt 0.513760 0.470624
vt 0.528106 0.513495
vt 0.495627 0.479886
vt 0.512888 0.518392
vt 0.072501 0.630873
vt 0.062925 0.630872
vt 0.486797 0.651226
vt 0.489949 0.643843
vt 0.476984 0.604626
vt 0.500521 0.626488
vt 0.468902 0.617479
vt 0.494595 0.635343
vt 0.551824 0.650076
vt 0.545704 0.628024
vt 0.547584 0.652364
vt 0.539126 0.632163
vt 0.543875 0.654525
vt 0.532049 0.637321
vt 0.055222 0.601903
vt 0.055221 0.630872
vt 0.055222 0.575425
vt 0.055222 0.550424
vt 0.062926 0.550424
vt 0.530423 0.598990
vt 0.515098 0.565004
vt 0.538086 0.594575
vt 0.524245 0.559079
vt 0.507607 0.618942
vt 0.458352 0.640754
vt 0.462929 0.629342
vt 0.483888 0.662617
vt 0.455368 0.655027
vt 0.514013 0.612359
vt 0.548148 0.590049
vt 0.530026 0.674524
vt 0.484962 0.537093
vt 0.463286 0.505253
vt 0.498848 0.526003
vt 0.479013 0.489262
vt 0.432258 0.633667
vt 0.429825 0.651367
vt 0.400135 0.628726
vt 0.395760 0.648286
vt 0.407971 0.610750
vt 0.435321 0.618553
vt 0.441987 0.600540
vt 0.416274 0.589570
vt 0.450413 0.581095
vt 0.504660 0.574473
vt 0.537020 0.555202
vt 0.508711 0.669559
vt 0.084209 0.601903
vt 0.084209 0.630873
vt 0.043968 0.575425
vt 0.055222 0.575425
vt 0.043968 0.601903
vt 0.055222 0.601903
vt 0.043967 0.630872
vt 0.055221 0.630872
vt 0.471772 0.401776
vt 0.494065 0.430825
vt 0.451997 0.419761
vt 0.473562 0.444480
vt 0.458752 0.459002
vt 0.434555 0.435159
vt 0.440555 0.483279
vt 0.422662 0.448194
vt 0.521987 0.605757
vt 0.473072 0.549193
vt 0.450659 0.521620
vt 0.494899 0.583631
vt 0.462786 0.562739
vt 0.438043 0.539723
vt 0.486131 0.592669
vt 0.426220 0.562670
vt 0.310791 0.633134
vt 0.297180 0.627728
vt 0.319750 0.608695
vt 0.306437 0.601948
vt 0.328982 0.585763
vt 0.313356 0.579136
vt 0.320366 0.551996
vt 0.338148 0.558151
vt 0.364127 0.533999
vt 0.345511 0.528890
vt 0.370776 0.506290
vt 0.341716 0.616104
vt 0.333338 0.639769
vt 0.372146 0.623474
vt 0.365055 0.645658
vt 0.381919 0.604139
vt 0.352102 0.594161
vt 0.392610 0.580333
vt 0.365340 0.568594
vt 0.404298 0.551087
vt 0.379151 0.538622
vt 0.412690 0.463399
vt 0.401688 0.481800
vt 0.428560 0.502072
vt 0.388757 0.512485
vt 0.382281 0.467841
vt 0.389736 0.448350
vt 0.415671 0.526440
vt 0.286508 0.316704
vt 0.292789 0.316257
vt 0.297342 0.337646
vt 0.319676 0.333373
vt 0.339184 0.323912
vt 0.321193 0.337309
vt 0.341945 0.329528
vt 0.316759 0.330093
vt 0.335144 0.318113
vt 0.312877 0.326455
vt 0.329289 0.311867
vt 0.309314 0.323691
vt 0.323177 0.306468
vt 0.296262 0.291834
vt 0.287937 0.289896
vt 0.062924 0.701993
vt 0.062924 0.670115
vt 0.072501 0.701994
vt 0.072501 0.670115
vt 0.332264 0.135921
vt 0.350439 0.145440
vt 0.317767 0.178781
vt 0.334275 0.184285
vt 0.365872 0.318332
vt 0.362544 0.310821
vt 0.375153 0.267328
vt 0.383536 0.281059
vt 0.351003 0.291662
vt 0.357386 0.301061
vt 0.303463 0.294145
vt 0.297527 0.317722
vt 0.310779 0.297973
vt 0.302481 0.319948
vt 0.318673 0.302893
vt 0.306743 0.322011
vt 0.072500 0.737360
vt 0.072501 0.766003
vt 0.062923 0.737360
vt 0.062923 0.766003
vt 0.055221 0.670114
vt 0.055221 0.701993
vt 0.055221 0.737360
vt 0.055221 0.766003
vt 0.320578 0.222997
vt 0.333210 0.228662
vt 0.308451 0.260010
vt 0.317911 0.264345
vt 0.424567 0.114752
vt 0.448077 0.101827
vt 0.435414 0.129828
vt 0.457428 0.116433
vt 0.343244 0.284111
vt 0.389804 0.294124
vt 0.394852 0.308985
vt 0.368712 0.328286
vt 0.397744 0.322721
vt 0.336341 0.277423
vt 0.297793 0.255928
vt 0.322681 0.342119
vt 0.369285 0.156438
vt 0.385392 0.172170
vt 0.350292 0.192660
vt 0.364706 0.203791
vt 0.420194 0.302796
vt 0.451883 0.295282
vt 0.423346 0.319809
vt 0.457441 0.318049
vt 0.443294 0.275451
vt 0.416317 0.284877
vt 0.434447 0.254300
vt 0.408906 0.266835
vt 0.399617 0.247814
vt 0.345595 0.237689
vt 0.306069 0.220045
vt 0.344013 0.336195
vt 0.084208 0.670115
vt 0.084208 0.701994
vt 0.084208 0.766002
vt 0.084208 0.737360
vt 0.043966 0.737360
vt 0.055221 0.737360
vt 0.043966 0.766003
vt 0.043966 0.701993
vt 0.055221 0.701993
vt 0.055221 0.670114
vt 0.043967 0.670114
vt 0.374445 0.067174
vt 0.394212 0.085155
vt 0.352206 0.096255
vt 0.372386 0.109922
vt 0.411612 0.100657
vt 0.390735 0.128138
vt 0.407409 0.149773
vt 0.327477 0.270953
vt 0.398261 0.188110
vt 0.376742 0.215751
vt 0.356049 0.246532
vt 0.410960 0.206207
vt 0.386953 0.229346
vt 0.365282 0.255496
vt 0.423481 0.228772
vt 0.565634 0.290180
vt 0.555124 0.294496
vt 0.554023 0.263180
vt 0.545473 0.266892
vt 0.549062 0.236765
vt 0.537605 0.243573
vt 0.552001 0.184990
vt 0.550164 0.211347
vt 0.526785 0.188347
vt 0.531678 0.216197
vt 0.509100 0.279284
vt 0.530994 0.272164
vt 0.519330 0.307119
vt 0.541636 0.299980
vt 0.479400 0.288503
vt 0.487947 0.314084
vt 0.468858 0.268658
vt 0.498405 0.259336
vt 0.484298 0.233398
vt 0.457567 0.244972
vt 0.445251 0.216468
vt 0.469792 0.204358
vt 0.446788 0.147941
vt 0.419960 0.168361
vt 0.521630 0.250808
vt 0.511568 0.223418
vt 0.484719 0.199510
vt 0.459803 0.178191
vt 0.433429 0.192311
vt 0.475850 0.172321
vt 0.505186 0.193030
vt 0.473162 0.161600
vt 0.463961 0.135131
vt 0.399863 0.431397
vt 0.326814 0.524098
vt 0.084210 0.550424
vt 0.072502 0.550424
vt 0.084210 0.520881
vt 0.072502 0.520881
vt 0.552178 0.883568
vt 0.019098 0.235244
vt 0.084210 0.575425
vt 0.259365 0.250237
vt 0.266581 0.228851
vt 0.055222 0.520881
vt 0.055222 0.550424
vt 0.043968 0.520881
vt 0.043968 0.550424
vt 0.062926 0.520881
vt 0.286579 0.623474
vt 0.295449 0.595521
vt 0.300493 0.573975
vt 0.305393 0.544593
vt 0.307585 0.521185
vt 0.373987 0.495337
vt 0.242377 0.170010
vt 0.234475 0.196835
vt 0.251515 0.145793
vt 0.329475 0.813431
vt 0.321252 0.789915
vt 0.498874 0.164594
vt 0.276899 0.816272
vt 0.283974 0.850807
vt 0.055221 0.795023
vt 0.062924 0.795023
vt 0.055221 0.825933
vt 0.062924 0.825933
vt 0.043967 0.825933
vt 0.043966 0.795023
vt 0.055221 0.825933
vt 0.084208 0.795022
vt 0.072501 0.795023
vt 0.084208 0.825933
vt 0.072501 0.825933
vt 0.490425 0.119061
vt 0.517802 0.132268
vt 0.494426 0.143132
vt 0.550311 0.157251
vt 0.522303 0.159777
vt 0.543436 0.127521
vt 0.159265 0.476596
vt 0.152867 0.494924
vt 0.152867 0.476596
vt 0.182720 0.054645
vt 0.211282 0.043066
vt 0.223392 0.063290
vt 0.312709 0.101360
vt 0.277094 0.104910
vt 0.286771 0.095003
vt 0.243736 0.080699
vt 0.260859 0.087348
vt 0.332223 0.097769
vt 0.326944 0.102376
vt 0.319538 0.109268
vt 0.389424 0.695020
vt 0.358758 0.683598
vt 0.346768 0.705528
vt 0.270547 0.788699
vt 0.255519 0.736696
vt 0.281768 0.736585
vt 0.293951 0.750986
vt 0.261157 0.764813
vt 0.307908 0.765659
vt 0.308261 0.730816
vt 0.325806 0.724582
vt 0.234585 0.731939
vt 0.238931 0.741608
vt 0.248301 0.751504
vt 0.206055 0.418248
vt 0.206055 0.403313
vt 0.212648 0.418248
vt 0.212648 0.403313
vt 0.212648 0.403313
vt 0.219282 0.403313
vt 0.212648 0.418248
vt 0.219282 0.418248
vt 0.225542 0.418248
vt 0.225542 0.403313
vt 0.225542 0.418248
vt 0.225542 0.403313
vt 0.231457 0.418248
vt 0.231457 0.403313
vt 0.217649 0.360381
vt 0.217640 0.363842
vt 0.210572 0.363842
vt 0.225542 0.525028
vt 0.219282 0.533927
vt 0.219279 0.523952
vt 0.212648 0.522775
vt 0.219160 0.509067
vt 0.212648 0.510143
vt 0.206055 0.522775
vt 0.206055 0.509065
vt 0.212648 0.522775
vt 0.206055 0.509065
vt 0.225542 0.508395
vt 0.231457 0.522775
vt 0.231457 0.509065
vt 0.225542 0.508395
vt 0.225542 0.495009
vt 0.219282 0.495009
vt 0.212648 0.495009
vt 0.206055 0.495009
vt 0.212648 0.495009
vt 0.225542 0.495009
vt 0.231457 0.495009
vt 0.219282 0.474667
vt 0.219282 0.454950
vt 0.225542 0.474667
vt 0.225542 0.454950
vt 0.212648 0.474667
vt 0.212648 0.454950
vt 0.212648 0.474667
vt 0.206055 0.474667
vt 0.212648 0.454950
vt 0.206055 0.454950
vt 0.225542 0.454950
vt 0.231457 0.454950
vt 0.225542 0.474667
vt 0.231457 0.474667
vt 0.225542 0.436140
vt 0.219282 0.436140
vt 0.212648 0.436140
vt 0.206055 0.436140
vt 0.212648 0.436140
vt 0.225542 0.436140
vt 0.231457 0.436140
vt 0.155264 0.582691
vt 0.138503 0.595669
vt 0.140239 0.582691
vt 0.155264 0.777122
vt 0.143930 0.777122
vt 0.155264 0.746386
vt 0.143930 0.746386
vt 0.155264 0.595669
vt 0.155264 0.582691
vt 0.165361 0.595669
vt 0.155264 0.689787
vt 0.155264 0.660619
vt 0.165361 0.689787
vt 0.165361 0.660619
vt 0.155264 0.746386
vt 0.165361 0.777122
vt 0.165361 0.746386
vt 0.143930 0.595669
vt 0.055223 0.365870
vt 0.055223 0.379587
vt 0.043969 0.365870
vt 0.043969 0.379587
vt 0.178600 0.607108
vt 0.165361 0.607108
vt 0.178600 0.595669
vt 0.165361 0.633131
vt 0.155264 0.633131
vt 0.155264 0.607108
vt 0.131998 0.607108
vt 0.143930 0.607108
vt 0.178600 0.633131
vt 0.062926 0.365870
vt 0.062926 0.379587
vt 0.412306 0.416659
vt 0.431324 0.397456
vt 0.131998 0.595669
vt 0.131998 0.633131
vt 0.143930 0.633131
vt 0.131998 0.660619
vt 0.143930 0.660619
vt 0.178600 0.660619
vt 0.131998 0.777122
vt 0.131998 0.746386
vt 0.178600 0.777122
vt 0.178600 0.746386
vt 0.178600 0.689787
vt 0.451688 0.379612
vt 0.440889 0.368300
vt 0.419650 0.382823
vt 0.397435 0.391024
vt 0.386771 0.401575
vt 0.155264 0.689787
vt 0.143930 0.660619
vt 0.143930 0.689787
vt 0.131998 0.689787
vt 0.178600 0.718128
vt 0.165361 0.718128
vt 0.155264 0.718128
vt 0.143930 0.718128
vt 0.131998 0.718128
vt 0.155264 0.718128
vt 0.372819 0.388681
vt 0.344527 0.385899
vt 0.159265 0.411828
vt 0.164784 0.411828
vt 0.159265 0.420268
vt 0.164784 0.420268
vt 0.152867 0.420268
vt 0.152867 0.411828
vt 0.159265 0.420268
vt 0.159265 0.411828
vt 0.146628 0.420268
vt 0.146628 0.411828
vt 0.146628 0.420268
vt 0.140972 0.420268
vt 0.146628 0.411828
vt 0.140972 0.411828
vt 0.151211 0.361889
vt 0.151012 0.365142
vt 0.144369 0.365142
vt 0.146628 0.519820
vt 0.152867 0.519820
vt 0.152867 0.529145
vt 0.159265 0.519820
vt 0.159265 0.493358
vt 0.164784 0.493358
vt 0.159265 0.519820
vt 0.164784 0.493358
vt 0.164784 0.519820
vt 0.140972 0.493358
vt 0.146628 0.493358
vt 0.140972 0.519820
vt 0.146628 0.493358
vt 0.146628 0.476596
vt 0.159265 0.476596
vt 0.164784 0.476596
vt 0.140972 0.476596
vt 0.146628 0.476596
vt 0.146628 0.459677
vt 0.152867 0.459677
vt 0.159265 0.459677
vt 0.159265 0.459677
vt 0.164784 0.459677
vt 0.140972 0.459677
vt 0.146628 0.459677
vt 0.146628 0.440875
vt 0.152867 0.440875
vt 0.159265 0.440875
vt 0.159265 0.440875
vt 0.164784 0.440875
vt 0.146628 0.440875
vt 0.140972 0.440875
vt 0.155264 0.950784
vt 0.131997 0.950784
vt 0.138528 0.942237
vt 0.062925 0.902819
vt 0.072501 0.902819
vt 0.062925 0.918732
vt 0.072502 0.931345
vt 0.055221 0.851812
vt 0.062924 0.851811
vt 0.055222 0.918732
vt 0.055221 0.902819
vt 0.143930 0.801843
vt 0.155264 0.801843
vt 0.155264 0.942237
vt 0.161081 0.942237
vt 0.155264 0.950784
vt 0.165361 0.853691
vt 0.165361 0.877233
vt 0.155264 0.853691
vt 0.155264 0.877233
vt 0.165361 0.801843
vt 0.155264 0.801843
vt 0.147449 0.942237
vt 0.072501 0.851811
vt 0.043967 0.851812
vt 0.043967 0.878983
vt 0.055221 0.878983
vt 0.043967 0.902820
vt 0.043968 0.918732
vt 0.043969 0.931345
vt 0.055223 0.931345
vt 0.165361 0.927925
vt 0.168672 0.942237
vt 0.178600 0.927925
vt 0.062924 0.878983
vt 0.072501 0.878983
vt 0.084208 0.851811
vt 0.165361 0.901213
vt 0.155264 0.901213
vt 0.155264 0.927925
vt 0.084209 0.902819
vt 0.143930 0.927924
vt 0.131998 0.927924
vt 0.433931 0.082050
vt 0.178600 0.901213
vt 0.508500 0.067586
vt 0.520514 0.032921
vt 0.540250 0.051511
vt 0.062926 0.931345
vt 0.084208 0.878983
vt 0.414900 0.062857
vt 0.131997 0.942237
vt 0.084210 0.931345
vt 0.072502 0.931345
vt 0.143930 0.877233
vt 0.143930 0.901213
vt 0.131998 0.877233
vt 0.131998 0.901213
vt 0.178600 0.877233
vt 0.510210 0.086484
vt 0.513306 0.106206
vt 0.484303 0.099989
vt 0.131998 0.801843
vt 0.476457 0.085197
vt 0.459425 0.066994
vt 0.498618 0.045205
vt 0.178600 0.801843
vt 0.178600 0.853691
vt 0.394541 0.045007
vt 0.535440 0.074872
vt 0.538219 0.099907
vt 0.426574 0.048240
vt 0.405347 0.033702
vt 0.448806 0.056502
vt 0.143930 0.853691
vt 0.143930 0.853691
vt 0.131998 0.853691
vt 0.165361 0.826556
vt 0.178600 0.826556
vt 0.155264 0.826556
vt 0.143930 0.826556
vt 0.131998 0.826556
vt 0.473318 0.054058
vt 0.538730 0.027231
vt 0.369379 0.435330
vt 0.376893 0.417497
vt 0.343397 0.400534
vt 0.318714 0.382513
vt 0.131998 0.582691
vt 0.067053 0.931345
vt 0.062925 0.918732
vt 0.067053 0.931345
vt 0.062926 0.931345
vt 0.157655 0.365142
vt 0.151021 0.368394
vt 0.224708 0.363842
vt 0.217851 0.367303
vt 0.217640 0.363842
vt 0.217851 0.367303
vt 0.217649 0.360381
vt 0.072503 0.365870
vt 0.062926 0.379587
vt 0.352319 0.501842
vt 0.285730 0.170436
vt 0.296833 0.145940
vt 0.275454 0.201259
vt 0.306230 0.125875
vt 0.266569 0.123685
vt 0.072503 0.394977
vt 0.062926 0.394977
vt 0.062926 0.492863
vt 0.055222 0.492863
vt 0.062926 0.462000
vt 0.055222 0.462000
vt 0.055222 0.439925
vt 0.062926 0.439925
vt 0.062926 0.394977
vt 0.055223 0.394977
vt 0.072502 0.492863
vt 0.072502 0.462000
vt 0.072502 0.439925
vt 0.043968 0.439925
vt 0.043968 0.462000
vt 0.055222 0.415157
vt 0.043969 0.394977
vt 0.043968 0.415157
vt 0.072502 0.415157
vt 0.062926 0.415157
vt 0.084210 0.462000
vt 0.084210 0.439925
vt 0.084210 0.394977
vt 0.043968 0.492863
vt 0.084210 0.492863
vt 0.084210 0.415157
vt 0.084210 0.365870
vt 0.363633 0.457277
vt 0.357528 0.481248
vt 0.307451 0.388844
vt 0.304621 0.374475
vt 0.342043 0.420531
vt 0.341089 0.444445
vt 0.312174 0.409336
vt 0.332227 0.496547
vt 0.336564 0.468170
vt 0.312447 0.461581
vt 0.313466 0.433255
vt 0.309968 0.491882
vt 0.879116 0.890000
vt 0.879116 0.990000
vt 0.821317 0.890000
vt 0.821317 0.990000
vt 0.921348 0.990000
vt 0.921348 0.890000
vt 0.990000 0.990000
vt 0.990000 0.890000
vt 0.737787 0.990000
vt 0.775841 0.890000
vt 0.775841 0.990000
vt 0.646637 0.890000
vt 0.610000 0.990000
vt 0.610000 0.800000
vt 0.737787 0.890000
vt 0.775841 0.800000
vt 0.879116 0.800000
vt 0.821317 0.800000
vt 0.921348 0.800000
vt 0.990000 0.800000
vt 0.703845 0.890000
vt 0.703845 0.990000
vt 0.679616 0.990000
vt 0.703845 0.800000
vt 0.679616 0.800000
vt 0.679616 0.890000
vt 0.737787 0.800000
vt 0.646637 0.990000
vt 0.646637 0.800000
vt 0.844500 0.700000
vt 0.769125 0.700000
vt 0.844500 0.800000
vt 0.769125 0.788806
vt 0.674682 0.782835
vt 0.715150 0.782835
vt 0.674682 0.700000
vt 0.715150 0.700000
vt 0.646637 0.700000
vt 0.646637 0.782835
vt 0.674682 0.599474
vt 0.646637 0.599474
vt 0.715150 0.599474
vt 0.769125 0.599474
vt 0.844500 0.599474
vt 0.610000 0.599474
vt 0.888216 0.599474
vt 0.888216 0.700000
vt 0.888216 0.800000
vt 0.926738 0.700000
vt 0.926738 0.599474
vt 0.926738 0.800000
vt 0.961043 0.700000
vt 0.961043 0.599474
vt 0.961043 0.800000
vt 0.990000 0.599474
vt 0.990000 0.700000
vt 0.990000 0.800000
vt 0.610000 0.782835
vt 0.865275 0.300000
vt 0.817787 0.300000
vt 0.865275 0.400000
vt 0.817787 0.400000
vt 0.920250 0.300000
vt 0.920250 0.400000
vt 0.646637 0.300000
vt 0.646637 0.200000
vt 0.610000 0.200000
vt 0.693257 0.300000
vt 0.693257 0.400000
vt 0.865275 0.200000
vt 0.920250 0.200000
vt 0.817787 0.200000
vt 0.693257 0.200000
vt 0.610000 0.400000
vt 0.646637 0.400000
vt 0.990000 0.200000
vt 0.990000 0.300000
vt 0.990000 0.400000
vt 0.871327 0.499474
vt 0.801205 0.499474
vt 0.871327 0.599474
vt 0.801205 0.599474
vt 0.693257 0.499474
vt 0.693257 0.599474
vt 0.646637 0.499474
vt 0.646637 0.400000
vt 0.610000 0.400000
vt 0.646637 0.599474
vt 0.940013 0.400000
vt 0.871327 0.400000
vt 0.940013 0.499474
vt 0.940013 0.599474
vt 0.990000 0.400000
vt 0.990000 0.499474
vt 0.990000 0.599474
vt 0.610000 0.599474
vt 0.693257 0.400000
vt 0.801205 0.400000
vt 0.956379 0.200000
vt 0.956379 0.100000
vt 0.926738 0.200000
vt 0.926738 0.100000
vt 0.822941 0.100000
vt 0.822941 0.200000
vt 0.888196 0.100000
vt 0.888196 0.200000
vt 0.646637 0.048584
vt 0.610000 0.048584
vt 0.646637 0.100000
vt 0.769125 0.100000
vt 0.769125 0.200000
vt 0.713944 0.200000
vt 0.713944 0.100000
vt 0.646637 0.200000
vt 0.713944 0.048584
vt 0.769125 0.048584
vt 0.822941 0.038503
vt 0.888196 0.030747
vt 0.926738 0.030747
vt 0.956379 0.030747
vt 0.610000 0.200000
vt 0.990000 0.100000
vt 0.990000 0.030747
vt 0.990000 0.200000
vt 0.990000 0.900000
vt 0.990000 0.800000
vt 0.912519 0.900000
vt 0.912519 0.800000
vt 0.912519 0.990000
vt 0.990000 0.990000
vt 0.698760 0.900000
vt 0.653053 0.900000
vt 0.698760 0.971438
vt 0.653053 0.971438
vt 0.653053 0.800000
vt 0.698760 0.800000
vt 0.610000 0.971438
vt 0.610000 0.800000
vt 0.740685 0.900000
vt 0.740685 0.971438
vt 0.740685 0.800000
vt 0.816674 0.900000
vt 0.816674 0.971438
vt 0.816674 0.800000
vt 0.859334 0.700000
vt 0.926738 0.700000
vt 0.859334 0.616434
vt 0.926738 0.599474
vt 0.926738 0.800000
vt 0.859334 0.800000
vt 0.990000 0.599474
vt 0.990000 0.700000
vt 0.990000 0.800000
vt 0.698760 0.800000
vt 0.769125 0.800000
vt 0.698760 0.700000
vt 0.769125 0.700000
vt 0.698760 0.616434
vt 0.769125 0.616434
vt 0.610000 0.700000
vt 0.610000 0.800000
vt 0.610000 0.616434
vt 0.886178 0.400000
vt 0.945201 0.400000
vt 0.886178 0.300000
vt 0.945201 0.300000
vt 0.713944 0.300000
vt 0.646637 0.300000
vt 0.713944 0.388476
vt 0.646637 0.388476
vt 0.990000 0.400000
vt 0.990000 0.300000
vt 0.610000 0.200000
vt 0.610000 0.300000
vt 0.769125 0.388476
vt 0.769125 0.300000
vt 0.769125 0.200000
vt 0.886178 0.200000
vt 0.945201 0.200000
vt 0.990000 0.200000
vt 0.646637 0.200000
vt 0.610000 0.388476
vt 0.713944 0.200000
vt 0.945201 0.300000
vt 0.945201 0.400000
vt 0.886178 0.300000
vt 0.886178 0.400000
vt 0.646637 0.388476
vt 0.646637 0.300000
vt 0.713944 0.388476
vt 0.713944 0.300000
vt 0.990000 0.300000
vt 0.990000 0.400000
vt 0.610000 0.300000
vt 0.610000 0.200000
vt 0.769125 0.300000
vt 0.769125 0.388476
vt 0.886178 0.200000
vt 0.769125 0.200000
vt 0.945201 0.200000
vt 0.990000 0.200000
vt 0.646637 0.200000
vt 0.610000 0.388476
vt 0.713944 0.200000
vt 0.926738 0.599474
vt 0.926738 0.700000
vt 0.859334 0.616434
vt 0.859334 0.700000
vt 0.926738 0.800000
vt 0.859334 0.800000
vt 0.990000 0.599474
vt 0.990000 0.700000
vt 0.990000 0.800000
vt 0.769125 0.700000
vt 0.769125 0.800000
vt 0.698760 0.700000
vt 0.698760 0.800000
vt 0.698760 0.616434
vt 0.769125 0.616434
vt 0.610000 0.700000
vt 0.610000 0.800000
vt 0.610000 0.616434
vt 0.912519 0.800000
vt 0.990000 0.800000
vt 0.912519 0.900000
vt 0.990000 0.900000
vt 0.990000 0.990000
vt 0.912519 0.990000
vt 0.698760 0.900000
vt 0.698760 0.971438
vt 0.653053 0.900000
vt 0.653053 0.971438
vt 0.698760 0.800000
vt 0.653053 0.800000
vt 0.610000 0.971438
vt 0.610000 0.800000
vt 0.740685 0.900000
vt 0.740685 0.971438
vt 0.740685 0.800000
vt 0.816674 0.900000
vt 0.816674 0.971438
vt 0.816674 0.800000
vt 0.926738 0.100000
vt 0.956379 0.100000
vt 0.926738 0.200000
vt 0.956379 0.200000
vt 0.888196 0.200000
vt 0.822941 0.200000
vt 0.888196 0.100000
vt 0.822941 0.100000
vt 0.646637 0.048584
vt 0.646637 0.100000
vt 0.610000 0.048584
vt 0.769125 0.200000
vt 0.769125 0.100000
vt 0.713944 0.200000
vt 0.713944 0.100000
vt 0.646637 0.200000
vt 0.713944 0.048584
vt 0.769125 0.048584
vt 0.822941 0.038503
vt 0.888196 0.030747
vt 0.926738 0.030747
vt 0.956379 0.030747
vt 0.610000 0.200000
vt 0.990000 0.100000
vt 0.990000 0.030747
vt 0.990000 0.200000
vt 0.871327 0.499474
vt 0.871327 0.599474
vt 0.801205 0.499474
vt 0.801205 0.599474
vt 0.693257 0.599474
vt 0.693257 0.499474
vt 0.646637 0.499474
vt 0.610000 0.400000
vt 0.646637 0.400000
vt 0.646637 0.599474
vt 0.871327 0.400000
vt 0.940013 0.499474
vt 0.940013 0.400000
vt 0.940013 0.599474
vt 0.990000 0.400000
vt 0.990000 0.499474
vt 0.990000 0.599474
vt 0.610000 0.599474
vt 0.693257 0.400000
vt 0.801205 0.400000
vt 0.865275 0.300000
vt 0.865275 0.400000
vt 0.817787 0.300000
vt 0.817787 0.400000
vt 0.920250 0.300000
vt 0.920250 0.400000
vt 0.646637 0.300000
vt 0.610000 0.200000
vt 0.646637 0.200000
vt 0.693257 0.300000
vt 0.693257 0.400000
vt 0.920250 0.200000
vt 0.865275 0.200000
vt 0.817787 0.200000
vt 0.693257 0.200000
vt 0.610000 0.400000
vt 0.646637 0.400000
vt 0.990000 0.200000
vt 0.990000 0.300000
vt 0.990000 0.400000
vt 0.844500 0.700000
vt 0.844500 0.800000
vt 0.769125 0.700000
vt 0.769125 0.788806
vt 0.715150 0.700000
vt 0.715150 0.782835
vt 0.674682 0.700000
vt 0.674682 0.782835
vt 0.646637 0.700000
vt 0.646637 0.782835
vt 0.674682 0.599474
vt 0.646637 0.599474
vt 0.715150 0.599474
vt 0.844500 0.599474
vt 0.769125 0.599474
vt 0.610000 0.599474
vt 0.888216 0.599474
vt 0.888216 0.700000
vt 0.888216 0.800000
vt 0.926738 0.700000
vt 0.926738 0.599474
vt 0.926738 0.800000
vt 0.961043 0.700000
vt 0.961043 0.599474
vt 0.961043 0.800000
vt 0.990000 0.700000
vt 0.990000 0.599474
vt 0.990000 0.800000
vt 0.610000 0.782835
vt 0.821317 0.990000
vt 0.879116 0.990000
vt 0.821317 0.890000
vt 0.879116 0.890000
vt 0.990000 0.890000
vt 0.921348 0.890000
vt 0.990000 0.990000
vt 0.921348 0.990000
vt 0.737787 0.990000
vt 0.775841 0.990000
vt 0.775841 0.890000
vt 0.646637 0.890000
vt 0.610000 0.800000
vt 0.610000 0.990000
vt 0.737787 0.890000
vt 0.775841 0.800000
vt 0.879116 0.800000
vt 0.821317 0.800000
vt 0.990000 0.800000
vt 0.921348 0.800000
vt 0.703845 0.890000
vt 0.679616 0.990000
vt 0.703845 0.990000
vt 0.703845 0.800000
vt 0.679616 0.800000
vt 0.679616 0.890000
vt 0.737787 0.800000
vt 0.646637 0.990000
vt 0.646637 0.800000

vn 0.010288 -0.697032 0.716966
vn 0.330649 -0.655531 0.678933
vn 0.004980 -0.337520 0.941305
vn 0.355142 -0.316941 0.879445
vn 0.365784 0.005400 0.930684
vn -0.000003 0.000000 1.000000
vn 0.729294 0.010766 0.684116
vn 0.696295 -0.294620 0.654502
vn 0.584885 -0.563393 0.583522
vn -0.365789 -0.005400 0.930682
vn -0.729297 -0.010766 0.684113
vn -0.345635 -0.327285 0.879444
vn -0.687298 -0.315044 0.654499
vn -0.311159 -0.665004 0.678933
vn -0.568004 -0.580411 0.583519
vn -0.010291 0.697035 0.716963
vn -0.330653 0.655531 0.678931
vn -0.004985 0.337520 0.941305
vn -0.355148 0.316941 0.879442
vn -0.696299 0.294620 0.654497
vn -0.584887 0.563393 0.583520
vn 0.687295 0.315043 0.654502
vn 0.345632 0.327286 0.879444
vn 0.311157 0.665007 0.678931
vn 0.568000 0.580410 0.583524
vn 0.653090 0.659165 0.372793
vn 0.318235 0.856806 0.405722
vn -0.013347 0.904074 0.427168
vn -0.014139 0.957789 0.287124
vn 0.336068 0.902094 0.270713
vn 0.683465 0.685491 0.250953
vn -0.672264 0.639600 0.372790
vn -0.343388 0.847038 0.405723
vn -0.703403 0.665018 0.250950
vn -0.362549 0.891781 0.270711
vn -0.653093 -0.659165 0.372788
vn -0.318237 -0.856805 0.405721
vn 0.013345 -0.904075 0.427166
vn 0.014138 -0.957793 0.287111
vn -0.336069 -0.902095 0.270705
vn -0.683467 -0.685491 0.250950
vn 0.672262 -0.639600 0.372794
vn 0.343386 -0.847039 0.405724
vn 0.703401 -0.665017 0.250957
vn 0.362548 -0.891782 0.270710
vn -0.913719 -0.327520 0.240518
vn -0.877184 -0.318531 0.359285
vn -0.928713 -0.013709 0.370545
vn -0.970301 -0.014323 0.241476
vn -0.886204 0.292501 0.359286
vn -0.922988 0.300407 0.240518
vn 0.886203 -0.292501 0.359288
vn 0.928712 0.013709 0.370547
vn -0.994409 -0.061608 -0.085763
vn 0.922987 -0.300407 0.240521
vn 0.913718 0.327520 0.240521
vn 0.877182 0.318531 0.359290
vn -0.355145 -0.316941 0.879443
vn -0.330650 -0.655532 0.678932
vn -0.004980 -0.337519 0.941306
vn -0.010288 -0.697031 0.716967
vn -0.365783 0.005399 0.930685
vn 0.000003 -0.000001 1.000000
vn -0.696296 -0.294621 0.654500
vn -0.729291 0.010766 0.684119
vn -0.584886 -0.563395 0.583519
vn 0.365787 -0.005401 0.930683
vn 0.345638 -0.327286 0.879442
vn 0.729295 -0.010766 0.684115
vn 0.687299 -0.315045 0.654497
vn 0.311159 -0.665005 0.678931
vn 0.568004 -0.580412 0.583518
vn 0.355144 0.316941 0.879444
vn 0.330654 0.655530 0.678932
vn 0.004985 0.337519 0.941306
vn 0.010291 0.697029 0.716969
vn 0.696297 0.294621 0.654499
vn 0.584889 0.563395 0.583516
vn -0.345630 0.327286 0.879445
vn -0.687295 0.315045 0.654502
vn -0.311156 0.665004 0.678934
vn -0.568001 0.580412 0.583521
vn -0.653090 0.659166 0.372792
vn -0.318235 0.856805 0.405724
vn 0.013347 0.904074 0.427168
vn 0.014139 0.957793 0.287111
vn -0.336068 0.902095 0.270707
vn -0.683465 0.685491 0.250954
vn 0.362550 0.891782 0.270708
vn 0.343389 0.847038 0.405723
vn 0.703402 0.665017 0.250954
vn 0.672264 0.639601 0.372790
vn 0.653093 -0.659165 0.372788
vn 0.318237 -0.856806 0.405720
vn -0.013345 -0.904076 0.427164
vn -0.014138 -0.957793 0.287111
vn 0.336069 -0.902096 0.270704
vn 0.683467 -0.685491 0.250948
vn -0.362549 -0.891782 0.270709
vn -0.343387 -0.847039 0.405722
vn -0.703401 -0.665017 0.250956
vn -0.672262 -0.639601 0.372792
vn 0.913719 -0.327520 0.240516
vn 0.877184 -0.318532 0.359285
vn 0.928713 -0.013709 0.370546
vn 0.970301 -0.014323 0.241476
vn 0.886204 0.292501 0.359285
vn 0.922988 0.300407 0.240518
vn -0.886202 -0.292501 0.359291
vn -0.928711 0.013709 0.370551
vn -0.922987 -0.300407 0.240523
vn -0.994409 0.061608 0.085763
vn -0.913717 0.327520 0.240523
vn -0.877183 0.318531 0.359288
vn 0.665059 -0.419515 -0.617821
vn 0.853407 -0.378198 -0.358696
vn 0.887195 -0.347212 -0.303857
vn 0.657422 -0.454600 -0.600945
vn 0.316040 -0.558495 -0.766943
vn 0.320871 -0.521092 -0.790889
vn 0.000000 -0.554416 -0.832240
vn -0.000100 -0.595165 -0.803603
vn 0.990242 -0.097425 0.099644
vn 0.990771 -0.068950 0.116702
vn 0.985839 -0.086885 0.143431
vn 0.981557 -0.079424 0.173888
vn -0.656820 -0.455823 -0.600678
vn -0.665053 -0.419524 -0.617821
vn -0.853319 -0.379052 -0.358003
vn -0.887191 -0.347219 -0.303860
vn -0.315943 -0.559201 -0.766469
vn -0.320870 -0.521094 -0.790888
vn -0.990242 -0.097425 0.099644
vn -0.985839 -0.086885 0.143432
vn -0.990771 -0.068950 0.116701
vn -0.981557 -0.079424 0.173889
vn 0.968635 -0.222830 0.109965
vn 0.923126 -0.241612 -0.299103
vn 0.905991 -0.419976 -0.052924
vn 0.345533 -0.412956 -0.842659
vn 0.680484 -0.347059 -0.645362
vn 0.000000 -0.434829 -0.900513
vn -0.923127 -0.241608 -0.299102
vn -0.905990 -0.419977 -0.052925
vn -0.968635 -0.222833 0.109964
vn -0.345538 -0.412956 -0.842657
vn -0.680488 -0.347058 -0.645358
vn 0.237208 -0.971252 0.020037
vn 0.384592 -0.894350 0.228533
vn 0.505469 -0.862325 0.029962
vn 0.736877 -0.632269 0.239266
vn 0.656017 -0.754271 0.026776
vn 0.000000 -0.999982 0.006098
vn 0.000000 -0.990734 0.135814
vn -0.669459 0.734629 -0.110201
vn -0.011205 0.986871 0.161123
vn -0.640041 0.571878 -0.513130
vn -0.379483 0.716302 -0.585580
vn 0.000000 0.998719 0.050606
vn 0.000000 0.712302 -0.701873
vn -0.736873 -0.632273 0.239268
vn -0.384588 -0.894352 0.228533
vn -0.656015 -0.754273 0.026784
vn -0.505468 -0.862325 0.029966
vn -0.237208 -0.971252 0.020044
vn 0.000000 -0.990734 0.135814
vn 0.669459 0.734629 -0.110201
vn 0.640041 0.571878 -0.513130
vn 0.011205 0.986871 0.161122
vn 0.379483 0.716303 -0.585579
vn 0.735555 -0.676352 0.038827
vn 0.884913 -0.367973 0.285524
vn 0.968635 -0.222830 0.109965
vn 0.810721 -0.584992 -0.022723
vn 0.905991 -0.419976 -0.052924
vn -0.884913 -0.367978 0.285519
vn -0.810721 -0.584991 -0.022727
vn -0.968635 -0.222833 0.109964
vn -0.905990 -0.419977 -0.052925
vn -0.735555 -0.676352 0.038831
vn 0.233607 -0.972115 -0.020502
vn 0.000000 -0.993898 0.110305
vn 0.000000 -0.999942 -0.010738
vn 0.232398 -0.965946 0.113753
vn 0.567859 -0.291736 0.769693
vn 0.500667 -0.160628 0.850606
vn 0.576409 -0.166665 0.799985
vn 0.336679 -0.122576 0.933607
vn 0.320484 -0.125454 0.938910
vn 0.000000 -0.119927 0.992783
vn 0.000000 -0.142911 0.989736
vn 0.341528 -0.533570 0.773732
vn -0.000520 -0.568132 0.822938
vn 0.294979 -0.812606 0.502652
vn 0.000000 -0.848439 0.529294
vn 0.251221 -0.921704 0.295550
vn 0.000000 -0.951046 0.309051
vn 0.615866 -0.455341 0.642941
vn 0.565224 -0.692520 0.448261
vn 0.483828 -0.823977 0.294910
vn 0.445773 -0.878903 0.169752
vn 0.459143 -0.887641 0.035790
vn -0.233608 -0.972115 -0.020505
vn -0.232398 -0.965946 0.113748
vn -0.576409 -0.166665 0.799985
vn -0.500667 -0.160628 0.850606
vn -0.567857 -0.291736 0.769694
vn -0.320309 -0.125463 0.938968
vn -0.336678 -0.122575 0.933608
vn -0.341528 -0.533571 0.773732
vn -0.294979 -0.812606 0.502652
vn -0.251221 -0.921704 0.295551
vn -0.615866 -0.455341 0.642941
vn -0.565224 -0.692520 0.448261
vn -0.483828 -0.823977 0.294911
vn -0.445773 -0.878903 0.169753
vn -0.459144 -0.887641 0.035791
vn 0.858726 -0.455954 -0.233872
vn 0.833467 -0.439263 -0.335232
vn 0.819165 -0.518027 -0.246203
vn 0.858726 -0.455954 -0.233872
vn 0.649443 -0.659144 -0.379148
vn 0.785214 -0.607469 -0.120089
vn 0.833467 -0.439263 -0.335232
vn -0.463468 0.765608 0.446140
vn -0.950105 0.104071 0.294059
vn -0.724098 0.235496 0.648246
vn -0.764612 0.503529 -0.402276
vn -0.980611 0.150131 -0.125944
vn 0.528290 0.734033 0.426738
vn -0.861738 -0.315758 0.397120
vn -0.764612 0.503529 -0.402276
vn -0.768297 0.296703 -0.567174
vn -0.877681 0.122024 -0.463450
vn -0.892252 -0.451528 -0.003145
vn -0.412138 -0.909617 0.052337
vn -0.861738 -0.315758 0.397120
vn -0.412138 -0.909617 0.052337
vn -0.475227 -0.797256 0.372212
vn -0.595138 -0.614388 -0.518014
vn -0.830348 -0.337094 -0.443724
vn 0.000000 -0.998762 0.049740
vn 0.000000 -0.967786 0.251776
vn 0.000000 -0.804385 -0.594109
vn 0.529186 0.428405 0.732415
vn 0.000000 -0.100614 0.994926
vn -0.892252 -0.451528 -0.003145
vn -0.877681 0.122024 -0.463450
vn -0.980611 0.150131 -0.125944
vn -0.825184 -0.056124 -0.562069
vn -0.768297 0.296703 -0.567174
vn -0.858726 -0.455954 -0.233873
vn -0.834061 -0.439180 -0.333861
vn -0.819165 -0.518027 -0.246206
vn -0.858726 -0.455954 -0.233873
vn -0.649443 -0.659144 -0.379148
vn -0.785213 -0.607469 -0.120092
vn -0.834061 -0.439180 -0.333861
vn 0.463468 0.765609 0.446139
vn 0.724100 0.235497 0.648245
vn 0.950105 0.104071 0.294058
vn 0.764612 0.503529 -0.402276
vn 0.980611 0.150131 -0.125944
vn -0.528290 0.734034 0.426736
vn 0.861738 -0.315759 0.397119
vn 0.764612 0.503529 -0.402276
vn 0.877682 0.122024 -0.463449
vn 0.768298 0.296704 -0.567172
vn 0.892252 -0.451528 -0.003145
vn 0.861738 -0.315759 0.397119
vn 0.412138 -0.909617 0.052338
vn 0.412138 -0.909617 0.052338
vn 0.475227 -0.797256 0.372211
vn 0.830348 -0.337094 -0.443722
vn 0.595138 -0.614388 -0.518014
vn 0.000000 -0.967786 0.251776
vn -0.529187 0.428408 0.732412
vn 0.000000 -0.100614 0.994926
vn 0.892252 -0.451528 -0.003145
vn 0.877682 0.122024 -0.463449
vn 0.980611 0.150131 -0.125944
vn 0.825186 -0.056124 -0.562066
vn 0.768298 0.296704 -0.567172
vn 0.958575 -0.127199 0.254862
vn 0.990261 -0.073675 0.118130
vn 0.989155 -0.101265 0.106385
vn 0.940184 -0.334860 0.062633
vn -0.310232 0.166100 -0.936038
vn -0.663581 0.306081 -0.682624
vn -0.655775 0.081115 -0.750586
vn 0.945727 -0.068567 0.317645
vn -0.296498 -0.566841 -0.768623
vn 0.569040 -0.482841 -0.665626
vn -0.707120 0.662493 -0.247154
vn -0.015093 -0.917365 -0.397762
vn 0.078419 0.204087 -0.975807
vn 0.034091 -0.150524 -0.988018
vn 0.853714 -0.233191 -0.465611
vn 0.817178 0.021966 -0.575967
vn 0.174976 -0.604224 -0.777366
vn 0.889081 -0.402693 -0.217656
vn 0.336368 -0.764425 -0.550010
vn 0.913441 -0.403237 -0.054994
vn 0.949130 -0.189733 0.251303
vn 0.941996 -0.204198 0.266359
vn 0.936213 -0.350856 0.020132
vn 0.931174 -0.356889 0.074464
vn 0.777014 -0.005515 0.629459
vn 0.742432 0.324476 0.586097
vn 0.953436 -0.106971 0.281988
vn 0.957158 -0.026993 0.288306
vn -0.251000 0.852333 0.458832
vn -0.278002 0.943578 0.179930
vn 0.741908 0.605944 0.287062
vn -0.707120 0.662493 -0.247154
vn -0.082864 0.515604 -0.852811
vn 0.782150 0.332077 -0.527225
vn 0.945485 -0.103208 0.308880
vn 0.923472 -0.065939 0.377957
vn 0.979102 0.137535 0.149809
vn 0.958668 -0.135830 0.250013
vn 0.804536 -0.498656 0.322588
vn 0.923209 -0.348485 0.162000
vn 0.732854 0.456546 0.504471
vn 0.889950 0.298765 0.344571
vn 0.800692 -0.134924 0.583685
vn 0.915992 0.000711 0.401197
vn 0.706830 -0.292184 0.644221
vn 0.956391 -0.290361 0.031723
vn 0.947336 -0.164985 0.274471
vn 0.252826 -0.871574 -0.420045
vn 0.821903 -0.487871 0.294036
vn 0.409447 -0.911937 0.026892
vn 0.259957 -0.965183 -0.029061
vn 0.867807 -0.193015 0.457883
vn 0.931764 -0.340388 0.126302
vn 0.819155 -0.565564 0.095511
vn 0.850977 -0.521096 -0.065553
vn 0.868771 0.027580 0.494446
vn 0.929042 -0.350975 -0.117036
vn 0.938768 -0.339974 -0.055959
vn 0.893102 -0.227158 0.388290
vn 0.822438 0.316602 0.472609
vn 0.781253 -0.506999 0.364138
vn 0.957806 -0.209686 0.196568
vn 0.758299 0.623900 -0.189030
vn -0.285746 0.886656 -0.363582
vn -0.285746 0.886656 -0.363582
vn 0.000000 0.252450 0.967610
vn -0.135442 0.826717 0.546071
vn -0.440433 0.332881 0.833792
vn 0.000000 -0.712896 0.701270
vn 0.541907 -0.634745 0.550850
vn 0.440433 0.332884 0.833791
vn 0.135442 0.826717 0.546071
vn 0.000000 0.832881 0.553452
vn -0.541909 -0.634745 0.550848
vn -0.585645 0.070396 0.807505
vn 0.162873 -0.167668 0.972296
vn -0.528866 -0.167677 0.831977
vn -0.008278 0.604424 0.796620
vn 0.732472 -0.092361 0.674503
vn 0.453143 0.790688 0.411672
vn -0.778687 0.552218 0.297829
vn -0.784497 -0.294971 0.545488
vn -0.760284 0.329832 0.559624
vn 0.020377 0.173035 0.984705
vn -0.758299 0.623900 -0.189028
vn -0.957806 -0.209687 0.196569
vn -0.741908 0.605944 0.287062
vn 0.655776 0.081115 -0.750585
vn 0.310234 0.166100 -0.936037
vn 0.296499 -0.566841 -0.768622
vn -0.569938 -0.482562 -0.665061
vn 0.707122 0.662490 -0.247156
vn 0.663582 0.306081 -0.682623
vn 0.015093 -0.917365 -0.397761
vn -0.078419 0.204087 -0.975807
vn -0.034091 -0.150524 -0.988018
vn -0.853715 -0.233191 -0.465611
vn -0.817177 0.021965 -0.575968
vn -0.913441 -0.403238 -0.054993
vn -0.889081 -0.402693 -0.217656
vn -0.336368 -0.764425 -0.550011
vn -0.174976 -0.604222 -0.777367
vn -0.941996 -0.204198 0.266360
vn -0.949130 -0.189733 0.251303
vn -0.742433 0.324476 0.586096
vn -0.931174 -0.356889 0.074462
vn -0.777017 -0.005516 0.629456
vn -0.936213 -0.350857 0.020129
vn -0.953436 -0.106971 0.281989
vn -0.957158 -0.026993 0.288306
vn 0.278002 0.943579 0.179926
vn 0.251005 0.852333 0.458830
vn 0.707122 0.662490 -0.247156
vn -0.782149 0.332077 -0.527227
vn 0.082865 0.515603 -0.852811
vn -0.945485 -0.103207 0.308880
vn -0.979102 0.137536 0.149810
vn -0.923472 -0.065938 0.377957
vn -0.958668 -0.135831 0.250012
vn -0.923209 -0.348485 0.162000
vn -0.804537 -0.498657 0.322586
vn -0.889950 0.298765 0.344572
vn -0.732854 0.456546 0.504471
vn -0.800692 -0.134924 0.583685
vn -0.915992 0.000711 0.401197
vn -0.706830 -0.292184 0.644220
vn -0.947337 -0.164985 0.274469
vn -0.956391 -0.290361 0.031724
vn -0.252826 -0.871575 -0.420044
vn -0.821904 -0.487873 0.294032
vn -0.939169 -0.337601 0.063144
vn -0.958575 -0.127199 0.254861
vn -0.409447 -0.911938 0.026887
vn -0.259957 -0.965183 -0.029064
vn -0.867808 -0.193015 0.457880
vn -0.944684 -0.072259 0.319923
vn -0.931764 -0.340388 0.126303
vn -0.850977 -0.521096 -0.065554
vn -0.819155 -0.565565 0.095509
vn -0.868771 0.027579 0.494446
vn -0.938768 -0.339975 -0.055960
vn -0.929042 -0.350975 -0.117037
vn -0.893102 -0.227158 0.388288
vn -0.822434 0.316597 0.472619
vn -0.781253 -0.507000 0.364136
vn 0.285747 0.886655 -0.363581
vn 0.285747 0.886655 -0.363581
vn 0.982317 0.131384 0.133384
vn 0.873416 -0.470831 0.124349
vn 0.774417 -0.162322 0.611499
vn 0.372913 -0.926339 0.053218
vn 0.798833 0.562822 0.212361
vn 0.875740 0.482450 -0.017946
vn 0.162568 0.971638 0.171731
vn 0.343284 0.922004 0.179065
vn 0.000000 0.990503 0.137495
vn 0.000000 0.961978 0.273127
vn 0.000000 -0.183134 0.983088
vn 0.000000 -0.997966 0.063749
vn 0.830110 -0.343966 0.438868
vn 0.722753 0.453721 0.521311
vn -0.011205 0.986871 0.161123
vn 0.000000 0.998719 0.050606
vn 0.161626 0.939076 0.303336
vn 0.000000 0.981793 0.189954
vn 0.000000 -0.100614 0.994926
vn 0.529186 0.428405 0.732415
vn 0.528290 0.734033 0.426738
vn -0.372914 -0.926339 0.053216
vn -0.873416 -0.470831 0.124348
vn -0.774419 -0.162321 0.611495
vn -0.982317 0.131384 0.133383
vn -0.798833 0.562822 0.212360
vn -0.875740 0.482450 -0.017947
vn -0.343284 0.922005 0.179064
vn -0.162568 0.971638 0.171730
vn 0.000000 -0.997966 0.063749
vn 0.000000 -0.183134 0.983088
vn -0.830111 -0.343966 0.438866
vn -0.722754 0.453721 0.521310
vn 0.000000 0.998719 0.050606
vn 0.011205 0.986871 0.161122
vn -0.161626 0.939078 0.303330
vn -0.529187 0.428408 0.732412
vn -0.528290 0.734034 0.426736
vn 0.008274 0.604307 0.796709
vn 0.585642 0.070396 0.807507
vn -0.162707 -0.167504 0.972352
vn 0.528863 -0.167678 0.831978
vn -0.732387 -0.092202 0.674617
vn -0.452997 0.790745 0.411724
vn 0.784505 -0.294970 0.545477
vn 0.778686 0.552217 0.297833
vn 0.760372 0.329782 0.559534
vn -0.020367 0.173028 0.984706
vn 0.334180 -0.813390 0.476151
vn -0.228097 -0.439202 0.868949
vn -0.026373 -0.619427 0.784611
vn 0.143969 -0.822804 0.549787
vn -0.521328 -0.244338 0.817628
vn -0.457798 -0.088328 0.884658
vn -0.020994 -0.375320 0.926657
vn -0.015631 -0.527598 0.849350
vn -0.234649 -0.498151 0.834737
vn -0.333237 -0.610600 0.718416
vn -0.727867 0.574192 0.374851
vn -0.852141 -0.360988 0.378872
vn -0.819188 -0.224494 0.527763
vn -0.446885 -0.756568 0.477386
vn -0.132238 -0.847350 0.514306
vn -0.589639 -0.148950 0.793814
vn -0.027785 -0.299998 0.953535
vn -0.066004 -0.152876 0.986039
vn 0.018071 -0.831401 0.555379
vn 0.038173 -0.815724 0.577181
vn -0.175558 -0.267008 0.947569
vn -0.235755 -0.055841 0.970207
vn -0.452981 0.455566 0.766334
vn -0.149837 -0.582587 0.798838
vn -0.321918 -0.595566 0.735983
vn -0.367090 0.364209 0.855919
vn -0.566508 -0.200644 0.799257
vn -0.496286 -0.108121 0.861400
vn -0.668121 -0.108059 0.736164
vn -0.932261 -0.012483 0.361571
vn -0.839332 -0.036114 0.542419
vn -0.901647 -0.023394 0.431840
vn -0.801947 -0.099620 0.589031
vn -0.662088 -0.094469 0.743448
vn -0.665729 -0.135179 0.733847
vn -0.681527 -0.174205 0.710756
vn -0.704597 -0.056981 0.707317
vn -0.750607 -0.062096 0.657825
vn -0.645737 0.066542 0.760655
vn -0.720385 0.088338 0.687926
vn -0.779047 0.082246 0.621548
vn -0.958214 -0.060801 0.279517
vn -0.971014 -0.046628 0.234429
vn -0.191458 -0.339872 0.920777
vn -0.889667 0.013038 0.456424
vn -0.942855 -0.005682 0.333155
vn -0.629154 -0.165040 0.759557
vn -0.501699 -0.313075 0.806400
vn -0.721756 -0.000699 0.692147
vn -0.483193 -0.246695 0.840039
vn -0.899212 0.113457 0.422545
vn -0.870370 0.081826 0.485553
vn -0.794883 0.208750 0.569724
vn -0.759051 0.127535 0.638417
vn -0.739332 0.070526 0.669637
vn -0.978508 -0.038702 0.202545
vn -0.989155 -0.101265 0.106385
vn -0.970658 -0.114056 0.211693
vn -0.990261 -0.073675 0.118130
vn -0.845389 0.075531 0.528784
vn -0.937368 0.019500 0.347794
vn 0.015631 -0.527592 0.849354
vn 0.027784 -0.299994 0.953537
vn 0.020993 -0.375318 0.926658
vn 0.228097 -0.439203 0.868949
vn -0.143969 -0.822804 0.549787
vn 0.026380 -0.619318 0.784697
vn -0.334180 -0.813386 0.476158
vn 0.457804 -0.088328 0.884654
vn 0.521335 -0.244339 0.817624
vn 0.333233 -0.610592 0.718424
vn 0.234648 -0.498148 0.834739
vn 0.852139 -0.360986 0.378879
vn 0.727866 0.574192 0.374852
vn 0.819185 -0.224491 0.527768
vn 0.446882 -0.756564 0.477396
vn 0.132239 -0.847345 0.514314
vn 0.589640 -0.148949 0.793813
vn 0.066003 -0.152877 0.986039
vn -0.018071 -0.831398 0.555384
vn -0.038173 -0.815724 0.577180
vn 0.175558 -0.267009 0.947568
vn 0.235753 -0.055841 0.970208
vn 0.452984 0.455566 0.766332
vn -0.531255 0.146900 0.834379
vn -0.351382 0.196100 0.915465
vn -0.317579 0.048393 0.946996
vn -0.761451 0.183304 0.621766
vn -0.831808 0.128026 0.540097
vn -0.479632 0.402986 0.779458
vn -0.187595 0.363346 0.912572
vn -0.484847 0.388461 0.783595
vn -0.246222 0.382081 0.890724
vn -0.563997 0.029397 0.825254
vn -0.265009 0.250226 0.931213
vn -0.442249 0.211948 0.871489
vn -0.258495 0.348656 0.900899
vn -0.177473 0.104897 0.978519
vn -0.227631 0.267486 0.936288
vn -0.696963 0.193449 0.690522
vn -0.269994 -0.117098 0.955715
vn -0.399883 -0.044273 0.915496
vn -0.373431 -0.204917 0.904742
vn -0.601969 -0.210590 0.770250
vn -0.923896 -0.010856 0.382490
vn -0.590072 0.183277 0.786273
vn -0.908209 -0.174801 0.380264
vn -0.838578 -0.036747 0.543540
vn -0.792478 -0.204368 0.574641
vn -0.708151 0.124921 0.694923
vn -0.279404 0.420149 0.863370
vn 0.566510 -0.200645 0.799255
vn 0.321920 -0.595568 0.735980
vn 0.367092 0.364211 0.855917
vn 0.496295 -0.108123 0.861395
vn 0.668124 -0.108059 0.736162
vn 0.149837 -0.582586 0.798838
vn 0.932262 -0.012483 0.361570
vn 0.901647 -0.023394 0.431840
vn 0.839332 -0.036114 0.542418
vn 0.801946 -0.099620 0.589032
vn 0.662086 -0.094469 0.743450
vn 0.970658 -0.114056 0.211693
vn 0.978508 -0.038702 0.202545
vn 0.750605 -0.062096 0.657827
vn 0.681522 -0.174203 0.710761
vn 0.704594 -0.056980 0.707319
vn 0.665725 -0.135177 0.733851
vn 0.645737 0.066542 0.760655
vn 0.971014 -0.046628 0.234429
vn 0.720385 0.088337 0.687926
vn 0.779045 0.082246 0.621550
vn 0.845389 0.075530 0.528784
vn 0.937369 0.019500 0.347794
vn 0.958214 -0.060801 0.279516
vn 0.191457 -0.339872 0.920778
vn -0.512368 0.145090 0.846421
vn 0.265719 0.911576 0.313722
vn -0.227092 0.946032 0.231198
vn -0.155017 0.677815 0.718705
vn -0.223009 0.876285 0.427073
vn -0.327272 0.032798 0.944361
vn -0.129567 0.095935 0.986919
vn -0.095079 0.365932 0.925772
vn -0.073274 0.793440 0.604222
vn -0.081251 0.969129 0.232783
vn -0.058962 0.712915 0.698767
vn 0.024715 0.967964 0.249870
vn -0.619019 0.193234 0.761233
vn -0.094555 0.257638 0.961604
vn -0.572716 0.151957 0.805547
vn -0.327647 0.131001 0.935674
vn -0.498359 0.160597 0.851966
vn -0.090934 0.534618 0.840187
vn -0.199377 0.681366 0.704265
vn 0.148037 0.944274 0.293993
vn -0.142632 0.684266 0.715148
vn 0.082182 0.957623 0.276051
vn -0.247804 -0.490588 0.835414
vn -0.219992 -0.679450 0.699966
vn -0.307660 -0.493278 0.813647
vn -0.436951 0.231744 0.869119
vn -0.408867 0.130408 0.903229
vn -0.298133 0.215859 0.929797
vn -0.260166 -0.610923 0.747721
vn -0.488074 -0.044502 0.871667
vn -0.412435 -0.280872 0.866608
vn -0.329188 -0.666530 0.668860
vn -0.571606 -0.480255 0.665299
vn -0.574466 0.141917 0.806132
vn -0.533913 0.091726 0.840550
vn -0.622748 0.233346 0.746817
vn -0.679451 -0.733109 -0.029952
vn 0.970395 -0.226133 0.084840
vn 0.896989 -0.433049 -0.088768
vn 0.819978 -0.521411 -0.236149
vn 0.922218 -0.381730 0.061618
vn 0.952596 -0.252629 0.169525
vn 0.666806 -0.459810 0.586467
vn 0.673997 -0.603087 0.426631
vn 0.630595 -0.475850 0.613120
vn 0.722189 -0.567293 0.395754
vn 0.715130 -0.682968 -0.148809
vn 0.679476 -0.733086 -0.029951
vn 0.832990 -0.552677 -0.026011
vn 0.813870 -0.576808 0.070057
vn 0.829442 -0.442782 0.340544
vn 0.778027 -0.575901 0.251023
vn 0.875349 -0.427315 0.226197
vn 0.802541 -0.578992 0.143860
vn 0.579940 -0.402612 0.708218
vn 0.750598 -0.441911 0.491240
vn 0.913040 -0.292671 0.284081
vn 0.908209 -0.174801 0.380264
vn 0.849934 -0.315643 0.421879
vn 0.792478 -0.204368 0.574641
vn 0.486223 -0.360059 0.796207
vn 0.718015 -0.314503 0.620920
vn 0.482577 -0.287773 0.827228
vn 0.615110 -0.731162 0.295028
vn 0.651633 -0.726397 0.218455
vn 0.901513 -0.408865 0.141788
vn 0.672263 -0.733271 0.101867
vn 0.673968 -0.738524 0.018679
vn 0.601971 -0.210591 0.770248
vn 0.373433 -0.204918 0.904741
vn -0.970392 -0.226144 0.084839
vn -0.819967 -0.521428 -0.236151
vn -0.896980 -0.433067 -0.088769
vn -0.922209 -0.381751 0.061617
vn -0.952593 -0.252640 0.169524
vn -0.666804 -0.459813 0.586468
vn -0.630589 -0.475857 0.613121
vn -0.673995 -0.603091 0.426629
vn -0.722173 -0.567316 0.395752
vn -0.715109 -0.682990 -0.148811
vn -0.832975 -0.552700 -0.026010
vn -0.813854 -0.576831 0.070057
vn -0.829432 -0.442802 0.340544
vn -0.875340 -0.427336 0.226197
vn -0.778007 -0.575926 0.251026
vn -0.802524 -0.579016 0.143864
vn -0.580270 -0.402501 0.708011
vn -0.750590 -0.441926 0.491240
vn -0.913037 -0.292682 0.284080
vn -0.849931 -0.315653 0.421878
vn -0.486220 -0.360058 0.796209
vn -0.482575 -0.287775 0.827228
vn -0.718011 -0.314511 0.620921
vn -0.615107 -0.731166 0.295027
vn -0.651605 -0.726421 0.218455
vn -0.901504 -0.408886 0.141787
vn -0.672233 -0.733297 0.101873
vn -0.673940 -0.738549 0.018684
vn -0.230073 -0.416082 0.879740
vn -0.162790 -0.203758 0.965393
vn -0.253112 -0.422727 0.870193
vn -0.282896 0.104575 0.953433
vn -0.319542 -0.375462 0.870012
vn -0.277138 -0.620508 0.733597
vn -0.426007 -0.495457 0.756995
vn -0.366908 -0.102948 0.924543
vn -0.390610 0.057997 0.918727
vn -0.156966 0.201419 0.966847
vn -0.112948 0.027817 0.993212
vn 0.000000 0.192918 0.981215
vn -0.261799 -0.153532 0.952832
vn -0.223313 -0.353399 0.908428
vn -0.329653 -0.399043 0.855624
vn -0.119722 -0.227437 0.966405
vn -0.272266 0.025423 0.961886
vn -0.379342 -0.198473 0.903719
vn -0.420439 0.086343 0.903203
vn -0.237606 -0.123203 0.963517
vn 0.237608 -0.123203 0.963516
vn 0.000000 -0.201595 0.979469
vn 0.000001 -0.113099 0.993584
vn 0.691945 -0.194341 0.695302
vn 0.420444 0.086344 0.903201
vn 0.750033 0.023388 0.660987
vn 0.000001 0.142779 0.989755
vn 0.487865 0.275955 0.828153
vn -0.000002 0.342457 0.939534
vn 0.770117 -0.032949 0.637051
vn 0.769512 0.145859 0.621753
vn 0.738908 0.228854 0.633751
vn -0.691944 -0.194341 0.695303
vn -0.750031 0.023387 0.660989
vn -0.770117 -0.032949 0.637052
vn -0.477455 0.381333 0.791595
vn -0.769510 0.145857 0.621756
vn -0.738907 0.228853 0.633753
vn -0.487866 0.275956 0.828152
vn 0.381425 -0.223166 0.897058
vn 0.459226 -0.309925 0.832501
vn 0.451519 -0.292361 0.843004
vn 0.485044 -0.265322 0.833268
vn 0.480882 -0.288456 0.827977
vn -0.638027 0.162853 0.752596
vn -0.834891 0.341522 0.431647
vn -0.530130 0.232342 0.815463
vn -0.903029 -0.359580 0.235034
vn -0.996241 0.012853 0.085667
vn -0.842482 -0.238235 0.483185
vn -0.939213 0.085460 0.332530
vn -0.944200 0.130832 0.302275
vn -0.866242 -0.263118 0.424728
vn -0.800795 0.245298 0.546403
vn -0.559686 0.020984 0.828439
vn -0.898298 0.328902 0.291350
vn -0.322641 -0.002628 0.946518
vn -0.392384 -0.024277 0.919481
vn -0.178121 -0.075412 0.981115
vn -0.270943 0.096904 0.957705
vn -0.202819 -0.002133 0.979214
vn -0.850087 0.415800 0.323207
vn -0.245988 0.122383 0.961516
vn -0.246521 0.217166 0.944493
vn -0.727687 0.264616 0.632812
vn -0.454507 0.336342 0.824801
vn -0.742203 0.261639 0.616993
vn -0.458323 0.276216 0.844775
vn -0.786132 0.320201 0.528648
vn -0.830986 0.445854 0.332680
vn -0.833812 0.421797 0.356152
vn -0.864005 0.407753 0.295354
vn -0.897961 0.157313 0.410996
vn -0.909724 0.156805 0.384466
vn -0.839923 0.353739 0.411580
vn -0.808183 0.264513 0.526188
vn -0.264352 0.341843 0.901810
vn -0.876126 -0.216234 0.430866
vn -0.870136 -0.236027 0.432613
vn -0.782113 0.177455 0.597335
vn 0.484849 0.388462 0.783593
vn 0.761449 0.183303 0.621768
vn 0.831810 0.128026 0.540094
vn 0.246222 0.382080 0.890725
vn 0.187595 0.363346 0.912572
vn 0.479633 0.402985 0.779458
vn 0.563996 0.029397 0.825254
vn 0.442251 0.211949 0.871488
vn 0.265009 0.250226 0.931213
vn 0.258496 0.348660 0.900898
vn 0.227633 0.267488 0.936287
vn 0.177474 0.104896 0.978519
vn 0.696963 0.193449 0.690521
vn 0.269994 -0.117098 0.955715
vn 0.399883 -0.044273 0.915496
vn 0.923897 -0.010856 0.382488
vn 0.590072 0.183277 0.786273
vn 0.531256 0.146901 0.834379
vn 0.351384 0.196101 0.915464
vn 0.317579 0.048394 0.946996
vn 0.838580 -0.036747 0.543537
vn 0.708155 0.124921 0.694919
vn 0.279405 0.420152 0.863369
vn 0.477458 0.381335 0.791592
vn 0.293751 -0.164137 0.941685
vn 0.433450 -0.153401 0.888026
vn 0.548648 -0.123573 0.826871
vn 0.587009 0.080430 0.805575
vn 0.553338 -0.310047 0.773103
vn 0.562598 -0.151739 0.812686
vn -0.785142 -0.553019 -0.278787
vn -0.347101 -0.872905 0.342868
vn -0.371828 -0.813946 -0.446360
vn 0.327051 -0.876941 0.352153
vn 0.296606 -0.383265 0.874719
vn 0.425830 -0.224054 0.876624
vn 0.206637 -0.135689 0.968963
vn 0.368860 -0.089188 0.925196
vn 0.330882 -0.013769 0.943572
vn 0.462699 -0.010695 0.886451
vn 0.467094 0.034604 0.883530
vn 0.519520 -0.028528 0.853982
vn 0.541493 0.086825 0.836210
vn 0.451858 -0.111973 0.885035
vn 0.464493 -0.133616 0.875439
vn 0.499188 -0.587495 0.636915
vn 0.002275 -0.671383 0.741107
vn 0.459188 -0.490676 0.740529
vn 0.278020 -0.831755 0.480509
vn -0.150405 -0.903742 -0.400785
vn -0.371828 -0.813946 -0.446360
vn -0.662853 -0.231599 -0.712031
vn -0.785142 -0.553019 -0.278787
vn -0.150405 -0.903742 -0.400785
vn -0.274857 -0.532006 -0.800889
vn -0.016379 -0.996906 -0.076884
vn -0.217874 -0.661305 -0.717779
vn 0.127922 0.317628 0.939547
vn -0.000002 0.329463 0.944169
vn 0.193699 -0.120259 0.973663
vn -0.000001 -0.132929 0.991126
vn 0.204642 -0.710364 0.673428
vn -0.016379 -0.996906 -0.076884
vn 0.270232 -0.759408 0.591840
vn 0.536045 0.203511 0.819292
vn 0.338505 0.266040 0.902573
vn 0.481436 -0.082700 0.872571
vn 0.330236 -0.093500 0.939256
vn 0.463442 0.126381 0.877069
vn 0.518498 0.233860 0.822477
vn 0.157506 -0.698691 0.697871
vn 0.000000 -0.994552 0.104240
vn 0.397668 -0.407602 0.822022
vn 0.284284 -0.377365 0.881350
vn 0.187815 -0.391473 0.900819
vn -0.000002 -0.403038 0.915183
vn 0.380130 0.337648 0.861101
vn 0.037948 0.475600 0.878843
vn 0.000000 0.580666 0.814142
vn -0.000002 -0.699594 0.714541
vn 0.000000 -0.994552 0.104240
vn 0.000000 -0.688804 -0.724948
vn -0.193700 -0.120258 0.973663
vn -0.127921 0.317620 0.939550
vn -0.187819 -0.391482 0.900814
vn -0.037947 0.475596 0.878845
vn -0.157510 -0.698695 0.697866
vn -0.347101 -0.872905 0.342868
vn -0.584685 0.027517 0.810794
vn 0.002275 -0.671383 0.741107
vn 0.358221 -0.151546 0.921255
vn 0.053924 -0.087142 0.994735
vn 0.459324 -0.177567 0.870340
vn 0.318425 0.120238 0.940292
vn 0.588220 0.004108 0.808691
vn 0.610620 -0.315306 0.726448
vn -0.954060 0.173640 -0.244170
vn -0.536377 0.821494 -0.193513
vn -0.959920 0.087236 0.266352
vn -0.342518 0.904300 0.254802
vn 0.481537 -0.240205 0.842867
vn 0.459985 -0.219654 0.860329
vn 0.504741 -0.442586 0.741184
vn 0.469660 -0.215941 0.856031
vn -0.536377 0.821494 -0.193513
vn -0.324858 0.907030 -0.267889
vn 0.226749 0.901409 0.368846
vn -0.040933 0.666566 0.744322
vn 0.440261 0.528806 0.725627
vn -0.536377 0.821494 -0.193513
vn -0.954060 0.173640 -0.244170
vn -0.324858 0.907030 -0.267889
vn -0.954060 0.173640 -0.244170
vn 0.474946 0.101485 0.874144
vn 0.175890 0.114167 0.977767
vn -0.000001 0.000572 1.000000
vn -0.080186 0.056050 0.995203
vn 0.000000 -0.477709 0.878518
vn -0.098766 0.432189 0.896358
vn 0.000000 0.451248 0.892398
vn -0.000002 0.470437 0.882434
vn -0.244516 -0.820562 0.516613
vn -0.652298 -0.600180 0.462915
vn -0.562665 -0.510749 0.650034
vn -0.692250 -0.577724 0.432464
vn -0.639362 -0.253592 0.725884
vn -0.706705 -0.332384 0.624571
vn 0.000000 -0.811839 0.583881
vn -0.107477 -0.379270 0.919023
vn -0.318174 -0.730378 0.604412
vn 0.080184 0.056057 0.995203
vn 0.098765 0.432196 0.896355
vn -0.694167 -0.612298 0.378448
vn -0.058315 -0.994627 0.085537
vn -0.277345 -0.960493 -0.023086
vn -0.711801 -0.597388 0.369416
vn -0.694601 0.487228 0.529282
vn -0.757743 0.208299 0.618415
vn -0.403857 0.580347 0.707176
vn -0.433332 0.278124 0.857246
vn -0.552375 0.574670 0.603851
vn -0.542391 0.394998 0.741477
vn -0.000412 0.583781 0.811911
vn -0.562272 0.502511 0.656759
vn -0.403097 -0.746370 0.529571
vn -0.604304 -0.654509 0.454350
vn -0.574132 -0.794233 0.198914
vn -0.544145 -0.343215 0.765578
vn -0.217117 -0.698202 0.682183
vn -0.278168 -0.936622 0.212981
vn -0.671285 -0.436715 0.598880
vn -0.735840 -0.289572 0.612118
vn -0.294472 -0.933020 -0.206784
vn -0.431485 -0.314839 0.845398
vn 0.000000 -0.763976 0.645245
vn -0.000002 -0.316569 0.948570
vn 0.000000 -0.918428 0.395589
vn -0.365626 -0.860397 0.355013
vn -0.175897 0.113869 0.977801
vn -0.407198 -0.220797 0.886250
vn -0.568822 -0.190411 0.800116
vn 0.000000 0.314474 0.949266
vn 0.407195 -0.220797 0.886251
vn 0.244517 -0.820564 0.516612
vn 0.562668 -0.510751 0.650029
vn 0.652301 -0.600184 0.462907
vn 0.692255 -0.577728 0.432451
vn 0.706715 -0.332389 0.624557
vn 0.639368 -0.253594 0.725878
vn 0.107477 -0.379267 0.919024
vn 0.318176 -0.730376 0.604412
vn 0.903029 -0.359582 0.235029
vn 0.842484 -0.238238 0.483180
vn 0.996241 0.012853 0.085669
vn 0.939213 0.085460 0.332530
vn 0.866244 -0.263119 0.424724
vn 0.944200 0.130832 0.302274
vn 0.559685 0.020984 0.828440
vn 0.898299 0.328902 0.291348
vn 0.800795 0.245299 0.546403
vn 0.322639 -0.002628 0.946519
vn 0.638026 0.162852 0.752597
vn 0.392383 -0.024277 0.919482
vn 0.178118 -0.075411 0.981115
vn 0.202815 -0.002133 0.979215
vn 0.270943 0.096904 0.957705
vn 0.834892 0.341522 0.431646
vn 0.850089 0.415800 0.323202
vn 0.694169 -0.612302 0.378438
vn 0.058315 -0.994626 0.085544
vn 0.245987 0.122382 0.961516
vn 0.246521 0.217165 0.944493
vn 0.727686 0.264616 0.632812
vn 0.454507 0.336343 0.824801
vn 0.741898 0.261201 0.617545
vn 0.786130 0.320199 0.528652
vn 0.458321 0.276216 0.844776
vn 0.530129 0.232341 0.815464
vn 0.830987 0.445854 0.332678
vn 0.000000 0.638464 0.769652
vn 0.403857 0.580346 0.707176
vn 0.000000 0.656960 0.753926
vn 0.552375 0.574670 0.603852
vn 0.433330 0.278126 0.857246
vn 0.864005 0.407753 0.295353
vn 0.833812 0.421796 0.356153
vn 0.711803 -0.597389 0.369408
vn 0.277344 -0.960493 -0.023081
vn 0.909726 0.156805 0.384463
vn 0.897962 0.157312 0.410995
vn 0.694443 0.487173 0.529540
vn 0.757538 0.208267 0.618677
vn 0.562272 0.502513 0.656758
vn 0.542389 0.394996 0.741480
vn 0.403095 -0.746368 0.529575
vn 0.574090 -0.794234 0.199029
vn 0.604199 -0.654458 0.454563
vn 0.544142 -0.343213 0.765582
vn 0.217116 -0.698199 0.682187
vn 0.671111 -0.436648 0.599123
vn 0.278163 -0.936619 0.213004
vn 0.839922 0.353738 0.411584
vn 0.870139 -0.236028 0.432607
vn 0.735650 -0.289527 0.612368
vn 0.808182 0.264512 0.526189
vn 0.294469 -0.933026 -0.206764
vn 0.431482 -0.314837 0.845400
vn 0.365626 -0.860400 0.355006
vn 0.264352 0.341844 0.901810
vn 0.492809 0.058956 0.868138
vn 0.527779 0.035139 0.848655
vn 0.568816 -0.190409 0.800121
vn 0.876129 -0.216237 0.430859
vn 0.782113 0.177456 0.597334
vn -0.492896 0.058942 0.868089
vn -0.527869 0.035123 0.848599
vn -0.204681 -0.710370 0.673410
vn -0.270324 -0.759423 0.591779
vn 0.016400 -0.996905 -0.076882
vn -0.330303 -0.093509 0.939232
vn -0.338569 0.266026 0.902553
vn -0.481617 -0.082729 0.872468
vn -0.536232 0.203480 0.819177
vn -0.562800 -0.151778 0.812539
vn -0.587235 0.080391 0.805415
vn -0.206672 -0.135693 0.968955
vn -0.330986 -0.013781 0.943535
vn -0.467323 0.034570 0.883410
vn -0.541737 0.086787 0.836056
vn -0.463639 0.126353 0.876968
vn -0.518688 0.233832 0.822366
vn -0.380193 0.337633 0.861079
vn -0.475014 0.101475 0.874108
vn -0.397822 -0.407626 0.821936
vn -0.459358 -0.490706 0.740404
vn -0.284345 -0.377375 0.881327
vn -0.278102 -0.831775 0.480427
vn 0.150565 -0.903727 -0.400758
vn 0.217937 -0.661303 -0.717762
vn 0.016400 -0.996905 -0.076882
vn 0.275107 -0.531980 -0.800821
vn 0.150565 -0.903727 -0.400758
vn 0.662978 -0.231267 -0.712023
vn -0.548577 -0.123840 0.826878
vn -0.553168 -0.310317 0.773116
vn 0.785437 -0.552573 -0.278841
vn 0.372251 -0.813759 -0.446346
vn 0.347634 -0.872694 0.342863
vn -0.326597 -0.877102 0.352173
vn -0.425624 -0.224275 0.876667
vn -0.296312 -0.383413 0.874754
vn -0.381368 -0.223212 0.897070
vn -0.293742 -0.164155 0.941684
vn -0.368855 -0.089236 0.925193
vn -0.433357 -0.153525 0.888050
vn -0.451385 -0.292473 0.843037
vn -0.459156 -0.309983 0.832518
vn -0.485015 -0.265351 0.833277
vn -0.480755 -0.288578 0.828008
vn -0.519511 -0.028783 0.853979
vn -0.463234 -0.007460 0.886205
vn -0.464344 -0.133865 0.875480
vn -0.451743 -0.112186 0.885067
vn -0.498884 -0.587735 0.636932
vn -0.001826 -0.671361 0.741128
vn 0.785437 -0.552573 -0.278841
vn 0.372251 -0.813759 -0.446346
vn 0.219993 -0.679449 0.699966
vn 0.571607 -0.480256 0.665296
vn 0.329190 -0.666533 0.668856
vn 0.536006 0.821719 -0.193588
vn 0.953924 0.174211 -0.244293
vn -0.318400 0.120123 0.940315
vn -0.053746 -0.087146 0.994745
vn -0.459172 -0.177746 0.870384
vn -0.358010 -0.151736 0.921306
vn -0.588206 0.004055 0.808701
vn -0.610572 -0.315363 0.726463
vn 0.342151 0.904449 0.254763
vn 0.536006 0.821719 -0.193588
vn 0.959897 0.087820 0.266243
vn 0.953924 0.174211 -0.244293
vn -0.481373 -0.240372 0.842912
vn -0.459742 -0.219908 0.860394
vn -0.504742 -0.442588 0.741182
vn -0.469480 -0.216136 0.856081
vn -0.226656 0.901427 0.368857
vn 0.324758 0.907058 -0.267915
vn -0.440150 0.528803 0.725696
vn 0.040705 0.666586 0.744316
vn 0.584759 0.027887 0.810728
vn -0.001826 -0.671361 0.741129
vn 0.347634 -0.872694 0.342863
vn 0.785437 -0.552573 -0.278841
vn 0.324758 0.907058 -0.267915
vn 0.953924 0.174211 -0.244293
vn -0.908747 0.142434 0.392291
vn -0.974517 -0.036919 0.221253
vn 0.843299 0.278450 0.459688
vn 0.818409 0.255802 0.514561
vn 0.908746 0.142434 0.392292
vn 0.518242 0.494803 0.697563
vn 0.344654 0.537783 0.769418
vn 0.476900 0.384227 0.790529
vn 0.320227 0.398510 0.859444
vn 0.179809 0.406315 0.895867
vn 0.201570 0.569120 0.797165
vn -0.000027 0.581427 0.813599
vn 0.000000 0.409363 0.912372
vn 0.156966 0.201419 0.966847
vn 0.298132 0.215859 0.929797
vn 0.436952 0.231745 0.869119
vn 0.974517 -0.036920 0.221253
vn 0.686456 0.422233 0.592029
vn 0.665065 0.342978 0.663366
vn -0.818408 0.255802 0.514562
vn -0.843220 0.276806 0.460824
vn -0.320227 0.398510 0.859444
vn -0.344654 0.537783 0.769418
vn -0.476899 0.384227 0.790530
vn -0.518241 0.494803 0.697564
vn -0.179809 0.406315 0.895867
vn -0.201596 0.568764 0.797413
vn -0.665065 0.342977 0.663367
vn -0.686434 0.420856 0.593034
vn 0.034607 -0.121756 0.991957
vn 0.108487 -0.226264 0.968006
vn 0.000000 -0.114647 0.993406
vn 0.000000 0.015362 0.999882
vn -0.108488 -0.226265 0.968006
vn -0.175388 -0.278976 0.944146
vn -0.071158 -0.162305 0.984172
vn -0.034607 -0.121756 0.991957
vn -0.132780 -0.055393 0.989597
vn 0.942856 -0.005682 0.333153
vn 0.899212 0.113457 0.422546
vn 0.889668 0.013038 0.456422
vn 0.408868 0.130408 0.903228
vn 0.794883 0.208750 0.569724
vn 0.501696 -0.313075 0.806402
vn 0.629150 -0.165039 0.759561
vn 0.721753 -0.000699 0.692150
vn 0.247806 -0.490587 0.835414
vn 0.307662 -0.493279 0.813646
vn 0.260167 -0.610925 0.747719
vn 0.483193 -0.246695 0.840039
vn 0.759052 0.127535 0.638416
vn 0.870370 0.081826 0.485552
vn 0.412433 -0.280872 0.866608
vn 0.488069 -0.044502 0.871670
vn 0.739332 0.070526 0.669637
vn 0.533912 0.091726 0.840550
vn 0.574468 0.141917 0.806131
vn 0.622750 0.233346 0.746815
vn 0.390609 0.057997 0.918728
vn 0.366908 -0.102949 0.924543
vn 0.282895 0.104574 0.953433
vn 0.277138 -0.620509 0.733597
vn 0.253112 -0.422728 0.870193
vn 0.319543 -0.375465 0.870010
vn 0.230072 -0.416080 0.879741
vn 0.426007 -0.495455 0.756996
vn 0.175388 -0.278976 0.944146
vn 0.071158 -0.162305 0.984172
vn 0.329653 -0.399043 0.855625
vn 0.379379 -0.198355 0.903729
vn 0.223312 -0.353398 0.908428
vn 0.112947 0.027817 0.993212
vn 0.162790 -0.203758 0.965392
vn 0.261799 -0.153533 0.952832
vn 0.119721 -0.227437 0.966405
vn 0.272266 0.025423 0.961886
vn 0.132780 -0.055394 0.989597
vn -0.082182 0.957624 0.276048
vn -0.024715 0.967965 0.249867
vn 0.142636 0.684268 0.715145
vn -0.265551 0.911613 0.313758
vn 0.227092 0.946032 0.231199
vn 0.155193 0.677790 0.718691
vn 0.223009 0.876285 0.427073
vn 0.512369 0.145091 0.846420
vn 0.327272 0.032798 0.944361
vn 0.095080 0.365935 0.925771
vn 0.129567 0.095936 0.986919
vn 0.081251 0.969131 0.232775
vn 0.058961 0.712918 0.698764
vn 0.073275 0.793447 0.604213
vn 0.619019 0.193234 0.761233
vn 0.094554 0.257641 0.961603
vn 0.572713 0.151956 0.805549
vn 0.498361 0.160598 0.851965
vn 0.327651 0.131002 0.935673
vn 0.090935 0.534620 0.840186
vn 0.199383 0.681372 0.704258
vn -0.148037 0.944273 0.293996
vn -0.000203 -0.238658 0.971104
vn 0.345723 -0.200907 0.916576
vn 0.000000 0.138319 0.990388
vn 0.345768 -0.594817 0.725698
vn -0.000220 -0.629391 0.777089
vn 0.562053 -0.490787 0.665751
vn 0.535106 -0.134001 0.834089
vn 0.323715 -0.572459 0.753326
vn -0.000198 -0.638351 0.769745
vn 0.254999 0.814691 0.520821
vn -0.201001 0.917363 -0.343576
vn 0.204815 0.718473 0.664717
vn -0.094459 0.898354 -0.428997
vn -0.089410 0.898833 -0.429075
vn 0.000000 0.696528 0.717530
vn 0.308780 0.180151 0.933917
vn 0.437708 0.326898 0.837586
vn -0.201001 0.917363 -0.343576
vn -0.094459 0.898354 -0.428997
vn -0.089410 0.898833 -0.429075
vn -0.345729 -0.200915 0.916572
vn -0.345773 -0.594819 0.725694
vn -0.535102 -0.134001 0.834092
vn -0.562052 -0.490789 0.665751
vn -0.323716 -0.572455 0.753328
vn 0.201002 0.917364 -0.343573
vn -0.255000 0.814691 0.520821
vn -0.204819 0.718480 0.664707
vn 0.094458 0.898350 -0.429005
vn 0.089409 0.898821 -0.429100
vn -0.308782 0.180154 0.933915
vn -0.437709 0.326900 0.837584
vn 0.201002 0.917364 -0.343573
vn 0.094458 0.898350 -0.429005
vn 0.089409 0.898821 -0.429100
vn 0.508363 -0.652665 0.561778
vn 0.734170 -0.620736 0.275102
vn 0.621190 -0.003484 0.783652
vn 0.919392 0.000420 0.393343
vn 0.192790 -0.656857 0.728952
vn 0.261313 -0.004080 0.965246
vn -0.000069 -0.650954 0.759117
vn 0.000000 -0.001227 0.999999
vn -0.000105 -0.987808 0.155678
vn 0.034304 -0.987768 0.152112
vn 0.157099 -0.984515 0.077785
vn 0.256518 -0.965290 0.049127
vn 0.775802 -0.615219 0.140132
vn 0.991801 0.000809 0.127790
vn 0.230228 -0.968696 0.092864
vn -0.508363 -0.652686 0.561755
vn -0.621189 -0.003484 0.783653
vn -0.734159 -0.620746 0.275109
vn -0.919392 0.000420 0.393343
vn -0.192859 -0.656873 0.728919
vn -0.261311 -0.004079 0.965246
vn -0.000069 -0.650954 0.759117
vn 0.000000 -0.001227 0.999999
vn -0.000105 -0.987808 0.155678
vn -0.034405 -0.987775 0.152040
vn -0.157081 -0.984522 0.077729
vn -0.256488 -0.965298 0.049133
vn -0.991801 0.000808 0.127790
vn -0.775788 -0.615229 0.140168
vn -0.230192 -0.968699 0.092918
vn 0.529242 0.632424 0.565635
vn 0.644307 -0.099289 0.758295
vn 0.750375 0.611012 0.252194
vn 0.926997 -0.051865 0.371466
vn 0.201459 0.644966 0.737180
vn 0.279186 -0.124384 0.952147
vn 0.000046 0.639769 0.768567
vn -0.000005 -0.133556 0.991041
vn 0.000069 0.998662 0.051719
vn 0.000046 0.639769 0.768567
vn -0.002474 0.998221 0.059576
vn 0.201459 0.644966 0.737180
vn 0.098140 0.994572 0.034558
vn 0.194405 0.980912 0.004245
vn 0.793187 0.603091 0.084473
vn 0.992732 -0.017677 0.119041
vn 0.199910 0.979789 0.007021
vn -0.529259 0.632408 0.565636
vn -0.750395 0.610993 0.252182
vn -0.644308 -0.099284 0.758294
vn -0.926996 -0.051861 0.371467
vn -0.201416 0.644976 0.737182
vn -0.279196 -0.124378 0.952145
vn 0.000046 0.639769 0.768567
vn -0.000005 -0.133556 0.991041
vn 0.000069 0.998662 0.051719
vn 0.002544 0.998221 0.059571
vn 0.000046 0.639769 0.768567
vn -0.201416 0.644976 0.737182
vn -0.098179 0.994568 0.034576
vn -0.194464 0.980901 0.004235
vn -0.793199 0.603077 0.084465
vn -0.992732 -0.017676 0.119040
vn -0.199951 0.979781 0.007012
vn 0.000000 0.000000 1.000000
vn 0.000000 0.000000 1.000000
vn 0.000000 0.000000 1.000000
vn 0.000000 0.000000 1.000000
vn 0.000000 1.000000 0.000000
vn 0.000000 1.000000 0.000000
vn 0.000000 1.000000 0.000000
vn 0.000000 1.000000 0.000000
vn 0.000000 0.000000 -1.000000
vn 0.000000 0.000000 -1.000000
vn 0.000000 0.000000 -1.000000
vn 0.000000 0.000000 -1.000000
vn 0.000000 -1.000000 0.000000
vn 0.000000 -1.000000 0.000000
vn 0.000000 -1.000000 0.000000
vn 0.000000 -1.000000 0.000000
vn 1.000000 0.000000 0.000000
vn 1.000000 0.000000 0.000000
vn 1.000000 0.000000 0.000000
vn 1.000000 0.000000 0.000000
vn -1.000000 0.000000 0.000000
vn -1.000000 0.000000 0.000000
vn -1.000000 0.000000 0.000000
vn -1.000000 0.000000 0.000000
vn 0.024572 0.892033 -0.451301
vn 0.021255 0.892401 -0.450742
vn 0.052217 0.886574 -0.459631
vn -0.024941 -0.892386 0.450584
vn -0.051288 -0.888435 0.456127
vn -0.020576 -0.894061 0.447472
vn -0.085509 -0.878140 0.470700
vn 0.084736 0.878189 -0.470749
vn -0.162844 -0.860382 0.482934
vn -0.243047 -0.837379 0.489617
vn -0.289768 -0.810153 0.509596
vn 0.758184 -0.600960 0.252990
vn 0.660335 -0.701724 0.267473
vn 0.731384 -0.631325 0.257887
vn 0.288900 -0.878547 0.380384
vn 0.094704 -0.903471 0.418056
vn 0.376461 -0.846111 0.377325
vn 0.523211 -0.791292 0.316397
vn -0.306375 -0.814569 0.492556
vn -0.604175 -0.577404 0.549161
vn -0.607652 -0.577531 0.545176
vn -0.607122 -0.577582 0.545712
vn -0.089097 -0.875559 0.474824
vn 0.746329 -0.622461 0.235662
vn -0.285909 -0.841391 0.458604
vn -0.756913 0.602710 -0.252634
vn -0.729964 0.632882 -0.258094
vn -0.659450 0.702717 -0.267048
vn -0.289592 0.877829 -0.381514
vn -0.376504 0.845172 -0.379381
vn -0.094698 0.901898 -0.421442
vn -0.522325 0.791481 -0.317389
vn 0.242390 0.837867 -0.489108
vn 0.287160 0.808297 -0.514000
vn 0.301331 0.812559 -0.498947
vn 0.162140 0.858134 -0.487152
vn 0.089544 0.873010 -0.479412
vn -0.745237 0.624378 -0.234039
vn 0.286895 0.841006 -0.458695
vn 0.602004 0.576531 -0.552452
vn 0.601477 0.576579 -0.552976
vn 0.604959 0.576719 -0.549017
vn -0.024572 0.892032 -0.451304
vn -0.084735 0.878186 -0.470754
vn -0.052217 0.886572 -0.459634
vn 0.024941 -0.892387 0.450580
vn 0.020575 -0.894062 0.447470
vn 0.051288 -0.888437 0.456124
vn 0.085509 -0.878143 0.470695
vn -0.021256 0.892400 -0.450744
vn -0.089543 0.873003 -0.479425
vn -0.758431 -0.600743 0.252765
vn -0.731386 -0.631327 0.257878
vn -0.660336 -0.701724 0.267469
vn -0.288899 -0.878547 0.380385
vn -0.376501 -0.846202 0.377080
vn -0.094704 -0.903472 0.418054
vn -0.523210 -0.791290 0.316403
vn 0.243045 -0.837374 0.489627
vn 0.289765 -0.810145 0.509608
vn 0.306373 -0.814562 0.492569
vn 0.162844 -0.860383 0.482932
vn 0.089098 -0.875566 0.474811
vn -0.746328 -0.622461 0.235663
vn 0.286255 -0.841177 0.458781
vn 0.607122 -0.577582 0.545712
vn 0.607652 -0.577531 0.545176
vn 0.604406 -0.577099 0.549226
vn 0.756666 0.602926 -0.252858
vn 0.659449 0.702717 -0.267052
vn 0.729962 0.632881 -0.258103
vn 0.289593 0.877829 -0.381513
vn 0.094698 0.901897 -0.421444
vn 0.376464 0.845080 -0.379625
vn 0.522326 0.791483 -0.317382
vn -0.242393 0.837872 -0.489097
vn -0.301333 0.812566 -0.498934
vn -0.287162 0.808304 -0.513987
vn -0.604728 0.577024 -0.548951
vn -0.601477 0.576579 -0.552976
vn -0.602004 0.576531 -0.552452
vn -0.162140 0.858133 -0.487154
vn 0.745237 0.624378 -0.234038
vn -0.286549 0.841220 -0.458518
vn -0.999373 -0.033538 0.011351
vn -0.919572 -0.051540 -0.389527
vn -0.997037 -0.046114 0.061574
vn -0.999373 -0.033538 0.011351
vn -0.997037 -0.046114 0.061574
vn -0.942377 -0.041883 0.331920
vn -0.916491 -0.069403 0.393989
vn 0.098484 -0.082056 0.991750
vn 0.101297 -0.051259 0.993535
vn -0.571347 -0.088770 0.815894
vn -0.579468 -0.055427 0.813108
vn 0.767368 -0.024515 0.640738
vn 0.761697 -0.044377 0.646411
vn 0.999611 -0.009204 0.026339
vn 0.999515 -0.004865 0.030770
vn 0.859071 -0.032440 -0.510827
vn 0.999611 -0.009204 0.026339
vn 0.853776 -0.013886 -0.520455
vn 0.999515 -0.004865 0.030770
vn 0.269256 -0.059111 -0.961253
vn 0.392810 -0.180319 -0.901768
vn 0.873857 -0.029687 -0.485276
vn 0.324492 -0.116567 -0.938679
vn 0.998529 0.046754 0.027458
vn 0.999593 0.007490 0.027514
vn 0.888247 -0.002960 -0.459356
vn -0.495506 -0.311218 -0.810936
vn -0.533326 -0.150132 -0.832480
vn -0.999556 -0.027620 0.011156
vn -0.936432 -0.017444 0.350416
vn -0.594723 -0.030368 0.803357
vn 0.105714 -0.025007 0.994082
vn 0.284183 -0.089279 -0.954604
vn -0.522923 -0.103749 -0.846043
vn 0.777630 0.003021 0.628715
vn 0.999593 0.007490 0.027514
vn 0.894395 0.028240 -0.446386
vn 0.448258 -0.159286 -0.879598
vn -0.648570 -0.599981 0.468380
vn -0.491644 -0.136267 0.860068
vn -0.173622 -0.375243 0.910521
vn -0.929745 -0.061673 -0.363001
vn -0.941315 -0.079054 -0.328142
vn -0.719766 -0.691998 0.055467
vn -0.727024 -0.611519 -0.312220
vn 0.115810 -0.016765 0.993130
vn 0.790884 0.033167 0.611067
vn 0.998529 0.046754 0.027458
vn -0.999556 -0.027620 0.011156
vn -0.719766 -0.691998 0.055467
vn -0.504240 -0.075899 -0.860222
vn 0.992847 -0.104072 0.058518
vn -0.933792 -0.042882 -0.355237
vn -0.997409 -0.053640 0.047929
vn 0.364332 -0.039934 -0.930412
vn 0.879975 -0.131822 -0.456364
vn -0.553725 -0.037534 -0.831853
vn -0.909729 -0.079087 0.407600
vn -0.997409 -0.053640 0.047929
vn 0.101586 -0.105050 0.989265
vn 0.759995 -0.063230 0.646846
vn -0.567956 -0.106666 0.816118
vn 0.992847 -0.104072 0.058518
vn 0.996505 -0.078874 -0.027521
vn -0.991996 -0.123056 -0.028287
vn -0.875367 -0.226550 -0.427093
vn -0.915797 -0.109169 -0.386521
vn -0.475300 -0.140624 -0.868513
vn -0.535624 -0.116995 -0.836313
vn 0.200366 -0.125344 -0.971670
vn 0.306538 -0.047582 -0.950669
vn 0.858055 0.015530 -0.513322
vn 0.229437 0.160122 -0.960062
vn 0.850801 0.109747 -0.513900
vn 0.998745 -0.049916 0.004121
vn 0.998428 0.055670 0.006557
vn 0.998745 -0.049916 0.004121
vn 0.828591 -0.092465 0.552166
vn 0.998428 0.055670 0.006557
vn 0.762449 -0.060635 0.644201
vn 0.135632 -0.156701 0.978289
vn 0.147811 -0.122244 0.981432
vn -0.883725 -0.176386 -0.433495
vn -0.598568 -0.142772 0.788247
vn -0.649784 -0.104220 0.752940
vn -0.986090 -0.164631 0.022857
vn -0.913296 -0.172288 0.369061
vn -0.909647 -0.101781 0.402719
vn -0.930799 0.057989 -0.360901
vn -0.981227 -0.188930 0.038723
vn -0.990914 0.042961 0.127453
vn 0.868038 0.036426 -0.495159
vn 0.329225 -0.134387 -0.934639
vn -0.466490 -0.211507 -0.858867
vn 0.114426 -0.152096 0.981720
vn -0.553007 -0.141611 0.821054
vn -0.982666 -0.185353 0.003405
vn -0.934862 -0.123578 0.332808
vn -0.901112 -0.091594 0.423802
vn 0.999574 0.021706 -0.019483
vn 0.829847 -0.105147 0.547996
vn -0.982666 -0.185353 0.003405
vn -0.991996 -0.123056 -0.028287
vn -0.928358 0.066911 -0.365614
vn -0.986090 -0.164631 0.022857
vn -0.887045 0.000174 0.461683
vn -0.990914 0.042961 0.127453
vn -0.981227 -0.188930 0.038723
vn 0.996505 -0.078874 -0.027521
vn 0.999574 0.021706 -0.019483
vn 0.821729 0.017421 -0.569612
vn -0.556650 -0.050944 -0.829184
vn 0.204113 -0.092086 -0.974607
vn -0.511244 0.116937 -0.851443
vn -0.856014 -0.075783 0.511368
vn -0.846457 -0.104568 0.522088
vn -0.490968 -0.138310 0.860128
vn -0.481696 -0.159745 0.861656
vn 0.724274 -0.026383 0.689008
vn 0.291459 -0.124348 0.948467
vn 0.813125 -0.053281 0.579645
vn 0.992601 0.121403 -0.001917
vn 0.998092 0.060723 -0.011180
vn 0.717173 0.245198 -0.652335
vn 0.718925 0.153323 -0.677967
vn 0.018202 0.245587 -0.969204
vn -0.008893 0.155775 -0.987753
vn -0.734829 0.182596 -0.653211
vn -0.764272 0.093940 -0.638015
vn -0.844209 -0.142127 0.516828
vn -0.498619 -0.182004 0.847498
vn 0.225120 -0.179935 0.957572
vn 0.815069 -0.120894 0.566610
vn 0.996432 -0.063516 -0.055585
vn 0.702981 -0.016705 -0.711012
vn -0.044692 -0.007415 -0.998973
vn -0.795367 -0.062176 -0.602931
vn 0.985398 -0.119768 -0.121024
vn 0.834878 -0.128830 0.535146
vn 0.228405 -0.141527 0.963224
vn -0.960894 -0.135150 0.241696
vn -0.564119 -0.130150 0.815371
vn -0.803190 -0.123556 -0.582769
vn -0.047441 -0.095994 -0.994251
vn 0.725233 -0.107829 -0.680007
vn -0.997952 0.042273 0.048004
vn -0.996798 -0.017765 0.077960
vn -0.985776 -0.115753 0.121846
vn -0.960894 -0.135150 0.241696
vn 0.171642 -0.099873 0.980084
vn -0.997952 0.042273 0.048004
vn -0.996798 -0.017765 0.077960
vn -0.985776 -0.115753 0.121846
vn -0.169885 -0.452199 0.875588
vn -0.169885 -0.452199 0.875588
vn 0.519555 -0.383952 0.763310
vn 0.708478 -0.373250 0.598951
vn -0.769287 -0.392128 0.504414
vn -0.769287 -0.392128 0.504414
vn -0.963084 -0.257787 -0.077552
vn -0.963084 -0.257787 -0.077552
vn -0.741739 -0.142944 -0.655279
vn -0.741739 -0.142944 -0.655279
vn -0.164838 -0.052465 -0.984924
vn -0.164838 -0.052465 -0.984924
vn 0.877931 -0.298503 0.374344
vn 0.494253 -0.073972 -0.866165
vn 0.494253 -0.073972 -0.866165
vn 0.969349 -0.227652 -0.092392
vn 0.969349 -0.227652 -0.092392
vn 0.854576 -0.137758 -0.500723
vn 0.854576 -0.137758 -0.500723
vn 0.000000 -0.721839 -0.692061
vn 0.000000 -0.154450 -0.988001
vn -0.195585 -0.516450 -0.833682
vn 0.035584 -0.121591 -0.991942
vn -0.032995 -0.958574 0.282928
vn 0.000000 -0.997330 0.073025
vn 0.000000 -0.991724 -0.128388
vn 0.000000 -0.997330 0.073025
vn 0.000000 -0.721839 -0.692061
vn 0.195585 -0.516450 -0.833682
vn 0.000000 -0.154450 -0.988001
vn -0.035584 -0.121591 -0.991942
vn -0.032995 -0.958574 0.282928
vn 0.509266 -0.721071 0.469791
vn 0.000000 -0.997330 0.073025
vn 0.719765 -0.691998 0.055467
vn -0.448258 -0.159286 -0.879598
vn -0.998529 0.046754 0.027458
vn -0.894395 0.028240 -0.446386
vn -0.888247 -0.002961 -0.459356
vn -0.392810 -0.180319 -0.901768
vn 0.495506 -0.311218 -0.810936
vn 0.135583 -0.489399 0.861456
vn 0.491647 -0.136213 0.860075
vn -0.115282 -0.926959 0.357013
vn -0.019480 -0.735456 0.677292
vn -0.090151 -0.663196 0.742996
vn 0.727024 -0.611519 -0.312220
vn 0.000000 -0.991724 -0.128388
vn 0.000000 -0.997330 0.073025
vn 0.719765 -0.691998 0.055467
vn -0.115282 -0.926959 0.357013
vn -0.090151 -0.663196 0.742996
vn -0.093038 0.187577 -0.977834
vn 0.000000 0.049653 -0.998766
vn -0.076236 0.062422 -0.995134
vn 0.866639 0.061137 -0.495175
vn 0.997497 0.068690 -0.016765
vn 0.997936 0.057967 0.027627
vn 0.724765 0.047104 0.687385
vn 0.997497 0.068690 -0.016765
vn 0.800595 0.055233 0.596654
vn 0.468688 -0.026683 -0.882961
vn 0.882292 0.081708 -0.463556
vn 0.997936 0.057967 0.027627
vn 0.453734 0.151080 -0.878237
vn 0.474117 0.078132 -0.876988
vn 0.093038 0.187577 -0.977834
vn 0.076236 0.062422 -0.995134
vn 0.000000 0.049653 -0.998766
vn 0.000000 0.186857 -0.982387
vn 0.208576 -0.046681 0.976891
vn 0.083959 -0.173541 0.981241
vn 0.155340 -0.025936 0.987521
vn 0.379185 -0.001951 0.925319
vn 0.122411 -0.049424 0.991248
vn 0.151783 -0.060067 0.986587
vn 0.427683 -0.008536 0.903889
vn 0.829909 0.022729 0.557435
vn 0.998692 0.039507 0.032467
vn 0.998692 0.039507 0.032467
vn 0.865385 0.073255 -0.495725
vn 0.420131 0.127225 -0.898501
vn 0.000000 0.163277 -0.986580
vn 0.090350 0.160641 -0.982869
vn 0.000000 -0.352371 -0.935860
vn 0.081816 -0.355503 -0.931087
vn 0.000000 0.163277 -0.986580
vn 0.090350 0.160641 -0.982869
vn 0.397145 -0.341747 -0.851754
vn 0.420131 0.127225 -0.898501
vn 0.865385 0.073255 -0.495725
vn 0.821922 -0.308428 -0.478869
vn 0.954627 -0.296619 0.026531
vn 0.998692 0.039507 0.032467
vn 0.793936 -0.309134 0.523548
vn 0.829909 0.022729 0.557435
vn 0.430606 -0.295201 0.852898
vn 0.427683 -0.008536 0.903889
vn 0.151783 -0.060067 0.986587
vn 0.187877 -0.304568 0.933777
vn 0.070231 -0.278965 0.957730
vn -0.866639 0.061137 -0.495176
vn -0.997497 0.068692 -0.016763
vn -0.055353 -0.186207 0.980950
vn -0.000198 -0.183967 0.982932
vn -0.997936 0.057967 0.027632
vn -0.997497 0.068692 -0.016763
vn -0.724769 0.047174 0.687375
vn -0.800643 0.055203 0.596593
vn -0.468688 -0.026683 -0.882961
vn -0.882292 0.081708 -0.463557
vn -0.997936 0.057967 0.027632
vn -0.453734 0.151080 -0.878237
vn -0.474117 0.078132 -0.876988
vn 0.000000 0.186857 -0.982387
vn -0.790904 0.033130 0.611042
vn -0.998529 0.046754 0.027458
vn -0.083735 -0.176072 0.980809
vn -0.208579 -0.046624 0.976893
vn -0.115835 -0.016753 0.993127
vn -0.155405 -0.025898 0.987511
vn -0.379185 -0.001919 0.925319
vn -0.122380 -0.048592 0.991293
vn -0.000022 -0.070562 0.997507
vn -0.045988 -0.069663 0.996510
vn 0.004176 -0.089014 0.996022
vn -0.063752 -0.064958 0.995849
vn -0.163393 -0.043344 0.985609
vn -0.427685 -0.008538 0.903888
vn -0.829909 0.022724 0.557436
vn -0.998692 0.039504 0.032469
vn -0.998692 0.039504 0.032469
vn -0.865384 0.073255 -0.495725
vn -0.420131 0.127225 -0.898501
vn 0.000000 0.163277 -0.986580
vn -0.090350 0.160641 -0.982869
vn -0.081816 -0.355504 -0.931087
vn -0.090350 0.160641 -0.982869
vn -0.397145 -0.341748 -0.851754
vn -0.420131 0.127225 -0.898501
vn -0.821922 -0.308428 -0.478870
vn -0.865384 0.073255 -0.495725
vn -0.998692 0.039504 0.032469
vn -0.954627 -0.296619 0.026530
vn -0.829909 0.022724 0.557436
vn -0.793936 -0.309134 0.523547
vn -0.427685 -0.008538 0.903888
vn -0.430606 -0.295201 0.852898
vn -0.163393 -0.043344 0.985609
vn -0.164645 -0.285586 0.944104
vn -0.084342 -0.166943 0.982353
vn -0.021949 -0.309995 0.950485
vn -0.079431 -0.377414 0.922631
vn -0.079431 -0.377414 0.922631
vn -0.084342 -0.166943 0.982353
vn -0.045988 -0.069663 0.996510
vn -0.063752 -0.064958 0.995849
vn -0.055353 -0.186207 0.980950
vn -0.063752 -0.064958 0.995849
vn 0.004176 -0.089014 0.996022
vn -0.063752 -0.064958 0.995849
vn -0.399700 0.029227 -0.916180
vn -0.855620 0.024435 -0.517027
vn -0.405957 -0.012986 -0.913800
vn -0.399011 0.202341 0.894342
vn -0.409640 0.206603 0.888544
vn -0.399011 0.202341 0.894342
vn -0.409640 0.206603 0.888544
vn -0.412834 0.200911 0.888371
vn -0.412834 0.200911 0.888371
vn -0.002175 -0.028864 -0.999581
vn -0.023809 -0.027608 -0.999335
vn -0.002062 -0.025021 -0.999685
vn -0.024998 -0.026660 -0.999332
vn -0.063657 -0.338328 0.938873
vn -0.060140 0.040865 0.997353
vn -0.176872 -0.340837 0.923334
vn -0.187209 0.048001 0.981147
vn 0.000046 0.005845 -0.999983
vn 0.000000 -0.099982 -0.994989
vn -0.069961 0.006094 -0.997531
vn -0.076961 -0.096840 -0.992320
vn -0.852862 0.062995 -0.518323
vn -0.854930 -0.073732 -0.513476
vn -0.449683 -0.120556 -0.885015
vn -0.994369 0.105531 0.009689
vn -0.999083 -0.042383 0.006009
vn -0.847972 -0.000042 0.530041
vn -0.798216 0.146870 0.584192
vn -0.999083 -0.042383 0.006009
vn -0.994369 0.105531 0.009689
vn -0.450132 0.186383 0.873294
vn -0.471495 0.041864 0.880874
vn -0.206154 0.194842 0.958925
vn -0.059376 0.199193 0.978160
vn -0.212883 0.203245 0.955705
vn -0.055938 0.204069 0.977357
vn -0.996014 0.085894 0.024036
vn -0.802155 0.146960 0.578748
vn -0.996014 0.085894 0.024036
vn -0.091404 -0.018242 -0.995647
vn -0.039018 -0.007668 -0.999209
vn -0.015706 -0.019952 -0.999678
vn 0.000000 -0.498816 -0.866708
vn -0.070427 -0.499265 -0.863582
vn -0.371175 -0.483037 -0.793035
vn -0.755768 -0.398990 -0.519251
vn -0.821922 -0.308428 -0.478870
vn -0.915500 -0.402118 0.012718
vn -0.954627 -0.296619 0.026530
vn -0.915500 -0.402118 0.012718
vn -0.954627 -0.296619 0.026530
vn -0.777062 -0.384269 0.498510
vn -0.793936 -0.309134 0.523547
vn -0.438933 -0.337130 0.832875
vn -0.430606 -0.295201 0.852898
vn -0.164645 -0.285586 0.944104
vn -0.079431 -0.377414 0.922631
vn -0.397145 -0.341748 -0.851754
vn -0.081816 -0.355504 -0.931087
vn 0.000000 -0.352371 -0.935860
vn 0.000092 -0.023635 -0.999721
vn -0.550533 0.163245 0.818697
vn -0.624762 0.158837 0.764489
vn -0.341131 0.189361 0.920745
vn -0.317916 0.191328 0.928614
vn -0.317127 0.218731 0.922815
vn -0.625590 0.165700 0.762352
vn 0.191209 0.047982 0.980376
vn 0.055463 0.040883 0.997623
vn 0.179913 -0.340747 0.922780
vn 0.058697 -0.338541 0.939119
vn 0.068440 0.004766 -0.997644
vn 0.076961 -0.096840 -0.992320
vn 0.449683 -0.120556 -0.885015
vn 0.400481 0.028557 -0.915860
vn 0.854930 -0.073732 -0.513477
vn 0.852862 0.062995 -0.518322
vn 0.999083 -0.042383 0.006009
vn 0.994369 0.105531 0.009689
vn 0.847972 -0.000042 0.530041
vn 0.999083 -0.042383 0.006009
vn 0.798216 0.146870 0.584192
vn 0.994369 0.105531 0.009689
vn 0.471495 0.041864 0.880874
vn 0.450132 0.186383 0.873294
vn 0.209314 0.194790 0.958251
vn 0.216283 0.203123 0.954967
vn 0.054472 0.199341 0.978415
vn 0.050423 0.204158 0.977638
vn 0.399011 0.202341 0.894342
vn 0.399011 0.202341 0.894342
vn 0.409641 0.206603 0.888543
vn 0.409641 0.206603 0.888543
vn 0.996014 0.085894 0.024036
vn 0.802155 0.146960 0.578749
vn 0.855620 0.024434 -0.517027
vn 0.996014 0.085894 0.024036
vn 0.407510 -0.012947 -0.913109
vn 0.083202 -0.016637 -0.996394
vn 0.070427 -0.499264 -0.863583
vn 0.371175 -0.483037 -0.793035
vn 0.755768 -0.398990 -0.519251
vn 0.915500 -0.402118 0.012718
vn 0.821922 -0.308428 -0.478869
vn 0.954627 -0.296619 0.026531
vn 0.915500 -0.402118 0.012718
vn 0.777062 -0.384269 0.498510
vn 0.954627 -0.296619 0.026531
vn 0.793936 -0.309134 0.523548
vn 0.438933 -0.337130 0.832875
vn 0.430606 -0.295201 0.852898
vn 0.187877 -0.304568 0.933777
vn 0.070231 -0.278965 0.957730
vn 0.397145 -0.341747 -0.851754
vn 0.081816 -0.355503 -0.931087
vn 0.050423 0.204158 0.977638
vn -0.009893 0.205353 0.978638
vn 0.054472 0.199341 0.978415
vn -0.008963 0.199172 0.979924
vn -0.008766 0.040685 0.999133
vn 0.055463 0.040883 0.997623
vn 0.058697 -0.338541 0.939119
vn -0.008041 -0.333629 0.942670
vn 0.070231 -0.278965 0.957730
vn -0.021949 -0.309995 0.950485
vn -0.059376 0.199193 0.978160
vn -0.055938 0.204069 0.977357
vn -0.060140 0.040865 0.997353
vn -0.063657 -0.338328 0.938873
vn -0.079431 -0.377414 0.922631
vn 0.341131 0.189361 0.920745
vn 0.624761 0.158837 0.764489
vn 0.625590 0.165700 0.762352
vn 0.550533 0.163245 0.818697
vn 0.412835 0.200912 0.888370
vn 0.412835 0.200912 0.888370
vn 0.317916 0.191328 0.928614
vn 0.317127 0.218731 0.922815
vn 0.019459 -0.030107 -0.999357
vn 0.020874 -0.023369 -0.999509
vn 0.010224 -0.021978 -0.999706
vn 0.024385 -0.006488 -0.999682
vn 0.804335 0.594088 -0.010221
vn 0.557684 0.480494 0.676841
vn 0.786678 0.617294 -0.009283
vn 0.551334 0.465704 0.692207
vn 0.017232 -0.116303 -0.993064
vn 0.100054 -0.111687 -0.988694
vn 0.610244 0.418314 -0.672767
vn 0.629628 0.377112 -0.679231
vn -0.041510 -0.025183 0.998821
vn -0.120534 -0.061430 0.990807
vn -0.531935 -0.529819 0.660558
vn -0.654815 -0.755704 0.011345
vn -0.498665 -0.497055 0.710119
vn -0.366225 -0.648911 -0.666928
vn -0.440828 -0.602273 -0.665536
vn -0.607101 -0.791354 0.072022
vn -0.486388 -0.513043 0.707258
vn -0.673535 -0.739153 0.001809
vn -0.407711 -0.555818 -0.724457
vn 0.100054 -0.111687 -0.988694
vn 0.036063 -0.151378 -0.987818
vn 0.146746 -0.087901 -0.985261
vn 0.534733 0.481723 0.694265
vn 0.784185 0.620524 -0.001964
vn 0.523419 0.477056 0.706010
vn 0.807873 0.589066 0.018524
vn 0.614161 0.399647 -0.680506
vn 0.636720 0.370260 -0.676384
vn 0.146746 -0.087901 -0.985261
vn 0.036063 -0.151378 -0.987818
vn -0.100151 -0.067456 0.992683
vn -0.029006 0.027371 0.999204
vn -0.041510 -0.025183 0.998821
vn -0.100151 -0.067456 0.992683
vn -0.029006 0.027371 0.999204
vn -0.459900 -0.520403 -0.719495
vn -0.703907 -0.709840 0.025356
vn -0.495028 -0.574952 -0.651443
vn 0.601051 0.393355 -0.695708
vn 0.612864 0.185514 -0.768103
vn 0.058161 -0.088996 -0.994332
vn 0.140284 -0.295629 -0.944947
vn 0.372856 -0.736424 -0.564498
vn 0.816705 -0.090757 -0.569873
vn 0.795794 0.605566 -0.001411
vn 0.807445 0.438976 -0.394123
vn 0.792691 0.497643 0.352126
vn 0.853866 0.519422 0.033388
vn 0.569047 0.456136 0.684197
vn 0.626821 0.331299 0.705221
vn 0.820432 0.073866 0.566953
vn 0.987230 -0.146002 0.063723
vn 0.987230 -0.146002 0.063723
vn 0.361848 -0.588334 0.723139
vn 0.464729 -0.882906 0.067111
vn 0.464729 -0.882906 0.067111
vn -0.046373 -0.021037 0.998703
vn 0.068933 -0.116404 0.990807
vn 0.361848 -0.588334 0.723139
vn -0.309207 -0.679259 0.665581
vn 0.464729 -0.882906 0.067111
vn -0.314437 -0.948712 0.032789
vn -0.231366 -0.776915 -0.585553
vn 0.372856 -0.736424 -0.564498
vn -0.715975 -0.697836 0.020104
vn -0.540478 -0.469748 0.698011
vn 0.058161 -0.088996 -0.994332
vn 0.140284 -0.295629 -0.944947
vn -0.046373 -0.021037 0.998703
vn 0.068933 -0.116404 0.990807
vn -0.559348 -0.521155 0.644614
vn 0.017232 -0.116303 -0.993064
vn -0.120534 -0.061430 0.990807
vn 0.071021 0.307522 0.948887
vn -0.008445 0.294560 0.955596
vn 0.096221 0.317968 0.943206
vn -0.022396 -0.032695 -0.999214
vn 0.000000 -0.017124 -0.999853
vn 0.000000 -0.032703 -0.999465
vn 0.000412 0.000614 -1.000000
vn -0.028055 0.041937 -0.998726
vn 0.000154 0.056654 -0.998394
vn 0.000000 0.086275 -0.996271
vn -0.028598 0.086094 -0.995876
vn -0.026186 -0.025711 -0.999326
vn -0.001949 -0.021177 -0.999774
vn -0.053546 0.253036 0.965974
vn -0.173991 0.246450 0.953410
vn -0.035291 -0.024225 -0.999083
vn 0.178051 0.246486 0.952650
vn 0.047820 0.253492 0.966155
vn 0.022396 -0.032695 -0.999214
vn 0.055075 0.300029 0.952339
vn 0.047820 0.253492 0.966155
vn 0.055075 0.300029 0.952339
vn -0.009857 0.251936 0.967694
vn -0.669817 0.497432 0.551277
vn -0.643450 0.506588 0.573883
vn -0.650790 0.500963 0.570533
vn -0.643450 0.506588 0.573883
vn -0.673581 0.487754 0.555324
vn -0.502687 0.515491 0.693956
vn -0.556544 0.532809 0.637474
vn -0.500813 0.555915 0.663434
vn -0.607269 0.546829 0.576371
vn -0.053546 0.253036 0.965974
vn -0.064284 0.303376 0.950700
vn -0.096104 0.327831 0.939835
vn -0.502694 0.515495 0.693948
vn 0.028518 0.041650 -0.998725
vn 0.028597 0.086094 -0.995876
vn 0.023035 -0.020174 -0.999531
vn 0.022288 -0.016630 -0.999613
vn -0.873789 -0.029785 -0.485392
vn -0.999593 0.007490 0.027514
vn -0.324322 -0.116645 -0.938727
vn 0.533356 -0.150112 -0.832465
vn 0.999556 -0.027620 0.011156
vn 0.936432 -0.017444 0.350416
vn 0.999373 -0.033538 0.011351
vn 0.942377 -0.041883 0.331920
vn 0.594723 -0.030368 0.803357
vn -0.105714 -0.025007 0.994082
vn 0.579468 -0.055427 0.813108
vn -0.101297 -0.051259 0.993535
vn -0.858929 -0.032451 -0.511066
vn -0.999611 -0.009204 0.026339
vn 0.522984 -0.103753 -0.846004
vn -0.283845 -0.089286 -0.954704
vn -0.767368 -0.024515 0.640738
vn -0.777630 0.003021 0.628715
vn -0.999611 -0.009204 0.026339
vn -0.999593 0.007490 0.027514
vn 0.941315 -0.079054 -0.328142
vn 0.929745 -0.061673 -0.363001
vn 0.999556 -0.027620 0.011156
vn 0.999373 -0.033538 0.011351
vn 0.997037 -0.046114 0.061574
vn 0.919572 -0.051540 -0.389527
vn 0.997037 -0.046114 0.061574
vn 0.916491 -0.069403 0.393990
vn 0.571347 -0.088770 0.815894
vn -0.098484 -0.082056 0.991750
vn -0.999515 -0.004865 0.030770
vn -0.761697 -0.044377 0.646411
vn -0.853698 -0.013806 -0.520584
vn -0.999515 -0.004865 0.030770
vn -0.269075 -0.059048 -0.961307
vn 0.504275 -0.075920 -0.860199
vn -0.675841 0.316722 0.665527
vn -0.675841 0.316722 0.665527
vn 0.293342 0.110175 0.949638
vn 0.140304 0.542863 0.828018
vn 0.511521 0.242888 0.824228
vn 0.000000 0.049838 0.998757
vn 0.000000 0.507316 0.861760
vn -0.511739 0.242883 0.824094
vn -0.126589 0.550243 0.825353
vn -0.293341 0.110175 0.949638
vn -0.174272 0.771575 0.611802
vn -0.158981 0.512249 0.843994
vn -0.201316 0.694813 0.690440
vn -0.019861 -0.017121 -0.999656
vn -0.373789 0.201554 0.905349
vn -0.373789 0.201554 0.905349
vn -0.017320 -0.001543 -0.999849
vn 0.000000 -0.001544 -0.999999
vn -0.315504 0.228832 0.920920
vn -0.315504 0.228832 0.920920
vn -0.078613 0.198627 -0.976917
vn -0.091582 0.298266 -0.950079
vn -0.027059 0.193318 -0.980763
vn -0.203747 0.336731 0.919293
vn -0.202136 0.347862 0.915496
vn -0.317743 0.944989 -0.077689
vn -0.371819 0.926786 -0.053085
vn -0.285488 0.784787 -0.550096
vn -0.314023 0.766750 -0.559897
vn -0.145515 0.926934 0.345859
vn -0.216861 0.911265 0.350096
vn -0.262407 0.959550 -0.102008
vn -0.107606 0.793179 0.599407
vn -0.286553 0.890880 0.352448
vn -0.238167 0.798043 0.553537
vn -0.156449 0.537654 0.828524
vn -0.056956 0.056801 -0.996760
vn -0.143840 0.247049 -0.958268
vn -0.186822 0.467630 -0.863956
vn -0.193168 0.473752 -0.859212
vn -0.257061 0.801591 -0.539788
vn -0.142343 0.548307 0.824074
vn -0.026666 0.000927 -0.999644
vn -0.028836 0.042510 -0.998680
vn -0.028152 0.085617 -0.995930
vn -0.029053 -0.000459 -0.999578
vn -0.027739 0.085834 -0.995923
vn -0.024289 0.001186 -0.999704
vn 0.000012 0.002907 -0.999996
vn -0.020316 0.003075 -0.999789
vn -0.018106 0.007787 -0.999806
vn -0.214927 0.526973 -0.822256
vn 0.720016 -0.119500 -0.683591
vn 0.431362 -0.087211 -0.897954
vn 0.475744 -0.377078 -0.794657
vn 0.317383 -0.184350 -0.930206
vn 0.152702 -0.355580 -0.922087
vn 0.424172 -0.458191 -0.781114
vn 0.132542 -0.124263 -0.983357
vn 0.161696 -0.098103 -0.981952
vn -0.847282 -0.058175 -0.527947
vn -0.997743 0.057661 0.034415
vn -0.407895 -0.118056 -0.905364
vn -0.589117 0.134387 0.796794
vn -0.872553 0.083501 0.481330
vn -0.290551 0.234720 0.927624
vn -0.067185 -0.015419 -0.997621
vn -0.997743 0.057661 0.034415
vn -0.221019 -0.002416 -0.975267
vn -0.091063 0.012912 -0.995761
vn -0.158654 0.300585 0.940467
vn -0.064284 0.303376 0.950700
vn -0.244523 0.289209 0.925509
vn 0.000000 0.176362 -0.984325
vn 0.000000 0.086277 -0.996271
vn -0.033550 0.176263 -0.983771
vn 0.000000 0.289961 -0.957039
vn -0.093895 0.287008 -0.953315
vn -0.245111 0.360762 -0.899873
vn -0.174977 0.331736 -0.927003
vn 0.000000 0.305410 -0.952221
vn -0.318446 0.488264 -0.812521
vn -0.519547 0.739139 -0.428654
vn -0.472667 0.655096 -0.589436
vn -0.490002 0.871647 -0.011393
vn -0.490002 0.871647 -0.011393
vn -0.490002 0.871647 -0.011393
vn -0.490002 0.871647 -0.011393
vn -0.259330 0.886357 0.383561
vn -0.259330 0.886357 0.383561
vn -0.141094 0.356587 0.923547
vn -0.188043 0.377625 0.906664
vn -0.772073 -0.242293 -0.587535
vn -0.462225 -0.256461 -0.848867
vn -0.474906 0.125682 0.871016
vn -0.096104 0.327831 0.939835
vn -0.103878 0.351091 0.930561
vn -0.153510 0.395463 0.905562
vn -0.100618 0.824319 0.557112
vn -0.100090 0.707784 0.699303
vn -0.100618 0.824319 0.557112
vn -0.106718 0.680319 0.725104
vn -0.144150 0.559025 0.816524
vn -0.147266 0.523691 0.839083
vn -0.019277 -0.017261 -0.999665
vn -0.022411 0.003137 -0.999744
vn -0.021177 0.004105 -0.999767
vn -0.131974 0.212698 -0.968164
vn -0.181073 0.203275 -0.962233
vn -0.202100 0.485643 -0.850474
vn -0.024168 0.002796 -0.999704
vn -0.020483 0.002458 -0.999787
vn 0.184538 0.399665 0.897894
vn 0.184538 0.399665 0.897894
vn 0.216927 0.465619 0.857987
vn 0.216927 0.465619 0.857987
vn 0.200713 0.467151 0.861095
vn 0.059132 0.299465 0.952273
vn 0.200713 0.467151 0.861095
vn 0.059132 0.299465 0.952273
vn -0.762180 0.256428 0.594413
vn -0.682544 0.516938 0.516632
vn -0.613278 0.443184 0.653818
vn -0.918194 -0.220406 0.329152
vn -0.730281 0.088958 0.677330
vn -0.523830 0.319365 0.789688
vn -0.368753 0.163682 0.915002
vn -0.291785 0.257087 0.921286
vn -0.083332 0.336369 0.938036
vn -0.137092 0.309446 0.940983
vn -0.091874 0.360269 0.928313
vn -0.225520 0.203387 0.952772
vn -0.210945 0.346282 0.914107
vn -0.405078 0.394262 0.824905
vn -0.083333 0.336373 0.938034
vn -0.355204 0.761540 0.542114
vn -0.577879 0.466081 0.669944
vn -0.663386 0.370742 0.649976
vn -0.225651 0.613478 0.756787
vn -0.313598 0.754214 0.576904
vn -0.121934 0.575639 0.808561
vn -0.061822 0.485702 0.871935
vn -0.070845 0.562998 0.823416
vn 0.000000 0.548821 0.835940
vn 0.000000 0.483306 0.875451
vn -0.691354 -0.185605 0.698270
vn -0.737774 -0.342547 0.581680
vn -0.813741 -0.057481 0.578378
vn -0.775045 -0.071718 -0.627823
vn -0.703903 -0.039911 -0.709174
vn -0.786474 -0.071388 -0.613484
vn -0.893992 -0.027353 -0.447247
vn -0.916952 -0.142397 -0.372722
vn -0.978647 -0.014635 -0.205024
vn -0.984639 0.063377 -0.162696
vn -0.962405 0.153199 0.224292
vn -0.962405 0.153199 0.224292
vn -0.680582 -0.073069 -0.729019
vn 0.866765 -0.174706 -0.467115
vn 0.719556 -0.409595 -0.560777
vn 0.899556 -0.258571 -0.352051
vn 0.945616 -0.247095 -0.211553
vn 0.952021 -0.149541 -0.267009
vn 0.962595 -0.068926 -0.262032
vn 0.992234 0.038148 -0.118393
vn 0.952525 0.154105 -0.262579
vn 0.866765 -0.174706 -0.467115
vn 0.977293 0.118275 -0.175812
vn 0.971395 0.130616 -0.198319
vn 0.952525 0.154105 -0.262579
vn 0.966737 0.180971 -0.180743
vn 0.988773 0.135365 -0.063274
vn 0.965191 0.217983 -0.144531
vn 0.899556 -0.258571 -0.352051
vn 0.973241 0.198756 -0.115315
vn -0.707374 0.329921 0.625120
vn -0.707374 0.329921 0.625120
vn -0.337861 0.505654 0.793829
vn -0.337861 0.505654 0.793829
vn 0.000000 0.573793 0.819001
vn 0.000000 0.573793 0.819001
vn 0.068728 0.954576 0.289934
vn 0.068728 0.954576 0.289934
vn 0.208583 0.975679 0.067401
vn 0.208583 0.975679 0.067401
vn 0.158348 0.980111 -0.119617
vn 0.158348 0.980111 -0.119617
vn 0.000000 0.985326 -0.170680
vn 0.000000 0.985326 -0.170680
vn 0.419545 0.163295 -0.892926
vn 0.000000 0.138696 -0.990335
vn 0.439057 0.075672 -0.895267
vn 0.000000 0.026373 -0.999652
vn 0.787089 0.181516 -0.589528
vn 0.807647 0.110457 -0.579228
vn 0.972780 0.173473 -0.153641
vn 0.983386 0.041938 -0.176617
vn -0.063523 0.922635 0.380406
vn -0.063523 0.922635 0.380406
vn -0.022900 0.919595 0.392199
vn -0.022900 0.919595 0.392199
vn -0.675841 0.316722 0.665527
vn -0.707060 0.049847 0.705395
vn -0.675841 0.316722 0.665527
vn -0.707060 0.049847 0.705395
vn 0.752779 0.110035 0.649012
vn 0.808805 0.028268 0.587397
vn 0.742162 0.011573 0.670120
vn -0.036471 0.920410 0.389251
vn -0.006770 0.920083 0.391665
vn -0.036471 0.920410 0.389251
vn -0.006770 0.920083 0.391665
vn 0.721490 0.058254 0.689970
vn 0.664921 0.174126 0.726333
vn 0.845139 0.183312 0.502132
vn 0.878054 0.035148 0.477268
vn 0.955257 0.176959 0.236999
vn 0.982392 -0.006191 0.186729
vn -0.708399 -0.025924 0.705336
vn -0.708399 -0.025924 0.705336
vn 0.983619 0.121780 0.132902
vn 0.972673 0.123821 0.196405
vn 0.337861 0.505654 0.793829
vn 0.707374 0.329921 0.625119
vn 0.337861 0.505654 0.793829
vn 0.707374 0.329921 0.625119
vn -0.163074 0.950857 0.263209
vn -0.163074 0.950857 0.263209
vn -0.072945 0.931962 0.355143
vn -0.072945 0.931962 0.355143
vn -0.229917 0.971296 0.061010
vn -0.229917 0.971296 0.061010
vn -0.158348 0.980111 -0.119616
vn -0.158348 0.980111 -0.119616
vn 0.000000 0.248423 -0.968652
vn -0.396737 0.249303 -0.883430
vn -0.419545 0.163295 -0.892926
vn -0.787168 0.181733 -0.589356
vn -0.762209 0.251389 -0.596524
vn -0.063383 0.927199 0.369166
vn -0.063383 0.927199 0.369166
vn 0.059132 0.299465 0.952273
vn 0.034116 0.161740 0.986244
vn 0.059132 0.299465 0.952273
vn 0.034116 0.161740 0.986244
vn -0.971474 0.174130 -0.160986
vn -0.946347 0.290080 -0.142414
vn -0.925734 0.281679 0.252336
vn -0.973562 0.129810 0.187951
vn -0.053045 0.924793 0.376753
vn -0.053045 0.924793 0.376753
vn -0.929659 0.065221 0.362602
vn -0.868226 0.223480 0.442991
vn -0.964264 -0.063052 0.257332
vn -0.973684 -0.154643 0.167405
vn -0.923409 0.074794 0.376460
vn -0.967483 -0.148479 0.204770
vn -0.439056 0.075672 -0.895267
vn -0.807824 0.110889 -0.578899
vn -0.982531 0.057436 -0.177014
vn -0.992657 -0.025321 0.118284
vn -0.962306 -0.156766 0.222241
vn -0.960602 -0.258062 0.103186
vn -0.965403 -0.248867 0.077855
vn 0.103000 0.132181 0.985860
vn 0.103000 0.132181 0.985860
vn -0.037618 0.919585 0.391086
vn -0.037618 0.919585 0.391086
vn 0.691353 -0.185605 0.698271
vn 0.737774 -0.342541 0.581683
vn 0.404094 -0.342730 0.848083
vn 0.438678 -0.601514 0.667640
vn 0.813740 -0.057481 0.578380
vn 0.919361 0.003355 0.393401
vn 0.857472 -0.185175 0.480054
vn 0.953127 -0.076868 0.292643
vn 0.000000 -0.417073 0.908873
vn 0.000000 -0.738354 0.674413
vn 0.775853 -0.109186 -0.621394
vn 0.989031 -0.036794 -0.143054
vn 0.775650 0.058994 -0.628400
vn 0.984723 0.042130 -0.168953
vn 0.417492 0.044747 -0.907578
vn 0.401303 -0.129497 -0.906745
vn 0.000000 0.036030 -0.999351
vn 0.000000 -0.141458 -0.989944
vn 0.680484 -0.347059 -0.645362
vn 0.345533 -0.412956 -0.842659
vn 0.923126 -0.241612 -0.299103
vn 0.884913 -0.367973 0.285524
vn 0.968635 -0.222830 0.109965
vn 0.736877 -0.632269 0.239266
vn 0.384592 -0.894350 0.228533
vn 0.000000 -0.990734 0.135814
vn 0.000000 -0.434829 -0.900513
vn 0.989031 -0.036794 -0.143054
vn 0.923126 -0.241612 -0.299103
vn 0.984723 0.042130 -0.168953
vn 0.577720 0.466105 0.670064
vn -0.404094 -0.342731 0.848083
vn -0.438677 -0.601519 0.667636
vn -0.857473 -0.185180 0.480050
vn -0.919361 0.003356 0.393401
vn -0.953128 -0.076876 0.292639
vn -0.775860 -0.109170 -0.621388
vn -0.775652 0.058997 -0.628397
vn -0.989031 -0.036792 -0.143053
vn -0.984724 0.042134 -0.168947
vn -0.417492 0.044748 -0.907578
vn -0.401310 -0.129491 -0.906743
vn -0.680488 -0.347058 -0.645358
vn -0.345538 -0.412956 -0.842657
vn -0.923127 -0.241608 -0.299102
vn -0.884913 -0.367978 0.285519
vn -0.968635 -0.222833 0.109964
vn -0.384588 -0.894352 0.228533
vn -0.736873 -0.632273 0.239268
vn -0.923127 -0.241608 -0.299102
vn -0.989031 -0.036792 -0.143053
vn -0.984724 0.042134 -0.168947
vn -0.464727 -0.882907 0.067120
vn -0.816709 -0.090760 -0.569868
vn -0.372858 -0.736423 -0.564498
vn -0.140283 -0.295624 -0.944948
vn -0.612866 0.185515 -0.768102
vn -0.058159 -0.088998 -0.994332
vn -0.601054 0.393355 -0.695706
vn -0.807445 0.438979 -0.394119
vn -0.795794 0.605566 -0.001411
vn -0.853864 0.519424 0.033388
vn -0.792691 0.497644 0.352123
vn -0.569050 0.456137 0.684193
vn -0.626822 0.331300 0.705219
vn -0.820432 0.073865 0.566953
vn -0.987229 -0.146005 0.063730
vn -0.987229 -0.146005 0.063730
vn -0.464727 -0.882907 0.067120
vn -0.361846 -0.588334 0.723140
vn -0.068933 -0.116404 0.990807
vn 0.046375 -0.021038 0.998703
vn -0.361846 -0.588334 0.723140
vn -0.464727 -0.882907 0.067120
vn 0.309207 -0.679258 0.665582
vn 0.314437 -0.948712 0.032794
vn -0.372858 -0.736423 -0.564498
vn 0.231368 -0.776912 -0.585556
vn -0.140283 -0.295624 -0.944948
vn -0.068933 -0.116404 0.990807
vn -0.697320 0.477710 -0.534358
vn -0.737355 0.035532 -0.674571
vn -0.802480 0.583321 -0.125552
vn -0.589470 0.302851 0.748870
vn -0.554347 0.459223 0.694128
vn -0.767447 0.574012 0.285543
vn -0.781939 0.608617 -0.134744
vn -0.526416 0.198706 -0.826681
vn -0.545741 0.332403 -0.769204
vn -0.993499 0.001107 -0.113837
vn -0.993499 0.001107 -0.113837
vn -0.841070 0.102041 0.531215
vn -0.522661 -0.852176 -0.024922
vn -0.421955 -0.643034 0.639109
vn -0.522661 -0.852176 -0.024922
vn -0.444085 -0.649679 -0.617014
vn -0.159676 -0.280871 -0.946369
vn 0.008347 -0.144349 -0.989492
vn -0.106376 -0.186117 0.976752
vn 0.047665 -0.003367 0.998858
vn -0.106376 -0.186117 0.976752
vn 0.215713 -0.707507 0.672980
vn 0.047665 -0.003367 0.998858
vn -0.421955 -0.643034 0.639109
vn -0.522661 -0.852176 -0.024922
vn 0.310552 -0.948205 0.066816
vn -0.444085 -0.649679 -0.617014
vn 0.177132 -0.806535 -0.564026
vn -0.159676 -0.280871 -0.946369
vn 0.068684 -0.975826 0.207476
vn 0.575139 -0.757839 0.308051
vn -0.258446 -0.471130 0.843352
vn 0.865945 0.071606 0.494987
vn 0.511263 -0.230628 0.827901
vn 0.792609 -0.598731 -0.115292
vn 0.279224 0.552408 0.785417
vn 0.232179 0.353648 0.906105
vn 0.865945 0.071606 0.494987
vn 0.511263 -0.230628 0.827901
vn -0.401558 0.290053 0.868689
vn -0.394697 0.611567 0.685711
vn -0.883334 0.357700 0.302938
vn -0.864744 0.210821 0.455821
vn -0.875157 -0.368544 0.313491
vn -0.963058 -0.189172 -0.191661
vn -0.258446 -0.471130 0.843352
vn -0.472727 -0.880156 -0.043055
vn -0.875157 -0.368544 0.313491
vn -0.366221 -0.767716 -0.525827
vn 0.308315 -0.834241 -0.457148
vn -0.963058 -0.189172 -0.191661
vn -0.755900 -0.014901 -0.654518
vn -0.717155 0.501499 -0.483929
vn -0.461816 0.192032 -0.865939
vn -0.424696 -0.639258 -0.641079
vn -0.110395 -0.260061 -0.959261
vn -0.472275 0.355870 -0.806420
vn 0.019221 -0.109467 -0.993805
vn -0.559222 0.463353 0.687441
vn -0.548750 0.333982 0.766374
vn -0.036260 0.006804 0.999319
vn -0.160746 -0.104062 0.981495
vn -0.808461 0.103772 0.579329
vn -0.488683 -0.549272 0.677856
vn -0.160746 -0.104062 0.981495
vn -0.488683 -0.549272 0.677856
vn 0.117860 -0.671534 0.731541
vn 0.227006 -0.973449 0.029407
vn -0.578565 -0.815636 -0.000606
vn -0.424696 -0.639258 -0.641079
vn 0.159397 -0.760242 -0.629781
vn -0.998607 -0.045657 -0.026456
vn -0.578565 -0.815636 -0.000606
vn -0.578565 -0.815636 -0.000606
vn -0.763498 0.639585 -0.089452
vn -0.819036 0.572724 -0.034164
vn -0.751392 0.571173 0.330411
vn 0.136807 0.358032 0.923632
vn 0.096221 0.317968 0.943206
vn 0.168673 0.356179 0.919068
vn -0.173601 -0.263867 -0.948808
vn -0.246821 -0.392386 -0.886066
vn -0.485620 -0.337683 -0.806315
vn -0.485620 -0.337683 -0.806315
vn -0.934273 -0.268046 -0.235128
vn -0.833452 -0.315668 -0.453554
vn -0.661369 -0.277798 -0.696721
vn -0.649956 -0.185601 -0.736960
vn -0.713872 -0.193030 -0.673147
vn -0.943901 -0.168595 -0.283947
vn 0.161696 -0.098103 -0.981952
vn 0.132542 -0.124263 -0.983357
vn 0.396736 0.249303 -0.883430
vn 0.762208 0.251389 -0.596525
vn 0.944030 0.304262 -0.127402
vn 0.019861 -0.017121 -0.999656
vn 0.836262 0.089018 0.541055
vn 0.614178 0.156426 0.773509
vn 0.373789 0.201554 0.905349
vn 0.373789 0.201554 0.905349
vn 0.064906 -0.014311 -0.997789
vn 0.408438 -0.117583 -0.905181
vn 0.221775 -0.002365 -0.975095
vn 0.090884 0.013256 -0.995773
vn 0.017320 -0.001543 -0.999849
vn 0.147772 0.305937 0.940514
vn 0.313804 0.230281 0.921139
vn 0.313804 0.230281 0.921139
vn 0.498617 0.121201 0.858307
vn 0.186106 0.201152 -0.961718
vn 0.141673 0.208650 -0.967675
vn 0.078613 0.198627 -0.976917
vn 0.027059 0.193318 -0.980763
vn 0.091583 0.298266 -0.950079
vn 0.207979 0.482828 -0.850660
vn 0.157924 0.511421 0.844694
vn 0.199158 0.347281 0.916369
vn 0.200603 0.337327 0.919766
vn 0.177423 0.332949 -0.926103
vn 0.324763 0.480276 -0.814779
vn 0.315366 0.945714 -0.078545
vn 0.281515 0.786658 -0.549472
vn 0.367194 0.928528 -0.054811
vn 0.306071 0.770764 -0.558788
vn 0.145510 0.926933 0.345863
vn 0.262405 0.959551 -0.102007
vn 0.216858 0.911265 0.350099
vn 0.275946 0.887521 0.369000
vn 0.474012 0.880459 -0.010274
vn 0.275946 0.887521 0.369000
vn 0.474012 0.880459 -0.010274
vn 0.107603 0.793177 0.599410
vn 0.174271 0.771574 0.611803
vn 0.230645 0.670583 0.705068
vn 0.230645 0.670583 0.705068
vn 0.235404 0.813208 0.532239
vn 0.235404 0.813208 0.532239
vn 0.238167 0.798043 0.553537
vn 0.286553 0.890880 0.352449
vn 0.327649 0.386871 0.861961
vn 0.327649 0.386871 0.861961
vn 0.192957 0.373504 0.907338
vn 0.192957 0.373504 0.907338
vn 0.893424 0.352598 0.278332
vn 0.784330 0.323961 0.529033
vn 0.429765 0.376310 0.820788
vn 0.429765 0.376310 0.820788
vn 0.204919 0.492817 0.845659
vn 0.204919 0.492817 0.845659
vn 0.150899 0.324796 0.933669
vn 0.671480 0.256238 0.695310
vn 0.178788 0.387059 0.904555
vn 0.201316 0.694813 0.690440
vn 0.156775 0.536074 0.829485
vn 0.196417 0.371614 0.907372
vn 0.997743 0.057661 0.034415
vn 0.847282 -0.058175 -0.527947
vn 0.997743 0.057661 0.034415
vn 0.772074 -0.242293 -0.587534
vn 0.245890 0.290311 0.924801
vn 0.290551 0.234720 0.927624
vn 0.033550 0.176263 -0.983771
vn 0.093895 0.287009 -0.953315
vn 0.249970 0.363050 -0.897613
vn 0.483506 0.640656 -0.596475
vn 0.533193 0.719590 -0.444855
vn 0.474012 0.880459 -0.010274
vn 0.474012 0.880459 -0.010274
vn 0.143841 0.247049 -0.958268
vn 0.056959 0.056316 -0.996787
vn 0.185718 0.469161 -0.863364
vn 0.190415 0.477563 -0.857715
vn 0.257061 0.801592 -0.539787
vn 0.142343 0.548308 0.824074
vn 0.027878 0.002302 -0.999609
vn 0.020806 0.003841 -0.999776
vn 0.020267 0.002055 -0.999792
vn 0.028839 0.041782 -0.998710
vn 0.028152 0.085617 -0.995930
vn 0.029058 -0.001915 -0.999576
vn 0.020803 0.003515 -0.999777
vn 0.021261 0.003274 -0.999769
vn 0.019277 -0.017261 -0.999665
vn 0.027739 0.085834 -0.995923
vn 0.025063 0.003098 -0.999681
vn 0.020341 0.002738 -0.999789
vn 0.018106 0.006614 -0.999814
vn 0.214927 0.526975 -0.822256
vn 0.243250 0.603027 0.759729
vn 0.076775 0.578419 0.812119
vn 0.015981 0.483245 0.875339
vn 0.663386 0.370739 0.649979
vn 0.355203 0.761543 0.542110
vn 0.313177 0.754236 0.577104
vn -0.713872 -0.193030 -0.673147
vn -0.833452 -0.315668 -0.453554
vn -0.649956 -0.185601 -0.736960
vn -0.894658 0.366136 0.255990
vn 0.295760 0.565502 0.769892
vn 0.901904 0.154329 0.403425
vn 0.901904 0.154329 0.403425
vn 0.901114 -0.403642 -0.158324
vn -0.410138 0.603364 0.683914
vn -0.927446 -0.166005 -0.335092
vn -0.927446 -0.166005 -0.335092
vn -0.367787 -0.625348 -0.688239
vn 0.341417 -0.737664 -0.582483
vn 0.350987 0.593644 0.724151
vn 0.947293 0.057021 0.315254
vn 0.850434 -0.493261 -0.182909
vn 0.947293 0.057021 0.315254
vn -0.392429 0.678799 0.620670
vn -0.898229 0.399427 0.183420
vn -0.854756 -0.224679 -0.467880
vn -0.854756 -0.224679 -0.467880
vn -0.296996 -0.650164 -0.699343
vn 0.341120 -0.757609 -0.556476
vn 0.997409 -0.053640 0.047929
vn 0.933792 -0.042882 -0.355236
vn 0.990962 -0.131017 0.028787
vn 0.876259 -0.198781 -0.438926
vn -0.229437 0.160122 -0.960062
vn -0.200366 -0.125344 -0.971670
vn 0.507340 0.114586 -0.854094
vn 0.494999 -0.116801 -0.861007
vn -0.853461 0.114046 -0.508524
vn -0.807928 0.077142 -0.584210
vn -0.996246 0.038089 0.077739
vn -0.999731 0.007654 -0.021901
vn -0.759539 -0.064238 0.647282
vn -0.825712 -0.082714 0.557995
vn -0.996246 0.038089 0.077739
vn -0.999731 0.007654 -0.021901
vn -0.135632 -0.156701 0.978289
vn -0.147811 -0.122244 0.981432
vn 0.922998 0.039379 -0.382784
vn 0.900075 -0.110171 -0.421578
vn 0.583582 -0.133182 0.801058
vn 0.624274 -0.119852 0.771957
vn 0.895188 -0.080562 0.438347
vn 0.996074 -0.010196 0.087938
vn 0.919708 -0.121450 0.373346
vn 0.988843 -0.147034 -0.023901
vn 0.930027 -0.070159 -0.360731
vn 0.995735 -0.047967 0.078807
vn 0.988843 -0.147034 -0.023901
vn -0.364296 -0.039921 -0.930427
vn -0.400022 -0.121388 -0.908431
vn -0.870187 0.039599 -0.491129
vn -0.330892 -0.018823 -0.943481
vn -0.238409 -0.091883 -0.966808
vn 0.494561 -0.073794 -0.866005
vn 0.483387 -0.106981 -0.868845
vn 0.553731 -0.037535 -0.831849
vn 0.552824 -0.141442 0.821206
vn -0.114427 -0.152096 0.981720
vn 0.989758 -0.140156 -0.027126
vn 0.924725 -0.097982 0.367808
vn 0.995735 -0.047967 0.078807
vn 0.896819 -0.056238 0.438808
vn -0.832058 -0.111269 0.543413
vn -0.996737 0.014135 -0.079470
vn -0.995718 -0.088433 -0.026934
vn -0.880660 -0.140231 -0.452518
vn -0.101586 -0.105050 0.989265
vn 0.567956 -0.106666 0.816118
vn -0.759995 -0.063230 0.646846
vn -0.991463 -0.119030 0.053226
vn -0.991463 -0.119030 0.053226
vn 0.997409 -0.053640 0.047929
vn 0.909729 -0.079087 0.407600
vn -0.995718 -0.088433 -0.026934
vn -0.996737 0.014135 -0.079470
vn 0.901019 -0.091449 0.424030
vn 0.990962 -0.131017 0.028787
vn 0.897083 -0.109461 -0.428089
vn 0.989758 -0.140156 -0.027126
vn 0.465898 -0.212456 -0.858954
vn -0.813624 0.001522 -0.581390
vn -0.848032 0.018967 -0.529606
vn 0.996074 -0.010196 0.087938
vn 0.856014 -0.075783 0.511367
vn 0.490968 -0.138311 0.860128
vn 0.846457 -0.104568 0.522088
vn 0.481696 -0.159745 0.861656
vn -0.724274 -0.026383 0.689008
vn -0.813125 -0.053281 0.579645
vn -0.291459 -0.124348 0.948467
vn -0.992601 0.121403 -0.001917
vn -0.717173 0.245198 -0.652335
vn -0.998092 0.060723 -0.011180
vn -0.718925 0.153322 -0.677967
vn -0.018202 0.245587 -0.969204
vn 0.734830 0.182596 -0.653211
vn 0.008893 0.155775 -0.987753
vn 0.764273 0.093940 -0.638014
vn 0.498620 -0.182004 0.847498
vn 0.844210 -0.142126 0.516826
vn -0.225120 -0.179934 0.957572
vn -0.815069 -0.120894 0.566610
vn -0.996432 -0.063516 -0.055585
vn -0.702981 -0.016705 -0.711012
vn 0.795367 -0.062177 -0.602930
vn 0.044693 -0.007415 -0.998973
vn -0.992601 0.121403 -0.001917
vn -0.998092 0.060723 -0.011180
vn -0.996432 -0.063516 -0.055585
vn -0.834878 -0.128830 0.535146
vn -0.985398 -0.119768 -0.121024
vn -0.228405 -0.141527 0.963224
vn 0.564119 -0.130150 0.815371
vn 0.960894 -0.135150 0.241696
vn 0.047441 -0.095994 -0.994251
vn 0.803190 -0.123556 -0.582769
vn -0.985398 -0.119768 -0.121024
vn -0.725233 -0.107829 -0.680007
vn 0.997952 0.042274 0.048004
vn 0.996798 -0.017765 0.077960
vn 0.985776 -0.115753 0.121845
vn 0.960894 -0.135150 0.241696
vn -0.171642 -0.099873 0.980084
vn 0.997952 0.042274 0.048004
vn 0.996798 -0.017765 0.077960
vn 0.985776 -0.115753 0.121845
vn -0.708478 -0.373250 0.598951
vn 0.169885 -0.452199 0.875588
vn -0.519556 -0.383952 0.763310
vn 0.169885 -0.452199 0.875588
vn 0.769287 -0.392128 0.504414
vn 0.769287 -0.392128 0.504414
vn 0.963084 -0.257787 -0.077552
vn 0.963084 -0.257787 -0.077552
vn 0.741739 -0.142944 -0.655279
vn 0.741739 -0.142944 -0.655279
vn 0.164838 -0.052465 -0.984924
vn 0.164838 -0.052465 -0.984924
vn -0.877931 -0.298503 0.374344
vn -0.494253 -0.073972 -0.866165
vn -0.494253 -0.073972 -0.866165
vn -0.969349 -0.227652 -0.092391
vn -0.854576 -0.137758 -0.500722
vn -0.969349 -0.227652 -0.092391
vn -0.854576 -0.137758 -0.500722
vn 0.038480 -0.122466 -0.991727
vn 0.494854 -0.586619 -0.641091
vn 0.441260 -0.543730 -0.713896
vn 0.424426 -0.460751 0.779468
vn -0.036260 0.006804 0.999319
vn 0.677338 -0.734093 0.048170
vn -0.514164 0.386398 -0.765724
vn -0.537037 0.393121 -0.746356
vn -0.029626 -0.099209 -0.994625
vn -0.770633 0.630006 -0.096009
vn -0.755138 0.651875 -0.069464
vn -0.576193 0.492787 0.652045
vn -0.535490 0.521683 0.664152
vn -0.001597 -0.036967 0.999315
vn -0.002927 0.044643 0.998999
vn -0.001597 -0.036967 0.999315
vn 0.479552 -0.523039 0.704599
vn -0.002927 0.044643 0.998999
vn 0.675456 -0.734961 0.059928
vn 0.068197 -0.005046 0.997659
vn 0.445406 -0.428585 0.786085
vn 0.480643 -0.591886 -0.647034
vn 0.665717 -0.737410 0.114225
vn 0.008347 -0.144349 -0.989492
vn -0.787083 0.606381 -0.113147
vn -0.760172 0.637305 -0.126418
vn -0.575329 0.478958 0.663021
vn -0.545362 0.509386 0.665662
vn -0.567517 0.354702 -0.743042
vn -0.557371 0.370820 -0.742852
vn 0.035977 -0.176651 -0.983616
vn -0.048331 -0.129754 -0.990368
vn 0.068197 -0.005046 0.997659
vn -0.001309 0.000553 0.999999
vn -0.048331 -0.129754 -0.990368
vn 0.527884 -0.631053 -0.568428
vn 0.035977 -0.176651 -0.983616
vn 0.499565 -0.466441 0.729977
vn -0.001309 0.000553 0.999999
vn 0.691835 -0.710251 0.130029
vn -0.724790 0.685895 -0.065023
vn -0.459016 0.404718 -0.790890
vn -0.498551 0.419497 -0.758597
vn -0.744935 0.660409 -0.094504
vn 0.011518 -0.128956 -0.991583
vn 0.056339 -0.159322 -0.985618
vn -0.501985 0.531201 0.682522
vn -0.553822 0.464398 0.691097
vn 0.037694 0.000717 0.999289
vn 0.624792 -0.778878 0.054618
vn 0.489298 -0.614548 -0.618804
vn 0.569208 -0.822192 -0.001585
vn 0.421014 -0.635041 -0.647665
vn 0.660047 -0.748496 0.063969
vn 0.440580 -0.546438 -0.712246
vn 0.430760 -0.533805 0.727666
vn 0.037694 0.000717 0.999289
vn 0.428442 -0.449377 0.783899
vn 0.368341 -0.582565 0.724529
vn 0.440964 -0.448507 0.777426
vn 0.659099 -0.747208 0.085256
vn 0.490496 -0.519664 0.699545
vn -0.515023 0.335264 -0.788891
vn -0.547932 0.363795 -0.753275
vn -0.791357 0.597638 -0.128776
vn -0.781167 0.614658 -0.109425
vn -0.557325 0.465750 0.687362
vn -0.557770 0.490973 0.669207
vn 0.001780 -0.155471 -0.987839
vn -0.056566 -0.094420 -0.993924
vn 0.045507 -0.036644 0.998292
vn 0.001780 -0.155471 -0.987839
vn -0.056566 -0.094420 -0.993924
vn 0.491424 -0.625142 -0.606382
vn 0.397917 -0.650258 -0.647168
vn 0.425886 -0.551883 0.716971
vn 0.570030 -0.820179 0.048704
vn 0.458075 -0.574982 -0.677911
vn 0.694927 -0.709499 0.116991
vn 0.045507 -0.036644 0.998292
vn -0.021094 0.037029 0.999092
vn -0.021094 0.037029 0.999092
vn 0.012763 -0.082946 -0.996472
vn -0.423750 0.402708 -0.811333
vn -0.065116 0.013922 0.997781
vn -0.065116 0.013922 0.997781
vn -0.305135 0.397826 0.865232
vn 0.090410 -0.162549 0.982550
vn -0.167884 0.171541 0.970767
vn 0.173781 -0.141101 -0.974623
vn -0.457988 0.509022 -0.728796
vn 0.043354 -0.009168 -0.999018
vn -0.483987 0.410224 -0.772963
vn 0.053531 0.079010 -0.995436
vn -0.591088 0.472539 -0.653698
vn 0.306679 -0.859181 -0.409580
vn -0.486024 -0.280567 -0.827685
vn 0.569800 -0.819938 0.055044
vn -0.710136 -0.301024 0.636469
vn 0.277227 -0.898284 0.340927
vn -0.710136 -0.301024 0.636469
vn -0.900086 0.366553 0.235551
vn -0.486024 -0.280567 -0.827685
vn -0.732242 0.291949 -0.615294
vn -0.824993 0.536509 -0.177611
vn -0.794441 0.581413 -0.175566
vn -0.738651 0.604851 -0.297572
vn -0.874201 0.439438 0.206560
vn -0.737779 0.655527 -0.161138
vn -0.784077 -0.339283 0.519721
vn 0.305863 -0.936817 0.169772
vn 0.305863 -0.936817 0.169772
vn -0.486024 -0.280567 -0.827685
vn -0.784077 -0.339283 0.519721
vn 0.404498 -0.589662 -0.699057
vn -0.784077 -0.339283 0.519721
vn -0.784077 -0.339283 0.519721
vn 0.524732 -0.844394 -0.107960
vn 0.639234 -0.769012 -0.000226
vn 0.587681 -0.776658 -0.226787
vn 0.693314 -0.720318 -0.021410
vn 0.634920 -0.648617 -0.419728
vn 0.590247 -0.807142 -0.011455
vn -0.770918 0.624293 -0.126264
vn -0.784506 0.612083 -0.099519
vn -0.681857 0.673365 0.285746
vn -0.692581 0.653120 0.306213
vn -0.730442 0.550162 -0.404694
vn -0.754160 0.637427 0.157891
vn -0.576185 0.634135 0.515639
vn -0.792518 0.601203 0.102329
vn -0.859137 0.252257 0.445253
vn -0.322986 0.590333 0.739721
vn 0.420397 0.503251 0.754987
vn 0.929759 -0.010310 0.368023
vn 0.821916 -0.555521 -0.125898
vn 0.353278 -0.826854 -0.437615
vn 0.929759 -0.010310 0.368023
vn -0.315180 -0.803873 -0.504430
vn 0.642804 -0.471599 -0.603653
vn 0.774357 -0.627748 -0.079391
vn 0.579869 -0.610385 -0.539612
vn 0.644013 -0.764733 -0.020771
vn 0.090410 -0.162549 0.982550
vn 0.548924 -0.588014 0.594072
vn -0.431664 -0.696035 0.573762
vn 0.204321 -0.931428 0.301157
vn -0.925342 -0.341559 -0.164559
vn -0.925342 -0.341559 -0.164559
vn -0.504693 0.158010 0.848716
vn -0.431664 -0.696035 0.573762
vn 0.450120 0.485724 0.749309
vn 0.305135 0.397826 0.865232
vn 0.576184 0.634134 0.515642
vn -0.090410 -0.162550 0.982550
vn -0.548922 -0.588013 0.594075
vn -0.074616 0.021973 0.996970
vn -0.557250 -0.536258 0.633956
vn 0.765922 -0.378842 -0.519464
vn -0.237748 -0.930739 -0.277851
vn -0.611643 -0.783065 0.112701
vn 0.167884 0.171541 0.970767
vn -0.090410 -0.162550 0.982550
vn -0.074616 0.021973 0.996970
vn 0.765922 -0.378842 -0.519464
vn 0.925503 0.330998 -0.184076
vn 0.817472 0.567279 0.099667
vn 0.591089 0.472537 -0.653699
vn 0.483988 0.410223 -0.772963
vn -0.053531 0.079010 -0.995435
vn -0.043353 -0.009168 -0.999018
vn 0.792518 0.601202 0.102330
vn 0.754160 0.637426 0.157897
vn -0.632809 -0.765053 0.119359
vn -0.590248 -0.807141 -0.011453
vn 0.770919 0.624292 -0.126265
vn 0.681858 0.673364 0.285746
vn 0.784506 0.612083 -0.099520
vn 0.692580 0.653119 0.306217
vn 0.730443 0.550160 -0.404694
vn 0.794440 0.581414 -0.175564
vn 0.738651 0.604854 -0.297569
vn 0.457991 0.509024 -0.728792
vn -0.173781 -0.141102 -0.974623
vn -0.644013 -0.764733 -0.020771
vn -0.774357 -0.627748 -0.079391
vn -0.579869 -0.610386 -0.539612
vn -0.642805 -0.471599 -0.603652
vn -0.634920 -0.648618 -0.419728
vn -0.693314 -0.720318 -0.021410
vn 0.795747 -0.604364 -0.039121
vn 0.351801 -0.905515 -0.237231
vn 0.816191 -0.566719 -0.112524
vn 0.047343 0.597827 0.800226
vn -0.372742 0.667938 0.644144
vn -0.182760 0.561802 0.806832
vn -0.351623 0.524826 0.775190
vn -0.545852 0.411543 0.729848
vn -0.243237 0.516778 0.820839
vn 0.470130 0.413614 0.779680
vn 0.439876 0.400482 0.803818
vn 0.587065 0.352449 0.728790
vn 0.905348 -0.085043 0.416069
vn 0.922415 -0.049431 0.383023
vn 0.922415 -0.049431 0.383023
vn 0.905348 -0.085043 0.416069
vn 0.826083 -0.465698 -0.317351
vn 0.965917 -0.051902 0.253595
vn 0.309566 -0.937883 -0.156667
vn -0.012718 -0.964908 -0.262278
vn 0.386669 -0.801531 -0.456109
vn 0.538967 -0.780864 -0.315856
vn 0.799760 -0.564018 -0.205592
vn -0.372053 -0.923457 -0.093830
vn -0.431664 -0.696035 0.573762
vn -0.372053 -0.923457 -0.093830
vn -0.925342 -0.341559 -0.164559
vn 0.965917 -0.051902 0.253595
vn 0.724581 -0.011794 -0.689089
vn 0.366307 -0.691456 -0.622661
vn 0.526719 0.251916 -0.811853
vn 0.547525 0.448122 0.706685
vn -0.009683 -0.006272 0.999933
vn 0.531797 0.347561 0.772265
vn 0.114941 -0.146432 0.982520
vn 0.359517 -0.655784 0.663848
vn 0.774216 0.075752 0.628372
vn 0.150660 -0.236149 -0.959966
vn 0.580536 0.381618 -0.719267
vn 0.045189 -0.086568 -0.995220
vn 0.775223 0.630835 -0.032802
vn 0.780464 0.621924 -0.063934
vn 0.709047 0.534955 -0.459430
vn 0.719761 0.598816 0.351231
vn 0.991393 -0.118595 -0.055457
vn 0.366307 -0.691456 -0.622661
vn -0.163465 -0.791032 -0.589532
vn 0.150660 -0.236149 -0.959966
vn -0.203530 -0.736513 0.645077
vn -0.274756 -0.961125 0.027340
vn 0.359517 -0.655784 0.663848
vn 0.413797 -0.910359 -0.004162
vn 0.366307 -0.691456 -0.622661
vn 0.114941 -0.146432 0.982520
vn 0.991393 -0.118595 -0.055457
vn 0.413797 -0.910359 -0.004162
vn 0.413797 -0.910359 -0.004162
vn -0.263196 -0.877463 0.400982
vn 0.768367 0.361401 0.528207
vn 0.817603 0.574313 -0.041110
vn 0.805348 0.285594 -0.519472
vn 0.117950 -0.072344 -0.990381
vn -0.346416 -0.606855 -0.715349
vn 0.625966 -0.319346 -0.711467
vn -0.235105 -0.896812 -0.374773
vn -0.544616 -0.838495 -0.017858
vn -0.565905 -0.824260 0.018628
vn -0.434801 -0.538144 0.722045
vn 0.537313 -0.280710 0.795297
vn -0.062020 0.019084 0.997892
vn -0.062020 0.019084 0.997892
vn 0.499152 0.470392 0.727722
vn 0.537313 -0.280710 0.795297
vn 0.117950 -0.072344 -0.990381
vn 0.625966 -0.319346 -0.711467
vn 0.599977 0.355938 -0.716474
vn 0.804247 0.593392 -0.032744
vn 0.537313 -0.280710 0.795297
vn 0.765922 -0.378842 -0.519464
vn -0.263196 -0.877463 0.400982
vn 0.765922 -0.378842 -0.519464
vn -0.593700 -0.804435 -0.020120
vn -0.442890 -0.550823 -0.707419
vn -0.537224 -0.501141 0.678415
vn -0.468064 -0.483567 0.739648
vn -0.073185 -0.018635 0.997144
vn -0.009683 -0.006272 0.999933
vn -0.661187 -0.749288 0.037396
vn -0.445875 -0.545267 -0.709845
vn 0.045189 -0.086568 -0.995220
vn 0.804282 0.594246 -0.001728
vn 0.574727 0.468424 0.671020
vn 0.811174 0.584792 -0.003886
vn 0.559583 0.462618 0.687642
vn 0.577523 0.456895 0.676546
vn -0.065553 -0.024477 0.997549
vn 0.002430 0.018349 0.999829
vn -0.073185 -0.018635 0.997144
vn 0.812759 0.582382 -0.015963
vn 0.613790 0.390900 -0.685900
vn 0.050664 -0.091102 -0.994552
vn 0.003318 -0.113101 -0.993578
vn 0.615149 0.384316 -0.688399
vn 0.083829 -0.072370 -0.993849
vn 0.619795 0.393196 -0.679155
vn -0.538360 -0.475614 0.695672
vn -0.691078 -0.722550 0.018220
vn -0.065553 -0.024477 0.997549
vn 0.050664 -0.091102 -0.994552
vn 0.083829 -0.072370 -0.993849
vn -0.396345 -0.502015 -0.768695
vn -0.470960 -0.444487 0.761989
vn -0.695386 -0.718456 0.016116
vn 0.002430 0.018349 0.999829
vn -0.693990 -0.719426 0.028349
vn -0.502086 -0.566915 -0.653083
vn 0.003318 -0.113101 -0.993578
vn -0.277224 -0.898283 0.340931
vn 0.900084 0.366553 0.235558
vn 0.056567 -0.094417 -0.993924
vn -0.397917 -0.650256 -0.647170
vn 0.486024 -0.280565 -0.827686
vn -0.306679 -0.859179 -0.409585
vn -0.569801 -0.819937 0.055044
vn -0.570030 -0.820179 0.048703
vn -0.425884 -0.551882 0.716972
vn 0.710131 -0.301020 0.636475
vn 0.021094 0.037029 0.999092
vn 0.021094 0.037029 0.999092
vn 0.557328 0.465750 0.687359
vn 0.710131 -0.301020 0.636475
vn 0.056567 -0.094417 -0.993924
vn 0.486024 -0.280565 -0.827686
vn 0.515021 0.335263 -0.788893
vn 0.732243 0.291953 -0.615291
vn 0.824991 0.536509 -0.177617
vn 0.791357 0.597636 -0.128782
vn 0.625966 -0.319346 -0.711467
vn 0.710131 -0.301020 0.636475
vn 0.805348 0.285594 -0.519472
vn 0.710131 -0.301020 0.636475
vn 0.625966 -0.319346 -0.711467
vn -0.277224 -0.898283 0.340931
vn 0.710131 -0.301020 0.636475
vn -0.639235 -0.769012 -0.000226
vn 0.235109 -0.896811 -0.374773
vn -0.625957 -0.319345 -0.711475
vn -0.805341 0.285591 -0.519483
vn -0.768368 0.361402 0.528204
vn -0.817603 0.574313 -0.041110
vn 0.346414 -0.606857 -0.715347
vn -0.117951 -0.072345 -0.990381
vn 0.544619 -0.838493 -0.017855
vn 0.565903 -0.824261 0.018628
vn 0.062020 0.019085 0.997892
vn 0.434801 -0.538145 0.722045
vn -0.537311 -0.280711 0.795297
vn 0.263200 -0.877461 0.400984
vn 0.062020 0.019085 0.997892
vn -0.537311 -0.280711 0.795297
vn -0.499153 0.470391 0.727722
vn -0.117951 -0.072345 -0.990381
vn -0.599978 0.355937 -0.716474
vn -0.625957 -0.319345 -0.711475
vn -0.804248 0.593391 -0.032744
vn -0.625957 -0.319345 -0.711475
vn -0.805341 0.285591 -0.519483
vn -0.710136 -0.301024 0.636469
vn -0.710136 -0.301024 0.636469
vn 0.277227 -0.898284 0.340927
vn -0.625957 -0.319345 -0.711475
vn -0.710136 -0.301024 0.636469
vn 0.593703 -0.804433 -0.020118
vn 0.442891 -0.550823 -0.707419
vn -0.490495 -0.519661 0.699548
vn -0.659099 -0.747208 0.085258
vn -0.440965 -0.448508 0.777425
vn 0.547930 0.363795 -0.753277
vn 0.781168 0.614657 -0.109428
vn 0.557772 0.490971 0.669207
vn -0.001779 -0.155470 -0.987839
vn 0.575328 0.478956 0.663022
vn 0.787082 0.606382 -0.113145
vn 0.567516 0.354704 -0.743041
vn 0.048332 -0.129754 -0.990368
vn -0.045506 -0.036644 0.998292
vn 0.001310 0.000553 0.999999
vn -0.491424 -0.625142 -0.606383
vn -0.001779 -0.155470 -0.987839
vn 0.048332 -0.129754 -0.990368
vn -0.458075 -0.574983 -0.677909
vn -0.045506 -0.036644 0.998292
vn 0.001310 0.000553 0.999999
vn -0.694926 -0.709500 0.116992
vn 0.695386 -0.718455 0.016115
vn 0.396346 -0.502014 -0.768695
vn 0.691078 -0.722550 0.018218
vn -0.577523 0.456895 0.676546
vn -0.574726 0.468426 0.671019
vn 0.065552 -0.024476 0.997549
vn -0.002431 0.018351 0.999829
vn -0.812757 0.582384 -0.015962
vn -0.613789 0.390903 -0.685899
vn -0.050664 -0.091100 -0.994552
vn -0.619794 0.393198 -0.679155
vn -0.083828 -0.072368 -0.993849
vn 0.538361 -0.475615 0.695671
vn 0.065552 -0.024476 0.997549
vn -0.050664 -0.091100 -0.994552
vn -0.083828 -0.072368 -0.993849
vn 0.470960 -0.444487 0.761989
vn -0.002431 0.018351 0.999829
vn -0.804281 0.594247 -0.001728
vn -0.765921 -0.378842 -0.519464
vn 0.366227 -0.648912 -0.666926
vn -0.146748 -0.087899 -0.985261
vn -0.450119 0.485723 0.749310
vn 0.074616 0.021973 0.996970
vn 0.557247 -0.536261 0.633956
vn 0.237747 -0.930741 -0.277843
vn 0.611636 -0.783070 0.112708
vn 0.607102 -0.791353 0.072026
vn 0.486388 -0.513043 0.707258
vn 0.029007 0.027371 0.999204
vn 0.074616 0.021973 0.996970
vn 0.029007 0.027371 0.999204
vn -0.523418 0.477055 0.706011
vn -0.146748 -0.087899 -0.985261
vn -0.636721 0.370259 -0.676384
vn -0.765921 -0.378842 -0.519464
vn -0.925502 0.330999 -0.184080
vn -0.807873 0.589065 0.018524
vn -0.817472 0.567280 0.099667
vn -0.537311 -0.280711 0.795297
vn 0.263200 -0.877461 0.400984
vn -0.765921 -0.378842 -0.519464
vn -0.765921 -0.378842 -0.519464
vn 0.632803 -0.765057 0.119362
vn -0.724579 -0.011800 -0.689090
vn -0.413797 -0.910359 -0.004160
vn -0.991393 -0.118595 -0.055451
vn -0.547527 0.448121 0.706683
vn -0.531784 0.347548 0.772279
vn 0.009684 -0.006272 0.999933
vn -0.114940 -0.146434 0.982520
vn -0.774202 0.075738 0.628391
vn -0.359514 -0.655786 0.663848
vn -0.526718 0.251911 -0.811855
vn -0.366310 -0.691458 -0.622658
vn -0.150661 -0.236152 -0.959965
vn -0.580541 0.381619 -0.719262
vn -0.045188 -0.086569 -0.995220
vn -0.775224 0.630834 -0.032801
vn -0.709047 0.534954 -0.459431
vn -0.780464 0.621923 -0.063938
vn -0.719759 0.598810 0.351244
vn -0.991393 -0.118595 -0.055451
vn 0.203531 -0.736514 0.645075
vn 0.468063 -0.483567 0.739649
vn -0.114940 -0.146434 0.982520
vn 0.009684 -0.006272 0.999933
vn 0.661187 -0.749288 0.037395
vn 0.274758 -0.961125 0.027337
vn 0.163465 -0.791031 -0.589533
vn 0.445875 -0.545265 -0.709845
vn -0.150661 -0.236152 -0.959965
vn -0.045188 -0.086569 -0.995220
vn -0.366310 -0.691458 -0.622658
vn -0.413797 -0.910359 -0.004160
vn -0.359514 -0.655786 0.663848
vn -0.366310 -0.691458 -0.622658
vn -0.413797 -0.910359 -0.004160
vn -0.811176 0.584789 -0.003886
vn -0.559587 0.462618 0.687639
vn 0.073184 -0.018635 0.997144
vn -0.615152 0.384316 -0.688396
vn -0.003319 -0.113101 -0.993578
vn 0.073184 -0.018635 0.997144
vn 0.537222 -0.501143 0.678416
vn 0.693989 -0.719427 0.028350
vn 0.502086 -0.566914 -0.653083
vn -0.003319 -0.113101 -0.993578
vn 0.545365 0.509386 0.665660
vn -0.068196 -0.005045 0.997659
vn 0.781941 0.608616 -0.134743
vn 0.554349 0.459220 0.694128
vn 0.767448 0.574006 0.285553
vn 0.589462 0.302845 0.748878
vn 0.802481 0.583319 -0.125550
vn 0.697321 0.477711 -0.534355
vn 0.545741 0.332403 -0.769204
vn 0.526419 0.198706 -0.826680
vn 0.993499 0.001106 -0.113840
vn 0.737356 0.035532 -0.674570
vn 0.841067 0.102034 0.531221
vn 0.993499 0.001106 -0.113840
vn 0.421955 -0.643036 0.639108
vn 0.522662 -0.852175 -0.024927
vn 0.522662 -0.852175 -0.024927
vn 0.444084 -0.649678 -0.617015
vn 0.159675 -0.280871 -0.946369
vn -0.008346 -0.144347 -0.989492
vn -0.047666 -0.003367 0.998858
vn 0.106373 -0.186116 0.976753
vn 0.106373 -0.186116 0.976753
vn -0.047666 -0.003367 0.998858
vn -0.215714 -0.707508 0.672979
vn -0.445406 -0.428583 0.786085
vn 0.421955 -0.643036 0.639108
vn 0.522662 -0.852175 -0.024927
vn -0.310551 -0.948205 0.066816
vn 0.444084 -0.649678 -0.617015
vn -0.177133 -0.806535 -0.564026
vn -0.665718 -0.737408 0.114227
vn -0.480642 -0.591884 -0.647037
vn 0.159675 -0.280871 -0.946369
vn -0.008346 -0.144347 -0.989492
vn 0.760174 0.637302 -0.126420
vn 0.557371 0.370821 -0.742852
vn -0.035976 -0.176646 -0.983617
vn -0.035976 -0.176646 -0.983617
vn -0.527887 -0.631051 -0.568427
vn -0.691838 -0.710249 0.130028
vn -0.499568 -0.466443 0.729975
vn -0.068196 -0.005045 0.997659
vn -0.011518 -0.128956 -0.991583
vn -0.404496 -0.589660 -0.699059
vn -0.012763 -0.082947 -0.996472
vn 0.423751 0.402709 -0.811333
vn 0.874199 0.439442 0.206562
vn 0.737779 0.655527 -0.161138
vn 0.784078 -0.339285 0.519718
vn -0.305867 -0.936815 0.169774
vn 0.486024 -0.280565 -0.827686
vn -0.305867 -0.936815 0.169774
vn 0.784078 -0.339285 0.519718
vn -0.421014 -0.635039 -0.647667
vn 0.065114 0.013920 0.997781
vn 0.553821 0.464398 0.691098
vn 0.784078 -0.339285 0.519718
vn 0.459016 0.404718 -0.790890
vn -0.368342 -0.582564 0.724530
vn 0.784078 -0.339285 0.519718
vn 0.065114 0.013920 0.997781
vn 0.744935 0.660410 -0.094504
vn -0.524735 -0.844392 -0.107962
vn -0.569209 -0.822191 -0.001587
vn -0.587681 -0.776658 -0.226790
vn -0.357207 0.070871 0.931333
vn -0.433835 -0.313893 0.844546
vn -0.617576 0.014894 0.786370
vn -0.219550 0.049922 0.974323
vn -0.180016 -0.977275 0.111926
vn -0.990982 -0.100840 0.088237
vn -0.898709 -0.122499 0.421090
vn -0.368577 -0.515791 -0.773376
vn -0.181036 0.538416 0.823003
vn -0.157867 0.553056 0.818051
vn -0.279822 0.216210 0.935389
vn -0.157442 0.894718 0.417960
vn -0.225141 0.905349 0.360076
vn -0.265681 0.641105 -0.719999
vn -0.276115 0.586748 -0.761240
vn -0.256888 0.946082 -0.197327
vn -0.287407 0.926128 -0.244305
vn -0.267926 0.174627 -0.947481
vn -0.246937 0.139476 -0.958941
vn -0.320242 -0.067454 -0.944931
vn -0.289259 -0.167299 -0.942518
vn -0.256888 0.946082 -0.197327
vn -0.287407 0.926128 -0.244305
vn -0.255078 0.951887 -0.169839
vn -0.261105 0.787817 -0.557824
vn -0.146677 0.937700 0.314967
vn -0.255078 0.951887 -0.169839
vn -0.098728 0.806380 0.583099
vn -0.153022 0.557557 0.815913
vn -0.286779 0.245663 0.925963
vn -0.990982 -0.100840 0.088237
vn -0.180016 -0.977275 0.111926
vn 0.447294 -0.659320 -0.604338
vn 0.610903 -0.789006 0.065328
vn 0.459523 -0.651376 -0.603778
vn -0.253475 0.509553 0.822257
vn -0.378239 0.865234 0.329099
vn -0.324821 0.526039 -0.785986
vn -0.418372 0.865411 -0.275732
vn -0.203771 0.096278 -0.974273
vn -0.418372 0.865411 -0.275732
vn -0.657879 0.705176 -0.264429
vn -0.409801 0.434653 -0.801960
vn -0.687631 0.681053 -0.251655
vn -0.425331 0.416118 -0.803704
vn -0.117344 0.054747 -0.991581
vn -0.091181 0.036980 -0.995147
vn -0.454621 0.395332 0.798143
vn -0.666464 0.690154 0.281982
vn -0.468586 0.379605 0.797701
vn -0.693873 0.662995 0.281031
vn 0.196498 -0.695642 0.690993
vn 0.378851 -0.920860 0.092129
vn -0.180016 -0.977275 0.111926
vn -0.206509 -0.010655 0.978387
vn -0.161147 -0.015115 0.986815
vn -0.115193 -0.018448 0.993172
vn -0.450529 0.393748 0.801241
vn -0.048213 -0.025054 0.998523
vn -0.427313 0.419597 0.800838
vn -0.676890 0.690896 0.253934
vn -0.687863 0.672117 0.274050
vn -0.410213 0.429538 -0.804501
vn -0.677580 0.693910 -0.243669
vn -0.419990 0.417405 -0.805842
vn -0.688278 0.681701 -0.248107
vn -0.045429 0.003754 -0.998960
vn 0.014677 -0.041378 -0.999036
vn 0.126659 -0.243354 -0.961632
vn 0.416156 -0.555352 -0.719999
vn 0.348567 -0.565874 0.747186
vn 0.403258 -0.566417 0.718718
vn 0.610903 -0.789006 0.065328
vn 0.622805 -0.780811 0.049468
vn -0.574775 0.769009 -0.279748
vn -0.381356 0.467240 -0.797655
vn -0.563967 0.769534 0.299596
vn -0.374391 0.450093 0.810708
vn -0.216608 0.016430 0.976120
vn -0.171888 0.070260 -0.982608
vn 0.073091 -0.210817 -0.974789
vn 0.313697 -0.795611 -0.518264
vn 0.008790 -0.210384 -0.977579
vn 0.308175 -0.570947 0.760952
vn 0.604914 -0.792211 0.080502
vn -0.378239 0.865234 0.329099
vn -0.253475 0.509553 0.822257
vn -0.324821 0.526039 -0.785986
vn -0.203771 0.096278 -0.974273
vn -0.418372 0.865411 -0.275732
vn -0.090710 -0.213462 -0.972731
vn -0.289259 -0.167299 -0.942518
vn -0.433835 -0.313893 0.844546
vn 0.622805 -0.780811 0.049468
vn 0.604914 -0.792211 0.080502
vn -0.180016 -0.977275 0.111926
vn 0.378851 -0.920860 0.092129
vn -0.368577 -0.515791 -0.773376
vn -0.219550 0.049922 0.974323
vn 0.487654 -0.542373 0.684124
vn 0.008089 -0.037421 0.999267
vn 0.045621 -0.035447 0.998330
vn -0.403334 0.439015 -0.802862
vn -0.399188 0.446021 -0.801071
vn -0.665850 0.707734 -0.236130
vn -0.656681 0.716346 -0.235836
vn 0.647881 -0.760216 0.048183
vn 0.668558 -0.741618 0.055079
vn 0.519623 -0.595073 -0.613091
vn 0.543189 -0.581939 -0.605222
vn 0.668558 -0.741618 0.055079
vn 0.451556 -0.561988 0.693013
vn 0.647881 -0.760216 0.048183
vn 0.076821 -0.056380 -0.995449
vn 0.058065 -0.060472 -0.996480
vn -0.389963 0.447150 0.804975
vn -0.409379 0.438351 0.800161
vn -0.649743 0.719803 0.244373
vn -0.664149 0.707171 0.242519
vn -0.614160 0.399647 -0.680507
vn 0.459901 -0.520404 -0.719493
vn 0.715976 -0.697836 0.020105
vn 0.540479 -0.469749 0.698010
vn -0.058159 -0.088998 -0.994332
vn 0.046375 -0.021038 0.998703
vn 0.440828 -0.602276 -0.665533
vn 0.654814 -0.755705 0.011346
vn 0.531936 -0.529821 0.660555
vn 0.673533 -0.739155 0.001806
vn 0.498668 -0.497057 0.710116
vn 0.407711 -0.555821 -0.724455
vn 0.703907 -0.709839 0.025354
vn 0.559348 -0.521157 0.644612
vn 0.495029 -0.574952 -0.651441
vn -0.017231 -0.116304 -0.993064
vn -0.100055 -0.111686 -0.988694
vn -0.036065 -0.151377 -0.987818
vn -0.786681 0.617290 -0.009285
vn -0.557687 0.480492 0.676840
vn -0.804333 0.594091 -0.010225
vn -0.551332 0.465705 0.692208
vn -0.534730 0.481727 0.694265
vn -0.784183 0.620527 -0.001969
vn -0.629625 0.377113 -0.679234
vn -0.036065 -0.151377 -0.987818
vn -0.100055 -0.111686 -0.988694
vn -0.017231 -0.116304 -0.993064
vn -0.610245 0.418312 -0.672768
vn 0.100152 -0.067454 0.992683
vn 0.041510 -0.025181 0.998821
vn 0.120535 -0.061431 0.990807
vn 0.120535 -0.061431 0.990807
vn 0.041510 -0.025181 0.998821
vn 0.100152 -0.067454 0.992683
vn -0.400223 0.457592 -0.793997
vn -0.412060 0.452428 -0.790895
vn -0.646752 0.721871 -0.246201
vn -0.786269 0.612163 -0.083890
vn -0.534927 0.319777 -0.782046
vn -0.772237 0.626891 -0.103241
vn -0.539621 0.344653 -0.768130
vn -0.045206 -0.166940 -0.984930
vn -0.033506 -0.180010 -0.983094
vn 0.049904 -0.055044 0.997236
vn -0.530080 0.446741 0.720721
vn 0.044298 -0.052369 0.997645
vn -0.545787 0.473436 0.691358
vn -0.560500 0.499269 0.660735
vn 0.620542 -0.782023 0.058030
vn 0.621284 -0.780967 0.064004
vn 0.503359 -0.582694 0.638041
vn 0.501640 -0.581253 0.640704
vn 0.443151 -0.666367 -0.599643
vn 0.440122 -0.666309 -0.601934
vn 0.620542 -0.782023 0.058030
vn 0.621284 -0.780967 0.064004
vn 0.038526 -0.049612 0.998025
vn 0.560567 -0.571413 -0.599376
vn 0.684742 -0.726736 0.054611
vn 0.687134 -0.724417 0.055381
vn 0.565514 -0.573509 -0.592690
vn 0.084874 -0.045714 -0.995342
vn 0.077718 -0.048564 -0.995792
vn -0.648896 0.713638 -0.263922
vn -0.362947 0.456264 0.812461
vn -0.634834 0.732956 0.244461
vn -0.351289 0.457092 0.817106
vn -0.636110 0.733712 0.238811
vn 0.684742 -0.726736 0.054611
vn 0.517744 -0.526302 0.674498
vn 0.073170 -0.026813 0.996959
vn 0.096231 -0.029671 0.994917
vn 0.687134 -0.724417 0.055381
vn 0.532726 -0.526694 0.662417
vn 0.590791 -0.804197 0.065073
vn 0.431490 -0.622413 0.653008
vn 0.590791 -0.804197 0.065073
vn 0.454612 -0.675026 -0.581092
vn -0.035263 -0.158596 -0.986714
vn -0.529266 0.314802 -0.787894
vn -0.766346 0.581209 -0.273697
vn -0.478095 0.330220 0.813867
vn -0.762129 0.603894 0.233392
vn 0.009857 -0.139837 0.990125
vn -0.209656 -0.151424 -0.965979
vn -0.737409 0.322285 -0.593599
vn -0.209656 -0.151424 -0.965979
vn -0.737409 0.322285 -0.593599
vn -0.900489 0.434685 -0.013001
vn -0.900489 0.434685 -0.013001
vn -0.741892 0.315797 0.591497
vn -0.741892 0.315797 0.591497
vn -0.197312 -0.068436 0.977949
vn -0.197312 -0.068436 0.977949
vn 0.323268 -0.575942 0.750859
vn 0.323268 -0.575942 0.750859
vn 0.523427 -0.844245 0.115219
vn 0.523427 -0.844245 0.115219
vn 0.339780 -0.715586 -0.610316
vn 0.339780 -0.715586 -0.610316
vn -0.766649 -0.085285 -0.636377
vn -0.827561 -0.333207 -0.451793
vn -0.957567 0.188232 -0.218251
vn -0.984867 -0.077001 -0.155267
vn -0.546256 -0.630739 -0.551155
vn -0.370092 -0.477976 -0.796599
vn -0.250067 -0.927737 -0.277076
vn 0.036392 -0.897458 -0.439596
vn -0.077812 -0.992476 0.094528
vn 0.216466 -0.972445 0.086558
vn 0.041719 -0.835913 0.547274
vn -0.229110 -0.882877 0.409922
vn 0.216466 -0.972445 0.086558
vn -0.077812 -0.992476 0.094528
vn -0.304396 -0.454430 0.837159
vn -0.487448 -0.615811 0.619008
vn -0.739561 -0.072135 0.669213
vn -0.810007 -0.324551 0.488422
vn -0.982767 -0.065008 0.173043
vn -0.956372 0.206508 0.206659
vn 0.499875 -0.579772 0.643420
vn 0.621995 -0.779895 0.069901
vn 0.436960 -0.666239 -0.604311
vn 0.621995 -0.779895 0.069901
vn -0.056712 -0.154021 -0.986439
vn -0.529875 0.295052 -0.795095
vn -0.775065 0.572720 -0.266955
vn -0.770947 0.618316 0.152728
vn -0.561701 0.409046 -0.719147
vn -0.758881 0.643862 -0.097682
vn -0.576489 0.388708 -0.718725
vn -0.760719 0.643238 -0.086902
vn 0.018393 -0.113614 -0.993355
vn -0.022708 -0.160569 -0.986763
vn -0.562931 0.560058 0.607819
vn 0.056026 0.128172 0.990168
vn -0.555021 0.541292 0.631629
vn 0.032093 0.016192 0.999354
vn 0.727806 -0.685111 0.030355
vn 0.670786 -0.740275 0.045150
vn 0.654297 -0.415353 0.631963
vn 0.543699 -0.546746 0.636758
vn 0.576484 -0.595755 -0.559234
vn 0.518032 -0.645552 -0.561164
vn 0.727806 -0.685111 0.030355
vn 0.670786 -0.740275 0.045150
vn -0.758255 0.641146 -0.118242
vn -0.549057 0.448276 -0.705397
vn -0.530306 0.675055 0.512909
vn 0.101676 0.422293 0.900739
vn 0.081811 0.026840 -0.996286
vn 0.638057 0.049367 0.768405
vn 0.903129 -0.345972 0.254287
vn 0.730256 -0.475961 -0.490089
vn 0.829690 -0.557962 -0.017102
vn 0.903129 -0.345972 0.254287
vn 0.829690 -0.557962 -0.017102
vn 0.258445 -0.471127 0.843354
vn -0.068682 -0.975825 0.207481
vn 0.875159 -0.368538 0.313492
vn -0.865945 0.071607 0.494987
vn -0.792609 -0.598731 -0.115290
vn -0.511264 -0.230626 0.827902
vn -0.575139 -0.757838 0.308055
vn -0.279223 0.552406 0.785418
vn -0.865945 0.071607 0.494987
vn -0.232178 0.353647 0.906105
vn -0.511264 -0.230626 0.827902
vn 0.394693 0.611567 0.685714
vn 0.401556 0.290056 0.868689
vn 0.883334 0.357699 0.302938
vn 0.864744 0.210825 0.455818
vn 0.963058 -0.189167 -0.191662
vn 0.875159 -0.368538 0.313492
vn 0.258445 -0.471127 0.843354
vn 0.472736 -0.880152 -0.043050
vn -0.308313 -0.834243 -0.457145
vn 0.366228 -0.767712 -0.525827
vn 0.963058 -0.189167 -0.191662
vn -0.538967 -0.780865 -0.315855
vn -0.799760 -0.564018 -0.205590
vn -0.386669 -0.801532 -0.456106
vn -0.965917 -0.051901 0.253597
vn -0.826085 -0.465697 -0.317349
vn 0.351623 0.524825 0.775190
vn 0.504692 0.158012 0.848716
vn -0.901904 0.154329 0.403426
vn -0.295760 0.565500 0.769893
vn -0.901904 0.154329 0.403426
vn -0.901115 -0.403642 -0.158320
vn 0.410136 0.603364 0.683916
vn 0.894658 0.366137 0.255990
vn 0.927446 -0.166003 -0.335094
vn 0.927446 -0.166003 -0.335094
vn 0.367789 -0.625347 -0.688239
vn -0.341416 -0.737667 -0.582479
vn -0.047343 0.597826 0.800227
vn 0.182760 0.561803 0.806831
vn 0.372742 0.667936 0.644147
vn 0.243238 0.516777 0.820839
vn 0.545853 0.411543 0.729847
vn 0.322988 0.590332 0.739721
vn 0.859136 0.252259 0.445253
vn 0.392430 0.678801 0.620667
vn 0.898228 0.399432 0.183417
vn -0.439876 0.400482 0.803818
vn -0.470130 0.413615 0.779680
vn -0.420396 0.503251 0.754987
vn -0.350987 0.593645 0.724151
vn -0.587064 0.352449 0.728790
vn -0.905347 -0.085043 0.416071
vn -0.922415 -0.049430 0.383024
vn -0.929760 -0.010309 0.368023
vn -0.947292 0.057023 0.315256
vn -0.922415 -0.049430 0.383024
vn -0.816191 -0.566719 -0.112523
vn -0.905347 -0.085043 0.416071
vn -0.795746 -0.604366 -0.039119
vn -0.309566 -0.937882 -0.156672
vn 0.012718 -0.964907 -0.262283
vn -0.351799 -0.905516 -0.237230
vn -0.353276 -0.826855 -0.437616
vn -0.341118 -0.757608 -0.556479
vn -0.821915 -0.555522 -0.125900
vn -0.850434 -0.493261 -0.182909
vn -0.929760 -0.010309 0.368023
vn -0.947292 0.057023 0.315256
vn 0.315179 -0.803874 -0.504429
vn 0.296995 -0.650163 -0.699344
vn -0.204321 -0.931428 0.301157
vn 0.372050 -0.923457 -0.093837
vn 0.431662 -0.696034 0.573763
vn 0.925343 -0.341558 -0.164555
vn 0.925343 -0.341558 -0.164555
vn 0.372050 -0.923457 -0.093837
vn 0.431662 -0.696034 0.573763
vn 0.854756 -0.224677 -0.467880
vn 0.925343 -0.341558 -0.164555
vn 0.854756 -0.224677 -0.467880
vn 0.431662 -0.696034 0.573763
vn -0.965917 -0.051901 0.253597
vn 0.461815 0.192035 -0.865938
vn -0.019221 -0.109469 -0.993804
vn 0.472275 0.355872 -0.806419
vn 0.755904 -0.014898 -0.654512
vn 0.424699 -0.639256 -0.641079
vn 0.110392 -0.260062 -0.959261
vn 0.559228 0.463353 0.687436
vn 0.036262 0.006804 0.999319
vn 0.548757 0.333987 0.766367
vn 0.160749 -0.104063 0.981494
vn 0.808466 0.103776 0.579321
vn 0.488688 -0.549276 0.677849
vn 0.160749 -0.104063 0.981494
vn -0.117858 -0.671539 0.731536
vn 0.488688 -0.549276 0.677849
vn 0.578570 -0.815633 -0.000609
vn -0.227006 -0.973449 0.029406
vn -0.159398 -0.760244 -0.629779
vn 0.424699 -0.639256 -0.641079
vn 0.578570 -0.815633 -0.000609
vn 0.998607 -0.045656 -0.026451
vn 0.763499 0.639584 -0.089449
vn 0.751392 0.571174 0.330408
vn 0.819038 0.572722 -0.034152
vn 0.717161 0.501501 -0.483919
vn -0.440578 -0.546440 -0.712247
vn -0.494855 -0.586618 -0.641091
vn -0.660047 -0.748495 0.063970
vn 0.036262 0.006804 0.999319
vn -0.424425 -0.460752 0.779468
vn -0.677337 -0.734094 0.048174
vn -0.441259 -0.543732 -0.713894
vn 0.498552 0.419498 -0.758596
vn 0.724790 0.685895 -0.065021
vn -0.056338 -0.159322 -0.985618
vn -0.038479 -0.122465 -0.991727
vn 0.514162 0.386400 -0.765724
vn 0.029626 -0.099209 -0.994625
vn 0.537037 0.393124 -0.746355
vn 0.770633 0.630005 -0.096013
vn 0.755137 0.651876 -0.069463
vn 0.576196 0.492787 0.652042
vn 0.535489 0.521684 0.664151
vn 0.501983 0.531201 0.682523
vn -0.037694 0.000716 0.999289
vn 0.002928 0.044643 0.998999
vn 0.001597 -0.036968 0.999315
vn -0.037694 0.000716 0.999289
vn -0.430758 -0.533804 0.727668
vn -0.489294 -0.614549 -0.618806
vn -0.624790 -0.778880 0.054618
vn -0.428441 -0.449376 0.783900
vn 0.002928 0.044643 0.998999
vn 0.001597 -0.036968 0.999315
vn -0.479553 -0.523040 0.704598
vn -0.675456 -0.734961 0.059927
vn 0.157444 0.894717 0.417962
vn 0.146681 0.937698 0.314972
vn 0.098730 0.806375 0.583105
vn 0.357228 0.070872 0.931325
vn 0.219581 0.049922 0.974316
vn 0.181031 0.538417 0.823004
vn 0.433855 -0.313892 0.844536
vn 0.180016 -0.977275 0.111926
vn 0.990982 -0.100840 0.088236
vn 0.898709 -0.122498 0.421090
vn 0.990982 -0.100840 0.088236
vn 0.462225 -0.256462 -0.848867
vn 0.368577 -0.515791 -0.773376
vn 0.157867 0.553056 0.818051
vn 0.279822 0.216210 0.935389
vn 0.225141 0.905349 0.360076
vn 0.287407 0.926128 -0.244305
vn 0.276116 0.586749 -0.761240
vn 0.256889 0.946081 -0.197327
vn 0.265749 0.641130 -0.719952
vn 0.268164 0.174573 -0.947424
vn 0.246937 0.139476 -0.958941
vn 0.320379 -0.067555 -0.944877
vn 0.289259 -0.167299 -0.942518
vn 0.287407 0.926128 -0.244305
vn 0.256889 0.946081 -0.197327
vn 0.261104 0.787816 -0.557826
vn 0.255080 0.951887 -0.169841
vn 0.606606 0.005579 0.794983
vn 0.180016 -0.977275 0.111926
vn 0.286778 0.245663 0.925963
vn 0.153022 0.557557 0.815913
vn 0.255080 0.951887 -0.169841
vn 0.324821 0.526038 -0.785986
vn 0.574775 0.769009 -0.279748
vn 0.381356 0.467240 -0.797655
vn 0.657879 0.705176 -0.264429
vn 0.687631 0.681053 -0.251655
vn 0.409801 0.434653 -0.801960
vn 0.425331 0.416118 -0.803704
vn 0.091181 0.036980 -0.995147
vn 0.117344 0.054747 -0.991581
vn 0.454621 0.395332 0.798143
vn 0.468586 0.379605 0.797701
vn 0.666464 0.690154 0.281981
vn 0.693873 0.662995 0.281032
vn 0.253473 0.509554 0.822257
vn 0.378239 0.865233 0.329099
vn 0.418372 0.865411 -0.275733
vn 0.324821 0.526038 -0.785986
vn 0.203771 0.096278 -0.974273
vn -0.196498 -0.695642 0.690993
vn 0.180016 -0.977275 0.111926
vn -0.378851 -0.920860 0.092129
vn 0.206509 -0.010655 0.978387
vn 0.161147 -0.015115 0.986815
vn 0.115193 -0.018448 0.993172
vn 0.048213 -0.025054 0.998523
vn 0.450529 0.393748 0.801241
vn 0.427313 0.419597 0.800838
vn 0.687863 0.672117 0.274051
vn 0.676890 0.690896 0.253934
vn 0.688278 0.681701 -0.248106
vn 0.677580 0.693910 -0.243668
vn 0.419990 0.417405 -0.805842
vn 0.410213 0.429539 -0.804501
vn 0.045429 0.003754 -0.998960
vn -0.014678 -0.041379 -0.999036
vn -0.416156 -0.555352 -0.719999
vn -0.126659 -0.243354 -0.961632
vn -0.459523 -0.651376 -0.603778
vn -0.348567 -0.565874 0.747186
vn -0.610903 -0.789006 0.065328
vn -0.403258 -0.566416 0.718718
vn -0.622805 -0.780811 0.049468
vn 0.374393 0.450093 0.810707
vn 0.563967 0.769534 0.299596
vn 0.216612 0.016429 0.976120
vn 0.171888 0.070260 -0.982608
vn -0.008789 -0.210384 -0.977579
vn -0.073091 -0.210816 -0.974789
vn -0.313697 -0.795610 -0.518264
vn -0.447294 -0.659319 -0.604339
vn -0.308174 -0.570947 0.760952
vn 0.418372 0.865411 -0.275733
vn -0.604914 -0.792211 0.080501
vn 0.253473 0.509554 0.822257
vn 0.378239 0.865233 0.329099
vn 0.203771 0.096278 -0.974273
vn 0.418372 0.865411 -0.275733
vn 0.090710 -0.213462 -0.972731
vn 0.289259 -0.167299 -0.942518
vn 0.433855 -0.313892 0.844536
vn -0.610903 -0.789006 0.065328
vn -0.622805 -0.780811 0.049468
vn -0.604914 -0.792211 0.080501
vn 0.180016 -0.977275 0.111926
vn -0.378851 -0.920860 0.092129
vn 0.368577 -0.515791 -0.773376
vn 0.219581 0.049922 0.974316
vn 0.409379 0.438351 0.800161
vn -0.045621 -0.035448 0.998330
vn 0.389963 0.447150 0.804976
vn 0.656681 0.716346 -0.235836
vn 0.399188 0.446021 -0.801071
vn 0.665850 0.707734 -0.236130
vn 0.403334 0.439015 -0.802862
vn -0.543189 -0.581939 -0.605221
vn -0.668558 -0.741617 0.055080
vn -0.519623 -0.595073 -0.613091
vn -0.647881 -0.760216 0.048183
vn -0.647881 -0.760216 0.048183
vn -0.668558 -0.741617 0.055080
vn -0.451556 -0.561988 0.693013
vn -0.487654 -0.542373 0.684124
vn -0.076821 -0.056380 -0.995449
vn -0.058065 -0.060472 -0.996480
vn 0.664149 0.707170 0.242519
vn 0.649743 0.719802 0.244374
vn -0.008090 -0.037421 0.999267
vn 0.827561 -0.333208 -0.451792
vn 0.546256 -0.630740 -0.551155
vn 0.766649 -0.085285 -0.636377
vn 0.786269 0.612162 -0.083891
vn 0.772237 0.626890 -0.103241
vn 0.534927 0.319777 -0.782046
vn 0.539621 0.344653 -0.768130
vn 0.033505 -0.180010 -0.983094
vn 0.045206 -0.166940 -0.984930
vn 0.545787 0.473435 0.691358
vn 0.530080 0.446741 0.720721
vn -0.044299 -0.052369 0.997645
vn -0.049904 -0.055044 0.997236
vn 0.560500 0.499268 0.660735
vn -0.620542 -0.782023 0.058030
vn -0.503359 -0.582694 0.638041
vn -0.621284 -0.780967 0.064004
vn -0.501640 -0.581253 0.640705
vn -0.443151 -0.666368 -0.599643
vn -0.620542 -0.782023 0.058030
vn -0.440122 -0.666309 -0.601934
vn -0.621284 -0.780967 0.064004
vn -0.038526 -0.049613 0.998025
vn -0.560567 -0.571414 -0.599376
vn -0.684742 -0.726736 0.054611
vn -0.565514 -0.573509 -0.592690
vn -0.687134 -0.724417 0.055381
vn -0.077718 -0.048564 -0.995792
vn -0.084874 -0.045714 -0.995342
vn 0.412060 0.452428 -0.790895
vn 0.400223 0.457592 -0.793996
vn 0.648896 0.713638 -0.263922
vn 0.646752 0.721871 -0.246201
vn 0.362947 0.456264 0.812460
vn 0.351290 0.457092 0.817106
vn 0.634834 0.732956 0.244461
vn 0.636110 0.733712 0.238810
vn -0.684742 -0.726736 0.054611
vn -0.517744 -0.526302 0.674498
vn -0.073170 -0.026813 0.996959
vn -0.096231 -0.029671 0.994917
vn -0.687134 -0.724417 0.055381
vn -0.532726 -0.526694 0.662417
vn -0.590791 -0.804196 0.065073
vn -0.431490 -0.622413 0.653008
vn -0.454613 -0.675026 -0.581092
vn -0.590791 -0.804196 0.065073
vn 0.035263 -0.158596 -0.986714
vn 0.529266 0.314802 -0.787894
vn 0.766346 0.581209 -0.273697
vn 0.478095 0.330220 0.813867
vn 0.762129 0.603894 0.233391
vn -0.009857 -0.139837 0.990125
vn 0.737409 0.322286 -0.593599
vn 0.737409 0.322286 -0.593599
vn 0.209655 -0.151424 -0.965979
vn 0.209655 -0.151424 -0.965979
vn 0.900489 0.434685 -0.013000
vn 0.900489 0.434685 -0.013000
vn 0.741892 0.315797 0.591496
vn 0.741892 0.315797 0.591496
vn 0.197313 -0.068436 0.977949
vn 0.197313 -0.068436 0.977949
vn -0.323268 -0.575941 0.750859
vn -0.323268 -0.575941 0.750859
vn -0.523428 -0.844244 0.115219
vn -0.523428 -0.844244 0.115219
vn -0.339780 -0.715585 -0.610317
vn -0.339780 -0.715585 -0.610317
vn 0.957567 0.188232 -0.218251
vn 0.984867 -0.077002 -0.155268
vn 0.370092 -0.477976 -0.796599
vn 0.250066 -0.927736 -0.277078
vn -0.036393 -0.897458 -0.439597
vn -0.216467 -0.972445 0.086557
vn 0.077812 -0.992477 0.094526
vn -0.041719 -0.835913 0.547274
vn -0.216467 -0.972445 0.086557
vn 0.229110 -0.882878 0.409922
vn 0.077812 -0.992477 0.094526
vn 0.487448 -0.615811 0.619008
vn 0.304396 -0.454430 0.837159
vn 0.739561 -0.072135 0.669212
vn 0.810007 -0.324551 0.488422
vn 0.956372 0.206507 0.206659
vn 0.982767 -0.065009 0.173043
vn -0.499875 -0.579771 0.643421
vn -0.621995 -0.779895 0.069902
vn -0.436960 -0.666238 -0.604312
vn -0.621995 -0.779895 0.069902
vn 0.056712 -0.154021 -0.986439
vn 0.529875 0.295052 -0.795095
vn 0.775065 0.572720 -0.266957
vn 0.770947 0.618317 0.152726
vn 0.561701 0.409046 -0.719147
vn 0.576489 0.388708 -0.718725
vn 0.758881 0.643861 -0.097682
vn 0.760720 0.643237 -0.086902
vn -0.018392 -0.113613 -0.993355
vn 0.022708 -0.160568 -0.986764
vn 0.562931 0.560058 0.607819
vn 0.555021 0.541291 0.631629
vn -0.056026 0.128172 0.990168
vn -0.032094 0.016193 0.999354
vn -0.727806 -0.685111 0.030355
vn -0.654297 -0.415352 0.631963
vn -0.670786 -0.740275 0.045151
vn -0.543699 -0.546746 0.636758
vn -0.670786 -0.740275 0.045151
vn -0.518032 -0.645552 -0.561165
vn -0.727806 -0.685111 0.030355
vn -0.576483 -0.595755 -0.559234
vn 0.549057 0.448276 -0.705397
vn 0.758256 0.641145 -0.118242
vn 0.530306 0.675054 0.512910
vn -0.101677 0.422291 0.900739
vn -0.081810 0.026841 -0.996286
vn -0.903129 -0.345971 0.254289
vn -0.638056 0.049367 0.768405
vn -0.829690 -0.557962 -0.017102
vn -0.730256 -0.475961 -0.490089
vn -0.903129 -0.345971 0.254289
vn -0.829690 -0.557962 -0.017102
vn -0.564119 -0.130150 0.815371
vn 0.496896 0.192793 -0.846124
vn 0.228405 -0.141527 0.963224
vn 0.228405 -0.141527 0.963224
vn 0.496896 0.192793 -0.846124
vn -0.222458 0.186659 -0.956907
vn -0.960894 -0.135150 0.241696
vn 0.843609 0.159573 -0.512700
vn -0.564119 -0.130150 0.815371
vn 0.843609 0.159573 -0.512700
vn -0.227084 0.185422 -0.956060
vn 0.468543 0.202625 -0.859890
vn 0.834978 0.168123 -0.523972
vn 0.798161 0.068561 0.598530
vn -0.803190 -0.123556 -0.582769
vn 0.048918 0.011782 0.998733
vn 0.048918 0.011782 0.998733
vn -0.803190 -0.123556 -0.582769
vn -0.047441 -0.095994 -0.994251
vn 0.798161 0.068561 0.598530
vn -0.960894 -0.135150 0.241696
vn 0.979916 0.097482 0.173962
vn -0.699029 0.021910 0.714758
vn 0.725233 -0.107829 -0.680007
vn 0.725233 -0.107829 -0.680007
vn -0.814697 0.127981 -0.565588
vn -0.995570 0.068559 0.064337
vn 0.834878 -0.128830 0.535146
vn 0.834878 -0.128830 0.535146
vn -0.995570 0.068559 0.064337
vn 0.985398 -0.119768 -0.121024
vn 0.985398 -0.119768 -0.121024
vn -0.699029 0.021910 0.714758
vn 0.985398 -0.119768 -0.121024
vn -0.995570 0.068559 0.064337
vn -0.814697 0.127981 -0.565588
vn 0.793272 0.008612 0.608806
vn 0.982197 0.049817 0.181125
vn 0.044537 -0.055175 0.997483
vn -0.706729 -0.048423 0.705825
vn -0.999226 0.010329 0.037948
vn -0.809297 0.099058 -0.578987
vn -0.999226 0.010329 0.037948
vn 0.908547 0.151447 -0.389367
vn 0.900683 0.150031 -0.407752
vn -0.995131 -0.059560 -0.078523
vn -0.995002 -0.043249 -0.090004
vn -0.863223 -0.044821 0.502829
vn -0.856706 -0.035482 0.514583
vn -0.725326 -0.076165 -0.684179
vn -0.735316 0.014408 -0.677572
vn -0.995131 -0.059560 -0.078523
vn -0.995002 -0.043249 -0.090004
vn -0.863546 -0.081656 0.497615
vn -0.991659 -0.111735 -0.064250
vn -0.386145 -0.056864 0.920684
vn -0.371758 -0.031372 0.927800
vn 0.313925 -0.047441 0.948262
vn 0.329582 -0.023065 0.943845
vn -0.991659 -0.111735 -0.064250
vn -0.722045 -0.127290 -0.680035
vn 0.022377 0.059428 -0.997982
vn 0.036862 -0.080553 -0.996068
vn 0.039370 -0.106927 -0.993487
vn 0.979534 -0.053345 -0.194082
vn 0.712727 -0.061001 -0.698784
vn 0.974807 -0.096750 -0.200976
vn 0.701797 -0.081230 -0.707730
vn 0.735440 0.042894 -0.676231
vn -0.354467 0.012228 0.934988
vn 0.339349 0.051985 0.939223
vn 0.866544 -0.092533 0.490448
vn 0.880704 -0.044949 0.471530
vn 0.893997 0.049151 0.445368
vn 0.984604 0.037365 -0.170761
vn -0.444009 0.082689 0.892199
vn -0.452361 0.073677 0.888786
vn 0.309828 0.091584 0.946371
vn 0.317993 0.091473 0.943670
vn -0.886477 0.044791 0.460599
vn -0.998912 0.040919 0.022392
vn -0.892810 0.050548 0.447589
vn -0.999156 0.038082 0.015382
vn -0.393716 0.354357 0.848186
vn 0.273988 0.305063 0.912068
vn -0.762595 0.077722 -0.642191
vn 0.006488 0.111046 -0.993794
vn -0.767034 0.051811 -0.639512
vn 0.003769 0.090866 -0.995856
vn -0.999156 0.038082 0.015382
vn -0.998912 0.040919 0.022392
vn -0.681144 0.477237 -0.555237
vn -0.931525 0.361891 0.035993
vn -0.931525 0.361891 0.035993
vn -0.820071 0.342984 0.458089
vn 0.728606 0.099771 -0.677628
vn 0.728424 0.102264 -0.677451
vn 0.007083 0.497024 -0.867708
vn 0.665946 0.423025 -0.614464
vn 0.842958 0.095250 0.529479
vn 0.994215 0.090863 -0.057276
vn 0.836622 0.078851 0.542076
vn 0.995971 0.071746 -0.053792
vn 0.936058 0.349198 -0.043077
vn 0.776170 0.324428 0.540653
vn -0.091150 0.962671 0.254864
vn 0.088552 0.951929 0.293239
vn -0.125037 0.992078 -0.012141
vn -0.089417 0.992951 -0.077802
vn -0.155127 0.980915 0.117223
vn -0.125037 0.992078 -0.012141
vn 0.004771 0.990999 -0.133787
vn 0.169866 0.977637 -0.123985
vn 0.287813 0.957673 0.005168
vn 0.243318 0.953628 0.177169
vn 0.233536 -0.835426 -0.497518
vn 0.233536 -0.835426 -0.497518
vn -0.184301 -0.833465 -0.520931
vn -0.184301 -0.833465 -0.520931
vn 0.595739 -0.802675 0.028445
vn 0.523403 -0.804132 -0.281817
vn 0.595739 -0.802675 0.028445
vn 0.523403 -0.804132 -0.281817
vn -0.013680 -0.813476 0.581437
vn 0.419879 -0.824893 0.378487
vn -0.013680 -0.813476 0.581437
vn 0.419879 -0.824893 0.378487
vn 0.595739 -0.802675 0.028445
vn 0.595739 -0.802675 0.028445
vn -0.375749 -0.840100 0.391210
vn -0.375749 -0.840100 0.391210
vn -0.438056 -0.859040 -0.264870
vn -0.438056 -0.859040 -0.264870
vn -0.471611 -0.879925 0.057578
vn -0.471611 -0.879925 0.057578
vn -0.265990 0.943899 -0.195714
vn -0.096068 0.921993 -0.375100
vn -0.306916 0.950911 0.039631
vn -0.233515 0.935796 0.264115
vn 0.004090 0.921888 0.387435
vn 0.355614 0.898605 0.256999
vn 0.578020 0.814096 -0.056037
vn 0.448729 0.865518 -0.222533
vn 0.578020 0.814096 -0.056037
vn 0.171282 0.932475 -0.318046
vn -0.450500 0.039146 0.891918
vn -0.450500 0.039146 0.891918
vn 0.313676 0.053362 0.948030
vn 0.313676 0.053362 0.948030
vn -0.894958 0.039124 0.444432
vn -0.894958 0.039124 0.444432
vn -0.998908 0.046704 -0.001529
vn -0.998908 0.046704 -0.001529
vn -0.764087 0.054972 -0.642767
vn -0.998908 0.046704 -0.001529
vn -0.764087 0.054972 -0.642767
vn -0.998908 0.046704 -0.001529
vn -0.010112 0.074894 -0.997140
vn -0.010112 0.074894 -0.997140
vn 0.719632 0.101678 -0.686870
vn 0.719632 0.101678 -0.686870
vn 0.993339 0.102930 -0.051793
vn 0.993339 0.102930 -0.051793
vn 0.844538 0.078648 0.529689
vn 0.844538 0.078648 0.529689
vn -0.780312 0.120181 -0.613734
vn -0.996121 -0.045982 -0.075029
vn -0.994791 0.042763 -0.092527
vn -0.900357 0.046628 0.432646
vn -0.985190 -0.066171 -0.158181
vn -0.747525 -0.076685 -0.659792
vn -0.721052 -0.016626 -0.692682
vn -0.985190 -0.066171 -0.158181
vn -0.054938 -0.022784 -0.998230
vn -0.015383 -0.023754 -0.999599
vn 0.716575 -0.070175 -0.693971
vn 0.734927 -0.040969 -0.676908
vn -0.371553 0.260903 0.890998
vn 0.316402 0.333528 0.888059
vn 0.919010 0.152053 0.363731
vn 0.982889 -0.022369 -0.182837
vn -0.816917 0.034975 -0.575693
vn -0.941864 -0.332497 -0.048355
vn -0.785075 -0.230213 -0.575030
vn -0.114278 -0.208058 -0.971418
vn -0.116522 0.087595 -0.989318
vn 0.596473 -0.247996 -0.763360
vn 0.673053 0.076994 -0.735575
vn -0.192181 0.172143 -0.966144
vn 0.694033 0.118598 -0.710108
vn -0.116522 0.087595 -0.989318
vn -0.114278 -0.208058 -0.971418
vn -0.192181 0.172143 -0.966144
vn -0.889220 -0.177122 -0.421800
vn -0.889220 -0.177122 -0.421800
vn -0.963297 -0.268438 0.000608
vn -0.963297 -0.268438 0.000608
vn 0.172998 -0.110871 -0.978662
vn -0.093917 -0.122429 -0.988023
vn 0.316155 -0.020939 -0.948476
vn 0.003591 -0.999987 -0.003605
vn 0.002786 -0.999996 -0.000397
vn 0.003591 -0.999987 -0.003605
vn 0.002786 -0.999996 -0.000397
vn 0.963621 0.083134 -0.254014
vn 0.972227 0.055930 -0.227257
vn -0.395694 -0.181087 -0.900352
vn -0.066475 -0.490715 -0.868781
vn 0.270682 -0.392331 -0.879094
vn -0.501965 -0.309885 -0.807466
vn -0.773522 -0.496906 -0.393380
vn -0.867205 -0.497124 -0.028699
vn 0.994879 0.098328 0.023392
vn 0.694033 0.118598 -0.710108
vn 0.972227 0.055930 -0.227257
vn -0.192181 0.172143 -0.966144
vn -0.780312 0.120181 -0.613734
vn -0.994791 0.042763 -0.092527
vn -0.986108 0.034829 0.162416
vn -0.994791 0.042763 -0.092527
vn 0.000989 -0.999999 0.001402
vn -0.889220 -0.177122 -0.421800
vn -0.889220 -0.177122 -0.421800
vn -0.522129 -0.124938 -0.843665
vn -0.066475 -0.490715 -0.868781
vn 0.725117 -0.136948 -0.674871
vn 0.725117 -0.136948 -0.674871
vn 0.629070 -0.479824 -0.611588
vn 0.843345 0.454196 0.287184
vn -0.346049 0.671005 0.655746
vn 0.272650 0.706237 0.653369
vn -0.992216 -0.061045 0.108535
vn -0.931516 -0.354998 0.079085
vn 0.599234 0.797306 0.072262
vn 0.659183 0.715469 0.231480
vn 0.231122 0.958733 0.165573
vn 0.239322 0.876202 0.418324
vn 0.272650 0.706237 0.653369
vn 0.843345 0.454196 0.287184
vn 0.611712 0.787404 0.076176
vn 0.224018 0.973441 0.047212
vn 0.925719 0.378212 -0.000016
vn 0.913422 0.407013 0.000474
vn 0.931838 0.321241 0.168764
vn -0.787931 0.575824 0.218154
vn -0.990717 0.130544 -0.037918
vn -0.717593 0.694958 0.045749
vn -0.965492 0.251349 -0.068184
vn -0.687897 0.725801 0.003255
vn -0.978002 0.204561 0.040825
vn -0.898781 0.307850 0.312123
vn -0.986108 0.034829 0.162416
vn -0.998603 -0.002803 0.052755
vn -0.217593 0.962199 0.163785
vn -0.270306 0.864995 0.422751
vn -0.171022 0.984789 0.030694
vn -0.346049 0.671005 0.655746
vn -0.953986 -0.266587 -0.137265
vn -0.980896 -0.164763 0.103425
vn -0.953986 -0.266587 -0.137265
vn -0.980896 -0.164763 0.103425
vn -0.941942 -0.335616 -0.010358
vn -0.000006 -1.000000 0.000000
vn -0.000005 -1.000000 -0.000006
vn -0.000006 -1.000000 0.000000
vn -0.000005 -1.000000 -0.000006
vn 0.977141 -0.131395 -0.167124
vn 0.977141 -0.131395 -0.167124
vn 0.968365 -0.163561 -0.188460
vn 0.968365 -0.163561 -0.188460
vn 0.938756 -0.191518 -0.286458
vn 0.938756 -0.191518 -0.286458
vn 0.970597 -0.045993 0.236275
vn 0.970597 -0.045993 0.236275
vn 0.998685 -0.050282 0.010028
vn 0.998685 -0.050282 0.010028
vn 0.938322 -0.209405 -0.275137
vn -0.943408 0.096417 0.317308
vn -0.681414 0.677318 0.277335
vn 0.621340 0.704423 0.343111
vn 0.193105 0.921756 0.336269
vn -0.000003 -1.000000 -0.000003
vn -0.000003 -1.000000 -0.000003
vn 0.817260 -0.094684 0.568437
vn 0.817260 -0.094684 0.568437
vn 0.859938 0.216320 0.462289
vn -0.533417 -0.211697 0.818933
vn -0.533417 -0.211697 0.818933
vn -0.054521 -0.178549 0.982419
vn -0.054521 -0.178549 0.982419
vn -0.621933 0.069028 0.780022
vn -0.651450 0.441682 0.616872
vn -0.876945 -0.182417 0.444626
vn -0.876945 -0.182417 0.444626
vn -0.145914 0.935412 0.322045
vn -0.018928 0.243339 0.969756
vn 0.139606 0.641798 0.754059
vn -0.137684 0.649710 0.747609
vn 0.423950 -0.153753 0.892539
vn 0.423950 -0.153753 0.892539
vn -0.054521 -0.178549 0.982419
vn -0.054521 -0.178549 0.982419
vn -0.000002 -1.000000 0.000048
vn -0.000002 -1.000000 0.000026
vn -0.000002 -1.000000 0.000026
vn -0.902679 -0.429273 -0.029937
vn -0.916772 -0.386122 0.102174
vn -0.902679 -0.429273 -0.029937
vn -0.916772 -0.386122 0.102174
vn 0.981343 0.166118 -0.096798
vn 0.974332 -0.152161 -0.165903
vn 0.962158 -0.155776 0.223573
vn 0.992914 -0.118808 0.002726
vn 0.843629 -0.176244 0.507178
vn 0.490007 -0.231324 0.840466
vn 0.532751 0.141932 0.834285
vn -0.038549 -0.274248 0.960886
vn 0.490007 -0.231324 0.840466
vn 0.532751 0.141932 0.834285
vn -0.592906 -0.288557 0.751796
vn -0.621933 0.069028 0.780022
vn -0.592906 -0.288557 0.751796
vn -0.905161 -0.231964 0.356195
vn -0.976275 -0.189875 0.104090
vn -0.976461 -0.189105 -0.103750
vn -0.904726 -0.379766 -0.192999
vn -0.904726 -0.379766 -0.192999
vn 0.575636 0.479741 0.662187
vn 0.575636 0.479741 0.662187
vn 0.980807 -0.118683 -0.154697
vn 0.959017 0.278350 -0.052981
vn 0.990340 -0.102288 -0.093618
vn 0.989233 -0.091541 -0.114186
vn 0.989233 -0.091541 -0.114186
vn -0.954460 -0.257972 -0.149853
vn -0.898296 -0.427698 -0.100689
vn -0.927384 -0.354270 0.120213
vn -0.875754 -0.311372 0.368920
vn -0.554746 -0.455708 0.696123
vn -0.042477 -0.528758 0.847709
vn -0.554746 -0.455708 0.696123
vn 0.443825 -0.423804 0.789563
vn 0.815711 -0.279227 0.506604
vn 0.443825 -0.423804 0.789563
vn 0.927100 -0.297430 0.228080
vn 0.938975 -0.343514 0.017995
vn 0.928019 -0.360524 -0.093824
vn 0.920842 -0.358231 -0.154013
vn 0.917982 -0.356643 -0.173535
vn 0.877833 -0.396556 -0.268612
vn -0.865174 -0.495800 0.075213
vn -0.876604 -0.480348 -0.028841
vn -0.875982 -0.451384 -0.170021
vn -0.898781 0.307850 0.312123
vn -0.651450 0.441682 0.616872
vn 0.994879 0.098328 0.023392
vn -0.000002 -1.000000 -0.000003
vn -0.000002 -1.000000 -0.000003
vn 0.000989 -0.999999 0.001402
vn -0.000005 -1.000000 -0.000001
vn -0.000005 -1.000000 -0.000001
vn -0.000003 -1.000000 -0.000002
vn -0.000003 -1.000000 -0.000002
vn -0.970597 -0.045993 0.236275
vn -0.970597 -0.045993 0.236275
vn -0.817260 -0.094684 0.568437
vn -0.817260 -0.094684 0.568437
vn 0.054521 -0.178549 0.982419
vn 0.533417 -0.211697 0.818933
vn 0.054521 -0.178549 0.982419
vn 0.533417 -0.211697 0.818933
vn 0.943408 0.096417 0.317308
vn 0.651450 0.441682 0.616872
vn 0.621933 0.069028 0.780022
vn 0.876945 -0.182417 0.444626
vn 0.876945 -0.182417 0.444626
vn 0.018928 0.243339 0.969756
vn 0.137684 0.649710 0.747609
vn -0.139606 0.641798 0.754059
vn -0.423950 -0.153753 0.892539
vn -0.423950 -0.153753 0.892539
vn 0.054521 -0.178549 0.982419
vn 0.054521 -0.178549 0.982419
vn 0.000002 -1.000000 0.000048
vn 0.000002 -1.000000 0.000026
vn 0.000002 -1.000000 0.000026
vn -0.931838 0.321242 0.168764
vn -0.962159 -0.155775 0.223573
vn -0.859938 0.216320 0.462290
vn -0.843628 -0.176243 0.507178
vn -0.490007 -0.231324 0.840466
vn -0.532751 0.141932 0.834285
vn 0.038549 -0.274248 0.960886
vn -0.490007 -0.231324 0.840466
vn -0.532751 0.141932 0.834285
vn 0.621933 0.069028 0.780022
vn 0.592906 -0.288557 0.751796
vn 0.905161 -0.231964 0.356195
vn 0.592906 -0.288557 0.751796
vn -0.575636 0.479740 0.662187
vn -0.575636 0.479740 0.662187
vn 0.875754 -0.311372 0.368920
vn 0.554746 -0.455708 0.696123
vn 0.042477 -0.528758 0.847709
vn 0.554746 -0.455708 0.696123
vn -0.443825 -0.423804 0.789563
vn -0.815711 -0.279226 0.506604
vn -0.443825 -0.423804 0.789563
vn -0.927100 -0.297430 0.228080
vn 0.651450 0.441682 0.616872
vn 0.681414 0.677318 0.277335
vn 0.145914 0.935412 0.322045
vn -0.193105 0.921756 0.336269
vn -0.621340 0.704422 0.343112
vn 0.000003 -1.000000 -0.000003
vn 0.000003 -1.000000 -0.000003
vn -0.963621 0.083134 -0.254014
vn -0.673053 0.076994 -0.735575
vn -0.938323 -0.209405 -0.275137
vn 0.931516 -0.354998 0.079085
vn 0.941864 -0.332497 -0.048355
vn 0.992216 -0.061045 0.108535
vn 0.996121 -0.045982 -0.075029
vn 0.785075 -0.230213 -0.575030
vn 0.816917 0.034975 -0.575693
vn -0.239322 0.876202 0.418324
vn -0.659183 0.715469 0.231480
vn -0.231122 0.958733 0.165573
vn -0.599234 0.797306 0.072262
vn -0.272650 0.706237 0.653369
vn -0.843345 0.454196 0.287184
vn -0.611712 0.787404 0.076176
vn -0.224018 0.973441 0.047212
vn -0.925719 0.378212 -0.000016
vn -0.913423 0.407013 0.000474
vn 0.965492 0.251349 -0.068184
vn 0.990717 0.130544 -0.037918
vn 0.717593 0.694958 0.045749
vn 0.787931 0.575824 0.218154
vn 0.687897 0.725801 0.003255
vn 0.978002 0.204561 0.040825
vn 0.898781 0.307850 0.312122
vn 0.998603 -0.002803 0.052755
vn 0.986107 0.034829 0.162416
vn 0.217593 0.962199 0.163785
vn 0.270306 0.864995 0.422751
vn 0.171022 0.984789 0.030694
vn 0.346049 0.671005 0.655746
vn 0.980896 -0.164763 0.103425
vn 0.980896 -0.164763 0.103425
vn 0.953986 -0.266586 -0.137265
vn 0.953986 -0.266586 -0.137265
vn 0.941942 -0.335616 -0.010358
vn 0.000006 -1.000000 0.000000
vn 0.000006 -1.000000 0.000000
vn 0.000005 -1.000000 -0.000006
vn 0.000005 -1.000000 -0.000006
vn -0.968365 -0.163562 -0.188460
vn -0.977141 -0.131395 -0.167124
vn -0.968365 -0.163562 -0.188460
vn -0.977141 -0.131395 -0.167124
vn -0.725117 -0.136948 -0.674871
vn -0.725117 -0.136948 -0.674871
vn -0.938756 -0.191518 -0.286458
vn -0.938756 -0.191518 -0.286458
vn -0.998685 -0.050282 0.010027
vn -0.998685 -0.050282 0.010027
vn 0.114278 -0.208059 -0.971418
vn -0.596473 -0.247996 -0.763360
vn 0.116522 0.087595 -0.989318
vn -0.694033 0.118597 -0.710108
vn 0.192181 0.172143 -0.966143
vn 0.114278 -0.208059 -0.971418
vn 0.116522 0.087595 -0.989318
vn 0.889220 -0.177122 -0.421800
vn 0.963297 -0.268438 0.000608
vn 0.889220 -0.177122 -0.421800
vn 0.963297 -0.268438 0.000608
vn -0.172998 -0.110871 -0.978662
vn -0.316155 -0.020939 -0.948476
vn 0.093917 -0.122429 -0.988023
vn -0.003591 -0.999987 -0.003605
vn -0.003591 -0.999987 -0.003605
vn -0.002786 -0.999996 -0.000397
vn -0.002786 -0.999996 -0.000397
vn 0.902679 -0.429273 -0.029937
vn 0.902679 -0.429273 -0.029937
vn 0.916772 -0.386122 0.102174
vn 0.916772 -0.386122 0.102174
vn -0.974332 -0.152161 -0.165903
vn -0.981343 0.166118 -0.096798
vn -0.992914 -0.118807 0.002726
vn 0.976275 -0.189875 0.104090
vn 0.976461 -0.189105 -0.103749
vn 0.904726 -0.379766 -0.192999
vn 0.904726 -0.379766 -0.192999
vn 0.395694 -0.181087 -0.900352
vn -0.959017 0.278350 -0.052981
vn -0.980807 -0.118683 -0.154697
vn -0.990340 -0.102287 -0.093618
vn -0.989233 -0.091541 -0.114186
vn -0.989233 -0.091541 -0.114186
vn 0.954460 -0.257972 -0.149853
vn 0.898296 -0.427698 -0.100689
vn 0.927384 -0.354270 0.120213
vn -0.938975 -0.343513 0.017995
vn -0.928019 -0.360523 -0.093824
vn -0.917982 -0.356643 -0.173535
vn -0.920842 -0.358231 -0.154013
vn -0.877833 -0.396556 -0.268612
vn -0.629070 -0.479824 -0.611588
vn 0.066475 -0.490715 -0.868780
vn -0.270683 -0.392331 -0.879094
vn 0.773522 -0.496906 -0.393380
vn 0.501966 -0.309886 -0.807466
vn 0.867204 -0.497124 -0.028699
vn 0.865174 -0.495799 0.075213
vn 0.876604 -0.480348 -0.028841
vn 0.875982 -0.451385 -0.170021
vn -0.994879 0.098328 0.023392
vn 0.994791 0.042763 -0.092527
vn -0.000989 -0.999999 0.001402
vn 0.000002 -1.000000 -0.000003
vn -0.000989 -0.999999 0.001402
vn 0.000002 -1.000000 -0.000003
vn 0.000005 -1.000000 -0.000001
vn 0.000005 -1.000000 -0.000001
vn 0.000003 -1.000000 -0.000002
vn 0.000003 -1.000000 -0.000002
vn 0.522129 -0.124938 -0.843666
vn 0.889220 -0.177122 -0.421800
vn 0.889220 -0.177122 -0.421800
vn 0.066475 -0.490715 -0.868780
vn -0.982889 -0.022368 -0.182837
vn -0.972227 0.055930 -0.227257
vn -0.994879 0.098328 0.023392
vn -0.272650 0.706237 0.653369
vn 0.346049 0.671005 0.655746
vn -0.316402 0.333528 0.888059
vn 0.371210 0.260644 0.891217
vn -0.843345 0.454196 0.287184
vn 0.192181 0.172143 -0.966143
vn 0.780312 0.120181 -0.613734
vn -0.972227 0.055930 -0.227257
vn 0.898781 0.307850 0.312122
vn 0.900246 0.045748 0.432971
vn -0.694033 0.118597 -0.710108
vn -0.716575 -0.070175 -0.693971
vn 0.192181 0.172143 -0.966143
vn 0.054938 -0.022784 -0.998230
vn 0.721052 -0.016626 -0.692682
vn 0.780312 0.120181 -0.613734
vn 0.994791 0.042763 -0.092527
vn 0.984729 -0.062328 -0.162553
vn 0.986107 0.034829 0.162416
vn 0.984729 -0.062328 -0.162553
vn 0.994791 0.042763 -0.092527
vn -0.843609 0.159573 -0.512700
vn 0.564119 -0.130150 0.815371
vn -0.496896 0.192793 -0.846124
vn 0.564119 -0.130150 0.815371
vn -0.228405 -0.141527 0.963224
vn -0.496896 0.192793 -0.846124
vn -0.228405 -0.141527 0.963224
vn 0.222458 0.186659 -0.956907
vn 0.960894 -0.135150 0.241696
vn -0.843609 0.159573 -0.512700
vn -0.468543 0.202625 -0.859890
vn 0.227084 0.185422 -0.956060
vn -0.834978 0.168123 -0.523972
vn -0.798161 0.068561 0.598530
vn -0.048918 0.011782 0.998733
vn 0.803190 -0.123556 -0.582769
vn 0.803190 -0.123556 -0.582769
vn -0.048918 0.011782 0.998733
vn 0.047441 -0.095994 -0.994251
vn -0.979915 0.097482 0.173962
vn 0.960894 -0.135150 0.241696
vn -0.798161 0.068561 0.598530
vn -0.725233 -0.107829 -0.680007
vn -0.725233 -0.107829 -0.680007
vn 0.699029 0.021911 0.714758
vn 0.814697 0.127981 -0.565588
vn -0.834878 -0.128830 0.535146
vn 0.995570 0.068559 0.064337
vn 0.995570 0.068559 0.064337
vn -0.834878 -0.128830 0.535146
vn -0.985398 -0.119768 -0.121024
vn 0.699029 0.021911 0.714758
vn -0.985398 -0.119768 -0.121024
vn -0.985398 -0.119768 -0.121024
vn 0.995570 0.068559 0.064337
vn 0.814697 0.127981 -0.565588
vn -0.793272 0.008612 0.608807
vn -0.982197 0.049817 0.181125
vn -0.044537 -0.055175 0.997483
vn 0.706729 -0.048423 0.705825
vn 0.999226 0.010329 0.037948
vn 0.809297 0.099058 -0.578987
vn 0.999226 0.010329 0.037948
vn -0.908547 0.151447 -0.389367
vn -0.900683 0.150031 -0.407752
vn 0.856299 -0.035329 0.515271
vn 0.993923 -0.042708 -0.101455
vn 0.863095 -0.043572 0.503159
vn 0.994367 -0.063883 -0.084577
vn 0.993923 -0.042708 -0.101455
vn 0.730999 0.015128 -0.682211
vn 0.994367 -0.063883 -0.084577
vn 0.722242 -0.083608 -0.686569
vn 0.863546 -0.081656 0.497615
vn 0.991659 -0.111735 -0.064250
vn -0.329582 -0.023065 0.943845
vn 0.371416 -0.031030 0.927948
vn -0.313925 -0.047441 0.948262
vn 0.386145 -0.056864 0.920684
vn 0.746330 -0.068039 -0.662090
vn 0.991659 -0.111735 -0.064250
vn 0.722045 -0.127290 -0.680035
vn -0.017733 0.059795 -0.998053
vn -0.034620 -0.083253 -0.995927
vn 0.017866 -0.020925 -0.999621
vn -0.039371 -0.106927 -0.993487
vn -0.979534 -0.053344 -0.194082
vn -0.974807 -0.096750 -0.200976
vn -0.712727 -0.061001 -0.698784
vn -0.701797 -0.081230 -0.707730
vn -0.735440 0.042895 -0.676231
vn -0.734927 -0.040969 -0.676908
vn 0.353762 0.012317 0.935254
vn -0.339349 0.051985 0.939223
vn -0.866544 -0.092533 0.490448
vn -0.880704 -0.044949 0.471530
vn -0.893997 0.049151 0.445368
vn -0.984604 0.037365 -0.170761
vn -0.919010 0.152053 0.363731
vn 0.444009 0.082689 0.892199
vn -0.309828 0.091584 0.946371
vn 0.452361 0.073677 0.888786
vn -0.317993 0.091472 0.943670
vn 0.886477 0.044791 0.460599
vn 0.892810 0.050548 0.447589
vn 0.998912 0.040919 0.022392
vn 0.999156 0.038082 0.015382
vn -0.273988 0.305063 0.912068
vn 0.393716 0.354357 0.848186
vn 0.762595 0.077722 -0.642191
vn 0.767034 0.051811 -0.639512
vn -0.006488 0.111046 -0.993794
vn -0.003769 0.090866 -0.995856
vn 0.999156 0.038082 0.015382
vn 0.998912 0.040919 0.022392
vn 0.681144 0.477237 -0.555237
vn 0.931525 0.361891 0.035993
vn 0.931525 0.361891 0.035993
vn 0.820071 0.342984 0.458089
vn -0.728606 0.099771 -0.677628
vn -0.728424 0.102264 -0.677451
vn -0.007083 0.497024 -0.867708
vn -0.665946 0.423025 -0.614464
vn -0.995971 0.071746 -0.053792
vn -0.994215 0.090863 -0.057276
vn -0.836622 0.078851 0.542076
vn -0.842958 0.095250 0.529479
vn -0.776170 0.324427 0.540653
vn -0.936058 0.349198 -0.043077
vn -0.088552 0.951929 0.293240
vn 0.091150 0.962671 0.254864
vn 0.089417 0.992951 -0.077802
vn 0.125037 0.992078 -0.012141
vn 0.125037 0.992078 -0.012141
vn 0.155127 0.980915 0.117223
vn -0.169866 0.977637 -0.123985
vn -0.004771 0.990999 -0.133787
vn -0.243318 0.953629 0.177169
vn -0.287813 0.957673 0.005168
vn -0.233536 -0.835426 -0.497519
vn 0.184301 -0.833465 -0.520931
vn -0.233536 -0.835426 -0.497519
vn 0.184301 -0.833465 -0.520931
vn -0.523403 -0.804132 -0.281817
vn -0.523403 -0.804132 -0.281817
vn -0.595738 -0.802675 0.028445
vn -0.595738 -0.802675 0.028445
vn -0.419879 -0.824893 0.378487
vn -0.419879 -0.824893 0.378487
vn 0.013680 -0.813476 0.581437
vn 0.013680 -0.813476 0.581437
vn -0.595738 -0.802675 0.028445
vn -0.595738 -0.802675 0.028445
vn 0.375749 -0.840100 0.391210
vn 0.375749 -0.840100 0.391210
vn 0.438056 -0.859040 -0.264870
vn 0.471611 -0.879925 0.057578
vn 0.438056 -0.859040 -0.264870
vn 0.471611 -0.879925 0.057578
vn 0.265990 0.943899 -0.195714
vn 0.096068 0.921993 -0.375100
vn 0.306916 0.950911 0.039631
vn 0.233515 0.935796 0.264115
vn -0.004090 0.921888 0.387434
vn -0.355614 0.898605 0.256999
vn -0.578020 0.814096 -0.056036
vn -0.448729 0.865518 -0.222533
vn -0.578020 0.814096 -0.056036
vn -0.171282 0.932475 -0.318045
vn 0.450500 0.039146 0.891918
vn -0.313676 0.053362 0.948030
vn 0.450500 0.039146 0.891918
vn -0.313676 0.053362 0.948030
vn 0.894958 0.039124 0.444432
vn 0.894958 0.039124 0.444432
vn 0.998908 0.046704 -0.001529
vn 0.998908 0.046704 -0.001529
vn 0.764087 0.054972 -0.642767
vn 0.764087 0.054972 -0.642767
vn 0.998908 0.046704 -0.001529
vn 0.998908 0.046704 -0.001529
vn 0.010112 0.074894 -0.997140
vn 0.010112 0.074894 -0.997140
vn -0.719632 0.101678 -0.686870
vn -0.719632 0.101678 -0.686870
vn -0.993339 0.102931 -0.051793
vn -0.993339 0.102931 -0.051793
vn -0.844538 0.078648 0.529689
vn -0.844538 0.078648 0.529689
vn 0.908746 0.142434 0.392292
vn 0.974517 -0.036920 0.221253
vn 0.951556 0.179396 0.249715
vn 0.991925 -0.010070 0.126428
vn 0.999720 0.015030 0.018299
vn 0.998307 -0.058110 -0.002607
vn 0.993112 0.042983 -0.108998
vn 0.988052 -0.079528 -0.132020
vn 0.973732 -0.134259 -0.183906
vn 0.902254 -0.168613 -0.396872
vn 0.917803 -0.057212 -0.392893
vn 0.924254 0.115183 -0.363987
vn 0.639319 -0.217786 -0.737455
vn 0.664924 -0.008078 -0.746868
vn 0.850852 -0.337166 -0.402951
vn 0.601915 -0.407153 -0.686968
vn 0.321166 -0.243406 -0.915208
vn 0.000000 -0.253413 -0.967358
vn 0.342594 0.019332 -0.939285
vn 0.000000 0.019911 -0.999802
vn 0.310243 -0.424578 -0.850578
vn 0.358856 0.289965 -0.887211
vn 0.356785 0.557961 -0.749256
vn 0.675303 0.228725 -0.701178
vn 0.675306 0.441864 -0.590524
vn 0.000000 0.597129 -0.802145
vn 0.000000 0.842894 -0.538080
vn 0.325701 0.813214 -0.482288
vn 0.000000 -0.427377 -0.904074
vn 0.309955 -0.541632 -0.781385
vn 0.000000 -0.547705 -0.836672
vn 0.679441 0.601571 -0.420086
vn 0.000000 0.305094 -0.952322
vn 0.901214 0.329684 -0.281287
vn 0.879288 0.458728 -0.128147
vn 0.714985 0.673010 -0.189352
vn 0.586783 -0.530129 -0.612086
vn 0.975814 0.216070 -0.033169
vn 0.974897 0.202824 0.091856
vn 0.905283 0.424473 0.016915
vn 0.913967 0.376916 0.150330
vn 0.444712 0.867574 -0.222593
vn 0.000000 0.968152 -0.250364
vn 0.182926 0.954893 -0.233917
vn 0.521248 0.851604 0.055430
vn 0.298922 0.952972 0.049894
vn 0.558571 0.764789 0.321087
vn 0.336014 0.874741 0.349173
vn 0.163969 0.918516 0.359782
vn 0.148212 0.987997 0.043543
vn 0.000000 0.931743 0.363118
vn 0.000000 0.999104 0.042332
vn 0.883531 0.364319 0.294355
vn 0.749652 0.608396 0.260532
vn 0.732952 0.526235 0.431113
vn 0.361431 0.715006 0.598444
vn 0.564425 0.630192 0.533181
vn 0.182772 0.757098 0.627214
vn 0.000000 0.770956 0.636889
vn 0.740225 0.670435 0.050837
vn 0.794478 -0.477071 -0.375777
vn 0.276902 0.944837 -0.174954
vn 0.843299 0.278450 0.459688
vn 0.686456 0.422233 0.592029
vn 0.344654 0.537783 0.769418
vn 0.518242 0.494803 0.697563
vn 0.201570 0.569120 0.797165
vn -0.000027 0.581427 0.813599
vn 0.990771 -0.068950 0.116702
vn -0.908747 0.142434 0.392291
vn -0.951557 0.179396 0.249712
vn -0.974517 -0.036919 0.221253
vn -0.991925 -0.010070 0.126428
vn -0.988052 -0.079528 -0.132020
vn -0.998307 -0.058110 -0.002607
vn -0.993112 0.042983 -0.108998
vn -0.999720 0.015029 0.018299
vn -0.794479 -0.477070 -0.375775
vn -0.924005 -0.289970 -0.249265
vn -0.850853 -0.337164 -0.402951
vn -0.917803 -0.057212 -0.392892
vn -0.924254 0.115183 -0.363987
vn -0.664924 -0.008078 -0.746867
vn -0.639320 -0.217786 -0.737454
vn -0.902254 -0.168613 -0.396872
vn -0.601916 -0.407152 -0.686967
vn -0.321166 -0.243406 -0.915208
vn -0.342594 0.019332 -0.939285
vn -0.310244 -0.424578 -0.850578
vn -0.358856 0.289965 -0.887211
vn -0.675303 0.228725 -0.701178
vn -0.356786 0.557961 -0.749255
vn -0.675306 0.441864 -0.590524
vn -0.325701 0.813214 -0.482288
vn -0.309954 -0.541635 -0.781384
vn -0.679441 0.601571 -0.420086
vn -0.901214 0.329684 -0.281287
vn -0.714985 0.673010 -0.189352
vn -0.879288 0.458728 -0.128147
vn -0.586783 -0.530129 -0.612086
vn -0.974898 0.202823 0.091855
vn -0.975814 0.216070 -0.033169
vn -0.913967 0.376915 0.150331
vn -0.905283 0.424473 0.016915
vn -0.444711 0.867573 -0.222594
vn -0.182926 0.954893 -0.233917
vn -0.521248 0.851604 0.055429
vn -0.558571 0.764789 0.321087
vn -0.298922 0.952972 0.049893
vn -0.336014 0.874742 0.349172
vn -0.148212 0.987997 0.043542
vn -0.163970 0.918517 0.359779
vn -0.883531 0.364319 0.294355
vn -0.732951 0.526236 0.431113
vn -0.749651 0.608396 0.260532
vn -0.564425 0.630191 0.533183
vn -0.361431 0.715005 0.598444
vn -0.182771 0.757098 0.627213
vn -0.740225 0.670435 0.050836
vn -0.276902 0.944837 -0.174955
vn -0.686434 0.420856 0.593034
vn -0.843220 0.276806 0.460824
vn -0.518241 0.494803 0.697564
vn -0.344654 0.537783 0.769418
vn -0.201596 0.568764 0.797413
vn -0.990771 -0.068950 0.116701
vn -0.973732 -0.134259 -0.183906
vn 0.924004 -0.289971 -0.249267
vn 0.657422 -0.454600 -0.600945
vn 0.853407 -0.378198 -0.358696
vn 0.316040 -0.558495 -0.766943
vn -0.000100 -0.595165 -0.803603
vn -0.656820 -0.455823 -0.600678
vn -0.853319 -0.379052 -0.358003
vn -0.315943 -0.559201 -0.766469
vn 0.995734 -0.092266 -0.000873
vn 0.989499 -0.102590 -0.101823
vn 0.569040 -0.482841 -0.665626
vn 0.895274 -0.297179 -0.331918
vn -0.310232 0.166100 -0.936038
vn 0.970258 -0.109367 -0.215958
vn 0.990242 -0.097425 0.099644
vn 0.945727 -0.068567 0.317645
vn -0.707120 0.662493 -0.247154
vn 0.990378 -0.068158 -0.120443
vn 0.997241 -0.073670 0.009131
vn 0.822438 0.316602 0.472609
vn -0.989499 -0.102591 -0.101822
vn 0.310234 0.166100 -0.936037
vn 0.707122 0.662490 -0.247156
vn -0.970259 -0.109369 -0.215953
vn -0.990377 -0.068165 -0.120443
vn -0.822434 0.316597 0.472619
vn -0.997240 -0.073676 0.009159
vn -0.569938 -0.482562 -0.665061
vn -0.895284 -0.297186 -0.331884
vn -0.944684 -0.072259 0.319923
vn -0.990242 -0.097425 0.099644
vn -0.995734 -0.092266 -0.000873
vn -0.834061 -0.439180 -0.333861
vn 0.833467 -0.439263 -0.335232
vn 0.000763 0.096862 0.995298
vn -0.367892 0.074889 0.926848
vn 0.000295 -0.165731 0.986171
vn -0.349135 -0.188639 0.917889
vn 0.001170 0.394255 0.919000
vn -0.256527 0.358570 0.897565
vn -0.010965 -0.688354 -0.725292
vn 0.000000 -0.835209 -0.549933
vn -0.365003 -0.636612 -0.679337
vn -0.376900 -0.793303 -0.478139
vn -0.690762 -0.495658 -0.526470
vn -0.666367 -0.666037 -0.335187
vn -0.521254 0.227955 0.822393
vn -0.700894 -0.051968 0.711370
vn -0.860150 -0.220222 0.460048
vn -0.693861 -0.245659 0.676911
vn -0.850412 -0.312758 0.423063
vn -0.798598 -0.029647 0.601134
vn -0.869970 -0.318768 -0.376218
vn -0.825767 -0.529102 -0.195347
vn -0.380821 -0.597403 -0.705751
vn -0.044785 -0.673729 -0.737621
vn -0.694402 -0.408768 -0.592211
vn -0.303378 -0.878162 -0.369855
vn -0.371532 -0.850479 -0.372356
vn 0.000000 -0.921677 -0.387957
vn 0.000000 -0.910961 -0.412493
vn -0.813178 -0.581047 -0.033557
vn -0.886368 -0.417451 0.200214
vn -0.897951 -0.437607 0.046730
vn -0.903768 -0.294129 0.310951
vn -0.915539 -0.362696 0.173896
vn -0.874366 -0.180859 0.450305
vn -0.912518 -0.315248 0.260632
vn -0.796329 -0.589604 -0.135009
vn -0.523506 -0.802549 -0.286108
vn -0.598490 -0.746277 -0.291342
vn -0.804358 0.180922 0.565929
vn -0.945163 -0.076438 0.317529
vn -0.926774 -0.371288 -0.056878
vn -0.946881 -0.165037 -0.276007
vn 0.000000 -0.886100 -0.463494
vn -0.393222 -0.829264 -0.397112
vn -0.638669 -0.712983 -0.289409
vn -0.796589 -0.586296 -0.147321
vn -0.897282 -0.441090 0.018048
vn -0.916020 -0.380456 0.127126
vn -0.950715 -0.309974 -0.007510
vn -0.964071 -0.251540 0.085406
vn -0.654449 0.152991 0.740466
vn -0.617973 0.409664 0.671033
vn -0.493744 0.472187 0.730244
vn -0.249496 0.546318 0.799555
vn 0.349063 -0.188585 0.917927
vn 0.368324 0.075255 0.926647
vn 0.000295 -0.165731 0.986171
vn 0.000763 0.096862 0.995298
vn 0.258091 0.358132 0.897291
vn 0.001170 0.394255 0.919000
vn 0.376900 -0.793303 -0.478139
vn 0.000000 -0.835209 -0.549933
vn 0.358200 -0.669949 -0.650277
vn -0.010965 -0.688354 -0.725292
vn 0.699828 -0.528452 -0.480603
vn 0.666367 -0.666037 -0.335187
vn 0.686308 -0.047884 0.725733
vn 0.521160 0.228076 0.822419
vn 0.693583 -0.245728 0.677171
vn 0.858983 -0.234589 0.455100
vn 0.850413 -0.312860 0.422984
vn 0.788666 -0.034971 0.613826
vn 0.876269 -0.335738 -0.345591
vn 0.825767 -0.529102 -0.195347
vn -0.044785 -0.673729 -0.737621
vn 0.340857 -0.635102 -0.693153
vn 0.702475 -0.403235 -0.586456
vn 0.857756 -0.142753 -0.493838
vn 0.900743 -0.023898 -0.433694
vn 0.949227 -0.170324 -0.264497
vn 0.303378 -0.878162 -0.369856
vn 0.000000 -0.921677 -0.387957
vn 0.371532 -0.850479 -0.372356
vn 0.000000 -0.910961 -0.412493
vn 0.813178 -0.581047 -0.033558
vn 0.897796 -0.437945 0.046546
vn 0.886367 -0.417458 0.200207
vn 0.901471 -0.299450 0.312536
vn 0.914387 -0.366262 0.172481
vn 0.883852 -0.202092 0.421860
vn 0.911951 -0.316939 0.260569
vn 0.598490 -0.746277 -0.291343
vn 0.796329 -0.589604 -0.135007
vn 0.523505 -0.802548 -0.286109
vn 0.958093 -0.127229 -0.256653
vn 0.970745 -0.221131 0.093569
vn 0.950360 -0.310927 -0.011847
vn 0.817256 0.211078 0.536226
vn 0.959317 -0.052945 0.277322
vn 0.924445 -0.376076 -0.062993
vn 0.000000 -0.886100 -0.463494
vn 0.393222 -0.829264 -0.397112
vn 0.638669 -0.712983 -0.289409
vn 0.796589 -0.586296 -0.147319
vn 0.895398 -0.444971 0.016211
vn 0.913610 -0.386838 0.125195
vn 0.616860 0.174857 0.767404
vn 0.633638 0.418815 0.650459
vn 0.502693 0.468677 0.726390
vn 0.253866 0.543402 0.800166
vn -0.039510 0.361433 -0.931561
vn -0.100778 0.933151 -0.345069
vn 0.223656 0.419305 -0.879865
vn 0.374205 0.890767 0.257885
vn 0.144250 0.920982 0.361918
vn 0.563537 0.675104 0.476089
vn 0.268461 0.732286 0.625848
vn 0.575927 0.813073 0.084976
vn 0.789555 0.562381 0.245623
vn 0.690601 0.718690 -0.080967
vn 0.889977 0.454328 0.039077
vn 0.719014 0.669323 -0.187150
vn 0.917144 0.385611 -0.100754
vn -0.002816 0.026179 -0.999653
vn 0.320012 0.086448 -0.943461
vn 0.306416 -0.226397 0.924583
vn 0.722045 0.420541 0.549361
vn 0.184913 -0.134913 0.973450
vn 0.426032 0.587225 0.688232
vn 0.006860 -0.172999 -0.984898
vn 0.002672 -0.014599 -0.999890
vn 0.254015 -0.143108 -0.956555
vn 0.277565 0.009557 -0.960659
vn 0.051702 0.678564 0.732720
vn -0.012506 -0.095955 0.995307
vn 0.342633 0.734485 0.585777
vn 0.631237 0.642904 0.433837
vn 0.921855 0.385435 -0.040302
vn 0.918662 0.394744 0.015412
vn 0.853951 0.503324 0.132033
vn 0.831124 0.512962 0.214716
vn 0.550068 0.521099 -0.652596
vn 0.706080 0.197886 -0.679921
vn 0.686715 0.553944 -0.470711
vn 0.861312 0.263577 -0.434361
vn 0.711009 0.603533 -0.360851
vn 0.905114 0.319437 -0.280587
vn -0.312086 -0.926661 0.209527
vn -0.089484 -0.974551 0.205534
vn -0.574175 -0.776553 0.259400
vn -0.766034 -0.536454 0.354131
vn 0.318013 -0.312047 0.895262
vn 0.715128 0.144624 -0.683868
vn 0.685037 0.138187 -0.715282
vn 0.324828 0.060427 -0.943841
vn 0.311250 0.067028 -0.947961
vn 0.939645 0.321645 -0.116672
vn 0.385626 0.786507 0.482389
vn 0.677800 0.659535 0.324963
vn -0.063510 0.759070 0.647904
vn -0.043198 0.832546 0.552270
vn 0.923954 0.259352 -0.281151
vn 0.000573 0.015847 -0.999874
vn -0.099531 0.910355 0.401680
vn 0.813531 0.200889 -0.545721
vn 0.805863 0.123368 -0.579107
vn 0.620236 0.097080 -0.778385
vn 0.582048 -0.030424 -0.812585
vn 0.384963 0.845023 0.371133
vn -0.010260 0.903256 0.428979
vn 0.391619 0.861781 0.322441
vn 0.009618 0.926809 0.375410
vn 0.708773 0.680759 0.184958
vn 0.698010 0.681025 0.221329
vn 0.850929 0.521513 0.062795
vn 0.845956 0.530774 0.051350
vn 0.900376 0.426121 -0.088003
vn 0.854440 0.201977 -0.478684
vn 0.001694 0.038368 -0.999262
vn -0.073821 0.732890 0.676330
vn 0.443141 0.744865 0.498801
vn 0.056295 0.850543 0.522884
vn -0.694402 -0.408768 -0.592211
vn -0.574175 -0.776553 0.259400
vn -0.380821 -0.597403 -0.705751
vn -0.312086 -0.926661 0.209527
vn -0.044785 -0.673728 -0.737621
vn -0.089484 -0.974551 0.205534
vn 0.004227 -0.626732 -0.779223
vn 0.010244 -0.418474 -0.908171
vn 0.219873 -0.586890 -0.779241
vn 0.247569 -0.384459 -0.889326
vn 0.593302 -0.245407 -0.766660
vn 0.481751 -0.463394 -0.743762
vn 0.815037 -0.009721 -0.579327
vn 0.707991 -0.250106 -0.660451
vn 0.874429 0.203099 -0.440597
vn 0.881969 0.286025 -0.374595
vn 0.889664 0.253470 -0.379803
vn 0.911939 0.258544 -0.318626
vn 0.906896 0.355609 -0.226011
vn 0.915016 0.343683 -0.211253
vn 0.933963 0.315839 -0.167211
vn 0.900220 0.428709 -0.076246
vn 0.021730 0.665758 0.745852
vn 0.034802 0.669204 0.742264
vn 0.412574 0.609795 0.676708
vn 0.420524 0.593350 0.686364
vn 0.715074 0.489647 0.498915
vn 0.706858 0.444858 0.549958
vn 0.883387 0.251931 0.395168
vn 0.902740 0.318199 0.289500
vn 0.949505 0.280027 0.141511
vn 0.953961 0.188268 0.233481
vn 0.972905 0.212778 0.090453
vn 0.417991 0.745369 0.519335
vn 0.017047 0.802987 0.595752
vn 0.410993 0.825832 0.386116
vn 0.015268 0.893108 0.449584
vn 0.714680 0.660822 0.229230
vn 0.721354 0.604249 0.338426
vn 0.854322 0.513311 0.081525
vn 0.885560 0.437093 0.157271
vn 0.915906 0.399567 -0.038246
vn 0.936256 0.349803 0.032588
vn 0.858833 -0.056817 -0.509096
vn 0.955345 0.156922 -0.250384
vn 0.922441 0.199916 -0.330358
vn 0.964756 0.257003 -0.056519
vn 0.985359 0.109252 -0.130890
vn 0.900717 -0.138611 -0.411699
vn 0.938596 0.308364 -0.154758
vn -0.039510 0.361433 -0.931561
vn -0.305052 0.361853 -0.880912
vn -0.100778 0.933151 -0.345069
vn -0.551435 0.792805 0.259576
vn -0.659620 0.573152 0.486208
vn -0.338415 0.868650 0.361833
vn -0.404410 0.670760 0.621719
vn -0.728182 0.679646 0.088499
vn -0.856363 0.444862 0.262183
vn -0.820142 0.566773 -0.078329
vn -0.945971 0.322661 0.032074
vn -0.837586 0.513230 -0.187203
vn -0.961852 0.248653 -0.114071
vn -0.313966 0.027479 -0.949037
vn -0.002816 0.026179 -0.999653
vn -0.152225 -0.160692 0.975195
vn -0.185695 -0.143319 0.972099
vn -0.656155 0.353954 0.666466
vn -0.376307 0.615852 0.692184
vn 0.006860 -0.172999 -0.984898
vn -0.253566 -0.146157 -0.956213
vn 0.002672 -0.014599 -0.999890
vn -0.249642 0.004632 -0.968327
vn -0.429917 0.682419 0.591165
vn -0.662884 0.590214 0.460688
vn -0.929915 0.363395 -0.056590
vn -0.854323 0.499566 0.143407
vn -0.941660 0.336495 -0.006943
vn -0.849207 0.468975 0.242714
vn -0.702850 0.077665 -0.707086
vn -0.639620 0.394534 -0.659719
vn -0.875620 0.126912 -0.466029
vn -0.779000 0.401329 -0.481761
vn -0.936467 0.183863 -0.298703
vn -0.814959 0.448408 -0.367114
vn -0.739384 0.080905 0.668405
vn -0.758311 -0.021561 0.651536
vn -0.019050 -0.200085 0.979593
vn 0.031557 -0.205138 0.978224
vn 0.229373 -0.951283 0.206033
vn 0.710772 -0.652262 0.263357
vn 0.926979 -0.294441 0.232412
vn 0.963285 -0.164398 0.212262
vn -0.262593 0.055086 -0.963333
vn -0.613238 0.119446 -0.780815
vn -0.287384 0.020241 -0.957601
vn -0.664900 0.072918 -0.743365
vn -0.672785 -0.299509 -0.676502
vn -0.674489 -0.411452 -0.613003
vn -0.828983 -0.085307 -0.552730
vn -0.878684 -0.182439 -0.441170
vn -0.954814 0.254115 -0.154130
vn -0.660746 0.668343 0.341661
vn -0.408097 0.771907 0.487459
vn -0.063510 0.759070 0.647904
vn -0.043198 0.832546 0.552270
vn -0.930114 0.197769 -0.309475
vn 0.000573 0.015847 -0.999874
vn -0.099531 0.910355 0.401680
vn -0.572740 -0.052549 -0.818051
vn -0.798098 0.089396 -0.595860
vn -0.575599 0.081058 -0.813705
vn -0.793979 0.185796 -0.578859
vn -0.353025 0.859880 0.368753
vn -0.347944 0.876341 0.333110
vn -0.010260 0.903256 0.428979
vn 0.009618 0.926809 0.375410
vn -0.674302 0.710327 0.201871
vn -0.655606 0.722381 0.219877
vn -0.849079 0.527134 0.034570
vn -0.849475 0.525998 0.041468
vn -0.908392 0.405418 -0.102276
vn -0.821686 0.189791 -0.537411
vn 0.001694 0.038368 -0.999262
vn -0.073821 0.732890 0.676330
vn -0.384369 0.792055 0.474246
vn -0.741591 0.525629 0.416842
vn -0.917714 0.076505 0.389806
vn -0.897716 0.220575 0.381384
vn 0.857756 -0.142753 -0.493838
vn 0.926979 -0.294441 0.232412
vn 0.900743 -0.023898 -0.433694
vn 0.702475 -0.403235 -0.586456
vn 0.710772 -0.652262 0.263357
vn 0.229373 -0.951283 0.206033
vn 0.340857 -0.635102 -0.693153
vn 0.004227 -0.626732 -0.779223
vn -0.225638 -0.587995 -0.776756
vn 0.010244 -0.418474 -0.908171
vn -0.257789 -0.380516 -0.888117
vn -0.488308 -0.461259 -0.740808
vn -0.592296 -0.252953 -0.764984
vn -0.812911 -0.004645 -0.582369
vn -0.857162 0.134263 -0.497239
vn -0.897256 0.232138 -0.375558
vn -0.884621 0.279599 -0.373189
vn -0.904857 0.251565 -0.343436
vn -0.918206 0.334507 -0.212140
vn -0.914015 0.342774 -0.216987
vn -0.935039 0.295068 -0.196564
vn -0.905287 0.411293 -0.106269
vn 0.056295 0.850543 0.522884
vn 0.034802 0.669204 0.742264
vn -0.384369 0.792055 0.474246
vn -0.387904 0.633154 0.669812
vn -0.741591 0.525629 0.416842
vn -0.714349 0.479913 0.509302
vn -0.917714 0.076505 0.389806
vn -0.897716 0.220575 0.381384
vn -0.927160 0.136492 0.348917
vn -0.881806 0.276203 0.382271
vn -0.417850 0.740086 0.526948
vn -0.408690 0.628535 0.661753
vn 0.017047 0.802987 0.595752
vn 0.021730 0.665758 0.745852
vn -0.387210 0.832621 0.395994
vn 0.015268 0.893108 0.449584
vn -0.703862 0.660590 0.261147
vn -0.730068 0.577336 0.365628
vn -0.896981 0.395854 0.196785
vn -0.865375 0.489946 0.105259
vn -0.926684 0.373933 -0.037828
vn -0.943201 0.327465 0.056022
vn -0.943045 0.158719 -0.292361
vn -0.917678 0.188496 -0.349765
vn -0.727740 0.496936 0.472704
vn -0.896834 0.332016 0.292327
vn -0.945159 0.283191 0.162717
vn -0.958608 0.281196 -0.044711
vn -0.939102 0.303883 -0.160443
vn -0.958988 0.256772 0.120041
vn -0.944805 0.225432 0.237749
vn -0.974354 0.220964 0.042532
vn -0.984257 0.085904 -0.154461
vn 0.690198 -0.400602 -0.602615
vn 0.940446 0.134254 0.312311
vn 0.915331 0.339385 0.216763
vn 0.891256 0.210483 0.401696
vn 0.970436 0.194200 0.143317
vn 0.937667 0.076602 0.338987
vn 0.000022 -0.916648 0.399696
vn 0.000022 -0.916648 0.399696
vn 0.736289 0.562958 0.375442
vn -0.880979 -0.194743 -0.431220
vn -0.938082 -0.073917 -0.338435
vn -0.853605 -0.382784 0.353319
vn -0.766034 -0.536454 0.354131
vn -0.938082 -0.073917 -0.338435
vn -0.880979 -0.194743 -0.431220
vn 0.230719 -0.368876 0.900388
vn 0.056295 0.850543 0.522884
vn 0.443141 0.744865 0.498801
vn 0.736289 0.562958 0.375442
vn 0.915331 0.339385 0.216763
vn 0.970436 0.194200 0.143317
vn 0.981567 0.189462 0.025093
vn -0.960503 -0.135541 -0.243030
vn -0.957236 -0.120613 -0.262968
vn -0.996442 -0.059331 -0.059856
vn 0.977835 -0.079292 -0.193781
vn 0.998686 0.044028 -0.026239
vn -0.954459 0.184288 0.234619
vn 0.922087 -0.065348 -0.381425
vn 0.910960 -0.044094 -0.410132
vn 0.935193 -0.234692 0.265207
vn -0.059124 -0.240590 0.968825
vn 0.867940 -0.421043 0.263446
vn -0.177227 -0.381040 0.907413
vn 0.922087 -0.065348 -0.381425
vn 0.910960 -0.044094 -0.410132
vn 0.867940 -0.421043 0.263446
vn -0.899766 0.076589 0.429599
vn -0.749740 -0.025540 0.661239
vn -0.918789 0.073818 0.387787
vn -0.793732 -0.031453 0.607454
vn -0.998207 0.022190 0.055596
vn -0.942686 0.074079 0.325356
vn -0.971223 0.135325 0.195995
vn -0.899766 0.076589 0.429599
vn -0.928560 0.114282 0.353150
vn -0.918789 0.073818 0.387787
vn 0.985524 0.169009 0.013375
vn -0.134093 0.378186 0.915967
vn -0.054174 0.425167 0.903492
vn -0.000577 0.565804 0.824539
vn 0.000447 0.692253 0.721655
vn -0.233830 0.642870 0.729412
vn -0.171817 0.785511 0.594518
vn -0.550488 0.617585 0.561740
vn -0.317204 0.776837 0.543972
vn -0.463987 0.594901 0.656360
vn -0.464174 0.673816 0.574905
vn -0.074943 0.855356 0.512591
vn -0.393333 0.752904 0.527660
vn -0.724511 0.538754 0.429917
vn -0.000577 0.565804 0.824539
vn 0.000447 0.692253 0.721655
vn 0.229954 0.677743 0.698416
vn 0.968477 -0.030706 -0.247204
vn 0.261304 0.744016 0.614947
vn 0.413005 0.753349 0.511754
vn 0.651550 0.564669 0.506588
vn 0.994816 0.097881 0.027567
vn 0.923552 0.279998 0.262015
vn 0.476232 0.686463 0.549520
vn 0.440524 0.637637 0.631948
vn 0.047198 0.856970 0.513200
vn 0.354635 0.745082 0.564878
vn 0.764580 0.457398 0.454098
vn -0.127585 -0.262221 -0.956537
vn -0.156100 -0.322689 -0.933544
vn -0.913509 0.406398 0.018503
vn -0.996211 -0.042799 0.075710
vn -0.996211 -0.042799 0.075710
vn 0.097212 -0.197769 0.975416
vn -0.913509 0.406398 0.018503
vn 0.137677 0.223235 0.964993
vn 0.892490 -0.450684 -0.018596
vn 0.701271 -0.709269 -0.071810
vn 0.892490 -0.450684 -0.018596
vn 0.701271 -0.709269 -0.071810
vn -0.127585 -0.262221 -0.956537
vn -0.156100 -0.322689 -0.933544
vn -0.156100 -0.322689 -0.933544
vn -0.119944 -0.992611 -0.018373
vn -0.996211 -0.042799 0.075710
vn 0.872160 -0.011789 0.489079
vn 0.006520 0.790049 0.613009
vn 0.244441 0.594658 0.765918
vn -0.346811 -0.098570 0.932741
vn 0.186452 0.332587 0.924457
vn -0.911591 0.354089 0.208859
vn 0.501472 -0.865159 -0.005130
vn -0.257206 -0.249251 -0.933659
vn -0.346811 -0.098570 0.932741
vn -0.257206 -0.249251 -0.933659
vn 0.968408 -0.240047 -0.067546
vn 0.501472 -0.865159 -0.005130
vn -0.257206 -0.249251 -0.933659
vn 0.968408 -0.240047 -0.067546
vn 0.985417 -0.164589 -0.043177
vn 0.077638 0.377001 0.922953
vn -0.973581 0.190469 0.125944
vn -0.206866 -0.358984 -0.910130
vn -0.973581 0.190469 0.125944
vn 0.985417 -0.164589 -0.043177
vn -0.206866 -0.358984 -0.910130
vn 0.048780 0.379530 0.923893
vn 0.081814 0.376229 0.922907
vn 0.998760 -0.003785 -0.049635
vn 0.997523 -0.047571 -0.051820
vn -0.994916 0.014315 0.099682
vn -0.997146 0.021367 0.072407
vn -0.994916 0.014315 0.099682
vn -0.091117 -0.385588 -0.918161
vn -0.997146 0.021367 0.072407
vn -0.054316 -0.397722 -0.915897
vn 0.997523 -0.047571 -0.051820
vn -0.054316 -0.397722 -0.915897
vn 0.998760 -0.003785 -0.049635
vn -0.091117 -0.385588 -0.918161
vn 0.963059 -0.268985 -0.012797
vn 0.122793 0.330499 0.935784
vn -0.968811 0.247690 0.007477
vn -0.074421 -0.355909 -0.931553
vn -0.968811 0.247690 0.007477
vn 0.963059 -0.268985 -0.012797
vn -0.074421 -0.355909 -0.931553
vn -0.346811 -0.098570 0.932741
vn 0.379225 -0.919696 -0.101727
vn 0.501472 -0.865159 -0.005130
vn -0.007533 -0.960503 0.278169
vn -0.010706 -0.446919 -0.894510
vn -0.234278 -0.929613 0.284487
vn 0.240876 -0.470166 -0.849072
vn -0.805396 -0.374588 0.459371
vn -0.346811 -0.098570 0.932741
vn -0.392312 0.583696 0.710908
vn -0.717297 -0.687007 0.116219
vn -0.814181 -0.575585 0.076232
vn -0.696859 0.469527 0.542155
vn -0.656475 0.546084 0.520416
vn -0.234278 -0.929613 0.284487
vn -0.001523 0.204488 0.978868
vn -0.346110 0.181909 0.920390
vn -0.215312 -0.973701 -0.074486
vn 0.006520 0.790049 0.613009
vn -0.445007 0.613291 0.652566
vn -0.074943 0.855356 0.512591
vn -0.393333 0.752904 0.527660
vn -0.074943 0.855356 0.512591
vn -0.561411 0.674218 0.479842
vn 0.006520 0.790049 0.613009
vn -0.608838 0.605205 0.512878
vn -0.909478 -0.415737 0.003514
vn -0.961759 -0.269570 -0.048487
vn 0.370005 -0.550295 -0.748513
vn -0.121038 -0.788171 -0.603437
vn -0.171817 0.785511 0.594518
vn 0.872160 -0.011789 0.489079
vn 0.365375 0.092760 0.926227
vn 0.439175 -0.590545 -0.677040
vn 0.178899 -0.642497 -0.745113
vn 0.793180 -0.597145 -0.119513
vn 0.676009 -0.553494 -0.486473
vn 0.280347 -0.821979 -0.495738
vn 0.701458 -0.506069 -0.501849
vn 0.440335 -0.747168 -0.497841
vn -0.317204 0.776837 0.543972
vn -0.010885 -0.267551 -0.963482
vn 0.280629 -0.264235 -0.922728
vn 0.000447 0.692253 0.721655
vn -0.233830 0.642870 0.729412
vn -0.464174 0.673816 0.574905
vn -0.003696 -0.661595 -0.749852
vn -0.010885 -0.267551 -0.963482
vn 0.280629 -0.264235 -0.922728
vn 0.560445 -0.424644 -0.711041
vn 0.505154 -0.673040 -0.540219
vn -0.717297 -0.687007 0.116219
vn 0.440335 -0.747168 -0.497841
vn 0.538790 -0.671856 -0.508247
vn 0.731247 -0.434418 -0.525890
vn -0.463987 0.594901 0.656360
vn -0.642422 0.288928 0.709799
vn -0.510070 -0.830885 0.222395
vn 0.491510 -0.560144 -0.666826
vn 0.560445 -0.424644 -0.711041
vn -0.510070 -0.830885 0.222395
vn 0.731247 -0.434418 -0.525890
vn 0.701458 -0.506069 -0.501849
vn 0.995633 0.020371 0.091103
vn 0.236368 -0.323070 -0.916382
vn 0.883630 0.467769 0.019739
vn 0.099373 -0.146579 -0.984195
vn -0.083031 0.136074 0.987213
vn 0.030578 -0.314447 0.948782
vn 0.883630 0.467769 0.019739
vn 0.995633 0.020371 0.091103
vn -0.872572 -0.488317 -0.012783
vn -0.542567 -0.838669 -0.047491
vn -0.872572 -0.488317 -0.012783
vn 0.099373 -0.146579 -0.984195
vn -0.542567 -0.838669 -0.047491
vn 0.236368 -0.323070 -0.916382
vn 0.030578 -0.314447 0.948782
vn 0.381048 -0.923817 0.036950
vn 0.995633 0.020371 0.091103
vn -0.777591 0.161203 0.607755
vn -0.199537 0.597737 0.776464
vn -0.000459 0.787744 0.616002
vn 0.292917 -0.094465 0.951460
vn 0.982127 0.135386 0.130758
vn 0.091134 -0.379073 -0.920868
vn 0.292917 -0.094465 0.951460
vn 0.091134 -0.379073 -0.920868
vn -0.516121 -0.814608 0.264636
vn 0.091134 -0.379073 -0.920868
vn -0.996838 -0.079212 -0.006370
vn -0.516121 -0.814608 0.264636
vn -0.996838 -0.079212 -0.006370
vn -0.985856 -0.166066 0.022582
vn 0.985524 0.169009 0.013375
vn 0.081914 -0.431139 -0.898560
vn 0.081914 -0.431139 -0.898560
vn -0.985856 -0.166066 0.022582
vn -0.963918 -0.262456 0.044492
vn -0.063718 0.376344 0.924286
vn 0.967887 0.250729 -0.018179
vn 0.967887 0.250729 -0.018179
vn 0.077303 -0.389501 -0.917776
vn 0.077303 -0.389501 -0.917776
vn -0.963918 -0.262456 0.044492
vn -0.926545 -0.373801 0.042272
vn -0.070033 0.289384 0.954648
vn 0.932408 0.360094 -0.030766
vn 0.932408 0.360094 -0.030766
vn 0.082438 -0.298116 -0.950963
vn -0.926545 -0.373801 0.042272
vn 0.082438 -0.298116 -0.950963
vn 0.292917 -0.094465 0.951460
vn -0.516121 -0.814608 0.264636
vn -0.389468 -0.919938 0.045042
vn -0.060903 0.027533 0.997764
vn -0.877417 -0.211259 0.430707
vn -0.183119 -0.053335 0.981643
vn -0.648862 -0.753550 0.105548
vn 0.876273 -0.381412 0.294400
vn -0.159319 -0.376333 0.912683
vn 0.384396 0.641007 0.664342
vn 0.793020 0.251727 0.554755
vn -0.261401 -0.477291 -0.838965
vn 0.226793 -0.931911 0.283031
vn 0.782799 -0.333681 0.525245
vn 0.428407 0.581916 0.691261
vn 0.292917 -0.094465 0.951460
vn 0.723994 0.490489 0.485030
vn 0.684383 0.608711 0.401362
vn 0.746588 -0.665095 -0.015975
vn 0.856696 -0.495659 -0.142810
vn 0.345321 0.244244 0.906145
vn 0.226793 -0.931911 0.283031
vn 0.231017 -0.971575 -0.051700
vn -0.865015 0.029046 0.500904
vn 0.968477 -0.030706 -0.247204
vn 0.994816 0.097881 0.027567
vn 0.896794 -0.134175 0.421613
vn 0.764580 0.457398 0.454098
vn 0.354635 0.745082 0.564879
vn 0.047198 0.856970 0.513200
vn -0.000459 0.787744 0.616002
vn 0.512469 0.701956 0.494605
vn -0.000459 0.787744 0.616002
vn 0.047198 0.856970 0.513200
vn -0.058201 -0.163476 0.984829
vn -0.895488 0.037247 0.443524
vn -0.949329 0.124996 0.288358
vn 0.583831 0.676780 0.448453
vn 0.948372 -0.275816 -0.156577
vn 0.993037 -0.111753 -0.037262
vn -0.762065 -0.516491 -0.390505
vn 0.273426 -0.761793 -0.587290
vn -0.250312 -0.624820 -0.739557
vn -0.426152 -0.600792 -0.676346
vn 0.261304 0.744016 0.614947
vn -0.635482 -0.628928 -0.447897
vn -0.440338 -0.724825 -0.529841
vn -0.762065 -0.516491 -0.390505
vn -0.777591 0.161203 0.607755
vn -0.988648 0.043834 0.143714
vn -0.183417 -0.653608 -0.734272
vn -0.648862 -0.753550 0.105548
vn -0.250312 -0.624820 -0.739557
vn -0.648862 -0.753550 0.105548
vn -0.311535 -0.821143 -0.478195
vn -0.053449 -0.840091 -0.539807
vn -0.552010 -0.667650 -0.499529
vn -0.440338 -0.724825 -0.529841
vn 0.413005 0.753349 0.511754
vn -0.989555 -0.142029 -0.024659
vn -0.965186 0.041445 0.258260
vn -0.943716 -0.223683 -0.243654
vn -0.297510 -0.297680 -0.907124
vn -0.672583 -0.531793 -0.514615
vn -0.430148 -0.714155 -0.552227
vn -0.552010 -0.667650 -0.499529
vn 0.229954 0.677743 0.698416
vn 0.476232 0.686463 0.549520
vn -0.003696 -0.661595 -0.749852
vn -0.988648 0.043834 0.143714
vn -0.949329 0.124996 0.288358
vn -0.297510 -0.297680 -0.907124
vn -0.010885 -0.267551 -0.963482
vn -0.545969 -0.468669 -0.694454
vn -0.502447 -0.706119 -0.498941
vn -0.502447 -0.706119 -0.498942
vn -0.687793 -0.519463 -0.507050
vn 0.635260 0.318258 0.703674
vn 0.440524 0.637637 0.631948
vn 0.512996 -0.836839 0.191143
vn -0.490637 -0.570561 -0.658587
vn -0.545969 -0.468669 -0.694454
vn -0.687793 -0.519463 -0.507050
vn -0.250312 -0.624820 -0.739557
vn 0.928660 -0.214624 -0.302534
vn 0.668294 -0.540721 -0.510886
vn 0.658267 -0.593924 -0.462536
vn 0.676009 -0.553494 -0.486473
vn 0.872160 -0.011789 0.489079
vn -0.516121 -0.814608 0.264636
vn -0.183119 -0.053335 0.981643
vn -0.516121 -0.814608 0.264636
vn -0.777591 0.161203 0.607755
vn -0.542567 -0.838669 -0.047491
vn 0.236368 -0.323070 -0.916382
vn 0.701271 -0.709269 -0.071810
vn 0.097212 -0.197769 0.975416
vn -0.119944 -0.992611 -0.018373
vn 0.097212 -0.197769 0.975416
vn -0.156100 -0.322689 -0.933544
vn 0.793180 -0.597145 -0.119513
vn 0.365375 0.092760 0.926227
vn 0.965711 0.172042 0.194432
vn -0.919922 -0.163687 -0.356301
vn -0.943978 -0.185931 -0.272643
vn -0.939772 -0.063038 -0.335938
vn -0.998718 0.050263 0.005994
vn -0.927662 0.228165 0.295607
vn 0.974906 -0.222075 0.015516
vn 0.136695 0.018418 0.990442
vn 0.110383 -0.345430 0.931930
vn -0.897696 -0.322347 0.300390
vn 0.037203 -0.229419 0.972617
vn -0.893275 -0.355522 0.275071
vn -0.892596 -0.329697 0.307526
vn 0.041880 -0.119358 0.991968
vn 0.136695 0.018418 0.990442
vn -0.785320 0.282615 0.550818
vn 0.930194 0.071905 0.359957
vn 0.903723 0.186944 0.385145
vn 0.919030 0.237046 0.314948
vn -0.943978 -0.185931 -0.272643
vn -0.919922 -0.163687 -0.356301
vn -0.903269 -0.102021 0.416770
vn -0.724511 0.538754 0.429917
vn -0.998718 0.050263 0.005994
vn 0.986870 0.050150 0.153533
vn 0.068134 -0.052138 0.996313
vn 0.959981 0.240864 0.142903
vn 0.969213 0.236498 0.068516
vn 0.645057 -0.449388 -0.618023
vn -0.939772 -0.063038 -0.335938
vn 0.973347 0.177235 0.145547
vn 0.985378 -0.037476 -0.166211
vn 0.370005 -0.550295 -0.748513
vn 0.995377 0.094612 -0.016523
vn 0.976516 0.172807 0.128666
vn 0.645057 -0.449388 -0.618023
vn 0.370005 -0.550295 -0.748513
vn 0.961089 -0.220941 -0.165808
vn 0.978278 0.100869 0.181103
vn 0.985378 -0.037476 -0.166211
vn 0.942713 0.122465 0.310315
vn 0.941608 0.160515 0.295990
vn 0.959981 0.240864 0.142903
vn 0.969213 0.236498 0.068516
vn 0.973347 0.177235 0.145547
vn 0.687856 0.014411 0.725705
vn 0.667079 -0.001414 0.744986
vn 0.587754 0.062357 0.806633
vn 0.584730 0.028971 0.810711
vn 0.772524 -0.009474 0.634915
vn 0.791438 -0.004145 0.611236
vn 0.877065 -0.017416 0.480057
vn 0.888564 -0.011021 0.458620
vn 0.374674 0.130010 0.917996
vn 0.531718 0.107258 0.840103
vn 0.468845 0.076816 0.879934
vn 0.361461 0.408864 0.837960
vn 0.293306 0.510012 0.808615
vn 0.463676 0.502881 0.729463
vn 0.465626 0.171120 0.868281
vn 0.585572 0.142893 0.797927
vn 0.762131 0.052153 0.645319
vn 0.687699 0.093194 0.719990
vn 0.842513 0.013979 0.538494
vn 0.915113 -0.005975 0.403153
vn 0.408858 0.254248 0.876466
vn 0.320989 0.230924 0.918499
vn 0.281106 0.325907 0.902643
vn 0.507806 0.277881 0.815424
vn 0.478478 0.342423 0.808582
vn 0.370267 0.329715 0.868441
vn 0.545142 0.212121 0.811064
vn 0.271492 0.412843 0.869398
vn 0.458888 0.417557 0.784263
vn -0.556098 0.090833 0.826138
vn -0.469659 0.175274 0.865274
vn -0.443253 0.067707 0.893836
vn -0.361449 0.118941 0.924774
vn -0.236895 0.307994 0.921423
vn -0.275604 0.215524 0.936799
vn -0.316140 0.314263 0.895150
vn -0.389953 0.263927 0.882201
vn -0.340057 0.403799 0.849298
vn -0.233538 0.399393 0.886536
vn -0.440777 0.337898 0.831589
vn -0.430721 0.414871 0.801475
vn -0.480868 0.272960 0.833222
vn -0.560712 0.191888 0.805470
vn -0.586062 0.118309 0.801582
vn -0.463676 0.502882 0.729462
vn -0.618578 0.061957 0.783277
vn -0.587909 0.036472 0.808105
vn -0.510352 0.012292 0.859878
vn -0.598773 -0.002070 0.800916
vn -0.690185 -0.000641 0.723633
vn -0.561958 -0.003418 0.827159
vn -0.642468 -0.012705 0.766207
vn -0.747483 -0.011621 0.664179
vn -0.590308 -0.012553 0.807080
vn -0.777210 -0.017497 0.628998
vn -0.685111 -0.015069 0.728283
vn -0.595062 -0.013125 0.803573
vn -0.293305 0.510014 0.808615
vn -0.281183 0.116587 0.952546
vn -0.196443 0.190526 0.961826
vn -0.204153 0.074633 0.976090
vn -0.105319 0.138799 0.984705
vn -0.414216 0.072120 0.907317
vn -0.328644 0.027156 0.944063
vn -0.080104 0.387862 0.918230
vn -0.188631 0.396533 0.898432
vn -0.131598 0.517819 0.845308
vn -0.131699 0.297649 0.945548
vn -0.031337 0.264275 0.963938
vn -0.377903 0.173284 0.909484
vn -0.502955 0.119764 0.855975
vn -0.289367 0.248300 0.924453
vn -0.235000 0.316475 0.919031
vn 0.000000 0.512527 0.858671
vn 0.000000 0.379362 0.925248
vn -0.635972 0.077369 0.767824
vn -0.547295 0.020506 0.836689
vn -0.461277 0.003043 0.887251
vn 0.074610 0.114302 0.990641
vn 0.098308 0.214112 0.971850
vn 0.170759 0.111958 0.978931
vn 0.188244 0.211994 0.958970
vn 0.109783 0.316927 0.942075
vn 0.187332 0.316763 0.929821
vn 0.097568 0.410892 0.906448
vn 0.024845 0.409462 0.911989
vn 0.000000 0.512527 0.858671
vn 0.174655 0.421535 0.889834
vn -0.028591 0.086257 0.995863
vn 0.000000 0.144905 0.989446
vn 0.030772 0.065246 0.997395
vn 0.138367 0.051931 0.989019
vn -0.111911 0.018469 0.993547
vn -0.005953 0.011087 0.999921
vn 0.077471 0.008626 0.996957
vn 0.131599 0.517819 0.845308
vn 0.034141 0.326937 0.944430
vn 0.019460 0.238898 0.970850
vn 0.711351 -0.000953 0.702836
vn 0.610549 -0.003509 0.791971
vn 0.620227 0.032486 0.783749
vn 0.534793 0.010435 0.844919
vn 0.421186 0.139032 0.896255
vn 0.515379 0.167301 0.840473
vn 0.468845 0.076816 0.879934
vn 0.557025 0.095218 0.825019
vn 0.279367 0.409250 0.868601
vn 0.293306 0.510012 0.808615
vn 0.368159 0.403453 0.837666
vn 0.394051 0.234477 0.888676
vn 0.484574 0.253781 0.837128
vn 0.466042 0.333585 0.819467
vn 0.375069 0.317518 0.870922
vn 0.453827 0.416100 0.787973
vn 0.274000 0.314054 0.909007
vn 0.285762 0.218014 0.933172
vn 0.313073 0.122660 0.941775
vn 0.371623 0.055733 0.926709
vn 0.451976 0.004134 0.892021
vn 0.559067 -0.006366 0.829098
vn 0.463676 0.502881 0.729463
vn 0.731945 -0.011341 0.681269
vn 0.668975 -0.014983 0.743134
vn 0.808908 -0.007578 0.587887
vn 0.365617 0.005237 0.930751
vn 0.252257 0.006479 0.967639
vn 0.276214 0.050923 0.959746
vn 0.192480 0.038355 0.980551
vn 0.405582 0.061014 0.912020
vn 0.496661 0.004092 0.867935
vn 0.203643 0.304916 0.930353
vn 0.202488 0.398119 0.894707
vn 0.297950 0.318106 0.900019
vn 0.292075 0.409706 0.864195
vn 0.121841 0.398822 0.908898
vn 0.120370 0.301756 0.945756
vn 0.293306 0.510012 0.808615
vn 0.131599 0.517819 0.845308
vn 0.216852 0.206972 0.954011
vn 0.312346 0.223696 0.923255
vn 0.126790 0.204927 0.970530
vn 0.235786 0.114241 0.965067
vn 0.337375 0.122786 0.933328
vn 0.147532 0.107752 0.983170
vn 0.000000 0.229887 0.973217
vn -0.056284 0.113944 0.991892
vn -0.054573 0.256411 0.965026
vn -0.137545 0.126867 0.982337
vn 0.018945 0.104334 0.994362
vn 0.092231 0.194045 0.976647
vn -0.238497 0.048888 0.969912
vn -0.161068 0.046762 0.985835
vn -0.065185 0.040978 0.997032
vn 0.216491 0.391640 0.894287
vn 0.159226 0.302516 0.939751
vn 0.100191 0.402351 0.909987
vn 0.060236 0.313599 0.947643
vn -0.003116 0.408329 0.912829
vn -0.015605 0.337217 0.941298
vn 0.131599 0.517819 0.845308
vn 0.293306 0.510012 0.808615
vn 0.000000 0.512527 0.858671
vn -0.145506 0.065363 0.987196
vn -0.211893 0.008620 0.977255
vn -0.264133 0.079756 0.961183
vn -0.387518 0.007186 0.921834
vn -0.172125 0.291311 0.941016
vn -0.151106 0.393043 0.907020
vn -0.036974 0.282417 0.958579
vn -0.008228 0.387464 0.921848
vn -0.309488 -0.001732 0.950902
vn -0.527105 -0.006953 0.849771
vn -0.293305 0.510014 0.808615
vn -0.131598 0.517819 0.845308
vn -0.083868 0.155975 0.984194
vn -0.209621 0.165703 0.963640
vn -0.363066 0.195809 0.910956
vn -0.499501 0.093104 0.861296
vn -0.572890 0.020226 0.819383
vn -0.619676 -0.005931 0.784835
vn -0.302901 0.398396 0.865755
vn 0.000000 0.512527 0.858671
vn -0.320840 0.305125 0.896639
vn -0.387518 0.007186 0.921834
vn -0.211893 0.008620 0.977255
vn -0.264133 0.079756 0.961183
vn -0.145506 0.065363 0.987196
vn -0.008228 0.387464 0.921848
vn -0.151106 0.393043 0.907020
vn -0.036974 0.282417 0.958579
vn -0.172125 0.291311 0.941016
vn -0.527105 -0.006953 0.849771
vn -0.309488 -0.001732 0.950902
vn -0.131598 0.517819 0.845308
vn -0.293305 0.510014 0.808615
vn -0.209621 0.165703 0.963640
vn -0.083868 0.155975 0.984194
vn -0.499501 0.093104 0.861296
vn -0.363066 0.195809 0.910956
vn -0.572890 0.020226 0.819383
vn -0.619676 -0.005931 0.784835
vn -0.302901 0.398396 0.865755
vn 0.000000 0.512527 0.858671
vn -0.320840 0.305125 0.896639
vn -0.137545 0.126867 0.982337
vn -0.056284 0.113944 0.991892
vn -0.054573 0.256411 0.965026
vn 0.000000 0.229887 0.973217
vn 0.018945 0.104334 0.994362
vn 0.092231 0.194045 0.976647
vn -0.238497 0.048888 0.969912
vn -0.161068 0.046762 0.985835
vn -0.065185 0.040978 0.997032
vn 0.060236 0.313599 0.947643
vn 0.159226 0.302516 0.939751
vn 0.100191 0.402351 0.909987
vn 0.216491 0.391640 0.894287
vn -0.003116 0.408329 0.912829
vn -0.015605 0.337217 0.941298
vn 0.131599 0.517819 0.845308
vn 0.293306 0.510012 0.808615
vn 0.000000 0.512527 0.858671
vn 0.192480 0.038355 0.980551
vn 0.252257 0.006479 0.967639
vn 0.276214 0.050923 0.959746
vn 0.365617 0.005237 0.930751
vn 0.496661 0.004092 0.867935
vn 0.405582 0.061014 0.912020
vn 0.203643 0.304916 0.930353
vn 0.297950 0.318106 0.900019
vn 0.202488 0.398119 0.894707
vn 0.292075 0.409706 0.864195
vn 0.120370 0.301756 0.945756
vn 0.121841 0.398822 0.908898
vn 0.293306 0.510012 0.808615
vn 0.131599 0.517819 0.845308
vn 0.216852 0.206972 0.954011
vn 0.312346 0.223696 0.923255
vn 0.126790 0.204927 0.970530
vn 0.235786 0.114241 0.965067
vn 0.337375 0.122786 0.933328
vn 0.147532 0.107752 0.983170
vn 0.534793 0.010435 0.844919
vn 0.610549 -0.003509 0.791971
vn 0.620227 0.032486 0.783749
vn 0.711351 -0.000953 0.702836
vn 0.557025 0.095218 0.825019
vn 0.515379 0.167301 0.840473
vn 0.468845 0.076816 0.879934
vn 0.421186 0.139032 0.896255
vn 0.279367 0.409250 0.868601
vn 0.368159 0.403453 0.837666
vn 0.293306 0.510012 0.808615
vn 0.484574 0.253781 0.837128
vn 0.394051 0.234477 0.888676
vn 0.466042 0.333585 0.819467
vn 0.375069 0.317518 0.870922
vn 0.453827 0.416100 0.787973
vn 0.274000 0.314054 0.909007
vn 0.285762 0.218014 0.933172
vn 0.313073 0.122660 0.941775
vn 0.371623 0.055733 0.926709
vn 0.451976 0.004134 0.892021
vn 0.559067 -0.006366 0.829098
vn 0.463676 0.502881 0.729463
vn 0.731945 -0.011341 0.681269
vn 0.668975 -0.014983 0.743134
vn 0.808908 -0.007578 0.587887
vn 0.074610 0.114302 0.990641
vn 0.170759 0.111958 0.978931
vn 0.098308 0.214112 0.971850
vn 0.188244 0.211994 0.958970
vn 0.187332 0.316763 0.929821
vn 0.109783 0.316927 0.942075
vn 0.097568 0.410892 0.906448
vn 0.000000 0.512527 0.858671
vn 0.024845 0.409462 0.911989
vn 0.174655 0.421535 0.889834
vn 0.000000 0.144905 0.989446
vn 0.030772 0.065246 0.997395
vn -0.028591 0.086257 0.995863
vn 0.138367 0.051931 0.989019
vn -0.111911 0.018469 0.993547
vn -0.005953 0.011087 0.999921
vn 0.077471 0.008626 0.996957
vn 0.131599 0.517819 0.845308
vn 0.034141 0.326937 0.944430
vn 0.019460 0.238898 0.970850
vn -0.281183 0.116587 0.952546
vn -0.204153 0.074633 0.976090
vn -0.196443 0.190526 0.961826
vn -0.105319 0.138799 0.984705
vn -0.414216 0.072120 0.907317
vn -0.328644 0.027156 0.944063
vn -0.080104 0.387862 0.918230
vn -0.131598 0.517819 0.845308
vn -0.188631 0.396533 0.898432
vn -0.131699 0.297649 0.945548
vn -0.031337 0.264275 0.963938
vn -0.502955 0.119764 0.855975
vn -0.377903 0.173284 0.909484
vn -0.289367 0.248300 0.924453
vn -0.235000 0.316475 0.919031
vn 0.000000 0.512527 0.858671
vn 0.000000 0.379362 0.925248
vn -0.635972 0.077369 0.767824
vn -0.547295 0.020506 0.836689
vn -0.461277 0.003043 0.887251
vn -0.556098 0.090833 0.826138
vn -0.443253 0.067707 0.893836
vn -0.469659 0.175274 0.865274
vn -0.361449 0.118941 0.924774
vn -0.389953 0.263927 0.882201
vn -0.275604 0.215524 0.936799
vn -0.316140 0.314263 0.895150
vn -0.236895 0.307994 0.921423
vn -0.340057 0.403799 0.849298
vn -0.233538 0.399393 0.886536
vn -0.440777 0.337898 0.831589
vn -0.430721 0.414871 0.801475
vn -0.480868 0.272960 0.833222
vn -0.586062 0.118309 0.801582
vn -0.560712 0.191888 0.805470
vn -0.463676 0.502882 0.729462
vn -0.618578 0.061957 0.783277
vn -0.587909 0.036472 0.808105
vn -0.510352 0.012292 0.859878
vn -0.598773 -0.002070 0.800916
vn -0.690185 -0.000641 0.723633
vn -0.561958 -0.003418 0.827159
vn -0.642468 -0.012705 0.766207
vn -0.747483 -0.011621 0.664179
vn -0.590308 -0.012553 0.807080
vn -0.685111 -0.015069 0.728283
vn -0.777210 -0.017497 0.628998
vn -0.595062 -0.013125 0.803573
vn -0.293305 0.510014 0.808615
vn 0.584730 0.028971 0.810711
vn 0.667079 -0.001414 0.744986
vn 0.587754 0.062357 0.806633
vn 0.687856 0.014411 0.725705
vn 0.888564 -0.011021 0.458620
vn 0.791438 -0.004145 0.611236
vn 0.877065 -0.017416 0.480057
vn 0.772524 -0.009474 0.634915
vn 0.374674 0.130010 0.917996
vn 0.468845 0.076816 0.879934
vn 0.531718 0.107258 0.840103
vn 0.361461 0.408864 0.837960
vn 0.463676 0.502881 0.729463
vn 0.293306 0.510012 0.808615
vn 0.465626 0.171120 0.868281
vn 0.585572 0.142893 0.797927
vn 0.762131 0.052153 0.645319
vn 0.687699 0.093194 0.719990
vn 0.915113 -0.005975 0.403153
vn 0.842513 0.013979 0.538494
vn 0.408858 0.254248 0.876466
vn 0.281106 0.325907 0.902643
vn 0.320989 0.230924 0.918499
vn 0.507806 0.277881 0.815424
vn 0.478478 0.342423 0.808582
vn 0.370267 0.329715 0.868441
vn 0.545142 0.212121 0.811064
vn 0.271492 0.412843 0.869398
vn 0.458888 0.417557 0.784263


g Face
f 1/1/1 2/2/2 3/3/3
f 3/3/3 2/2/2 4/4/4
f 5/5/5 6/6/6 4/4/4
f 4/4/4 6/6/6 3/3/3
f 5/5/5 4/4/4 7/7/7
f 7/7/7 4/4/4 8/8/8
f 4/4/4 2/2/2 8/8/8
f 8/8/8 2/2/2 9/9/9
f 10/10/10 11/11/11 12/12/12
f 12/12/12 11/11/11 13/13/13
f 3/3/3 6/6/6 12/12/12
f 12/12/12 6/6/6 10/10/10
f 12/12/12 14/14/14 3/3/3
f 3/3/3 14/14/14 1/1/1
f 15/15/15 14/14/14 13/13/13
f 13/13/13 14/14/14 12/12/12
f 16/16/16 17/17/17 18/18/18
f 18/18/18 17/17/17 19/19/19
f 10/10/10 6/6/6 19/19/19
f 19/19/19 6/6/6 18/18/18
f 10/10/10 19/19/19 11/11/11
f 11/11/11 19/19/19 20/20/20
f 19/19/19 17/17/17 20/20/20
f 20/20/20 17/17/17 21/21/21
f 22/22/22 23/23/23 7/7/7
f 7/7/7 23/23/23 5/5/5
f 18/18/18 6/6/6 23/23/23
f 23/23/23 6/6/6 5/5/5
f 23/23/23 24/24/24 18/18/18
f 18/18/18 24/24/24 16/16/16
f 25/25/25 24/24/24 22/22/22
f 22/22/22 24/24/24 23/23/23
f 26/26/26 27/27/27 25/25/25
f 25/25/25 27/27/27 24/24/24
f 16/16/16 24/24/24 28/28/28
f 28/28/28 24/24/24 27/27/27
f 29/29/29 28/28/28 30/30/30
f 30/30/30 28/28/28 27/27/27
f 30/30/30 27/27/27 31/31/31
f 31/31/31 27/27/27 26/26/26
f 32/32/32 33/33/33 34/34/34
f 34/34/34 33/33/33 35/35/35
f 29/29/29 35/35/35 28/28/28
f 28/28/28 35/35/35 33/33/33
f 16/16/16 28/28/28 17/17/17
f 17/17/17 28/28/28 33/33/33
f 32/32/32 21/21/21 33/33/33
f 33/33/33 21/21/21 17/17/17
f 36/36/36 37/37/37 15/15/15
f 15/15/15 37/37/37 14/14/14
f 1/1/1 14/14/14 38/38/38
f 38/38/38 14/14/14 37/37/37
f 39/39/39 38/38/38 40/40/40
f 40/40/40 38/38/38 37/37/37
f 40/40/40 37/37/37 41/41/41
f 41/41/41 37/37/37 36/36/36
f 42/42/42 43/43/43 44/44/44
f 44/44/44 43/43/43 45/45/45
f 39/39/39 45/45/45 38/38/38
f 38/38/38 45/45/45 43/43/43
f 1/1/1 38/38/38 2/2/2
f 2/2/2 38/38/38 43/43/43
f 42/42/42 9/9/9 43/43/43
f 43/43/43 9/9/9 2/2/2
f 41/41/41 36/36/36 46/46/46
f 46/46/46 36/36/36 47/47/47
f 48/48/48 49/49/49 47/47/47
f 47/47/47 49/49/49 46/46/46
f 11/11/11 48/48/48 13/13/13
f 13/13/13 48/48/48 47/47/47
f 36/36/36 15/15/15 47/47/47
f 47/47/47 15/15/15 13/13/13
f 32/32/32 50/50/50 21/21/21
f 21/21/21 50/50/50 20/20/20
f 11/11/11 20/20/20 48/48/48
f 48/48/48 20/20/20 50/50/50
f 48/48/48 50/50/50 49/49/49
f 49/49/49 50/50/50 51/51/51
f 50/50/50 32/32/32 51/51/51
f 51/51/51 32/32/32 34/34/34
f 42/42/42 52/52/52 9/9/9
f 9/9/9 52/52/52 8/8/8
f 7/7/7 8/8/8 53/53/53
f 53/53/53 8/8/8 52/52/52
f 53/53/53 52/52/52 54/54/54
f 54/54/54 52/52/52 55/55/55
f 52/52/52 42/42/42 55/55/55
f 55/55/55 42/42/42 44/44/44
f 31/31/31 26/26/26 56/56/56
f 56/56/56 26/26/26 57/57/57
f 56/56/56 57/57/57 54/54/54
f 54/54/54 57/57/57 53/53/53
f 7/7/7 53/53/53 22/22/22
f 22/22/22 53/53/53 57/57/57
f 26/26/26 25/25/25 57/57/57
f 57/57/57 25/25/25 22/22/22
f 58/58/58 59/59/59 60/60/60
f 60/60/60 59/59/59 61/61/61
f 62/62/62 58/58/58 63/63/63
f 63/63/63 58/58/58 60/60/60
f 64/64/64 58/58/58 65/65/65
f 65/65/65 58/58/58 62/62/62
f 66/66/66 59/59/59 64/64/64
f 64/64/64 59/59/59 58/58/58
f 67/67/67 68/68/68 69/69/69
f 69/69/69 68/68/68 70/70/70
f 60/60/60 68/68/68 63/63/63
f 63/63/63 68/68/68 67/67/67
f 61/61/61 71/71/71 60/60/60
f 60/60/60 71/71/71 68/68/68
f 68/68/68 71/71/71 70/70/70
f 70/70/70 71/71/71 72/72/72
f 73/73/73 74/74/74 75/75/75
f 75/75/75 74/74/74 76/76/76
f 67/67/67 73/73/73 63/63/63
f 63/63/63 73/73/73 75/75/75
f 67/67/67 69/69/69 73/73/73
f 73/73/73 69/69/69 77/77/77
f 78/78/78 74/74/74 77/77/77
f 77/77/77 74/74/74 73/73/73
f 62/62/62 79/79/79 65/65/65
f 65/65/65 79/79/79 80/80/80
f 75/75/75 79/79/79 63/63/63
f 63/63/63 79/79/79 62/62/62
f 76/76/76 81/81/81 75/75/75
f 75/75/75 81/81/81 79/79/79
f 79/79/79 81/81/81 80/80/80
f 80/80/80 81/81/81 82/82/82
f 83/83/83 82/82/82 84/84/84
f 84/84/84 82/82/82 81/81/81
f 84/84/84 81/81/81 85/85/85
f 85/85/85 81/81/81 76/76/76
f 86/86/86 87/87/87 85/85/85
f 85/85/85 87/87/87 84/84/84
f 87/87/87 88/88/88 84/84/84
f 84/84/84 88/88/88 83/83/83
f 89/89/89 90/90/90 91/91/91
f 91/91/91 90/90/90 92/92/92
f 86/86/86 85/85/85 89/89/89
f 89/89/89 85/85/85 90/90/90
f 90/90/90 85/85/85 74/74/74
f 74/74/74 85/85/85 76/76/76
f 92/92/92 90/90/90 78/78/78
f 78/78/78 90/90/90 74/74/74
f 93/93/93 72/72/72 94/94/94
f 94/94/94 72/72/72 71/71/71
f 94/94/94 71/71/71 95/95/95
f 95/95/95 71/71/71 61/61/61
f 96/96/96 97/97/97 95/95/95
f 95/95/95 97/97/97 94/94/94
f 97/97/97 98/98/98 94/94/94
f 94/94/94 98/98/98 93/93/93
f 99/99/99 100/100/100 101/101/101
f 101/101/101 100/100/100 102/102/102
f 96/96/96 95/95/95 99/99/99
f 99/99/99 95/95/95 100/100/100
f 100/100/100 95/95/95 59/59/59
f 59/59/59 95/95/95 61/61/61
f 102/102/102 100/100/100 66/66/66
f 66/66/66 100/100/100 59/59/59
f 98/98/98 103/103/103 93/93/93
f 93/93/93 103/103/103 104/104/104
f 105/105/105 104/104/104 106/106/106
f 106/106/106 104/104/104 103/103/103
f 104/104/104 105/105/105 70/70/70
f 70/70/70 105/105/105 69/69/69
f 93/93/93 104/104/104 72/72/72
f 72/72/72 104/104/104 70/70/70
f 92/92/92 78/78/78 107/107/107
f 107/107/107 78/78/78 77/77/77
f 107/107/107 77/77/77 105/105/105
f 105/105/105 77/77/77 69/69/69
f 105/105/105 106/106/106 107/107/107
f 107/107/107 106/106/106 108/108/108
f 91/91/91 92/92/92 108/108/108
f 108/108/108 92/92/92 107/107/107
f 102/102/102 66/66/66 109/109/109
f 109/109/109 66/66/66 64/64/64
f 109/109/109 64/64/64 110/110/110
f 110/110/110 64/64/64 65/65/65
f 111/111/111 109/109/109 112/112/112
f 112/112/112 109/109/109 110/110/110
f 101/101/101 102/102/102 111/111/111
f 111/111/111 102/102/102 109/109/109
f 88/88/88 113/113/113 83/83/83
f 83/83/83 113/113/113 114/114/114
f 110/110/110 114/114/114 112/112/112
f 112/112/112 114/114/114 113/113/113
f 114/114/114 110/110/110 80/80/80
f 80/80/80 110/110/110 65/65/65
f 83/83/83 114/114/114 82/82/82
f 82/82/82 114/114/114 80/80/80
f 115/115/115 116/116/116 117/117/117
f 118/118/118 116/116/116 115/115/115
f 119/119/119 118/118/118 120/120/120
f 120/120/120 118/118/118 115/115/115
f 120/120/120 121/121/121 119/119/119
f 119/119/119 121/121/121 122/122/122
f 123/123/123 124/124/124 125/125/125
f 125/125/125 124/124/124 126/126/126
f 127/127/127 128/128/128 129/129/129
f 129/129/129 128/128/128 130/130/130
f 131/131/131 132/132/132 127/127/127
f 127/127/127 132/132/132 128/128/128
f 122/122/122 121/121/121 131/131/131
f 131/131/131 121/121/121 132/132/132
f 133/133/133 134/134/134 135/135/135
f 135/135/135 134/134/134 136/136/136
f 137/137/137 138/138/138 139/139/139
f 139/139/139 138/138/138 117/117/117
f 120/120/120 115/115/115 140/140/140
f 140/140/140 115/115/115 141/141/141
f 121/121/121 120/120/120 142/142/142
f 142/142/142 120/120/120 140/140/140
f 138/138/138 141/141/141 117/117/117
f 117/117/117 141/141/141 115/115/115
f 130/130/130 143/143/143 144/144/144
f 144/144/144 143/143/143 145/145/145
f 132/132/132 146/146/146 128/128/128
f 128/128/128 146/146/146 147/147/147
f 146/146/146 132/132/132 142/142/142
f 142/142/142 132/132/132 121/121/121
f 143/143/143 130/130/130 147/147/147
f 147/147/147 130/130/130 128/128/128
f 148/148/148 149/149/149 150/150/150
f 151/151/151 152/152/152 149/149/149
f 149/149/149 152/152/152 150/150/150
f 153/153/153 154/154/154 148/148/148
f 148/148/148 154/154/154 149/149/149
f 155/155/155 156/156/156 157/157/157
f 157/157/157 156/156/156 158/158/158
f 156/156/156 159/159/159 158/158/158
f 158/158/158 159/159/159 160/160/160
f 161/161/161 162/162/162 163/163/163
f 163/163/163 162/162/162 164/164/164
f 165/165/165 164/164/164 162/162/162
f 153/153/153 165/165/165 166/166/166
f 165/165/165 162/162/162 166/166/166
f 167/167/167 168/168/168 169/169/169
f 169/169/169 168/168/168 170/170/170
f 169/169/169 170/170/170 159/159/159
f 159/159/159 170/170/170 160/160/160
f 151/151/151 171/171/171 152/152/152
f 172/172/172 173/173/173 174/174/174
f 174/174/174 173/173/173 175/175/175
f 151/151/151 172/172/172 171/171/171
f 171/171/171 172/172/172 174/174/174
f 176/176/176 177/177/177 178/178/178
f 178/178/178 177/177/177 179/179/179
f 161/161/161 180/180/180 176/176/176
f 176/176/176 180/180/180 177/177/177
f 161/161/161 163/163/163 180/180/180
f 181/181/181 153/153/153 148/148/148
f 182/182/182 183/183/183 184/184/184
f 184/184/184 183/183/183 181/181/181
f 183/183/183 153/153/153 181/181/181
f 185/185/185 186/186/186 187/187/187
f 188/188/188 189/189/189 190/190/190
f 190/190/190 189/189/189 191/191/191
f 188/188/188 190/190/190 192/192/192
f 192/192/192 190/190/190 193/193/193
f 194/194/194 192/192/192 195/195/195
f 195/195/195 192/192/192 193/193/193
f 196/196/196 194/194/194 197/197/197
f 197/197/197 194/194/194 195/195/195
f 189/189/189 188/188/188 186/186/186
f 186/186/186 188/188/188 187/187/187
f 187/187/187 188/188/188 198/198/198
f 198/198/198 188/188/188 192/192/192
f 199/199/199 198/198/198 194/194/194
f 194/194/194 198/198/198 192/192/192
f 200/200/200 199/199/199 196/196/196
f 196/196/196 199/199/199 194/194/194
f 184/184/184 196/196/196 182/182/182
f 182/182/182 196/196/196 197/197/197
f 201/201/201 200/200/200 184/184/184
f 184/184/184 200/200/200 196/196/196
f 184/184/184 181/181/181 201/201/201
f 201/201/201 181/181/181 202/202/202
f 150/150/150 202/202/202 148/148/148
f 148/148/148 202/202/202 181/181/181
f 203/203/203 183/183/183 204/204/204
f 204/204/204 183/183/183 182/182/182
f 183/183/183 203/203/203 153/153/153
f 153/153/153 203/203/203 165/165/165
f 205/205/205 206/206/206 207/207/207
f 191/191/191 208/208/208 190/190/190
f 190/190/190 208/208/208 209/209/209
f 193/193/193 190/190/190 210/210/210
f 210/210/210 190/190/190 209/209/209
f 211/211/211 195/195/195 210/210/210
f 210/210/210 195/195/195 193/193/193
f 195/195/195 211/211/211 197/197/197
f 197/197/197 211/211/211 212/212/212
f 208/208/208 206/206/206 209/209/209
f 209/209/209 206/206/206 205/205/205
f 210/210/210 209/209/209 213/213/213
f 213/213/213 209/209/209 205/205/205
f 210/210/210 213/213/213 211/211/211
f 211/211/211 213/213/213 214/214/214
f 215/215/215 212/212/212 214/214/214
f 214/214/214 212/212/212 211/211/211
f 197/197/197 212/212/212 182/182/182
f 182/182/182 212/212/212 204/204/204
f 212/212/212 215/215/215 204/204/204
f 204/204/204 215/215/215 216/216/216
f 204/204/204 216/216/216 203/203/203
f 203/203/203 216/216/216 217/217/217
f 164/164/164 165/165/165 217/217/217
f 217/217/217 165/165/165 203/203/203
f 139/139/139 117/117/117 218/218/218
f 218/218/218 117/117/117 116/116/116
f 218/218/218 116/116/116 219/219/219
f 174/174/174 175/175/175 220/220/220
f 220/220/220 175/175/175 221/221/221
f 222/222/222 223/223/223 220/220/220
f 220/220/220 221/221/221 222/222/222
f 222/222/222 221/221/221 224/224/224
f 225/225/225 226/226/226 227/227/227
f 228/228/228 229/229/229 157/157/157
f 157/157/157 229/229/229 155/155/155
f 156/156/156 155/155/155 230/230/230
f 230/230/230 155/155/155 225/225/225
f 231/231/231 227/227/227 226/226/226
f 232/232/232 233/233/233 234/234/234
f 235/235/235 236/236/236 237/237/237
f 231/231/231 238/238/238 239/239/239
f 240/240/240 236/236/236 241/241/241
f 241/241/241 236/236/236 235/235/235
f 236/236/236 242/242/242 239/239/239
f 239/239/239 242/242/242 243/243/243
f 244/244/244 242/242/242 240/240/240
f 240/240/240 242/242/242 236/236/236
f 231/231/231 239/239/239 227/227/227
f 227/227/227 239/239/239 245/245/245
f 239/239/239 243/243/243 245/245/245
f 245/245/245 243/243/243 246/246/246
f 245/245/245 230/230/230 227/227/227
f 227/227/227 230/230/230 225/225/225
f 231/231/231 226/226/226 247/247/247
f 247/247/247 226/226/226 229/229/229
f 229/229/229 226/226/226 155/155/155
f 155/155/155 226/226/226 225/225/225
f 247/247/247 229/229/229 241/241/241
f 241/241/241 229/229/229 248/248/248
f 249/249/249 232/232/232 234/234/234
f 240/240/240 241/241/241 250/250/250
f 250/250/250 241/241/241 251/251/251
f 248/248/248 251/251/251 241/241/241
f 144/144/144 252/252/252 130/130/130
f 130/130/130 252/252/252 129/129/129
f 252/252/252 253/253/253 129/129/129
f 177/177/177 254/254/254 179/179/179
f 179/179/179 254/254/254 255/255/255
f 256/256/256 254/254/254 257/257/257
f 258/258/258 255/255/255 256/256/256
f 256/256/256 255/255/255 254/254/254
f 259/259/259 260/260/260 261/261/261
f 262/262/262 168/168/168 263/263/263
f 263/263/263 168/168/168 167/167/167
f 259/259/259 167/167/167 264/264/264
f 264/264/264 167/167/167 169/169/169
f 265/265/265 261/261/261 260/260/260
f 266/266/266 267/267/267 268/268/268
f 269/269/269 270/270/270 271/271/271
f 272/272/272 265/265/265 273/273/273
f 269/269/269 271/271/271 274/274/274
f 274/274/274 271/271/271 275/275/275
f 271/271/271 273/273/273 242/242/242
f 242/242/242 273/273/273 276/276/276
f 271/271/271 242/242/242 275/275/275
f 275/275/275 242/242/242 244/244/244
f 265/265/265 260/260/260 273/273/273
f 273/273/273 260/260/260 277/277/277
f 273/273/273 277/277/277 276/276/276
f 276/276/276 277/277/277 278/278/278
f 259/259/259 264/264/264 260/260/260
f 260/260/260 264/264/264 277/277/277
f 265/265/265 279/279/279 261/261/261
f 261/261/261 279/279/279 263/263/263
f 259/259/259 261/261/261 167/167/167
f 167/167/167 261/261/261 263/263/263
f 279/279/279 274/274/274 263/263/263
f 274/274/274 280/280/280 263/263/263
f 267/267/267 266/266/266 281/281/281
f 275/275/275 282/282/282 274/274/274
f 282/282/282 283/283/283 274/274/274
f 280/280/280 274/274/274 283/283/283
f 284/284/284 285/285/285 286/286/286
f 286/286/286 287/287/287 284/284/284
f 125/125/125 285/285/285 123/123/123
f 288/288/288 289/289/289 290/290/290
f 291/291/291 285/285/285 284/284/284
f 290/290/290 292/292/292 288/288/288
f 288/288/288 292/292/292 293/293/293
f 294/294/294 289/289/289 288/288/288
f 224/224/224 293/293/293 222/222/222
f 222/222/222 293/293/293 295/295/295
f 295/295/295 293/293/293 292/292/292
f 289/289/289 296/296/296 290/290/290
f 290/290/290 296/296/296 297/297/297
f 297/297/297 296/296/296 298/298/298
f 298/298/298 296/296/296 299/299/299
f 300/300/300 301/301/301 302/302/302
f 302/302/302 301/301/301 303/303/303
f 300/300/300 297/297/297 301/301/301
f 301/301/301 297/297/297 298/298/298
f 297/297/297 300/300/300 290/290/290
f 290/290/290 300/300/300 292/292/292
f 304/304/304 305/305/305 299/299/299
f 299/299/299 305/305/305 298/298/298
f 306/306/306 307/307/307 308/308/308
f 308/308/308 307/307/307 309/309/309
f 301/301/301 298/298/298 310/310/310
f 310/310/310 298/298/298 305/305/305
f 311/311/311 303/303/303 310/310/310
f 310/310/310 303/303/303 301/301/301
f 312/312/312 309/309/309 313/313/313
f 313/313/313 309/309/309 314/314/314
f 315/315/315 312/312/312 313/313/313
f 296/296/296 316/316/316 299/299/299
f 299/299/299 316/316/316 317/317/317
f 318/318/318 319/319/319 320/320/320
f 321/321/321 304/304/304 317/317/317
f 317/317/317 304/304/304 299/299/299
f 319/319/319 322/322/322 323/323/323
f 320/320/320 324/324/324 325/325/325
f 326/326/326 327/327/327 305/305/305
f 305/305/305 327/327/327 310/310/310
f 310/310/310 327/327/327 311/311/311
f 304/304/304 321/321/321 328/328/328
f 305/305/305 304/304/304 326/326/326
f 326/326/326 304/304/304 328/328/328
f 329/329/329 330/330/330 320/320/320
f 320/320/320 330/330/330 318/318/318
f 323/323/323 331/331/331 303/303/303
f 303/303/303 331/331/331 302/302/302
f 332/332/332 318/318/318 287/287/287
f 287/287/287 318/318/318 284/284/284
f 332/332/332 333/333/333 322/322/322
f 322/322/322 333/333/333 334/334/334
f 334/334/334 333/333/333 295/295/295
f 284/284/284 330/330/330 291/291/291
f 291/291/291 330/330/330 335/335/335
f 311/311/311 324/324/324 319/319/319
f 319/319/319 324/324/324 320/320/320
f 307/307/307 336/336/336 309/309/309
f 309/309/309 336/336/336 314/314/314
f 287/287/287 223/223/223 332/332/332
f 332/332/332 223/223/223 333/333/333
f 336/336/336 307/307/307 337/337/337
f 337/337/337 307/307/307 338/338/338
f 322/322/322 319/319/319 332/332/332
f 332/332/332 319/319/319 318/318/318
f 327/327/327 339/339/339 311/311/311
f 311/311/311 339/339/339 324/324/324
f 329/329/329 340/340/340 341/341/341
f 306/306/306 341/341/341 340/340/340
f 339/339/339 342/342/342 329/329/329
f 335/335/335 330/330/330 341/341/341
f 341/341/341 330/330/330 329/329/329
f 308/308/308 335/335/335 306/306/306
f 306/306/306 335/335/335 341/341/341
f 335/335/335 308/308/308 291/291/291
f 291/291/291 308/308/308 343/343/343
f 338/338/338 340/340/340 337/337/337
f 337/337/337 340/340/340 342/342/342
f 324/324/324 339/339/339 325/325/325
f 340/340/340 338/338/338 306/306/306
f 306/306/306 338/338/338 307/307/307
f 312/312/312 315/315/315 343/343/343
f 292/292/292 302/302/302 331/331/331
f 295/295/295 333/333/333 222/222/222
f 222/222/222 333/333/333 223/223/223
f 343/343/343 308/308/308 312/312/312
f 312/312/312 308/308/308 309/309/309
f 328/328/328 342/342/342 326/326/326
f 289/289/289 316/316/316 296/296/296
f 328/328/328 321/321/321 344/344/344
f 344/344/344 321/321/321 345/345/345
f 321/321/321 317/317/317 345/345/345
f 345/345/345 317/317/317 346/346/346
f 346/346/346 317/317/317 347/347/347
f 347/347/347 317/317/317 316/316/316
f 294/294/294 348/348/348 289/289/289
f 289/289/289 348/348/348 316/316/316
f 328/328/328 344/344/344 342/342/342
f 344/344/344 337/337/337 342/342/342
f 344/344/344 345/345/345 337/337/337
f 337/337/337 345/345/345 336/336/336
f 336/336/336 345/345/345 314/314/314
f 314/314/314 345/345/345 346/346/346
f 347/347/347 313/313/313 346/346/346
f 346/346/346 313/313/313 314/314/314
f 315/315/315 313/313/313 347/347/347
f 292/292/292 300/300/300 302/302/302
f 342/342/342 339/339/339 326/326/326
f 326/326/326 339/339/339 327/327/327
f 322/322/322 334/334/334 323/323/323
f 323/323/323 334/334/334 331/331/331
f 311/311/311 319/319/319 323/323/323
f 303/303/303 311/311/311 323/323/323
f 292/292/292 331/331/331 295/295/295
f 331/331/331 334/334/334 295/295/295
f 123/123/123 285/285/285 291/291/291
f 320/320/320 325/325/325 329/329/329
f 325/325/325 339/339/339 329/329/329
f 342/342/342 340/340/340 329/329/329
f 330/330/330 284/284/284 318/318/318
f 349/349/349 350/350/350 351/351/351
f 352/352/352 353/353/353 349/349/349
f 349/349/349 353/353/353 354/354/354
f 354/354/354 355/355/355 349/349/349
f 349/349/349 355/355/355 356/356/356
f 351/351/351 357/357/357 349/349/349
f 349/349/349 357/357/357 352/352/352
f 356/356/356 350/350/350 349/349/349
f 358/358/358 359/359/359 360/360/360
f 361/361/361 359/359/359 358/358/358
f 362/362/362 359/359/359 363/363/363
f 363/363/363 359/359/359 361/361/361
f 364/364/364 365/365/365 366/366/366
f 365/365/365 367/367/367 366/366/366
f 367/367/367 362/362/362 363/363/363
f 368/368/368 369/369/369 370/370/370
f 371/371/371 372/372/372 373/373/373
f 373/373/373 372/372/372 374/374/374
f 375/375/375 372/372/372 376/376/376
f 376/376/376 372/372/372 371/371/371
f 258/258/258 256/256/256 374/374/374
f 256/256/256 377/377/377 374/374/374
f 374/374/374 377/377/377 373/373/373
f 376/376/376 371/371/371 378/378/378
f 378/378/378 371/371/371 379/379/379
f 379/379/379 380/380/380 378/378/378
f 378/378/378 380/380/380 381/381/381
f 382/382/382 383/383/383 384/384/384
f 384/384/384 383/383/383 385/385/385
f 380/380/380 379/379/379 383/383/383
f 383/383/383 379/379/379 385/385/385
f 373/373/373 385/385/385 371/371/371
f 371/371/371 385/385/385 379/379/379
f 380/380/380 386/386/386 381/381/381
f 381/381/381 386/386/386 387/387/387
f 388/388/388 389/389/389 390/390/390
f 390/390/390 389/389/389 391/391/391
f 383/383/383 392/392/392 380/380/380
f 380/380/380 392/392/392 386/386/386
f 393/393/393 392/392/392 382/382/382
f 382/382/382 392/392/392 383/383/383
f 370/370/370 388/388/388 394/394/394
f 394/394/394 388/388/388 395/395/395
f 396/396/396 394/394/394 395/395/395
f 397/397/397 398/398/398 381/381/381
f 381/381/381 398/398/398 378/378/378
f 399/399/399 400/400/400 401/401/401
f 402/402/402 397/397/397 387/387/387
f 387/387/387 397/397/397 381/381/381
f 401/401/401 403/403/403 404/404/404
f 400/400/400 405/405/405 406/406/406
f 407/407/407 386/386/386 408/408/408
f 408/408/408 386/386/386 392/392/392
f 392/392/392 393/393/393 408/408/408
f 387/387/387 409/409/409 402/402/402
f 409/409/409 387/387/387 407/407/407
f 407/407/407 387/387/387 386/386/386
f 399/399/399 410/410/410 400/400/400
f 400/400/400 410/410/410 411/411/411
f 403/403/403 382/382/382 412/412/412
f 412/412/412 382/382/382 384/384/384
f 413/413/413 414/414/414 399/399/399
f 399/399/399 414/414/414 415/415/415
f 413/413/413 404/404/404 416/416/416
f 416/416/416 404/404/404 417/417/417
f 417/417/417 377/377/377 416/416/416
f 418/418/418 410/410/410 419/419/419
f 419/419/419 410/410/410 415/415/415
f 400/400/400 406/406/406 401/401/401
f 401/401/401 406/406/406 393/393/393
f 370/370/370 420/420/420 388/388/388
f 388/388/388 420/420/420 389/389/389
f 414/414/414 413/413/413 257/257/257
f 257/257/257 413/413/413 416/416/416
f 421/421/421 389/389/389 422/422/422
f 422/422/422 389/389/389 420/420/420
f 404/404/404 413/413/413 401/401/401
f 401/401/401 413/413/413 399/399/399
f 406/406/406 423/423/423 393/393/393
f 393/393/393 423/423/423 408/408/408
f 411/411/411 424/424/424 425/425/425
f 391/391/391 425/425/425 424/424/424
f 423/423/423 411/411/411 426/426/426
f 418/418/418 424/424/424 410/410/410
f 410/410/410 424/424/424 411/411/411
f 390/390/390 391/391/391 418/418/418
f 418/418/418 391/391/391 424/424/424
f 427/427/427 390/390/390 419/419/419
f 419/419/419 390/390/390 418/418/418
f 426/426/426 425/425/425 422/422/422
f 422/422/422 425/425/425 421/421/421
f 406/406/406 405/405/405 423/423/423
f 389/389/389 421/421/421 391/391/391
f 391/391/391 421/421/421 425/425/425
f 395/395/395 427/427/427 396/396/396
f 373/373/373 412/412/412 384/384/384
f 257/257/257 416/416/416 256/256/256
f 256/256/256 416/416/416 377/377/377
f 388/388/388 390/390/390 395/395/395
f 395/395/395 390/390/390 427/427/427
f 409/409/409 407/407/407 426/426/426
f 376/376/376 378/378/378 398/398/398
f 409/409/409 428/428/428 402/402/402
f 402/402/402 428/428/428 369/369/369
f 402/402/402 369/369/369 397/397/397
f 397/397/397 369/369/369 368/368/368
f 398/398/398 397/397/397 429/429/429
f 429/429/429 397/397/397 368/368/368
f 375/375/375 376/376/376 430/430/430
f 430/430/430 376/376/376 398/398/398
f 409/409/409 426/426/426 428/428/428
f 428/428/428 426/426/426 422/422/422
f 428/428/428 422/422/422 369/369/369
f 369/369/369 422/422/422 420/420/420
f 370/370/370 369/369/369 420/420/420
f 429/429/429 368/368/368 394/394/394
f 394/394/394 368/368/368 370/370/370
f 396/396/396 429/429/429 394/394/394
f 373/373/373 384/384/384 385/385/385
f 408/408/408 423/423/423 407/407/407
f 407/407/407 423/423/423 426/426/426
f 404/404/404 403/403/403 417/417/417
f 417/417/417 403/403/403 412/412/412
f 393/393/393 403/403/403 401/401/401
f 382/382/382 403/403/403 393/393/393
f 373/373/373 377/377/377 412/412/412
f 412/412/412 377/377/377 417/417/417
f 400/400/400 411/411/411 405/405/405
f 405/405/405 411/411/411 423/423/423
f 426/426/426 411/411/411 425/425/425
f 410/410/410 399/399/399 415/415/415
f 431/431/431 432/432/432 433/433/433
f 433/433/433 432/432/432 434/434/434
f 435/435/435 432/432/432 436/436/436
f 436/436/436 432/432/432 431/431/431
f 435/435/435 436/436/436 437/437/437
f 437/437/437 436/436/436 438/438/438
f 437/437/437 438/438/438 439/439/439
f 439/439/439 438/438/438 440/440/440
f 433/433/433 434/434/434 441/441/441
f 441/441/441 434/434/434 442/442/442
f 432/432/432 443/443/443 434/434/434
f 434/434/434 443/443/443 353/353/353
f 435/435/435 444/444/444 432/432/432
f 432/432/432 444/444/444 443/443/443
f 433/433/433 441/441/441 445/445/445
f 445/445/445 441/441/441 446/446/446
f 434/434/434 353/353/353 442/442/442
f 442/442/442 353/353/353 352/352/352
f 437/437/437 439/439/439 447/447/447
f 447/447/447 439/439/439 448/448/448
f 353/353/353 443/443/443 354/354/354
f 354/354/354 443/443/443 444/444/444
f 435/435/435 437/437/437 444/444/444
f 444/444/444 437/437/437 447/447/447
f 447/447/447 355/355/355 444/444/444
f 444/444/444 355/355/355 354/354/354
f 356/356/356 355/355/355 448/448/448
f 448/448/448 355/355/355 447/447/447
f 449/449/449 440/440/440 450/450/450
f 450/450/450 440/440/440 438/438/438
f 436/436/436 431/431/431 438/438/438
f 438/438/438 431/431/431 450/450/450
f 450/450/450 431/431/431 451/451/451
f 451/451/451 431/431/431 445/445/445
f 445/445/445 431/431/431 433/433/433
f 452/452/452 453/453/453 454/454/454
f 454/454/454 453/453/453 455/455/455
f 456/456/456 457/457/457 453/453/453
f 453/453/453 457/457/457 455/455/455
f 458/458/458 457/457/457 459/459/459
f 459/459/459 457/457/457 456/456/456
f 459/459/459 439/439/439 458/458/458
f 458/458/458 439/439/439 440/440/440
f 460/460/460 452/452/452 461/461/461
f 461/461/461 452/452/452 454/454/454
f 357/357/357 462/462/462 452/452/452
f 452/452/452 462/462/462 453/453/453
f 462/462/462 463/463/463 453/453/453
f 453/453/453 463/463/463 456/456/456
f 464/464/464 461/461/461 465/465/465
f 465/465/465 461/461/461 454/454/454
f 352/352/352 357/357/357 460/460/460
f 460/460/460 357/357/357 452/452/452
f 459/459/459 466/466/466 439/439/439
f 439/439/439 466/466/466 448/448/448
f 463/463/463 462/462/462 351/351/351
f 351/351/351 462/462/462 357/357/357
f 466/466/466 459/459/459 463/463/463
f 463/463/463 459/459/459 456/456/456
f 466/466/466 463/463/463 350/350/350
f 350/350/350 463/463/463 351/351/351
f 466/466/466 350/350/350 448/448/448
f 448/448/448 350/350/350 356/356/356
f 458/458/458 440/440/440 467/467/467
f 467/467/467 440/440/440 449/449/449
f 467/467/467 455/455/455 458/458/458
f 458/458/458 455/455/455 457/457/457
f 467/467/467 468/468/468 455/455/455
f 468/468/468 465/465/465 455/455/455
f 465/465/465 454/454/454 455/455/455
f 469/469/469 470/470/470 471/471/471
f 471/471/471 470/470/470 472/472/472
f 473/473/473 474/474/474 471/471/471
f 471/471/471 474/474/474 469/469/469
f 475/475/475 476/476/476 477/477/477
f 475/475/475 477/477/477 478/478/478
f 478/478/478 474/474/474 473/473/473
f 479/479/479 359/359/359 362/362/362
f 480/480/480 481/481/481 482/482/482
f 482/482/482 481/481/481 479/479/479
f 483/483/483 481/481/481 484/484/484
f 484/484/484 481/481/481 480/480/480
f 485/485/485 486/486/486 487/487/487
f 487/487/487 486/486/486 488/488/488
f 360/360/360 359/359/359 483/483/483
f 483/483/483 359/359/359 481/481/481
f 367/367/367 482/482/482 479/479/479
f 364/364/364 489/489/489 490/490/490
f 490/490/490 489/489/489 491/491/491
f 492/492/492 488/488/488 493/493/493
f 493/493/493 488/488/488 486/486/486
f 493/493/493 367/367/367 492/492/492
f 481/481/481 359/359/359 479/479/479
f 479/479/479 362/362/362 367/367/367
f 487/487/487 488/488/488 494/494/494
f 494/494/494 488/488/488 491/491/491
f 486/486/486 485/485/485 495/495/495
f 495/495/495 485/485/485 496/496/496
f 488/488/488 492/492/492 491/491/491
f 491/491/491 492/492/492 490/490/490
f 490/490/490 492/492/492 365/365/365
f 492/492/492 367/367/367 365/365/365
f 490/490/490 365/365/365 364/364/364
f 497/497/497 367/367/367 493/493/493
f 495/495/495 497/497/497 486/486/486
f 486/486/486 497/497/497 493/493/493
f 367/367/367 498/498/498 482/482/482
f 498/498/498 499/499/499 482/482/482
f 482/482/482 499/499/499 480/480/480
f 480/480/480 499/499/499 484/484/484
f 484/484/484 499/499/499 500/500/500
f 494/494/494 491/491/491 501/501/501
f 501/501/501 491/491/491 489/489/489
f 499/499/499 495/495/495 500/500/500
f 500/500/500 495/495/495 496/496/496
f 498/498/498 497/497/497 499/499/499
f 499/499/499 497/497/497 495/495/495
f 367/367/367 497/497/497 498/498/498
f 502/502/502 485/485/485 503/503/503
f 501/501/501 504/504/504 494/494/494
f 494/494/494 504/504/504 505/505/505
f 484/484/484 506/506/506 483/483/483
f 483/483/483 506/506/506 507/507/507
f 503/503/503 485/485/485 487/487/487
f 508/508/508 509/509/509 510/510/510
f 510/510/510 509/509/509 511/511/511
f 483/483/483 507/507/507 360/360/360
f 360/360/360 507/507/507 512/512/512
f 513/513/513 514/514/514 515/515/515
f 515/515/515 514/514/514 516/516/516
f 358/358/358 360/360/360 517/517/517
f 517/517/517 360/360/360 512/512/512
f 507/507/507 513/513/513 512/512/512
f 512/512/512 513/513/513 515/515/515
f 503/503/503 487/487/487 505/505/505
f 505/505/505 487/487/487 494/494/494
f 509/509/509 516/516/516 511/511/511
f 511/511/511 516/516/516 514/514/514
f 512/512/512 515/515/515 517/517/517
f 517/517/517 515/515/515 518/518/518
f 515/515/515 516/516/516 518/518/518
f 518/518/518 516/516/516 519/519/519
f 520/520/520 136/136/136 521/521/521
f 521/521/521 136/136/136 134/134/134
f 509/509/509 519/519/519 516/516/516
f 521/521/521 508/508/508 520/520/520
f 520/520/520 508/508/508 510/510/510
f 522/522/522 496/496/496 502/502/502
f 502/502/502 496/496/496 485/485/485
f 522/522/522 506/506/506 500/500/500
f 500/500/500 506/506/506 484/484/484
f 522/522/522 500/500/500 496/496/496
f 520/520/520 523/523/523 524/524/524
f 511/511/511 514/514/514 525/525/525
f 525/525/525 514/514/514 526/526/526
f 510/510/510 511/511/511 527/527/527
f 527/527/527 511/511/511 525/525/525
f 514/514/514 513/513/513 526/526/526
f 526/526/526 513/513/513 528/528/528
f 513/513/513 507/507/507 528/528/528
f 528/528/528 507/507/507 506/506/506
f 529/529/529 530/530/530 531/531/531
f 531/531/531 530/530/530 532/532/532
f 524/524/524 523/523/523 529/529/529
f 529/529/529 523/523/523 530/530/530
f 533/533/533 523/523/523 527/527/527
f 527/527/527 523/523/523 510/510/510
f 532/532/532 530/530/530 533/533/533
f 533/533/533 530/530/530 523/523/523
f 510/510/510 523/523/523 520/520/520
f 534/534/534 535/535/535 536/536/536
f 535/535/535 537/537/537 415/415/415
f 415/415/415 537/537/537 419/419/419
f 415/415/415 414/414/414 535/535/535
f 537/537/537 535/535/535 534/534/534
f 534/534/534 521/521/521 537/537/537
f 537/537/537 521/521/521 134/134/134
f 509/509/509 508/508/508 538/538/538
f 538/538/538 508/508/508 539/539/539
f 538/538/538 519/519/519 509/509/509
f 539/539/539 508/508/508 534/534/534
f 534/534/534 508/508/508 521/521/521
f 134/134/134 133/133/133 537/537/537
f 537/537/537 133/133/133 419/419/419
f 540/540/540 541/541/541 542/542/542
f 543/543/543 544/544/544 545/545/545
f 545/545/545 544/544/544 546/546/546
f 543/543/543 545/545/545 547/547/547
f 547/547/547 545/545/545 548/548/548
f 549/549/549 540/540/540 550/550/550
f 550/550/550 540/540/540 542/542/542
f 545/545/545 471/471/471 548/548/548
f 548/548/548 471/471/471 472/472/472
f 478/478/478 546/546/546 544/544/544
f 476/476/476 551/551/551 552/552/552
f 552/552/552 551/551/551 553/553/553
f 554/554/554 555/555/555 549/549/549
f 549/549/549 555/555/555 540/540/540
f 555/555/555 554/554/554 478/478/478
f 545/545/545 546/546/546 471/471/471
f 471/471/471 546/546/546 473/473/473
f 546/546/546 478/478/478 473/473/473
f 550/550/550 556/556/556 549/549/549
f 549/549/549 556/556/556 553/553/553
f 542/542/542 541/541/541 557/557/557
f 549/549/549 553/553/553 554/554/554
f 554/554/554 553/553/553 551/551/551
f 551/551/551 475/475/475 554/554/554
f 554/554/554 475/475/475 478/478/478
f 551/551/551 476/476/476 475/475/475
f 558/558/558 555/555/555 478/478/478
f 555/555/555 558/558/558 540/540/540
f 540/540/540 558/558/558 541/541/541
f 478/478/478 544/544/544 559/559/559
f 543/543/543 560/560/560 544/544/544
f 544/544/544 560/560/560 559/559/559
f 543/543/543 547/547/547 560/560/560
f 560/560/560 547/547/547 561/561/561
f 552/552/552 553/553/553 562/562/562
f 562/562/562 553/553/553 556/556/556
f 560/560/560 561/561/561 541/541/541
f 541/541/541 561/561/561 557/557/557
f 559/559/559 560/560/560 558/558/558
f 558/558/558 560/560/560 541/541/541
f 478/478/478 559/559/559 558/558/558
f 563/563/563 564/564/564 565/565/565
f 566/566/566 519/519/519 567/567/567
f 567/567/567 519/519/519 538/538/538
f 568/568/568 569/569/569 570/570/570
f 570/570/570 569/569/569 571/571/571
f 572/572/572 573/573/573 574/574/574
f 574/574/574 573/573/573 575/575/575
f 569/569/569 576/576/576 571/571/571
f 571/571/571 576/576/576 577/577/577
f 519/519/519 566/566/566 518/518/518
f 518/518/518 566/566/566 578/578/578
f 579/579/579 580/580/580 581/581/581
f 581/581/581 580/580/580 582/582/582
f 539/539/539 534/534/534 583/583/583
f 583/583/583 534/534/534 536/536/536
f 580/580/580 573/573/573 572/572/572
f 584/584/584 564/564/564 563/563/563
f 567/567/567 538/538/538 583/583/583
f 583/583/583 538/538/538 539/539/539
f 564/564/564 577/577/577 565/565/565
f 565/565/565 577/577/577 576/576/576
f 536/536/536 585/585/585 583/583/583
f 583/583/583 585/585/585 586/586/586
f 572/572/572 586/586/586 587/587/587
f 587/587/587 586/586/586 585/585/585
f 580/580/580 572/572/572 582/582/582
f 582/582/582 572/572/572 587/587/587
f 574/574/574 588/588/588 572/572/572
f 572/572/572 588/588/588 586/586/586
f 564/564/564 584/584/584 574/574/574
f 574/574/574 584/584/584 588/588/588
f 577/577/577 564/564/564 575/575/575
f 575/575/575 564/564/564 574/574/574
f 571/571/571 577/577/577 589/589/589
f 589/589/589 577/577/577 575/575/575
f 588/588/588 567/567/567 586/586/586
f 586/586/586 567/567/567 583/583/583
f 584/584/584 566/566/566 588/588/588
f 588/588/588 566/566/566 567/567/567
f 566/566/566 584/584/584 578/578/578
f 578/578/578 584/584/584 563/563/563
f 504/504/504 568/568/568 505/505/505
f 590/590/590 550/550/550 591/591/591
f 562/562/562 556/556/556 592/592/592
f 592/592/592 556/556/556 590/590/590
f 547/547/547 548/548/548 593/593/593
f 593/593/593 548/548/548 594/594/594
f 550/550/550 542/542/542 591/591/591
f 591/591/591 542/542/542 595/595/595
f 596/596/596 597/597/597 598/598/598
f 598/598/598 597/597/597 599/599/599
f 548/548/548 472/472/472 594/594/594
f 594/594/594 472/472/472 600/600/600
f 601/601/601 286/286/286 602/602/602
f 602/602/602 286/286/286 285/285/285
f 603/603/603 604/604/604 605/605/605
f 605/605/605 604/604/604 606/606/606
f 600/600/600 472/472/472 607/607/607
f 607/607/607 472/472/472 470/470/470
f 605/605/605 606/606/606 600/600/600
f 600/600/600 606/606/606 594/594/594
f 602/602/602 285/285/285 608/608/608
f 608/608/608 285/285/285 125/125/125
f 556/556/556 550/550/550 590/590/590
f 604/604/604 603/603/603 599/599/599
f 599/599/599 603/603/603 598/598/598
f 600/600/600 607/607/607 605/605/605
f 605/605/605 607/607/607 609/609/609
f 605/605/605 609/609/609 603/603/603
f 603/603/603 609/609/609 610/610/610
f 598/598/598 611/611/611 596/596/596
f 596/596/596 611/611/611 612/612/612
f 125/125/125 126/126/126 608/608/608
f 608/608/608 126/126/126 613/613/613
f 611/611/611 598/598/598 610/610/610
f 610/610/610 598/598/598 603/603/603
f 612/612/612 602/602/602 596/596/596
f 596/596/596 602/602/602 608/608/608
f 597/597/597 596/596/596 613/613/613
f 613/613/613 596/596/596 608/608/608
f 542/542/542 557/557/557 595/595/595
f 595/595/595 557/557/557 614/614/614
f 614/614/614 561/561/561 593/593/593
f 593/593/593 561/561/561 547/547/547
f 614/614/614 557/557/557 561/561/561
f 565/565/565 615/615/615 563/563/563
f 363/363/363 616/616/616 367/367/367
f 364/364/364 366/366/366 617/617/617
f 367/367/367 617/617/617 366/366/366
f 363/363/363 361/361/361 616/616/616
f 616/616/616 361/361/361 618/618/618
f 619/619/619 489/489/489 617/617/617
f 617/617/617 489/489/489 364/364/364
f 620/620/620 615/615/615 565/565/565
f 576/576/576 569/569/569 621/621/621
f 621/621/621 569/569/569 622/622/622
f 623/623/623 624/624/624 625/625/625
f 625/625/625 624/624/624 626/626/626
f 517/517/517 518/518/518 627/627/627
f 627/627/627 518/518/518 578/578/578
f 623/623/623 625/625/625 628/628/628
f 517/517/517 627/627/627 358/358/358
f 358/358/358 627/627/627 629/629/629
f 626/626/626 624/624/624 367/367/367
f 618/618/618 361/361/361 629/629/629
f 629/629/629 361/361/361 358/358/358
f 565/565/565 576/576/576 620/620/620
f 620/620/620 576/576/576 621/621/621
f 630/630/630 631/631/631 620/620/620
f 620/620/620 631/631/631 615/615/615
f 628/628/628 630/630/630 621/621/621
f 621/621/621 630/630/630 620/620/620
f 621/621/621 622/622/622 628/628/628
f 628/628/628 622/622/622 632/632/632
f 615/615/615 627/627/627 563/563/563
f 563/563/563 627/627/627 578/578/578
f 631/631/631 629/629/629 615/615/615
f 615/615/615 629/629/629 627/627/627
f 633/633/633 618/618/618 631/631/631
f 631/631/631 618/618/618 629/629/629
f 633/633/633 634/634/634 618/618/618
f 618/618/618 634/634/634 616/616/616
f 367/367/367 616/616/616 634/634/634
f 489/489/489 619/619/619 501/501/501
f 501/501/501 619/619/619 632/632/632
f 504/504/504 501/501/501 622/622/622
f 622/622/622 501/501/501 632/632/632
f 504/504/504 622/622/622 568/568/568
f 568/568/568 622/622/622 569/569/569
f 635/635/635 630/630/630 625/625/625
f 625/625/625 630/630/630 628/628/628
f 625/625/625 626/626/626 635/635/635
f 635/635/635 626/626/626 636/636/636
f 636/636/636 626/626/626 367/367/367
f 628/628/628 632/632/632 623/623/623
f 623/623/623 632/632/632 619/619/619
f 617/617/617 624/624/624 619/619/619
f 619/619/619 624/624/624 623/623/623
f 367/367/367 624/624/624 617/617/617
f 635/635/635 633/633/633 630/630/630
f 630/630/630 633/633/633 631/631/631
f 635/635/635 636/636/636 633/633/633
f 633/633/633 636/636/636 634/634/634
f 367/367/367 634/634/634 636/636/636
f 637/637/637 638/638/638 639/639/639
f 640/640/640 641/641/641 642/642/642
f 639/639/639 638/638/638 643/643/643
f 644/644/644 527/527/527 645/645/645
f 645/645/645 527/527/527 525/525/525
f 646/646/646 503/503/503 647/647/647
f 647/647/647 503/503/503 505/505/505
f 638/638/638 502/502/502 646/646/646
f 646/646/646 502/502/502 503/503/503
f 637/637/637 522/522/522 638/638/638
f 638/638/638 522/522/522 502/502/502
f 648/648/648 649/649/649 641/641/641
f 650/650/650 648/648/648 640/640/640
f 640/640/640 648/648/648 641/641/641
f 525/525/525 526/526/526 645/645/645
f 645/645/645 526/526/526 639/639/639
f 533/533/533 527/527/527 649/649/649
f 649/649/649 527/527/527 644/644/644
f 532/532/532 533/533/533 648/648/648
f 648/648/648 533/533/533 649/649/649
f 531/531/531 532/532/532 650/650/650
f 650/650/650 532/532/532 648/648/648
f 528/528/528 506/506/506 637/637/637
f 637/637/637 506/506/506 522/522/522
f 528/528/528 637/637/637 526/526/526
f 526/526/526 637/637/637 639/639/639
f 180/180/180 651/651/651 177/177/177
f 652/652/652 287/287/287 286/286/286
f 287/287/287 653/653/653 223/223/223
f 223/223/223 653/653/653 654/654/654
f 287/287/287 652/652/652 653/653/653
f 653/653/653 652/652/652 655/655/655
f 601/601/601 656/656/656 286/286/286
f 286/286/286 656/656/656 652/652/652
f 657/657/657 658/658/658 659/659/659
f 659/659/659 658/658/658 660/660/660
f 661/661/661 662/662/662 174/174/174
f 174/174/174 662/662/662 171/171/171
f 661/661/661 663/663/663 662/662/662
f 662/662/662 663/663/663 664/664/664
f 174/174/174 220/220/220 661/661/661
f 661/661/661 220/220/220 654/654/654
f 198/198/198 657/657/657 187/187/187
f 187/187/187 657/657/657 185/185/185
f 663/663/663 661/661/661 653/653/653
f 653/653/653 661/661/661 654/654/654
f 665/665/665 666/666/666 667/667/667
f 667/667/667 666/666/666 668/668/668
f 669/669/669 659/659/659 670/670/670
f 670/670/670 659/659/659 660/660/660
f 671/671/671 672/672/672 673/673/673
f 673/673/673 672/672/672 674/674/674
f 669/669/669 675/675/675 659/659/659
f 657/657/657 659/659/659 185/185/185
f 185/185/185 659/659/659 675/675/675
f 656/656/656 601/601/601 671/671/671
f 671/671/671 601/601/601 672/672/672
f 670/670/670 676/676/676 669/669/669
f 669/669/669 676/676/676 677/677/677
f 667/667/667 671/671/671 665/665/665
f 665/665/665 671/671/671 673/673/673
f 658/658/658 657/657/657 199/199/199
f 199/199/199 657/657/657 198/198/198
f 678/678/678 658/658/658 200/200/200
f 200/200/200 658/658/658 199/199/199
f 201/201/201 678/678/678 200/200/200
f 660/660/660 658/658/658 679/679/679
f 679/679/679 658/658/658 678/678/678
f 665/665/665 673/673/673 670/670/670
f 670/670/670 673/673/673 676/676/676
f 666/666/666 665/665/665 660/660/660
f 660/660/660 665/665/665 670/670/670
f 655/655/655 663/663/663 653/653/653
f 680/680/680 664/664/664 655/655/655
f 655/655/655 664/664/664 663/663/663
f 656/656/656 680/680/680 652/652/652
f 652/652/652 680/680/680 655/655/655
f 202/202/202 150/150/150 679/679/679
f 679/679/679 150/150/150 681/681/681
f 679/679/679 678/678/678 202/202/202
f 202/202/202 678/678/678 201/201/201
f 664/664/664 668/668/668 662/662/662
f 662/662/662 668/668/668 682/682/682
f 662/662/662 682/682/682 171/171/171
f 171/171/171 682/682/682 152/152/152
f 682/682/682 681/681/681 152/152/152
f 152/152/152 681/681/681 150/150/150
f 668/668/668 666/666/666 682/682/682
f 682/682/682 666/666/666 681/681/681
f 666/666/666 660/660/660 681/681/681
f 681/681/681 660/660/660 679/679/679
f 664/664/664 680/680/680 668/668/668
f 668/668/668 680/680/680 667/667/667
f 671/671/671 667/667/667 656/656/656
f 656/656/656 667/667/667 680/680/680
f 676/676/676 683/683/683 677/677/677
f 677/677/677 683/683/683 684/684/684
f 683/683/683 676/676/676 674/674/674
f 674/674/674 676/676/676 673/673/673
f 220/220/220 223/223/223 654/654/654
f 535/535/535 414/414/414 685/685/685
f 686/686/686 687/687/687 257/257/257
f 257/257/257 687/687/687 414/414/414
f 688/688/688 685/685/685 687/687/687
f 687/687/687 685/685/685 414/414/414
f 536/536/536 535/535/535 689/689/689
f 689/689/689 535/535/535 685/685/685
f 690/690/690 691/691/691 692/692/692
f 692/692/692 691/691/691 693/693/693
f 177/177/177 651/651/651 694/694/694
f 694/694/694 651/651/651 695/695/695
f 695/695/695 651/651/651 696/696/696
f 177/177/177 694/694/694 254/254/254
f 254/254/254 694/694/694 686/686/686
f 213/213/213 205/205/205 690/690/690
f 690/690/690 205/205/205 207/207/207
f 695/695/695 687/687/687 694/694/694
f 694/694/694 687/687/687 686/686/686
f 697/697/697 698/698/698 699/699/699
f 699/699/699 698/698/698 700/700/700
f 701/701/701 702/702/702 691/691/691
f 691/691/691 702/702/702 693/693/693
f 703/703/703 704/704/704 585/585/585
f 585/585/585 704/704/704 587/587/587
f 691/691/691 705/705/705 701/701/701
f 705/705/705 691/691/691 207/207/207
f 207/207/207 691/691/691 690/690/690
f 689/689/689 703/703/703 536/536/536
f 536/536/536 703/703/703 585/585/585
f 706/706/706 707/707/707 701/701/701
f 701/701/701 707/707/707 702/702/702
f 698/698/698 697/697/697 703/703/703
f 703/703/703 697/697/697 704/704/704
f 692/692/692 214/214/214 690/690/690
f 690/690/690 214/214/214 213/213/213
f 708/708/708 215/215/215 692/692/692
f 692/692/692 215/215/215 214/214/214
f 216/216/216 215/215/215 708/708/708
f 693/693/693 709/709/709 692/692/692
f 692/692/692 709/709/709 708/708/708
f 707/707/707 704/704/704 702/702/702
f 702/702/702 704/704/704 697/697/697
f 702/702/702 697/697/697 693/693/693
f 693/693/693 697/697/697 699/699/699
f 688/688/688 687/687/687 695/695/695
f 710/710/710 688/688/688 696/696/696
f 696/696/696 688/688/688 695/695/695
f 688/688/688 710/710/710 685/685/685
f 685/685/685 710/710/710 689/689/689
f 217/217/217 709/709/709 164/164/164
f 164/164/164 709/709/709 711/711/711
f 216/216/216 708/708/708 217/217/217
f 217/217/217 708/708/708 709/709/709
f 712/712/712 700/700/700 651/651/651
f 651/651/651 700/700/700 696/696/696
f 163/163/163 712/712/712 180/180/180
f 180/180/180 712/712/712 651/651/651
f 712/712/712 163/163/163 711/711/711
f 711/711/711 163/163/163 164/164/164
f 700/700/700 712/712/712 699/699/699
f 699/699/699 712/712/712 711/711/711
f 709/709/709 693/693/693 711/711/711
f 711/711/711 693/693/693 699/699/699
f 698/698/698 710/710/710 700/700/700
f 700/700/700 710/710/710 696/696/696
f 703/703/703 689/689/689 698/698/698
f 698/698/698 689/689/689 710/710/710
f 707/707/707 706/706/706 582/582/582
f 582/582/582 706/706/706 581/581/581
f 704/704/704 707/707/707 587/587/587
f 587/587/587 707/707/707 582/582/582
f 257/257/257 254/254/254 686/686/686
f 713/713/713 714/714/714 715/715/715
f 642/642/642 641/641/641 716/716/716
f 717/717/717 643/643/643 715/715/715
f 715/715/715 643/643/643 718/718/718
f 715/715/715 718/718/718 713/713/713
f 713/713/713 718/718/718 719/719/719
f 720/720/720 721/721/721 644/644/644
f 644/644/644 721/721/721 649/649/649
f 722/722/722 723/723/723 724/724/724
f 715/715/715 714/714/714 725/725/725
f 646/646/646 718/718/718 638/638/638
f 638/638/638 718/718/718 643/643/643
f 726/726/726 713/713/713 727/727/727
f 727/727/727 713/713/713 719/719/719
f 714/714/714 713/713/713 728/728/728
f 728/728/728 713/713/713 726/726/726
f 715/715/715 725/725/725 717/717/717
f 717/717/717 725/725/725 720/720/720
f 729/729/729 721/721/721 725/725/725
f 725/725/725 721/721/721 720/720/720
f 716/716/716 729/729/729 723/723/723
f 716/716/716 641/641/641 729/729/729
f 729/729/729 641/641/641 721/721/721
f 717/717/717 720/720/720 645/645/645
f 645/645/645 720/720/720 644/644/644
f 642/642/642 716/716/716 722/722/722
f 722/722/722 716/716/716 723/723/723
f 643/643/643 717/717/717 639/639/639
f 639/639/639 717/717/717 645/645/645
f 647/647/647 719/719/719 646/646/646
f 646/646/646 719/719/719 718/718/718
f 641/641/641 649/649/649 721/721/721
f 730/730/730 731/731/731 732/732/732
f 733/733/733 734/734/734 735/735/735
f 736/736/736 737/737/737 738/738/738
f 735/735/735 739/739/739 733/733/733
f 733/733/733 739/739/739 737/737/737
f 740/740/740 738/738/738 737/737/737
f 741/741/741 740/740/740 739/739/739
f 739/739/739 740/740/740 737/737/737
f 736/736/736 738/738/738 742/742/742
f 742/742/742 738/738/738 743/743/743
f 738/738/738 744/744/744 743/743/743
f 735/735/735 734/734/734 732/732/732
f 727/727/727 719/719/719 730/730/730
f 730/730/730 719/719/719 745/745/745
f 746/746/746 731/731/731 745/745/745
f 745/745/745 731/731/731 730/730/730
f 747/747/747 647/647/647 505/505/505
f 735/735/735 732/732/732 739/739/739
f 739/739/739 732/732/732 731/731/731
f 570/570/570 571/571/571 748/748/748
f 748/748/748 571/571/571 589/589/589
f 749/749/749 570/570/570 750/750/750
f 750/750/750 570/570/570 748/748/748
f 731/731/731 746/746/746 751/751/751
f 741/741/741 739/739/739 751/751/751
f 751/751/751 739/739/739 731/731/731
f 747/747/747 568/568/568 749/749/749
f 749/749/749 568/568/568 570/570/570
f 747/747/747 745/745/745 647/647/647
f 647/647/647 745/745/745 719/719/719
f 745/745/745 747/747/747 746/746/746
f 746/746/746 747/747/747 749/749/749
f 749/749/749 750/750/750 746/746/746
f 505/505/505 568/568/568 747/747/747
f 677/677/677 684/684/684 752/752/752
f 753/753/753 754/754/754 675/675/675
f 755/755/755 754/754/754 756/756/756
f 185/185/185 675/675/675 755/755/755
f 755/755/755 675/675/675 754/754/754
f 753/753/753 675/675/675 669/669/669
f 752/752/752 753/753/753 677/677/677
f 677/677/677 753/753/753 669/669/669
f 755/755/755 186/186/186 185/185/185
f 757/757/757 758/758/758 759/759/759
f 760/760/760 761/761/761 762/762/762
f 762/762/762 761/761/761 763/763/763
f 764/764/764 761/761/761 765/765/765
f 765/765/765 761/761/761 760/760/760
f 766/766/766 767/767/767 768/768/768
f 768/768/768 767/767/767 763/763/763
f 757/757/757 769/769/769 766/766/766
f 766/766/766 769/769/769 767/767/767
f 767/767/767 770/770/770 763/763/763
f 763/763/763 770/770/770 762/762/762
f 769/769/769 771/771/771 767/767/767
f 767/767/767 771/771/771 770/770/770
f 768/768/768 763/763/763 764/764/764
f 764/764/764 763/763/763 761/761/761
f 772/772/772 773/773/773 769/769/769
f 769/769/769 773/773/773 771/771/771
f 774/774/774 758/758/758 766/766/766
f 766/766/766 758/758/758 757/757/757
f 773/773/773 772/772/772 775/775/775
f 775/775/775 772/772/772 776/776/776
f 750/750/750 748/748/748 777/777/777
f 777/777/777 748/748/748 778/778/778
f 779/779/779 780/780/780 781/781/781
f 781/781/781 780/780/780 759/759/759
f 758/758/758 774/774/774 782/782/782
f 783/783/783 782/782/782 784/784/784
f 784/784/784 782/782/782 774/774/774
f 785/785/785 783/783/783 786/786/786
f 786/786/786 783/783/783 784/784/784
f 786/786/786 784/784/784 764/764/764
f 764/764/764 784/784/784 768/768/768
f 759/759/759 758/758/758 781/781/781
f 777/777/777 778/778/778 779/779/779
f 779/779/779 778/778/778 780/780/780
f 781/781/781 758/758/758 787/787/787
f 787/787/787 758/758/758 782/782/782
f 788/788/788 779/779/779 787/787/787
f 787/787/787 779/779/779 781/781/781
f 759/759/759 772/772/772 757/757/757
f 757/757/757 772/772/772 769/769/769
f 573/573/573 789/789/789 575/575/575
f 575/575/575 789/789/789 589/589/589
f 748/748/748 589/589/589 778/778/778
f 778/778/778 589/589/589 789/789/789
f 780/780/780 776/776/776 759/759/759
f 759/759/759 776/776/776 772/772/772
f 773/773/773 775/775/775 579/579/579
f 579/579/579 775/775/775 580/580/580
f 775/775/775 573/573/573 580/580/580
f 775/775/775 776/776/776 573/573/573
f 573/573/573 776/776/776 789/789/789
f 778/778/778 789/789/789 780/780/780
f 780/780/780 789/789/789 776/776/776
f 774/774/774 766/766/766 784/784/784
f 784/784/784 766/766/766 768/768/768
f 764/764/764 765/765/765 786/786/786
f 786/786/786 765/765/765 790/790/790
f 791/791/791 785/785/785 790/790/790
f 790/790/790 785/785/785 786/786/786
f 751/751/751 746/746/746 792/792/792
f 746/746/746 750/750/750 792/792/792
f 792/792/792 750/750/750 777/777/777
f 792/792/792 777/777/777 788/788/788
f 788/788/788 777/777/777 779/779/779
f 743/743/743 744/744/744 793/793/793
f 794/794/794 795/795/795 610/610/610
f 610/610/610 795/795/795 611/611/611
f 796/796/796 797/797/797 793/793/793
f 793/793/793 797/797/797 798/798/798
f 799/799/799 800/800/800 801/801/801
f 801/801/801 800/800/800 802/802/802
f 803/803/803 804/804/804 796/796/796
f 796/796/796 804/804/804 797/797/797
f 805/805/805 794/794/794 609/609/609
f 609/609/609 794/794/794 610/610/610
f 806/806/806 684/684/684 807/807/807
f 807/807/807 684/684/684 683/683/683
f 601/601/601 602/602/602 808/808/808
f 808/808/808 602/602/602 612/612/612
f 801/801/801 807/807/807 799/799/799
f 809/809/809 810/810/810 811/811/811
f 811/811/811 810/810/810 812/812/812
f 612/612/612 611/611/611 808/808/808
f 808/808/808 611/611/611 795/795/795
f 811/811/811 812/812/812 803/803/803
f 803/803/803 812/812/812 804/804/804
f 813/813/813 672/672/672 808/808/808
f 808/808/808 672/672/672 601/601/601
f 799/799/799 674/674/674 813/813/813
f 813/813/813 674/674/674 672/672/672
f 674/674/674 799/799/799 683/683/683
f 683/683/683 799/799/799 807/807/807
f 800/800/800 799/799/799 814/814/814
f 814/814/814 799/799/799 813/813/813
f 811/811/811 800/800/800 809/809/809
f 809/809/809 800/800/800 814/814/814
f 800/800/800 811/811/811 802/802/802
f 802/802/802 811/811/811 803/803/803
f 802/802/802 803/803/803 815/815/815
f 815/815/815 803/803/803 796/796/796
f 815/815/815 796/796/796 816/816/816
f 816/816/816 796/796/796 793/793/793
f 793/793/793 744/744/744 816/816/816
f 814/814/814 813/813/813 795/795/795
f 795/795/795 813/813/813 808/808/808
f 809/809/809 814/814/814 794/794/794
f 794/794/794 814/814/814 795/795/795
f 794/794/794 805/805/805 809/809/809
f 809/809/809 805/805/805 810/810/810
f 742/742/742 743/743/743 798/798/798
f 798/798/798 743/743/743 793/793/793
f 592/592/592 590/590/590 798/798/798
f 798/798/798 590/590/590 742/742/742
f 752/752/752 817/817/817 818/818/818
f 819/819/819 820/820/820 821/821/821
f 821/821/821 820/820/820 822/822/822
f 823/823/823 824/824/824 825/825/825
f 825/825/825 824/824/824 826/826/826
f 821/821/821 827/827/827 819/819/819
f 819/819/819 827/827/827 828/828/828
f 752/752/752 684/684/684 817/817/817
f 817/817/817 829/829/829 830/830/830
f 830/830/830 829/829/829 831/831/831
f 818/818/818 817/817/817 830/830/830
f 829/829/829 817/817/817 806/806/806
f 806/806/806 817/817/817 684/684/684
f 832/832/832 833/833/833 834/834/834
f 834/834/834 833/833/833 835/835/835
f 836/836/836 832/832/832 837/837/837
f 837/837/837 832/832/832 834/834/834
f 831/831/831 833/833/833 830/830/830
f 830/830/830 833/833/833 832/832/832
f 830/830/830 832/832/832 818/818/818
f 818/818/818 832/832/832 836/836/836
f 821/821/821 838/838/838 827/827/827
f 827/827/827 838/838/838 839/839/839
f 840/840/840 838/838/838 822/822/822
f 822/822/822 838/838/838 821/821/821
f 819/819/819 828/828/828 834/834/834
f 834/834/834 828/828/828 837/837/837
f 834/834/834 835/835/835 819/819/819
f 819/819/819 835/835/835 820/820/820
f 838/838/838 826/826/826 839/839/839
f 839/839/839 826/826/826 824/824/824
f 838/838/838 840/840/840 826/826/826
f 826/826/826 840/840/840 841/841/841
f 825/825/825 826/826/826 842/842/842
f 842/842/842 826/826/826 841/841/841
f 843/843/843 844/844/844 845/845/845
f 845/845/845 844/844/844 250/250/250
f 846/846/846 847/847/847 843/843/843
f 843/843/843 847/847/847 844/844/844
f 244/244/244 240/240/240 847/847/847
f 847/847/847 240/240/240 844/844/844
f 844/844/844 240/240/240 250/250/250
f 848/848/848 849/849/849 846/846/846
f 850/850/850 851/851/851 852/852/852
f 852/852/852 851/851/851 853/853/853
f 854/854/854 855/855/855 856/856/856
f 857/857/857 858/858/858 859/859/859
f 859/859/859 858/858/858 860/860/860
f 859/859/859 822/822/822 857/857/857
f 857/857/857 822/822/822 820/820/820
f 833/833/833 861/861/861 835/835/835
f 835/835/835 861/861/861 862/862/862
f 858/858/858 850/850/850 860/860/860
f 860/860/860 850/850/850 852/852/852
f 863/863/863 864/864/864 854/854/854
f 854/854/854 864/864/864 855/855/855
f 859/859/859 865/865/865 822/822/822
f 822/822/822 865/865/865 840/840/840
f 865/865/865 859/859/859 866/866/866
f 866/866/866 859/859/859 860/860/860
f 867/867/867 866/866/866 852/852/852
f 852/852/852 866/866/866 860/860/860
f 867/867/867 852/852/852 868/868/868
f 868/868/868 852/852/852 853/853/853
f 857/857/857 820/820/820 862/862/862
f 862/862/862 820/820/820 835/835/835
f 858/858/858 857/857/857 869/869/869
f 869/869/869 857/857/857 862/862/862
f 850/850/850 858/858/858 870/870/870
f 870/870/870 858/858/858 869/869/869
f 851/851/851 850/850/850 871/871/871
f 871/871/871 850/850/850 870/870/870
f 854/854/854 866/866/866 863/863/863
f 863/863/863 866/866/866 867/867/867
f 856/856/856 865/865/865 854/854/854
f 854/854/854 865/865/865 866/866/866
f 863/863/863 867/867/867 872/872/872
f 872/872/872 867/867/867 868/868/868
f 872/872/872 864/864/864 863/863/863
f 856/856/856 841/841/841 865/865/865
f 865/865/865 841/841/841 840/840/840
f 841/841/841 856/856/856 842/842/842
f 842/842/842 856/856/856 855/855/855
f 873/873/873 874/874/874 848/848/848
f 848/848/848 874/874/874 849/849/849
f 846/846/846 849/849/849 847/847/847
f 849/849/849 874/874/874 244/244/244
f 849/849/849 244/244/244 847/847/847
f 853/853/853 851/851/851 875/875/875
f 875/875/875 851/851/851 876/876/876
f 853/853/853 875/875/875 868/868/868
f 868/868/868 875/875/875 877/877/877
f 851/851/851 871/871/871 876/876/876
f 876/876/876 871/871/871 878/878/878
f 868/868/868 877/877/877 872/872/872
f 872/872/872 877/877/877 879/879/879
f 872/872/872 879/879/879 864/864/864
f 880/880/880 881/881/881 882/882/882
f 883/883/883 884/884/884 885/885/885
f 885/885/885 884/884/884 886/886/886
f 886/886/886 887/887/887 885/885/885
f 885/885/885 887/887/887 888/888/888
f 883/883/883 828/828/828 884/884/884
f 884/884/884 828/828/828 827/827/827
f 889/889/889 890/890/890 891/891/891
f 891/891/891 890/890/890 892/892/892
f 893/893/893 754/754/754 753/753/753
f 756/756/756 754/754/754 894/894/894
f 756/756/756 895/895/895 755/755/755
f 755/755/755 895/895/895 186/186/186
f 186/186/186 895/895/895 189/189/189
f 753/753/753 752/752/752 893/893/893
f 893/893/893 752/752/752 818/818/818
f 894/894/894 896/896/896 837/837/837
f 837/837/837 896/896/896 836/836/836
f 754/754/754 893/893/893 894/894/894
f 894/894/894 893/893/893 896/896/896
f 836/836/836 896/896/896 818/818/818
f 818/818/818 896/896/896 893/893/893
f 897/897/897 898/898/898 892/892/892
f 892/892/892 898/898/898 899/899/899
f 900/900/900 901/901/901 886/886/886
f 886/886/886 901/901/901 887/887/887
f 900/900/900 886/886/886 881/881/881
f 881/881/881 886/886/886 884/884/884
f 881/881/881 884/884/884 839/839/839
f 839/839/839 884/884/884 827/827/827
f 895/895/895 756/756/756 888/888/888
f 888/888/888 756/756/756 885/885/885
f 894/894/894 883/883/883 756/756/756
f 756/756/756 883/883/883 885/885/885
f 828/828/828 883/883/883 837/837/837
f 837/837/837 883/883/883 894/894/894
f 891/891/891 881/881/881 880/880/880
f 891/891/891 892/892/892 881/881/881
f 881/881/881 892/892/892 900/900/900
f 892/892/892 899/899/899 900/900/900
f 900/900/900 899/899/899 901/901/901
f 880/880/880 823/823/823 891/891/891
f 891/891/891 823/823/823 889/889/889
f 902/902/902 903/903/903 228/228/228
f 903/903/903 251/251/251 228/228/228
f 904/904/904 902/902/902 157/157/157
f 902/902/902 228/228/228 157/157/157
f 158/158/158 904/904/904 157/157/157
f 845/845/845 250/250/250 905/905/905
f 251/251/251 905/905/905 250/250/250
f 906/906/906 907/907/907 869/869/869
f 908/908/908 909/909/909 910/910/910
f 909/909/909 908/908/908 911/911/911
f 911/911/911 908/908/908 912/912/912
f 907/907/907 909/909/909 870/870/870
f 870/870/870 909/909/909 911/911/911
f 870/870/870 911/911/911 871/871/871
f 871/871/871 911/911/911 912/912/912
f 869/869/869 907/907/907 870/870/870
f 861/861/861 906/906/906 862/862/862
f 862/862/862 906/906/906 869/869/869
f 913/913/913 740/740/740 741/741/741
f 914/914/914 915/915/915 916/916/916
f 916/916/916 915/915/915 917/917/917
f 918/918/918 916/916/916 919/919/919
f 919/919/919 916/916/916 917/917/917
f 910/910/910 920/920/920 921/921/921
f 921/921/921 920/920/920 922/922/922
f 921/921/921 923/923/923 910/910/910
f 910/910/910 923/923/923 908/908/908
f 912/912/912 908/908/908 924/924/924
f 924/924/924 908/908/908 923/923/923
f 915/915/915 914/914/914 925/925/925
f 925/925/925 914/914/914 926/926/926
f 927/927/927 928/928/928 926/926/926
f 926/926/926 928/928/928 925/925/925
f 929/929/929 930/930/930 931/931/931
f 931/931/931 930/930/930 932/932/932
f 783/783/783 785/785/785 929/929/929
f 929/929/929 785/785/785 930/930/930
f 933/933/933 929/929/929 931/931/931
f 913/913/913 934/934/934 935/935/935
f 935/935/935 934/934/934 936/936/936
f 937/937/937 938/938/938 939/939/939
f 916/916/916 940/940/940 914/914/914
f 914/914/914 940/940/940 941/941/941
f 942/942/942 941/941/941 943/943/943
f 943/943/943 941/941/941 940/940/940
f 787/787/787 782/782/782 936/936/936
f 936/936/936 782/782/782 933/933/933
f 929/929/929 933/933/933 783/783/783
f 783/783/783 933/933/933 782/782/782
f 944/944/944 791/791/791 938/938/938
f 938/938/938 791/791/791 928/928/928
f 939/939/939 938/938/938 927/927/927
f 927/927/927 938/938/938 928/928/928
f 942/942/942 943/943/943 945/945/945
f 945/945/945 943/943/943 939/939/939
f 946/946/946 944/944/944 937/937/937
f 937/937/937 944/944/944 938/938/938
f 937/937/937 947/947/947 946/946/946
f 946/946/946 947/947/947 948/948/948
f 947/947/947 937/937/937 949/949/949
f 949/949/949 937/937/937 950/950/950
f 924/924/924 923/923/923 878/878/878
f 878/878/878 923/923/923 951/951/951
f 952/952/952 951/951/951 921/921/921
f 921/921/921 951/951/951 923/923/923
f 878/878/878 871/871/871 924/924/924
f 924/924/924 871/871/871 912/912/912
f 949/949/949 950/950/950 920/920/920
f 920/920/920 950/950/950 922/922/922
f 953/953/953 940/940/940 918/918/918
f 918/918/918 940/940/940 916/916/916
f 953/953/953 952/952/952 940/940/940
f 940/940/940 952/952/952 943/943/943
f 928/928/928 791/791/791 925/925/925
f 925/925/925 791/791/791 790/790/790
f 765/765/765 915/915/915 790/790/790
f 790/790/790 915/915/915 925/925/925
f 917/917/917 915/915/915 760/760/760
f 760/760/760 915/915/915 765/765/765
f 919/919/919 917/917/917 762/762/762
f 762/762/762 917/917/917 760/760/760
f 942/942/942 926/926/926 941/941/941
f 941/941/941 926/926/926 914/914/914
f 927/927/927 926/926/926 945/945/945
f 945/945/945 926/926/926 942/942/942
f 934/934/934 788/788/788 936/936/936
f 936/936/936 788/788/788 787/787/787
f 945/945/945 939/939/939 927/927/927
f 950/950/950 939/939/939 922/922/922
f 922/922/922 939/939/939 943/943/943
f 943/943/943 952/952/952 922/922/922
f 922/922/922 952/952/952 921/921/921
f 944/944/944 930/930/930 791/791/791
f 791/791/791 930/930/930 785/785/785
f 930/930/930 944/944/944 932/932/932
f 932/932/932 944/944/944 946/946/946
f 932/932/932 946/946/946 954/954/954
f 954/954/954 946/946/946 948/948/948
f 741/741/741 751/751/751 913/913/913
f 913/913/913 751/751/751 934/934/934
f 788/788/788 934/934/934 792/792/792
f 792/792/792 934/934/934 751/751/751
f 937/937/937 939/939/939 950/950/950
f 907/907/907 906/906/906 955/955/955
f 956/956/956 957/957/957 958/958/958
f 958/958/958 957/957/957 959/959/959
f 959/959/959 957/957/957 960/960/960
f 960/960/960 957/957/957 961/961/961
f 910/910/910 962/962/962 920/920/920
f 920/920/920 962/962/962 963/963/963
f 964/964/964 965/965/965 966/966/966
f 966/966/966 965/965/965 967/967/967
f 964/964/964 966/966/966 968/968/968
f 968/968/968 966/966/966 969/969/969
f 967/967/967 970/970/970 971/971/971
f 971/971/971 970/970/970 972/972/972
f 970/970/970 973/973/973 972/972/972
f 972/972/972 973/973/973 974/974/974
f 970/970/970 967/967/967 975/975/975
f 975/975/975 967/967/967 965/965/965
f 973/973/973 970/970/970 976/976/976
f 976/976/976 970/970/970 975/975/975
f 971/971/971 969/969/969 967/967/967
f 967/967/967 969/969/969 966/966/966
f 910/910/910 909/909/909 962/962/962
f 976/976/976 977/977/977 973/973/973
f 973/973/973 977/977/977 978/978/978
f 974/974/974 979/979/979 972/972/972
f 972/972/972 979/979/979 980/980/980
f 958/958/958 981/981/981 956/956/956
f 956/956/956 981/981/981 982/982/982
f 977/977/977 983/983/983 978/978/978
f 978/978/978 983/983/983 984/984/984
f 829/829/829 976/976/976 831/831/831
f 831/831/831 976/976/976 975/975/975
f 744/744/744 985/985/985 816/816/816
f 816/816/816 985/985/985 986/986/986
f 987/987/987 988/988/988 989/989/989
f 989/989/989 988/988/988 990/990/990
f 979/979/979 991/991/991 980/980/980
f 992/992/992 993/993/993 994/994/994
f 994/994/994 993/993/993 995/995/995
f 954/954/954 996/996/996 992/992/992
f 992/992/992 996/996/996 993/993/993
f 980/980/980 991/991/991 997/997/997
f 997/997/997 991/991/991 998/998/998
f 981/981/981 999/999/999 982/982/982
f 982/982/982 999/999/999 1000/1000/1000
f 997/997/997 998/998/998 1001/1001/1001
f 1001/1001/1001 998/998/998 1002/1002/1002
f 1003/1003/1003 993/993/993 1004/1004/1004
f 1004/1004/1004 993/993/993 996/996/996
f 1001/1001/1001 969/969/969 997/997/997
f 997/997/997 969/969/969 971/971/971
f 1004/1004/1004 1002/1002/1002 1003/1003/1003
f 1003/1003/1003 1002/1002/1002 998/998/998
f 995/995/995 993/993/993 1003/1003/1003
f 974/974/974 990/990/990 979/979/979
f 979/979/979 990/990/990 988/988/988
f 995/995/995 1005/1005/1005 994/994/994
f 994/994/994 1005/1005/1005 935/935/935
f 985/985/985 987/987/987 986/986/986
f 986/986/986 987/987/987 989/989/989
f 1005/1005/1005 1006/1006/1006 935/935/935
f 935/935/935 1006/1006/1006 913/913/913
f 1007/1007/1007 1008/1008/1008 1009/1009/1009
f 957/957/957 956/956/956 1010/1010/1010
f 1010/1010/1010 956/956/956 1011/1011/1011
f 1010/1010/1010 1011/1011/1011 1012/1012/1012
f 1012/1012/1012 1011/1011/1011 1013/1013/1013
f 995/995/995 991/991/991 1005/1005/1005
f 1005/1005/1005 991/991/991 1014/1014/1014
f 1003/1003/1003 998/998/998 995/995/995
f 995/995/995 998/998/998 991/991/991
f 999/999/999 1015/1015/1015 1009/1009/1009
f 1009/1009/1009 1015/1015/1015 1016/1016/1016
f 1008/1008/1008 1000/1000/1000 1009/1009/1009
f 1009/1009/1009 1000/1000/1000 999/999/999
f 988/988/988 1014/1014/1014 979/979/979
f 979/979/979 1014/1014/1014 991/991/991
f 1017/1017/1017 1014/1014/1014 987/987/987
f 987/987/987 1014/1014/1014 988/988/988
f 973/973/973 978/978/978 974/974/974
f 974/974/974 978/978/978 990/990/990
f 1013/1013/1013 1018/1018/1018 1012/1012/1012
f 1012/1012/1012 1018/1018/1018 1008/1008/1008
f 1009/1009/1009 1016/1016/1016 1007/1007/1007
f 1007/1007/1007 1016/1016/1016 1019/1019/1019
f 1007/1007/1007 1019/1019/1019 947/947/947
f 947/947/947 1019/1019/1019 948/948/948
f 947/947/947 949/949/949 1007/1007/1007
f 1007/1007/1007 949/949/949 1020/1020/1020
f 801/801/801 802/802/802 1021/1021/1021
f 1021/1021/1021 802/802/802 815/815/815
f 909/909/909 907/907/907 962/962/962
f 962/962/962 907/907/907 955/955/955
f 1021/1021/1021 815/815/815 986/986/986
f 986/986/986 815/815/815 816/816/816
f 978/978/978 984/984/984 990/990/990
f 990/990/990 984/984/984 989/989/989
f 807/807/807 983/983/983 806/806/806
f 806/806/806 983/983/983 977/977/977
f 976/976/976 829/829/829 977/977/977
f 977/977/977 829/829/829 806/806/806
f 983/983/983 807/807/807 801/801/801
f 975/975/975 1022/1022/1022 831/831/831
f 983/983/983 801/801/801 984/984/984
f 984/984/984 801/801/801 1021/1021/1021
f 984/984/984 1021/1021/1021 989/989/989
f 989/989/989 1021/1021/1021 986/986/986
f 971/971/971 972/972/972 997/997/997
f 997/997/997 972/972/972 980/980/980
f 963/963/963 1020/1020/1020 920/920/920
f 920/920/920 1020/1020/1020 949/949/949
f 906/906/906 1023/1023/1023 1024/1024/1024
f 1024/1024/1024 1023/1023/1023 961/961/961
f 957/957/957 1010/1010/1010 961/961/961
f 961/961/961 1010/1010/1010 1024/1024/1024
f 906/906/906 861/861/861 1023/1023/1023
f 1023/1023/1023 861/861/861 1022/1022/1022
f 861/861/861 833/833/833 1022/1022/1022
f 1022/1022/1022 833/833/833 831/831/831
f 1024/1024/1024 1010/1010/1010 955/955/955
f 955/955/955 1010/1010/1010 1012/1012/1012
f 955/955/955 906/906/906 1024/1024/1024
f 999/999/999 981/981/981 1015/1015/1015
f 1015/1015/1015 981/981/981 1025/1025/1025
f 968/968/968 1025/1025/1025 958/958/958
f 958/958/958 1025/1025/1025 981/981/981
f 968/968/968 958/958/958 964/964/964
f 964/964/964 958/958/958 959/959/959
f 960/960/960 965/965/965 959/959/959
f 959/959/959 965/965/965 964/964/964
f 975/975/975 965/965/965 1022/1022/1022
f 1022/1022/1022 965/965/965 960/960/960
f 1022/1022/1022 960/960/960 1023/1023/1023
f 1023/1023/1023 960/960/960 961/961/961
f 969/969/969 1001/1001/1001 968/968/968
f 968/968/968 1001/1001/1001 1025/1025/1025
f 1001/1001/1001 1002/1002/1002 1025/1025/1025
f 1025/1025/1025 1002/1002/1002 1015/1015/1015
f 1013/1013/1013 1011/1011/1011 982/982/982
f 982/982/982 1011/1011/1011 956/956/956
f 1013/1013/1013 982/982/982 1018/1018/1018
f 1018/1018/1018 982/982/982 1000/1000/1000
f 1014/1014/1014 1017/1017/1017 1005/1005/1005
f 1005/1005/1005 1017/1017/1017 1006/1006/1006
f 1018/1018/1018 1000/1000/1000 1008/1008/1008
f 1026/1026/1026 738/738/738 740/740/740
f 1026/1026/1026 744/744/744 738/738/738
f 1026/1026/1026 985/985/985 744/744/744
f 1026/1026/1026 1017/1017/1017 985/985/985
f 985/985/985 1017/1017/1017 987/987/987
f 1012/1012/1012 1008/1008/1008 963/963/963
f 963/963/963 1008/1008/1008 1020/1020/1020
f 1012/1012/1012 963/963/963 955/955/955
f 955/955/955 963/963/963 962/962/962
f 1016/1016/1016 1015/1015/1015 1004/1004/1004
f 1004/1004/1004 1015/1015/1015 1002/1002/1002
f 1004/1004/1004 996/996/996 1016/1016/1016
f 1016/1016/1016 996/996/996 1019/1019/1019
f 996/996/996 954/954/954 1019/1019/1019
f 1019/1019/1019 954/954/954 948/948/948
f 1006/1006/1006 740/740/740 913/913/913
f 1017/1017/1017 1026/1026/1026 1006/1006/1006
f 1006/1006/1006 1026/1026/1026 740/740/740
f 1007/1007/1007 1020/1020/1020 1008/1008/1008
f 992/992/992 994/994/994 931/931/931
f 931/931/931 994/994/994 933/933/933
f 931/931/931 932/932/932 992/992/992
f 992/992/992 932/932/932 954/954/954
f 935/935/935 936/936/936 994/994/994
f 994/994/994 936/936/936 933/933/933
f 1027/1027/1027 1028/1028/1028 919/919/919
f 1029/1029/1029 1030/1030/1030 1031/1031/1031
f 1032/1032/1032 1033/1033/1033 1034/1034/1034
f 1034/1034/1034 1033/1033/1033 1035/1035/1035
f 1034/1034/1034 1035/1035/1035 1036/1036/1036
f 1036/1036/1036 1035/1035/1035 1037/1037/1037
f 1038/1038/1038 1039/1039/1039 771/771/771
f 771/771/771 1039/1039/1039 770/770/770
f 771/771/771 773/773/773 1038/1038/1038
f 1038/1038/1038 773/773/773 579/579/579
f 770/770/770 1039/1039/1039 1027/1027/1027
f 1040/1040/1040 1041/1041/1041 1042/1042/1042
f 1042/1042/1042 1041/1041/1041 1043/1043/1043
f 878/878/878 951/951/951 1044/1044/1044
f 1044/1044/1044 951/951/951 1045/1045/1045
f 875/875/875 876/876/876 1032/1032/1032
f 1032/1032/1032 876/876/876 1033/1033/1033
f 918/918/918 1028/1028/1028 953/953/953
f 953/953/953 1028/1028/1028 1045/1045/1045
f 1045/1045/1045 1028/1028/1028 1042/1042/1042
f 1042/1042/1042 1028/1028/1028 1027/1027/1027
f 1042/1042/1042 1043/1043/1043 1045/1045/1045
f 1045/1045/1045 1043/1043/1043 1044/1044/1044
f 1042/1042/1042 1027/1027/1027 1040/1040/1040
f 1040/1040/1040 1027/1027/1027 1039/1039/1039
f 879/879/879 1029/1029/1029 864/864/864
f 864/864/864 1029/1029/1029 1031/1031/1031
f 951/951/951 952/952/952 1045/1045/1045
f 1045/1045/1045 952/952/952 953/953/953
f 770/770/770 1027/1027/1027 762/762/762
f 762/762/762 1027/1027/1027 919/919/919
f 919/919/919 1028/1028/1028 918/918/918
f 1034/1034/1034 1036/1036/1036 1046/1046/1046
f 1046/1046/1046 1036/1036/1036 1047/1047/1047
f 1032/1032/1032 1034/1034/1034 1048/1048/1048
f 1048/1048/1048 1034/1034/1034 1046/1046/1046
f 877/877/877 875/875/875 1048/1048/1048
f 1048/1048/1048 875/875/875 1032/1032/1032
f 1035/1035/1035 1043/1043/1043 1037/1037/1037
f 1037/1037/1037 1043/1043/1043 1041/1041/1041
f 1033/1033/1033 1044/1044/1044 1035/1035/1035
f 1035/1035/1035 1044/1044/1044 1043/1043/1043
f 876/876/876 878/878/878 1033/1033/1033
f 1033/1033/1033 878/878/878 1044/1044/1044
f 877/877/877 1048/1048/1048 879/879/879
f 879/879/879 1048/1048/1048 1029/1029/1029
f 1048/1048/1048 1046/1046/1046 1029/1029/1029
f 1029/1029/1029 1046/1046/1046 1030/1030/1030
f 1030/1030/1030 1046/1046/1046 1049/1049/1049
f 1049/1049/1049 1046/1046/1046 1047/1047/1047
f 1031/1031/1031 1030/1030/1030 1050/1050/1050
f 1050/1050/1050 1030/1030/1030 1049/1049/1049
f 1051/1051/1051 874/874/874 1052/1052/1052
f 1052/1052/1052 874/874/874 873/873/873
f 1053/1053/1053 1051/1051/1051 1054/1054/1054
f 1054/1054/1054 1051/1051/1051 1052/1052/1052
f 1051/1051/1051 244/244/244 874/874/874
f 1053/1053/1053 275/275/275 244/244/244
f 1051/1051/1051 1053/1053/1053 244/244/244
f 1055/1055/1055 282/282/282 275/275/275
f 1056/1056/1056 1057/1057/1057 1037/1037/1037
f 1037/1037/1037 1057/1057/1057 1036/1036/1036
f 1058/1058/1058 1059/1059/1059 1060/1060/1060
f 1060/1060/1060 1059/1059/1059 1061/1061/1061
f 1062/1062/1062 1063/1063/1063 1056/1056/1056
f 1056/1056/1056 1063/1063/1063 1057/1057/1057
f 706/706/706 1064/1064/1064 581/581/581
f 581/581/581 1064/1064/1064 1065/1065/1065
f 1039/1039/1039 1038/1038/1038 1066/1066/1066
f 1066/1066/1066 1038/1038/1038 1065/1065/1065
f 1064/1064/1064 1067/1067/1067 1065/1065/1065
f 1065/1065/1065 1067/1067/1067 1066/1066/1066
f 1038/1038/1038 579/579/579 1065/1065/1065
f 1065/1065/1065 579/579/579 581/581/581
f 705/705/705 1068/1068/1068 1069/1069/1069
f 1070/1070/1070 1071/1071/1071 1068/1068/1068
f 207/207/207 1070/1070/1070 705/705/705
f 705/705/705 1070/1070/1070 1068/1068/1068
f 701/701/701 705/705/705 1069/1069/1069
f 701/701/701 1069/1069/1069 706/706/706
f 706/706/706 1069/1069/1069 1064/1064/1064
f 207/207/207 206/206/206 1070/1070/1070
f 1041/1041/1041 1040/1040/1040 1072/1072/1072
f 1072/1072/1072 1040/1040/1040 1073/1073/1073
f 1072/1072/1072 1073/1073/1073 1074/1074/1074
f 1074/1074/1074 1073/1073/1073 1075/1075/1075
f 1073/1073/1073 1040/1040/1040 1066/1066/1066
f 1066/1066/1066 1040/1040/1040 1039/1039/1039
f 1075/1075/1075 1073/1073/1073 1067/1067/1067
f 1067/1067/1067 1073/1073/1073 1066/1066/1066
f 1057/1057/1057 1063/1063/1063 1076/1076/1076
f 1076/1076/1076 1063/1063/1063 1077/1077/1077
f 1057/1057/1057 1076/1076/1076 1036/1036/1036
f 1036/1036/1036 1076/1076/1076 1047/1047/1047
f 1074/1074/1074 1062/1062/1062 1072/1072/1072
f 1072/1072/1072 1062/1062/1062 1056/1056/1056
f 1072/1072/1072 1056/1056/1056 1041/1041/1041
f 1041/1041/1041 1056/1056/1056 1037/1037/1037
f 1060/1060/1060 1061/1061/1061 1077/1077/1077
f 1077/1077/1077 1061/1061/1061 1076/1076/1076
f 1076/1076/1076 1061/1061/1061 1047/1047/1047
f 1047/1047/1047 1061/1061/1061 1049/1049/1049
f 1049/1049/1049 1061/1061/1061 1050/1050/1050
f 1050/1050/1050 1061/1061/1061 1059/1059/1059
f 282/282/282 1055/1055/1055 1078/1078/1078
f 1078/1078/1078 1055/1055/1055 1079/1079/1079
f 1055/1055/1055 1053/1053/1053 1079/1079/1079
f 1079/1079/1079 1053/1053/1053 1054/1054/1054
f 1055/1055/1055 275/275/275 1053/1053/1053
f 614/614/614 1080/1080/1080 595/595/595
f 742/742/742 590/590/590 1081/1081/1081
f 590/590/590 591/591/591 1081/1081/1081
f 1081/1081/1081 591/591/591 1082/1082/1082
f 1080/1080/1080 1082/1082/1082 595/595/595
f 595/595/595 1082/1082/1082 591/591/591
f 742/742/742 1081/1081/1081 736/736/736
f 1083/1083/1083 262/262/262 1084/1084/1084
f 1085/1085/1085 1086/1086/1086 1087/1087/1087
f 1087/1087/1087 1086/1086/1086 1088/1088/1088
f 1085/1085/1085 1087/1087/1087 1089/1089/1089
f 1089/1089/1089 1087/1087/1087 1090/1090/1090
f 1063/1063/1063 1062/1062/1062 1086/1086/1086
f 1086/1086/1086 1062/1062/1062 1088/1088/1088
f 1091/1091/1091 1092/1092/1092 1093/1093/1093
f 1093/1093/1093 1092/1092/1092 1094/1094/1094
f 1069/1069/1069 1068/1068/1068 1095/1095/1095
f 1068/1068/1068 1071/1071/1071 1096/1096/1096
f 206/206/206 1097/1097/1097 1070/1070/1070
f 1070/1070/1070 1097/1097/1097 1071/1071/1071
f 208/208/208 1097/1097/1097 206/206/206
f 1069/1069/1069 1095/1095/1095 1064/1064/1064
f 1064/1064/1064 1095/1095/1095 1067/1067/1067
f 1096/1096/1096 1074/1074/1074 1098/1098/1098
f 1098/1098/1098 1074/1074/1074 1075/1075/1075
f 1098/1098/1098 1095/1095/1095 1096/1096/1096
f 1096/1096/1096 1095/1095/1095 1068/1068/1068
f 1095/1095/1095 1098/1098/1098 1067/1067/1067
f 1067/1067/1067 1098/1098/1098 1075/1075/1075
f 1099/1099/1099 1100/1100/1100 1091/1091/1091
f 1091/1091/1091 1100/1100/1100 1092/1092/1092
f 1089/1089/1089 1101/1101/1101 1085/1085/1085
f 1085/1085/1085 1101/1101/1101 1102/1102/1102
f 1086/1086/1086 1085/1085/1085 1103/1103/1103
f 1103/1103/1103 1085/1085/1085 1102/1102/1102
f 1063/1063/1063 1086/1086/1086 1077/1077/1077
f 1077/1077/1077 1086/1086/1086 1103/1103/1103
f 1087/1087/1087 1071/1071/1071 1090/1090/1090
f 1090/1090/1090 1071/1071/1071 1097/1097/1097
f 1087/1087/1087 1088/1088/1088 1071/1071/1071
f 1071/1071/1071 1088/1088/1088 1096/1096/1096
f 1062/1062/1062 1074/1074/1074 1088/1088/1088
f 1088/1088/1088 1074/1074/1074 1096/1096/1096
f 1104/1104/1104 1103/1103/1103 1105/1105/1105
f 1105/1105/1105 1103/1103/1103 1093/1093/1093
f 1102/1102/1102 1091/1091/1091 1103/1103/1103
f 1103/1103/1103 1091/1091/1091 1093/1093/1093
f 1101/1101/1101 1099/1099/1099 1102/1102/1102
f 1102/1102/1102 1099/1099/1099 1091/1091/1091
f 1094/1094/1094 1106/1106/1106 1093/1093/1093
f 1093/1093/1093 1106/1106/1106 1105/1105/1105
f 262/262/262 283/283/283 1084/1084/1084
f 1107/1107/1107 168/168/168 1083/1083/1083
f 168/168/168 262/262/262 1083/1083/1083
f 1107/1107/1107 170/170/170 168/168/168
f 1078/1078/1078 1108/1108/1108 282/282/282
f 283/283/283 282/282/282 1108/1108/1108
f 524/524/524 1109/1109/1109 1110/1110/1110
f 1111/1111/1111 1112/1112/1112 1113/1113/1113
f 1114/1114/1114 1115/1115/1115 1116/1116/1116
f 1116/1116/1116 1115/1115/1115 1117/1117/1117
f 1118/1118/1118 1117/1117/1117 1119/1119/1119
f 1119/1119/1119 1117/1117/1117 1115/1115/1115
f 1119/1119/1119 1120/1120/1120 1118/1118/1118
f 1118/1118/1118 1120/1120/1120 1121/1121/1121
f 1118/1118/1118 1121/1121/1121 1122/1122/1122
f 1122/1122/1122 1121/1121/1121 724/724/724
f 1117/1117/1117 1118/1118/1118 1123/1123/1123
f 1123/1123/1123 1118/1118/1118 1122/1122/1122
f 1116/1116/1116 1117/1117/1117 1124/1124/1124
f 1124/1124/1124 1117/1117/1117 1123/1123/1123
f 126/126/126 1125/1125/1125 613/613/613
f 1126/1126/1126 1114/1114/1114 1127/1127/1127
f 1127/1127/1127 1114/1114/1114 1116/1116/1116
f 1111/1111/1111 1126/1126/1126 1112/1112/1112
f 1112/1112/1112 1126/1126/1126 1127/1127/1127
f 126/126/126 124/124/124 1125/1125/1125
f 1109/1109/1109 529/529/529 1128/1128/1128
f 1128/1128/1128 529/529/529 531/531/531
f 1129/1129/1129 1109/1109/1109 1128/1128/1128
f 1130/1130/1130 1131/1131/1131 1132/1132/1132
f 1132/1132/1132 1131/1131/1131 1133/1133/1133
f 1134/1134/1134 1135/1135/1135 1130/1130/1130
f 1130/1130/1130 1135/1135/1135 1131/1131/1131
f 1135/1135/1135 1134/1134/1134 1120/1120/1120
f 1120/1120/1120 1134/1134/1134 1121/1121/1121
f 1134/1134/1134 722/722/722 1121/1121/1121
f 1121/1121/1121 722/722/722 724/724/724
f 1130/1130/1130 642/642/642 1134/1134/1134
f 1134/1134/1134 642/642/642 722/722/722
f 1132/1132/1132 640/640/640 1130/1130/1130
f 1130/1130/1130 640/640/640 642/642/642
f 524/524/524 1110/1110/1110 520/520/520
f 520/520/520 1110/1110/1110 136/136/136
f 529/529/529 1109/1109/1109 524/524/524
f 1136/1136/1136 650/650/650 1132/1132/1132
f 1132/1132/1132 650/650/650 640/640/640
f 1137/1137/1137 1136/1136/1136 1133/1133/1133
f 1133/1133/1133 1136/1136/1136 1132/1132/1132
f 1128/1128/1128 531/531/531 1136/1136/1136
f 1136/1136/1136 531/531/531 650/650/650
f 1129/1129/1129 1128/1128/1128 1137/1137/1137
f 1137/1137/1137 1128/1128/1128 1136/1136/1136
f 136/136/136 1110/1110/1110 135/135/135
f 1138/1138/1138 734/734/734 1139/1139/1139
f 1139/1139/1139 734/734/734 733/733/733
f 1140/1140/1140 734/734/734 1138/1138/1138
f 1140/1140/1140 1138/1138/1138 1141/1141/1141
f 732/732/732 734/734/734 1142/1142/1142
f 1143/1143/1143 1142/1142/1142 1144/1144/1144
f 1144/1144/1144 1142/1142/1142 1145/1145/1145
f 726/726/726 727/727/727 1143/1143/1143
f 1143/1143/1143 727/727/727 730/730/730
f 1142/1142/1142 734/734/734 1145/1145/1145
f 1145/1145/1145 734/734/734 1140/1140/1140
f 724/724/724 723/723/723 1141/1141/1141
f 729/729/729 725/725/725 1146/1146/1146
f 1146/1146/1146 725/725/725 714/714/714
f 1140/1140/1140 1141/1141/1141 1145/1145/1145
f 1145/1145/1145 1141/1141/1141 723/723/723
f 723/723/723 729/729/729 1146/1146/1146
f 728/728/728 1144/1144/1144 714/714/714
f 714/714/714 1144/1144/1144 1146/1146/1146
f 1144/1144/1144 1145/1145/1145 1146/1146/1146
f 1146/1146/1146 1145/1145/1145 723/723/723
f 1144/1144/1144 728/728/728 1143/1143/1143
f 1143/1143/1143 728/728/728 726/726/726
f 730/730/730 732/732/732 1143/1143/1143
f 1143/1143/1143 732/732/732 1142/1142/1142
f 1147/1147/1147 1148/1148/1148 1149/1149/1149
f 1123/1123/1123 1150/1150/1150 1124/1124/1124
f 1151/1151/1151 1148/1148/1148 1112/1112/1112
f 1112/1112/1112 1148/1148/1148 1113/1113/1113
f 1152/1152/1152 604/604/604 1153/1153/1153
f 1153/1153/1153 604/604/604 599/599/599
f 1153/1153/1153 599/599/599 1154/1154/1154
f 1154/1154/1154 599/599/599 597/597/597
f 1155/1155/1155 1156/1156/1156 1080/1080/1080
f 1080/1080/1080 1156/1156/1156 1157/1157/1157
f 604/604/604 1152/1152/1152 606/606/606
f 606/606/606 1152/1152/1152 1158/1158/1158
f 606/606/606 1158/1158/1158 594/594/594
f 594/594/594 1158/1158/1158 593/593/593
f 1159/1159/1159 1160/1160/1160 1151/1151/1151
f 1151/1151/1151 1160/1160/1160 1148/1148/1148
f 1153/1153/1153 1154/1154/1154 1161/1161/1161
f 1161/1161/1161 1154/1154/1154 1162/1162/1162
f 1149/1149/1149 1148/1148/1148 1160/1160/1160
f 1163/1163/1163 1154/1154/1154 1149/1149/1149
f 1149/1149/1149 1154/1154/1154 597/597/597
f 1159/1159/1159 1163/1163/1163 1160/1160/1160
f 1160/1160/1160 1163/1163/1163 1149/1149/1149
f 597/597/597 613/613/613 1149/1149/1149
f 1149/1149/1149 613/613/613 1147/1147/1147
f 613/613/613 1125/1125/1125 1147/1147/1147
f 1125/1125/1125 1113/1113/1113 1147/1147/1147
f 1147/1147/1147 1113/1113/1113 1148/1148/1148
f 1155/1155/1155 1080/1080/1080 614/614/614
f 1150/1150/1150 1164/1164/1164 1165/1165/1165
f 1150/1150/1150 1165/1165/1165 1124/1124/1124
f 1124/1124/1124 1165/1165/1165 1166/1166/1166
f 1124/1124/1124 1166/1166/1166 1116/1116/1116
f 1116/1116/1116 1166/1166/1166 1127/1127/1127
f 1156/1156/1156 1152/1152/1152 1161/1161/1161
f 1161/1161/1161 1152/1152/1152 1153/1153/1153
f 1163/1163/1163 1164/1164/1164 1154/1154/1154
f 1154/1154/1154 1164/1164/1164 1162/1162/1162
f 1159/1159/1159 1165/1165/1165 1163/1163/1163
f 1163/1163/1163 1165/1165/1165 1164/1164/1164
f 1151/1151/1151 1166/1166/1166 1159/1159/1159
f 1159/1159/1159 1166/1166/1166 1165/1165/1165
f 1112/1112/1112 1127/1127/1127 1151/1151/1151
f 1151/1151/1151 1127/1127/1127 1166/1166/1166
f 1158/1158/1158 1155/1155/1155 593/593/593
f 593/593/593 1155/1155/1155 614/614/614
f 1156/1156/1156 1155/1155/1155 1152/1152/1152
f 1152/1152/1152 1155/1155/1155 1158/1158/1158
f 1162/1162/1162 1167/1167/1167 1168/1168/1168
f 1169/1169/1169 1150/1150/1150 1123/1123/1123
f 1170/1170/1170 1157/1157/1157 1171/1171/1171
f 1171/1171/1171 1157/1157/1157 1172/1172/1172
f 1171/1171/1171 1173/1173/1173 1170/1170/1170
f 1170/1170/1170 1173/1173/1173 1174/1174/1174
f 1164/1164/1164 1167/1167/1167 1162/1162/1162
f 1175/1175/1175 1176/1176/1176 1139/1139/1139
f 1139/1139/1139 1176/1176/1176 1138/1138/1138
f 1177/1177/1177 1178/1178/1178 1174/1174/1174
f 1174/1174/1174 1178/1178/1178 736/736/736
f 1178/1178/1178 733/733/733 737/737/737
f 1179/1179/1179 1175/1175/1175 1177/1177/1177
f 1177/1177/1177 1175/1175/1175 1178/1178/1178
f 1122/1122/1122 724/724/724 1180/1180/1180
f 1180/1180/1180 724/724/724 1141/1141/1141
f 1173/1173/1173 1171/1171/1171 1181/1181/1181
f 1181/1181/1181 1171/1171/1171 1182/1182/1182
f 1157/1157/1157 1170/1170/1170 1080/1080/1080
f 1080/1080/1080 1170/1170/1170 1082/1082/1082
f 1178/1178/1178 737/737/737 736/736/736
f 1174/1174/1174 1173/1173/1173 1177/1177/1177
f 1177/1177/1177 1173/1173/1173 1179/1179/1179
f 1179/1179/1179 1173/1173/1173 1183/1183/1183
f 1183/1183/1183 1173/1173/1173 1181/1181/1181
f 1171/1171/1171 1172/1172/1172 1182/1182/1182
f 1182/1182/1182 1172/1172/1172 1168/1168/1168
f 1168/1168/1168 1167/1167/1167 1182/1182/1182
f 1182/1182/1182 1167/1167/1167 1184/1184/1184
f 1181/1181/1181 1182/1182/1182 1185/1185/1185
f 1185/1185/1185 1182/1182/1182 1184/1184/1184
f 1141/1141/1141 1138/1138/1138 1180/1180/1180
f 1169/1169/1169 1180/1180/1180 1184/1184/1184
f 1184/1184/1184 1180/1180/1180 1185/1185/1185
f 1169/1169/1169 1184/1184/1184 1150/1150/1150
f 1150/1150/1150 1184/1184/1184 1167/1167/1167
f 1172/1172/1172 1161/1161/1161 1168/1168/1168
f 1168/1168/1168 1161/1161/1161 1162/1162/1162
f 1185/1185/1185 1176/1176/1176 1181/1181/1181
f 1181/1181/1181 1176/1176/1176 1183/1183/1183
f 1180/1180/1180 1138/1138/1138 1185/1185/1185
f 1185/1185/1185 1138/1138/1138 1176/1176/1176
f 1179/1179/1179 1183/1183/1183 1175/1175/1175
f 1175/1175/1175 1183/1183/1183 1176/1176/1176
f 1178/1178/1178 1175/1175/1175 733/733/733
f 733/733/733 1175/1175/1175 1139/1139/1139
f 1180/1180/1180 1169/1169/1169 1122/1122/1122
f 1122/1122/1122 1169/1169/1169 1123/1123/1123
f 1157/1157/1157 1156/1156/1156 1172/1172/1172
f 1172/1172/1172 1156/1156/1156 1161/1161/1161
f 1170/1170/1170 1174/1174/1174 1082/1082/1082
f 1082/1082/1082 1174/1174/1174 1081/1081/1081
f 1167/1167/1167 1164/1164/1164 1150/1150/1150
f 736/736/736 1081/1081/1081 1174/1174/1174
f 1186/1186/1186 1187/1187/1187 1188/1188/1188
f 474/474/474 478/478/478 1189/1189/1189
f 476/476/476 1190/1190/1190 477/477/477
f 478/478/478 477/477/477 1190/1190/1190
f 474/474/474 1189/1189/1189 469/469/469
f 469/469/469 1189/1189/1189 1191/1191/1191
f 1192/1192/1192 1190/1190/1190 552/552/552
f 552/552/552 1190/1190/1190 476/476/476
f 810/810/810 1193/1193/1193 812/812/812
f 812/812/812 1193/1193/1193 1194/1194/1194
f 1195/1195/1195 797/797/797 1196/1196/1196
f 1196/1196/1196 797/797/797 804/804/804
f 1187/1187/1187 1197/1197/1197 1198/1198/1198
f 1198/1198/1198 1197/1197/1197 1199/1199/1199
f 805/805/805 609/609/609 1200/1200/1200
f 1200/1200/1200 609/609/609 607/607/607
f 1199/1199/1199 1201/1201/1201 1198/1198/1198
f 1202/1202/1202 1200/1200/1200 470/470/470
f 470/470/470 1200/1200/1200 607/607/607
f 1187/1187/1187 478/478/478 1197/1197/1197
f 470/470/470 469/469/469 1202/1202/1202
f 1202/1202/1202 469/469/469 1191/1191/1191
f 812/812/812 1194/1194/1194 804/804/804
f 804/804/804 1194/1194/1194 1196/1196/1196
f 1193/1193/1193 1203/1203/1203 1194/1194/1194
f 1194/1194/1194 1203/1203/1203 1204/1204/1204
f 1194/1194/1194 1204/1204/1204 1196/1196/1196
f 1196/1196/1196 1204/1204/1204 1201/1201/1201
f 1205/1205/1205 1195/1195/1195 1201/1201/1201
f 1201/1201/1201 1195/1195/1195 1196/1196/1196
f 1193/1193/1193 810/810/810 1200/1200/1200
f 1200/1200/1200 810/810/810 805/805/805
f 1203/1203/1203 1193/1193/1193 1202/1202/1202
f 1202/1202/1202 1193/1193/1193 1200/1200/1200
f 1206/1206/1206 1203/1203/1203 1191/1191/1191
f 1191/1191/1191 1203/1203/1203 1202/1202/1202
f 1189/1189/1189 1207/1207/1207 1191/1191/1191
f 1191/1191/1191 1207/1207/1207 1206/1206/1206
f 478/478/478 1207/1207/1207 1189/1189/1189
f 1205/1205/1205 1192/1192/1192 562/562/562
f 562/562/562 1192/1192/1192 552/552/552
f 592/592/592 1195/1195/1195 562/562/562
f 562/562/562 1195/1195/1195 1205/1205/1205
f 797/797/797 1195/1195/1195 798/798/798
f 798/798/798 1195/1195/1195 592/592/592
f 1201/1201/1201 1204/1204/1204 1198/1198/1198
f 1198/1198/1198 1204/1204/1204 1188/1188/1188
f 1188/1188/1188 1187/1187/1187 1198/1198/1198
f 1186/1186/1186 478/478/478 1187/1187/1187
f 1192/1192/1192 1205/1205/1205 1199/1199/1199
f 1199/1199/1199 1205/1205/1205 1201/1201/1201
f 1190/1190/1190 1192/1192/1192 1197/1197/1197
f 1197/1197/1197 1192/1192/1192 1199/1199/1199
f 478/478/478 1190/1190/1190 1197/1197/1197
f 1188/1188/1188 1204/1204/1204 1206/1206/1206
f 1206/1206/1206 1204/1204/1204 1203/1203/1203
f 1207/1207/1207 1186/1186/1186 1206/1206/1206
f 1206/1206/1206 1186/1186/1186 1188/1188/1188
f 478/478/478 1186/1186/1186 1207/1207/1207
f 1208/1208/1208 1209/1209/1209 1210/1210/1210
f 1211/1211/1211 1209/1209/1209 1212/1212/1212
f 1212/1212/1212 1209/1209/1209 1208/1208/1208
f 1213/1213/1213 1214/1214/1214 1211/1211/1211
f 1211/1211/1211 1214/1214/1214 1209/1209/1209
f 1213/1213/1213 888/888/888 1214/1214/1214
f 1214/1214/1214 888/888/888 887/887/887
f 189/189/189 895/895/895 1215/1215/1215
f 189/189/189 1215/1215/1215 191/191/191
f 191/191/191 1215/1215/1215 1216/1216/1216
f 1217/1217/1217 899/899/899 1218/1218/1218
f 1218/1218/1218 899/899/899 898/898/898
f 1219/1219/1219 1217/1217/1217 1220/1220/1220
f 1220/1220/1220 1217/1217/1217 1218/1218/1218
f 1220/1220/1220 1221/1221/1221 1219/1219/1219
f 1219/1219/1219 1221/1221/1221 1222/1222/1222
f 1210/1210/1210 1209/1209/1209 1223/1223/1223
f 1209/1209/1209 1214/1214/1214 1223/1223/1223
f 1223/1223/1223 1214/1214/1214 1224/1224/1224
f 901/901/901 1224/1224/1224 887/887/887
f 887/887/887 1224/1224/1224 1214/1214/1214
f 1215/1215/1215 1211/1211/1211 1216/1216/1216
f 1216/1216/1216 1211/1211/1211 1212/1212/1212
f 888/888/888 1213/1213/1213 895/895/895
f 901/901/901 899/899/899 1224/1224/1224
f 1224/1224/1224 899/899/899 1217/1217/1217
f 1219/1219/1219 1223/1223/1223 1217/1217/1217
f 1217/1217/1217 1223/1223/1223 1224/1224/1224
f 1222/1222/1222 1210/1210/1210 1219/1219/1219
f 1219/1219/1219 1210/1210/1210 1223/1223/1223
f 895/895/895 1213/1213/1213 1215/1215/1215
f 1215/1215/1215 1213/1213/1213 1211/1211/1211
f 1225/1225/1225 904/904/904 158/158/158
f 158/158/158 160/160/160 1225/1225/1225
f 1225/1225/1225 160/160/160 1226/1226/1226
f 160/160/160 1227/1227/1227 1226/1226/1226
f 1208/1208/1208 1228/1228/1228 1212/1212/1212
f 1212/1212/1212 1228/1228/1228 1229/1229/1229
f 1228/1228/1228 1230/1230/1230 1229/1229/1229
f 1229/1229/1229 1230/1230/1230 1231/1231/1231
f 1231/1231/1231 1230/1230/1230 1090/1090/1090
f 1090/1090/1090 1230/1230/1230 1089/1089/1089
f 1232/1232/1232 1097/1097/1097 208/208/208
f 208/208/208 191/191/191 1232/1232/1232
f 1232/1232/1232 191/191/191 1216/1216/1216
f 1100/1100/1100 1099/1099/1099 1233/1233/1233
f 1233/1233/1233 1099/1099/1099 1234/1234/1234
f 1235/1235/1235 1236/1236/1236 1234/1234/1234
f 1234/1234/1234 1236/1236/1236 1233/1233/1233
f 1236/1236/1236 1235/1235/1235 1237/1237/1237
f 1237/1237/1237 1235/1235/1235 1222/1222/1222
f 1208/1208/1208 1210/1210/1210 1228/1228/1228
f 1228/1228/1228 1210/1210/1210 1238/1238/1238
f 1228/1228/1228 1238/1238/1238 1230/1230/1230
f 1230/1230/1230 1238/1238/1238 1239/1239/1239
f 1230/1230/1230 1239/1239/1239 1089/1089/1089
f 1089/1089/1089 1239/1239/1239 1101/1101/1101
f 1212/1212/1212 1229/1229/1229 1216/1216/1216
f 1216/1216/1216 1229/1229/1229 1232/1232/1232
f 1090/1090/1090 1097/1097/1097 1231/1231/1231
f 1234/1234/1234 1099/1099/1099 1239/1239/1239
f 1239/1239/1239 1099/1099/1099 1101/1101/1101
f 1235/1235/1235 1234/1234/1234 1238/1238/1238
f 1238/1238/1238 1234/1234/1234 1239/1239/1239
f 1238/1238/1238 1210/1210/1210 1235/1235/1235
f 1235/1235/1235 1210/1210/1210 1222/1222/1222
f 1097/1097/1097 1232/1232/1232 1231/1231/1231
f 1231/1231/1231 1232/1232/1232 1229/1229/1229
f 1240/1240/1240 170/170/170 1107/1107/1107
f 170/170/170 1240/1240/1240 160/160/160
f 160/160/160 1240/1240/1240 1241/1241/1241
f 160/160/160 1241/1241/1241 1242/1242/1242
f 1243/1243/1243 1244/1244/1244 1245/1245/1245
f 1245/1245/1245 1244/1244/1244 1246/1246/1246
f 1247/1247/1247 1243/1243/1243 1248/1248/1248
f 1248/1248/1248 1243/1243/1243 1245/1245/1245
f 1249/1249/1249 1247/1247/1247 1250/1250/1250
f 1250/1250/1250 1247/1247/1247 1248/1248/1248
f 1251/1251/1251 1252/1252/1252 1249/1249/1249
f 1249/1249/1249 1252/1252/1252 1247/1247/1247
f 1253/1253/1253 1243/1243/1243 1252/1252/1252
f 1252/1252/1252 1243/1243/1243 1247/1247/1247
f 1253/1253/1253 1254/1254/1254 1243/1243/1243
f 1243/1243/1243 1254/1254/1254 1244/1244/1244
f 1255/1255/1255 1256/1256/1256 1244/1244/1244
f 1244/1244/1244 1256/1256/1256 1246/1246/1246
f 1254/1254/1254 1257/1257/1257 1244/1244/1244
f 1244/1244/1244 1257/1257/1257 1255/1255/1255
f 1258/1258/1258 1259/1259/1259 1260/1260/1260
f 1260/1260/1260 1259/1259/1259 1261/1261/1261
f 1262/1262/1262 1263/1263/1263 1258/1258/1258
f 1258/1258/1258 1263/1263/1263 1259/1259/1259
f 1264/1264/1264 1265/1265/1265 1262/1262/1262
f 1262/1262/1262 1265/1265/1265 1263/1263/1263
f 1266/1266/1266 1264/1264/1264 1267/1267/1267
f 1267/1267/1267 1264/1264/1264 1262/1262/1262
f 1262/1262/1262 1258/1258/1258 1267/1267/1267
f 1267/1267/1267 1258/1258/1258 1268/1268/1268
f 1268/1268/1268 1258/1258/1258 1269/1269/1269
f 1269/1269/1269 1258/1258/1258 1260/1260/1260
f 1261/1261/1261 1270/1270/1270 1260/1260/1260
f 1260/1260/1260 1270/1270/1270 1271/1271/1271
f 1269/1269/1269 1260/1260/1260 1272/1272/1272
f 1272/1272/1272 1260/1260/1260 1271/1271/1271
f 1273/1273/1273 1274/1274/1274 1275/1275/1275
f 1275/1275/1275 1274/1274/1274 1276/1276/1276
f 1277/1277/1277 1278/1278/1278 1273/1273/1273
f 1273/1273/1273 1278/1278/1278 1274/1274/1274
f 1279/1279/1279 1280/1280/1280 1277/1277/1277
f 1277/1277/1277 1280/1280/1280 1278/1278/1278
f 1281/1281/1281 1282/1282/1282 1283/1283/1283
f 1283/1283/1283 1282/1282/1282 1284/1284/1284
f 1284/1284/1284 1273/1273/1273 1283/1283/1283
f 1283/1283/1283 1273/1273/1273 1285/1285/1285
f 1285/1285/1285 1273/1273/1273 1286/1286/1286
f 1286/1286/1286 1273/1273/1273 1275/1275/1275
f 1275/1275/1275 1276/1276/1276 1287/1287/1287
f 1287/1287/1287 1276/1276/1276 1288/1288/1288
f 1286/1286/1286 1275/1275/1275 1289/1289/1289
f 1289/1289/1289 1275/1275/1275 1287/1287/1287
f 1290/1290/1290 1291/1291/1291 1292/1292/1292
f 1292/1292/1292 1291/1291/1291 1293/1293/1293
f 1294/1294/1294 1290/1290/1290 1295/1295/1295
f 1295/1295/1295 1290/1290/1290 1292/1292/1292
f 1296/1296/1296 1294/1294/1294 1297/1297/1297
f 1297/1297/1297 1294/1294/1294 1295/1295/1295
f 1298/1298/1298 1299/1299/1299 1300/1300/1300
f 1300/1300/1300 1299/1299/1299 1301/1301/1301
f 1302/1302/1302 1290/1290/1290 1299/1299/1299
f 1299/1299/1299 1290/1290/1290 1301/1301/1301
f 1302/1302/1302 1303/1303/1303 1290/1290/1290
f 1290/1290/1290 1303/1303/1303 1291/1291/1291
f 1291/1291/1291 1304/1304/1304 1293/1293/1293
f 1293/1293/1293 1304/1304/1304 1305/1305/1305
f 1303/1303/1303 1306/1306/1306 1291/1291/1291
f 1291/1291/1291 1306/1306/1306 1304/1304/1304
f 1307/1307/1307 1308/1308/1308 1309/1309/1309
f 1309/1309/1309 1308/1308/1308 1310/1310/1310
f 1311/1311/1311 1312/1312/1312 1313/1313/1313
f 1313/1313/1313 1312/1312/1312 1314/1314/1314
f 1315/1315/1315 1316/1316/1316 1317/1317/1317
f 1317/1317/1317 1316/1316/1316 1318/1318/1318
f 1319/1319/1319 1320/1320/1320 1321/1321/1321
f 1321/1321/1321 1320/1320/1320 1322/1322/1322
f 1323/1323/1323 1324/1324/1324 1325/1325/1325
f 1325/1325/1325 1324/1324/1324 1326/1326/1326
f 1327/1327/1327 1328/1328/1328 1329/1329/1329
f 1329/1329/1329 1328/1328/1328 1330/1330/1330
f 1331/1331/1331 1332/1332/1332 1333/1333/1333
f 1334/1334/1334 1335/1335/1335 1336/1336/1336
f 1334/1334/1334 1337/1337/1337 1335/1335/1335
f 1331/1331/1331 1333/1333/1333 1338/1338/1338
f 1339/1339/1339 1340/1340/1340 1341/1341/1341
f 1342/1342/1342 1343/1343/1343 1344/1344/1344
f 1345/1345/1345 1346/1346/1346 1347/1347/1347
f 1348/1348/1348 1345/1345/1345 1347/1347/1347
f 1340/1340/1340 1349/1349/1349 1341/1341/1341
f 1350/1350/1350 1351/1351/1351 1352/1352/1352
f 1339/1339/1339 1353/1353/1353 1337/1337/1337
f 1354/1354/1354 1343/1343/1343 1342/1342/1342
f 1343/1343/1343 1348/1348/1348 1344/1344/1344
f 1343/1343/1343 1345/1345/1345 1348/1348/1348
f 1346/1346/1346 1334/1334/1334 1336/1336/1336
f 1345/1345/1345 1334/1334/1334 1346/1346/1346
f 1335/1335/1335 1337/1337/1337 1353/1353/1353
f 1339/1339/1339 1337/1337/1337 1340/1340/1340
f 1340/1340/1340 1355/1355/1355 1349/1349/1349
f 1356/1356/1356 1357/1357/1357 1358/1358/1358
f 1359/1359/1359 1360/1360/1360 1361/1361/1361
f 1362/1362/1362 1360/1360/1360 1359/1359/1359
f 1363/1363/1363 1364/1364/1364 1365/1365/1365
f 1366/1366/1366 1364/1364/1364 1363/1363/1363
f 1366/1366/1366 1338/1338/1338 1367/1367/1367
f 1368/1368/1368 1356/1356/1356 1358/1358/1358
f 1358/1358/1358 1357/1357/1357 1362/1362/1362
f 1358/1358/1358 1362/1362/1362 1359/1359/1359
f 1361/1361/1361 1332/1332/1332 1331/1331/1331
f 1359/1359/1359 1361/1361/1361 1331/1331/1331
f 1333/1333/1333 1367/1367/1367 1338/1338/1338
f 1366/1366/1366 1363/1363/1363 1338/1338/1338
f 1369/1369/1369 1363/1363/1363 1365/1365/1365
f 1370/1370/1370 1371/1371/1371 1372/1372/1372
f 1373/1373/1373 1374/1374/1374 1375/1375/1375
f 1376/1376/1376 1377/1377/1377 1378/1378/1378
f 1376/1376/1376 1378/1378/1378 1379/1379/1379
f 1373/1373/1373 1375/1375/1375 1380/1380/1380
f 1375/1375/1375 1374/1374/1374 1381/1381/1381
f 1382/1382/1382 1383/1383/1383 1384/1384/1384
f 1385/1385/1385 1386/1386/1386 1387/1387/1387
f 1388/1388/1388 1386/1386/1386 1385/1385/1385
f 1389/1389/1389 1390/1390/1390 1391/1391/1391
f 1392/1392/1392 1390/1390/1390 1389/1389/1389
f 1392/1392/1392 1379/1379/1379 1393/1393/1393
f 1394/1394/1394 1382/1382/1382 1384/1384/1384
f 1384/1384/1384 1383/1383/1383 1388/1388/1388
f 1384/1384/1384 1388/1388/1388 1385/1385/1385
f 1387/1387/1387 1377/1377/1377 1376/1376/1376
f 1385/1385/1385 1387/1387/1387 1376/1376/1376
f 1378/1378/1378 1393/1393/1393 1379/1379/1379
f 1392/1392/1392 1389/1389/1389 1379/1379/1379
f 1395/1395/1395 1389/1389/1389 1391/1391/1391
f 1396/1396/1396 1397/1397/1397 1398/1398/1398
f 1399/1399/1399 1400/1400/1400 1401/1401/1401
f 1402/1402/1402 1403/1403/1403 1404/1404/1404
f 1405/1405/1405 1402/1402/1402 1404/1404/1404
f 1406/1406/1406 1407/1407/1407 1408/1408/1408
f 1409/1409/1409 1410/1410/1410 1411/1411/1411
f 1412/1412/1412 1406/1406/1406 1408/1408/1408
f 1412/1412/1412 1381/1381/1381 1374/1374/1374
f 1413/1413/1413 1400/1400/1400 1399/1399/1399
f 1400/1400/1400 1405/1405/1405 1401/1401/1401
f 1400/1400/1400 1402/1402/1402 1405/1405/1405
f 1403/1403/1403 1373/1373/1373 1380/1380/1380
f 1402/1402/1402 1373/1373/1373 1403/1403/1403
f 1412/1412/1412 1374/1374/1374 1406/1406/1406
f 1406/1406/1406 1414/1414/1414 1407/1407/1407

# Group Face Total Faces: 2398

g Body
f 1415/1415/1415 1416/1416/1416 1417/1417/1417
f 1418/1418/1418 1419/1419/1419 1420/1420/1420
f 1420/1420/1420 1419/1419/1419 1421/1421/1421
f 1422/1422/1422 1423/1423/1423 1424/1424/1424
f 1424/1424/1424 1423/1423/1423 1425/1425/1425
f 1426/1426/1426 1427/1427/1427 1428/1428/1428
f 1428/1428/1428 1427/1427/1427 1429/1429/1429
f 1430/1430/1430 1431/1431/1431 1432/1432/1432
f 1432/1432/1432 1431/1431/1431 1433/1433/1433
f 1434/1434/1434 1430/1430/1430 1432/1432/1432
f 1427/1427/1427 1426/1426/1426 1422/1422/1422
f 1422/1422/1422 1426/1426/1426 1423/1423/1423
f 1425/1425/1425 1420/1420/1420 1424/1424/1424
f 1424/1424/1424 1420/1420/1420 1421/1421/1421
f 1435/1435/1435 1436/1436/1436 1437/1437/1437
f 1438/1438/1438 1439/1439/1439 1440/1440/1440
f 1440/1440/1440 1439/1439/1439 1436/1436/1436
f 1435/1435/1435 1437/1437/1437 1441/1441/1441
f 1441/1441/1441 1437/1437/1437 1442/1442/1442
f 1443/1443/1443 1418/1418/1418 1444/1444/1444
f 1444/1444/1444 1418/1418/1418 1420/1420/1420
f 1445/1445/1445 1425/1425/1425 1446/1446/1446
f 1446/1446/1446 1425/1425/1425 1423/1423/1423
f 1431/1431/1431 1430/1430/1430 1439/1439/1439
f 1439/1439/1439 1430/1430/1430 1436/1436/1436
f 1447/1447/1447 1448/1448/1448 1437/1437/1437
f 1437/1437/1437 1448/1448/1448 1442/1442/1442
f 1426/1426/1426 1428/1428/1428 1449/1449/1449
f 1449/1449/1449 1428/1428/1428 1450/1450/1450
f 1451/1451/1451 1438/1438/1438 1440/1440/1440
f 1451/1451/1451 1440/1440/1440 1452/1452/1452
f 1452/1452/1452 1440/1440/1440 1435/1435/1435
f 1453/1453/1453 1454/1454/1454 1455/1455/1455
f 1456/1456/1456 1457/1457/1457 1448/1448/1448
f 1448/1448/1448 1457/1457/1457 1442/1442/1442
f 1426/1426/1426 1449/1449/1449 1423/1423/1423
f 1423/1423/1423 1449/1449/1449 1446/1446/1446
f 1443/1443/1443 1444/1444/1444 1458/1458/1458
f 1458/1458/1458 1444/1444/1444 1453/1453/1453
f 1441/1441/1441 1442/1442/1442 1459/1459/1459
f 1459/1459/1459 1442/1442/1442 1457/1457/1457
f 1440/1440/1440 1436/1436/1436 1435/1435/1435
f 1430/1430/1430 1447/1447/1447 1436/1436/1436
f 1436/1436/1436 1447/1447/1447 1437/1437/1437
f 1460/1460/1460 1454/1454/1454 1446/1446/1446
f 1446/1446/1446 1454/1454/1454 1445/1445/1445
f 1446/1446/1446 1449/1449/1449 1460/1460/1460
f 1460/1460/1460 1449/1449/1449 1461/1461/1461
f 1449/1449/1449 1450/1450/1450 1461/1461/1461
f 1461/1461/1461 1450/1450/1450 1462/1462/1462
f 1454/1454/1454 1453/1453/1453 1445/1445/1445
f 1445/1445/1445 1453/1453/1453 1444/1444/1444
f 1420/1420/1420 1425/1425/1425 1444/1444/1444
f 1444/1444/1444 1425/1425/1425 1445/1445/1445
f 1463/1463/1463 1464/1464/1464 1457/1457/1457
f 1457/1457/1457 1464/1464/1464 1459/1459/1459
f 1457/1457/1457 1456/1456/1456 1463/1463/1463
f 1463/1463/1463 1456/1456/1456 1415/1415/1415
f 1456/1456/1456 1416/1416/1416 1415/1415/1415
f 1447/1447/1447 1430/1430/1430 1434/1434/1434
f 1448/1448/1448 1447/1447/1447 1465/1465/1465
f 1465/1465/1465 1447/1447/1447 1434/1434/1434
f 1448/1448/1448 1465/1465/1465 1456/1456/1456
f 1456/1456/1456 1465/1465/1465 1416/1416/1416
f 1433/1433/1433 1466/1466/1466 1432/1432/1432
f 1467/1467/1467 1468/1468/1468 1416/1416/1416
f 1416/1416/1416 1468/1468/1468 1417/1417/1417
f 1434/1434/1434 1432/1432/1432 1469/1469/1469
f 1469/1469/1469 1432/1432/1432 1470/1470/1470
f 1469/1469/1469 1471/1471/1471 1434/1434/1434
f 1434/1434/1434 1471/1471/1471 1465/1465/1465
f 1432/1432/1432 1466/1466/1466 1470/1470/1470
f 1421/1421/1421 1419/1419/1419 1472/1472/1472
f 1472/1472/1472 1419/1419/1419 1473/1473/1473
f 1422/1422/1422 1474/1474/1474 1427/1427/1427
f 1427/1427/1427 1474/1474/1474 1475/1475/1475
f 1424/1424/1424 1476/1476/1476 1422/1422/1422
f 1422/1422/1422 1476/1476/1476 1474/1474/1474
f 1477/1477/1477 1429/1429/1429 1475/1475/1475
f 1475/1475/1475 1429/1429/1429 1427/1427/1427
f 1416/1416/1416 1465/1465/1465 1467/1467/1467
f 1467/1467/1467 1465/1465/1465 1471/1471/1471
f 1472/1472/1472 1476/1476/1476 1421/1421/1421
f 1421/1421/1421 1476/1476/1476 1424/1424/1424
f 1478/1478/1478 1470/1470/1470 1466/1466/1466
f 1479/1479/1479 1480/1480/1480 1481/1481/1481
f 1482/1482/1482 1483/1483/1483 1484/1484/1484
f 1484/1484/1484 1483/1483/1483 1485/1485/1485
f 1484/1484/1484 1486/1486/1486 1487/1487/1487
f 1487/1487/1487 1486/1486/1486 1488/1488/1488
f 1486/1486/1486 1489/1489/1489 1490/1490/1490
f 1491/1491/1491 1492/1492/1492 1493/1493/1493
f 1493/1493/1493 1492/1492/1492 1494/1494/1494
f 1492/1492/1492 1495/1495/1495 1494/1494/1494
f 1494/1494/1494 1495/1495/1495 1496/1496/1496
f 1497/1497/1497 1483/1483/1483 1482/1482/1482
f 1498/1498/1498 1499/1499/1499 1495/1495/1495
f 1495/1495/1495 1499/1499/1499 1496/1496/1496
f 1500/1500/1500 1501/1501/1501 1502/1502/1502
f 1497/1497/1497 1503/1503/1503 1504/1504/1504
f 1504/1504/1504 1503/1503/1503 1505/1505/1505
f 1469/1469/1469 1470/1470/1470 1506/1506/1506
f 1507/1507/1507 1508/1508/1508 1469/1469/1469
f 1469/1469/1469 1508/1508/1508 1471/1471/1471
f 1508/1508/1508 1480/1480/1480 1471/1471/1471
f 1495/1495/1495 1509/1509/1509 1498/1498/1498
f 1498/1498/1498 1509/1509/1509 1510/1510/1510
f 1511/1511/1511 1512/1512/1512 1513/1513/1513
f 1492/1492/1492 1491/1491/1491 1514/1514/1514
f 1509/1509/1509 1474/1474/1474 1510/1510/1510
f 1510/1510/1510 1474/1474/1474 1476/1476/1476
f 1475/1475/1475 1515/1515/1515 1477/1477/1477
f 1478/1478/1478 1506/1506/1506 1470/1470/1470
f 1472/1472/1472 1473/1473/1473 1513/1513/1513
f 1513/1513/1513 1473/1473/1473 1511/1511/1511
f 1467/1467/1467 1516/1516/1516 1468/1468/1468
f 1515/1515/1515 1475/1475/1475 1509/1509/1509
f 1509/1509/1509 1475/1475/1475 1474/1474/1474
f 1492/1492/1492 1515/1515/1515 1495/1495/1495
f 1495/1495/1495 1515/1515/1515 1509/1509/1509
f 1502/1502/1502 1501/1501/1501 1498/1498/1498
f 1498/1498/1498 1501/1501/1501 1499/1499/1499
f 1513/1513/1513 1512/1512/1512 1510/1510/1510
f 1510/1510/1510 1512/1512/1512 1498/1498/1498
f 1510/1510/1510 1476/1476/1476 1513/1513/1513
f 1513/1513/1513 1476/1476/1476 1472/1472/1472
f 1502/1502/1502 1512/1512/1512 1500/1500/1500
f 1500/1500/1500 1512/1512/1512 1517/1517/1517
f 1498/1498/1498 1512/1512/1512 1502/1502/1502
f 1517/1517/1517 1512/1512/1512 1511/1511/1511
f 1516/1516/1516 1467/1467/1467 1480/1480/1480
f 1471/1471/1471 1480/1480/1480 1467/1467/1467
f 1516/1516/1516 1480/1480/1480 1479/1479/1479
f 1479/1479/1479 1518/1518/1518 1519/1519/1519
f 1520/1520/1520 1501/1501/1501 1521/1521/1521
f 1521/1521/1521 1501/1501/1501 1522/1522/1522
f 1499/1499/1499 1501/1501/1501 1520/1520/1520
f 1522/1522/1522 1501/1501/1501 1500/1500/1500
f 1518/1518/1518 1497/1497/1497 1519/1519/1519
f 1483/1483/1483 1497/1497/1497 1518/1518/1518
f 1519/1519/1519 1497/1497/1497 1504/1504/1504
f 1492/1492/1492 1514/1514/1514 1515/1515/1515
f 1515/1515/1515 1514/1514/1514 1523/1523/1523
f 1477/1477/1477 1515/1515/1515 1523/1523/1523
f 1506/1506/1506 1524/1524/1524 1525/1525/1525
f 1478/1478/1478 1524/1524/1524 1506/1506/1506
f 1526/1526/1526 1508/1508/1508 1527/1527/1527
f 1527/1527/1527 1508/1508/1508 1507/1507/1507
f 1485/1485/1485 1483/1483/1483 1527/1527/1527
f 1527/1527/1527 1483/1483/1483 1526/1526/1526
f 1482/1482/1482 1484/1484/1484 1528/1528/1528
f 1528/1528/1528 1484/1484/1484 1487/1487/1487
f 1507/1507/1507 1469/1469/1469 1506/1506/1506
f 1525/1525/1525 1489/1489/1489 1486/1486/1486
f 1507/1507/1507 1525/1525/1525 1527/1527/1527
f 1525/1525/1525 1524/1524/1524 1489/1489/1489
f 1518/1518/1518 1481/1481/1481 1526/1526/1526
f 1479/1479/1479 1481/1481/1481 1518/1518/1518
f 1481/1481/1481 1480/1480/1480 1526/1526/1526
f 1526/1526/1526 1480/1480/1480 1508/1508/1508
f 1518/1518/1518 1526/1526/1526 1483/1483/1483
f 1482/1482/1482 1528/1528/1528 1497/1497/1497
f 1497/1497/1497 1528/1528/1528 1503/1503/1503
f 1525/1525/1525 1485/1485/1485 1527/1527/1527
f 1484/1484/1484 1485/1485/1485 1486/1486/1486
f 1525/1525/1525 1486/1486/1486 1485/1485/1485
f 1486/1486/1486 1490/1490/1490 1488/1488/1488
f 1507/1507/1507 1506/1506/1506 1525/1525/1525
f 1529/1529/1529 1530/1530/1530 1531/1531/1531
f 1531/1531/1531 1530/1530/1530 1532/1532/1532
f 1533/1533/1533 1534/1534/1534 1535/1535/1535
f 1536/1536/1536 1537/1537/1537 1538/1538/1538
f 1538/1538/1538 1537/1537/1537 1539/1539/1539
f 1540/1540/1540 1541/1541/1541 1542/1542/1542
f 1542/1542/1542 1541/1541/1541 1543/1543/1543
f 1544/1544/1544 1545/1545/1545 1530/1530/1530
f 1530/1530/1530 1545/1545/1545 1532/1532/1532
f 1534/1534/1534 1546/1546/1546 1535/1535/1535
f 1535/1535/1535 1546/1546/1546 1547/1547/1547
f 1537/1537/1537 1548/1548/1548 1539/1539/1539
f 1539/1539/1539 1548/1548/1548 1549/1549/1549
f 1550/1550/1550 1551/1551/1551 1541/1541/1541
f 1541/1541/1541 1551/1551/1551 1543/1543/1543
f 1537/1537/1537 1536/1536/1536 1535/1535/1535
f 1535/1535/1535 1536/1536/1536 1533/1533/1533
f 1548/1548/1548 1537/1537/1537 1547/1547/1547
f 1547/1547/1547 1537/1537/1537 1535/1535/1535
f 1552/1552/1552 1548/1548/1548 1553/1553/1553
f 1553/1553/1553 1548/1548/1548 1547/1547/1547
f 1546/1546/1546 1554/1554/1554 1547/1547/1547
f 1547/1547/1547 1554/1554/1554 1553/1553/1553
f 1555/1555/1555 1556/1556/1556 1544/1544/1544
f 1544/1544/1544 1556/1556/1556 1545/1545/1545
f 1551/1551/1551 1550/1550/1550 1557/1557/1557
f 1557/1557/1557 1550/1550/1550 1558/1558/1558
f 1548/1548/1548 1552/1552/1552 1549/1549/1549
f 1549/1549/1549 1552/1552/1552 1559/1559/1559
f 1542/1542/1542 1543/1543/1543 1560/1560/1560
f 1560/1560/1560 1543/1543/1543 1561/1561/1561
f 1561/1561/1561 1543/1543/1543 1562/1562/1562
f 1562/1562/1562 1543/1543/1543 1551/1551/1551
f 1562/1562/1562 1551/1551/1551 1563/1563/1563
f 1563/1563/1563 1551/1551/1551 1557/1557/1557
f 1538/1538/1538 1539/1539/1539 1540/1540/1540
f 1540/1540/1540 1539/1539/1539 1541/1541/1541
f 1539/1539/1539 1549/1549/1549 1541/1541/1541
f 1541/1541/1541 1549/1549/1549 1550/1550/1550
f 1556/1556/1556 1554/1554/1554 1545/1545/1545
f 1545/1545/1545 1554/1554/1554 1546/1546/1546
f 1545/1545/1545 1546/1546/1546 1532/1532/1532
f 1532/1532/1532 1546/1546/1546 1534/1534/1534
f 1531/1531/1531 1532/1532/1532 1564/1564/1564
f 1564/1564/1564 1532/1532/1532 1534/1534/1534
f 1564/1564/1564 1534/1534/1534 1533/1533/1533
f 1549/1549/1549 1559/1559/1559 1550/1550/1550
f 1550/1550/1550 1559/1559/1559 1558/1558/1558
f 1565/1565/1565 1566/1566/1566 1529/1529/1529
f 1529/1529/1529 1566/1566/1566 1530/1530/1530
f 1567/1567/1567 1544/1544/1544 1566/1566/1566
f 1566/1566/1566 1544/1544/1544 1530/1530/1530
f 1567/1567/1567 1555/1555/1555 1544/1544/1544
f 1568/1568/1568 1569/1569/1569 1570/1570/1570
f 1570/1570/1570 1569/1569/1569 1571/1571/1571
f 1572/1572/1572 1573/1573/1573 1568/1568/1568
f 1568/1568/1568 1573/1573/1573 1569/1569/1569
f 1574/1574/1574 1575/1575/1575 1572/1572/1572
f 1572/1572/1572 1575/1575/1575 1573/1573/1573
f 1576/1576/1576 1577/1577/1577 1574/1574/1574
f 1574/1574/1574 1577/1577/1577 1575/1575/1575
f 1576/1576/1576 1578/1578/1578 1577/1577/1577
f 1577/1577/1577 1578/1578/1578 1579/1579/1579
f 1570/1570/1570 1571/1571/1571 1580/1580/1580
f 1581/1581/1581 1579/1579/1579 1582/1582/1582
f 1582/1582/1582 1579/1579/1579 1578/1578/1578
f 1583/1583/1583 1584/1584/1584 1585/1585/1585
f 1585/1585/1585 1584/1584/1584 1586/1586/1586
f 1571/1571/1571 1584/1584/1584 1580/1580/1580
f 1580/1580/1580 1584/1584/1584 1583/1583/1583
f 1586/1586/1586 1581/1581/1581 1585/1585/1585
f 1585/1585/1585 1581/1581/1581 1582/1582/1582
f 1587/1587/1587 1588/1588/1588 1589/1589/1589
f 1589/1589/1589 1588/1588/1588 1590/1590/1590
f 1591/1591/1591 1592/1592/1592 1453/1453/1453
f 1453/1453/1453 1592/1592/1592 1458/1458/1458
f 1589/1589/1589 1590/1590/1590 1452/1452/1452
f 1441/1441/1441 1589/1589/1589 1435/1435/1435
f 1435/1435/1435 1589/1589/1589 1452/1452/1452
f 1589/1589/1589 1441/1441/1441 1459/1459/1459
f 1593/1593/1593 1587/1587/1587 1459/1459/1459
f 1459/1459/1459 1587/1587/1587 1589/1589/1589
f 1594/1594/1594 1593/1593/1593 1464/1464/1464
f 1464/1464/1464 1593/1593/1593 1459/1459/1459
f 1595/1595/1595 1596/1596/1596 1597/1597/1597
f 1597/1597/1597 1596/1596/1596 1598/1598/1598
f 1599/1599/1599 1600/1600/1600 1601/1601/1601
f 1601/1601/1601 1600/1600/1600 1602/1602/1602
f 1596/1596/1596 1603/1603/1603 1598/1598/1598
f 1604/1604/1604 1605/1605/1605 1606/1606/1606
f 1605/1605/1605 1603/1603/1603 1606/1606/1606
f 1606/1606/1606 1603/1603/1603 1607/1607/1607
f 1608/1608/1608 1607/1607/1607 1596/1596/1596
f 1596/1596/1596 1607/1607/1607 1603/1603/1603
f 1600/1600/1600 1609/1609/1609 1610/1610/1610
f 1611/1611/1611 1612/1612/1612 1613/1613/1613
f 1596/1596/1596 1614/1614/1614 1608/1608/1608
f 1615/1615/1615 1614/1614/1614 1595/1595/1595
f 1595/1595/1595 1614/1614/1614 1596/1596/1596
f 1616/1616/1616 1617/1617/1617 1615/1615/1615
f 1615/1615/1615 1617/1617/1617 1614/1614/1614
f 1591/1591/1591 1453/1453/1453 1612/1612/1612
f 1612/1612/1612 1453/1453/1453 1455/1455/1455
f 1609/1609/1609 1618/1618/1618 1619/1619/1619
f 1618/1618/1618 1609/1609/1609 1600/1600/1600
f 1600/1600/1600 1599/1599/1599 1618/1618/1618
f 1591/1591/1591 1612/1612/1612 1611/1611/1611
f 1620/1620/1620 1621/1621/1621 1622/1622/1622
f 1623/1623/1623 1624/1624/1624 1451/1451/1451
f 1625/1625/1625 1626/1626/1626 1627/1627/1627
f 1627/1627/1627 1626/1626/1626 1628/1628/1628
f 1452/1452/1452 1629/1629/1629 1451/1451/1451
f 1451/1451/1451 1629/1629/1629 1623/1623/1623
f 1452/1452/1452 1590/1590/1590 1629/1629/1629
f 1630/1630/1630 1631/1631/1631 1623/1623/1623
f 1623/1623/1623 1631/1631/1631 1624/1624/1624
f 1632/1632/1632 1630/1630/1630 1633/1633/1633
f 1633/1633/1633 1630/1630/1630 1623/1623/1623
f 1634/1634/1634 1632/1632/1632 1635/1635/1635
f 1635/1635/1635 1632/1632/1632 1633/1633/1633
f 1636/1636/1636 1637/1637/1637 1635/1635/1635
f 1635/1635/1635 1637/1637/1637 1634/1634/1634
f 1627/1627/1627 1628/1628/1628 1462/1462/1462
f 1462/1462/1462 1628/1628/1628 1461/1461/1461
f 1624/1624/1624 1438/1438/1438 1451/1451/1451
f 1455/1455/1455 1638/1638/1638 1639/1639/1639
f 1460/1460/1460 1461/1461/1461 1640/1640/1640
f 1640/1640/1640 1461/1461/1461 1628/1628/1628
f 1633/1633/1633 1623/1623/1623 1629/1629/1629
f 1590/1590/1590 1635/1635/1635 1629/1629/1629
f 1629/1629/1629 1635/1635/1635 1633/1633/1633
f 1636/1636/1636 1635/1635/1635 1588/1588/1588
f 1588/1588/1588 1635/1635/1635 1590/1590/1590
f 1641/1641/1641 1638/1638/1638 1626/1626/1626
f 1460/1460/1460 1640/1640/1640 1454/1454/1454
f 1455/1455/1455 1454/1454/1454 1640/1640/1640
f 1455/1455/1455 1640/1640/1640 1638/1638/1638
f 1626/1626/1626 1640/1640/1640 1628/1628/1628
f 1626/1626/1626 1638/1638/1638 1640/1640/1640
f 1639/1639/1639 1638/1638/1638 1642/1642/1642
f 1642/1642/1642 1638/1638/1638 1641/1641/1641
f 1642/1642/1642 1641/1641/1641 1643/1643/1643
f 1643/1643/1643 1641/1641/1641 1644/1644/1644
f 1641/1641/1641 1626/1626/1626 1644/1644/1644
f 1644/1644/1644 1626/1626/1626 1645/1645/1645
f 1626/1626/1626 1625/1625/1625 1645/1645/1645
f 1645/1645/1645 1625/1625/1625 1646/1646/1646
f 1631/1631/1631 1630/1630/1630 1647/1647/1647
f 1647/1647/1647 1630/1630/1630 1648/1648/1648
f 1632/1632/1632 1649/1649/1649 1630/1630/1630
f 1630/1630/1630 1649/1649/1649 1648/1648/1648
f 1650/1650/1650 1651/1651/1651 1637/1637/1637
f 1637/1637/1637 1651/1651/1651 1634/1634/1634
f 1634/1634/1634 1651/1651/1651 1632/1632/1632
f 1632/1632/1632 1651/1651/1651 1649/1649/1649
f 1652/1652/1652 1653/1653/1653 1654/1654/1654
f 1654/1654/1654 1653/1653/1653 1655/1655/1655
f 1656/1656/1656 1657/1657/1657 1653/1653/1653
f 1653/1653/1653 1657/1657/1657 1655/1655/1655
f 1658/1658/1658 1657/1657/1657 1659/1659/1659
f 1659/1659/1659 1657/1657/1657 1656/1656/1656
f 1660/1660/1660 1661/1661/1661 1659/1659/1659
f 1659/1659/1659 1661/1661/1661 1658/1658/1658
f 1662/1662/1662 1663/1663/1663 1660/1660/1660
f 1660/1660/1660 1663/1663/1663 1661/1661/1661
f 1664/1664/1664 1665/1665/1665 1662/1662/1662
f 1662/1662/1662 1665/1665/1665 1663/1663/1663
f 1666/1666/1666 1665/1665/1665 1667/1667/1667
f 1667/1667/1667 1665/1665/1665 1664/1664/1664
f 1666/1666/1666 1667/1667/1667 1668/1668/1668
f 1669/1669/1669 1605/1605/1605 1670/1670/1670
f 1671/1671/1671 1613/1613/1613 1672/1672/1672
f 1672/1672/1672 1613/1613/1613 1612/1612/1612
f 1673/1673/1673 1674/1674/1674 1675/1675/1675
f 1675/1675/1675 1674/1674/1674 1676/1676/1676
f 1603/1603/1603 1605/1605/1605 1677/1677/1677
f 1677/1677/1677 1605/1605/1605 1669/1669/1669
f 1598/1598/1598 1603/1603/1603 1677/1677/1677
f 1678/1678/1678 1669/1669/1669 1679/1679/1679
f 1679/1679/1679 1669/1669/1669 1670/1670/1670
f 1680/1680/1680 1681/1681/1681 1678/1678/1678
f 1678/1678/1678 1681/1681/1681 1669/1669/1669
f 1681/1681/1681 1680/1680/1680 1622/1622/1622
f 1622/1622/1622 1680/1680/1680 1620/1620/1620
f 1682/1682/1682 1621/1621/1621 1620/1620/1620
f 1683/1683/1683 1676/1676/1676 1684/1684/1684
f 1684/1684/1684 1676/1676/1676 1674/1674/1674
f 1670/1670/1670 1605/1605/1605 1604/1604/1604
f 1609/1609/1609 1685/1685/1685 1686/1686/1686
f 1687/1687/1687 1688/1688/1688 1683/1683/1683
f 1683/1683/1683 1688/1688/1688 1676/1676/1676
f 1681/1681/1681 1677/1677/1677 1669/1669/1669
f 1598/1598/1598 1677/1677/1677 1622/1622/1622
f 1622/1622/1622 1677/1677/1677 1681/1681/1681
f 1621/1621/1621 1597/1597/1597 1622/1622/1622
f 1622/1622/1622 1597/1597/1597 1598/1598/1598
f 1689/1689/1689 1675/1675/1675 1686/1686/1686
f 1687/1687/1687 1610/1610/1610 1688/1688/1688
f 1609/1609/1609 1688/1688/1688 1610/1610/1610
f 1609/1609/1609 1686/1686/1686 1688/1688/1688
f 1675/1675/1675 1676/1676/1676 1688/1688/1688
f 1675/1675/1675 1688/1688/1688 1686/1686/1686
f 1685/1685/1685 1690/1690/1690 1686/1686/1686
f 1686/1686/1686 1690/1690/1690 1689/1689/1689
f 1672/1672/1672 1691/1691/1691 1671/1671/1671
f 1671/1671/1671 1691/1691/1691 1692/1692/1692
f 1691/1691/1691 1693/1693/1693 1692/1692/1692
f 1692/1692/1692 1693/1693/1693 1694/1694/1694
f 1690/1690/1690 1695/1695/1695 1689/1689/1689
f 1689/1689/1689 1695/1695/1695 1696/1696/1696
f 1689/1689/1689 1696/1696/1696 1675/1675/1675
f 1675/1675/1675 1696/1696/1696 1697/1697/1697
f 1675/1675/1675 1697/1697/1697 1673/1673/1673
f 1673/1673/1673 1697/1697/1697 1698/1698/1698
f 1679/1679/1679 1699/1699/1699 1678/1678/1678
f 1678/1678/1678 1699/1699/1699 1700/1700/1700
f 1700/1700/1700 1701/1701/1701 1678/1678/1678
f 1678/1678/1678 1701/1701/1701 1680/1680/1680
f 1702/1702/1702 1682/1682/1682 1703/1703/1703
f 1703/1703/1703 1682/1682/1682 1620/1620/1620
f 1701/1701/1701 1703/1703/1703 1680/1680/1680
f 1680/1680/1680 1703/1703/1703 1620/1620/1620
f 1652/1652/1652 1654/1654/1654 1704/1704/1704
f 1704/1704/1704 1654/1654/1654 1705/1705/1705
f 1706/1706/1706 1704/1704/1704 1707/1707/1707
f 1707/1707/1707 1704/1704/1704 1705/1705/1705
f 1706/1706/1706 1707/1707/1707 1708/1708/1708
f 1708/1708/1708 1707/1707/1707 1709/1709/1709
f 1709/1709/1709 1710/1710/1710 1708/1708/1708
f 1708/1708/1708 1710/1710/1710 1711/1711/1711
f 1710/1710/1710 1712/1712/1712 1711/1711/1711
f 1711/1711/1711 1712/1712/1712 1713/1713/1713
f 1712/1712/1712 1714/1714/1714 1713/1713/1713
f 1713/1713/1713 1714/1714/1714 1715/1715/1715
f 1716/1716/1716 1717/1717/1717 1714/1714/1714
f 1714/1714/1714 1717/1717/1717 1715/1715/1715
f 1718/1718/1718 1719/1719/1719 1720/1720/1720
f 1721/1721/1721 1717/1717/1717 1722/1722/1722
f 1643/1643/1643 1693/1693/1693 1642/1642/1642
f 1642/1642/1642 1693/1693/1693 1691/1691/1691
f 1672/1672/1672 1639/1639/1639 1691/1691/1691
f 1691/1691/1691 1639/1639/1639 1642/1642/1642
f 1612/1612/1612 1455/1455/1455 1672/1672/1672
f 1672/1672/1672 1455/1455/1455 1639/1639/1639
f 1723/1723/1723 1724/1724/1724 1690/1690/1690
f 1690/1690/1690 1724/1724/1724 1695/1695/1695
f 1725/1725/1725 1723/1723/1723 1685/1685/1685
f 1685/1685/1685 1723/1723/1723 1690/1690/1690
f 1685/1685/1685 1609/1609/1609 1725/1725/1725
f 1725/1725/1725 1609/1609/1609 1619/1619/1619
f 1717/1717/1717 1716/1716/1716 1722/1722/1722
f 1722/1722/1722 1716/1716/1716 1726/1726/1726
f 1719/1719/1719 1718/1718/1718 1727/1727/1727
f 1727/1727/1727 1718/1718/1718 1728/1728/1728
f 1727/1727/1727 1668/1668/1668 1719/1719/1719
f 1666/1666/1666 1668/1668/1668 1727/1727/1727
f 1729/1729/1729 1730/1730/1730 1731/1731/1731
f 1732/1732/1732 1733/1733/1733 1734/1734/1734
f 1734/1734/1734 1733/1733/1733 1735/1735/1735
f 1733/1733/1733 1736/1736/1736 1735/1735/1735
f 1735/1735/1735 1736/1736/1736 1737/1737/1737
f 1738/1738/1738 1739/1739/1739 1740/1740/1740
f 1740/1740/1740 1739/1739/1739 1741/1741/1741
f 1742/1742/1742 1743/1743/1743 1744/1744/1744
f 1744/1744/1744 1743/1743/1743 1745/1745/1745
f 1746/1746/1746 1747/1747/1747 1748/1748/1748
f 1748/1748/1748 1747/1747/1747 1749/1749/1749
f 1750/1750/1750 1729/1729/1729 1751/1751/1751
f 1751/1751/1751 1729/1729/1729 1752/1752/1752
f 1753/1753/1753 1750/1750/1750 1754/1754/1754
f 1754/1754/1754 1750/1750/1750 1751/1751/1751
f 1755/1755/1755 1756/1756/1756 1757/1757/1757
f 1757/1757/1757 1756/1756/1756 1758/1758/1758
f 1759/1759/1759 1756/1756/1756 1760/1760/1760
f 1760/1760/1760 1756/1756/1756 1755/1755/1755
f 1761/1761/1761 1759/1759/1759 1745/1745/1745
f 1745/1745/1745 1759/1759/1759 1760/1760/1760
f 1752/1752/1752 1729/1729/1729 1749/1749/1749
f 1749/1749/1749 1729/1729/1729 1748/1748/1748
f 1761/1761/1761 1762/1762/1762 1763/1763/1763
f 1763/1763/1763 1762/1762/1762 1764/1764/1764
f 1765/1765/1765 1758/1758/1758 1766/1766/1766
f 1766/1766/1766 1758/1758/1758 1756/1756/1756
f 1730/1730/1730 1750/1750/1750 1767/1767/1767
f 1767/1767/1767 1750/1750/1750 1753/1753/1753
f 1750/1750/1750 1730/1730/1730 1729/1729/1729
f 1768/1768/1768 1748/1748/1748 1731/1731/1731
f 1731/1731/1731 1748/1748/1748 1729/1729/1729
f 1769/1769/1769 1770/1770/1770 1768/1768/1768
f 1768/1768/1768 1770/1770/1770 1748/1748/1748
f 1747/1747/1747 1771/1771/1771 1749/1749/1749
f 1749/1749/1749 1771/1771/1771 1772/1772/1772
f 1752/1752/1752 1749/1749/1749 1773/1773/1773
f 1773/1773/1773 1749/1749/1749 1772/1772/1772
f 1774/1774/1774 1752/1752/1752 1773/1773/1773
f 1774/1774/1774 1775/1775/1775 1776/1776/1776
f 1776/1776/1776 1775/1775/1775 1777/1777/1777
f 1778/1778/1778 1779/1779/1779 1780/1780/1780
f 1780/1780/1780 1779/1779/1779 1781/1781/1781
f 1780/1780/1780 1781/1781/1781 1782/1782/1782
f 1782/1782/1782 1781/1781/1781 1783/1783/1783
f 1784/1784/1784 1744/1744/1744 1783/1783/1783
f 1783/1783/1783 1744/1744/1744 1782/1782/1782
f 1742/1742/1742 1744/1744/1744 1785/1785/1785
f 1785/1785/1785 1744/1744/1744 1784/1784/1784
f 1762/1762/1762 1761/1761/1761 1743/1743/1743
f 1743/1743/1743 1761/1761/1761 1745/1745/1745
f 1744/1744/1744 1745/1745/1745 1782/1782/1782
f 1782/1782/1782 1745/1745/1745 1760/1760/1760
f 1755/1755/1755 1780/1780/1780 1760/1760/1760
f 1760/1760/1760 1780/1780/1780 1782/1782/1782
f 1774/1774/1774 1773/1773/1773 1775/1775/1775
f 1775/1775/1775 1773/1773/1773 1786/1786/1786
f 1787/1787/1787 1786/1786/1786 1772/1772/1772
f 1772/1772/1772 1786/1786/1786 1773/1773/1773
f 1788/1788/1788 1787/1787/1787 1771/1771/1771
f 1771/1771/1771 1787/1787/1787 1772/1772/1772
f 1780/1780/1780 1755/1755/1755 1778/1778/1778
f 1778/1778/1778 1755/1755/1755 1757/1757/1757
f 1774/1774/1774 1776/1776/1776 1751/1751/1751
f 1751/1751/1751 1776/1776/1776 1754/1754/1754
f 1774/1774/1774 1751/1751/1751 1752/1752/1752
f 1789/1789/1789 1746/1746/1746 1770/1770/1770
f 1770/1770/1770 1746/1746/1746 1748/1748/1748
f 1756/1756/1756 1790/1790/1790 1766/1766/1766
f 1766/1766/1766 1790/1790/1790 1791/1791/1791
f 1792/1792/1792 1790/1790/1790 1759/1759/1759
f 1793/1793/1793 1792/1792/1792 1763/1763/1763
f 1763/1763/1763 1792/1792/1792 1761/1761/1761
f 1794/1794/1794 1793/1793/1793 1763/1763/1763
f 1766/1766/1766 1791/1791/1791 1795/1795/1795
f 1756/1756/1756 1759/1759/1759 1790/1790/1790
f 1759/1759/1759 1761/1761/1761 1792/1792/1792
f 1796/1796/1796 1797/1797/1797 1798/1798/1798
f 1798/1798/1798 1797/1797/1797 1799/1799/1799
f 1746/1746/1746 1800/1800/1800 1747/1747/1747
f 1747/1747/1747 1800/1800/1800 1801/1801/1801
f 1802/1802/1802 1803/1803/1803 1804/1804/1804
f 1804/1804/1804 1803/1803/1803 1805/1805/1805
f 1804/1804/1804 1805/1805/1805 1806/1806/1806
f 1806/1806/1806 1805/1805/1805 1807/1807/1807
f 1808/1808/1808 1809/1809/1809 1810/1810/1810
f 1810/1810/1810 1809/1809/1809 1811/1811/1811
f 1808/1808/1808 1810/1810/1810 1812/1812/1812
f 1812/1812/1812 1810/1810/1810 1813/1813/1813
f 1812/1812/1812 1813/1813/1813 1796/1796/1796
f 1796/1796/1796 1813/1813/1813 1814/1814/1814
f 1802/1802/1802 1801/1801/1801 1803/1803/1803
f 1803/1803/1803 1801/1801/1801 1800/1800/1800
f 1814/1814/1814 1815/1815/1815 1816/1816/1816
f 1816/1816/1816 1815/1815/1815 1817/1817/1817
f 1818/1818/1818 1819/1819/1819 1820/1820/1820
f 1820/1820/1820 1819/1819/1819 1821/1821/1821
f 1822/1822/1822 1823/1823/1823 1811/1811/1811
f 1811/1811/1811 1823/1823/1823 1810/1810/1810
f 1824/1824/1824 1825/1825/1825 1805/1805/1805
f 1805/1805/1805 1825/1825/1825 1807/1807/1807
f 1826/1826/1826 1824/1824/1824 1803/1803/1803
f 1803/1803/1803 1824/1824/1824 1805/1805/1805
f 1827/1827/1827 1826/1826/1826 1800/1800/1800
f 1800/1800/1800 1826/1826/1826 1803/1803/1803
f 1747/1747/1747 1801/1801/1801 1771/1771/1771
f 1771/1771/1771 1801/1801/1801 1828/1828/1828
f 1802/1802/1802 1829/1829/1829 1801/1801/1801
f 1801/1801/1801 1829/1829/1829 1828/1828/1828
f 1830/1830/1830 1829/1829/1829 1802/1802/1802
f 1830/1830/1830 1831/1831/1831 1832/1832/1832
f 1832/1832/1832 1831/1831/1831 1833/1833/1833
f 1834/1834/1834 1835/1835/1835 1836/1836/1836
f 1836/1836/1836 1835/1835/1835 1837/1837/1837
f 1835/1835/1835 1838/1838/1838 1837/1837/1837
f 1837/1837/1837 1838/1838/1838 1839/1839/1839
f 1840/1840/1840 1839/1839/1839 1798/1798/1798
f 1798/1798/1798 1839/1839/1839 1838/1838/1838
f 1840/1840/1840 1798/1798/1798 1841/1841/1841
f 1841/1841/1841 1798/1798/1798 1799/1799/1799
f 1796/1796/1796 1814/1814/1814 1797/1797/1797
f 1797/1797/1797 1814/1814/1814 1816/1816/1816
f 1812/1812/1812 1796/1796/1796 1838/1838/1838
f 1838/1838/1838 1796/1796/1796 1798/1798/1798
f 1808/1808/1808 1812/1812/1812 1835/1835/1835
f 1835/1835/1835 1812/1812/1812 1838/1838/1838
f 1830/1830/1830 1832/1832/1832 1829/1829/1829
f 1829/1829/1829 1832/1832/1832 1842/1842/1842
f 1829/1829/1829 1842/1842/1842 1828/1828/1828
f 1828/1828/1828 1842/1842/1842 1843/1843/1843
f 1788/1788/1788 1771/1771/1771 1843/1843/1843
f 1843/1843/1843 1771/1771/1771 1828/1828/1828
f 1809/1809/1809 1808/1808/1808 1834/1834/1834
f 1834/1834/1834 1808/1808/1808 1835/1835/1835
f 1830/1830/1830 1804/1804/1804 1831/1831/1831
f 1831/1831/1831 1804/1804/1804 1806/1806/1806
f 1830/1830/1830 1802/1802/1802 1804/1804/1804
f 1844/1844/1844 1845/1845/1845 1846/1846/1846
f 1846/1846/1846 1845/1845/1845 1847/1847/1847
f 1848/1848/1848 1849/1849/1849 1847/1847/1847
f 1847/1847/1847 1849/1849/1849 1846/1846/1846
f 1850/1850/1850 1849/1849/1849 1851/1851/1851
f 1851/1851/1851 1849/1849/1849 1848/1848/1848
f 1852/1852/1852 1850/1850/1850 1853/1853/1853
f 1853/1853/1853 1850/1850/1850 1851/1851/1851
f 1847/1847/1847 1845/1845/1845 1854/1854/1854
f 1854/1854/1854 1845/1845/1845 1855/1855/1855
f 1848/1848/1848 1847/1847/1847 1856/1856/1856
f 1856/1856/1856 1847/1847/1847 1854/1854/1854
f 1857/1857/1857 1851/1851/1851 1856/1856/1856
f 1856/1856/1856 1851/1851/1851 1848/1848/1848
f 1851/1851/1851 1857/1857/1857 1853/1853/1853
f 1853/1853/1853 1857/1857/1857 1858/1858/1858
f 1813/1813/1813 1859/1859/1859 1814/1814/1814
f 1860/1860/1860 1823/1823/1823 1861/1861/1861
f 1862/1862/1862 1859/1859/1859 1813/1813/1813
f 1820/1820/1820 1821/1821/1821 1863/1863/1863
f 1863/1863/1863 1821/1821/1821 1864/1864/1864
f 1814/1814/1814 1859/1859/1859 1815/1815/1815
f 1815/1815/1815 1859/1859/1859 1865/1865/1865
f 1810/1810/1810 1862/1862/1862 1813/1813/1813
f 1815/1815/1815 1865/1865/1865 1866/1866/1866
f 1810/1810/1810 1823/1823/1823 1862/1862/1862
f 1862/1862/1862 1823/1823/1823 1860/1860/1860
f 1738/1738/1738 1740/1740/1740 1867/1867/1867
f 1867/1867/1867 1740/1740/1740 1868/1868/1868
f 1800/1800/1800 1746/1746/1746 1869/1869/1869
f 1869/1869/1869 1746/1746/1746 1789/1789/1789
f 1800/1800/1800 1869/1869/1869 1827/1827/1827
f 1827/1827/1827 1869/1869/1869 1870/1870/1870
f 1871/1871/1871 1872/1872/1872 1873/1873/1873
f 1874/1874/1874 1872/1872/1872 1871/1871/1871
f 1875/1875/1875 1876/1876/1876 1877/1877/1877
f 1877/1877/1877 1876/1876/1876 1878/1878/1878
f 1874/1874/1874 1879/1879/1879 1872/1872/1872
f 1872/1872/1872 1879/1879/1879 1880/1880/1880
f 1878/1878/1878 1871/1871/1871 1877/1877/1877
f 1877/1877/1877 1871/1871/1871 1873/1873/1873
f 1881/1881/1881 1882/1882/1882 1883/1883/1883
f 1884/1884/1884 1885/1885/1885 1886/1886/1886
f 1886/1886/1886 1885/1885/1885 1882/1882/1882
f 1882/1882/1882 1881/1881/1881 1886/1886/1886
f 1886/1886/1886 1881/1881/1881 1887/1887/1887
f 1883/1883/1883 1882/1882/1882 1888/1888/1888
f 1888/1888/1888 1882/1882/1882 1889/1889/1889
f 1889/1889/1889 1882/1882/1882 1885/1885/1885
f 1890/1890/1890 1889/1889/1889 1891/1891/1891
f 1891/1891/1891 1889/1889/1889 1885/1885/1885
f 1891/1891/1891 1885/1885/1885 1892/1892/1892
f 1892/1892/1892 1885/1885/1885 1884/1884/1884
f 1893/1893/1893 1874/1874/1874 1894/1894/1894
f 1894/1894/1894 1874/1874/1874 1871/1871/1871
f 1893/1893/1893 1894/1894/1894 1895/1895/1895
f 1895/1895/1895 1894/1894/1894 1896/1896/1896
f 1894/1894/1894 1871/1871/1871 1897/1897/1897
f 1897/1897/1897 1871/1871/1871 1878/1878/1878
f 1896/1896/1896 1894/1894/1894 1898/1898/1898
f 1898/1898/1898 1894/1894/1894 1897/1897/1897
f 1898/1898/1898 1897/1897/1897 1899/1899/1899
f 1899/1899/1899 1897/1897/1897 1900/1900/1900
f 1897/1897/1897 1878/1878/1878 1900/1900/1900
f 1900/1900/1900 1878/1878/1878 1876/1876/1876
f 1901/1901/1901 1893/1893/1893 1902/1902/1902
f 1902/1902/1902 1893/1893/1893 1895/1895/1895
f 1893/1893/1893 1901/1901/1901 1874/1874/1874
f 1874/1874/1874 1901/1901/1901 1879/1879/1879
f 1903/1903/1903 1904/1904/1904 1883/1883/1883
f 1883/1883/1883 1904/1904/1904 1881/1881/1881
f 1904/1904/1904 1905/1905/1905 1881/1881/1881
f 1881/1881/1881 1905/1905/1905 1887/1887/1887
f 1906/1906/1906 1907/1907/1907 1908/1908/1908
f 1909/1909/1909 1910/1910/1910 1911/1911/1911
f 1911/1911/1911 1910/1910/1910 1912/1912/1912
f 1912/1912/1912 1910/1910/1910 1913/1913/1913
f 1913/1913/1913 1910/1910/1910 1914/1914/1914
f 1915/1915/1915 1916/1916/1916 1909/1909/1909
f 1909/1909/1909 1916/1916/1916 1910/1910/1910
f 1915/1915/1915 1917/1917/1917 1918/1918/1918
f 1915/1915/1915 1918/1918/1918 1916/1916/1916
f 1919/1919/1919 1920/1920/1920 1915/1915/1915
f 1915/1915/1915 1920/1920/1920 1917/1917/1917
f 1920/1920/1920 1921/1921/1921 1917/1917/1917
f 1922/1922/1922 1914/1914/1914 1918/1918/1918
f 1918/1918/1918 1914/1914/1914 1916/1916/1916
f 1917/1917/1917 1921/1921/1921 1918/1918/1918
f 1918/1918/1918 1921/1921/1921 1923/1923/1923
f 1910/1910/1910 1916/1916/1916 1914/1914/1914
f 1924/1924/1924 1925/1925/1925 1921/1921/1921
f 1921/1921/1921 1925/1925/1925 1923/1923/1923
f 1922/1922/1922 1926/1926/1926 1914/1914/1914
f 1914/1914/1914 1926/1926/1926 1913/1913/1913
f 1919/1919/1919 1927/1927/1927 1920/1920/1920
f 1920/1920/1920 1927/1927/1927 1928/1928/1928
f 1920/1920/1920 1928/1928/1928 1921/1921/1921
f 1921/1921/1921 1928/1928/1928 1924/1924/1924
f 1929/1929/1929 1930/1930/1930 1931/1931/1931
f 1931/1931/1931 1930/1930/1930 1932/1932/1932
f 1932/1932/1932 1933/1933/1933 1931/1931/1931
f 1931/1931/1931 1933/1933/1933 1934/1934/1934
f 1932/1932/1932 1935/1935/1935 1933/1933/1933
f 1933/1933/1933 1935/1935/1935 1906/1906/1906
f 1932/1932/1932 1930/1930/1930 1935/1935/1935
f 1935/1935/1935 1930/1930/1930 1936/1936/1936
f 1937/1937/1937 1938/1938/1938 1906/1906/1906
f 1906/1906/1906 1938/1938/1938 1933/1933/1933
f 1938/1938/1938 1934/1934/1934 1933/1933/1933
f 1939/1939/1939 1936/1936/1936 1940/1940/1940
f 1940/1940/1940 1936/1936/1936 1930/1930/1930
f 1929/1929/1929 1940/1940/1940 1930/1930/1930
f 1941/1941/1941 1907/1907/1907 1936/1936/1936
f 1936/1936/1936 1907/1907/1907 1935/1935/1935
f 1935/1935/1935 1907/1907/1907 1906/1906/1906
f 1907/1907/1907 1888/1888/1888 1908/1908/1908
f 1908/1908/1908 1888/1888/1888 1889/1889/1889
f 1883/1883/1883 1888/1888/1888 1941/1941/1941
f 1941/1941/1941 1888/1888/1888 1907/1907/1907
f 1889/1889/1889 1890/1890/1890 1908/1908/1908
f 1908/1908/1908 1890/1890/1890 1942/1942/1942
f 1908/1908/1908 1942/1942/1942 1906/1906/1906
f 1877/1877/1877 1909/1909/1909 1875/1875/1875
f 1875/1875/1875 1909/1909/1909 1911/1911/1911
f 1877/1877/1877 1873/1873/1873 1909/1909/1909
f 1909/1909/1909 1873/1873/1873 1915/1915/1915
f 1872/1872/1872 1919/1919/1919 1873/1873/1873
f 1873/1873/1873 1919/1919/1919 1915/1915/1915
f 1872/1872/1872 1880/1880/1880 1919/1919/1919
f 1919/1919/1919 1880/1880/1880 1927/1927/1927
f 1942/1942/1942 1937/1937/1937 1906/1906/1906
f 1939/1939/1939 1943/1943/1943 1936/1936/1936
f 1943/1943/1943 1903/1903/1903 1941/1941/1941
f 1941/1941/1941 1903/1903/1903 1883/1883/1883
f 1943/1943/1943 1941/1941/1941 1936/1936/1936
f 1944/1944/1944 1945/1945/1945 1946/1946/1946
f 1947/1947/1947 1948/1948/1948 1949/1949/1949
f 1950/1950/1950 1951/1951/1951 1952/1952/1952
f 1953/1953/1953 1952/1952/1952 1954/1954/1954
f 1952/1952/1952 1951/1951/1951 1954/1954/1954
f 1741/1741/1741 1955/1955/1955 1740/1740/1740
f 1740/1740/1740 1955/1955/1955 1956/1956/1956
f 1764/1764/1764 1957/1957/1957 1763/1763/1763
f 1763/1763/1763 1957/1957/1957 1958/1958/1958
f 1763/1763/1763 1958/1958/1958 1794/1794/1794
f 1768/1768/1768 1959/1959/1959 1769/1769/1769
f 1960/1960/1960 1961/1961/1961 1815/1815/1815
f 1815/1815/1815 1961/1961/1961 1817/1817/1817
f 1949/1949/1949 1948/1948/1948 1962/1962/1962
f 1960/1960/1960 1963/1963/1963 1961/1961/1961
f 1964/1964/1964 1965/1965/1965 1966/1966/1966
f 1966/1966/1966 1965/1965/1965 1945/1945/1945
f 1964/1964/1964 1966/1966/1966 1844/1844/1844
f 1844/1844/1844 1966/1966/1966 1845/1845/1845
f 1967/1967/1967 1968/1968/1968 1969/1969/1969
f 1969/1969/1969 1968/1968/1968 1970/1970/1970
f 1946/1946/1946 1945/1945/1945 1965/1965/1965
f 1971/1971/1971 1967/1967/1967 1969/1969/1969
f 1972/1972/1972 1973/1973/1973 1974/1974/1974
f 1974/1974/1974 1973/1973/1973 1975/1975/1975
f 1976/1976/1976 1966/1966/1966 1977/1977/1977
f 1977/1977/1977 1966/1966/1966 1945/1945/1945
f 1845/1845/1845 1966/1966/1966 1855/1855/1855
f 1855/1855/1855 1966/1966/1966 1976/1976/1976
f 1945/1945/1945 1944/1944/1944 1978/1978/1978
f 1945/1945/1945 1978/1978/1978 1977/1977/1977
f 1973/1973/1973 1972/1972/1972 1979/1979/1979
f 1866/1866/1866 1960/1960/1960 1815/1815/1815
f 1952/1952/1952 1980/1980/1980 1950/1950/1950
f 1967/1967/1967 1971/1971/1971 1973/1973/1973
f 1973/1973/1973 1971/1971/1971 1975/1975/1975
f 1953/1953/1953 1981/1981/1981 1952/1952/1952
f 1952/1952/1952 1981/1981/1981 1980/1980/1980
f 1827/1827/1827 1870/1870/1870 1982/1982/1982
f 1956/1956/1956 1983/1983/1983 1740/1740/1740
f 1740/1740/1740 1983/1983/1983 1868/1868/1868
f 1984/1984/1984 1985/1985/1985 1606/1606/1606
f 1606/1606/1606 1985/1985/1985 1604/1604/1604
f 1607/1607/1607 1608/1608/1608 1986/1986/1986
f 1986/1986/1986 1608/1608/1608 1987/1987/1987
f 1988/1988/1988 1989/1989/1989 1990/1990/1990
f 1990/1990/1990 1989/1989/1989 1991/1991/1991
f 1992/1992/1992 1993/1993/1993 1994/1994/1994
f 1994/1994/1994 1993/1993/1993 1995/1995/1995
f 1984/1984/1984 1996/1996/1996 1985/1985/1985
f 1985/1985/1985 1996/1996/1996 1997/1997/1997
f 1987/1987/1987 1998/1998/1998 1986/1986/1986
f 1986/1986/1986 1998/1998/1998 1999/1999/1999
f 2000/2000/2000 2001/2001/2001 2002/2002/2002
f 2002/2002/2002 2001/2001/2001 2003/2003/2003
f 1987/1987/1987 2004/2004/2004 1998/1998/1998
f 1998/1998/1998 2004/2004/2004 2005/2005/2005
f 1993/1993/1993 2001/2001/2001 1995/1995/1995
f 1995/1995/1995 2001/2001/2001 2000/2000/2000
f 1988/1988/1988 1602/1602/1602 1989/1989/1989
f 1989/1989/1989 1602/1602/1602 1600/1600/1600
f 1608/1608/1608 1614/1614/1614 1987/1987/1987
f 1987/1987/1987 1614/1614/1614 2004/2004/2004
f 1606/1606/1606 1607/1607/1607 1984/1984/1984
f 1984/1984/1984 1607/1607/1607 1986/1986/1986
f 1986/1986/1986 1999/1999/1999 1984/1984/1984
f 1984/1984/1984 1999/1999/1999 1996/1996/1996
f 1687/1687/1687 1993/1993/1993 1610/1610/1610
f 1610/1610/1610 1993/1993/1993 1992/1992/1992
f 1993/1993/1993 1687/1687/1687 2001/2001/2001
f 2001/2001/2001 1687/1687/1687 1683/1683/1683
f 2001/2001/2001 1683/1683/1683 2003/2003/2003
f 2003/2003/2003 1683/1683/1683 1684/1684/1684
f 1610/1610/1610 1992/1992/1992 1600/1600/1600
f 1600/1600/1600 1992/1992/1992 1989/1989/1989
f 1992/1992/1992 1994/1994/1994 1989/1989/1989
f 1989/1989/1989 1994/1994/1994 1991/1991/1991
f 1614/1614/1614 1617/1617/1617 2004/2004/2004
f 2004/2004/2004 1617/1617/1617 2006/2006/2006
f 2004/2004/2004 2006/2006/2006 2005/2005/2005
f 2005/2005/2005 2006/2006/2006 2007/2007/2007
f 2008/2008/2008 2009/2009/2009 2007/2007/2007
f 2007/2007/2007 2009/2009/2009 2005/2005/2005
f 1990/1990/1990 1991/1991/1991 2010/2010/2010
f 1991/1991/1991 2011/2011/2011 2010/2010/2010
f 1994/1994/1994 1995/1995/1995 2012/2012/2012
f 2012/2012/2012 1995/1995/1995 2013/2013/2013
f 2014/2014/2014 2015/2015/2015 2002/2002/2002
f 2002/2002/2002 2015/2015/2015 2000/2000/2000
f 1996/1996/1996 2016/2016/2016 1997/1997/1997
f 1997/1997/1997 2016/2016/2016 2017/2017/2017
f 1999/1999/1999 2018/2018/2018 1996/1996/1996
f 1996/1996/1996 2018/2018/2018 2016/2016/2016
f 1998/1998/1998 2019/2019/2019 1999/1999/1999
f 1999/1999/1999 2019/2019/2019 2018/2018/2018
f 2009/2009/2009 2019/2019/2019 2005/2005/2005
f 2005/2005/2005 2019/2019/2019 1998/1998/1998
f 2015/2015/2015 2013/2013/2013 2000/2000/2000
f 2000/2000/2000 2013/2013/2013 1995/1995/1995
f 1994/1994/1994 2012/2012/2012 1991/1991/1991
f 1991/1991/1991 2012/2012/2012 2011/2011/2011
f 1970/1970/1970 2020/2020/2020 2021/2021/2021
f 1968/1968/1968 2020/2020/2020 1970/1970/1970
f 2022/2022/2022 2023/2023/2023 2024/2024/2024
f 2025/2025/2025 2026/2026/2026 2022/2022/2022
f 2022/2022/2022 2026/2026/2026 2023/2023/2023
f 2027/2027/2027 2028/2028/2028 2029/2029/2029
f 2028/2028/2028 2026/2026/2026 2029/2029/2029
f 2029/2029/2029 2026/2026/2026 2025/2025/2025
f 2030/2030/2030 2031/2031/2031 2032/2032/2032
f 2033/2033/2033 1948/1948/1948 1947/1947/1947
f 2034/2034/2034 1732/1732/1732 2035/2035/2035
f 2035/2035/2035 1732/1732/1732 1734/1734/1734
f 2033/2033/2033 2036/2036/2036 1948/1948/1948
f 1948/1948/1948 2036/2036/2036 2037/2037/2037
f 2038/2038/2038 2034/2034/2034 2039/2039/2039
f 2039/2039/2039 2034/2034/2034 2035/2035/2035
f 2040/2040/2040 2041/2041/2041 2042/2042/2042
f 2031/2031/2031 2043/2043/2043 2044/2044/2044
f 2045/2045/2045 2046/2046/2046 2047/2047/2047
f 2047/2047/2047 2046/2046/2046 2048/2048/2048
f 2049/2049/2049 2050/2050/2050 2051/2051/2051
f 2051/2051/2051 2050/2050/2050 2045/2045/2045
f 2039/2039/2039 2044/2044/2044 2038/2038/2038
f 2038/2038/2038 2044/2044/2044 2043/2043/2043
f 2049/2049/2049 2052/2052/2052 2050/2050/2050
f 2050/2050/2050 2052/2052/2052 2030/2030/2030
f 2053/2053/2053 2050/2050/2050 2054/2054/2054
f 2054/2054/2054 2050/2050/2050 2030/2030/2030
f 2032/2032/2032 2031/2031/2031 2055/2055/2055
f 2030/2030/2030 2032/2032/2032 2054/2054/2054
f 2046/2046/2046 2045/2045/2045 2053/2053/2053
f 2053/2053/2053 2045/2045/2045 2050/2050/2050
f 2040/2040/2040 2056/2056/2056 2057/2057/2057
f 2058/2058/2058 2059/2059/2059 2040/2040/2040
f 2040/2040/2040 2059/2059/2059 2041/2041/2041
f 2058/2058/2058 2040/2040/2040 2057/2057/2057
f 2051/2051/2051 2045/2045/2045 2060/2060/2060
f 2060/2060/2060 2045/2045/2045 2047/2047/2047
f 2031/2031/2031 2061/2061/2061 2043/2043/2043
f 2052/2052/2052 2061/2061/2061 2030/2030/2030
f 2030/2030/2030 2061/2061/2061 2031/2031/2031
f 2055/2055/2055 2031/2031/2031 2044/2044/2044
f 2062/2062/2062 1951/1951/1951 1950/1950/1950
f 2056/2056/2056 2040/2040/2040 2063/2063/2063
f 2040/2040/2040 2064/2064/2064 2063/2063/2063
f 2056/2056/2056 2063/2063/2063 2065/2065/2065
f 2040/2040/2040 2042/2042/2042 2064/2064/2064
f 2064/2064/2064 2042/2042/2042 2066/2066/2066
f 2067/2067/2067 2062/2062/2062 1950/1950/1950
f 2068/2068/2068 2069/2069/2069 1950/1950/1950
f 1950/1950/1950 2069/2069/2069 2067/2067/2067
f 2068/2068/2068 2070/2070/2070 2069/2069/2069
f 2058/2058/2058 2071/2071/2071 2047/2047/2047
f 2047/2047/2047 2071/2071/2071 2060/2060/2060
f 2058/2058/2058 2057/2057/2057 2071/2071/2071
f 2072/2072/2072 2073/2073/2073 2074/2074/2074
f 2074/2074/2074 2073/2073/2073 2075/2075/2075
f 2076/2076/2076 2077/2077/2077 2075/2075/2075
f 2075/2075/2075 2077/2077/2077 2074/2074/2074
f 2078/2078/2078 2075/2075/2075 2079/2079/2079
f 2073/2073/2073 2079/2079/2079 2075/2075/2075
f 2076/2076/2076 2075/2075/2075 2078/2078/2078
f 2080/2080/2080 1730/1730/1730 2081/2081/2081
f 2081/2081/2081 1730/1730/1730 1767/1767/1767
f 1730/1730/1730 2080/2080/2080 1731/1731/1731
f 1731/1731/1731 2080/2080/2080 2082/2082/2082
f 1795/1795/1795 2083/2083/2083 1766/1766/1766
f 1766/1766/1766 2083/2083/2083 2084/2084/2084
f 1794/1794/1794 1958/1958/1958 2085/2085/2085
f 2086/2086/2086 1768/1768/1768 2082/2082/2082
f 2082/2082/2082 1768/1768/1768 1731/1731/1731
f 2084/2084/2084 2087/2087/2087 1766/1766/1766
f 1766/1766/1766 2087/2087/2087 1765/1765/1765
f 2082/2082/2082 2088/2088/2088 2086/2086/2086
f 2086/2086/2086 2088/2088/2088 2089/2089/2089
f 1958/1958/1958 1957/1957/1957 2090/2090/2090
f 2090/2090/2090 1957/1957/1957 2091/2091/2091
f 1958/1958/1958 2090/2090/2090 2085/2085/2085
f 2085/2085/2085 2090/2090/2090 2092/2092/2092
f 2093/2093/2093 2094/2094/2094 2095/2095/2095
f 2096/2096/2096 2093/2093/2093 2097/2097/2097
f 2097/2097/2097 2093/2093/2093 2095/2095/2095
f 2098/2098/2098 2099/2099/2099 2097/2097/2097
f 2096/2096/2096 2099/2099/2099 2100/2100/2100
f 2100/2100/2100 2099/2099/2099 2101/2101/2101
f 2102/2102/2102 2101/2101/2101 2103/2103/2103
f 2104/2104/2104 2102/2102/2102 2105/2105/2105
f 2105/2105/2105 2102/2102/2102 2103/2103/2103
f 2106/2106/2106 2107/2107/2107 2108/2108/2108
f 2108/2108/2108 2107/2107/2107 2109/2109/2109
f 2090/2090/2090 2110/2110/2110 2092/2092/2092
f 2092/2092/2092 2110/2110/2110 2111/2111/2111
f 2112/2112/2112 2113/2113/2113 2082/2082/2082
f 2114/2114/2114 2084/2084/2084 2083/2083/2083
f 2082/2082/2082 2113/2113/2113 2088/2088/2088
f 2091/2091/2091 2115/2115/2115 2090/2090/2090
f 2090/2090/2090 2115/2115/2115 2110/2110/2110
f 2115/2115/2115 2116/2116/2116 2110/2110/2110
f 2117/2117/2117 2110/2110/2110 2116/2116/2116
f 2118/2118/2118 2119/2119/2119 2120/2120/2120
f 2120/2120/2120 2119/2119/2119 2121/2121/2121
f 2108/2108/2108 2109/2109/2109 2120/2120/2120
f 2120/2120/2120 2109/2109/2109 2118/2118/2118
f 2119/2119/2119 2122/2122/2122 2121/2121/2121
f 2111/2111/2111 2117/2117/2117 2122/2122/2122
f 2122/2122/2122 2117/2117/2117 2123/2123/2123
f 2082/2082/2082 2080/2080/2080 2112/2112/2112
f 2124/2124/2124 1959/1959/1959 2086/2086/2086
f 2089/2089/2089 2125/2125/2125 2086/2086/2086
f 2086/2086/2086 2125/2125/2125 2126/2126/2126
f 2127/2127/2127 2128/2128/2128 2129/2129/2129
f 2089/2089/2089 2088/2088/2088 2127/2127/2127
f 2127/2127/2127 2088/2088/2088 2128/2128/2128
f 2089/2089/2089 2130/2130/2130 2125/2125/2125
f 2086/2086/2086 1959/1959/1959 1768/1768/1768
f 2121/2121/2121 2122/2122/2122 2123/2123/2123
f 2111/2111/2111 2110/2110/2110 2117/2117/2117
f 2131/2131/2131 2086/2086/2086 2126/2126/2126
f 2131/2131/2131 2124/2124/2124 2086/2086/2086
f 2096/2096/2096 2097/2097/2097 2099/2099/2099
f 2132/2132/2132 2133/2133/2133 2134/2134/2134
f 2134/2134/2134 2133/2133/2133 2135/2135/2135
f 2136/2136/2136 2137/2137/2137 2138/2138/2138
f 2138/2138/2138 2137/2137/2137 2139/2139/2139
f 2140/2140/2140 2141/2141/2141 2142/2142/2142
f 2143/2143/2143 2140/2140/2140 2144/2144/2144
f 2144/2144/2144 2145/2145/2145 2146/2146/2146
f 2146/2146/2146 2145/2145/2145 2147/2147/2147
f 2135/2135/2135 2136/2136/2136 2134/2134/2134
f 2134/2134/2134 2136/2136/2136 2138/2138/2138
f 2148/2148/2148 2149/2149/2149 2150/2150/2150
f 2146/2146/2146 2147/2147/2147 2151/2151/2151
f 2151/2151/2151 2147/2147/2147 2149/2149/2149
f 2142/2142/2142 2145/2145/2145 2140/2140/2140
f 2147/2147/2147 2145/2145/2145 2152/2152/2152
f 2152/2152/2152 2145/2145/2145 2153/2153/2153
f 2149/2149/2149 2147/2147/2147 2150/2150/2150
f 2150/2150/2150 2147/2147/2147 2152/2152/2152
f 2115/2115/2115 2154/2154/2154 2116/2116/2116
f 2153/2153/2153 2145/2145/2145 2142/2142/2142
f 2144/2144/2144 2140/2140/2140 2145/2145/2145
f 2155/2155/2155 2156/2156/2156 2157/2157/2157
f 2158/2158/2158 2027/2027/2027 2159/2159/2159
f 2159/2159/2159 2027/2027/2027 2156/2156/2156
f 2160/2160/2160 2161/2161/2161 2162/2162/2162
f 2158/2158/2158 2028/2028/2028 2027/2027/2027
f 2163/2163/2163 2162/2162/2162 2164/2164/2164
f 2164/2164/2164 2162/2162/2162 2161/2161/2161
f 2155/2155/2155 2159/2159/2159 2156/2156/2156
f 2028/2028/2028 2158/2158/2158 2162/2162/2162
f 2162/2162/2162 2158/2158/2158 2160/2160/2160
f 2028/2028/2028 2162/2162/2162 2026/2026/2026
f 2026/2026/2026 2162/2162/2162 2163/2163/2163
f 2103/2103/2103 2101/2101/2101 2098/2098/2098
f 2098/2098/2098 2101/2101/2101 2099/2099/2099
f 2059/2059/2059 2058/2058/2058 2048/2048/2048
f 2048/2048/2048 2058/2058/2058 2047/2047/2047
f 2165/2165/2165 2166/2166/2166 2167/2167/2167
f 2168/2168/2168 2169/2169/2169 2170/2170/2170
f 2168/2168/2168 2171/2171/2171 2172/2172/2172
f 2173/2173/2173 2174/2174/2174 2175/2175/2175
f 2175/2175/2175 2174/2174/2174 2176/2176/2176
f 2174/2174/2174 2173/2173/2173 2171/2171/2171
f 2171/2171/2171 2173/2173/2173 2172/2172/2172
f 2168/2168/2168 2177/2177/2177 2169/2169/2169
f 2168/2168/2168 2170/2170/2170 2171/2171/2171
f 2178/2178/2178 2179/2179/2179 2180/2180/2180
f 2181/2181/2181 2182/2182/2182 2183/2183/2183
f 2183/2183/2183 2182/2182/2182 2184/2184/2184
f 2185/2185/2185 2186/2186/2186 2187/2187/2187
f 2187/2187/2187 2186/2186/2186 2188/2188/2188
f 2189/2189/2189 2072/2072/2072 2178/2178/2178
f 2183/2183/2183 2188/2188/2188 2186/2186/2186
f 2183/2183/2183 2184/2184/2184 2190/2190/2190
f 2190/2190/2190 2184/2184/2184 2191/2191/2191
f 2190/2190/2190 2192/2192/2192 2188/2188/2188
f 2183/2183/2183 2186/2186/2186 2193/2193/2193
f 2187/2187/2187 2188/2188/2188 2194/2194/2194
f 2190/2190/2190 2188/2188/2188 2183/2183/2183
f 2188/2188/2188 2192/2192/2192 2194/2194/2194
f 2074/2074/2074 2077/2077/2077 2178/2178/2178
f 2178/2178/2178 2077/2077/2077 2179/2179/2179
f 2072/2072/2072 2074/2074/2074 2178/2178/2178
f 2183/2183/2183 2193/2193/2193 2181/2181/2181
f 2195/2195/2195 2196/2196/2196 2197/2197/2197
f 2197/2197/2197 2196/2196/2196 2198/2198/2198
f 2199/2199/2199 2200/2200/2200 2198/2198/2198
f 2198/2198/2198 2200/2200/2200 2197/2197/2197
f 2201/2201/2201 2202/2202/2202 2203/2203/2203
f 2203/2203/2203 2202/2202/2202 2204/2204/2204
f 2203/2203/2203 2204/2204/2204 2205/2205/2205
f 2205/2205/2205 2204/2204/2204 2206/2206/2206
f 2207/2207/2207 2208/2208/2208 2206/2206/2206
f 2206/2206/2206 2208/2208/2208 2205/2205/2205
f 2209/2209/2209 2210/2210/2210 2211/2211/2211
f 2211/2211/2211 2210/2210/2210 2212/2212/2212
f 2213/2213/2213 2209/2209/2209 2214/2214/2214
f 2214/2214/2214 2209/2209/2209 2211/2211/2211
f 2215/2215/2215 2213/2213/2213 2216/2216/2216
f 2216/2216/2216 2213/2213/2213 2214/2214/2214
f 2196/2196/2196 2195/2195/2195 2176/2176/2176
f 2176/2176/2176 2195/2195/2195 2175/2175/2175
f 2201/2201/2201 2217/2217/2217 2202/2202/2202
f 2202/2202/2202 2217/2217/2217 2218/2218/2218
f 2218/2218/2218 2217/2217/2217 2219/2219/2219
f 2219/2219/2219 2217/2217/2217 2220/2220/2220
f 2221/2221/2221 2222/2222/2222 2223/2223/2223
f 2223/2223/2223 2222/2222/2222 2224/2224/2224
f 2225/2225/2225 2226/2226/2226 2227/2227/2227
f 2228/2228/2228 2229/2229/2229 2230/2230/2230
f 2230/2230/2230 2229/2229/2229 2231/2231/2231
f 2225/2225/2225 2232/2232/2232 2233/2233/2233
f 2225/2225/2225 2234/2234/2234 2235/2235/2235
f 2236/2236/2236 2215/2215/2215 2237/2237/2237
f 2237/2237/2237 2215/2215/2215 2216/2216/2216
f 2234/2234/2234 2236/2236/2236 2235/2235/2235
f 2235/2235/2235 2236/2236/2236 2237/2237/2237
f 2225/2225/2225 2227/2227/2227 2232/2232/2232
f 2222/2222/2222 2238/2238/2238 2224/2224/2224
f 2224/2224/2224 2238/2238/2238 2239/2239/2239
f 2225/2225/2225 2235/2235/2235 2226/2226/2226
f 2231/2231/2231 2229/2229/2229 2220/2220/2220
f 2220/2220/2220 2229/2229/2229 2219/2219/2219
f 2240/2240/2240 2184/2184/2184 2241/2241/2241
f 2191/2191/2191 2184/2184/2184 2240/2240/2240
f 2242/2242/2242 2243/2243/2243 2244/2244/2244
f 2244/2244/2244 2243/2243/2243 2245/2245/2245
f 2244/2244/2244 2200/2200/2200 2242/2242/2242
f 2242/2242/2242 2200/2200/2200 2199/2199/2199
f 2246/2246/2246 2247/2247/2247 2248/2248/2248
f 2248/2248/2248 2247/2247/2247 2249/2249/2249
f 2250/2250/2250 2247/2247/2247 2251/2251/2251
f 2251/2251/2251 2247/2247/2247 2246/2246/2246
f 2252/2252/2252 2250/2250/2250 2253/2253/2253
f 2253/2253/2253 2250/2250/2250 2251/2251/2251
f 2207/2207/2207 2252/2252/2252 2208/2208/2208
f 2208/2208/2208 2252/2252/2252 2253/2253/2253
f 2254/2254/2254 2255/2255/2255 2210/2210/2210
f 2210/2210/2210 2255/2255/2255 2256/2256/2256
f 2257/2257/2257 2256/2256/2256 2258/2258/2258
f 2258/2258/2258 2256/2256/2256 2255/2255/2255
f 2259/2259/2259 2260/2260/2260 2249/2249/2249
f 2249/2249/2249 2260/2260/2260 2248/2248/2248
f 2261/2261/2261 2262/2262/2262 2263/2263/2263
f 2263/2263/2263 2262/2262/2262 2264/2264/2264
f 2265/2265/2265 2257/2257/2257 2266/2266/2266
f 2266/2266/2266 2257/2257/2257 2258/2258/2258
f 2267/2267/2267 2268/2268/2268 2266/2266/2266
f 2266/2266/2266 2268/2268/2268 2265/2265/2265
f 2269/2269/2269 2270/2270/2270 2259/2259/2259
f 2259/2259/2259 2270/2270/2270 2260/2260/2260
f 2268/2268/2268 2267/2267/2267 2271/2271/2271
f 2271/2271/2271 2267/2267/2267 2272/2272/2272
f 2273/2273/2273 2274/2274/2274 2275/2275/2275
f 2275/2275/2275 2274/2274/2274 2276/2276/2276
f 2271/2271/2271 2275/2275/2275 2276/2276/2276
f 2212/2212/2212 2210/2210/2210 2277/2277/2277
f 2277/2277/2277 2210/2210/2210 2256/2256/2256
f 2257/2257/2257 2278/2278/2278 2256/2256/2256
f 2256/2256/2256 2278/2278/2278 2277/2277/2277
f 2265/2265/2265 2279/2279/2279 2257/2257/2257
f 2257/2257/2257 2279/2279/2279 2278/2278/2278
f 2268/2268/2268 2280/2280/2280 2265/2265/2265
f 2265/2265/2265 2280/2280/2280 2279/2279/2279
f 2280/2280/2280 2268/2268/2268 2281/2281/2281
f 2281/2281/2281 2268/2268/2268 2271/2271/2271
f 2241/2241/2241 2245/2245/2245 2240/2240/2240
f 2240/2240/2240 2245/2245/2245 2243/2243/2243
f 2281/2281/2281 2276/2276/2276 2282/2282/2282
f 2271/2271/2271 2272/2272/2272 2275/2275/2275
f 2274/2274/2274 2283/2283/2283 2276/2276/2276
f 2262/2262/2262 2284/2284/2284 2264/2264/2264
f 2264/2264/2264 2284/2284/2284 2285/2285/2285
f 2281/2281/2281 2271/2271/2271 2276/2276/2276
f 2286/2286/2286 2287/2287/2287 2269/2269/2269
f 2269/2269/2269 2287/2287/2287 2270/2270/2270
f 2276/2276/2276 2283/2283/2283 2282/2282/2282
f 2288/2288/2288 2289/2289/2289 2290/2290/2290
f 2290/2290/2290 2289/2289/2289 2291/2291/2291
f 2292/2292/2292 2293/2293/2293 2294/2294/2294
f 2294/2294/2294 2293/2293/2293 2295/2295/2295
f 2290/2290/2290 2291/2291/2291 2296/2296/2296
f 2296/2296/2296 2291/2291/2291 2297/2297/2297
f 2290/2290/2290 2296/2296/2296 2022/2022/2022
f 2022/2022/2022 2296/2296/2296 2025/2025/2025
f 2298/2298/2298 2299/2299/2299 2300/2300/2300
f 2300/2300/2300 2299/2299/2299 2301/2301/2301
f 2300/2300/2300 2302/2302/2302 2298/2298/2298
f 2298/2298/2298 2302/2302/2302 2303/2303/2303
f 2302/2302/2302 2304/2304/2304 2303/2303/2303
f 2303/2303/2303 2304/2304/2304 2305/2305/2305
f 2288/2288/2288 2290/2290/2290 2024/2024/2024
f 2024/2024/2024 2290/2290/2290 2022/2022/2022
f 2298/2298/2298 2303/2303/2303 2306/2306/2306
f 2306/2306/2306 2303/2303/2303 2307/2307/2307
f 2306/2306/2306 2308/2308/2308 2298/2298/2298
f 2309/2309/2309 2295/2295/2295 2310/2310/2310
f 2289/2289/2289 2311/2311/2311 2291/2291/2291
f 2291/2291/2291 2311/2311/2311 2312/2312/2312
f 2291/2291/2291 2312/2312/2312 2297/2297/2297
f 2297/2297/2297 2312/2312/2312 2313/2313/2313
f 2303/2303/2303 2305/2305/2305 2307/2307/2307
f 2307/2307/2307 2305/2305/2305 2314/2314/2314
f 2310/2310/2310 2315/2315/2315 2316/2316/2316
f 2308/2308/2308 2299/2299/2299 2298/2298/2298
f 2309/2309/2309 2294/2294/2294 2295/2295/2295
f 2310/2310/2310 2295/2295/2295 2315/2315/2315
f 2315/2315/2315 2295/2295/2295 2317/2317/2317
f 2317/2317/2317 2295/2295/2295 2293/2293/2293
f 2288/2288/2288 2292/2292/2292 2289/2289/2289
f 2289/2289/2289 2292/2292/2292 2294/2294/2294
f 2292/2292/2292 2288/2288/2288 2318/2318/2318
f 2318/2318/2318 2288/2288/2288 2024/2024/2024
f 2289/2289/2289 2294/2294/2294 2311/2311/2311
f 2311/2311/2311 2294/2294/2294 2309/2309/2309
f 2165/2165/2165 2319/2319/2319 2166/2166/2166
f 2166/2166/2166 2319/2319/2319 2320/2320/2320
f 2167/2167/2167 2321/2321/2321 2322/2322/2322
f 2322/2322/2322 2321/2321/2321 2323/2323/2323
f 2297/2297/2297 2320/2320/2320 2296/2296/2296
f 2296/2296/2296 2320/2320/2320 2319/2319/2319
f 2025/2025/2025 2296/2296/2296 2029/2029/2029
f 2029/2029/2029 2296/2296/2296 2319/2319/2319
f 2156/2156/2156 2167/2167/2167 2157/2157/2157
f 2157/2157/2157 2167/2167/2167 2322/2322/2322
f 2324/2324/2324 2325/2325/2325 2326/2326/2326
f 2326/2326/2326 2325/2325/2325 2327/2327/2327
f 2325/2325/2325 2324/2324/2324 2328/2328/2328
f 2328/2328/2328 2324/2324/2324 2329/2329/2329
f 2328/2328/2328 2329/2329/2329 2304/2304/2304
f 2304/2304/2304 2329/2329/2329 2305/2305/2305
f 2029/2029/2029 2319/2319/2319 2027/2027/2027
f 2027/2027/2027 2319/2319/2319 2165/2165/2165
f 2324/2324/2324 2330/2330/2330 2329/2329/2329
f 2329/2329/2329 2330/2330/2330 2331/2331/2331
f 2330/2330/2330 2324/2324/2324 2332/2332/2332
f 2333/2333/2333 2334/2334/2334 2323/2323/2323
f 2335/2335/2335 2336/2336/2336 2320/2320/2320
f 2320/2320/2320 2336/2336/2336 2166/2166/2166
f 2313/2313/2313 2335/2335/2335 2297/2297/2297
f 2297/2297/2297 2335/2335/2335 2320/2320/2320
f 2329/2329/2329 2331/2331/2331 2305/2305/2305
f 2305/2305/2305 2331/2331/2331 2314/2314/2314
f 2334/2334/2334 2337/2337/2337 2338/2338/2338
f 2332/2332/2332 2324/2324/2324 2326/2326/2326
f 2333/2333/2333 2323/2323/2323 2321/2321/2321
f 2334/2334/2334 2338/2338/2338 2323/2323/2323
f 2322/2322/2322 2323/2323/2323 2339/2339/2339
f 2339/2339/2339 2323/2323/2323 2338/2338/2338
f 2167/2167/2167 2166/2166/2166 2321/2321/2321
f 2027/2027/2027 2165/2165/2165 2156/2156/2156
f 2156/2156/2156 2165/2165/2165 2167/2167/2167
f 2166/2166/2166 2336/2336/2336 2321/2321/2321
f 2321/2321/2321 2336/2336/2336 2333/2333/2333
f 2340/2340/2340 2341/2341/2341 2342/2342/2342
f 2343/2343/2343 2344/2344/2344 2345/2345/2345
f 2345/2345/2345 2344/2344/2344 2346/2346/2346
f 2343/2343/2343 2342/2342/2342 2344/2344/2344
f 2344/2344/2344 2342/2342/2342 2341/2341/2341
f 2344/2344/2344 2347/2347/2347 2346/2346/2346
f 2346/2346/2346 2347/2347/2347 2348/2348/2348
f 2348/2348/2348 2349/2349/2349 2350/2350/2350
f 2348/2348/2348 2347/2347/2347 2349/2349/2349
f 2351/2351/2351 2348/2348/2348 2352/2352/2352
f 2352/2352/2352 2348/2348/2348 2350/2350/2350
f 2352/2352/2352 2350/2350/2350 2353/2353/2353
f 2347/2347/2347 2341/2341/2341 2349/2349/2349
f 2349/2349/2349 2341/2341/2341 2354/2354/2354
f 2350/2350/2350 2349/2349/2349 2353/2353/2353
f 2353/2353/2353 2349/2349/2349 2355/2355/2355
f 2344/2344/2344 2341/2341/2341 2347/2347/2347
f 2355/2355/2355 2356/2356/2356 2353/2353/2353
f 2353/2353/2353 2356/2356/2356 2357/2357/2357
f 2354/2354/2354 2341/2341/2341 2340/2340/2340
f 2358/2358/2358 2359/2359/2359 2352/2352/2352
f 2352/2352/2352 2359/2359/2359 2351/2351/2351
f 2352/2352/2352 2353/2353/2353 2358/2358/2358
f 2358/2358/2358 2353/2353/2353 2357/2357/2357
f 2360/2360/2360 2361/2361/2361 2362/2362/2362
f 2362/2362/2362 2361/2361/2361 2363/2363/2363
f 2364/2364/2364 2365/2365/2365 2361/2361/2361
f 2361/2361/2361 2365/2365/2365 2363/2363/2363
f 2366/2366/2366 2365/2365/2365 2364/2364/2364
f 2360/2360/2360 2362/2362/2362 2367/2367/2367
f 2368/2368/2368 2369/2369/2369 2370/2370/2370
f 2371/2371/2371 2372/2372/2372 2373/2373/2373
f 2373/2373/2373 2372/2372/2372 2374/2374/2374
f 2374/2374/2374 2370/2370/2370 2373/2373/2373
f 2375/2375/2375 2368/2368/2368 2376/2376/2376
f 2376/2376/2376 2368/2368/2368 2374/2374/2374
f 2368/2368/2368 2370/2370/2370 2374/2374/2374
f 2370/2370/2370 2369/2369/2369 2377/2377/2377
f 2370/2370/2370 2378/2378/2378 2373/2373/2373
f 2373/2373/2373 2378/2378/2378 2379/2379/2379
f 2378/2378/2378 2380/2380/2380 2379/2379/2379
f 2379/2379/2379 2380/2380/2380 2381/2381/2381
f 2377/2377/2377 2369/2369/2369 2382/2382/2382
f 2382/2382/2382 2369/2369/2369 2383/2383/2383
f 2375/2375/2375 2384/2384/2384 2369/2369/2369
f 2369/2369/2369 2384/2384/2384 2383/2383/2383
f 2376/2376/2376 2385/2385/2385 2375/2375/2375
f 2375/2375/2375 2385/2385/2385 2384/2384/2384
f 2371/2371/2371 2373/2373/2373 2379/2379/2379
f 2386/2386/2386 2387/2387/2387 2371/2371/2371
f 2371/2371/2371 2387/2387/2387 2372/2372/2372
f 2388/2388/2388 2389/2389/2389 2390/2390/2390
f 2388/2388/2388 2391/2391/2391 2389/2389/2389
f 2391/2391/2391 2392/2392/2392 2389/2389/2389
f 2389/2389/2389 2392/2392/2392 2393/2393/2393
f 2392/2392/2392 2394/2394/2394 2393/2393/2393
f 2393/2393/2393 2394/2394/2394 2395/2395/2395
f 2371/2371/2371 2379/2379/2379 2386/2386/2386
f 2386/2386/2386 2379/2379/2379 2381/2381/2381
f 2375/2375/2375 2369/2369/2369 2368/2368/2368
f 2394/2394/2394 2396/2396/2396 2395/2395/2395
f 2397/2397/2397 2398/2398/2398 2399/2399/2399
f 2400/2400/2400 2401/2401/2401 2402/2402/2402
f 2402/2402/2402 2401/2401/2401 2398/2398/2398
f 2403/2403/2403 2404/2404/2404 2405/2405/2405
f 2405/2405/2405 2404/2404/2404 2406/2406/2406
f 2407/2407/2407 2404/2404/2404 2408/2408/2408
f 2408/2408/2408 2404/2404/2404 2403/2403/2403
f 2409/2409/2409 2410/2410/2410 2408/2408/2408
f 2408/2408/2408 2410/2410/2410 2407/2407/2407
f 2411/2411/2411 2410/2410/2410 2412/2412/2412
f 2412/2412/2412 2410/2410/2410 2409/2409/2409
f 2411/2411/2411 2413/2413/2413 2410/2410/2410
f 2410/2410/2410 2413/2413/2413 2407/2407/2407
f 2414/2414/2414 2397/2397/2397 2415/2415/2415
f 2415/2415/2415 2397/2397/2397 2399/2399/2399
f 2399/2399/2399 2398/2398/2398 2401/2401/2401
f 2407/2407/2407 2413/2413/2413 2404/2404/2404
f 2404/2404/2404 2413/2413/2413 2406/2406/2406
f 2416/2416/2416 2417/2417/2417 2414/2414/2414
f 2414/2414/2414 2417/2417/2417 2397/2397/2397
f 2397/2397/2397 2417/2417/2417 2398/2398/2398
f 2398/2398/2398 2417/2417/2417 2402/2402/2402
f 2415/2415/2415 2418/2418/2418 2414/2414/2414
f 2414/2414/2414 2418/2418/2418 2416/2416/2416
f 2419/2419/2419 2420/2420/2420 2421/2421/2421
f 2419/2419/2419 2421/2421/2421 2422/2422/2422
f 2422/2422/2422 2421/2421/2421 2423/2423/2423
f 2424/2424/2424 2425/2425/2425 2421/2421/2421
f 2421/2421/2421 2425/2425/2425 2423/2423/2423
f 2426/2426/2426 2427/2427/2427 2428/2428/2428
f 2428/2428/2428 2427/2427/2427 2429/2429/2429
f 2427/2427/2427 2430/2430/2430 2429/2429/2429
f 2429/2429/2429 2430/2430/2430 2431/2431/2431
f 2432/2432/2432 2433/2433/2433 2434/2434/2434
f 2435/2435/2435 2434/2434/2434 2436/2436/2436
f 2436/2436/2436 2434/2434/2434 2433/2433/2433
f 2437/2437/2437 2438/2438/2438 2436/2436/2436
f 2436/2436/2436 2438/2438/2438 2435/2435/2435
f 2437/2437/2437 2423/2423/2423 2438/2438/2438
f 2439/2439/2439 2440/2440/2440 2430/2430/2430
f 2430/2430/2430 2440/2440/2440 2431/2431/2431
f 2419/2419/2419 2422/2422/2422 2439/2439/2439
f 2439/2439/2439 2422/2422/2422 2441/2441/2441
f 2442/2442/2442 2443/2443/2443 2444/2444/2444
f 2442/2442/2442 2420/2420/2420 2443/2443/2443
f 2442/2442/2442 2444/2444/2444 2426/2426/2426
f 2426/2426/2426 2444/2444/2444 2427/2427/2427
f 2420/2420/2420 2419/2419/2419 2443/2443/2443
f 2443/2443/2443 2419/2419/2419 2439/2439/2439
f 2443/2443/2443 2439/2439/2439 2444/2444/2444
f 2444/2444/2444 2439/2439/2439 2430/2430/2430
f 2421/2421/2421 2420/2420/2420 2424/2424/2424
f 2424/2424/2424 2420/2420/2420 2442/2442/2442
f 2427/2427/2427 2444/2444/2444 2430/2430/2430
f 2445/2445/2445 2446/2446/2446 2447/2447/2447
f 2448/2448/2448 2449/2449/2449 2450/2450/2450
f 2450/2450/2450 2449/2449/2449 2451/2451/2451
f 2172/2172/2172 2452/2452/2452 2453/2453/2453
f 2454/2454/2454 2450/2450/2450 2455/2455/2455
f 2455/2455/2455 2450/2450/2450 2451/2451/2451
f 2168/2168/2168 2456/2456/2456 2177/2177/2177
f 2168/2168/2168 2172/2172/2172 2456/2456/2456
f 2456/2456/2456 2172/2172/2172 2453/2453/2453
f 2173/2173/2173 2457/2457/2457 2172/2172/2172
f 2172/2172/2172 2457/2457/2457 2452/2452/2452
f 2448/2448/2448 2458/2458/2458 2449/2449/2449
f 2458/2458/2458 2448/2448/2448 2459/2459/2459
f 2254/2254/2254 2210/2210/2210 2460/2460/2460
f 2460/2460/2460 2210/2210/2210 2209/2209/2209
f 2460/2460/2460 2209/2209/2209 2461/2461/2461
f 2461/2461/2461 2209/2209/2209 2213/2213/2213
f 2461/2461/2461 2213/2213/2213 2462/2462/2462
f 2462/2462/2462 2213/2213/2213 2215/2215/2215
f 1962/1962/1962 1948/1948/1948 2463/2463/2463
f 2464/2464/2464 2465/2465/2465 1823/1823/1823
f 1823/1823/1823 2465/2465/2465 1861/1861/1861
f 1819/1819/1819 1818/1818/1818 2466/2466/2466
f 2466/2466/2466 1818/1818/1818 2467/2467/2467
f 2468/2468/2468 2469/2469/2469 1827/1827/1827
f 1827/1827/1827 2469/2469/2469 1826/1826/1826
f 2469/2469/2469 2468/2468/2468 2470/2470/2470
f 2470/2470/2470 2468/2468/2468 2471/2471/2471
f 2037/2037/2037 2472/2472/2472 1948/1948/1948
f 1948/1948/1948 2472/2472/2472 2463/2463/2463
f 2473/2473/2473 1963/1963/1963 1960/1960/1960
f 2474/2474/2474 2475/2475/2475 2467/2467/2467
f 2467/2467/2467 2475/2475/2475 2466/2466/2466
f 2464/2464/2464 2476/2476/2476 2465/2465/2465
f 2477/2477/2477 2470/2470/2470 2478/2478/2478
f 2478/2478/2478 2470/2470/2470 2471/2471/2471
f 2479/2479/2479 2480/2480/2480 2481/2481/2481
f 2482/2482/2482 2477/2477/2477 2478/2478/2478
f 2483/2483/2483 2484/2484/2484 2485/2485/2485
f 2096/2096/2096 2100/2100/2100 2486/2486/2486
f 2486/2486/2486 2100/2100/2100 2487/2487/2487
f 2488/2488/2488 2489/2489/2489 2490/2490/2490
f 2490/2490/2490 2489/2489/2489 2491/2491/2491
f 2492/2492/2492 2493/2493/2493 2494/2494/2494
f 2494/2494/2494 2493/2493/2493 2488/2488/2488
f 2495/2495/2495 2496/2496/2496 2497/2497/2497
f 2497/2497/2497 2496/2496/2496 2498/2498/2498
f 2485/2485/2485 2484/2484/2484 2474/2474/2474
f 2474/2474/2474 2484/2484/2484 2475/2475/2475
f 2492/2492/2492 2494/2494/2494 2499/2499/2499
f 2499/2499/2499 2494/2494/2494 2500/2500/2500
f 2501/2501/2501 2502/2502/2502 2503/2503/2503
f 2503/2503/2503 2502/2502/2502 2504/2504/2504
f 2500/2500/2500 2494/2494/2494 2505/2505/2505
f 2505/2505/2505 2494/2494/2494 2506/2506/2506
f 2507/2507/2507 2508/2508/2508 2509/2509/2509
f 2509/2509/2509 2508/2508/2508 2510/2510/2510
f 2511/2511/2511 2462/2462/2462 2236/2236/2236
f 2236/2236/2236 2462/2462/2462 2215/2215/2215
f 2512/2512/2512 2511/2511/2511 2234/2234/2234
f 2234/2234/2234 2511/2511/2511 2236/2236/2236
f 2508/2508/2508 2507/2507/2507 2513/2513/2513
f 2513/2513/2513 2507/2507/2507 2514/2514/2514
f 2515/2515/2515 2516/2516/2516 2501/2501/2501
f 2501/2501/2501 2516/2516/2516 2502/2502/2502
f 2447/2447/2447 2446/2446/2446 2473/2473/2473
f 1944/1944/1944 1946/1946/1946 2517/2517/2517
f 2473/2473/2473 2446/2446/2446 1963/1963/1963
f 2225/2225/2225 2233/2233/2233 2518/2518/2518
f 2518/2518/2518 2512/2512/2512 2225/2225/2225
f 2225/2225/2225 2512/2512/2512 2234/2234/2234
f 1944/1944/1944 2517/2517/2517 2510/2510/2510
f 2510/2510/2510 2517/2517/2517 2509/2509/2509
f 2447/2447/2447 2519/2519/2519 2445/2445/2445
f 2500/2500/2500 2520/2520/2520 2483/2483/2483
f 2483/2483/2483 2520/2520/2520 2521/2521/2521
f 2500/2500/2500 2505/2505/2505 2520/2520/2520
f 2519/2519/2519 2447/2447/2447 2522/2522/2522
f 2464/2464/2464 1823/1823/1823 2523/2523/2523
f 2523/2523/2523 1823/1823/1823 1822/1822/1822
f 2524/2524/2524 2525/2525/2525 1824/1824/1824
f 1824/1824/1824 2525/2525/2525 1825/1825/1825
f 2469/2469/2469 2524/2524/2524 1826/1826/1826
f 1826/1826/1826 2524/2524/2524 1824/1824/1824
f 2526/2526/2526 2524/2524/2524 2469/2469/2469
f 2503/2503/2503 2504/2504/2504 2497/2497/2497
f 2497/2497/2497 2504/2504/2504 2495/2495/2495
f 2522/2522/2522 2516/2516/2516 2519/2519/2519
f 2519/2519/2519 2516/2516/2516 2515/2515/2515
f 2522/2522/2522 2447/2447/2447 2527/2527/2527
f 2527/2527/2527 2447/2447/2447 2473/2473/2473
f 2527/2527/2527 2473/2473/2473 2528/2528/2528
f 2528/2528/2528 2473/2473/2473 1960/1960/1960
f 2528/2528/2528 1960/1960/1960 1866/1866/1866
f 2494/2494/2494 2488/2488/2488 2506/2506/2506
f 2506/2506/2506 2488/2488/2488 2490/2490/2490
f 2094/2094/2094 2093/2093/2093 2529/2529/2529
f 2530/2530/2530 2096/2096/2096 2486/2486/2486
f 2531/2531/2531 2530/2530/2530 2486/2486/2486
f 2532/2532/2532 2487/2487/2487 2533/2533/2533
f 2532/2532/2532 2533/2533/2533 2534/2534/2534
f 2534/2534/2534 2533/2533/2533 2535/2535/2535
f 2479/2479/2479 2536/2536/2536 2537/2537/2537
f 2538/2538/2538 2479/2479/2479 2539/2539/2539
f 2539/2539/2539 2479/2479/2479 2481/2481/2481
f 2538/2538/2538 2536/2536/2536 2479/2479/2479
f 2493/2493/2493 2540/2540/2540 2488/2488/2488
f 2488/2488/2488 2540/2540/2540 2489/2489/2489
f 2483/2483/2483 2485/2485/2485 2541/2541/2541
f 2483/2483/2483 2541/2541/2541 2500/2500/2500
f 2500/2500/2500 2541/2541/2541 2499/2499/2499
f 2521/2521/2521 2484/2484/2484 2483/2483/2483
f 1950/1950/1950 1980/1980/1980 2542/2542/2542
f 2543/2543/2543 2468/2468/2468 2544/2544/2544
f 2537/2537/2537 2545/2545/2545 2479/2479/2479
f 2479/2479/2479 2545/2545/2545 2546/2546/2546
f 2537/2537/2537 2547/2547/2547 2545/2545/2545
f 2471/2471/2471 2548/2548/2548 2549/2549/2549
f 2550/2550/2550 2544/2544/2544 2468/2468/2468
f 2471/2471/2471 2468/2468/2468 2548/2548/2548
f 2548/2548/2548 2468/2468/2468 2543/2543/2543
f 2479/2479/2479 2546/2546/2546 2480/2480/2480
f 2480/2480/2480 2546/2546/2546 2551/2551/2551
f 2552/2552/2552 1950/1950/1950 2542/2542/2542
f 2068/2068/2068 1950/1950/1950 2553/2553/2553
f 2553/2553/2553 1950/1950/1950 2552/2552/2552
f 2068/2068/2068 2553/2553/2553 2554/2554/2554
f 2468/2468/2468 1982/1982/1982 2550/2550/2550
f 1827/1827/1827 1982/1982/1982 2468/2468/2468
f 2489/2489/2489 2538/2538/2538 2491/2491/2491
f 2491/2491/2491 2538/2538/2538 2539/2539/2539
f 2540/2540/2540 2555/2555/2555 2489/2489/2489
f 2489/2489/2489 2555/2555/2555 2538/2538/2538
f 2486/2486/2486 2487/2487/2487 2531/2531/2531
f 2531/2531/2531 2487/2487/2487 2532/2532/2532
f 2538/2538/2538 2555/2555/2555 2536/2536/2536
f 2096/2096/2096 2530/2530/2530 2093/2093/2093
f 2093/2093/2093 2530/2530/2530 2529/2529/2529
f 2024/2024/2024 2023/2023/2023 2556/2556/2556
f 2163/2163/2163 2164/2164/2164 2557/2557/2557
f 2557/2557/2557 2164/2164/2164 2558/2558/2558
f 2293/2293/2293 2292/2292/2292 2559/2559/2559
f 2559/2559/2559 2292/2292/2292 2318/2318/2318
f 2023/2023/2023 2026/2026/2026 2557/2557/2557
f 2557/2557/2557 2026/2026/2026 2163/2163/2163
f 2556/2556/2556 2023/2023/2023 2557/2557/2557
f 2560/2560/2560 2559/2559/2559 2318/2318/2318
f 2561/2561/2561 2560/2560/2560 2318/2318/2318
f 2556/2556/2556 2561/2561/2561 2024/2024/2024
f 2024/2024/2024 2561/2561/2561 2318/2318/2318
f 2454/2454/2454 2562/2562/2562 2563/2563/2563
f 2177/2177/2177 2456/2456/2456 2564/2564/2564
f 2455/2455/2455 2562/2562/2562 2454/2454/2454
f 2565/2565/2565 2412/2412/2412 2409/2409/2409
f 2566/2566/2566 2403/2403/2403 2567/2567/2567
f 2567/2567/2567 2403/2403/2403 2405/2405/2405
f 2568/2568/2568 2400/2400/2400 2569/2569/2569
f 2569/2569/2569 2400/2400/2400 2402/2402/2402
f 2570/2570/2570 2565/2565/2565 2408/2408/2408
f 2408/2408/2408 2565/2565/2565 2409/2409/2409
f 2570/2570/2570 2408/2408/2408 2566/2566/2566
f 2566/2566/2566 2408/2408/2408 2403/2403/2403
f 2571/2571/2571 2412/2412/2412 2565/2565/2565
f 2572/2572/2572 2573/2573/2573 2418/2418/2418
f 2418/2418/2418 2573/2573/2573 2416/2416/2416
f 2416/2416/2416 2573/2573/2573 2417/2417/2417
f 2417/2417/2417 2573/2573/2573 2574/2574/2574
f 2417/2417/2417 2574/2574/2574 2402/2402/2402
f 2402/2402/2402 2574/2574/2574 2569/2569/2569
f 2575/2575/2575 2566/2566/2566 2576/2576/2576
f 2576/2576/2576 2566/2566/2566 2567/2567/2567
f 2577/2577/2577 2578/2578/2578 2569/2569/2569
f 2578/2578/2578 2568/2568/2568 2569/2569/2569
f 2575/2575/2575 2579/2579/2579 2566/2566/2566
f 2566/2566/2566 2579/2579/2579 2570/2570/2570
f 2579/2579/2579 2580/2580/2580 2570/2570/2570
f 2570/2570/2570 2580/2580/2580 2565/2565/2565
f 2581/2581/2581 2571/2571/2571 2580/2580/2580
f 2580/2580/2580 2571/2571/2571 2565/2565/2565
f 2572/2572/2572 2582/2582/2582 2573/2573/2573
f 2582/2582/2582 2583/2583/2583 2573/2573/2573
f 2573/2573/2573 2583/2583/2583 2574/2574/2574
f 2574/2574/2574 2583/2583/2583 2584/2584/2584
f 2584/2584/2584 2577/2577/2577 2574/2574/2574
f 2574/2574/2574 2577/2577/2577 2569/2569/2569
f 2009/2009/2009 2585/2585/2585 2586/2586/2586
f 2008/2008/2008 2585/2585/2585 2009/2009/2009
f 2587/2587/2587 2588/2588/2588 2586/2586/2586
f 2589/2589/2589 2590/2590/2590 2591/2591/2591
f 2591/2591/2591 2590/2590/2590 2592/2592/2592
f 2593/2593/2593 2594/2594/2594 2589/2589/2589
f 2589/2589/2589 2594/2594/2594 2590/2590/2590
f 2593/2593/2593 2595/2595/2595 2594/2594/2594
f 2594/2594/2594 2595/2595/2595 2596/2596/2596
f 2597/2597/2597 2598/2598/2598 2599/2599/2599
f 2599/2599/2599 2598/2598/2598 2600/2600/2600
f 2598/2598/2598 2597/2597/2597 2601/2601/2601
f 2601/2601/2601 2597/2597/2597 2602/2602/2602
f 2603/2603/2603 2591/2591/2591 2604/2604/2604
f 2604/2604/2604 2591/2591/2591 2592/2592/2592
f 2605/2605/2605 2601/2601/2601 2606/2606/2606
f 2606/2606/2606 2601/2601/2601 2602/2602/2602
f 2607/2607/2607 2608/2608/2608 2609/2609/2609
f 2609/2609/2609 2608/2608/2608 2610/2610/2610
f 2611/2611/2611 2612/2612/2612 2613/2613/2613
f 2614/2614/2614 2615/2615/2615 2616/2616/2616
f 2617/2617/2617 2618/2618/2618 2619/2619/2619
f 2619/2619/2619 2618/2618/2618 2620/2620/2620
f 2588/2588/2588 2621/2621/2621 2586/2586/2586
f 2622/2622/2622 2623/2623/2623 2605/2605/2605
f 2605/2605/2605 2623/2623/2623 2601/2601/2601
f 2624/2624/2624 2625/2625/2625 2626/2626/2626
f 2626/2626/2626 2625/2625/2625 2627/2627/2627
f 2598/2598/2598 2628/2628/2628 2629/2629/2629
f 2629/2629/2629 2628/2628/2628 2630/2630/2630
f 2018/2018/2018 2614/2614/2614 2016/2016/2016
f 2016/2016/2016 2614/2614/2614 2631/2631/2631
f 2614/2614/2614 2018/2018/2018 2621/2621/2621
f 2621/2621/2621 2018/2018/2018 2019/2019/2019
f 2623/2623/2623 2622/2622/2622 2632/2632/2632
f 2632/2632/2632 2622/2622/2622 2633/2633/2633
f 2634/2634/2634 2635/2635/2635 2628/2628/2628
f 2631/2631/2631 2636/2636/2636 2016/2016/2016
f 2016/2016/2016 2636/2636/2636 2017/2017/2017
f 2637/2637/2637 2010/2010/2010 2638/2638/2638
f 2638/2638/2638 2010/2010/2010 2011/2011/2011
f 2634/2634/2634 2632/2632/2632 2015/2015/2015
f 2015/2015/2015 2632/2632/2632 2013/2013/2013
f 2012/2012/2012 2013/2013/2013 2633/2633/2633
f 2633/2633/2633 2013/2013/2013 2632/2632/2632
f 2639/2639/2639 2636/2636/2636 2631/2631/2631
f 2635/2635/2635 2634/2634/2634 2014/2014/2014
f 2014/2014/2014 2634/2634/2634 2015/2015/2015
f 2639/2639/2639 2616/2616/2616 2640/2640/2640
f 2009/2009/2009 2586/2586/2586 2019/2019/2019
f 2019/2019/2019 2586/2586/2586 2621/2621/2621
f 2638/2638/2638 2641/2641/2641 2637/2637/2637
f 2637/2637/2637 2641/2641/2641 2642/2642/2642
f 2586/2586/2586 2585/2585/2585 2587/2587/2587
f 2628/2628/2628 2623/2623/2623 2634/2634/2634
f 2634/2634/2634 2623/2623/2623 2632/2632/2632
f 2598/2598/2598 2601/2601/2601 2628/2628/2628
f 2628/2628/2628 2601/2601/2601 2623/2623/2623
f 2609/2609/2609 2606/2606/2606 2607/2607/2607
f 2625/2625/2625 2605/2605/2605 2627/2627/2627
f 2638/2638/2638 2633/2633/2633 2641/2641/2641
f 2641/2641/2641 2633/2633/2633 2622/2622/2622
f 2012/2012/2012 2633/2633/2633 2011/2011/2011
f 2011/2011/2011 2633/2633/2633 2638/2638/2638
f 2598/2598/2598 2629/2629/2629 2600/2600/2600
f 2628/2628/2628 2635/2635/2635 2630/2630/2630
f 2625/2625/2625 2624/2624/2624 2642/2642/2642
f 2605/2605/2605 2625/2625/2625 2622/2622/2622
f 2622/2622/2622 2625/2625/2625 2641/2641/2641
f 2625/2625/2625 2642/2642/2642 2641/2641/2641
f 2609/2609/2609 2626/2626/2626 2627/2627/2627
f 2627/2627/2627 2605/2605/2605 2609/2609/2609
f 2609/2609/2609 2605/2605/2605 2606/2606/2606
f 2609/2609/2609 2610/2610/2610 2626/2626/2626
f 2611/2611/2611 2613/2613/2613 2604/2604/2604
f 2643/2643/2643 2644/2644/2644 2611/2611/2611
f 2611/2611/2611 2644/2644/2644 2612/2612/2612
f 2587/2587/2587 2644/2644/2644 2588/2588/2588
f 2620/2620/2620 2643/2643/2643 2619/2619/2619
f 2619/2619/2619 2643/2643/2643 2611/2611/2611
f 2631/2631/2631 2616/2616/2616 2639/2639/2639
f 2614/2614/2614 2616/2616/2616 2631/2631/2631
f 2615/2615/2615 2614/2614/2614 2645/2645/2645
f 2645/2645/2645 2614/2614/2614 2621/2621/2621
f 2588/2588/2588 2645/2645/2645 2621/2621/2621
f 2646/2646/2646 2617/2617/2617 2594/2594/2594
f 2640/2640/2640 2616/2616/2616 2647/2647/2647
f 2646/2646/2646 2618/2618/2618 2617/2617/2617
f 2592/2592/2592 2590/2590/2590 2619/2619/2619
f 2619/2619/2619 2590/2590/2590 2617/2617/2617
f 2604/2604/2604 2592/2592/2592 2611/2611/2611
f 2611/2611/2611 2592/2592/2592 2619/2619/2619
f 2646/2646/2646 2594/2594/2594 2596/2596/2596
f 2616/2616/2616 2615/2615/2615 2647/2647/2647
f 2620/2620/2620 2618/2618/2618 2645/2645/2645
f 2645/2645/2645 2618/2618/2618 2615/2615/2615
f 2643/2643/2643 2620/2620/2620 2588/2588/2588
f 2588/2588/2588 2620/2620/2620 2645/2645/2645
f 2588/2588/2588 2644/2644/2644 2643/2643/2643
f 2604/2604/2604 2613/2613/2613 2603/2603/2603
f 2603/2603/2603 2613/2613/2613 2648/2648/2648
f 2594/2594/2594 2617/2617/2617 2590/2590/2590
f 2646/2646/2646 2596/2596/2596 2640/2640/2640
f 2646/2646/2646 2615/2615/2615 2618/2618/2618
f 2647/2647/2647 2615/2615/2615 2646/2646/2646
f 2640/2640/2640 2647/2647/2647 2646/2646/2646
f 2649/2649/2649 2650/2650/2650 2651/2651/2651
f 2651/2651/2651 2650/2650/2650 2652/2652/2652
f 2653/2653/2653 2654/2654/2654 2655/2655/2655
f 2656/2656/2656 2657/2657/2657 2658/2658/2658
f 2658/2658/2658 2657/2657/2657 2659/2659/2659
f 2660/2660/2660 2661/2661/2661 2662/2662/2662
f 2662/2662/2662 2661/2661/2661 2663/2663/2663
f 2652/2652/2652 2664/2664/2664 2651/2651/2651
f 2651/2651/2651 2664/2664/2664 2665/2665/2665
f 2655/2655/2655 2654/2654/2654 2666/2666/2666
f 2666/2666/2666 2654/2654/2654 2667/2667/2667
f 2658/2658/2658 2659/2659/2659 2668/2668/2668
f 2668/2668/2668 2659/2659/2659 2669/2669/2669
f 2663/2663/2663 2670/2670/2670 2662/2662/2662
f 2662/2662/2662 2670/2670/2670 2671/2671/2671
f 2653/2653/2653 2672/2672/2672 2654/2654/2654
f 2654/2654/2654 2672/2672/2672 2673/2673/2673
f 2654/2654/2654 2673/2673/2673 2667/2667/2667
f 2667/2667/2667 2673/2673/2673 2674/2674/2674
f 2667/2667/2667 2674/2674/2674 2675/2675/2675
f 2675/2675/2675 2674/2674/2674 2676/2676/2676
f 2666/2666/2666 2667/2667/2667 2677/2677/2677
f 2677/2677/2677 2667/2667/2667 2675/2675/2675
f 2664/2664/2664 2678/2678/2678 2665/2665/2665
f 2665/2665/2665 2678/2678/2678 2679/2679/2679
f 2680/2680/2680 2671/2671/2671 2681/2681/2681
f 2681/2681/2681 2671/2671/2671 2670/2670/2670
f 2668/2668/2668 2669/2669/2669 2682/2682/2682
f 2682/2682/2682 2669/2669/2669 2683/2683/2683
f 2661/2661/2661 2684/2684/2684 2663/2663/2663
f 2663/2663/2663 2684/2684/2684 2685/2685/2685
f 2685/2685/2685 2686/2686/2686 2663/2663/2663
f 2663/2663/2663 2686/2686/2686 2670/2670/2670
f 2686/2686/2686 2687/2687/2687 2670/2670/2670
f 2670/2670/2670 2687/2687/2687 2681/2681/2681
f 2657/2657/2657 2660/2660/2660 2659/2659/2659
f 2659/2659/2659 2660/2660/2660 2662/2662/2662
f 2659/2659/2659 2662/2662/2662 2669/2669/2669
f 2669/2669/2669 2662/2662/2662 2671/2671/2671
f 2666/2666/2666 2677/2677/2677 2664/2664/2664
f 2664/2664/2664 2677/2677/2677 2678/2678/2678
f 2655/2655/2655 2666/2666/2666 2652/2652/2652
f 2652/2652/2652 2666/2666/2666 2664/2664/2664
f 2650/2650/2650 2688/2688/2688 2652/2652/2652
f 2652/2652/2652 2688/2688/2688 2655/2655/2655
f 2688/2688/2688 2653/2653/2653 2655/2655/2655
f 2669/2669/2669 2671/2671/2671 2683/2683/2683
f 2683/2683/2683 2671/2671/2671 2680/2680/2680
f 2689/2689/2689 2649/2649/2649 2690/2690/2690
f 2690/2690/2690 2649/2649/2649 2651/2651/2651
f 2651/2651/2651 2665/2665/2665 2690/2690/2690
f 2690/2690/2690 2665/2665/2665 2691/2691/2691
f 2691/2691/2691 2665/2665/2665 2679/2679/2679
f 2692/2692/2692 2693/2693/2693 2694/2694/2694
f 2694/2694/2694 2693/2693/2693 2695/2695/2695
f 2693/2693/2693 2696/2696/2696 2695/2695/2695
f 2695/2695/2695 2696/2696/2696 2697/2697/2697
f 2696/2696/2696 2698/2698/2698 2697/2697/2697
f 2697/2697/2697 2698/2698/2698 2699/2699/2699
f 2698/2698/2698 2700/2700/2700 2699/2699/2699
f 2699/2699/2699 2700/2700/2700 2701/2701/2701
f 2702/2702/2702 2703/2703/2703 2700/2700/2700
f 2700/2700/2700 2703/2703/2703 2701/2701/2701
f 2694/2694/2694 2704/2704/2704 2692/2692/2692
f 2705/2705/2705 2706/2706/2706 2702/2702/2702
f 2702/2702/2702 2706/2706/2706 2703/2703/2703
f 2707/2707/2707 2708/2708/2708 2709/2709/2709
f 2709/2709/2709 2708/2708/2708 2710/2710/2710
f 2692/2692/2692 2704/2704/2704 2709/2709/2709
f 2709/2709/2709 2704/2704/2704 2707/2707/2707
f 2710/2710/2710 2708/2708/2708 2705/2705/2705
f 2705/2705/2705 2708/2708/2708 2706/2706/2706
f 2711/2711/2711 2712/2712/2712 2713/2713/2713
f 2434/2434/2434 2714/2714/2714 2432/2432/2432
f 2432/2432/2432 2714/2714/2714 2715/2715/2715
f 2713/2713/2713 2716/2716/2716 2438/2438/2438
f 2438/2438/2438 2716/2716/2716 2435/2435/2435
f 2438/2438/2438 2423/2423/2423 2713/2713/2713
f 2713/2713/2713 2423/2423/2423 2425/2425/2425
f 2716/2716/2716 2714/2714/2714 2435/2435/2435
f 2435/2435/2435 2714/2714/2714 2434/2434/2434
f 2717/2717/2717 2711/2711/2711 2424/2424/2424
f 2424/2424/2424 2711/2711/2711 2425/2425/2425
f 2718/2718/2718 2719/2719/2719 2717/2717/2717
f 2717/2717/2717 2719/2719/2719 2711/2711/2711
f 2720/2720/2720 2721/2721/2721 2717/2717/2717
f 2717/2717/2717 2721/2721/2721 2718/2718/2718
f 2720/2720/2720 2722/2722/2722 2721/2721/2721
f 2721/2721/2721 2722/2722/2722 2723/2723/2723
f 2724/2724/2724 2725/2725/2725 2722/2722/2722
f 2722/2722/2722 2725/2725/2725 2723/2723/2723
f 2722/2722/2722 2426/2426/2426 2724/2724/2724
f 2724/2724/2724 2426/2426/2426 2428/2428/2428
f 2726/2726/2726 2727/2727/2727 2728/2728/2728
f 2716/2716/2716 2713/2713/2713 2729/2729/2729
f 2729/2729/2729 2713/2713/2713 2712/2712/2712
f 2727/2727/2727 2726/2726/2726 2714/2714/2714
f 2726/2726/2726 2715/2715/2715 2714/2714/2714
f 2719/2719/2719 2712/2712/2712 2711/2711/2711
f 2425/2425/2425 2711/2711/2711 2713/2713/2713
f 2720/2720/2720 2442/2442/2442 2722/2722/2722
f 2722/2722/2722 2442/2442/2442 2426/2426/2426
f 2424/2424/2424 2442/2442/2442 2717/2717/2717
f 2717/2717/2717 2442/2442/2442 2720/2720/2720
f 2714/2714/2714 2716/2716/2716 2727/2727/2727
f 2727/2727/2727 2716/2716/2716 2729/2729/2729
f 2730/2730/2730 2390/2390/2390 2731/2731/2731
f 2390/2390/2390 2389/2389/2389 2731/2731/2731
f 2732/2732/2732 2733/2733/2733 2395/2395/2395
f 2395/2395/2395 2733/2733/2733 2393/2393/2393
f 2393/2393/2393 2733/2733/2733 2389/2389/2389
f 2389/2389/2389 2733/2733/2733 2731/2731/2731
f 2395/2395/2395 2396/2396/2396 2732/2732/2732
f 2732/2732/2732 2396/2396/2396 2734/2734/2734
f 2735/2735/2735 2736/2736/2736 2737/2737/2737
f 2737/2737/2737 2736/2736/2736 2738/2738/2738
f 2739/2739/2739 2740/2740/2740 2735/2735/2735
f 2735/2735/2735 2740/2740/2740 2736/2736/2736
f 2736/2736/2736 2374/2374/2374 2738/2738/2738
f 2738/2738/2738 2374/2374/2374 2372/2372/2372
f 2740/2740/2740 2376/2376/2376 2736/2736/2736
f 2736/2736/2736 2376/2376/2376 2374/2374/2374
f 2740/2740/2740 2741/2741/2741 2376/2376/2376
f 2376/2376/2376 2741/2741/2741 2385/2385/2385
f 2739/2739/2739 2742/2742/2742 2740/2740/2740
f 2740/2740/2740 2742/2742/2742 2741/2741/2741
f 2743/2743/2743 2744/2744/2744 2738/2738/2738
f 2738/2738/2738 2744/2744/2744 2737/2737/2737
f 2738/2738/2738 2372/2372/2372 2743/2743/2743
f 2743/2743/2743 2372/2372/2372 2387/2387/2387
f 2745/2745/2745 2746/2746/2746 2747/2747/2747
f 2730/2730/2730 2748/2748/2748 2749/2749/2749
f 2748/2748/2748 2730/2730/2730 2731/2731/2731
f 2733/2733/2733 2750/2750/2750 2731/2731/2731
f 2731/2731/2731 2750/2750/2750 2748/2748/2748
f 2733/2733/2733 2732/2732/2732 2750/2750/2750
f 2750/2750/2750 2732/2732/2732 2746/2746/2746
f 2734/2734/2734 2747/2747/2747 2732/2732/2732
f 2747/2747/2747 2746/2746/2746 2732/2732/2732
f 2721/2721/2721 2751/2751/2751 2718/2718/2718
f 2752/2752/2752 2753/2753/2753 2754/2754/2754
f 2754/2754/2754 2753/2753/2753 2751/2751/2751
f 2755/2755/2755 2756/2756/2756 2752/2752/2752
f 2752/2752/2752 2756/2756/2756 2753/2753/2753
f 2753/2753/2753 2756/2756/2756 2718/2718/2718
f 2718/2718/2718 2756/2756/2756 2719/2719/2719
f 2718/2718/2718 2751/2751/2751 2753/2753/2753
f 2757/2757/2757 2758/2758/2758 2751/2751/2751
f 2751/2751/2751 2758/2758/2758 2754/2754/2754
f 2757/2757/2757 2723/2723/2723 2759/2759/2759
f 2759/2759/2759 2723/2723/2723 2725/2725/2725
f 2760/2760/2760 2761/2761/2761 2762/2762/2762
f 2762/2762/2762 2761/2761/2761 2763/2763/2763
f 2756/2756/2756 2755/2755/2755 2761/2761/2761
f 2761/2761/2761 2755/2755/2755 2763/2763/2763
f 2764/2764/2764 2765/2765/2765 2760/2760/2760
f 2760/2760/2760 2765/2765/2765 2761/2761/2761
f 2719/2719/2719 2756/2756/2756 2765/2765/2765
f 2756/2756/2756 2761/2761/2761 2765/2765/2765
f 2766/2766/2766 2767/2767/2767 2768/2768/2768
f 2767/2767/2767 2728/2728/2728 2768/2768/2768
f 2728/2728/2728 2727/2727/2727 2768/2768/2768
f 2729/2729/2729 2712/2712/2712 2764/2764/2764
f 2764/2764/2764 2712/2712/2712 2765/2765/2765
f 2765/2765/2765 2712/2712/2712 2719/2719/2719
f 2751/2751/2751 2721/2721/2721 2757/2757/2757
f 2757/2757/2757 2721/2721/2721 2723/2723/2723
f 2727/2727/2727 2729/2729/2729 2768/2768/2768
f 2768/2768/2768 2729/2729/2729 2764/2764/2764
f 2768/2768/2768 2764/2764/2764 2766/2766/2766
f 2766/2766/2766 2764/2764/2764 2760/2760/2760
f 2766/2766/2766 2760/2760/2760 2769/2769/2769
f 2769/2769/2769 2760/2760/2760 2762/2762/2762
f 2770/2770/2770 2771/2771/2771 2772/2772/2772
f 2773/2773/2773 2774/2774/2774 2775/2775/2775
f 2775/2775/2775 2774/2774/2774 2776/2776/2776
f 2775/2775/2775 2776/2776/2776 2777/2777/2777
f 2777/2777/2777 2776/2776/2776 2778/2778/2778
f 2779/2779/2779 2774/2774/2774 2780/2780/2780
f 2780/2780/2780 2774/2774/2774 2773/2773/2773
f 2776/2776/2776 2735/2735/2735 2778/2778/2778
f 2778/2778/2778 2735/2735/2735 2737/2737/2737
f 2776/2776/2776 2774/2774/2774 2735/2735/2735
f 2735/2735/2735 2774/2774/2774 2739/2739/2739
f 2774/2774/2774 2779/2779/2779 2739/2739/2739
f 2739/2739/2739 2779/2779/2779 2742/2742/2742
f 2778/2778/2778 2737/2737/2737 2781/2781/2781
f 2781/2781/2781 2737/2737/2737 2744/2744/2744
f 2782/2782/2782 2783/2783/2783 2784/2784/2784
f 2784/2784/2784 2783/2783/2783 2785/2785/2785
f 2772/2772/2772 2771/2771/2771 2786/2786/2786
f 2786/2786/2786 2771/2771/2771 2787/2787/2787
f 2771/2771/2771 2784/2784/2784 2787/2787/2787
f 2787/2787/2787 2784/2784/2784 2785/2785/2785
f 2745/2745/2745 2782/2782/2782 2788/2788/2788
f 2782/2782/2782 2784/2784/2784 2788/2788/2788
f 2788/2788/2788 2746/2746/2746 2745/2745/2745
f 2750/2750/2750 2746/2746/2746 2789/2789/2789
f 2789/2789/2789 2746/2746/2746 2788/2788/2788
f 2748/2748/2748 2750/2750/2750 2770/2770/2770
f 2770/2770/2770 2750/2750/2750 2789/2789/2789
f 2749/2749/2749 2748/2748/2748 2770/2770/2770
f 2772/2772/2772 2790/2790/2790 2770/2770/2770
f 2790/2790/2790 2749/2749/2749 2770/2770/2770
f 2786/2786/2786 2791/2791/2791 2772/2772/2772
f 2772/2772/2772 2791/2791/2791 2790/2790/2790
f 2789/2789/2789 2771/2771/2771 2770/2770/2770
f 2789/2789/2789 2788/2788/2788 2771/2771/2771
f 2771/2771/2771 2788/2788/2788 2784/2784/2784
f 2781/2781/2781 2792/2792/2792 2778/2778/2778
f 2778/2778/2778 2792/2792/2792 2777/2777/2777
f 2793/2793/2793 2752/2752/2752 2794/2794/2794
f 2758/2758/2758 2757/2757/2757 2795/2795/2795
f 2795/2795/2795 2757/2757/2757 2759/2759/2759
f 2767/2767/2767 2766/2766/2766 2796/2796/2796
f 2796/2796/2796 2766/2766/2766 2769/2769/2769
f 2797/2797/2797 2798/2798/2798 2799/2799/2799
f 2800/2800/2800 2793/2793/2793 2801/2801/2801
f 2801/2801/2801 2793/2793/2793 2794/2794/2794
f 2802/2802/2802 2803/2803/2803 2804/2804/2804
f 2804/2804/2804 2803/2803/2803 2805/2805/2805
f 2806/2806/2806 2785/2785/2785 2807/2807/2807
f 2807/2807/2807 2785/2785/2785 2783/2783/2783
f 2806/2806/2806 2808/2808/2808 2785/2785/2785
f 2785/2785/2785 2808/2808/2808 2787/2787/2787
f 2791/2791/2791 2786/2786/2786 2809/2809/2809
f 2809/2809/2809 2786/2786/2786 2810/2810/2810
f 2792/2792/2792 2811/2811/2811 2777/2777/2777
f 2777/2777/2777 2811/2811/2811 2812/2812/2812
f 2780/2780/2780 2773/2773/2773 2813/2813/2813
f 2813/2813/2813 2773/2773/2773 2814/2814/2814
f 2812/2812/2812 2815/2815/2815 2777/2777/2777
f 2777/2777/2777 2815/2815/2815 2775/2775/2775
f 2814/2814/2814 2773/2773/2773 2815/2815/2815
f 2815/2815/2815 2773/2773/2773 2775/2775/2775
f 2808/2808/2808 2810/2810/2810 2787/2787/2787
f 2787/2787/2787 2810/2810/2810 2786/2786/2786
f 2812/2812/2812 2816/2816/2816 2815/2815/2815
f 2816/2816/2816 2817/2817/2817 2815/2815/2815
f 2818/2818/2818 2814/2814/2814 2817/2817/2817
f 2815/2815/2815 2817/2817/2817 2814/2814/2814
f 2818/2818/2818 2817/2817/2817 2819/2819/2819
f 2794/2794/2794 2819/2819/2819 2801/2801/2801
f 2801/2801/2801 2819/2819/2819 2817/2817/2817
f 2813/2813/2813 2814/2814/2814 2820/2820/2820
f 2820/2820/2820 2814/2814/2814 2818/2818/2818
f 2806/2806/2806 2807/2807/2807 2821/2821/2821
f 2822/2822/2822 2823/2823/2823 2824/2824/2824
f 2763/2763/2763 2755/2755/2755 2825/2825/2825
f 2825/2825/2825 2755/2755/2755 2793/2793/2793
f 2795/2795/2795 2826/2826/2826 2758/2758/2758
f 2758/2758/2758 2826/2826/2826 2818/2818/2818
f 2755/2755/2755 2752/2752/2752 2793/2793/2793
f 2821/2821/2821 2827/2827/2827 2769/2769/2769
f 2769/2769/2769 2827/2827/2827 2796/2796/2796
f 2818/2818/2818 2819/2819/2819 2758/2758/2758
f 2758/2758/2758 2819/2819/2819 2754/2754/2754
f 2794/2794/2794 2752/2752/2752 2819/2819/2819
f 2819/2819/2819 2752/2752/2752 2754/2754/2754
f 2825/2825/2825 2828/2828/2828 2763/2763/2763
f 2763/2763/2763 2828/2828/2828 2762/2762/2762
f 2829/2829/2829 2830/2830/2830 2831/2831/2831
f 2831/2831/2831 2830/2830/2830 2832/2832/2832
f 2831/2831/2831 2833/2833/2833 2829/2829/2829
f 2830/2830/2830 2825/2825/2825 2832/2832/2832
f 2832/2832/2832 2825/2825/2825 2800/2800/2800
f 2830/2830/2830 2828/2828/2828 2825/2825/2825
f 2808/2808/2808 2806/2806/2806 2829/2829/2829
f 2810/2810/2810 2808/2808/2808 2829/2829/2829
f 2834/2834/2834 2835/2835/2835 2836/2836/2836
f 2836/2836/2836 2835/2835/2835 2837/2837/2837
f 2835/2835/2835 2834/2834/2834 2838/2838/2838
f 2838/2838/2838 2834/2834/2834 2805/2805/2805
f 2803/2803/2803 2838/2838/2838 2805/2805/2805
f 2800/2800/2800 2825/2825/2825 2793/2793/2793
f 2837/2837/2837 2839/2839/2839 2840/2840/2840
f 2839/2839/2839 2837/2837/2837 2841/2841/2841
f 2841/2841/2841 2837/2837/2837 2835/2835/2835
f 2835/2835/2835 2816/2816/2816 2841/2841/2841
f 2835/2835/2835 2838/2838/2838 2816/2816/2816
f 2816/2816/2816 2838/2838/2838 2817/2817/2817
f 2803/2803/2803 2801/2801/2801 2838/2838/2838
f 2838/2838/2838 2801/2801/2801 2817/2817/2817
f 2803/2803/2803 2802/2802/2802 2801/2801/2801
f 2801/2801/2801 2802/2802/2802 2800/2800/2800
f 2580/2580/2580 2579/2579/2579 2842/2842/2842
f 2842/2842/2842 2579/2579/2579 2843/2843/2843
f 2579/2579/2579 2575/2575/2575 2843/2843/2843
f 2843/2843/2843 2575/2575/2575 2844/2844/2844
f 2575/2575/2575 2576/2576/2576 2844/2844/2844
f 2844/2844/2844 2576/2576/2576 2845/2845/2845
f 2577/2577/2577 2584/2584/2584 2846/2846/2846
f 2846/2846/2846 2584/2584/2584 2847/2847/2847
f 2578/2578/2578 2577/2577/2577 2848/2848/2848
f 2848/2848/2848 2577/2577/2577 2846/2846/2846
f 2847/2847/2847 2584/2584/2584 2849/2849/2849
f 2849/2849/2849 2584/2584/2584 2583/2583/2583
f 2850/2850/2850 2851/2851/2851 2852/2852/2852
f 2852/2852/2852 2851/2851/2851 2853/2853/2853
f 2854/2854/2854 2855/2855/2855 2856/2856/2856
f 2856/2856/2856 2855/2855/2855 2857/2857/2857
f 2855/2855/2855 2833/2833/2833 2857/2857/2857
f 2849/2849/2849 2583/2583/2583 2858/2858/2858
f 2858/2858/2858 2583/2583/2583 2582/2582/2582
f 2859/2859/2859 2581/2581/2581 2842/2842/2842
f 2842/2842/2842 2581/2581/2581 2580/2580/2580
f 2860/2860/2860 2861/2861/2861 2842/2842/2842
f 2842/2842/2842 2861/2861/2861 2859/2859/2859
f 2798/2798/2798 2861/2861/2861 2799/2799/2799
f 2799/2799/2799 2861/2861/2861 2860/2860/2860
f 2852/2852/2852 2802/2802/2802 2850/2850/2850
f 2850/2850/2850 2802/2802/2802 2804/2804/2804
f 2802/2802/2802 2852/2852/2852 2800/2800/2800
f 2800/2800/2800 2852/2852/2852 2832/2832/2832
f 2831/2831/2831 2832/2832/2832 2853/2853/2853
f 2853/2853/2853 2832/2832/2832 2852/2852/2852
f 2828/2828/2828 2821/2821/2821 2762/2762/2762
f 2762/2762/2762 2821/2821/2821 2769/2769/2769
f 2830/2830/2830 2821/2821/2821 2828/2828/2828
f 2806/2806/2806 2821/2821/2821 2829/2829/2829
f 2829/2829/2829 2821/2821/2821 2830/2830/2830
f 1896/1896/1896 2862/2862/2862 1895/1895/1895
f 2863/2863/2863 2862/2862/2862 2864/2864/2864
f 2865/2865/2865 2866/2866/2866 2867/2867/2867
f 2867/2867/2867 2866/2866/2866 2868/2868/2868
f 1892/1892/1892 1884/1884/1884 2869/2869/2869
f 2869/2869/2869 1884/1884/1884 2870/2870/2870
f 1884/1884/1884 1886/1886/1886 2870/2870/2870
f 2870/2870/2870 1886/1886/1886 2871/2871/2871
f 1887/1887/1887 1905/1905/1905 2868/2868/2868
f 2868/2868/2868 1905/1905/1905 2867/2867/2867
f 2863/2863/2863 2872/2872/2872 2873/2873/2873
f 2862/2862/2862 2863/2863/2863 2874/2874/2874
f 2874/2874/2874 2863/2863/2863 2873/2873/2873
f 1902/1902/1902 1895/1895/1895 2874/2874/2874
f 2874/2874/2874 1895/1895/1895 2862/2862/2862
f 1899/1899/1899 2875/2875/2875 1898/1898/1898
f 1898/1898/1898 2875/2875/2875 2876/2876/2876
f 2877/2877/2877 2862/2862/2862 1896/1896/1896
f 1896/1896/1896 1898/1898/1898 2877/2877/2877
f 2877/2877/2877 1898/1898/1898 2876/2876/2876
f 1886/1886/1886 1887/1887/1887 2871/2871/2871
f 2871/2871/2871 1887/1887/1887 2868/2868/2868
f 2878/2878/2878 2879/2879/2879 2880/2880/2880
f 2880/2880/2880 2879/2879/2879 2881/2881/2881
f 2882/2882/2882 2883/2883/2883 2876/2876/2876
f 2876/2876/2876 2883/2883/2883 2877/2877/2877
f 2862/2862/2862 2877/2877/2877 2864/2864/2864
f 2864/2864/2864 2877/2877/2877 2883/2883/2883
f 2868/2868/2868 2866/2866/2866 2884/2884/2884
f 2884/2884/2884 2866/2866/2866 2885/2885/2885
f 2871/2871/2871 2884/2884/2884 2870/2870/2870
f 2868/2868/2868 2884/2884/2884 2871/2871/2871
f 2886/2886/2886 2887/2887/2887 2888/2888/2888
f 2888/2888/2888 2887/2887/2887 2889/2889/2889
f 2878/2878/2878 2886/2886/2886 2890/2890/2890
f 2890/2890/2890 2886/2886/2886 2888/2888/2888
f 2879/2879/2879 2878/2878/2878 2890/2890/2890
f 2889/2889/2889 2864/2864/2864 2883/2883/2883
f 2888/2888/2888 2889/2889/2889 2882/2882/2882
f 2882/2882/2882 2889/2889/2889 2883/2883/2883
f 2888/2888/2888 2882/2882/2882 2891/2891/2891
f 2892/2892/2892 2890/2890/2890 2891/2891/2891
f 2891/2891/2891 2890/2890/2890 2888/2888/2888
f 2892/2892/2892 2893/2893/2893 2890/2890/2890
f 2890/2890/2890 2893/2893/2893 2879/2879/2879
f 2879/2879/2879 2893/2893/2893 2881/2881/2881
f 2881/2881/2881 2893/2893/2893 2894/2894/2894
f 2895/2895/2895 2896/2896/2896 2897/2897/2897
f 2897/2897/2897 2896/2896/2896 2898/2898/2898
f 2897/2897/2897 2898/2898/2898 2881/2881/2881
f 2881/2881/2881 2898/2898/2898 2880/2880/2880
f 2899/2899/2899 2897/2897/2897 2894/2894/2894
f 2894/2894/2894 2897/2897/2897 2881/2881/2881
f 2900/2900/2900 2895/2895/2895 2899/2899/2899
f 2899/2899/2899 2895/2895/2895 2897/2897/2897
f 2901/2901/2901 2902/2902/2902 2903/2903/2903
f 2904/2904/2904 2905/2905/2905 2906/2906/2906
f 2906/2906/2906 2905/2905/2905 2907/2907/2907
f 2837/2837/2837 2907/2907/2907 2836/2836/2836
f 2836/2836/2836 2907/2907/2907 2905/2905/2905
f 2837/2837/2837 2840/2840/2840 2907/2907/2907
f 2907/2907/2907 2840/2840/2840 2797/2797/2797
f 2797/2797/2797 2799/2799/2799 2907/2907/2907
f 2906/2906/2906 2908/2908/2908 2909/2909/2909
f 2909/2909/2909 2908/2908/2908 2843/2843/2843
f 2843/2843/2843 2908/2908/2908 2842/2842/2842
f 2906/2906/2906 2909/2909/2909 2910/2910/2910
f 2910/2910/2910 2909/2909/2909 2911/2911/2911
f 2911/2911/2911 2909/2909/2909 2844/2844/2844
f 2844/2844/2844 2909/2909/2909 2843/2843/2843
f 2904/2904/2904 2906/2906/2906 2912/2912/2912
f 2912/2912/2912 2906/2906/2906 2910/2910/2910
f 2913/2913/2913 2914/2914/2914 2911/2911/2911
f 2911/2911/2911 2914/2914/2914 2910/2910/2910
f 2845/2845/2845 2913/2913/2913 2844/2844/2844
f 2844/2844/2844 2913/2913/2913 2911/2911/2911
f 2915/2915/2915 2916/2916/2916 2903/2903/2903
f 2903/2903/2903 2916/2916/2916 2901/2901/2901
f 2903/2903/2903 2917/2917/2917 2915/2915/2915
f 2915/2915/2915 2917/2917/2917 2918/2918/2918
f 2919/2919/2919 2902/2902/2902 2920/2920/2920
f 2903/2903/2903 2902/2902/2902 2919/2919/2919
f 2919/2919/2919 2921/2921/2921 2903/2903/2903
f 2903/2903/2903 2921/2921/2921 2917/2917/2917
f 2846/2846/2846 2847/2847/2847 2901/2901/2901
f 2901/2901/2901 2847/2847/2847 2902/2902/2902
f 2849/2849/2849 2920/2920/2920 2847/2847/2847
f 2847/2847/2847 2920/2920/2920 2902/2902/2902
f 2848/2848/2848 2846/2846/2846 2916/2916/2916
f 2916/2916/2916 2846/2846/2846 2901/2901/2901
f 2922/2922/2922 2833/2833/2833 2831/2831/2831
f 2923/2923/2923 2922/2922/2922 2851/2851/2851
f 2851/2851/2851 2922/2922/2922 2853/2853/2853
f 2922/2922/2922 2921/2921/2921 2833/2833/2833
f 2924/2924/2924 2857/2857/2857 2920/2920/2920
f 2920/2920/2920 2857/2857/2857 2919/2919/2919
f 2919/2919/2919 2857/2857/2857 2921/2921/2921
f 2921/2921/2921 2857/2857/2857 2833/2833/2833
f 2856/2856/2856 2857/2857/2857 2924/2924/2924
f 2925/2925/2925 2926/2926/2926 2927/2927/2927
f 2858/2858/2858 2924/2924/2924 2849/2849/2849
f 2849/2849/2849 2924/2924/2924 2920/2920/2920
f 2917/2917/2917 2923/2923/2923 2918/2918/2918
f 2921/2921/2921 2922/2922/2922 2917/2917/2917
f 2917/2917/2917 2922/2922/2922 2923/2923/2923
f 2907/2907/2907 2799/2799/2799 2860/2860/2860
f 2842/2842/2842 2908/2908/2908 2860/2860/2860
f 2860/2860/2860 2908/2908/2908 2907/2907/2907
f 2907/2907/2907 2908/2908/2908 2906/2906/2906
f 2853/2853/2853 2922/2922/2922 2831/2831/2831
f 2912/2912/2912 2910/2910/2910 2928/2928/2928
f 2928/2928/2928 2910/2910/2910 2914/2914/2914
f 2929/2929/2929 2930/2930/2930 2931/2931/2931
f 2932/2932/2932 2933/2933/2933 2934/2934/2934
f 2934/2934/2934 2933/2933/2933 2935/2935/2935
f 2935/2935/2935 2936/2936/2936 2934/2934/2934
f 2934/2934/2934 2936/2936/2936 2937/2937/2937
f 2931/2931/2931 2930/2930/2930 2938/2938/2938
f 2931/2931/2931 2938/2938/2938 2939/2939/2939
f 2939/2939/2939 2938/2938/2938 2940/2940/2940
f 2941/2941/2941 2942/2942/2942 2943/2943/2943
f 2941/2941/2941 2944/2944/2944 2942/2942/2942
f 2943/2943/2943 2942/2942/2942 2929/2929/2929
f 2929/2929/2929 2942/2942/2942 2945/2945/2945
f 2944/2944/2944 2937/2937/2937 2942/2942/2942
f 2942/2942/2942 2937/2937/2937 2945/2945/2945
f 2929/2929/2929 2931/2931/2931 2943/2943/2943
f 2943/2943/2943 2931/2931/2931 2941/2941/2941
f 2941/2941/2941 2931/2931/2931 2939/2939/2939
f 2932/2932/2932 2934/2934/2934 2941/2941/2941
f 2941/2941/2941 2934/2934/2934 2944/2944/2944
f 2946/2946/2946 2947/2947/2947 2948/2948/2948
f 2949/2949/2949 2950/2950/2950 2951/2951/2951
f 2951/2951/2951 2950/2950/2950 2952/2952/2952
f 2952/2952/2952 2950/2950/2950 2953/2953/2953
f 2953/2953/2953 2950/2950/2950 2947/2947/2947
f 2954/2954/2954 2949/2949/2949 2951/2951/2951
f 2955/2955/2955 2956/2956/2956 2929/2929/2929
f 2929/2929/2929 2956/2956/2956 2930/2930/2930
f 2945/2945/2945 2937/2937/2937 2957/2957/2957
f 2957/2957/2957 2937/2937/2937 2936/2936/2936
f 2934/2934/2934 2937/2937/2937 2944/2944/2944
f 2870/2870/2870 2884/2884/2884 2958/2958/2958
f 2959/2959/2959 2960/2960/2960 2882/2882/2882
f 2882/2882/2882 2960/2960/2960 2891/2891/2891
f 2891/2891/2891 2960/2960/2960 2961/2961/2961
f 2962/2962/2962 2963/2963/2963 2964/2964/2964
f 2964/2964/2964 2963/2963/2963 2965/2965/2965
f 2965/2965/2965 2963/2963/2963 2966/2966/2966
f 2966/2966/2966 2963/2963/2963 2967/2967/2967
f 2958/2958/2958 2968/2968/2968 2969/2969/2969
f 2969/2969/2969 2968/2968/2968 2970/2970/2970
f 2971/2971/2971 2972/2972/2972 2973/2973/2973
f 2973/2973/2973 2972/2972/2972 2959/2959/2959
f 2974/2974/2974 2975/2975/2975 2976/2976/2976
f 2976/2976/2976 2975/2975/2975 2961/2961/2961
f 2959/2959/2959 2972/2972/2972 2960/2960/2960
f 2960/2960/2960 2972/2972/2972 2977/2977/2977
f 2977/2977/2977 2976/2976/2976 2960/2960/2960
f 2960/2960/2960 2976/2976/2976 2961/2961/2961
f 2967/2967/2967 2968/2968/2968 2966/2966/2966
f 2966/2966/2966 2968/2968/2968 2958/2958/2958
f 2882/2882/2882 2876/2876/2876 2959/2959/2959
f 2875/2875/2875 2973/2973/2973 2876/2876/2876
f 2973/2973/2973 2959/2959/2959 2876/2876/2876
f 2978/2978/2978 2979/2979/2979 2980/2980/2980
f 2870/2870/2870 2958/2958/2958 2981/2981/2981
f 2982/2982/2982 2884/2884/2884 2885/2885/2885
f 2966/2966/2966 2982/2982/2982 2965/2965/2965
f 2958/2958/2958 2884/2884/2884 2982/2982/2982
f 2958/2958/2958 2982/2982/2982 2966/2966/2966
f 2983/2983/2983 2967/2967/2967 2963/2963/2963
f 2963/2963/2963 2962/2962/2962 2983/2983/2983
f 2984/2984/2984 2985/2985/2985 2986/2986/2986
f 2987/2987/2987 2985/2985/2985 2954/2954/2954
f 2954/2954/2954 2985/2985/2985 2949/2949/2949
f 2985/2985/2985 2988/2988/2988 2949/2949/2949
f 2949/2949/2949 2988/2988/2988 2950/2950/2950
f 2989/2989/2989 2947/2947/2947 2988/2988/2988
f 2988/2988/2988 2947/2947/2947 2950/2950/2950
f 2990/2990/2990 2948/2948/2948 2989/2989/2989
f 2989/2989/2989 2948/2948/2948 2947/2947/2947
f 2991/2991/2991 2992/2992/2992 2993/2993/2993
f 2993/2993/2993 2992/2992/2992 2994/2994/2994
f 2995/2995/2995 2996/2996/2996 2992/2992/2992
f 2992/2992/2992 2996/2996/2996 2997/2997/2997
f 2992/2992/2992 2997/2997/2997 2994/2994/2994
f 2994/2994/2994 2997/2997/2997 2998/2998/2998
f 2994/2994/2994 2998/2998/2998 2932/2932/2932
f 2932/2932/2932 2998/2998/2998 2933/2933/2933
f 2972/2972/2972 2971/2971/2971 2995/2995/2995
f 2995/2995/2995 2971/2971/2971 2996/2996/2996
f 2977/2977/2977 2972/2972/2972 2999/2999/2999
f 2999/2999/2999 2972/2972/2972 2995/2995/2995
f 2976/2976/2976 2977/2977/2977 3000/3000/3000
f 3000/3000/3000 2977/2977/2977 2999/2999/2999
f 2976/2976/2976 3000/3000/3000 2974/2974/2974
f 2974/2974/2974 3000/3000/3000 3001/3001/3001
f 2940/2940/2940 3002/3002/3002 2939/2939/2939
f 2939/2939/2939 3002/3002/3002 3003/3003/3003
f 3002/3002/3002 3004/3004/3004 3003/3003/3003
f 3003/3003/3003 3004/3004/3004 3005/3005/3005
f 3004/3004/3004 3001/3001/3001 3005/3005/3005
f 3005/3005/3005 3001/3001/3001 3000/3000/3000
f 2939/2939/2939 3003/3003/3003 2941/2941/2941
f 2941/2941/2941 3003/3003/3003 2993/2993/2993
f 2968/2968/2968 2967/2967/2967 3006/3006/3006
f 3006/3006/3006 2967/2967/2967 3007/3007/3007
f 3007/3007/3007 2967/2967/2967 2983/2983/2983
f 3008/3008/3008 2970/2970/2970 3006/3006/3006
f 3006/3006/3006 2970/2970/2970 2968/2968/2968
f 2983/2983/2983 2962/2962/2962 3009/3009/3009
f 3010/3010/3010 3011/3011/3011 3009/3009/3009
f 3009/3009/3009 3011/3011/3011 2983/2983/2983
f 3006/3006/3006 3007/3007/3007 3012/3012/3012
f 3012/3012/3012 3007/3007/3007 3013/3013/3013
f 3013/3013/3013 3007/3007/3007 3011/3011/3011
f 3011/3011/3011 3007/3007/3007 2983/2983/2983
f 3006/3006/3006 3012/3012/3012 3008/3008/3008
f 3008/3008/3008 3012/3012/3012 3014/3014/3014
f 2986/2986/2986 3014/3014/3014 2984/2984/2984
f 2984/2984/2984 3014/3014/3014 3012/3012/3012
f 3015/3015/3015 3013/3013/3013 3016/3016/3016
f 3016/3016/3016 3013/3013/3013 3011/3011/3011
f 3012/3012/3012 3013/3013/3013 2984/2984/2984
f 2984/2984/2984 3013/3013/3013 3015/3015/3015
f 2984/2984/2984 3015/3015/3015 2985/2985/2985
f 2985/2985/2985 3015/3015/3015 2988/2988/2988
f 2988/2988/2988 3015/3015/3015 2989/2989/2989
f 2989/2989/2989 3015/3015/3015 3016/3016/3016
f 2986/2986/2986 2985/2985/2985 2987/2987/2987
f 3017/3017/3017 3016/3016/3016 3010/3010/3010
f 3010/3010/3010 3016/3016/3016 3011/3011/3011
f 2990/2990/2990 2989/2989/2989 3017/3017/3017
f 3017/3017/3017 2989/2989/2989 3016/3016/3016
f 2993/2993/2993 3003/3003/3003 2991/2991/2991
f 2991/2991/2991 3003/3003/3003 3005/3005/3005
f 3000/3000/3000 2999/2999/2999 3005/3005/3005
f 3005/3005/3005 2999/2999/2999 2991/2991/2991
f 2992/2992/2992 2991/2991/2991 2995/2995/2995
f 2995/2995/2995 2991/2991/2991 2999/2999/2999
f 2994/2994/2994 2932/2932/2932 2993/2993/2993
f 2993/2993/2993 2932/2932/2932 2941/2941/2941
f 2965/2965/2965 3018/3018/3018 2964/2964/2964
f 3019/3019/3019 2891/2891/2891 2961/2961/2961
f 3020/3020/3020 3021/3021/3021 3022/3022/3022
f 3022/3022/3022 3021/3021/3021 3023/3023/3023
f 3023/3023/3023 3021/3021/3021 3024/3024/3024
f 3024/3024/3024 3021/3021/3021 3025/3025/3025
f 3018/3018/3018 3026/3026/3026 3027/3027/3027
f 3027/3027/3027 3026/3026/3026 3028/3028/3028
f 3029/3029/3029 3030/3030/3030 3031/3031/3031
f 3031/3031/3031 3030/3030/3030 3019/3019/3019
f 3032/3032/3032 3033/3033/3033 3034/3034/3034
f 3034/3034/3034 3033/3033/3033 3035/3035/3035
f 3019/3019/3019 3030/3030/3030 3036/3036/3036
f 3036/3036/3036 3030/3030/3030 3037/3037/3037
f 3037/3037/3037 3034/3034/3034 3036/3036/3036
f 3036/3036/3036 3034/3034/3034 3035/3035/3035
f 3026/3026/3026 3018/3018/3018 3025/3025/3025
f 3025/3025/3025 3018/3018/3018 3024/3024/3024
f 3038/3038/3038 3039/3039/3039 3040/3040/3040
f 2961/2961/2961 3041/3041/3041 3019/3019/3019
f 3042/3042/3042 3043/3043/3043 3044/3044/3044
f 3019/3019/3019 3036/3036/3036 2891/2891/2891
f 2891/2891/2891 3036/3036/3036 2892/2892/2892
f 3036/3036/3036 3035/3035/3035 2892/2892/2892
f 2900/2900/2900 3045/3045/3045 2885/2885/2885
f 3045/3045/3045 2982/2982/2982 2885/2885/2885
f 3024/3024/3024 3045/3045/3045 3023/3023/3023
f 3018/3018/3018 3045/3045/3045 3024/3024/3024
f 2965/2965/2965 2982/2982/2982 3018/3018/3018
f 3018/3018/3018 2982/2982/2982 3045/3045/3045
f 3046/3046/3046 3047/3047/3047 2810/2810/2810
f 2812/2812/2812 3048/3048/3048 2816/2816/2816
f 3049/3049/3049 2841/2841/2841 3050/3050/3050
f 2841/2841/2841 2816/2816/2816 3050/3050/3050
f 2816/2816/2816 3048/3048/3048 3050/3050/3050
f 3046/3046/3046 3051/3051/3051 3047/3047/3047
f 3047/3047/3047 3051/3051/3051 3052/3052/3052
f 3046/3046/3046 3053/3053/3053 3051/3051/3051
f 3051/3051/3051 3053/3053/3053 3054/3054/3054
f 3055/3055/3055 3056/3056/3056 3057/3057/3057
f 3057/3057/3057 3056/3056/3056 3058/3058/3058
f 3059/3059/3059 3060/3060/3060 3061/3061/3061
f 3061/3061/3061 3060/3060/3060 3049/3049/3049
f 3062/3062/3062 3063/3063/3063 3064/3064/3064
f 3064/3064/3064 3063/3063/3063 3048/3048/3048
f 3049/3049/3049 3050/3050/3050 3061/3061/3061
f 3061/3061/3061 3050/3050/3050 3065/3065/3065
f 3048/3048/3048 3063/3063/3063 3050/3050/3050
f 3050/3050/3050 3063/3063/3063 3065/3065/3065
f 3054/3054/3054 3053/3053/3053 3056/3056/3056
f 3056/3056/3056 3053/3053/3053 3058/3058/3058
f 3066/3066/3066 3067/3067/3067 3068/3068/3068
f 3069/3069/3069 3048/3048/3048 2812/2812/2812
f 3070/3070/3070 3071/3071/3071 3072/3072/3072
f 2829/2829/2829 2833/2833/2833 3073/3073/3073
f 3053/3053/3053 3046/3046/3046 3073/3073/3073
f 3058/3058/3058 3053/3053/3053 3073/3073/3073
f 3046/3046/3046 2810/2810/2810 3073/3073/3073
f 3073/3073/3073 2810/2810/2810 2829/2829/2829
f 3054/3054/3054 3074/3074/3074 3051/3051/3051
f 3074/3074/3074 3052/3052/3052 3051/3051/3051
f 3075/3075/3075 3076/3076/3076 3077/3077/3077
f 3034/3034/3034 3037/3037/3037 3078/3078/3078
f 3078/3078/3078 3037/3037/3037 3079/3079/3079
f 3037/3037/3037 3030/3030/3030 3079/3079/3079
f 3079/3079/3079 3030/3030/3030 3080/3080/3080
f 3034/3034/3034 3078/3078/3078 3032/3032/3032
f 3032/3032/3032 3078/3078/3078 3081/3081/3081
f 3082/3082/3082 3083/3083/3083 3080/3080/3080
f 3080/3080/3080 3083/3083/3083 3079/3079/3079
f 3079/3079/3079 3083/3083/3083 3078/3078/3078
f 3078/3078/3078 3083/3083/3083 3084/3084/3084
f 3085/3085/3085 3081/3081/3081 3084/3084/3084
f 3084/3084/3084 3081/3081/3081 3078/3078/3078
f 3080/3080/3080 3086/3086/3086 3082/3082/3082
f 3082/3082/3082 3086/3086/3086 3087/3087/3087
f 3021/3021/3021 3020/3020/3020 3088/3088/3088
f 3088/3088/3088 3020/3020/3020 3089/3089/3089
f 3075/3075/3075 3026/3026/3026 3076/3076/3076
f 3076/3076/3076 3026/3026/3026 3025/3025/3025
f 3076/3076/3076 3025/3025/3025 3088/3088/3088
f 3088/3088/3088 3025/3025/3025 3021/3021/3021
f 3090/3090/3090 3091/3091/3091 3089/3089/3089
f 3089/3089/3089 3091/3091/3091 3088/3088/3088
f 3075/3075/3075 3077/3077/3077 3092/3092/3092
f 3092/3092/3092 3077/3077/3077 3093/3093/3093
f 3092/3092/3092 3028/3028/3028 3075/3075/3075
f 3075/3075/3075 3028/3028/3028 3026/3026/3026
f 3077/3077/3077 3076/3076/3076 3094/3094/3094
f 3094/3094/3094 3076/3076/3076 3091/3091/3091
f 3091/3091/3091 3076/3076/3076 3088/3088/3088
f 3030/3030/3030 3029/3029/3029 3080/3080/3080
f 3080/3080/3080 3029/3029/3029 3086/3086/3086
f 3095/3095/3095 3096/3096/3096 3097/3097/3097
f 3098/3098/3098 3099/3099/3099 3100/3100/3100
f 3100/3100/3100 3099/3099/3099 3101/3101/3101
f 3061/3061/3061 3098/3098/3098 3059/3059/3059
f 3059/3059/3059 3098/3098/3098 3100/3100/3100
f 3065/3065/3065 3102/3102/3102 3061/3061/3061
f 3061/3061/3061 3102/3102/3102 3098/3098/3098
f 3063/3063/3063 3103/3103/3103 3065/3065/3065
f 3065/3065/3065 3103/3103/3103 3102/3102/3102
f 3104/3104/3104 3103/3103/3103 3062/3062/3062
f 3062/3062/3062 3103/3103/3103 3063/3063/3063
f 3103/3103/3103 3104/3104/3104 3105/3105/3105
f 3105/3105/3105 3104/3104/3104 3106/3106/3106
f 3097/3097/3097 3054/3054/3054 3107/3107/3107
f 3107/3107/3107 3054/3054/3054 3056/3056/3056
f 3097/3097/3097 3074/3074/3074 3054/3054/3054
f 3108/3108/3108 3107/3107/3107 3055/3055/3055
f 3055/3055/3055 3107/3107/3107 3056/3056/3056
f 3109/3109/3109 3052/3052/3052 3074/3074/3074
f 3110/3110/3110 3109/3109/3109 3096/3096/3096
f 3109/3109/3109 3074/3074/3074 3096/3096/3096
f 3095/3095/3095 3097/3097/3097 3111/3111/3111
f 3111/3111/3111 3097/3097/3097 3107/3107/3107
f 3097/3097/3097 3096/3096/3096 3074/3074/3074
f 3107/3107/3107 3108/3108/3108 3111/3111/3111
f 3108/3108/3108 3112/3112/3112 3111/3111/3111
f 3113/3113/3113 3102/3102/3102 3105/3105/3105
f 3105/3105/3105 3102/3102/3102 3103/3103/3103
f 3102/3102/3102 3113/3113/3113 3098/3098/3098
f 3098/3098/3098 3113/3113/3113 3099/3099/3099
f 3114/3114/3114 3115/3115/3115 3116/3116/3116
f 2797/2797/2797 2840/2840/2840 3117/3117/3117
f 2854/2854/2854 3118/3118/3118 2855/2855/2855
f 2855/2855/2855 3118/3118/3118 3119/3119/3119
f 3120/3120/3120 3115/3115/3115 3114/3114/3114
f 3121/3121/3121 3122/3122/3122 3120/3120/3120
f 3120/3120/3120 3122/3122/3122 3115/3115/3115
f 3123/3123/3123 3119/3119/3119 3124/3124/3124
f 3124/3124/3124 3119/3119/3119 3118/3118/3118
f 3117/3117/3117 3125/3125/3125 2797/2797/2797
f 2797/2797/2797 3125/3125/3125 2798/2798/2798
f 3126/3126/3126 3125/3125/3125 3127/3127/3127
f 3127/3127/3127 3125/3125/3125 3117/3117/3117
f 3128/3128/3128 3129/3129/3129 3130/3130/3130
f 3130/3130/3130 3129/3129/3129 3131/3131/3131
f 3127/3127/3127 3117/3117/3117 3132/3132/3132
f 3132/3132/3132 3117/3117/3117 3133/3133/3133
f 3131/3131/3131 3129/3129/3129 3133/3133/3133
f 3133/3133/3133 3129/3129/3129 3132/3132/3132
f 3122/3122/3122 3121/3121/3121 3123/3123/3123
f 3123/3123/3123 3121/3121/3121 3119/3119/3119
f 3133/3133/3133 2839/2839/2839 3131/3131/3131
f 3131/3131/3131 2839/2839/2839 2841/2841/2841
f 2839/2839/2839 3133/3133/3133 2840/2840/2840
f 2840/2840/2840 3133/3133/3133 3117/3117/3117
f 2841/2841/2841 3049/3049/3049 3131/3131/3131
f 3130/3130/3130 3131/3131/3131 3060/3060/3060
f 3131/3131/3131 3049/3049/3049 3060/3060/3060
f 3134/3134/3134 3135/3135/3135 3136/3136/3136
f 3120/3120/3120 3137/3137/3137 3058/3058/3058
f 2833/2833/2833 3138/3138/3138 3073/3073/3073
f 3119/3119/3119 3138/3138/3138 2855/2855/2855
f 2855/2855/2855 3138/3138/3138 2833/2833/2833
f 3121/3121/3121 3120/3120/3120 3138/3138/3138
f 3119/3119/3119 3121/3121/3121 3138/3138/3138
f 3120/3120/3120 3058/3058/3058 3138/3138/3138
f 3138/3138/3138 3058/3058/3058 3073/3073/3073
f 3139/3139/3139 3140/3140/3140 3141/3141/3141
f 3142/3142/3142 3143/3143/3143 3144/3144/3144
f 3144/3144/3144 3143/3143/3143 3145/3145/3145
f 3146/3146/3146 3147/3147/3147 3143/3143/3143
f 3143/3143/3143 3147/3147/3147 3145/3145/3145
f 3139/3139/3139 3148/3148/3148 3149/3149/3149
f 3149/3149/3149 3148/3148/3148 3150/3150/3150
f 3148/3148/3148 3151/3151/3151 3150/3150/3150
f 3150/3150/3150 3151/3151/3151 3152/3152/3152
f 3153/3153/3153 3154/3154/3154 3155/3155/3155
f 3153/3153/3153 3155/3155/3155 3156/3156/3156
f 3154/3154/3154 3139/3139/3139 3155/3155/3155
f 3155/3155/3155 3139/3139/3139 3157/3157/3157
f 3157/3157/3157 3146/3146/3146 3155/3155/3155
f 3155/3155/3155 3146/3146/3146 3156/3156/3156
f 3139/3139/3139 3154/3154/3154 3148/3148/3148
f 3151/3151/3151 3148/3148/3148 3153/3153/3153
f 3153/3153/3153 3148/3148/3148 3154/3154/3154
f 3142/3142/3142 3153/3153/3153 3143/3143/3143
f 3143/3143/3143 3153/3153/3153 3156/3156/3156
f 3158/3158/3158 3159/3159/3159 3160/3160/3160
f 3160/3160/3160 3159/3159/3159 3161/3161/3161
f 3159/3159/3159 3158/3158/3158 3162/3162/3162
f 3162/3162/3162 3158/3158/3158 3163/3163/3163
f 3163/3163/3163 3164/3164/3164 3162/3162/3162
f 3162/3162/3162 3164/3164/3164 3165/3165/3165
f 3164/3164/3164 3166/3166/3166 3165/3165/3165
f 3165/3165/3165 3166/3166/3166 3167/3167/3167
f 3168/3168/3168 3166/3166/3166 3164/3164/3164
f 3169/3169/3169 3163/3163/3163 3170/3170/3170
f 3170/3170/3170 3163/3163/3163 3158/3158/3158
f 3169/3169/3169 3171/3171/3171 3163/3163/3163
f 3163/3163/3163 3171/3171/3171 3164/3164/3164
f 3160/3160/3160 3170/3170/3170 3158/3158/3158
f 3149/3149/3149 3140/3140/3140 3139/3139/3139
f 3157/3157/3157 3172/3172/3172 3146/3146/3146
f 3146/3146/3146 3172/3172/3172 3147/3147/3147
f 3143/3143/3143 3156/3156/3156 3146/3146/3146
f 3113/3113/3113 3173/3173/3173 3099/3099/3099
f 3099/3099/3099 3173/3173/3173 3174/3174/3174
f 3175/3175/3175 3101/3101/3101 3174/3174/3174
f 3174/3174/3174 3101/3101/3101 3099/3099/3099
f 3174/3174/3174 3142/3142/3142 3175/3175/3175
f 3175/3175/3175 3142/3142/3142 3144/3144/3144
f 3176/3176/3176 3177/3177/3177 3151/3151/3151
f 3151/3151/3151 3177/3177/3177 3152/3152/3152
f 3105/3105/3105 3106/3106/3106 3176/3176/3176
f 3176/3176/3176 3106/3106/3106 3177/3177/3177
f 3151/3151/3151 3153/3153/3153 3176/3176/3176
f 3176/3176/3176 3153/3153/3153 3173/3173/3173
f 3178/3178/3178 3179/3179/3179 3112/3112/3112
f 3112/3112/3112 3179/3179/3179 3111/3111/3111
f 3180/3180/3180 3181/3181/3181 3095/3095/3095
f 3095/3095/3095 3181/3181/3181 3096/3096/3096
f 3180/3180/3180 3095/3095/3095 3179/3179/3179
f 3179/3179/3179 3095/3095/3095 3111/3111/3111
f 3162/3162/3162 3180/3180/3180 3159/3159/3159
f 3159/3159/3159 3180/3180/3180 3179/3179/3179
f 3162/3162/3162 3165/3165/3165 3180/3180/3180
f 3180/3180/3180 3165/3165/3165 3181/3181/3181
f 3179/3179/3179 3178/3178/3178 3159/3159/3159
f 3178/3178/3178 3161/3161/3161 3159/3159/3159
f 3096/3096/3096 3181/3181/3181 3110/3110/3110
f 3110/3110/3110 3181/3181/3181 3182/3182/3182
f 3167/3167/3167 3182/3182/3182 3165/3165/3165
f 3182/3182/3182 3181/3181/3181 3165/3165/3165
f 3105/3105/3105 3176/3176/3176 3113/3113/3113
f 3113/3113/3113 3176/3176/3176 3173/3173/3173
f 3174/3174/3174 3173/3173/3173 3142/3142/3142
f 3142/3142/3142 3173/3173/3173 3153/3153/3153
f 3183/3183/3183 3087/3087/3087 3184/3184/3184
f 3185/3185/3185 3186/3186/3186 3187/3187/3187
f 3187/3187/3187 3186/3186/3186 3188/3188/3188
f 3185/3185/3185 3187/3187/3187 3189/3189/3189
f 3185/3185/3185 3190/3190/3190 3191/3191/3191
f 3191/3191/3191 3190/3190/3190 3192/3192/3192
f 3190/3190/3190 3185/3185/3185 3189/3189/3189
f 3193/3193/3193 3194/3194/3194 3189/3189/3189
f 3189/3189/3189 3194/3194/3194 3190/3190/3190
f 3195/3195/3195 3196/3196/3196 3187/3187/3187
f 3187/3187/3187 3196/3196/3196 3189/3189/3189
f 3197/3197/3197 3198/3198/3198 3195/3195/3195
f 3195/3195/3195 3198/3198/3198 3196/3196/3196
f 3193/3193/3193 3199/3199/3199 3194/3194/3194
f 3194/3194/3194 3199/3199/3199 3200/3200/3200
f 3192/3192/3192 3194/3194/3194 3201/3201/3201
f 3201/3201/3201 3194/3194/3194 3200/3200/3200
f 3201/3201/3201 3202/3202/3202 3192/3192/3192
f 3192/3192/3192 3202/3202/3202 3191/3191/3191
f 3188/3188/3188 3195/3195/3195 3187/3187/3187
f 3186/3186/3186 3203/3203/3203 3188/3188/3188
f 3188/3188/3188 3203/3203/3203 3204/3204/3204
f 3205/3205/3205 3206/3206/3206 3207/3207/3207
f 3207/3207/3207 3206/3206/3206 3208/3208/3208
f 3205/3205/3205 3207/3207/3207 3209/3209/3209
f 3209/3209/3209 3207/3207/3207 3210/3210/3210
f 3210/3210/3210 3207/3207/3207 3211/3211/3211
f 3210/3210/3210 3211/3211/3211 3212/3212/3212
f 3212/3212/3212 3211/3211/3211 3213/3213/3213
f 3211/3211/3211 3214/3214/3214 3213/3213/3213
f 3213/3213/3213 3214/3214/3214 3215/3215/3215
f 3211/3211/3211 3207/3207/3207 3214/3214/3214
f 3214/3214/3214 3207/3207/3207 3208/3208/3208
f 3213/3213/3213 3215/3215/3215 3216/3216/3216
f 3216/3216/3216 3215/3215/3215 3217/3217/3217
f 3188/3188/3188 3204/3204/3204 3195/3195/3195
f 3195/3195/3195 3204/3204/3204 3197/3197/3197
f 3192/3192/3192 3190/3190/3190 3194/3194/3194
f 3212/3212/3212 3213/3213/3213 3216/3216/3216
f 3083/3083/3083 3082/3082/3082 3218/3218/3218
f 3218/3218/3218 3082/3082/3082 3183/3183/3183
f 3084/3084/3084 3083/3083/3083 3219/3219/3219
f 3219/3219/3219 3083/3083/3083 3218/3218/3218
f 3186/3186/3186 3185/3185/3185 3183/3183/3183
f 3183/3183/3183 3185/3185/3185 3218/3218/3218
f 3185/3185/3185 3191/3191/3191 3218/3218/3218
f 3218/3218/3218 3191/3191/3191 3219/3219/3219
f 3202/3202/3202 3220/3220/3220 3191/3191/3191
f 3191/3191/3191 3220/3220/3220 3219/3219/3219
f 3084/3084/3084 3219/3219/3219 3085/3085/3085
f 3085/3085/3085 3219/3219/3219 3220/3220/3220
f 3082/3082/3082 3087/3087/3087 3183/3183/3183
f 3183/3183/3183 3184/3184/3184 3186/3186/3186
f 3186/3186/3186 3184/3184/3184 3203/3203/3203
f 3221/3221/3221 3222/3222/3222 3090/3090/3090
f 3090/3090/3090 3222/3222/3222 3091/3091/3091
f 3223/3223/3223 3094/3094/3094 3222/3222/3222
f 3222/3222/3222 3094/3094/3094 3091/3091/3091
f 3224/3224/3224 3077/3077/3077 3223/3223/3223
f 3223/3223/3223 3077/3077/3077 3094/3094/3094
f 3225/3225/3225 3093/3093/3093 3224/3224/3224
f 3224/3224/3224 3093/3093/3093 3077/3077/3077
f 3224/3224/3224 3208/3208/3208 3225/3225/3225
f 3225/3225/3225 3208/3208/3208 3206/3206/3206
f 3224/3224/3224 3223/3223/3223 3208/3208/3208
f 3208/3208/3208 3223/3223/3223 3214/3214/3214
f 3214/3214/3214 3223/3223/3223 3215/3215/3215
f 3215/3215/3215 3223/3223/3223 3222/3222/3222
f 3217/3217/3217 3215/3215/3215 3221/3221/3221
f 3221/3221/3221 3215/3215/3215 3222/3222/3222
f 3226/3226/3226 3227/3227/3227 3228/3228/3228
f 3229/3229/3229 3228/3228/3228 2893/2893/2893
f 2893/2893/2893 3228/3228/3228 2894/2894/2894
f 3230/3230/3230 2892/2892/2892 3035/3035/3035
f 3230/3230/3230 3231/3231/3231 2892/2892/2892
f 3229/3229/3229 2893/2893/2893 3231/3231/3231
f 2893/2893/2893 2892/2892/2892 3231/3231/3231
f 3033/3033/3033 3232/3232/3232 3035/3035/3035
f 3035/3035/3035 3232/3232/3232 3230/3230/3230
f 3023/3023/3023 3233/3233/3233 3022/3022/3022
f 3234/3234/3234 3235/3235/3235 3236/3236/3236
f 3237/3237/3237 3227/3227/3227 3226/3226/3226
f 3238/3238/3238 3239/3239/3239 3240/3240/3240
f 3240/3240/3240 3239/3239/3239 3230/3230/3230
f 3226/3226/3226 3228/3228/3228 3241/3241/3241
f 3241/3241/3241 3228/3228/3228 3229/3229/3229
f 3233/3233/3233 3242/3242/3242 3243/3243/3243
f 3243/3243/3243 3242/3242/3242 3244/3244/3244
f 3230/3230/3230 3239/3239/3239 3231/3231/3231
f 3231/3231/3231 3239/3239/3239 3245/3245/3245
f 3245/3245/3245 3241/3241/3241 3231/3231/3231
f 3231/3231/3231 3241/3241/3241 3229/3229/3229
f 3227/3227/3227 3237/3237/3237 3246/3246/3246
f 3246/3246/3246 3237/3237/3237 3247/3247/3247
f 2899/2899/2899 3248/3248/3248 2900/2900/2900
f 2900/2900/2900 3248/3248/3248 3045/3045/3045
f 2894/2894/2894 3227/3227/3227 2899/2899/2899
f 2899/2899/2899 3227/3227/3227 3248/3248/3248
f 3248/3248/3248 3227/3227/3227 3246/3246/3246
f 2894/2894/2894 3228/3228/3228 3227/3227/3227
f 3246/3246/3246 3247/3247/3247 3233/3233/3233
f 3233/3233/3233 3247/3247/3247 3242/3242/3242
f 3248/3248/3248 3233/3233/3233 3045/3045/3045
f 3045/3045/3045 3233/3233/3233 3023/3023/3023
f 3233/3233/3233 3248/3248/3248 3246/3246/3246
f 3249/3249/3249 3250/3250/3250 3251/3251/3251
f 3252/3252/3252 3250/3250/3250 3249/3249/3249
f 3253/3253/3253 3254/3254/3254 3250/3250/3250
f 3250/3250/3250 3254/3254/3254 3255/3255/3255
f 2113/2113/2113 2112/2112/2112 3256/3256/3256
f 3257/3257/3257 3249/3249/3249 3258/3258/3258
f 3258/3258/3258 3249/3249/3249 3259/3259/3259
f 3258/3258/3258 3260/3260/3260 3257/3257/3257
f 3257/3257/3257 3260/3260/3260 3261/3261/3261
f 3262/3262/3262 3263/3263/3263 3264/3264/3264
f 3264/3264/3264 3263/3263/3263 3265/3265/3265
f 3262/3262/3262 3266/3266/3266 3263/3263/3263
f 3263/3263/3263 3266/3266/3266 3267/3267/3267
f 3268/3268/3268 2113/2113/2113 3269/3269/3269
f 3270/3270/3270 3271/3271/3271 3260/3260/3260
f 3260/3260/3260 3271/3271/3271 3261/3261/3261
f 3268/3268/3268 3266/3266/3266 2088/2088/2088
f 2088/2088/2088 3266/3266/3266 2128/2128/2128
f 3272/3272/3272 3273/3273/3273 3264/3264/3264
f 3264/3264/3264 3273/3273/3273 3262/3262/3262
f 3260/3260/3260 3274/3274/3274 3270/3270/3270
f 3270/3270/3270 3274/3274/3274 3275/3275/3275
f 3260/3260/3260 3258/3258/3258 3276/3276/3276
f 3276/3276/3276 3258/3258/3258 3277/3277/3277
f 3251/3251/3251 2084/2084/2084 2114/2114/2114
f 2114/2114/2114 3278/3278/3278 3251/3251/3251
f 3251/3251/3251 3278/3278/3278 3259/3259/3259
f 3278/3278/3278 3277/3277/3277 3259/3259/3259
f 3259/3259/3259 3277/3277/3277 3258/3258/3258
f 3260/3260/3260 3276/3276/3276 3274/3274/3274
f 3250/3250/3250 3255/3255/3255 3251/3251/3251
f 3269/3269/3269 3267/3267/3267 3268/3268/3268
f 3268/3268/3268 3267/3267/3267 3266/3266/3266
f 2088/2088/2088 2113/2113/2113 3268/3268/3268
f 3251/3251/3251 3259/3259/3259 3249/3249/3249
f 3279/3279/3279 3280/3280/3280 2112/2112/2112
f 2112/2112/2112 3280/3280/3280 3256/3256/3256
f 3269/3269/3269 2113/2113/2113 3256/3256/3256
f 3249/3249/3249 3257/3257/3257 3252/3252/3252
f 2084/2084/2084 3254/3254/3254 2087/2087/2087
f 2112/2112/2112 2080/2080/2080 3279/3279/3279
f 3279/3279/3279 2080/2080/2080 2081/2081/2081
f 3255/3255/3255 3254/3254/3254 2084/2084/2084
f 3251/3251/3251 3255/3255/3255 2084/2084/2084
f 3262/3262/3262 2129/2129/2129 3266/3266/3266
f 3266/3266/3266 2129/2129/2129 2128/2128/2128
f 3262/3262/3262 3273/3273/3273 2129/2129/2129
f 3281/3281/3281 3282/3282/3282 3283/3283/3283
f 3257/3257/3257 3261/3261/3261 3284/3284/3284
f 3284/3284/3284 3261/3261/3261 3285/3285/3285
f 3263/3263/3263 3286/3286/3286 3265/3265/3265
f 3265/3265/3265 3286/3286/3286 3287/3287/3287
f 3288/3288/3288 3286/3286/3286 3267/3267/3267
f 3267/3267/3267 3286/3286/3286 3263/3263/3263
f 3261/3261/3261 3271/3271/3271 3285/3285/3285
f 3285/3285/3285 3271/3271/3271 3289/3289/3289
f 3269/3269/3269 3288/3288/3288 3267/3267/3267
f 3252/3252/3252 3257/3257/3257 3284/3284/3284
f 3290/3290/3290 3291/3291/3291 3292/3292/3292
f 3292/3292/3292 3291/3291/3291 3293/3293/3293
f 3291/3291/3291 3294/3294/3294 3293/3293/3293
f 3293/3293/3293 3294/3294/3294 3295/3295/3295
f 3296/3296/3296 3297/3297/3297 3298/3298/3298
f 3298/3298/3298 3297/3297/3297 3299/3299/3299
f 3300/3300/3300 3301/3301/3301 3302/3302/3302
f 3303/3303/3303 3296/3296/3296 3304/3304/3304
f 3304/3304/3304 3296/3296/3296 3298/3298/3298
f 3305/3305/3305 3306/3306/3306 3307/3307/3307
f 3307/3307/3307 3306/3306/3306 3308/3308/3308
f 3309/3309/3309 3308/3308/3308 3310/3310/3310
f 3310/3310/3310 3308/3308/3308 3306/3306/3306
f 3311/3311/3311 3312/3312/3312 3313/3313/3313
f 3313/3313/3313 3312/3312/3312 3314/3314/3314
f 3315/3315/3315 3316/3316/3316 3313/3313/3313
f 3313/3313/3313 3316/3316/3316 3311/3311/3311
f 3315/3315/3315 3317/3317/3317 3316/3316/3316
f 3316/3316/3316 3317/3317/3317 3318/3318/3318
f 3283/3283/3283 3318/3318/3318 3317/3317/3317
f 3319/3319/3319 3320/3320/3320 3321/3321/3321
f 3321/3321/3321 3320/3320/3320 3322/3322/3322
f 3323/3323/3323 3324/3324/3324 3290/3290/3290
f 3290/3290/3290 3324/3324/3324 3291/3291/3291
f 3325/3325/3325 3297/3297/3297 3326/3326/3326
f 3326/3326/3326 3297/3297/3297 3296/3296/3296
f 3296/3296/3296 3303/3303/3303 3326/3326/3326
f 3326/3326/3326 3303/3303/3303 3327/3327/3327
f 3324/3324/3324 3328/3328/3328 3291/3291/3291
f 3291/3291/3291 3328/3328/3328 3294/3294/3294
f 3281/3281/3281 3329/3329/3329 3330/3330/3330
f 3330/3330/3330 3329/3329/3329 3331/3331/3331
f 3332/3332/3332 3300/3300/3300 3304/3304/3304
f 3304/3304/3304 3300/3300/3300 3303/3303/3303
f 3319/3319/3319 3305/3305/3305 3320/3320/3320
f 3320/3320/3320 3305/3305/3305 3307/3307/3307
f 3290/3290/3290 3297/3297/3297 3323/3323/3323
f 3323/3323/3323 3297/3297/3297 3325/3325/3325
f 3290/3290/3290 3292/3292/3292 3297/3297/3297
f 3297/3297/3297 3292/3292/3292 3299/3299/3299
f 3312/3312/3312 3309/3309/3309 3314/3314/3314
f 3314/3314/3314 3309/3309/3309 3310/3310/3310
f 3298/3298/3298 3299/3299/3299 3306/3306/3306
f 3306/3306/3306 3299/3299/3299 3310/3310/3310
f 3314/3314/3314 3310/3310/3310 3292/3292/3292
f 3292/3292/3292 3310/3310/3310 3299/3299/3299
f 3313/3313/3313 3314/3314/3314 3293/3293/3293
f 3293/3293/3293 3314/3314/3314 3292/3292/3292
f 3293/3293/3293 3295/3295/3295 3313/3313/3313
f 3313/3313/3313 3295/3295/3295 3315/3315/3315
f 3295/3295/3295 3329/3329/3329 3315/3315/3315
f 3315/3315/3315 3329/3329/3329 3317/3317/3317
f 3283/3283/3283 3317/3317/3317 3281/3281/3281
f 3281/3281/3281 3317/3317/3317 3329/3329/3329
f 3332/3332/3332 3319/3319/3319 3333/3333/3333
f 3333/3333/3333 3319/3319/3319 3321/3321/3321
f 3304/3304/3304 3305/3305/3305 3332/3332/3332
f 3332/3332/3332 3305/3305/3305 3319/3319/3319
f 3306/3306/3306 3305/3305/3305 3298/3298/3298
f 3298/3298/3298 3305/3305/3305 3304/3304/3304
f 3334/3334/3334 3325/3325/3325 3335/3335/3335
f 3335/3335/3335 3325/3325/3325 3326/3326/3326
f 3336/3336/3336 3337/3337/3337 3324/3324/3324
f 3324/3324/3324 3337/3337/3337 3328/3328/3328
f 3338/3338/3338 3336/3336/3336 3323/3323/3323
f 3323/3323/3323 3336/3336/3336 3324/3324/3324
f 3334/3334/3334 3338/3338/3338 3325/3325/3325
f 3325/3325/3325 3338/3338/3338 3323/3323/3323
f 3339/3339/3339 3328/3328/3328 3340/3340/3340
f 3340/3340/3340 3328/3328/3328 3337/3337/3337
f 3294/3294/3294 3331/3331/3331 3295/3295/3295
f 3295/3295/3295 3331/3331/3331 3329/3329/3329
f 3327/3327/3327 3303/3303/3303 3341/3341/3341
f 3341/3341/3341 3303/3303/3303 3300/3300/3300
f 3341/3341/3341 3300/3300/3300 3302/3302/3302
f 3342/3342/3342 3318/3318/3318 3282/3282/3282
f 3282/3282/3282 3318/3318/3318 3283/3283/3283
f 3343/3343/3343 3282/3282/3282 3281/3281/3281
f 3344/3344/3344 3345/3345/3345 3330/3330/3330
f 3344/3344/3344 3330/3330/3330 3346/3346/3346
f 3339/3339/3339 3346/3346/3346 3331/3331/3331
f 3331/3331/3331 3346/3346/3346 3330/3330/3330
f 3328/3328/3328 3339/3339/3339 3294/3294/3294
f 3294/3294/3294 3339/3339/3339 3331/3331/3331
f 3346/3346/3346 3339/3339/3339 3340/3340/3340
f 3343/3343/3343 3281/3281/3281 3345/3345/3345
f 3345/3345/3345 3281/3281/3281 3330/3330/3330
f 3300/3300/3300 3332/3332/3332 3301/3301/3301
f 3301/3301/3301 3332/3332/3332 3333/3333/3333
f 3327/3327/3327 3341/3341/3341 3347/3347/3347
f 3326/3326/3326 3327/3327/3327 3335/3335/3335
f 3335/3335/3335 3327/3327/3327 3347/3347/3347
f 3348/3348/3348 3349/3349/3349 3350/3350/3350
f 3351/3351/3351 3352/3352/3352 3353/3353/3353
f 3353/3353/3353 3352/3352/3352 3354/3354/3354
f 3355/3355/3355 3356/3356/3356 3357/3357/3357
f 3357/3357/3357 3356/3356/3356 3358/3358/3358
f 3348/3348/3348 3359/3359/3359 3360/3360/3360
f 3360/3360/3360 3359/3359/3359 3361/3361/3361
f 3352/3352/3352 3351/3351/3351 3362/3362/3362
f 3362/3362/3362 3351/3351/3351 3363/3363/3363
f 3357/3357/3357 3358/3358/3358 3363/3363/3363
f 3363/3363/3363 3358/3358/3358 3362/3362/3362
f 3364/3364/3364 3365/3365/3365 3366/3366/3366
f 3366/3366/3366 3365/3365/3365 3367/3367/3367
f 3349/3349/3349 3365/3365/3365 3350/3350/3350
f 3350/3350/3350 3365/3365/3365 3364/3364/3364
f 3309/3309/3309 3367/3367/3367 3308/3308/3308
f 3308/3308/3308 3367/3367/3367 3365/3365/3365
f 3311/3311/3311 3351/3351/3351 3312/3312/3312
f 3312/3312/3312 3351/3351/3351 3353/3353/3353
f 3316/3316/3316 3363/3363/3363 3311/3311/3311
f 3311/3311/3311 3363/3363/3363 3351/3351/3351
f 3363/3363/3363 3316/3316/3316 3357/3357/3357
f 3357/3357/3357 3316/3316/3316 3318/3318/3318
f 3342/3342/3342 3355/3355/3355 3318/3318/3318
f 3318/3318/3318 3355/3355/3355 3357/3357/3357
f 3360/3360/3360 3361/3361/3361 3320/3320/3320
f 3320/3320/3320 3361/3361/3361 3322/3322/3322
f 3365/3365/3365 3349/3349/3349 3308/3308/3308
f 3308/3308/3308 3349/3349/3349 3307/3307/3307
f 3349/3349/3349 3360/3360/3360 3307/3307/3307
f 3307/3307/3307 3360/3360/3360 3320/3320/3320
f 3360/3360/3360 3349/3349/3349 3348/3348/3348
f 3367/3367/3367 3309/3309/3309 3353/3353/3353
f 3353/3353/3353 3309/3309/3309 3312/3312/3312
f 3353/3353/3353 3354/3354/3354 3367/3367/3367
f 3367/3367/3367 3354/3354/3354 3366/3366/3366
f 3129/3129/3129 3128/3128/3128 3368/3368/3368
f 3369/3369/3369 3370/3370/3370 2365/2365/2365
f 2365/2365/2365 3370/3370/3370 2363/2363/2363
f 2363/2363/2363 3370/3370/3370 2362/2362/2362
f 2362/2362/2362 3370/3370/3370 3371/3371/3371
f 3372/3372/3372 3369/3369/3369 2366/2366/2366
f 2366/2366/2366 3369/3369/3369 2365/2365/2365
f 2362/2362/2362 3371/3371/3371 2367/2367/2367
f 2367/2367/2367 3371/3371/3371 3373/3373/3373
f 3115/3115/3115 3122/3122/3122 3374/3374/3374
f 3374/3374/3374 3122/3122/3122 3375/3375/3375
f 3375/3375/3375 3122/3122/3122 3376/3376/3376
f 3376/3376/3376 3122/3122/3122 3123/3123/3123
f 3377/3377/3377 3375/3375/3375 3378/3378/3378
f 3378/3378/3378 3375/3375/3375 3376/3376/3376
f 3377/3377/3377 3379/3379/3379 3375/3375/3375
f 3375/3375/3375 3379/3379/3379 3374/3374/3374
f 3370/3370/3370 3380/3380/3380 3371/3371/3371
f 3371/3371/3371 3380/3380/3380 3381/3381/3381
f 3370/3370/3370 3369/3369/3369 3380/3380/3380
f 3380/3380/3380 3369/3369/3369 3382/3382/3382
f 3380/3380/3380 3382/3382/3382 3377/3377/3377
f 3377/3377/3377 3382/3382/3382 3379/3379/3379
f 3380/3380/3380 3377/3377/3377 3381/3381/3381
f 3381/3381/3381 3377/3377/3377 3378/3378/3378
f 3383/3383/3383 3384/3384/3384 3382/3382/3382
f 3382/3382/3382 3384/3384/3384 3379/3379/3379
f 3382/3382/3382 3369/3369/3369 3383/3383/3383
f 3384/3384/3384 3385/3385/3385 3379/3379/3379
f 3385/3385/3385 3374/3374/3374 3379/3379/3379
f 3115/3115/3115 3374/3374/3374 3116/3116/3116
f 3116/3116/3116 3374/3374/3374 3385/3385/3385
f 3386/3386/3386 3387/3387/3387 3388/3388/3388
f 3388/3388/3388 3387/3387/3387 3389/3389/3389
f 3390/3390/3390 3391/3391/3391 3389/3389/3389
f 3389/3389/3389 3391/3391/3391 3388/3388/3388
f 3132/3132/3132 3391/3391/3391 3127/3127/3127
f 3127/3127/3127 3391/3391/3391 3390/3390/3390
f 3392/3392/3392 3388/3388/3388 3368/3368/3368
f 3368/3368/3368 3388/3388/3388 3391/3391/3391
f 3132/3132/3132 3129/3129/3129 3391/3391/3391
f 3391/3391/3391 3129/3129/3129 3368/3368/3368
f 3368/3368/3368 3128/3128/3128 3393/3393/3393
f 3394/3394/3394 3392/3392/3392 3393/3393/3393
f 3393/3393/3393 3392/3392/3392 3368/3368/3368
f 3395/3395/3395 3396/3396/3396 3394/3394/3394
f 3394/3394/3394 3396/3396/3396 3392/3392/3392
f 2345/2345/2345 2346/2346/2346 3395/3395/3395
f 3395/3395/3395 2346/2346/2346 3396/3396/3396
f 3396/3396/3396 2346/2346/2346 3386/3386/3386
f 3386/3386/3386 2346/2346/2346 2348/2348/2348
f 3387/3387/3387 3386/3386/3386 2351/2351/2351
f 2351/2351/2351 3386/3386/3386 2348/2348/2348
f 3127/3127/3127 3390/3390/3390 3126/3126/3126
f 3126/3126/3126 3390/3390/3390 3397/3397/3397
f 3390/3390/3390 3389/3389/3389 3397/3397/3397
f 3397/3397/3397 3389/3389/3389 3398/3398/3398
f 3399/3399/3399 3398/3398/3398 3387/3387/3387
f 3387/3387/3387 3398/3398/3398 3389/3389/3389
f 3387/3387/3387 2351/2351/2351 3399/3399/3399
f 3399/3399/3399 2351/2351/2351 2359/2359/2359
f 3383/3383/3383 3369/3369/3369 3372/3372/3372
f 3373/3373/3373 3371/3371/3371 3400/3400/3400
f 3378/3378/3378 3401/3401/3401 3381/3381/3381
f 3381/3381/3381 3401/3401/3401 3400/3400/3400
f 3400/3400/3400 3371/3371/3371 3381/3381/3381
f 3401/3401/3401 3378/3378/3378 3402/3402/3402
f 3378/3378/3378 3376/3376/3376 3402/3402/3402
f 3123/3123/3123 3124/3124/3124 3376/3376/3376
f 3376/3376/3376 3124/3124/3124 3402/3402/3402
f 3386/3386/3386 3388/3388/3388 3396/3396/3396
f 3396/3396/3396 3388/3388/3388 3392/3392/3392
f 3403/3403/3403 3404/3404/3404 3405/3405/3405
f 3406/3406/3406 3407/3407/3407 3408/3408/3408
f 3408/3408/3408 3407/3407/3407 3409/3409/3409
f 3407/3407/3407 3410/3410/3410 3409/3409/3409
f 3409/3409/3409 3410/3410/3410 3411/3411/3411
f 3412/3412/3412 3413/3413/3413 3414/3414/3414
f 3414/3414/3414 3413/3413/3413 3415/3415/3415
f 3415/3415/3415 3406/3406/3406 3416/3416/3416
f 3416/3416/3416 3406/3406/3406 3408/3408/3408
f 3417/3417/3417 3418/3418/3418 3419/3419/3419
f 3419/3419/3419 3418/3418/3418 3420/3420/3420
f 3421/3421/3421 3422/3422/3422 3423/3423/3423
f 3423/3423/3423 3422/3422/3422 3424/3424/3424
f 3420/3420/3420 3414/3414/3414 3419/3419/3419
f 3419/3419/3419 3414/3414/3414 3425/3425/3425
f 3411/3411/3411 3410/3410/3410 3421/3421/3421
f 3421/3421/3421 3410/3410/3410 3422/3422/3422
f 3426/3426/3426 3358/3358/3358 3427/3427/3427
f 3427/3427/3427 3358/3358/3358 3356/3356/3356
f 3427/3427/3427 3428/3428/3428 3426/3426/3426
f 3426/3426/3426 3428/3428/3428 3429/3429/3429
f 3426/3426/3426 3429/3429/3429 3430/3430/3430
f 3430/3430/3430 3429/3429/3429 3431/3431/3431
f 3430/3430/3430 3431/3431/3431 3403/3403/3403
f 3403/3403/3403 3431/3431/3431 3404/3404/3404
f 3405/3405/3405 3404/3404/3404 3432/3432/3432
f 3433/3433/3433 3434/3434/3434 3435/3435/3435
f 3435/3435/3435 3434/3434/3434 3436/3436/3436
f 3359/3359/3359 3348/3348/3348 3437/3437/3437
f 3437/3437/3437 3348/3348/3348 3438/3438/3438
f 3430/3430/3430 3403/3403/3403 3362/3362/3362
f 3362/3362/3362 3403/3403/3403 3352/3352/3352
f 3430/3430/3430 3362/3362/3362 3426/3426/3426
f 3426/3426/3426 3362/3362/3362 3358/3358/3358
f 3439/3439/3439 3433/3433/3433 3440/3440/3440
f 3440/3440/3440 3433/3433/3433 3435/3435/3435
f 3437/3437/3437 3438/3438/3438 3441/3441/3441
f 3441/3441/3441 3438/3438/3438 3442/3442/3442
f 3433/3433/3433 3439/3439/3439 3364/3364/3364
f 3364/3364/3364 3439/3439/3439 3350/3350/3350
f 3366/3366/3366 3434/3434/3434 3364/3364/3364
f 3364/3364/3364 3434/3434/3434 3433/3433/3433
f 3441/3441/3441 3442/3442/3442 3443/3443/3443
f 3443/3443/3443 3442/3442/3442 3444/3444/3444
f 3428/3428/3428 3445/3445/3445 3429/3429/3429
f 3429/3429/3429 3445/3445/3445 3446/3446/3446
f 3447/3447/3447 3431/3431/3431 3446/3446/3446
f 3446/3446/3446 3431/3431/3431 3429/3429/3429
f 3404/3404/3404 3431/3431/3431 3448/3448/3448
f 3448/3448/3448 3431/3431/3431 3447/3447/3447
f 3448/3448/3448 3449/3449/3449 3404/3404/3404
f 3404/3404/3404 3449/3449/3449 3432/3432/3432
f 3435/3435/3435 3436/3436/3436 3450/3450/3450
f 3450/3450/3450 3436/3436/3436 3451/3451/3451
f 3440/3440/3440 3435/3435/3435 3452/3452/3452
f 3452/3452/3452 3435/3435/3435 3450/3450/3450
f 3439/3439/3439 3438/3438/3438 3350/3350/3350
f 3350/3350/3350 3438/3438/3438 3348/3348/3348
f 3438/3438/3438 3439/3439/3439 3442/3442/3442
f 3442/3442/3442 3439/3439/3439 3440/3440/3440
f 3442/3442/3442 3440/3440/3440 3444/3444/3444
f 3444/3444/3444 3440/3440/3440 3452/3452/3452
f 3354/3354/3354 3405/3405/3405 3366/3366/3366
f 3366/3366/3366 3405/3405/3405 3434/3434/3434
f 3405/3405/3405 3432/3432/3432 3434/3434/3434
f 3434/3434/3434 3432/3432/3432 3436/3436/3436
f 3451/3451/3451 3436/3436/3436 3449/3449/3449
f 3449/3449/3449 3436/3436/3436 3432/3432/3432
f 3405/3405/3405 3354/3354/3354 3403/3403/3403
f 3403/3403/3403 3354/3354/3354 3352/3352/3352
f 3453/3453/3453 3454/3454/3454 3455/3455/3455
f 3455/3455/3455 3454/3454/3454 3456/3456/3456
f 3457/3457/3457 3456/3456/3456 3458/3458/3458
f 3458/3458/3458 3456/3456/3456 3454/3454/3454
f 3458/3458/3458 3459/3459/3459 3457/3457/3457
f 3457/3457/3457 3459/3459/3459 3460/3460/3460
f 3460/3460/3460 3459/3459/3459 3461/3461/3461
f 3461/3461/3461 3459/3459/3459 3462/3462/3462
f 3463/3463/3463 3464/3464/3464 3462/3462/3462
f 3462/3462/3462 3464/3464/3464 3461/3461/3461
f 3465/3465/3465 3466/3466/3466 3463/3463/3463
f 3463/3463/3463 3466/3466/3466 3464/3464/3464
f 3467/3467/3467 3468/3468/3468 3465/3465/3465
f 3465/3465/3465 3468/3468/3468 3466/3466/3466
f 3453/3453/3453 3455/3455/3455 3467/3467/3467
f 3467/3467/3467 3455/3455/3455 3468/3468/3468
f 3469/3469/3469 3470/3470/3470 3471/3471/3471
f 3471/3471/3471 3470/3470/3470 3472/3472/3472
f 3470/3470/3470 3469/3469/3469 3473/3473/3473
f 3473/3473/3473 3469/3469/3469 3474/3474/3474
f 3473/3473/3473 3474/3474/3474 3475/3475/3475
f 3475/3475/3475 3474/3474/3474 3476/3476/3476
f 3477/3477/3477 3475/3475/3475 3478/3478/3478
f 3478/3478/3478 3475/3475/3475 3476/3476/3476
f 3479/3479/3479 3480/3480/3480 3481/3481/3481
f 3481/3481/3481 3480/3480/3480 3482/3482/3482
f 3479/3479/3479 3483/3483/3483 3480/3480/3480
f 3480/3480/3480 3483/3483/3483 3484/3484/3484
f 3485/3485/3485 3486/3486/3486 3483/3483/3483
f 3483/3483/3483 3486/3486/3486 3484/3484/3484
f 3487/3487/3487 3486/3486/3486 3488/3488/3488
f 3488/3488/3488 3486/3486/3486 3485/3485/3485
f 3488/3488/3488 3471/3471/3471 3487/3487/3487
f 3487/3487/3487 3471/3471/3471 3472/3472/3472
f 3451/3451/3451 3488/3488/3488 3450/3450/3450
f 3450/3450/3450 3488/3488/3488 3485/3485/3485
f 3450/3450/3450 3485/3485/3485 3452/3452/3452
f 3452/3452/3452 3485/3485/3485 3483/3483/3483
f 3479/3479/3479 3444/3444/3444 3483/3483/3483
f 3483/3483/3483 3444/3444/3444 3452/3452/3452
f 3444/3444/3444 3479/3479/3479 3443/3443/3443
f 3443/3443/3443 3479/3479/3479 3481/3481/3481
f 3478/3478/3478 3476/3476/3476 3445/3445/3445
f 3445/3445/3445 3476/3476/3476 3446/3446/3446
f 3476/3476/3476 3474/3474/3474 3446/3446/3446
f 3446/3446/3446 3474/3474/3474 3447/3447/3447
f 3474/3474/3474 3469/3469/3469 3447/3447/3447
f 3447/3447/3447 3469/3469/3469 3448/3448/3448
f 3469/3469/3469 3471/3471/3471 3448/3448/3448
f 3448/3448/3448 3471/3471/3471 3449/3449/3449
f 3471/3471/3471 3488/3488/3488 3449/3449/3449
f 3449/3449/3449 3488/3488/3488 3451/3451/3451
f 3414/3414/3414 3415/3415/3415 3425/3425/3425
f 3425/3425/3425 3415/3415/3415 3416/3416/3416
f 3489/3489/3489 3412/3412/3412 3420/3420/3420
f 3420/3420/3420 3412/3412/3412 3414/3414/3414
f 3490/3490/3490 3489/3489/3489 3418/3418/3418
f 3418/3418/3418 3489/3489/3489 3420/3420/3420
f 3422/3422/3422 3491/3491/3491 3424/3424/3424
f 3424/3424/3424 3491/3491/3491 3492/3492/3492
f 3410/3410/3410 3493/3493/3493 3422/3422/3422
f 3422/3422/3422 3493/3493/3493 3491/3491/3491
f 3407/3407/3407 3494/3494/3494 3410/3410/3410
f 3410/3410/3410 3494/3494/3494 3493/3493/3493
f 3494/3494/3494 3407/3407/3407 3495/3495/3495
f 3495/3495/3495 3407/3407/3407 3406/3406/3406
f 3496/3496/3496 3495/3495/3495 3406/3406/3406
f 3413/3413/3413 3496/3496/3496 3415/3415/3415
f 3415/3415/3415 3496/3496/3496 3406/3406/3406
f 3497/3497/3497 3498/3498/3498 3499/3499/3499
f 3499/3499/3499 3498/3498/3498 3500/3500/3500
f 3501/3501/3501 3497/3497/3497 3502/3502/3502
f 3502/3502/3502 3497/3497/3497 3499/3499/3499
f 3503/3503/3503 3504/3504/3504 3505/3505/3505
f 3505/3505/3505 3504/3504/3504 3506/3506/3506
f 3498/3498/3498 3503/3503/3503 3500/3500/3500
f 3500/3500/3500 3503/3503/3503 3505/3505/3505
f 3507/3507/3507 3508/3508/3508 3509/3509/3509
f 3509/3509/3509 3508/3508/3508 3510/3510/3510
f 3511/3511/3511 3512/3512/3512 3513/3513/3513
f 3513/3513/3513 3512/3512/3512 3514/3514/3514
f 3506/3506/3506 3504/3504/3504 3510/3510/3510
f 3510/3510/3510 3504/3504/3504 3509/3509/3509
f 3512/3512/3512 3511/3511/3511 3502/3502/3502
f 3502/3502/3502 3511/3511/3511 3501/3501/3501
f 2834/2834/2834 3515/3515/3515 2805/2805/2805
f 2805/2805/2805 3515/3515/3515 3516/3516/3516
f 2836/2836/2836 2905/2905/2905 3517/3517/3517
f 2904/2904/2904 3518/3518/3518 2905/2905/2905
f 2905/2905/2905 3518/3518/3518 3517/3517/3517
f 2804/2804/2804 2805/2805/2805 3519/3519/3519
f 3519/3519/3519 2805/2805/2805 3516/3516/3516
f 3517/3517/3517 3518/3518/3518 3503/3503/3503
f 3503/3503/3503 3518/3518/3518 3504/3504/3504
f 3516/3516/3516 3515/3515/3515 3497/3497/3497
f 3497/3497/3497 3515/3515/3515 3498/3498/3498
f 3519/3519/3519 3516/3516/3516 3501/3501/3501
f 3501/3501/3501 3516/3516/3516 3497/3497/3497
f 3517/3517/3517 3515/3515/3515 2836/2836/2836
f 2836/2836/2836 3515/3515/3515 2834/2834/2834
f 3515/3515/3515 3517/3517/3517 3498/3498/3498
f 3498/3498/3498 3517/3517/3517 3503/3503/3503
f 3509/3509/3509 3520/3520/3520 3521/3521/3521
f 2851/2851/2851 3522/3522/3522 3523/3523/3523
f 3524/3524/3524 2923/2923/2923 3523/3523/3523
f 3523/3523/3523 2923/2923/2923 2851/2851/2851
f 2918/2918/2918 2923/2923/2923 3524/3524/3524
f 2804/2804/2804 3519/3519/3519 2850/2850/2850
f 2850/2850/2850 3519/3519/3519 3522/3522/3522
f 3521/3521/3521 3525/3525/3525 3509/3509/3509
f 3509/3509/3509 3525/3525/3525 3507/3507/3507
f 3519/3519/3519 3501/3501/3501 3522/3522/3522
f 3522/3522/3522 3501/3501/3501 3511/3511/3511
f 3518/3518/3518 3520/3520/3520 3504/3504/3504
f 3504/3504/3504 3520/3520/3520 3509/3509/3509
f 3513/3513/3513 3523/3523/3523 3511/3511/3511
f 3511/3511/3511 3523/3523/3523 3522/3522/3522
f 2851/2851/2851 2850/2850/2850 3522/3522/3522
f 2928/2928/2928 3521/3521/3521 2912/2912/2912
f 2912/2912/2912 3521/3521/3521 3520/3520/3520
f 2904/2904/2904 2912/2912/2912 3518/3518/3518
f 3518/3518/3518 2912/2912/2912 3520/3520/3520
f 3526/3526/3526 3527/3527/3527 3528/3528/3528
f 3529/3529/3529 3530/3530/3530 3531/3531/3531
f 3531/3531/3531 3530/3530/3530 3532/3532/3532
f 3533/3533/3533 3534/3534/3534 3535/3535/3535
f 3535/3535/3535 3534/3534/3534 3536/3536/3536
f 3533/3533/3533 3535/3535/3535 3537/3537/3537
f 3537/3537/3537 3535/3535/3535 3538/3538/3538
f 3539/3539/3539 3537/3537/3537 3540/3540/3540
f 3540/3540/3540 3537/3537/3537 3538/3538/3538
f 3539/3539/3539 3540/3540/3540 3541/3541/3541
f 3541/3541/3541 3540/3540/3540 3542/3542/3542
f 3538/3538/3538 3543/3543/3543 3540/3540/3540
f 3540/3540/3540 3543/3543/3543 3542/3542/3542
f 3528/3528/3528 3527/3527/3527 3544/3544/3544
f 3531/3531/3531 3532/3532/3532 3526/3526/3526
f 3526/3526/3526 3532/3532/3532 3527/3527/3527
f 3538/3538/3538 3535/3535/3535 3543/3543/3543
f 3543/3543/3543 3535/3535/3535 3536/3536/3536
f 3527/3527/3527 3545/3545/3545 3544/3544/3544
f 3544/3544/3544 3545/3545/3545 3546/3546/3546
f 3530/3530/3530 3545/3545/3545 3532/3532/3532
f 3532/3532/3532 3545/3545/3545 3527/3527/3527
f 3546/3546/3546 3547/3547/3547 3544/3544/3544
f 3544/3544/3544 3547/3547/3547 3528/3528/3528
f 2896/2896/2896 3548/3548/3548 3549/3549/3549
f 3548/3548/3548 2900/2900/2900 2885/2885/2885
f 2895/2895/2895 3548/3548/3548 2896/2896/2896
f 3548/3548/3548 2885/2885/2885 3550/3550/3550
f 3551/3551/3551 3549/3549/3549 3552/3552/3552
f 3549/3549/3549 3548/3548/3548 3552/3552/3552
f 3552/3552/3552 3548/3548/3548 3550/3550/3550
f 2895/2895/2895 2900/2900/2900 3548/3548/3548
f 3553/3553/3553 3554/3554/3554 2872/2872/2872
f 3534/3534/3534 3533/3533/3533 3555/3555/3555
f 3555/3555/3555 3533/3533/3533 3556/3556/3556
f 3557/3557/3557 3558/3558/3558 3529/3529/3529
f 3529/3529/3529 3558/3558/3558 3530/3530/3530
f 3559/3559/3559 3537/3537/3537 3560/3560/3560
f 3560/3560/3560 3537/3537/3537 3539/3539/3539
f 3533/3533/3533 3537/3537/3537 3556/3556/3556
f 3556/3556/3556 3537/3537/3537 3559/3559/3559
f 3561/3561/3561 3560/3560/3560 3541/3541/3541
f 3541/3541/3541 3560/3560/3560 3539/3539/3539
f 3562/3562/3562 3547/3547/3547 3563/3563/3563
f 3563/3563/3563 3547/3547/3547 3546/3546/3546
f 3546/3546/3546 3545/3545/3545 3563/3563/3563
f 3563/3563/3563 3545/3545/3545 3564/3564/3564
f 3545/3545/3545 3530/3530/3530 3564/3564/3564
f 3564/3564/3564 3530/3530/3530 3558/3558/3558
f 3565/3565/3565 3566/3566/3566 3567/3567/3567
f 3567/3567/3567 3566/3566/3566 3553/3553/3553
f 3567/3567/3567 3553/3553/3553 2887/2887/2887
f 2887/2887/2887 3553/3553/3553 2889/2889/2889
f 2889/2889/2889 3553/3553/3553 2864/2864/2864
f 2864/2864/2864 3553/3553/3553 2863/2863/2863
f 2863/2863/2863 3553/3553/3553 2872/2872/2872
f 3566/3566/3566 3568/3568/3568 3569/3569/3569
f 3568/3568/3568 3570/3570/3570 3569/3569/3569
f 3569/3569/3569 3570/3570/3570 3571/3571/3571
f 3570/3570/3570 3572/3572/3572 3571/3571/3571
f 3571/3571/3571 3572/3572/3572 3573/3573/3573
f 3574/3574/3574 3568/3568/3568 3575/3575/3575
f 3575/3575/3575 3568/3568/3568 3566/3566/3566
f 3574/3574/3574 3576/3576/3576 3568/3568/3568
f 3568/3568/3568 3576/3576/3576 3570/3570/3570
f 3576/3576/3576 3577/3577/3577 3570/3570/3570
f 3570/3570/3570 3577/3577/3577 3572/3572/3572
f 3575/3575/3575 3566/3566/3566 3578/3578/3578
f 3578/3578/3578 3566/3566/3566 3565/3565/3565
f 3579/3579/3579 3574/3574/3574 3580/3580/3580
f 3580/3580/3580 3574/3574/3574 3575/3575/3575
f 3581/3581/3581 3576/3576/3576 3579/3579/3579
f 3579/3579/3579 3576/3576/3576 3574/3574/3574
f 3581/3581/3581 3582/3582/3582 3576/3576/3576
f 3576/3576/3576 3582/3582/3582 3577/3577/3577
f 3583/3583/3583 3584/3584/3584 3585/3585/3585
f 3585/3585/3585 3584/3584/3584 3586/3586/3586
f 3551/3551/3551 3552/3552/3552 3583/3583/3583
f 3583/3583/3583 3552/3552/3552 3584/3584/3584
f 3587/3587/3587 3588/3588/3588 3589/3589/3589
f 3586/3586/3586 3584/3584/3584 3589/3589/3589
f 3589/3589/3589 3584/3584/3584 3587/3587/3587
f 3552/3552/3552 3550/3550/3550 3584/3584/3584
f 3584/3584/3584 3550/3550/3550 3587/3587/3587
f 3590/3590/3590 3591/3591/3591 3592/3592/3592
f 3592/3592/3592 3591/3591/3591 3593/3593/3593
f 3592/3592/3592 3586/3586/3586 3590/3590/3590
f 3590/3590/3590 3586/3586/3586 3589/3589/3589
f 3592/3592/3592 3593/3593/3593 3594/3594/3594
f 3594/3594/3594 3593/3593/3593 3595/3595/3595
f 3590/3590/3590 3596/3596/3596 3591/3591/3591
f 3591/3591/3591 3596/3596/3596 3597/3597/3597
f 3589/3589/3589 3588/3588/3588 3590/3590/3590
f 3590/3590/3590 3588/3588/3588 3596/3596/3596
f 3594/3594/3594 3585/3585/3585 3592/3592/3592
f 3592/3592/3592 3585/3585/3585 3586/3586/3586
f 3587/3587/3587 3598/3598/3598 3588/3588/3588
f 3588/3588/3588 3598/3598/3598 3599/3599/3599
f 2885/2885/2885 3598/3598/3598 3550/3550/3550
f 3550/3550/3550 3598/3598/3598 3587/3587/3587
f 3600/3600/3600 3599/3599/3599 3598/3598/3598
f 2865/2865/2865 3600/3600/3600 2866/2866/2866
f 2866/2866/2866 3600/3600/3600 3598/3598/3598
f 2866/2866/2866 3598/3598/3598 2885/2885/2885
f 3596/3596/3596 3599/3599/3599 3601/3601/3601
f 3602/3602/3602 3603/3603/3603 3604/3604/3604
f 3596/3596/3596 3601/3601/3601 3597/3597/3597
f 3597/3597/3597 3601/3601/3601 3605/3605/3605
f 3606/3606/3606 3571/3571/3571 3607/3607/3607
f 3607/3607/3607 3571/3571/3571 3573/3573/3573
f 3606/3606/3606 3608/3608/3608 3571/3571/3571
f 3571/3571/3571 3608/3608/3608 3554/3554/3554
f 3596/3596/3596 3588/3588/3588 3599/3599/3599
f 2873/2873/2873 2872/2872/2872 3608/3608/3608
f 3608/3608/3608 2872/2872/2872 3554/3554/3554
f 3571/3571/3571 3554/3554/3554 3569/3569/3569
f 3554/3554/3554 3553/3553/3553 3569/3569/3569
f 3569/3569/3569 3553/3553/3553 3566/3566/3566
f 3555/3555/3555 3556/3556/3556 3582/3582/3582
f 3582/3582/3582 3556/3556/3556 3577/3577/3577
f 3593/3593/3593 3558/3558/3558 3595/3595/3595
f 3595/3595/3595 3558/3558/3558 3557/3557/3557
f 3577/3577/3577 3556/3556/3556 3572/3572/3572
f 3572/3572/3572 3556/3556/3556 3559/3559/3559
f 3572/3572/3572 3559/3559/3559 3573/3573/3573
f 3573/3573/3573 3559/3559/3559 3560/3560/3560
f 3607/3607/3607 3573/3573/3573 3561/3561/3561
f 3561/3561/3561 3573/3573/3573 3560/3560/3560
f 3562/3562/3562 3563/3563/3563 3605/3605/3605
f 3605/3605/3605 3563/3563/3563 3597/3597/3597
f 3563/3563/3563 3564/3564/3564 3597/3597/3597
f 3597/3597/3597 3564/3564/3564 3591/3591/3591
f 3558/3558/3558 3593/3593/3593 3564/3564/3564
f 3564/3564/3564 3593/3593/3593 3591/3591/3591
f 3578/3578/3578 3609/3609/3609 3575/3575/3575
f 3575/3575/3575 3609/3609/3609 3580/3580/3580
f 3610/3610/3610 3611/3611/3611 3612/3612/3612
f 3613/3613/3613 3614/3614/3614 3610/3610/3610
f 3610/3610/3610 3614/3614/3614 3615/3615/3615
f 3615/3615/3615 3611/3611/3611 3610/3610/3610
f 3616/3616/3616 3617/3617/3617 3618/3618/3618
f 3618/3618/3618 3617/3617/3617 3619/3619/3619
f 3618/3618/3618 3619/3619/3619 3620/3620/3620
f 3620/3620/3620 3619/3619/3619 3621/3621/3621
f 3622/3622/3622 3623/3623/3623 3624/3624/3624
f 3624/3624/3624 3623/3623/3623 3625/3625/3625
f 3625/3625/3625 3623/3623/3623 3626/3626/3626
f 3626/3626/3626 3627/3627/3627 3625/3625/3625
f 3625/3625/3625 3627/3627/3627 3628/3628/3628
f 3628/3628/3628 3627/3627/3627 3615/3615/3615
f 3621/3621/3621 3629/3629/3629 3620/3620/3620
f 3620/3620/3620 3629/3629/3629 3630/3630/3630
f 3629/3629/3629 3614/3614/3614 3630/3630/3630
f 3630/3630/3630 3614/3614/3614 3613/3613/3613
f 3631/3631/3631 3632/3632/3632 3633/3633/3633
f 3631/3631/3631 3633/3633/3633 3634/3634/3634
f 3618/3618/3618 3632/3632/3632 3616/3616/3616
f 3616/3616/3616 3632/3632/3632 3631/3631/3631
f 3613/3613/3613 3610/3610/3610 3634/3634/3634
f 3630/3630/3630 3613/3613/3613 3633/3633/3633
f 3633/3633/3633 3613/3613/3613 3634/3634/3634
f 3620/3620/3620 3630/3630/3630 3632/3632/3632
f 3632/3632/3632 3630/3630/3630 3633/3633/3633
f 3631/3631/3631 3634/3634/3634 3612/3612/3612
f 3612/3612/3612 3634/3634/3634 3610/3610/3610
f 3618/3618/3618 3620/3620/3620 3632/3632/3632
f 3635/3635/3635 3636/3636/3636 3637/3637/3637
f 3638/3638/3638 3639/3639/3639 3622/3622/3622
f 3622/3622/3622 3639/3639/3639 3623/3623/3623
f 3626/3626/3626 3640/3640/3640 3627/3627/3627
f 3627/3627/3627 3640/3640/3640 3641/3641/3641
f 3627/3627/3627 3641/3641/3641 3615/3615/3615
f 3615/3615/3615 3641/3641/3641 3611/3611/3611
f 3640/3640/3640 3626/3626/3626 3639/3639/3639
f 3639/3639/3639 3626/3626/3626 3623/3623/3623
f 3241/3241/3241 3245/3245/3245 3642/3642/3642
f 3642/3642/3642 3245/3245/3245 3643/3643/3643
f 3226/3226/3226 3241/3241/3241 3644/3644/3644
f 3644/3644/3644 3241/3241/3241 3642/3642/3642
f 3611/3611/3611 3645/3645/3645 3612/3612/3612
f 3612/3612/3612 3645/3645/3645 3646/3646/3646
f 3645/3645/3645 3647/3647/3647 3646/3646/3646
f 3646/3646/3646 3647/3647/3647 3648/3648/3648
f 3647/3647/3647 3644/3644/3644 3648/3648/3648
f 3648/3648/3648 3644/3644/3644 3642/3642/3642
f 3649/3649/3649 3646/3646/3646 3650/3650/3650
f 3650/3650/3650 3646/3646/3646 3648/3648/3648
f 3642/3642/3642 3643/3643/3643 3648/3648/3648
f 3648/3648/3648 3643/3643/3643 3650/3650/3650
f 3649/3649/3649 3650/3650/3650 3651/3651/3651
f 3651/3651/3651 3650/3650/3650 3652/3652/3652
f 3245/3245/3245 3239/3239/3239 3643/3643/3643
f 3643/3643/3643 3239/3239/3239 3653/3653/3653
f 3653/3653/3653 3654/3654/3654 3652/3652/3652
f 3652/3652/3652 3654/3654/3654 3655/3655/3655
f 3652/3652/3652 3655/3655/3655 3651/3651/3651
f 3651/3651/3651 3655/3655/3655 3656/3656/3656
f 3651/3651/3651 3656/3656/3656 3616/3616/3616
f 3616/3616/3616 3656/3656/3656 3617/3617/3617
f 3239/3239/3239 3238/3238/3238 3653/3653/3653
f 3653/3653/3653 3238/3238/3238 3654/3654/3654
f 3657/3657/3657 3244/3244/3244 3658/3658/3658
f 3658/3658/3658 3244/3244/3244 3242/3242/3242
f 3237/3237/3237 3659/3659/3659 3247/3247/3247
f 3247/3247/3247 3659/3659/3659 3660/3660/3660
f 3237/3237/3237 3226/3226/3226 3659/3659/3659
f 3659/3659/3659 3226/3226/3226 3644/3644/3644
f 3659/3659/3659 3635/3635/3635 3660/3660/3660
f 3660/3660/3660 3635/3635/3635 3637/3637/3637
f 3647/3647/3647 3635/3635/3635 3644/3644/3644
f 3644/3644/3644 3635/3635/3635 3659/3659/3659
f 3658/3658/3658 3661/3661/3661 3657/3657/3657
f 3657/3657/3657 3661/3661/3661 3662/3662/3662
f 3663/3663/3663 3662/3662/3662 3664/3664/3664
f 3664/3664/3664 3662/3662/3662 3661/3661/3661
f 3637/3637/3637 3636/3636/3636 3665/3665/3665
f 3636/3636/3636 3641/3641/3641 3665/3665/3665
f 3665/3665/3665 3641/3641/3641 3640/3640/3640
f 3664/3664/3664 3639/3639/3639 3663/3663/3663
f 3663/3663/3663 3639/3639/3639 3638/3638/3638
f 3645/3645/3645 3636/3636/3636 3647/3647/3647
f 3647/3647/3647 3636/3636/3636 3635/3635/3635
f 3611/3611/3611 3641/3641/3641 3645/3645/3645
f 3645/3645/3645 3641/3641/3641 3636/3636/3636
f 3616/3616/3616 3631/3631/3631 3651/3651/3651
f 3651/3651/3651 3631/3631/3631 3649/3649/3649
f 3612/3612/3612 3646/3646/3646 3631/3631/3631
f 3631/3631/3631 3646/3646/3646 3649/3649/3649
f 3652/3652/3652 3650/3650/3650 3653/3653/3653
f 3653/3653/3653 3650/3650/3650 3643/3643/3643
f 3665/3665/3665 3640/3640/3640 3664/3664/3664
f 3664/3664/3664 3640/3640/3640 3639/3639/3639
f 3637/3637/3637 3665/3665/3665 3661/3661/3661
f 3661/3661/3661 3665/3665/3665 3664/3664/3664
f 3660/3660/3660 3637/3637/3637 3658/3658/3658
f 3658/3658/3658 3637/3637/3637 3661/3661/3661
f 3247/3247/3247 3660/3660/3660 3242/3242/3242
f 3242/3242/3242 3660/3660/3660 3658/3658/3658
f 3666/3666/3666 3667/3667/3667 3668/3668/3668
f 3669/3669/3669 3670/3670/3670 3671/3671/3671
f 3670/3670/3670 3669/3669/3669 3672/3672/3672
f 3673/3673/3673 3672/3672/3672 3674/3674/3674
f 3674/3674/3674 3672/3672/3672 3675/3675/3675
f 2526/2526/2526 3676/3676/3676 2524/2524/2524
f 2524/2524/2524 3676/3676/3676 2525/2525/2525
f 2526/2526/2526 2469/2469/2469 3677/3677/3677
f 2464/2464/2464 2523/2523/2523 3674/3674/3674
f 3677/3677/3677 3678/3678/3678 2526/2526/2526
f 3671/3671/3671 3679/3679/3679 3669/3669/3669
f 3669/3669/3669 3679/3679/3679 3680/3680/3680
f 3681/3681/3681 3666/3666/3666 3671/3671/3671
f 3671/3671/3671 3666/3666/3666 3679/3679/3679
f 3682/3682/3682 3683/3683/3683 3684/3684/3684
f 3684/3684/3684 3683/3683/3683 3685/3685/3685
f 3685/3685/3685 3683/3683/3683 3686/3686/3686
f 3686/3686/3686 3683/3683/3683 3687/3687/3687
f 3688/3688/3688 3689/3689/3689 3677/3677/3677
f 3681/3681/3681 3690/3690/3690 3666/3666/3666
f 3666/3666/3666 3690/3690/3690 3691/3691/3691
f 3685/3685/3685 3692/3692/3692 3684/3684/3684
f 3684/3684/3684 3692/3692/3692 3693/3693/3693
f 3669/3669/3669 3694/3694/3694 3672/3672/3672
f 2476/2476/2476 2464/2464/2464 3694/3694/3694
f 3672/3672/3672 3694/3694/3694 3675/3675/3675
f 3689/3689/3689 3688/3688/3688 3687/3687/3687
f 3687/3687/3687 3688/3688/3688 3686/3686/3686
f 3688/3688/3688 3677/3677/3677 2470/2470/2470
f 2470/2470/2470 3677/3677/3677 2469/2469/2469
f 3694/3694/3694 3669/3669/3669 3680/3680/3680
f 3678/3678/3678 3695/3695/3695 2526/2526/2526
f 2526/2526/2526 3695/3695/3695 3676/3676/3676
f 3689/3689/3689 3678/3678/3678 3677/3677/3677
f 3675/3675/3675 3694/3694/3694 2464/2464/2464
f 3674/3674/3674 3675/3675/3675 2464/2464/2464
f 2476/2476/2476 3694/3694/3694 3696/3696/3696
f 3696/3696/3696 3694/3694/3694 3680/3680/3680
f 3679/3679/3679 3697/3697/3697 3680/3680/3680
f 3680/3680/3680 3697/3697/3697 3696/3696/3696
f 3666/3666/3666 3668/3668/3668 3679/3679/3679
f 3679/3679/3679 3668/3668/3668 3697/3697/3697
f 3666/3666/3666 3691/3691/3691 3667/3667/3667
f 3667/3667/3667 3691/3691/3691 3698/3698/3698
f 3685/3685/3685 3686/3686/3686 2482/2482/2482
f 2482/2482/2482 3686/3686/3686 2477/2477/2477
f 2477/2477/2477 3686/3686/3686 2470/2470/2470
f 2470/2470/2470 3686/3686/3686 3688/3688/3688
f 3692/3692/3692 3685/3685/3685 2482/2482/2482
f 3699/3699/3699 3700/3700/3700 3701/3701/3701
f 3702/3702/3702 3703/3703/3703 3704/3704/3704
f 3704/3704/3704 3703/3703/3703 3705/3705/3705
f 3706/3706/3706 3707/3707/3707 3705/3705/3705
f 3705/3705/3705 3707/3707/3707 3704/3704/3704
f 3708/3708/3708 3709/3709/3709 3710/3710/3710
f 3710/3710/3710 3709/3709/3709 3711/3711/3711
f 3671/3671/3671 3712/3712/3712 3681/3681/3681
f 3681/3681/3681 3712/3712/3712 3713/3713/3713
f 3714/3714/3714 3715/3715/3715 3682/3682/3682
f 3682/3682/3682 3715/3715/3715 3683/3683/3683
f 3683/3683/3683 3715/3715/3715 3687/3687/3687
f 3687/3687/3687 3715/3715/3715 3716/3716/3716
f 3717/3717/3717 3718/3718/3718 3719/3719/3719
f 3720/3720/3720 3721/3721/3721 3708/3708/3708
f 3708/3708/3708 3721/3721/3721 3709/3709/3709
f 3671/3671/3671 3670/3670/3670 3712/3712/3712
f 3722/3722/3722 3723/3723/3723 3724/3724/3724
f 3724/3724/3724 3723/3723/3723 3725/3725/3725
f 3724/3724/3724 3725/3725/3725 3726/3726/3726
f 3726/3726/3726 3725/3725/3725 3727/3727/3727
f 3728/3728/3728 3729/3729/3729 3730/3730/3730
f 3730/3730/3730 3729/3729/3729 3731/3731/3731
f 3732/3732/3732 3730/3730/3730 3733/3733/3733
f 3733/3733/3733 3730/3730/3730 3731/3731/3731
f 3734/3734/3734 3735/3735/3735 3733/3733/3733
f 3733/3733/3733 3735/3735/3735 3732/3732/3732
f 3736/3736/3736 3735/3735/3735 3734/3734/3734
f 3737/3737/3737 3738/3738/3738 3739/3739/3739
f 3739/3739/3739 3738/3738/3738 3740/3740/3740
f 3700/3700/3700 3702/3702/3702 3701/3701/3701
f 3701/3701/3701 3702/3702/3702 3704/3704/3704
f 3708/3708/3708 3710/3710/3710 3741/3741/3741
f 3741/3741/3741 3710/3710/3710 3742/3742/3742
f 3743/3743/3743 3720/3720/3720 3741/3741/3741
f 3741/3741/3741 3720/3720/3720 3708/3708/3708
f 3701/3701/3701 3704/3704/3704 3744/3744/3744
f 3744/3744/3744 3704/3704/3704 3707/3707/3707
f 3745/3745/3745 3746/3746/3746 3747/3747/3747
f 3747/3747/3747 3746/3746/3746 3748/3748/3748
f 3720/3720/3720 3717/3717/3717 3721/3721/3721
f 3721/3721/3721 3717/3717/3717 3749/3749/3749
f 3737/3737/3737 3739/3739/3739 3722/3722/3722
f 3722/3722/3722 3739/3739/3739 3723/3723/3723
f 3681/3681/3681 3713/3713/3713 3690/3690/3690
f 3690/3690/3690 3713/3713/3713 3750/3750/3750
f 3742/3742/3742 3710/3710/3710 3700/3700/3700
f 3700/3700/3700 3710/3710/3710 3702/3702/3702
f 3711/3711/3711 3703/3703/3703 3710/3710/3710
f 3710/3710/3710 3703/3703/3703 3702/3702/3702
f 3729/3729/3729 3728/3728/3728 3727/3727/3727
f 3727/3727/3727 3728/3728/3728 3726/3726/3726
f 3709/3709/3709 3724/3724/3724 3711/3711/3711
f 3711/3711/3711 3724/3724/3724 3726/3726/3726
f 3711/3711/3711 3726/3726/3726 3703/3703/3703
f 3703/3703/3703 3726/3726/3726 3728/3728/3728
f 3703/3703/3703 3728/3728/3728 3705/3705/3705
f 3705/3705/3705 3728/3728/3728 3730/3730/3730
f 3732/3732/3732 3706/3706/3706 3730/3730/3730
f 3730/3730/3730 3706/3706/3706 3705/3705/3705
f 3735/3735/3735 3746/3746/3746 3732/3732/3732
f 3732/3732/3732 3746/3746/3746 3706/3706/3706
f 3746/3746/3746 3735/3735/3735 3748/3748/3748
f 3748/3748/3748 3735/3735/3735 3736/3736/3736
f 3749/3749/3749 3751/3751/3751 3737/3737/3737
f 3737/3737/3737 3751/3751/3751 3738/3738/3738
f 3721/3721/3721 3749/3749/3749 3722/3722/3722
f 3722/3722/3722 3749/3749/3749 3737/3737/3737
f 3721/3721/3721 3722/3722/3722 3709/3709/3709
f 3709/3709/3709 3722/3722/3722 3724/3724/3724
f 3741/3741/3741 3742/3742/3742 3752/3752/3752
f 3752/3752/3752 3742/3742/3742 3753/3753/3753
f 3699/3699/3699 3701/3701/3701 3754/3754/3754
f 3754/3754/3754 3701/3701/3701 3744/3744/3744
f 3755/3755/3755 3700/3700/3700 3699/3699/3699
f 3753/3753/3753 3742/3742/3742 3755/3755/3755
f 3755/3755/3755 3742/3742/3742 3700/3700/3700
f 3756/3756/3756 3757/3757/3757 3744/3744/3744
f 3744/3744/3744 3757/3757/3757 3754/3754/3754
f 3689/3689/3689 3687/3687/3687 3716/3716/3716
f 3707/3707/3707 3706/3706/3706 3745/3745/3745
f 3745/3745/3745 3706/3706/3706 3746/3746/3746
f 3717/3717/3717 3720/3720/3720 3758/3758/3758
f 3758/3758/3758 3720/3720/3720 3743/3743/3743
f 3758/3758/3758 3718/3718/3718 3717/3717/3717
f 3736/3736/3736 3734/3734/3734 3759/3759/3759
f 3759/3759/3759 3734/3734/3734 3760/3760/3760
f 3761/3761/3761 3748/3748/3748 3759/3759/3759
f 3759/3759/3759 3748/3748/3748 3736/3736/3736
f 3762/3762/3762 3747/3747/3747 3763/3763/3763
f 3762/3762/3762 3764/3764/3764 3747/3747/3747
f 3756/3756/3756 3745/3745/3745 3764/3764/3764
f 3764/3764/3764 3745/3745/3745 3747/3747/3747
f 3745/3745/3745 3756/3756/3756 3707/3707/3707
f 3707/3707/3707 3756/3756/3756 3744/3744/3744
f 3764/3764/3764 3757/3757/3757 3756/3756/3756
f 3747/3747/3747 3748/3748/3748 3763/3763/3763
f 3763/3763/3763 3748/3748/3748 3761/3761/3761
f 3717/3717/3717 3719/3719/3719 3749/3749/3749
f 3749/3749/3749 3719/3719/3719 3751/3751/3751
f 3743/3743/3743 3765/3765/3765 3758/3758/3758
f 3765/3765/3765 3743/3743/3743 3752/3752/3752
f 3752/3752/3752 3743/3743/3743 3741/3741/3741
f 3766/3766/3766 3767/3767/3767 3768/3768/3768
f 3769/3769/3769 3770/3770/3770 3771/3771/3771
f 3771/3771/3771 3770/3770/3770 3772/3772/3772
f 3773/3773/3773 3774/3774/3774 3775/3775/3775
f 3775/3775/3775 3774/3774/3774 3776/3776/3776
f 3777/3777/3777 3778/3778/3778 3779/3779/3779
f 3779/3779/3779 3778/3778/3778 3780/3780/3780
f 3770/3770/3770 3781/3781/3781 3772/3772/3772
f 3772/3772/3772 3781/3781/3781 3782/3782/3782
f 3781/3781/3781 3773/3773/3773 3782/3782/3782
f 3782/3782/3782 3773/3773/3773 3775/3775/3775
f 3783/3783/3783 3766/3766/3766 3784/3784/3784
f 3784/3784/3784 3766/3766/3766 3768/3768/3768
f 3785/3785/3785 3767/3767/3767 3766/3766/3766
f 3727/3727/3727 3725/3725/3725 3783/3783/3783
f 3783/3783/3783 3725/3725/3725 3766/3766/3766
f 3731/3731/3731 3729/3729/3729 3772/3772/3772
f 3772/3772/3772 3729/3729/3729 3771/3771/3771
f 3733/3733/3733 3731/3731/3731 3782/3782/3782
f 3782/3782/3782 3731/3731/3731 3772/3772/3772
f 3782/3782/3782 3775/3775/3775 3733/3733/3733
f 3733/3733/3733 3775/3775/3775 3734/3734/3734
f 3760/3760/3760 3734/3734/3734 3776/3776/3776
f 3776/3776/3776 3734/3734/3734 3775/3775/3775
f 3740/3740/3740 3777/3777/3777 3739/3739/3739
f 3739/3739/3739 3777/3777/3777 3779/3779/3779
f 3723/3723/3723 3785/3785/3785 3725/3725/3725
f 3725/3725/3725 3785/3785/3785 3766/3766/3766
f 3785/3785/3785 3723/3723/3723 3779/3779/3779
f 3779/3779/3779 3723/3723/3723 3739/3739/3739
f 3779/3779/3779 3780/3780/3780 3785/3785/3785
f 3785/3785/3785 3780/3780/3780 3767/3767/3767
f 3729/3729/3729 3727/3727/3727 3771/3771/3771
f 3771/3771/3771 3727/3727/3727 3783/3783/3783
f 3784/3784/3784 3769/3769/3769 3783/3783/3783
f 3783/3783/3783 3769/3769/3769 3771/3771/3771
f 3786/3786/3786 3787/3787/3787 3788/3788/3788
f 3789/3789/3789 3790/3790/3790 3791/3791/3791
f 3791/3791/3791 3790/3790/3790 3792/3792/3792
f 3793/3793/3793 3794/3794/3794 3792/3792/3792
f 3792/3792/3792 3794/3794/3794 3791/3791/3791
f 3795/3795/3795 3796/3796/3796 3797/3797/3797
f 3797/3797/3797 3796/3796/3796 3798/3798/3798
f 3790/3790/3790 3789/3789/3789 3799/3799/3799
f 3799/3799/3799 3789/3789/3789 3795/3795/3795
f 3800/3800/3800 3801/3801/3801 3802/3802/3802
f 3802/3802/3802 3801/3801/3801 3803/3803/3803
f 3804/3804/3804 3805/3805/3805 3806/3806/3806
f 3806/3806/3806 3805/3805/3805 3807/3807/3807
f 3808/3808/3808 3797/3797/3797 3801/3801/3801
f 3801/3801/3801 3797/3797/3797 3803/3803/3803
f 3793/3793/3793 3804/3804/3804 3794/3794/3794
f 3794/3794/3794 3804/3804/3804 3806/3806/3806
f 3809/3809/3809 3810/3810/3810 3773/3773/3773
f 3773/3773/3773 3810/3810/3810 3774/3774/3774
f 3811/3811/3811 3812/3812/3812 3809/3809/3809
f 3809/3809/3809 3812/3812/3812 3810/3810/3810
f 3813/3813/3813 3811/3811/3811 3814/3814/3814
f 3814/3814/3814 3811/3811/3811 3809/3809/3809
f 3815/3815/3815 3813/3813/3813 3816/3816/3816
f 3816/3816/3816 3813/3813/3813 3814/3814/3814
f 3817/3817/3817 3815/3815/3815 3818/3818/3818
f 3818/3818/3818 3815/3815/3815 3816/3816/3816
f 3819/3819/3819 3820/3820/3820 3821/3821/3821
f 3821/3821/3821 3820/3820/3820 3822/3822/3822
f 3778/3778/3778 3823/3823/3823 3780/3780/3780
f 3780/3780/3780 3823/3823/3823 3824/3824/3824
f 3770/3770/3770 3816/3816/3816 3781/3781/3781
f 3781/3781/3781 3816/3816/3816 3814/3814/3814
f 3773/3773/3773 3781/3781/3781 3809/3809/3809
f 3809/3809/3809 3781/3781/3781 3814/3814/3814
f 3825/3825/3825 3826/3826/3826 3819/3819/3819
f 3819/3819/3819 3826/3826/3826 3820/3820/3820
f 3823/3823/3823 3827/3827/3827 3824/3824/3824
f 3824/3824/3824 3827/3827/3827 3828/3828/3828
f 3767/3767/3767 3825/3825/3825 3768/3768/3768
f 3768/3768/3768 3825/3825/3825 3819/3819/3819
f 3784/3784/3784 3768/3768/3768 3821/3821/3821
f 3821/3821/3821 3768/3768/3768 3819/3819/3819
f 3827/3827/3827 3829/3829/3829 3828/3828/3828
f 3828/3828/3828 3829/3829/3829 3830/3830/3830
f 3831/3831/3831 3832/3832/3832 3811/3811/3811
f 3811/3811/3811 3832/3832/3832 3812/3812/3812
f 3833/3833/3833 3831/3831/3831 3813/3813/3813
f 3813/3813/3813 3831/3831/3831 3811/3811/3811
f 3833/3833/3833 3813/3813/3813 3834/3834/3834
f 3834/3834/3834 3813/3813/3813 3815/3815/3815
f 3817/3817/3817 3835/3835/3835 3815/3815/3815
f 3815/3815/3815 3835/3835/3835 3834/3834/3834
f 3820/3820/3820 3836/3836/3836 3822/3822/3822
f 3822/3822/3822 3836/3836/3836 3837/3837/3837
f 3826/3826/3826 3838/3838/3838 3820/3820/3820
f 3820/3820/3820 3838/3838/3838 3836/3836/3836
f 3825/3825/3825 3767/3767/3767 3824/3824/3824
f 3824/3824/3824 3767/3767/3767 3780/3780/3780
f 3824/3824/3824 3828/3828/3828 3825/3825/3825
f 3825/3825/3825 3828/3828/3828 3826/3826/3826
f 3828/3828/3828 3830/3830/3830 3826/3826/3826
f 3826/3826/3826 3830/3830/3830 3838/3838/3838
f 3821/3821/3821 3818/3818/3818 3784/3784/3784
f 3784/3784/3784 3818/3818/3818 3769/3769/3769
f 3822/3822/3822 3817/3817/3817 3821/3821/3821
f 3821/3821/3821 3817/3817/3817 3818/3818/3818
f 3817/3817/3817 3822/3822/3822 3835/3835/3835
f 3835/3835/3835 3822/3822/3822 3837/3837/3837
f 3770/3770/3770 3769/3769/3769 3816/3816/3816
f 3816/3816/3816 3769/3769/3769 3818/3818/3818
f 3839/3839/3839 3840/3840/3840 3841/3841/3841
f 3841/3841/3841 3840/3840/3840 3842/3842/3842
f 3840/3840/3840 3839/3839/3839 3843/3843/3843
f 3843/3843/3843 3839/3839/3839 3844/3844/3844
f 3843/3843/3843 3844/3844/3844 3845/3845/3845
f 3845/3845/3845 3844/3844/3844 3846/3846/3846
f 3847/3847/3847 3845/3845/3845 3848/3848/3848
f 3848/3848/3848 3845/3845/3845 3846/3846/3846
f 3848/3848/3848 3849/3849/3849 3847/3847/3847
f 3847/3847/3847 3849/3849/3849 3850/3850/3850
f 3849/3849/3849 3851/3851/3851 3850/3850/3850
f 3850/3850/3850 3851/3851/3851 3852/3852/3852
f 3851/3851/3851 3853/3853/3853 3852/3852/3852
f 3852/3852/3852 3853/3853/3853 3854/3854/3854
f 3853/3853/3853 3841/3841/3841 3854/3854/3854
f 3854/3854/3854 3841/3841/3841 3842/3842/3842
f 3788/3788/3788 3855/3855/3855 3786/3786/3786
f 3786/3786/3786 3855/3855/3855 3856/3856/3856
f 3788/3788/3788 3787/3787/3787 3857/3857/3857
f 3787/3787/3787 3858/3858/3858 3857/3857/3857
f 3857/3857/3857 3858/3858/3858 3859/3859/3859
f 3859/3859/3859 3858/3858/3858 3860/3860/3860
f 3860/3860/3860 3858/3858/3858 3861/3861/3861
f 3862/3862/3862 3863/3863/3863 3864/3864/3864
f 3864/3864/3864 3863/3863/3863 3865/3865/3865
f 3866/3866/3866 3867/3867/3867 3864/3864/3864
f 3864/3864/3864 3867/3867/3867 3862/3862/3862
f 3868/3868/3868 3867/3867/3867 3869/3869/3869
f 3869/3869/3869 3867/3867/3867 3866/3866/3866
f 3868/3868/3868 3869/3869/3869 3870/3870/3870
f 3870/3870/3870 3869/3869/3869 3871/3871/3871
f 3856/3856/3856 3855/3855/3855 3871/3871/3871
f 3871/3871/3871 3855/3855/3855 3870/3870/3870
f 3837/3837/3837 3836/3836/3836 3870/3870/3870
f 3870/3870/3870 3836/3836/3836 3868/3868/3868
f 3836/3836/3836 3838/3838/3838 3868/3868/3868
f 3868/3868/3868 3838/3838/3838 3867/3867/3867
f 3862/3862/3862 3867/3867/3867 3830/3830/3830
f 3830/3830/3830 3867/3867/3867 3838/3838/3838
f 3830/3830/3830 3829/3829/3829 3862/3862/3862
f 3862/3862/3862 3829/3829/3829 3863/3863/3863
f 3831/3831/3831 3859/3859/3859 3832/3832/3832
f 3832/3832/3832 3859/3859/3859 3860/3860/3860
f 3833/3833/3833 3857/3857/3857 3831/3831/3831
f 3831/3831/3831 3857/3857/3857 3859/3859/3859
f 3834/3834/3834 3788/3788/3788 3833/3833/3833
f 3833/3833/3833 3788/3788/3788 3857/3857/3857
f 3835/3835/3835 3855/3855/3855 3834/3834/3834
f 3834/3834/3834 3855/3855/3855 3788/3788/3788
f 3837/3837/3837 3870/3870/3870 3835/3835/3835
f 3835/3835/3835 3870/3870/3870 3855/3855/3855
f 3799/3799/3799 3795/3795/3795 3808/3808/3808
f 3808/3808/3808 3795/3795/3795 3797/3797/3797
f 3797/3797/3797 3798/3798/3798 3803/3803/3803
f 3803/3803/3803 3798/3798/3798 3872/3872/3872
f 3803/3803/3803 3872/3872/3872 3802/3802/3802
f 3802/3802/3802 3872/3872/3872 3873/3873/3873
f 3806/3806/3806 3807/3807/3807 3874/3874/3874
f 3874/3874/3874 3807/3807/3807 3875/3875/3875
f 3794/3794/3794 3806/3806/3806 3876/3876/3876
f 3876/3876/3876 3806/3806/3806 3874/3874/3874
f 3791/3791/3791 3794/3794/3794 3877/3877/3877
f 3877/3877/3877 3794/3794/3794 3876/3876/3876
f 3789/3789/3789 3791/3791/3791 3878/3878/3878
f 3878/3878/3878 3791/3791/3791 3877/3877/3877
f 3879/3879/3879 3789/3789/3789 3878/3878/3878
f 3789/3789/3789 3879/3879/3879 3795/3795/3795
f 3795/3795/3795 3879/3879/3879 3796/3796/3796
f 3880/3880/3880 3881/3881/3881 3882/3882/3882
f 3882/3882/3882 3881/3881/3881 3883/3883/3883
f 3884/3884/3884 3885/3885/3885 3880/3880/3880
f 3880/3880/3880 3885/3885/3885 3881/3881/3881
f 3886/3886/3886 3887/3887/3887 3888/3888/3888
f 3888/3888/3888 3887/3887/3887 3889/3889/3889
f 3882/3882/3882 3883/3883/3883 3886/3886/3886
f 3886/3886/3886 3883/3883/3883 3887/3887/3887
f 3890/3890/3890 3891/3891/3891 3892/3892/3892
f 3892/3892/3892 3891/3891/3891 3893/3893/3893
f 3894/3894/3894 3895/3895/3895 3896/3896/3896
f 3896/3896/3896 3895/3895/3895 3897/3897/3897
f 3889/3889/3889 3893/3893/3893 3888/3888/3888
f 3888/3888/3888 3893/3893/3893 3891/3891/3891
f 3884/3884/3884 3897/3897/3897 3885/3885/3885
f 3885/3885/3885 3897/3897/3897 3895/3895/3895
f 3898/3898/3898 3899/3899/3899 2878/2878/2878
f 2878/2878/2878 3899/3899/3899 2886/2886/2886
f 2887/2887/2887 3900/3900/3900 3567/3567/3567
f 3900/3900/3900 3901/3901/3901 3567/3567/3567
f 3567/3567/3567 3901/3901/3901 3565/3565/3565
f 3898/3898/3898 2878/2878/2878 3902/3902/3902
f 3902/3902/3902 2878/2878/2878 2880/2880/2880
f 3900/3900/3900 3886/3886/3886 3901/3901/3901
f 3901/3901/3901 3886/3886/3886 3888/3888/3888
f 3898/3898/3898 3880/3880/3880 3899/3899/3899
f 3899/3899/3899 3880/3880/3880 3882/3882/3882
f 3880/3880/3880 3898/3898/3898 3884/3884/3884
f 3884/3884/3884 3898/3898/3898 3902/3902/3902
f 3900/3900/3900 2887/2887/2887 3899/3899/3899
f 3899/3899/3899 2887/2887/2887 2886/2886/2886
f 3886/3886/3886 3900/3900/3900 3882/3882/3882
f 3882/3882/3882 3900/3900/3900 3899/3899/3899
f 3891/3891/3891 3903/3903/3903 3904/3904/3904
f 2896/2896/2896 3905/3905/3905 3906/3906/3906
f 2896/2896/2896 3549/3549/3549 3905/3905/3905
f 3905/3905/3905 3549/3549/3549 3907/3907/3907
f 3907/3907/3907 3549/3549/3549 3551/3551/3551
f 3906/3906/3906 3902/3902/3902 2898/2898/2898
f 2898/2898/2898 3902/3902/3902 2880/2880/2880
f 3890/3890/3890 3908/3908/3908 3891/3891/3891
f 3891/3891/3891 3908/3908/3908 3903/3903/3903
f 3897/3897/3897 3884/3884/3884 3906/3906/3906
f 3906/3906/3906 3884/3884/3884 3902/3902/3902
f 3891/3891/3891 3904/3904/3904 3888/3888/3888
f 3888/3888/3888 3904/3904/3904 3901/3901/3901
f 3896/3896/3896 3897/3897/3897 3905/3905/3905
f 3905/3905/3905 3897/3897/3897 3906/3906/3906
f 2896/2896/2896 3906/3906/3906 2898/2898/2898
f 3904/3904/3904 3903/3903/3903 3578/3578/3578
f 3578/3578/3578 3903/3903/3903 3609/3609/3609
f 3904/3904/3904 3578/3578/3578 3901/3901/3901
f 3901/3901/3901 3578/3578/3578 3565/3565/3565
f 3909/3909/3909 3910/3910/3910 3911/3911/3911
f 3912/3912/3912 3913/3913/3913 3914/3914/3914
f 3915/3915/3915 3916/3916/3916 3909/3909/3909
f 3917/3917/3917 3918/3918/3918 3913/3913/3913
f 3914/3914/3914 3913/3913/3913 3919/3919/3919
f 3919/3919/3919 3913/3913/3913 3920/3920/3920
f 3920/3920/3920 3913/3913/3913 3921/3921/3921
f 3921/3921/3921 3913/3913/3913 3918/3918/3918
f 3922/3922/3922 3923/3923/3923 3924/3924/3924
f 3925/3925/3925 3926/3926/3926 3927/3927/3927
f 3926/3926/3926 3928/3928/3928 3915/3915/3915
f 3929/3929/3929 3922/3922/3922 3930/3930/3930
f 3931/3931/3931 3924/3924/3924 3932/3932/3932
f 3933/3933/3933 3925/3925/3925 3927/3927/3927
f 3934/3934/3934 3935/3935/3935 3936/3936/3936
f 3937/3937/3937 3938/3938/3938 3939/3939/3939
f 3933/3933/3933 3940/3940/3940 3941/3941/3941
f 3931/3931/3931 3942/3942/3942 3943/3943/3943
f 3937/3937/3937 3911/3911/3911 3944/3944/3944
f 3934/3934/3934 3912/3912/3912 3914/3914/3914
f 3922/3922/3922 3945/3945/3945 3930/3930/3930
f 3930/3930/3930 3945/3945/3945 3946/3946/3946
f 3924/3924/3924 3931/3931/3931 3947/3947/3947
f 3947/3947/3947 3931/3931/3931 3948/3948/3948
f 3924/3924/3924 3947/3947/3947 3922/3922/3922
f 3922/3922/3922 3947/3947/3947 3945/3945/3945
f 3935/3935/3935 3934/3934/3934 3949/3949/3949
f 3949/3949/3949 3934/3934/3934 3950/3950/3950
f 3931/3931/3931 3943/3943/3943 3948/3948/3948
f 3948/3948/3948 3943/3943/3943 3951/3951/3951
f 3934/3934/3934 3914/3914/3914 3950/3950/3950
f 3950/3950/3950 3914/3914/3914 3919/3919/3919
f 3921/3921/3921 3918/3918/3918 3952/3952/3952
f 3952/3952/3952 3918/3918/3918 3953/3953/3953
f 3929/3929/3929 3953/3953/3953 3918/3918/3918
f 3954/3954/3954 3955/3955/3955 3956/3956/3956
f 3956/3956/3956 3955/3955/3955 3957/3957/3957
f 3958/3958/3958 3959/3959/3959 3960/3960/3960
f 3960/3960/3960 3959/3959/3959 3961/3961/3961
f 3962/3962/3962 3963/3963/3963 3956/3956/3956
f 3956/3956/3956 3963/3963/3963 3954/3954/3954
f 3964/3964/3964 3965/3965/3965 3966/3966/3966
f 3966/3966/3966 3965/3965/3965 3967/3967/3967
f 3968/3968/3968 3969/3969/3969 3960/3960/3960
f 3960/3960/3960 3969/3969/3969 3958/3958/3958
f 3959/3959/3959 3958/3958/3958 3970/3970/3970
f 3970/3970/3970 3958/3958/3958 3971/3971/3971
f 3969/3969/3969 3972/3972/3972 3958/3958/3958
f 3958/3958/3958 3972/3972/3972 3971/3971/3971
f 3973/3973/3973 3974/3974/3974 3975/3975/3975
f 3975/3975/3975 3974/3974/3974 3976/3976/3976
f 3977/3977/3977 3970/3970/3970 3974/3974/3974
f 3974/3974/3974 3970/3970/3970 3971/3971/3971
f 3974/3974/3974 3971/3971/3971 3976/3976/3976
f 3976/3976/3976 3971/3971/3971 3972/3972/3972
f 3965/3965/3965 3978/3978/3978 3967/3967/3967
f 3967/3967/3967 3978/3978/3978 3979/3979/3979
f 3966/3966/3966 3967/3967/3967 3980/3980/3980
f 3980/3980/3980 3967/3967/3967 3981/3981/3981
f 3981/3981/3981 3982/3982/3982 3973/3973/3973
f 3973/3973/3973 3982/3982/3982 3983/3983/3983
f 3980/3980/3980 3981/3981/3981 3975/3975/3975
f 3975/3975/3975 3981/3981/3981 3973/3973/3973
f 3983/3983/3983 3977/3977/3977 3973/3973/3973
f 3973/3973/3973 3977/3977/3977 3974/3974/3974
f 3984/3984/3984 3985/3985/3985 3986/3986/3986
f 3986/3986/3986 3985/3985/3985 3987/3987/3987
f 3988/3988/3988 3989/3989/3989 3990/3990/3990
f 3990/3990/3990 3989/3989/3989 3991/3991/3991
f 3992/3992/3992 3984/3984/3984 3993/3993/3993
f 3993/3993/3993 3984/3984/3984 3986/3986/3986
f 3994/3994/3994 3995/3995/3995 3996/3996/3996
f 3996/3996/3996 3995/3995/3995 3997/3997/3997
f 3996/3996/3996 3998/3998/3998 3994/3994/3994
f 3994/3994/3994 3998/3998/3998 3999/3999/3999
f 3994/3994/3994 3999/3999/3999 4000/4000/4000
f 4000/4000/4000 3999/3999/3999 4001/4001/4001
f 3989/3989/3989 3988/3988/3988 4002/4002/4002
f 4002/4002/4002 3988/3988/3988 4003/4003/4003
f 4004/4004/4004 4005/4005/4005 3995/3995/3995
f 3995/3995/3995 4005/4005/4005 3997/3997/3997
f 3995/3995/3995 4006/4006/4006 4004/4004/4004
f 4004/4004/4004 4006/4006/4006 4007/4007/4007
f 4000/4000/4000 4006/4006/4006 3994/3994/3994
f 3994/3994/3994 4006/4006/4006 3995/3995/3995
f 4008/4008/4008 4009/4009/4009 4010/4010/4010
f 4010/4010/4010 4009/4009/4009 4011/4011/4011
f 4011/4011/4011 4012/4012/4012 4010/4010/4010
f 4010/4010/4010 4012/4012/4012 4013/4013/4013
f 4005/4005/4005 4004/4004/4004 4009/4009/4009
f 4009/4009/4009 4004/4004/4004 4011/4011/4011
f 4004/4004/4004 4007/4007/4007 4011/4011/4011
f 4011/4011/4011 4007/4007/4007 4012/4012/4012
f 4010/4010/4010 3986/3986/3986 4008/4008/4008
f 4008/4008/4008 3986/3986/3986 3987/3987/3987
f 4010/4010/4010 4013/4013/4013 3986/3986/3986
f 3986/3986/3986 4013/4013/4013 3993/3993/3993
f 3992/3992/3992 3993/3993/3993 4014/4014/4014
f 4014/4014/4014 3993/3993/3993 4015/4015/4015
f 4016/4016/4016 4017/4017/4017 4001/4001/4001
f 4001/4001/4001 4017/4017/4017 4000/4000/4000
f 4018/4018/4018 4019/4019/4019 4003/4003/4003
f 4003/4003/4003 4019/4019/4019 4002/4002/4002
f 4020/4020/4020 4021/4021/4021 4006/4006/4006
f 4006/4006/4006 4021/4021/4021 4007/4007/4007
f 4017/4017/4017 4020/4020/4020 4000/4000/4000
f 4000/4000/4000 4020/4020/4020 4006/4006/4006
f 4022/4022/4022 4023/4023/4023 4012/4012/4012
f 4012/4012/4012 4023/4023/4023 4013/4013/4013
f 4021/4021/4021 4022/4022/4022 4007/4007/4007
f 4007/4007/4007 4022/4022/4022 4012/4012/4012
f 4013/4013/4013 4023/4023/4023 3993/3993/3993
f 3993/3993/3993 4023/4023/4023 4015/4015/4015
f 4024/4024/4024 4025/4025/4025 4026/4026/4026
f 4026/4026/4026 4025/4025/4025 4027/4027/4027
f 4028/4028/4028 4029/4029/4029 4030/4030/4030
f 4030/4030/4030 4029/4029/4029 4031/4031/4031
f 4032/4032/4032 4033/4033/4033 4034/4034/4034
f 4034/4034/4034 4033/4033/4033 4035/4035/4035
f 4033/4033/4033 4036/4036/4036 4035/4035/4035
f 4035/4035/4035 4036/4036/4036 4037/4037/4037
f 4038/4038/4038 4039/4039/4039 4034/4034/4034
f 4034/4034/4034 4039/4039/4039 4032/4032/4032
f 4040/4040/4040 4041/4041/4041 4042/4042/4042
f 4042/4042/4042 4041/4041/4041 4043/4043/4043
f 4042/4042/4042 4043/4043/4043 4038/4038/4038
f 4038/4038/4038 4043/4043/4043 4039/4039/4039
f 4026/4026/4026 4027/4027/4027 4040/4040/4040
f 4040/4040/4040 4027/4027/4027 4041/4041/4041
f 3965/3965/3965 3956/3956/3956 3978/3978/3978
f 3978/3978/3978 3956/3956/3956 3957/3957/3957
f 3962/3962/3962 3956/3956/3956 3964/3964/3964
f 3964/3964/3964 3956/3956/3956 3965/3965/3965
f 4031/4031/4031 4029/4029/4029 4024/4024/4024
f 4024/4024/4024 4029/4029/4029 4025/4025/4025
f 3988/3988/3988 3990/3990/3990 3984/3984/3984
f 3984/3984/3984 3990/3990/3990 3985/3985/3985
f 4003/4003/4003 3988/3988/3988 3992/3992/3992
f 3992/3992/3992 3988/3988/3988 3984/3984/3984
f 4014/4014/4014 4018/4018/4018 3992/3992/3992
f 3992/3992/3992 4018/4018/4018 4003/4003/4003
f 4023/4023/4023 4044/4044/4044 4015/4015/4015
f 4015/4015/4015 4044/4044/4044 4045/4045/4045
f 4022/4022/4022 4046/4046/4046 4023/4023/4023
f 4023/4023/4023 4046/4046/4046 4044/4044/4044
f 4047/4047/4047 4046/4046/4046 4021/4021/4021
f 4021/4021/4021 4046/4046/4046 4022/4022/4022
f 4048/4048/4048 4047/4047/4047 4020/4020/4020
f 4020/4020/4020 4047/4047/4047 4021/4021/4021
f 4049/4049/4049 4048/4048/4048 4017/4017/4017
f 4017/4017/4017 4048/4048/4048 4020/4020/4020
f 4050/4050/4050 4049/4049/4049 4016/4016/4016
f 4016/4016/4016 4049/4049/4049 4017/4017/4017
f 4018/4018/4018 4051/4051/4051 4019/4019/4019
f 4019/4019/4019 4051/4051/4051 4052/4052/4052
f 4051/4051/4051 4018/4018/4018 4053/4053/4053
f 4053/4053/4053 4018/4018/4018 4014/4014/4014
f 4053/4053/4053 4014/4014/4014 4045/4045/4045
f 4045/4045/4045 4014/4014/4014 4015/4015/4015
f 4054/4054/4054 4055/4055/4055 4056/4056/4056
f 4056/4056/4056 4055/4055/4055 4057/4057/4057
f 4058/4058/4058 4059/4059/4059 4054/4054/4054
f 4054/4054/4054 4059/4059/4059 4055/4055/4055
f 4060/4060/4060 4059/4059/4059 4061/4061/4061
f 4061/4061/4061 4059/4059/4059 4058/4058/4058
f 4062/4062/4062 4063/4063/4063 4064/4064/4064
f 4064/4064/4064 4063/4063/4063 4065/4065/4065
f 4066/4066/4066 4062/4062/4062 4067/4067/4067
f 4067/4067/4067 4062/4062/4062 4064/4064/4064
f 4068/4068/4068 4066/4066/4066 4069/4069/4069
f 4069/4069/4069 4066/4066/4066 4067/4067/4067
f 4068/4068/4068 4069/4069/4069 4070/4070/4070
f 4070/4070/4070 4069/4069/4069 4071/4071/4071
f 4072/4072/4072 4073/4073/4073 4071/4071/4071
f 4071/4071/4071 4073/4073/4073 4070/4070/4070
f 4056/4056/4056 4057/4057/4057 4072/4072/4072
f 4072/4072/4072 4057/4057/4057 4073/4073/4073
f 3967/3967/3967 3979/3979/3979 3981/3981/3981
f 3981/3981/3981 3979/3979/3979 3982/3982/3982
f 4074/4074/4074 4075/4075/4075 4076/4076/4076
f 3957/3957/3957 3955/3955/3955 4077/4077/4077
f 4077/4077/4077 3955/3955/3955 4078/4078/4078
f 4079/4079/4079 4080/4080/4080 4081/4081/4081
f 4080/4080/4080 4079/4079/4079 4082/4082/4082
f 4082/4082/4082 4079/4079/4079 4083/4083/4083
f 4084/4084/4084 4082/4082/4082 4085/4085/4085
f 4085/4085/4085 4082/4082/4082 4083/4083/4083
f 3978/3978/3978 4086/4086/4086 3979/3979/3979
f 3979/3979/3979 4086/4086/4086 4087/4087/4087
f 3982/3982/3982 4088/4088/4088 3983/3983/3983
f 3983/3983/3983 4088/4088/4088 4089/4089/4089
f 4075/4075/4075 4090/4090/4090 4091/4091/4091
f 4091/4091/4091 4090/4090/4090 4092/4092/4092
f 4093/4093/4093 4094/4094/4094 4095/4095/4095
f 4095/4095/4095 4094/4094/4094 4096/4096/4096
f 4094/4094/4094 4097/4097/4097 4096/4096/4096
f 4096/4096/4096 4097/4097/4097 4098/4098/4098
f 4090/4090/4090 4099/4099/4099 4092/4092/4092
f 4092/4092/4092 4099/4099/4099 4100/4100/4100
f 4101/4101/4101 4099/4099/4099 4074/4074/4074
f 4074/4074/4074 4099/4099/4099 4090/4090/4090
f 4102/4102/4102 4103/4103/4103 4104/4104/4104
f 4104/4104/4104 4103/4103/4103 4105/4105/4105
f 4106/4106/4106 4107/4107/4107 4108/4108/4108
f 4109/4109/4109 4110/4110/4110 4111/4111/4111
f 4111/4111/4111 4110/4110/4110 4112/4112/4112
f 4096/4096/4096 4098/4098/4098 4113/4113/4113
f 4113/4113/4113 4098/4098/4098 4114/4114/4114
f 4089/4089/4089 4084/4084/4084 4085/4085/4085
f 4107/4107/4107 4106/4106/4106 4115/4115/4115
f 4090/4090/4090 4075/4075/4075 4074/4074/4074
f 4116/4116/4116 4093/4093/4093 4117/4117/4117
f 4092/4092/4092 4118/4118/4118 4119/4119/4119
f 4092/4092/4092 4119/4119/4119 4091/4091/4091
f 4091/4091/4091 4119/4119/4119 4120/4120/4120
f 3957/3957/3957 4077/4077/4077 3978/3978/3978
f 3978/3978/3978 4077/4077/4077 4086/4086/4086
f 4089/4089/4089 4088/4088/4088 4121/4121/4121
f 4122/4122/4122 4084/4084/4084 4123/4123/4123
f 4123/4123/4123 4084/4084/4084 4089/4089/4089
f 4124/4124/4124 4082/4082/4082 4122/4122/4122
f 4122/4122/4122 4082/4082/4082 4084/4084/4084
f 4124/4124/4124 4125/4125/4125 4080/4080/4080
f 4081/4081/4081 4080/4080/4080 4126/4126/4126
f 4126/4126/4126 4080/4080/4080 4125/4125/4125
f 4089/4089/4089 4121/4121/4121 4123/4123/4123
f 4082/4082/4082 4124/4124/4124 4080/4080/4080
f 4089/4089/4089 4085/4085/4085 3983/3983/3983
f 3983/3983/3983 4085/4085/4085 3977/3977/3977
f 4083/4083/4083 3970/3970/3970 4085/4085/4085
f 4085/4085/4085 3970/3970/3970 3977/3977/3977
f 3959/3959/3959 3970/3970/3970 4079/4079/4079
f 4079/4079/4079 3970/3970/3970 4083/4083/4083
f 3961/3961/3961 3959/3959/3959 4081/4081/4081
f 4081/4081/4081 3959/3959/3959 4079/4079/4079
f 4077/4077/4077 4078/4078/4078 4127/4127/4127
f 4127/4127/4127 4078/4078/4078 4128/4128/4128
f 4110/4110/4110 4129/4129/4129 4112/4112/4112
f 4130/4130/4130 4131/4131/4131 4115/4115/4115
f 4115/4115/4115 4131/4131/4131 4132/4132/4132
f 4088/4088/4088 3982/3982/3982 4087/4087/4087
f 4087/4087/4087 3982/3982/3982 3979/3979/3979
f 4132/4132/4132 4107/4107/4107 4115/4115/4115
f 4092/4092/4092 4100/4100/4100 4118/4118/4118
f 4100/4100/4100 4133/4133/4133 4118/4118/4118
f 4134/4134/4134 4135/4135/4135 4108/4108/4108
f 4108/4108/4108 4135/4135/4135 4106/4106/4106
f 4093/4093/4093 4095/4095/4095 4117/4117/4117
f 4095/4095/4095 4136/4136/4136 4117/4117/4117
f 4088/4088/4088 4137/4137/4137 4121/4121/4121
f 4086/4086/4086 4138/4138/4138 4087/4087/4087
f 4087/4087/4087 4138/4138/4138 4139/4139/4139
f 4075/4075/4075 4091/4091/4091 4140/4140/4140
f 4140/4140/4140 4091/4091/4091 4141/4141/4141
f 4139/4139/4139 4137/4137/4137 4087/4087/4087
f 4087/4087/4087 4137/4137/4137 4088/4088/4088
f 4142/4142/4142 4143/4143/4143 4144/4144/4144
f 4144/4144/4144 4143/4143/4143 4145/4145/4145
f 4145/4145/4145 4143/4143/4143 4146/4146/4146
f 4146/4146/4146 4143/4143/4143 4147/4147/4147
f 4148/4148/4148 4142/4142/4142 4149/4149/4149
f 4149/4149/4149 4142/4142/4142 4144/4144/4144
f 4143/4143/4143 4142/4142/4142 4150/4150/4150
f 4150/4150/4150 4142/4142/4142 4151/4151/4151
f 4152/4152/4152 4151/4151/4151 4148/4148/4148
f 4148/4148/4148 4151/4151/4151 4142/4142/4142
f 4153/4153/4153 4154/4154/4154 4155/4155/4155
f 4155/4155/4155 4154/4154/4154 4156/4156/4156
f 4157/4157/4157 4155/4155/4155 4158/4158/4158
f 4158/4158/4158 4155/4155/4155 4156/4156/4156
f 4159/4159/4159 4160/4160/4160 4161/4161/4161
f 4161/4161/4161 4160/4160/4160 4140/4140/4140
f 4144/4144/4144 4145/4145/4145 4162/4162/4162
f 4162/4162/4162 4145/4145/4145 4163/4163/4163
f 4149/4149/4149 4144/4144/4144 4164/4164/4164
f 4164/4164/4164 4144/4144/4144 4162/4162/4162
f 4145/4145/4145 4146/4146/4146 4163/4163/4163
f 4163/4163/4163 4146/4146/4146 4165/4165/4165
f 4166/4166/4166 4167/4167/4167 4168/4168/4168
f 4168/4168/4168 4167/4167/4167 4169/4169/4169
f 4170/4170/4170 4161/4161/4161 4141/4141/4141
f 4141/4141/4141 4161/4161/4161 4140/4140/4140
f 4171/4171/4171 4172/4172/4172 4173/4173/4173
f 4173/4173/4173 4172/4172/4172 4174/4174/4174
f 4175/4175/4175 4176/4176/4176 4177/4177/4177
f 4177/4177/4177 4176/4176/4176 4178/4178/4178
f 4134/4134/4134 4179/4179/4179 4135/4135/4135
f 4135/4135/4135 4179/4179/4179 4180/4180/4180
f 4181/4181/4181 4182/4182/4182 4183/4183/4183
f 4183/4183/4183 4182/4182/4182 4184/4184/4184
f 4095/4095/4095 4096/4096/4096 4185/4185/4185
f 4185/4185/4185 4096/4096/4096 4113/4113/4113
f 4158/4158/4158 4186/4186/4186 4157/4157/4157
f 4157/4157/4157 4186/4186/4186 4187/4187/4187
f 4148/4148/4148 4149/4149/4149 4188/4188/4188
f 4188/4188/4188 4149/4149/4149 4189/4189/4189
f 4172/4172/4172 4190/4190/4190 4174/4174/4174
f 4174/4174/4174 4190/4190/4190 4191/4191/4191
f 4181/4181/4181 4192/4192/4192 4182/4182/4182
f 4182/4182/4182 4192/4192/4192 4193/4193/4193
f 4152/4152/4152 4148/4148/4148 4194/4194/4194
f 4194/4194/4194 4148/4148/4148 4188/4188/4188
f 4195/4195/4195 4196/4196/4196 4197/4197/4197
f 4197/4197/4197 4196/4196/4196 4198/4198/4198
f 4186/4186/4186 4199/4199/4199 4200/4200/4200
f 4196/4196/4196 4195/4195/4195 4201/4201/4201
f 4201/4201/4201 4195/4195/4195 4202/4202/4202
f 4164/4164/4164 4203/4203/4203 4149/4149/4149
f 4149/4149/4149 4203/4203/4203 4189/4189/4189
f 4169/4169/4169 4167/4167/4167 4202/4202/4202
f 4202/4202/4202 4167/4167/4167 4201/4201/4201
f 4204/4204/4204 4205/4205/4205 4206/4206/4206
f 4207/4207/4207 4193/4193/4193 4208/4208/4208
f 4208/4208/4208 4193/4193/4193 4192/4192/4192
f 4209/4209/4209 4207/4207/4207 4210/4210/4210
f 4210/4210/4210 4207/4207/4207 4208/4208/4208
f 4211/4211/4211 4212/4212/4212 4213/4213/4213
f 4214/4214/4214 4215/4215/4215 4216/4216/4216
f 4216/4216/4216 4215/4215/4215 4217/4217/4217
f 4113/4113/4113 4218/4218/4218 4185/4185/4185
f 4185/4185/4185 4218/4218/4218 4219/4219/4219
f 4152/4152/4152 4220/4220/4220 4151/4151/4151
f 4151/4151/4151 4220/4220/4220 4221/4221/4221
f 4152/4152/4152 4194/4194/4194 4220/4220/4220
f 4220/4220/4220 4194/4194/4194 4222/4222/4222
f 4223/4223/4223 4222/4222/4222 4224/4224/4224
f 4224/4224/4224 4222/4222/4222 4194/4194/4194
f 4225/4225/4225 4226/4226/4226 4204/4204/4204
f 4204/4204/4204 4226/4226/4226 4227/4227/4227
f 4225/4225/4225 4204/4204/4204 4228/4228/4228
f 4228/4228/4228 4204/4204/4204 4229/4229/4229
f 4230/4230/4230 4199/4199/4199 4231/4231/4231
f 4231/4231/4231 4199/4199/4199 4186/4186/4186
f 4158/4158/4158 4232/4232/4232 4186/4186/4186
f 4186/4186/4186 4232/4232/4232 4231/4231/4231
f 4156/4156/4156 4233/4233/4233 4158/4158/4158
f 4158/4158/4158 4233/4233/4233 4232/4232/4232
f 4234/4234/4234 4214/4214/4214 4235/4235/4235
f 4235/4235/4235 4214/4214/4214 4216/4216/4216
f 4236/4236/4236 4205/4205/4205 4227/4227/4227
f 4227/4227/4227 4205/4205/4205 4204/4204/4204
f 4194/4194/4194 4237/4237/4237 4224/4224/4224
f 4179/4179/4179 4177/4177/4177 4180/4180/4180
f 4180/4180/4180 4177/4177/4177 4178/4178/4178
f 4215/4215/4215 4104/4104/4104 4217/4217/4217
f 4217/4217/4217 4104/4104/4104 4105/4105/4105
f 4238/4238/4238 4219/4219/4219 4239/4239/4239
f 4239/4239/4239 4219/4219/4219 4218/4218/4218
f 4221/4221/4221 4240/4240/4240 4151/4151/4151
f 4151/4151/4151 4240/4240/4240 4150/4150/4150
f 4241/4241/4241 4242/4242/4242 4184/4184/4184
f 4184/4184/4184 4242/4242/4242 4183/4183/4183
f 4168/4168/4168 4234/4234/4234 4166/4166/4166
f 4166/4166/4166 4234/4234/4234 4235/4235/4235
f 4243/4243/4243 4233/4233/4233 4154/4154/4154
f 4154/4154/4154 4233/4233/4233 4156/4156/4156
f 4233/4233/4233 4244/4244/4244 4232/4232/4232
f 4232/4232/4232 4244/4244/4244 4245/4245/4245
f 4232/4232/4232 4245/4245/4245 4231/4231/4231
f 4231/4231/4231 4245/4245/4245 4246/4246/4246
f 4230/4230/4230 4231/4231/4231 4247/4247/4247
f 4247/4247/4247 4231/4231/4231 4246/4246/4246
f 4225/4225/4225 4228/4228/4228 4248/4248/4248
f 4248/4248/4248 4228/4228/4228 4249/4249/4249
f 4250/4250/4250 4226/4226/4226 4248/4248/4248
f 4248/4248/4248 4226/4226/4226 4225/4225/4225
f 4251/4251/4251 4222/4222/4222 4252/4252/4252
f 4252/4252/4252 4222/4222/4222 4223/4223/4223
f 4220/4220/4220 4222/4222/4222 4253/4253/4253
f 4253/4253/4253 4222/4222/4222 4251/4251/4251
f 4253/4253/4253 4254/4254/4254 4220/4220/4220
f 4220/4220/4220 4254/4254/4254 4221/4221/4221
f 4240/4240/4240 4221/4221/4221 4255/4255/4255
f 4255/4255/4255 4221/4221/4221 4254/4254/4254
f 4238/4238/4238 4256/4256/4256 4219/4219/4219
f 4219/4219/4219 4256/4256/4256 4257/4257/4257
f 4185/4185/4185 4219/4219/4219 4258/4258/4258
f 4258/4258/4258 4219/4219/4219 4257/4257/4257
f 4095/4095/4095 4185/4185/4185 4136/4136/4136
f 4136/4136/4136 4185/4185/4185 4258/4258/4258
f 4259/4259/4259 4141/4141/4141 4120/4120/4120
f 4120/4120/4120 4141/4141/4141 4091/4091/4091
f 4141/4141/4141 4259/4259/4259 4170/4170/4170
f 4170/4170/4170 4259/4259/4259 4260/4260/4260
f 4243/4243/4243 4170/4170/4170 4261/4261/4261
f 4261/4261/4261 4170/4170/4170 4260/4260/4260
f 4233/4233/4233 4243/4243/4243 4244/4244/4244
f 4244/4244/4244 4243/4243/4243 4261/4261/4261
f 4157/4157/4157 4187/4187/4187 4164/4164/4164
f 4164/4164/4164 4187/4187/4187 4203/4203/4203
f 4162/4162/4162 4155/4155/4155 4164/4164/4164
f 4164/4164/4164 4155/4155/4155 4157/4157/4157
f 4153/4153/4153 4155/4155/4155 4163/4163/4163
f 4163/4163/4163 4155/4155/4155 4162/4162/4162
f 4159/4159/4159 4153/4153/4153 4165/4165/4165
f 4165/4165/4165 4153/4153/4153 4163/4163/4163
f 4077/4077/4077 4262/4262/4262 4086/4086/4086
f 4086/4086/4086 4262/4262/4262 4138/4138/4138
f 4204/4204/4204 4206/4206/4206 4229/4229/4229
f 4229/4229/4229 4206/4206/4206 4263/4263/4263
f 4186/4186/4186 4200/4200/4200 4187/4187/4187
f 4206/4206/4206 4203/4203/4203 4263/4263/4263
f 4263/4263/4263 4203/4203/4203 4187/4187/4187
f 4189/4189/4189 4203/4203/4203 4205/4205/4205
f 4205/4205/4205 4203/4203/4203 4206/4206/4206
f 4188/4188/4188 4189/4189/4189 4236/4236/4236
f 4236/4236/4236 4189/4189/4189 4205/4205/4205
f 4194/4194/4194 4188/4188/4188 4237/4237/4237
f 4153/4153/4153 4159/4159/4159 4154/4154/4154
f 4154/4154/4154 4159/4159/4159 4161/4161/4161
f 4170/4170/4170 4243/4243/4243 4161/4161/4161
f 4161/4161/4161 4243/4243/4243 4154/4154/4154
f 4262/4262/4262 4077/4077/4077 4127/4127/4127
f 4218/4218/4218 4264/4264/4264 4239/4239/4239
f 4239/4239/4239 4264/4264/4264 4147/4147/4147
f 4150/4150/4150 4239/4239/4239 4143/4143/4143
f 4143/4143/4143 4239/4239/4239 4147/4147/4147
f 4113/4113/4113 4114/4114/4114 4218/4218/4218
f 4218/4218/4218 4114/4114/4114 4264/4264/4264
f 4160/4160/4160 4076/4076/4076 4140/4140/4140
f 4140/4140/4140 4076/4076/4076 4075/4075/4075
f 4212/4212/4212 4191/4191/4191 4213/4213/4213
f 4213/4213/4213 4191/4191/4191 4190/4190/4190
f 4265/4265/4265 4266/4266/4266 4267/4267/4267
f 4267/4267/4267 4266/4266/4266 4129/4129/4129
f 4267/4267/4267 4129/4129/4129 4110/4110/4110
f 4268/4268/4268 4171/4171/4171 4269/4269/4269
f 4269/4269/4269 4171/4171/4171 4173/4173/4173
f 4270/4270/4270 4271/4271/4271 4265/4265/4265
f 4265/4265/4265 4271/4271/4271 4266/4266/4266
f 4239/4239/4239 4150/4150/4150 4238/4238/4238
f 4238/4238/4238 4150/4150/4150 4240/4240/4240
f 4256/4256/4256 4238/4238/4238 4255/4255/4255
f 4255/4255/4255 4238/4238/4238 4240/4240/4240
f 4176/4176/4176 4175/4175/4175 4241/4241/4241
f 4241/4241/4241 4175/4175/4175 4242/4242/4242
f 4271/4271/4271 4270/4270/4270 4269/4269/4269
f 4269/4269/4269 4270/4270/4270 4268/4268/4268
f 4272/4272/4272 4273/4273/4273 4274/4274/4274
f 4274/4274/4274 4273/4273/4273 4275/4275/4275
f 4276/4276/4276 4277/4277/4277 4278/4278/4278
f 4278/4278/4278 4277/4277/4277 4279/4279/4279
f 4280/4280/4280 4281/4281/4281 4282/4282/4282
f 4277/4277/4277 4283/4283/4283 4279/4279/4279
f 4279/4279/4279 4283/4283/4283 4284/4284/4284
f 4285/4285/4285 4286/4286/4286 4287/4287/4287
f 4288/4288/4288 4289/4289/4289 4275/4275/4275
f 4275/4275/4275 4289/4289/4289 4274/4274/4274
f 4290/4290/4290 4291/4291/4291 4288/4288/4288
f 4288/4288/4288 4291/4291/4291 4289/4289/4289
f 4292/4292/4292 4293/4293/4293 4294/4294/4294
f 4295/4295/4295 4296/4296/4296 4297/4297/4297
f 4297/4297/4297 4296/4296/4296 4298/4298/4298
f 4299/4299/4299 4300/4300/4300 4298/4298/4298
f 4298/4298/4298 4300/4300/4300 4297/4297/4297
f 4301/4301/4301 4285/4285/4285 4302/4302/4302
f 4302/4302/4302 4285/4285/4285 4303/4303/4303
f 4304/4304/4304 4285/4285/4285 4305/4305/4305
f 4305/4305/4305 4285/4285/4285 4301/4301/4301
f 4280/4280/4280 4282/4282/4282 4306/4306/4306
f 4306/4306/4306 4282/4282/4282 4307/4307/4307
f 4285/4285/4285 4287/4287/4287 4303/4303/4303
f 4303/4303/4303 4287/4287/4287 4308/4308/4308
f 4297/4297/4297 4300/4300/4300 4309/4309/4309
f 4310/4310/4310 4306/4306/4306 4311/4311/4311
f 4311/4311/4311 4306/4306/4306 4307/4307/4307
f 4301/4301/4301 4312/4312/4312 4305/4305/4305
f 4305/4305/4305 4312/4312/4312 4313/4313/4313
f 4314/4314/4314 4312/4312/4312 4302/4302/4302
f 4302/4302/4302 4312/4312/4312 4301/4301/4301
f 4315/4315/4315 4316/4316/4316 4298/4298/4298
f 4298/4298/4298 4316/4316/4316 4299/4299/4299
f 4296/4296/4296 4317/4317/4317 4298/4298/4298
f 4298/4298/4298 4317/4317/4317 4315/4315/4315
f 4318/4318/4318 4286/4286/4286 4304/4304/4304
f 4304/4304/4304 4286/4286/4286 4285/4285/4285
f 4280/4280/4280 4319/4319/4319 4281/4281/4281
f 4286/4286/4286 4318/4318/4318 4320/4320/4320
f 4320/4320/4320 4318/4318/4318 4319/4319/4319
f 4286/4286/4286 4320/4320/4320 4287/4287/4287
f 4287/4287/4287 4320/4320/4320 4321/4321/4321
f 4287/4287/4287 4321/4321/4321 4308/4308/4308
f 4308/4308/4308 4321/4321/4321 4322/4322/4322
f 4297/4297/4297 4309/4309/4309 4322/4322/4322
f 4294/4294/4294 4293/4293/4293 4323/4323/4323
f 4323/4323/4323 4293/4293/4293 4324/4324/4324
f 4325/4325/4325 4326/4326/4326 4327/4327/4327
f 4328/4328/4328 4329/4329/4329 4330/4330/4330
f 4330/4330/4330 4329/4329/4329 4331/4331/4331
f 4332/4332/4332 4333/4333/4333 4329/4329/4329
f 4329/4329/4329 4333/4333/4333 4331/4331/4331
f 4334/4334/4334 4335/4335/4335 4336/4336/4336
f 4336/4336/4336 4335/4335/4335 4337/4337/4337
f 4334/4334/4334 4338/4338/4338 4335/4335/4335
f 4335/4335/4335 4338/4338/4338 4339/4339/4339
f 4340/4340/4340 4341/4341/4341 4337/4337/4337
f 4337/4337/4337 4341/4341/4341 4336/4336/4336
f 4335/4335/4335 4342/4342/4342 4337/4337/4337
f 4337/4337/4337 4342/4342/4342 4343/4343/4343
f 4337/4337/4337 4343/4343/4343 4340/4340/4340
f 4340/4340/4340 4343/4343/4343 4295/4295/4295
f 4344/4344/4344 4345/4345/4345 4346/4346/4346
f 4346/4346/4346 4345/4345/4345 4347/4347/4347
f 4348/4348/4348 4349/4349/4349 4346/4346/4346
f 4346/4346/4346 4349/4349/4349 4344/4344/4344
f 4350/4350/4350 4351/4351/4351 4352/4352/4352
f 4352/4352/4352 4351/4351/4351 4330/4330/4330
f 4336/4336/4336 4353/4353/4353 4334/4334/4334
f 4334/4334/4334 4353/4353/4353 4354/4354/4354
f 4341/4341/4341 4355/4355/4355 4336/4336/4336
f 4336/4336/4336 4355/4355/4355 4353/4353/4353
f 4334/4334/4334 4354/4354/4354 4338/4338/4338
f 4338/4338/4338 4354/4354/4354 4356/4356/4356
f 4357/4357/4357 4358/4358/4358 4359/4359/4359
f 4359/4359/4359 4358/4358/4358 4360/4360/4360
f 4361/4361/4361 4328/4328/4328 4351/4351/4351
f 4351/4351/4351 4328/4328/4328 4330/4330/4330
f 4362/4362/4362 4363/4363/4363 4364/4364/4364
f 4364/4364/4364 4363/4363/4363 4365/4365/4365
f 4366/4366/4366 4367/4367/4367 4368/4368/4368
f 4368/4368/4368 4367/4367/4367 4369/4369/4369
f 4370/4370/4370 4371/4371/4371 4372/4372/4372
f 4372/4372/4372 4371/4371/4371 4373/4373/4373
f 4272/4272/4272 4374/4374/4374 4273/4273/4273
f 4273/4273/4273 4374/4374/4374 4375/4375/4375
f 4376/4376/4376 4377/4377/4377 4378/4378/4378
f 4378/4378/4378 4377/4377/4377 4326/4326/4326
f 4379/4379/4379 4380/4380/4380 4326/4326/4326
f 4326/4326/4326 4380/4380/4380 4378/4378/4378
f 4381/4381/4381 4382/4382/4382 4332/4332/4332
f 4332/4332/4332 4382/4382/4382 4333/4333/4333
f 4383/4383/4383 4384/4384/4384 4385/4385/4385
f 4385/4385/4385 4384/4384/4384 4386/4386/4386
f 4387/4387/4387 4388/4388/4388 4389/4389/4389
f 4327/4327/4327 4326/4326/4326 4377/4377/4377
f 4319/4319/4319 4280/4280/4280 4348/4348/4348
f 4348/4348/4348 4280/4280/4280 4349/4349/4349
f 4340/4340/4340 4322/4322/4322 4341/4341/4341
f 4341/4341/4341 4322/4322/4322 4321/4321/4321
f 4323/4323/4323 4324/4324/4324 4365/4365/4365
f 4365/4365/4365 4324/4324/4324 4364/4364/4364
f 4322/4322/4322 4340/4340/4340 4297/4297/4297
f 4297/4297/4297 4340/4340/4340 4295/4295/4295
f 4355/4355/4355 4341/4341/4341 4320/4320/4320
f 4320/4320/4320 4341/4341/4341 4321/4321/4321
f 4283/4283/4283 4358/4358/4358 4284/4284/4284
f 4284/4284/4284 4358/4358/4358 4357/4357/4357
f 4390/4390/4390 4391/4391/4391 4392/4392/4392
f 4392/4392/4392 4391/4391/4391 4393/4393/4393
f 4326/4326/4326 4325/4325/4325 4379/4379/4379
f 4394/4394/4394 4395/4395/4395 4396/4396/4396
f 4396/4396/4396 4395/4395/4395 4397/4397/4397
f 4398/4398/4398 4399/4399/4399 4327/4327/4327
f 4327/4327/4327 4399/4399/4399 4325/4325/4325
f 4295/4295/4295 4343/4343/4343 4296/4296/4296
f 4296/4296/4296 4343/4343/4343 4400/4400/4400
f 4306/4306/4306 4401/4401/4401 4280/4280/4280
f 4280/4280/4280 4401/4401/4401 4349/4349/4349
f 4344/4344/4344 4349/4349/4349 4402/4402/4402
f 4402/4402/4402 4349/4349/4349 4401/4401/4401
f 4395/4395/4395 4394/4394/4394 4403/4403/4403
f 4403/4403/4403 4394/4394/4394 4404/4404/4404
f 4389/4389/4389 4405/4405/4405 4387/4387/4387
f 4366/4366/4366 4368/4368/4368 4373/4373/4373
f 4373/4373/4373 4368/4368/4368 4372/4372/4372
f 4386/4386/4386 4384/4384/4384 4397/4397/4397
f 4397/4397/4397 4384/4384/4384 4396/4396/4396
f 4399/4399/4399 4398/4398/4398 4406/4406/4406
f 4406/4406/4406 4398/4398/4398 4407/4407/4407
f 4400/4400/4400 4343/4343/4343 4408/4408/4408
f 4408/4408/4408 4343/4343/4343 4342/4342/4342
f 4409/4409/4409 4375/4375/4375 4410/4410/4410
f 4410/4410/4410 4375/4375/4375 4374/4374/4374
f 4403/4403/4403 4404/4404/4404 4360/4360/4360
f 4360/4360/4360 4404/4404/4404 4359/4359/4359
f 4344/4344/4344 4402/4402/4402 4345/4345/4345
f 4345/4345/4345 4402/4402/4402 4411/4411/4411
f 4402/4402/4402 4401/4401/4401 4412/4412/4412
f 4412/4412/4412 4401/4401/4401 4413/4413/4413
f 4310/4310/4310 4413/4413/4413 4306/4306/4306
f 4306/4306/4306 4413/4413/4413 4401/4401/4401
f 4400/4400/4400 4414/4414/4414 4296/4296/4296
f 4296/4296/4296 4414/4414/4414 4317/4317/4317
f 4414/4414/4414 4400/4400/4400 4415/4415/4415
f 4415/4415/4415 4400/4400/4400 4408/4408/4408
f 4416/4416/4416 4417/4417/4417 4398/4398/4398
f 4398/4398/4398 4417/4417/4417 4407/4407/4407
f 4416/4416/4416 4398/4398/4398 4418/4418/4418
f 4418/4418/4418 4398/4398/4398 4327/4327/4327
f 4377/4377/4377 4419/4419/4419 4327/4327/4327
f 4327/4327/4327 4419/4419/4419 4418/4418/4418
f 4420/4420/4420 4421/4421/4421 4376/4376/4376
f 4332/4332/4332 4422/4422/4422 4423/4423/4423
f 4332/4332/4332 4329/4329/4329 4422/4422/4422
f 4422/4422/4422 4329/4329/4329 4424/4424/4424
f 4425/4425/4425 4424/4424/4424 4328/4328/4328
f 4328/4328/4328 4424/4424/4424 4329/4329/4329
f 4426/4426/4426 4425/4425/4425 4361/4361/4361
f 4361/4361/4361 4425/4425/4425 4328/4328/4328
f 4426/4426/4426 4361/4361/4361 4427/4427/4427
f 4427/4427/4427 4361/4361/4361 4411/4411/4411
f 4427/4427/4427 4411/4411/4411 4412/4412/4412
f 4412/4412/4412 4411/4411/4411 4402/4402/4402
f 4348/4348/4348 4355/4355/4355 4319/4319/4319
f 4319/4319/4319 4355/4355/4355 4320/4320/4320
f 4353/4353/4353 4355/4355/4355 4346/4346/4346
f 4346/4346/4346 4355/4355/4355 4348/4348/4348
f 4353/4353/4353 4346/4346/4346 4354/4354/4354
f 4354/4354/4354 4346/4346/4346 4347/4347/4347
f 4354/4354/4354 4347/4347/4347 4356/4356/4356
f 4356/4356/4356 4347/4347/4347 4350/4350/4350
f 4347/4347/4347 4345/4345/4345 4350/4350/4350
f 4350/4350/4350 4345/4345/4345 4351/4351/4351
f 4361/4361/4361 4351/4351/4351 4411/4411/4411
f 4411/4411/4411 4351/4351/4351 4345/4345/4345
f 4399/4399/4399 4406/4406/4406 4428/4428/4428
f 4428/4428/4428 4406/4406/4406 4339/4339/4339
f 4339/4339/4339 4406/4406/4406 4335/4335/4335
f 4335/4335/4335 4406/4406/4406 4342/4342/4342
f 4331/4331/4331 4429/4429/4429 4330/4330/4330
f 4330/4330/4330 4429/4429/4429 4352/4352/4352
f 4430/4430/4430 4431/4431/4431 4432/4432/4432
f 4432/4432/4432 4431/4431/4431 4433/4433/4433
f 4393/4393/4393 4430/4430/4430 4392/4392/4392
f 4392/4392/4392 4430/4430/4430 4432/4432/4432
f 4434/4434/4434 4435/4435/4435 4362/4362/4362
f 4362/4362/4362 4435/4435/4435 4363/4363/4363
f 4431/4431/4431 4436/4436/4436 4433/4433/4433
f 4433/4433/4433 4436/4436/4436 4437/4437/4437
f 4408/4408/4408 4342/4342/4342 4407/4407/4407
f 4407/4407/4407 4342/4342/4342 4406/4406/4406
f 4417/4417/4417 4415/4415/4415 4407/4407/4407
f 4407/4407/4407 4415/4415/4415 4408/4408/4408
f 4367/4367/4367 4409/4409/4409 4369/4369/4369
f 4369/4369/4369 4409/4409/4409 4410/4410/4410
f 4434/4434/4434 4437/4437/4437 4435/4435/4435
f 4435/4435/4435 4437/4437/4437 4436/4436/4436
f 4438/4438/4438 4439/4439/4439 4405/4405/4405
f 4405/4405/4405 4439/4439/4439 4440/4440/4440
f 4438/4438/4438 4405/4405/4405 4389/4389/4389
f 4332/4332/4332 4423/4423/4423 4381/4381/4381
f 4381/4381/4381 4423/4423/4423 4441/4441/4441
f 4370/4370/4370 4388/4388/4388 4371/4371/4371
f 4371/4371/4371 4388/4388/4388 4387/4387/4387
f 4376/4376/4376 4421/4421/4421 4377/4377/4377
f 4377/4377/4377 4421/4421/4421 4419/4419/4419
f 4442/4442/4442 4443/4443/4443 4444/4444/4444
f 4445/4445/4445 4446/4446/4446 4447/4447/4447
f 4447/4447/4447 4446/4446/4446 4448/4448/4448
f 4447/4447/4447 4449/4449/4449 4445/4445/4445
f 4450/4450/4450 4451/4451/4451 4382/4382/4382
f 4382/4382/4382 4451/4451/4451 4333/4333/4333
f 4379/4379/4379 4325/4325/4325 4452/4452/4452
f 4333/4333/4333 4451/4451/4451 4331/4331/4331
f 4331/4331/4331 4451/4451/4451 4429/4429/4429
f 4446/4446/4446 4453/4453/4453 4448/4448/4448
f 4448/4448/4448 4453/4453/4453 4454/4454/4454
f 4455/4455/4455 4443/4443/4443 4456/4456/4456
f 4456/4456/4456 4443/4443/4443 4442/4442/4442
f 4457/4457/4457 4455/4455/4455 4458/4458/4458
f 4458/4458/4458 4455/4455/4455 4456/4456/4456
f 4457/4457/4457 4459/4459/4459 4460/4460/4460
f 4460/4460/4460 4459/4459/4459 4461/4461/4461
f 4461/4461/4461 4459/4459/4459 4462/4462/4462
f 4453/4453/4453 4463/4463/4463 4454/4454/4454
f 4428/4428/4428 4452/4452/4452 4399/4399/4399
f 4399/4399/4399 4452/4452/4452 4325/4325/4325
f 4458/4458/4458 4459/4459/4459 4457/4457/4457
f 4454/4454/4454 4463/4463/4463 4464/4464/4464
f 4464/4464/4464 4463/4463/4463 4465/4465/4465
f 4466/4466/4466 4467/4467/4467 4468/4468/4468
f 4469/4469/4469 4470/4470/4470 4471/4471/4471
f 4468/4468/4468 4472/4472/4472 4473/4473/4473
f 4474/4474/4474 4469/4469/4469 4475/4475/4475
f 4476/4476/4476 4468/4468/4468 4477/4477/4477
f 4477/4477/4477 4468/4468/4468 4473/4473/4473
f 4476/4476/4476 4478/4478/4478 4468/4468/4468
f 4468/4468/4468 4478/4478/4478 4466/4466/4466
f 4479/4479/4479 4480/4480/4480 4481/4481/4481
f 4482/4482/4482 4483/4483/4483 4484/4484/4484
f 4485/4485/4485 4479/4479/4479 4486/4486/4486
f 4474/4474/4474 4487/4487/4487 4482/4482/4482
f 4484/4484/4484 4483/4483/4483 4488/4488/4488
f 4489/4489/4489 4480/4480/4480 4490/4490/4490
f 4491/4491/4491 4492/4492/4492 4493/4493/4493
f 4494/4494/4494 4495/4495/4495 4496/4496/4496
f 4488/4488/4488 4497/4497/4497 4498/4498/4498
f 4499/4499/4499 4490/4490/4490 4500/4500/4500
f 4473/4473/4473 4472/4472/4472 4491/4491/4491
f 4501/4501/4501 4470/4470/4470 4495/4495/4495
f 4479/4479/4479 4485/4485/4485 4502/4502/4502
f 4502/4502/4502 4485/4485/4485 4503/4503/4503
f 4480/4480/4480 4504/4504/4504 4490/4490/4490
f 4490/4490/4490 4504/4504/4504 4505/4505/4505
f 4502/4502/4502 4504/4504/4504 4479/4479/4479
f 4479/4479/4479 4504/4504/4504 4480/4480/4480
f 4493/4493/4493 4506/4506/4506 4491/4491/4491
f 4491/4491/4491 4506/4506/4506 4507/4507/4507
f 4490/4490/4490 4505/4505/4505 4500/4500/4500
f 4500/4500/4500 4505/4505/4505 4508/4508/4508
f 4491/4491/4491 4507/4507/4507 4473/4473/4473
f 4473/4473/4473 4507/4507/4507 4477/4477/4477
f 4478/4478/4478 4509/4509/4509 4466/4466/4466
f 4466/4466/4466 4509/4509/4509 4510/4510/4510
f 4486/4486/4486 4466/4466/4466 4510/4510/4510
f 4511/4511/4511 4512/4512/4512 4513/4513/4513
f 4513/4513/4513 4512/4512/4512 4514/4514/4514
f 4511/4511/4511 4454/4454/4454 4512/4512/4512
f 4512/4512/4512 4454/4454/4454 4464/4464/4464
f 4515/4515/4515 4516/4516/4516 4517/4517/4517
f 4517/4517/4517 4516/4516/4516 4518/4518/4518
f 4519/4519/4519 4513/4513/4513 4520/4520/4520
f 4520/4520/4520 4513/4513/4513 4514/4514/4514
f 4521/4521/4521 4522/4522/4522 4523/4523/4523
f 4523/4523/4523 4522/4522/4522 4524/4524/4524
f 4525/4525/4525 4462/4462/4462 4459/4459/4459
f 4526/4526/4526 4517/4517/4517 4527/4527/4527
f 4527/4527/4527 4517/4517/4517 4518/4518/4518
f 4516/4516/4516 4528/4528/4528 4518/4518/4518
f 4518/4518/4518 4528/4528/4528 4529/4529/4529
f 4459/4459/4459 4458/4458/4458 4525/4525/4525
f 4525/4525/4525 4458/4458/4458 4530/4530/4530
f 4529/4529/4529 4531/4531/4531 4518/4518/4518
f 4518/4518/4518 4531/4531/4531 4527/4527/4527
f 4532/4532/4532 4533/4533/4533 4534/4534/4534
f 4534/4534/4534 4533/4533/4533 4535/4535/4535
f 4536/4536/4536 4534/4534/4534 4528/4528/4528
f 4528/4528/4528 4534/4534/4534 4529/4529/4529
f 4534/4534/4534 4535/4535/4535 4529/4529/4529
f 4529/4529/4529 4535/4535/4535 4531/4531/4531
f 4456/4456/4456 4537/4537/4537 4458/4458/4458
f 4458/4458/4458 4537/4537/4537 4530/4530/4530
f 4522/4522/4522 4521/4521/4521 4538/4538/4538
f 4538/4538/4538 4521/4521/4521 4539/4539/4539
f 4523/4523/4523 4540/4540/4540 4521/4521/4521
f 4521/4521/4521 4540/4540/4540 4541/4541/4541
f 4541/4541/4541 4532/4532/4532 4542/4542/4542
f 4542/4542/4542 4532/4532/4532 4543/4543/4543
f 4447/4447/4447 4448/4448/4448 4539/4539/4539
f 4539/4539/4539 4448/4448/4448 4538/4538/4538
f 4540/4540/4540 4533/4533/4533 4541/4541/4541
f 4541/4541/4541 4533/4533/4533 4532/4532/4532
f 4542/4542/4542 4543/4543/4543 4544/4544/4544
f 4544/4544/4544 4543/4543/4543 4442/4442/4442
f 4544/4544/4544 4449/4449/4449 4447/4447/4447
f 4442/4442/4442 4537/4537/4537 4456/4456/4456
f 4534/4534/4534 4536/4536/4536 4532/4532/4532
f 4532/4532/4532 4536/4536/4536 4543/4543/4543
f 4545/4545/4545 4546/4546/4546 4547/4547/4547
f 4547/4547/4547 4546/4546/4546 4548/4548/4548
f 4549/4549/4549 4550/4550/4550 4551/4551/4551
f 4551/4551/4551 4550/4550/4550 4552/4552/4552
f 4546/4546/4546 4545/4545/4545 4553/4553/4553
f 4553/4553/4553 4545/4545/4545 4554/4554/4554
f 4555/4555/4555 4556/4556/4556 4557/4557/4557
f 4557/4557/4557 4556/4556/4556 4558/4558/4558
f 4556/4556/4556 4555/4555/4555 4559/4559/4559
f 4559/4559/4559 4555/4555/4555 4560/4560/4560
f 4555/4555/4555 4561/4561/4561 4560/4560/4560
f 4560/4560/4560 4561/4561/4561 4562/4562/4562
f 4551/4551/4551 4563/4563/4563 4549/4549/4549
f 4549/4549/4549 4563/4563/4563 4564/4564/4564
f 4565/4565/4565 4557/4557/4557 4566/4566/4566
f 4566/4566/4566 4557/4557/4557 4558/4558/4558
f 4557/4557/4557 4565/4565/4565 4567/4567/4567
f 4567/4567/4567 4565/4565/4565 4568/4568/4568
f 4557/4557/4557 4567/4567/4567 4555/4555/4555
f 4555/4555/4555 4567/4567/4567 4561/4561/4561
f 4569/4569/4569 4570/4570/4570 4571/4571/4571
f 4571/4571/4571 4570/4570/4570 4572/4572/4572
f 4573/4573/4573 4574/4574/4574 4571/4571/4571
f 4571/4571/4571 4574/4574/4574 4569/4569/4569
f 4566/4566/4566 4570/4570/4570 4565/4565/4565
f 4565/4565/4565 4570/4570/4570 4569/4569/4569
f 4574/4574/4574 4568/4568/4568 4569/4569/4569
f 4569/4569/4569 4568/4568/4568 4565/4565/4565
f 4571/4571/4571 4572/4572/4572 4546/4546/4546
f 4546/4546/4546 4572/4572/4572 4548/4548/4548
f 4571/4571/4571 4546/4546/4546 4573/4573/4573
f 4573/4573/4573 4546/4546/4546 4553/4553/4553
f 4575/4575/4575 4553/4553/4553 4576/4576/4576
f 4576/4576/4576 4553/4553/4553 4554/4554/4554
f 4561/4561/4561 4577/4577/4577 4562/4562/4562
f 4562/4562/4562 4577/4577/4577 4578/4578/4578
f 4563/4563/4563 4579/4579/4579 4564/4564/4564
f 4564/4564/4564 4579/4579/4579 4580/4580/4580
f 4568/4568/4568 4581/4581/4581 4567/4567/4567
f 4567/4567/4567 4581/4581/4581 4582/4582/4582
f 4567/4567/4567 4582/4582/4582 4561/4561/4561
f 4561/4561/4561 4582/4582/4582 4577/4577/4577
f 4573/4573/4573 4583/4583/4583 4574/4574/4574
f 4574/4574/4574 4583/4583/4583 4584/4584/4584
f 4574/4574/4574 4584/4584/4584 4568/4568/4568
f 4568/4568/4568 4584/4584/4584 4581/4581/4581
f 4573/4573/4573 4553/4553/4553 4583/4583/4583
f 4583/4583/4583 4553/4553/4553 4575/4575/4575
f 4585/4585/4585 4586/4586/4586 4587/4587/4587
f 4587/4587/4587 4586/4586/4586 4588/4588/4588
f 4589/4589/4589 4590/4590/4590 4591/4591/4591
f 4591/4591/4591 4590/4590/4590 4592/4592/4592
f 4593/4593/4593 4594/4594/4594 4595/4595/4595
f 4595/4595/4595 4594/4594/4594 4596/4596/4596
f 4597/4597/4597 4598/4598/4598 4593/4593/4593
f 4593/4593/4593 4598/4598/4598 4594/4594/4594
f 4599/4599/4599 4595/4595/4595 4600/4600/4600
f 4600/4600/4600 4595/4595/4595 4596/4596/4596
f 4601/4601/4601 4602/4602/4602 4603/4603/4603
f 4603/4603/4603 4602/4602/4602 4604/4604/4604
f 4602/4602/4602 4599/4599/4599 4604/4604/4604
f 4604/4604/4604 4599/4599/4599 4600/4600/4600
f 4586/4586/4586 4601/4601/4601 4588/4588/4588
f 4588/4588/4588 4601/4601/4601 4603/4603/4603
f 4448/4448/4448 4454/4454/4454 4538/4538/4538
f 4538/4538/4538 4454/4454/4454 4511/4511/4511
f 4522/4522/4522 4538/4538/4538 4513/4513/4513
f 4513/4513/4513 4538/4538/4538 4511/4511/4511
f 4522/4522/4522 4513/4513/4513 4524/4524/4524
f 4524/4524/4524 4513/4513/4513 4519/4519/4519
f 4589/4589/4589 4585/4585/4585 4590/4590/4590
f 4590/4590/4590 4585/4585/4585 4587/4587/4587
f 4549/4549/4549 4545/4545/4545 4550/4550/4550
f 4550/4550/4550 4545/4545/4545 4547/4547/4547
f 4545/4545/4545 4549/4549/4549 4554/4554/4554
f 4554/4554/4554 4549/4549/4549 4564/4564/4564
f 4576/4576/4576 4554/4554/4554 4580/4580/4580
f 4580/4580/4580 4554/4554/4554 4564/4564/4564
f 4583/4583/4583 4575/4575/4575 4605/4605/4605
f 4605/4605/4605 4575/4575/4575 4606/4606/4606
f 4584/4584/4584 4583/4583/4583 4607/4607/4607
f 4607/4607/4607 4583/4583/4583 4605/4605/4605
f 4584/4584/4584 4607/4607/4607 4581/4581/4581
f 4581/4581/4581 4607/4607/4607 4608/4608/4608
f 4581/4581/4581 4608/4608/4608 4582/4582/4582
f 4582/4582/4582 4608/4608/4608 4609/4609/4609
f 4582/4582/4582 4609/4609/4609 4577/4577/4577
f 4577/4577/4577 4609/4609/4609 4610/4610/4610
f 4577/4577/4577 4610/4610/4610 4578/4578/4578
f 4578/4578/4578 4610/4610/4610 4611/4611/4611
f 4580/4580/4580 4579/4579/4579 4612/4612/4612
f 4612/4612/4612 4579/4579/4579 4613/4613/4613
f 4576/4576/4576 4580/4580/4580 4614/4614/4614
f 4614/4614/4614 4580/4580/4580 4612/4612/4612
f 4614/4614/4614 4606/4606/4606 4576/4576/4576
f 4576/4576/4576 4606/4606/4606 4575/4575/4575
f 4442/4442/4442 4444/4444/4444 4544/4544/4544
f 4544/4544/4544 4444/4444/4444 4449/4449/4449
f 4536/4536/4536 4537/4537/4537 4543/4543/4543
f 4543/4543/4543 4537/4537/4537 4442/4442/4442
f 4530/4530/4530 4537/4537/4537 4528/4528/4528
f 4528/4528/4528 4537/4537/4537 4536/4536/4536
f 4530/4530/4530 4528/4528/4528 4525/4525/4525
f 4525/4525/4525 4528/4528/4528 4516/4516/4516
f 4515/4515/4515 4462/4462/4462 4516/4516/4516
f 4516/4516/4516 4462/4462/4462 4525/4525/4525
f 4615/4615/4615 4616/4616/4616 4617/4617/4617
f 4617/4617/4617 4616/4616/4616 4618/4618/4618
f 4619/4619/4619 4615/4615/4615 4620/4620/4620
f 4620/4620/4620 4615/4615/4615 4617/4617/4617
f 4619/4619/4619 4620/4620/4620 4621/4621/4621
f 4621/4621/4621 4620/4620/4620 4622/4622/4622
f 4623/4623/4623 4624/4624/4624 4625/4625/4625
f 4625/4625/4625 4624/4624/4624 4626/4626/4626
f 4624/4624/4624 4623/4623/4623 4627/4627/4627
f 4627/4627/4627 4623/4623/4623 4628/4628/4628
f 4627/4627/4627 4628/4628/4628 4629/4629/4629
f 4629/4629/4629 4628/4628/4628 4630/4630/4630
f 4630/4630/4630 4631/4631/4631 4629/4629/4629
f 4629/4629/4629 4631/4631/4631 4632/4632/4632
f 4633/4633/4633 4632/4632/4632 4634/4634/4634
f 4634/4634/4634 4632/4632/4632 4631/4631/4631
f 4616/4616/4616 4633/4633/4633 4618/4618/4618
f 4618/4618/4618 4633/4633/4633 4634/4634/4634
f 4521/4521/4521 4541/4541/4541 4539/4539/4539
f 4539/4539/4539 4541/4541/4541 4542/4542/4542
f 4539/4539/4539 4542/4542/4542 4447/4447/4447
f 4447/4447/4447 4542/4542/4542 4544/4544/4544

# Group Body Total Faces: 4400

g Scalp
f 4635/4635/4635 4636/4636/4636 4637/4637/4637
f 4637/4637/4637 4636/4636/4636 4638/4638/4638
f 4639/4639/4639 4640/4640/4640 4641/4641/4641
f 4641/4641/4641 4640/4640/4640 4642/4642/4642
f 4643/4643/4643 4644/4644/4644 4642/4642/4642
f 4642/4642/4642 4644/4644/4644 4645/4645/4645
f 4646/4646/4646 4641/4641/4641 4645/4645/4645
f 4645/4645/4645 4641/4641/4641 4642/4642/4642
f 4644/4644/4644 4647/4647/4647 4645/4645/4645
f 4645/4645/4645 4647/4647/4647 4648/4648/4648
f 4649/4649/4649 4650/4650/4650 4644/4644/4644
f 4644/4644/4644 4650/4650/4650 4647/4647/4647
f 4651/4651/4651 4652/4652/4652 4653/4653/4653
f 4653/4653/4653 4652/4652/4652 4654/4654/4654
f 4651/4651/4651 4647/4647/4647 4655/4655/4655
f 4655/4655/4655 4647/4647/4647 4650/4650/4650
f 4656/4656/4656 4657/4657/4657 4658/4658/4658
f 4658/4658/4658 4657/4657/4657 4659/4659/4659
f 4653/4653/4653 4648/4648/4648 4651/4651/4651
f 4651/4651/4651 4648/4648/4648 4647/4647/4647
f 4660/4660/4660 4661/4661/4661 4657/4657/4657
f 4657/4657/4657 4661/4661/4661 4662/4662/4662
f 4655/4655/4655 4663/4663/4663 4651/4651/4651
f 4651/4651/4651 4663/4663/4663 4652/4652/4652
f 4664/4664/4664 4665/4665/4665 4655/4655/4655
f 4655/4655/4655 4665/4665/4665 4663/4663/4663
f 4657/4657/4657 4662/4662/4662 4659/4659/4659
f 4659/4659/4659 4662/4662/4662 4666/4666/4666
f 4656/4656/4656 4667/4667/4667 4657/4657/4657
f 4657/4657/4657 4667/4667/4667 4660/4660/4660
f 4668/4668/4668 4659/4659/4659 4666/4666/4666
f 4668/4668/4668 4646/4646/4646 4659/4659/4659
f 4659/4659/4659 4646/4646/4646 4658/4658/4658
f 4668/4668/4668 4666/4666/4666 4669/4669/4669
f 4669/4669/4669 4666/4666/4666 4670/4670/4670
f 4655/4655/4655 4650/4650/4650 4664/4664/4664
f 4664/4664/4664 4650/4650/4650 4671/4671/4671
f 4641/4641/4641 4672/4672/4672 4639/4639/4639
f 4639/4639/4639 4672/4672/4672 4673/4673/4673
f 4672/4672/4672 4674/4674/4674 4675/4675/4675
f 4662/4662/4662 4676/4676/4676 4666/4666/4666
f 4666/4666/4666 4676/4676/4676 4670/4670/4670
f 4677/4677/4677 4678/4678/4678 4661/4661/4661
f 4661/4661/4661 4678/4678/4678 4662/4662/4662
f 4646/4646/4646 4645/4645/4645 4658/4658/4658
f 4658/4658/4658 4645/4645/4645 4648/4648/4648
f 4653/4653/4653 4656/4656/4656 4648/4648/4648
f 4648/4648/4648 4656/4656/4656 4658/4658/4658
f 4667/4667/4667 4656/4656/4656 4654/4654/4654
f 4654/4654/4654 4656/4656/4656 4653/4653/4653
f 4672/4672/4672 4641/4641/4641 4668/4668/4668
f 4668/4668/4668 4641/4641/4641 4646/4646/4646
f 4679/4679/4679 4680/4680/4680 4681/4681/4681
f 4681/4681/4681 4680/4680/4680 4682/4682/4682
f 4683/4683/4683 4682/4682/4682 4684/4684/4684
f 4684/4684/4684 4682/4682/4682 4680/4680/4680
f 4685/4685/4685 4683/4683/4683 4686/4686/4686
f 4686/4686/4686 4683/4683/4683 4684/4684/4684
f 4673/4673/4673 4675/4675/4675 4687/4687/4687
f 4675/4675/4675 4688/4688/4688 4687/4687/4687
f 4687/4687/4687 4688/4688/4688 4689/4689/4689
f 4690/4690/4690 4691/4691/4691 4682/4682/4682
f 4682/4682/4682 4691/4691/4691 4681/4681/4681
f 4692/4692/4692 4690/4690/4690 4683/4683/4683
f 4683/4683/4683 4690/4690/4690 4682/4682/4682
f 4693/4693/4693 4692/4692/4692 4685/4685/4685
f 4685/4685/4685 4692/4692/4692 4683/4683/4683
f 4691/4691/4691 4689/4689/4689 4681/4681/4681
f 4681/4681/4681 4689/4689/4689 4688/4688/4688
f 4681/4681/4681 4688/4688/4688 4679/4679/4679
f 4679/4679/4679 4688/4688/4688 4694/4694/4694
f 4674/4674/4674 4694/4694/4694 4675/4675/4675
f 4675/4675/4675 4694/4694/4694 4688/4688/4688
f 4650/4650/4650 4649/4649/4649 4671/4671/4671
f 4671/4671/4671 4649/4649/4649 4695/4695/4695
f 4662/4662/4662 4678/4678/4678 4676/4676/4676
f 4676/4676/4676 4678/4678/4678 4696/4696/4696
f 4668/4668/4668 4669/4669/4669 4672/4672/4672
f 4672/4672/4672 4669/4669/4669 4674/4674/4674
f 4670/4670/4670 4694/4694/4694 4669/4669/4669
f 4669/4669/4669 4694/4694/4694 4674/4674/4674
f 4676/4676/4676 4679/4679/4679 4670/4670/4670
f 4670/4670/4670 4679/4679/4679 4694/4694/4694
f 4676/4676/4676 4696/4696/4696 4679/4679/4679
f 4679/4679/4679 4696/4696/4696 4680/4680/4680
f 4678/4678/4678 4684/4684/4684 4696/4696/4696
f 4696/4696/4696 4684/4684/4684 4680/4680/4680
f 4677/4677/4677 4686/4686/4686 4678/4678/4678
f 4678/4678/4678 4686/4686/4686 4684/4684/4684
f 4687/4687/4687 4689/4689/4689 4697/4697/4697
f 4697/4697/4697 4689/4689/4689 4698/4698/4698
f 4699/4699/4699 4700/4700/4700 4690/4690/4690
f 4690/4690/4690 4700/4700/4700 4691/4691/4691
f 4701/4701/4701 4699/4699/4699 4692/4692/4692
f 4692/4692/4692 4699/4699/4699 4690/4690/4690
f 4673/4673/4673 4687/4687/4687 4637/4637/4637
f 4702/4702/4702 4701/4701/4701 4693/4693/4693
f 4693/4693/4693 4701/4701/4701 4692/4692/4692
f 4639/4639/4639 4673/4673/4673 4638/4638/4638
f 4638/4638/4638 4673/4673/4673 4637/4637/4637
f 4700/4700/4700 4698/4698/4698 4691/4691/4691
f 4691/4691/4691 4698/4698/4698 4689/4689/4689
f 4640/4640/4640 4639/4639/4639 4703/4703/4703
f 4703/4703/4703 4639/4639/4639 4638/4638/4638
f 4703/4703/4703 4638/4638/4638 4636/4636/4636
f 4697/4697/4697 4635/4635/4635 4637/4637/4637
f 4704/4704/4704 4705/4705/4705 4706/4706/4706
f 4706/4706/4706 4705/4705/4705 4707/4707/4707
f 4708/4708/4708 4709/4709/4709 4710/4710/4710
f 4710/4710/4710 4709/4709/4709 4711/4711/4711
f 4712/4712/4712 4713/4713/4713 4714/4714/4714
f 4708/4708/4708 4710/4710/4710 4715/4715/4715
f 4715/4715/4715 4710/4710/4710 4716/4716/4716
f 4717/4717/4717 4718/4718/4718 4715/4715/4715
f 4715/4715/4715 4718/4718/4718 4719/4719/4719
f 4718/4718/4718 4720/4720/4720 4719/4719/4719
f 4719/4719/4719 4720/4720/4720 4714/4714/4714
f 4721/4721/4721 4722/4722/4722 4652/4652/4652
f 4652/4652/4652 4722/4722/4722 4654/4654/4654
f 4721/4721/4721 4723/4723/4723 4718/4718/4718
f 4718/4718/4718 4723/4723/4723 4720/4720/4720
f 4724/4724/4724 4725/4725/4725 4726/4726/4726
f 4726/4726/4726 4725/4725/4725 4727/4727/4727
f 4718/4718/4718 4717/4717/4717 4721/4721/4721
f 4721/4721/4721 4717/4717/4717 4722/4722/4722
f 4660/4660/4660 4726/4726/4726 4661/4661/4661
f 4661/4661/4661 4726/4726/4726 4728/4728/4728
f 4652/4652/4652 4663/4663/4663 4721/4721/4721
f 4721/4721/4721 4663/4663/4663 4723/4723/4723
f 4663/4663/4663 4665/4665/4665 4723/4723/4723
f 4723/4723/4723 4665/4665/4665 4729/4729/4729
f 4726/4726/4726 4727/4727/4727 4728/4728/4728
f 4728/4728/4728 4727/4727/4727 4730/4730/4730
f 4660/4660/4660 4667/4667/4667 4726/4726/4726
f 4726/4726/4726 4667/4667/4667 4724/4724/4724
f 4731/4731/4731 4730/4730/4730 4727/4727/4727
f 4731/4731/4731 4727/4727/4727 4716/4716/4716
f 4716/4716/4716 4727/4727/4727 4725/4725/4725
f 4732/4732/4732 4730/4730/4730 4733/4733/4733
f 4733/4733/4733 4730/4730/4730 4731/4731/4731
f 4734/4734/4734 4720/4720/4720 4729/4729/4729
f 4729/4729/4729 4720/4720/4720 4723/4723/4723
f 4735/4735/4735 4736/4736/4736 4711/4711/4711
f 4711/4711/4711 4736/4736/4736 4710/4710/4710
f 4736/4736/4736 4737/4737/4737 4738/4738/4738
f 4728/4728/4728 4730/4730/4730 4739/4739/4739
f 4739/4739/4739 4730/4730/4730 4732/4732/4732
f 4728/4728/4728 4740/4740/4740 4661/4661/4661
f 4661/4661/4661 4740/4740/4740 4677/4677/4677
f 4716/4716/4716 4725/4725/4725 4715/4715/4715
f 4715/4715/4715 4725/4725/4725 4717/4717/4717
f 4722/4722/4722 4717/4717/4717 4724/4724/4724
f 4724/4724/4724 4717/4717/4717 4725/4725/4725
f 4667/4667/4667 4654/4654/4654 4724/4724/4724
f 4724/4724/4724 4654/4654/4654 4722/4722/4722
f 4736/4736/4736 4731/4731/4731 4710/4710/4710
f 4710/4710/4710 4731/4731/4731 4716/4716/4716
f 4741/4741/4741 4742/4742/4742 4743/4743/4743
f 4743/4743/4743 4742/4742/4742 4744/4744/4744
f 4743/4743/4743 4744/4744/4744 4745/4745/4745
f 4745/4745/4745 4744/4744/4744 4746/4746/4746
f 4745/4745/4745 4746/4746/4746 4686/4686/4686
f 4686/4686/4686 4746/4746/4746 4685/4685/4685
f 4737/4737/4737 4735/4735/4735 4747/4747/4747
f 4748/4748/4748 4749/4749/4749 4747/4747/4747
f 4747/4747/4747 4749/4749/4749 4737/4737/4737
f 4742/4742/4742 4750/4750/4750 4744/4744/4744
f 4744/4744/4744 4750/4750/4750 4751/4751/4751
f 4752/4752/4752 4746/4746/4746 4751/4751/4751
f 4751/4751/4751 4746/4746/4746 4744/4744/4744
f 4746/4746/4746 4752/4752/4752 4685/4685/4685
f 4685/4685/4685 4752/4752/4752 4693/4693/4693
f 4749/4749/4749 4748/4748/4748 4742/4742/4742
f 4742/4742/4742 4748/4748/4748 4750/4750/4750
f 4753/4753/4753 4749/4749/4749 4741/4741/4741
f 4741/4741/4741 4749/4749/4749 4742/4742/4742
f 4738/4738/4738 4737/4737/4737 4753/4753/4753
f 4753/4753/4753 4737/4737/4737 4749/4749/4749
f 4712/4712/4712 4714/4714/4714 4734/4734/4734
f 4734/4734/4734 4714/4714/4714 4720/4720/4720
f 4728/4728/4728 4739/4739/4739 4740/4740/4740
f 4740/4740/4740 4739/4739/4739 4754/4754/4754
f 4731/4731/4731 4736/4736/4736 4733/4733/4733
f 4733/4733/4733 4736/4736/4736 4738/4738/4738
f 4738/4738/4738 4753/4753/4753 4733/4733/4733
f 4733/4733/4733 4753/4753/4753 4732/4732/4732
f 4739/4739/4739 4732/4732/4732 4741/4741/4741
f 4741/4741/4741 4732/4732/4732 4753/4753/4753
f 4739/4739/4739 4741/4741/4741 4754/4754/4754
f 4754/4754/4754 4741/4741/4741 4743/4743/4743
f 4740/4740/4740 4754/4754/4754 4745/4745/4745
f 4745/4745/4745 4754/4754/4754 4743/4743/4743
f 4677/4677/4677 4740/4740/4740 4686/4686/4686
f 4686/4686/4686 4740/4740/4740 4745/4745/4745
f 4755/4755/4755 4748/4748/4748 4756/4756/4756
f 4756/4756/4756 4748/4748/4748 4747/4747/4747
f 4750/4750/4750 4757/4757/4757 4751/4751/4751
f 4751/4751/4751 4757/4757/4757 4758/4758/4758
f 4759/4759/4759 4752/4752/4752 4758/4758/4758
f 4758/4758/4758 4752/4752/4752 4751/4751/4751
f 4747/4747/4747 4705/4705/4705 4756/4756/4756
f 4752/4752/4752 4759/4759/4759 4693/4693/4693
f 4693/4693/4693 4759/4759/4759 4702/4702/4702
f 4711/4711/4711 4707/4707/4707 4735/4735/4735
f 4735/4735/4735 4707/4707/4707 4705/4705/4705
f 4748/4748/4748 4755/4755/4755 4750/4750/4750
f 4750/4750/4750 4755/4755/4755 4757/4757/4757
f 4707/4707/4707 4711/4711/4711 4760/4760/4760
f 4760/4760/4760 4711/4711/4711 4709/4709/4709
f 4760/4760/4760 4706/4706/4706 4707/4707/4707
f 4756/4756/4756 4705/4705/4705 4704/4704/4704
f 4715/4715/4715 4719/4719/4719 4708/4708/4708
f 4708/4708/4708 4719/4719/4719 4761/4761/4761
f 4719/4719/4719 4714/4714/4714 4761/4761/4761
f 4761/4761/4761 4714/4714/4714 4713/4713/4713
f 4649/4649/4649 4762/4762/4762 4695/4695/4695
f 4644/4644/4644 4643/4643/4643 4649/4649/4649
f 4649/4649/4649 4643/4643/4643 4762/4762/4762
f 4736/4736/4736 4735/4735/4735 4737/4737/4737
f 4672/4672/4672 4675/4675/4675 4673/4673/4673
f 4735/4735/4735 4705/4705/4705 4747/4747/4747
f 4637/4637/4637 4687/4687/4687 4697/4697/4697
f 4671/4671/4671 4695/4695/4695 4763/4763/4763
f 4763/4763/4763 4695/4695/4695 4764/4764/4764
f 4664/4664/4664 4671/4671/4671 4765/4765/4765
f 4765/4765/4765 4671/4671/4671 4763/4763/4763
f 4765/4765/4765 4766/4766/4766 4664/4664/4664
f 4664/4664/4664 4766/4766/4766 4665/4665/4665
f 4734/4734/4734 4767/4767/4767 4712/4712/4712
f 4712/4712/4712 4767/4767/4767 4768/4768/4768
f 4729/4729/4729 4769/4769/4769 4734/4734/4734
f 4734/4734/4734 4769/4769/4769 4767/4767/4767
f 4665/4665/4665 4766/4766/4766 4729/4729/4729
f 4729/4729/4729 4766/4766/4766 4769/4769/4769
f 4640/4640/4640 4703/4703/4703 4770/4770/4770
f 4643/4643/4643 4642/4642/4642 4771/4771/4771
f 4642/4642/4642 4640/4640/4640 4771/4771/4771
f 4771/4771/4771 4640/4640/4640 4770/4770/4770
f 4772/4772/4772 4773/4773/4773 4774/4774/4774
f 4774/4774/4774 4773/4773/4773 4775/4775/4775
f 4770/4770/4770 4703/4703/4703 4776/4776/4776
f 4776/4776/4776 4777/4777/4777 4770/4770/4770
f 4774/4774/4774 4775/4775/4775 4778/4778/4778
f 4778/4778/4778 4775/4775/4775 4779/4779/4779
f 4780/4780/4780 4777/4777/4777 4781/4781/4781
f 4780/4780/4780 4781/4781/4781 4779/4779/4779
f 4779/4779/4779 4781/4781/4781 4778/4778/4778
f 4782/4782/4782 4709/4709/4709 4708/4708/4708
f 4783/4783/4783 4784/4784/4784 4785/4785/4785
f 4785/4785/4785 4784/4784/4784 4786/4786/4786
f 4784/4784/4784 4787/4787/4787 4786/4786/4786
f 4786/4786/4786 4787/4787/4787 4788/4788/4788
f 4789/4789/4789 4783/4783/4783 4790/4790/4790
f 4790/4790/4790 4783/4783/4783 4785/4785/4785
f 4788/4788/4788 4787/4787/4787 4791/4791/4791
f 4761/4761/4761 4782/4782/4782 4708/4708/4708
f 4792/4792/4792 4793/4793/4793 4791/4791/4791
f 4792/4792/4792 4760/4760/4760 4793/4793/4793
f 4793/4793/4793 4760/4760/4760 4709/4709/4709
f 4793/4793/4793 4709/4709/4709 4782/4782/4782
f 4794/4794/4794 4713/4713/4713 4712/4712/4712
f 4795/4795/4795 4773/4773/4773 4772/4772/4772
f 4795/4795/4795 4764/4764/4764 4695/4695/4695
f 4794/4794/4794 4712/4712/4712 4768/4768/4768
f 4695/4695/4695 4762/4762/4762 4795/4795/4795
f 4790/4790/4790 4794/4794/4794 4789/4789/4789

# Group Scalp Total Faces: 266

g Hair
f 4796/4796/4796 4797/4797/4797 4798/4798/4798
f 4798/4798/4798 4797/4797/4797 4799/4799/4799
f 4800/4800/4800 4801/4801/4801 4796/4796/4796
f 4796/4796/4796 4801/4801/4801 4797/4797/4797
f 4802/4802/4802 4803/4803/4803 4804/4804/4804
f 4804/4804/4804 4803/4803/4803 4805/4805/4805
f 4806/4806/4806 4804/4804/4804 4807/4807/4807
f 4807/4807/4807 4804/4804/4804 4805/4805/4805
f 4797/4797/4797 4808/4808/4808 4809/4809/4809
f 4809/4809/4809 4810/4810/4810 4811/4811/4811
f 4811/4811/4811 4810/4810/4810 4812/4812/4812
f 4810/4810/4810 4809/4809/4809 4813/4813/4813
f 4814/4814/4814 4806/4806/4806 4815/4815/4815
f 4815/4815/4815 4806/4806/4806 4807/4807/4807
f 4797/4797/4797 4809/4809/4809 4799/4799/4799
f 4799/4799/4799 4809/4809/4809 4811/4811/4811
f 4816/4816/4816 4817/4817/4817 4804/4804/4804
f 4804/4804/4804 4817/4817/4817 4802/4802/4802
f 4804/4804/4804 4806/4806/4806 4816/4816/4816
f 4816/4816/4816 4806/4806/4806 4818/4818/4818
f 4819/4819/4819 4820/4820/4820 4821/4821/4821
f 4821/4821/4821 4820/4820/4820 4822/4822/4822
f 4823/4823/4823 4824/4824/4824 4825/4825/4825
f 4810/4810/4810 4826/4826/4826 4812/4812/4812
f 4826/4826/4826 4827/4827/4827 4812/4812/4812
f 4812/4812/4812 4827/4827/4827 4824/4824/4824
f 4828/4828/4828 4829/4829/4829 4810/4810/4810
f 4810/4810/4810 4829/4829/4829 4826/4826/4826
f 4823/4823/4823 4830/4830/4830 4831/4831/4831
f 4831/4831/4831 4830/4830/4830 4832/4832/4832
f 4833/4833/4833 4834/4834/4834 4813/4813/4813
f 4813/4813/4813 4834/4834/4834 4828/4828/4828
f 4815/4815/4815 4835/4835/4835 4814/4814/4814
f 4814/4814/4814 4835/4835/4835 4836/4836/4836
f 4837/4837/4837 4822/4822/4822 4838/4838/4838
f 4838/4838/4838 4822/4822/4822 4820/4820/4820
f 4820/4820/4820 4819/4819/4819 4832/4832/4832
f 4832/4832/4832 4819/4819/4819 4831/4831/4831
f 4832/4832/4832 4839/4839/4839 4820/4820/4820
f 4820/4820/4820 4839/4839/4839 4838/4838/4838
f 4830/4830/4830 4840/4840/4840 4832/4832/4832
f 4832/4832/4832 4840/4840/4840 4839/4839/4839
f 4840/4840/4840 4830/4830/4830 4841/4841/4841
f 4841/4841/4841 4830/4830/4830 4825/4825/4825
f 4829/4829/4829 4842/4842/4842 4826/4826/4826
f 4826/4826/4826 4842/4842/4842 4827/4827/4827
f 4843/4843/4843 4835/4835/4835 4842/4842/4842
f 4842/4842/4842 4835/4835/4835 4841/4841/4841
f 4844/4844/4844 4843/4843/4843 4829/4829/4829
f 4829/4829/4829 4843/4843/4843 4842/4842/4842
f 4834/4834/4834 4844/4844/4844 4828/4828/4828
f 4828/4828/4828 4844/4844/4844 4829/4829/4829
f 4838/4838/4838 4805/4805/4805 4837/4837/4837
f 4837/4837/4837 4805/4805/4805 4803/4803/4803
f 4805/4805/4805 4838/4838/4838 4807/4807/4807
f 4807/4807/4807 4838/4838/4838 4839/4839/4839
f 4815/4815/4815 4807/4807/4807 4840/4840/4840
f 4840/4840/4840 4807/4807/4807 4839/4839/4839
f 4835/4835/4835 4815/4815/4815 4841/4841/4841
f 4841/4841/4841 4815/4815/4815 4840/4840/4840
f 4835/4835/4835 4843/4843/4843 4836/4836/4836
f 4823/4823/4823 4825/4825/4825 4830/4830/4830
f 4827/4827/4827 4825/4825/4825 4824/4824/4824
f 4825/4825/4825 4827/4827/4827 4841/4841/4841
f 4841/4841/4841 4827/4827/4827 4842/4842/4842
f 4810/4810/4810 4813/4813/4813 4828/4828/4828
f 4813/4813/4813 4809/4809/4809 4845/4845/4845
f 4813/4813/4813 4845/4845/4845 4833/4833/4833
f 4833/4833/4833 4845/4845/4845 4846/4846/4846
f 4808/4808/4808 4845/4845/4845 4809/4809/4809
f 4801/4801/4801 4808/4808/4808 4797/4797/4797
f 4845/4845/4845 4808/4808/4808 4846/4846/4846
f 4846/4846/4846 4808/4808/4808 4847/4847/4847
f 4848/4848/4848 4847/4847/4847 4801/4801/4801
f 4801/4801/4801 4847/4847/4847 4808/4808/4808
f 4800/4800/4800 4848/4848/4848 4801/4801/4801
f 4849/4849/4849 4850/4850/4850 4851/4851/4851
f 4851/4851/4851 4850/4850/4850 4852/4852/4852
f 4850/4850/4850 4853/4853/4853 4852/4852/4852
f 4852/4852/4852 4853/4853/4853 4854/4854/4854
f 4855/4855/4855 4856/4856/4856 4857/4857/4857
f 4857/4857/4857 4856/4856/4856 4858/4858/4858
f 4859/4859/4859 4860/4860/4860 4857/4857/4857
f 4857/4857/4857 4860/4860/4860 4855/4855/4855
f 4850/4850/4850 4861/4861/4861 4862/4862/4862
f 4861/4861/4861 4863/4863/4863 4864/4864/4864
f 4864/4864/4864 4863/4863/4863 4865/4865/4865
f 4864/4864/4864 4866/4866/4866 4861/4861/4861
f 4867/4867/4867 4868/4868/4868 4859/4859/4859
f 4859/4859/4859 4868/4868/4868 4860/4860/4860
f 4850/4850/4850 4849/4849/4849 4861/4861/4861
f 4861/4861/4861 4849/4849/4849 4863/4863/4863
f 4858/4858/4858 4869/4869/4869 4857/4857/4857
f 4857/4857/4857 4869/4869/4869 4870/4870/4870
f 4871/4871/4871 4859/4859/4859 4870/4870/4870
f 4870/4870/4870 4859/4859/4859 4857/4857/4857
f 4872/4872/4872 4867/4867/4867 4871/4871/4871
f 4871/4871/4871 4867/4867/4867 4859/4859/4859
f 4873/4873/4873 4874/4874/4874 4872/4872/4872
f 4872/4872/4872 4874/4874/4874 4867/4867/4867
f 4875/4875/4875 4876/4876/4876 4877/4877/4877
f 4877/4877/4877 4876/4876/4876 4878/4878/4878
f 4879/4879/4879 4880/4880/4880 4881/4881/4881
f 4864/4864/4864 4865/4865/4865 4882/4882/4882
f 4882/4882/4882 4865/4865/4865 4883/4883/4883
f 4883/4883/4883 4865/4865/4865 4881/4881/4881
f 4884/4884/4884 4864/4864/4864 4885/4885/4885
f 4885/4885/4885 4864/4864/4864 4882/4882/4882
f 4886/4886/4886 4887/4887/4887 4888/4888/4888
f 4888/4888/4888 4887/4887/4887 4879/4879/4879
f 4889/4889/4889 4890/4890/4890 4891/4891/4891
f 4892/4892/4892 4866/4866/4866 4893/4893/4893
f 4893/4893/4893 4866/4866/4866 4884/4884/4884
f 4874/4874/4874 4894/4894/4894 4867/4867/4867
f 4867/4867/4867 4894/4894/4894 4868/4868/4868
f 4895/4895/4895 4896/4896/4896 4878/4878/4878
f 4878/4878/4878 4896/4896/4896 4877/4877/4877
f 4888/4888/4888 4875/4875/4875 4886/4886/4886
f 4886/4886/4886 4875/4875/4875 4877/4877/4877
f 4886/4886/4886 4877/4877/4877 4897/4897/4897
f 4897/4897/4897 4877/4877/4877 4896/4896/4896
f 4887/4887/4887 4886/4886/4886 4898/4898/4898
f 4898/4898/4898 4886/4886/4886 4897/4897/4897
f 4880/4880/4880 4887/4887/4887 4899/4899/4899
f 4899/4899/4899 4887/4887/4887 4898/4898/4898
f 4885/4885/4885 4882/4882/4882 4900/4900/4900
f 4900/4900/4900 4882/4882/4882 4883/4883/4883
f 4891/4891/4891 4900/4900/4900 4894/4894/4894
f 4894/4894/4894 4900/4900/4900 4899/4899/4899
f 4900/4900/4900 4891/4891/4891 4885/4885/4885
f 4885/4885/4885 4891/4891/4891 4890/4890/4890
f 4885/4885/4885 4890/4890/4890 4884/4884/4884
f 4884/4884/4884 4890/4890/4890 4893/4893/4893
f 4896/4896/4896 4895/4895/4895 4855/4855/4855
f 4855/4855/4855 4895/4895/4895 4856/4856/4856
f 4897/4897/4897 4896/4896/4896 4860/4860/4860
f 4860/4860/4860 4896/4896/4896 4855/4855/4855
f 4868/4868/4868 4898/4898/4898 4860/4860/4860
f 4860/4860/4860 4898/4898/4898 4897/4897/4897
f 4894/4894/4894 4899/4899/4899 4868/4868/4868
f 4868/4868/4868 4899/4899/4899 4898/4898/4898
f 4873/4873/4873 4889/4889/4889 4874/4874/4874
f 4889/4889/4889 4891/4891/4891 4874/4874/4874
f 4874/4874/4874 4891/4891/4891 4894/4894/4894
f 4879/4879/4879 4887/4887/4887 4880/4880/4880
f 4883/4883/4883 4881/4881/4881 4880/4880/4880
f 4900/4900/4900 4883/4883/4883 4899/4899/4899
f 4899/4899/4899 4883/4883/4883 4880/4880/4880
f 4864/4864/4864 4884/4884/4884 4866/4866/4866
f 4866/4866/4866 4901/4901/4901 4861/4861/4861
f 4902/4902/4902 4901/4901/4901 4892/4892/4892
f 4892/4892/4892 4901/4901/4901 4866/4866/4866
f 4862/4862/4862 4861/4861/4861 4901/4901/4901
f 4853/4853/4853 4850/4850/4850 4862/4862/4862
f 4901/4901/4901 4902/4902/4902 4862/4862/4862
f 4862/4862/4862 4902/4902/4902 4903/4903/4903
f 4904/4904/4904 4853/4853/4853 4903/4903/4903
f 4903/4903/4903 4853/4853/4853 4862/4862/4862
f 4904/4904/4904 4854/4854/4854 4853/4853/4853
f 4905/4905/4905 4906/4906/4906 4907/4907/4907
f 4908/4908/4908 4909/4909/4909 4910/4910/4910
f 4910/4910/4910 4909/4909/4909 4911/4911/4911
f 4912/4912/4912 4908/4908/4908 4913/4913/4913
f 4913/4913/4913 4908/4908/4908 4910/4910/4910
f 4914/4914/4914 4912/4912/4912 4915/4915/4915
f 4915/4915/4915 4912/4912/4912 4913/4913/4913
f 4916/4916/4916 4914/4914/4914 4917/4917/4917
f 4917/4917/4917 4914/4914/4914 4915/4915/4915
f 4905/4905/4905 4907/4907/4907 4918/4918/4918
f 4918/4918/4918 4907/4907/4907 4919/4919/4919
f 4920/4920/4920 4921/4921/4921 4922/4922/4922
f 4922/4922/4922 4921/4921/4921 4923/4923/4923
f 4924/4924/4924 4925/4925/4925 4926/4926/4926
f 4926/4926/4926 4925/4925/4925 4927/4927/4927
f 4928/4928/4928 4929/4929/4929 4923/4923/4923
f 4923/4923/4923 4929/4929/4929 4922/4922/4922
f 4911/4911/4911 4930/4930/4930 4910/4910/4910
f 4910/4910/4910 4930/4930/4930 4931/4931/4931
f 4932/4932/4932 4933/4933/4933 4934/4934/4934
f 4934/4934/4934 4933/4933/4933 4935/4935/4935
f 4936/4936/4936 4937/4937/4937 4907/4907/4907
f 4907/4907/4907 4937/4937/4937 4919/4919/4919
f 4938/4938/4938 4939/4939/4939 4936/4936/4936
f 4936/4936/4936 4939/4939/4939 4937/4937/4937
f 4940/4940/4940 4941/4941/4941 4938/4938/4938
f 4938/4938/4938 4941/4941/4941 4939/4939/4939
f 4922/4922/4922 4929/4929/4929 4942/4942/4942
f 4942/4942/4942 4929/4929/4929 4943/4943/4943
f 4944/4944/4944 4920/4920/4920 4942/4942/4942
f 4942/4942/4942 4920/4920/4920 4922/4922/4922
f 4945/4945/4945 4946/4946/4946 4944/4944/4944
f 4944/4944/4944 4946/4946/4946 4920/4920/4920
f 4947/4947/4947 4948/4948/4948 4949/4949/4949
f 4949/4949/4949 4948/4948/4948 4950/4950/4950
f 4940/4940/4940 4916/4916/4916 4941/4941/4941
f 4941/4941/4941 4916/4916/4916 4917/4917/4917
f 4933/4933/4933 4951/4951/4951 4915/4915/4915
f 4915/4915/4915 4951/4951/4951 4917/4917/4917
f 4935/4935/4935 4913/4913/4913 4931/4931/4931
f 4931/4931/4931 4913/4913/4913 4910/4910/4910
f 4930/4930/4930 4952/4952/4952 4931/4931/4931
f 4931/4931/4931 4952/4952/4952 4953/4953/4953
f 4954/4954/4954 4955/4955/4955 4930/4930/4930
f 4930/4930/4930 4955/4955/4955 4952/4952/4952
f 4917/4917/4917 4951/4951/4951 4941/4941/4941
f 4941/4941/4941 4951/4951/4951 4956/4956/4956
f 4937/4937/4937 4947/4947/4947 4919/4919/4919
f 4919/4919/4919 4947/4947/4947 4949/4949/4949
f 4957/4957/4957 4918/4918/4918 4949/4949/4949
f 4949/4949/4949 4918/4918/4918 4919/4919/4919
f 4906/4906/4906 4936/4936/4936 4907/4907/4907
f 4906/4906/4906 4938/4938/4938 4936/4936/4936
f 4906/4906/4906 4940/4940/4940 4938/4938/4938
f 4906/4906/4906 4916/4916/4916 4940/4940/4940
f 4906/4906/4906 4914/4914/4914 4916/4916/4916
f 4906/4906/4906 4912/4912/4912 4914/4914/4914
f 4906/4906/4906 4908/4908/4908 4912/4912/4912
f 4906/4906/4906 4909/4909/4909 4908/4908/4908
f 4906/4906/4906 4958/4958/4958 4909/4909/4909
f 4959/4959/4959 4960/4960/4960 4961/4961/4961
f 4961/4961/4961 4960/4960/4960 4962/4962/4962
f 4926/4926/4926 4927/4927/4927 4962/4962/4962
f 4962/4962/4962 4927/4927/4927 4961/4961/4961
f 4963/4963/4963 4964/4964/4964 4965/4965/4965
f 4965/4965/4965 4964/4964/4964 4966/4966/4966
f 4965/4965/4965 4967/4967/4967 4963/4963/4963
f 4963/4963/4963 4967/4967/4967 4968/4968/4968
f 4969/4969/4969 4968/4968/4968 4970/4970/4970
f 4970/4970/4970 4968/4968/4968 4967/4967/4967
f 4955/4955/4955 4964/4964/4964 4952/4952/4952
f 4952/4952/4952 4964/4964/4964 4963/4963/4963
f 4952/4952/4952 4963/4963/4963 4953/4953/4953
f 4953/4953/4953 4963/4963/4963 4968/4968/4968
f 4971/4971/4971 4932/4932/4932 4969/4969/4969
f 4969/4969/4969 4932/4932/4932 4934/4934/4934
f 4972/4972/4972 4959/4959/4959 4948/4948/4948
f 4948/4948/4948 4959/4959/4959 4961/4961/4961
f 4948/4948/4948 4961/4961/4961 4950/4950/4950
f 4950/4950/4950 4961/4961/4961 4927/4927/4927
f 4973/4973/4973 4957/4957/4957 4950/4950/4950
f 4950/4950/4950 4957/4957/4957 4949/4949/4949
f 4934/4934/4934 4935/4935/4935 4953/4953/4953
f 4953/4953/4953 4935/4935/4935 4931/4931/4931
f 4974/4974/4974 4954/4954/4954 4911/4911/4911
f 4911/4911/4911 4954/4954/4954 4930/4930/4930
f 4909/4909/4909 4958/4958/4958 4911/4911/4911
f 4911/4911/4911 4958/4958/4958 4974/4974/4974
f 4975/4975/4975 4976/4976/4976 4923/4923/4923
f 4923/4923/4923 4976/4976/4976 4928/4928/4928
f 4977/4977/4977 4978/4978/4978 4979/4979/4979
f 4979/4979/4979 4978/4978/4978 4980/4980/4980
f 4981/4981/4981 4979/4979/4979 4982/4982/4982
f 4982/4982/4982 4979/4979/4979 4980/4980/4980
f 4983/4983/4983 4984/4984/4984 4985/4985/4985
f 4985/4985/4985 4984/4984/4984 4986/4986/4986
f 4987/4987/4987 4988/4988/4988 4986/4986/4986
f 4986/4986/4986 4988/4988/4988 4985/4985/4985
f 4989/4989/4989 4990/4990/4990 4987/4987/4987
f 4925/4925/4925 4973/4973/4973 4927/4927/4927
f 4927/4927/4927 4973/4973/4973 4950/4950/4950
f 4969/4969/4969 4934/4934/4934 4968/4968/4968
f 4968/4968/4968 4934/4934/4934 4953/4953/4953
f 4941/4941/4941 4956/4956/4956 4939/4939/4939
f 4939/4939/4939 4956/4956/4956 4991/4991/4991
f 4939/4939/4939 4991/4991/4991 4937/4937/4937
f 4937/4937/4937 4991/4991/4991 4947/4947/4947
f 4948/4948/4948 4947/4947/4947 4972/4972/4972
f 4972/4972/4972 4947/4947/4947 4991/4991/4991
f 4992/4992/4992 4993/4993/4993 4959/4959/4959
f 4959/4959/4959 4993/4993/4993 4960/4960/4960
f 4959/4959/4959 4972/4972/4972 4992/4992/4992
f 4992/4992/4992 4972/4972/4972 4994/4994/4994
f 4956/4956/4956 4994/4994/4994 4991/4991/4991
f 4991/4991/4991 4994/4994/4994 4972/4972/4972
f 4995/4995/4995 4996/4996/4996 4992/4992/4992
f 4992/4992/4992 4996/4996/4996 4993/4993/4993
f 4997/4997/4997 4995/4995/4995 4994/4994/4994
f 4994/4994/4994 4995/4995/4995 4992/4992/4992
f 4951/4951/4951 4997/4997/4997 4956/4956/4956
f 4956/4956/4956 4997/4997/4997 4994/4994/4994
f 4971/4971/4971 4998/4998/4998 4995/4995/4995
f 4995/4995/4995 4998/4998/4998 4996/4996/4996
f 4969/4969/4969 4970/4970/4970 4971/4971/4971
f 4971/4971/4971 4970/4970/4970 4998/4998/4998
f 4913/4913/4913 4935/4935/4935 4915/4915/4915
f 4915/4915/4915 4935/4935/4935 4933/4933/4933
f 4932/4932/4932 4971/4971/4971 4997/4997/4997
f 4997/4997/4997 4971/4971/4971 4995/4995/4995
f 4933/4933/4933 4932/4932/4932 4951/4951/4951
f 4951/4951/4951 4932/4932/4932 4997/4997/4997
f 4999/4999/4999 5000/5000/5000 5001/5001/5001
f 5001/5001/5001 5000/5000/5000 5002/5002/5002
f 5001/5001/5001 5002/5002/5002 5003/5003/5003
f 5003/5003/5003 5002/5002/5002 5004/5004/5004
f 5005/5005/5005 5006/5006/5006 5004/5004/5004
f 5004/5004/5004 5006/5006/5006 5003/5003/5003
f 5007/5007/5007 5008/5008/5008 5009/5009/5009
f 5010/5010/5010 5011/5011/5011 5001/5001/5001
f 5001/5001/5001 5011/5011/5011 4999/4999/4999
f 5012/5012/5012 5013/5013/5013 5010/5010/5010
f 5010/5010/5010 5013/5013/5013 5011/5011/5011
f 5014/5014/5014 5012/5012/5012 5015/5015/5015
f 5015/5015/5015 5012/5012/5012 5010/5010/5010
f 5016/5016/5016 5014/5014/5014 5017/5017/5017
f 5017/5017/5017 5014/5014/5014 5015/5015/5015
f 5016/5016/5016 5017/5017/5017 5018/5018/5018
f 5018/5018/5018 5017/5017/5017 5019/5019/5019
f 5020/5020/5020 4989/4989/4989 5021/5021/5021
f 5021/5021/5021 4989/4989/4989 5022/5022/5022
f 4965/4965/4965 4966/4966/4966 5012/5012/5012
f 5012/5012/5012 4966/4966/4966 5013/5013/5013
f 4967/4967/4967 4965/4965/4965 5014/5014/5014
f 5014/5014/5014 4965/4965/4965 5012/5012/5012
f 4970/4970/4970 4967/4967/4967 5016/5016/5016
f 5016/5016/5016 4967/4967/4967 5014/5014/5014
f 4970/4970/4970 5016/5016/5016 4998/4998/4998
f 4998/4998/4998 5016/5016/5016 5018/5018/5018
f 4960/4960/4960 4989/4989/4989 4962/4962/4962
f 4962/4962/4962 4989/4989/4989 4987/4987/4987
f 4986/4986/4986 4926/4926/4926 4987/4987/4987
f 4987/4987/4987 4926/4926/4926 4962/4962/4962
f 4984/4984/4984 4924/4924/4924 4986/4986/4986
f 4986/4986/4986 4924/4924/4924 4926/4926/4926
f 5015/5015/5015 5010/5010/5010 5003/5003/5003
f 5003/5003/5003 5010/5010/5010 5001/5001/5001
f 5017/5017/5017 5015/5015/5015 5006/5006/5006
f 5006/5006/5006 5015/5015/5015 5003/5003/5003
f 5007/5007/5007 5017/5017/5017 5006/5006/5006
f 5019/5019/5019 5007/5007/5007 5023/5023/5023
f 5023/5023/5023 5007/5007/5007 5009/5009/5009
f 5021/5021/5021 5024/5024/5024 5020/5020/5020
f 5020/5020/5020 5024/5024/5024 5025/5025/5025
f 5018/5018/5018 5019/5019/5019 5026/5026/5026
f 5026/5026/5026 5019/5019/5019 5023/5023/5023
f 5021/5021/5021 5022/5022/5022 5023/5023/5023
f 5023/5023/5023 5022/5022/5022 5026/5026/5026
f 5026/5026/5026 4996/4996/4996 5018/5018/5018
f 5018/5018/5018 4996/4996/4996 4998/4998/4998
f 4996/4996/4996 5026/5026/5026 4993/4993/4993
f 4993/4993/4993 5026/5026/5026 5022/5022/5022
f 4993/4993/4993 5022/5022/5022 4960/4960/4960
f 4960/4960/4960 5022/5022/5022 4989/4989/4989
f 5027/5027/5027 5028/5028/5028 5029/5029/5029
f 5030/5030/5030 5031/5031/5031 5032/5032/5032
f 5032/5032/5032 5031/5031/5031 5033/5033/5033
f 5034/5034/5034 5035/5035/5035 5030/5030/5030
f 5030/5030/5030 5035/5035/5035 5031/5031/5031
f 5036/5036/5036 5037/5037/5037 5034/5034/5034
f 5034/5034/5034 5037/5037/5037 5035/5035/5035
f 5038/5038/5038 5039/5039/5039 5036/5036/5036
f 5036/5036/5036 5039/5039/5039 5037/5037/5037
f 5040/5040/5040 5028/5028/5028 5041/5041/5041
f 5041/5041/5041 5028/5028/5028 5027/5027/5027
f 5042/5042/5042 5043/5043/5043 5044/5044/5044
f 5044/5044/5044 5043/5043/5043 5045/5045/5045
f 5046/5046/5046 5047/5047/5047 5048/5048/5048
f 5048/5048/5048 5047/5047/5047 5049/5049/5049
f 5045/5045/5045 5043/5043/5043 4928/4928/4928
f 4928/4928/4928 5043/5043/5043 4929/4929/4929
f 5033/5033/5033 5031/5031/5031 5050/5050/5050
f 5050/5050/5050 5031/5031/5031 5051/5051/5051
f 5052/5052/5052 5053/5053/5053 5054/5054/5054
f 5054/5054/5054 5053/5053/5053 5055/5055/5055
f 5040/5040/5040 5056/5056/5056 5028/5028/5028
f 5028/5028/5028 5056/5056/5056 5057/5057/5057
f 5056/5056/5056 5058/5058/5058 5057/5057/5057
f 5057/5057/5057 5058/5058/5058 5059/5059/5059
f 5058/5058/5058 5060/5060/5060 5059/5059/5059
f 5059/5059/5059 5060/5060/5060 5061/5061/5061
f 5062/5062/5062 5063/5063/5063 5064/5064/5064
f 5064/5064/5064 5063/5063/5063 5065/5065/5065
f 5043/5043/5043 5066/5066/5066 4929/4929/4929
f 4929/4929/4929 5066/5066/5066 4943/4943/4943
f 5067/5067/5067 5066/5066/5066 5042/5042/5042
f 5042/5042/5042 5066/5066/5066 5043/5043/5043
f 5068/5068/5068 5067/5067/5067 5064/5064/5064
f 5064/5064/5064 5067/5067/5067 5042/5042/5042
f 5069/5069/5069 5068/5068/5068 5065/5065/5065
f 5065/5065/5065 5068/5068/5068 5064/5064/5064
f 5070/5070/5070 5071/5071/5071 5072/5072/5072
f 5072/5072/5072 5071/5071/5071 5073/5073/5073
f 5061/5061/5061 5060/5060/5060 5038/5038/5038
f 5038/5038/5038 5060/5060/5060 5039/5039/5039
f 5074/5074/5074 5075/5075/5075 5076/5076/5076
f 5076/5076/5076 5075/5075/5075 5077/5077/5077
f 5039/5039/5039 5078/5078/5078 5037/5037/5037
f 5037/5037/5037 5078/5078/5078 5054/5054/5054
f 5055/5055/5055 5051/5051/5051 5035/5035/5035
f 5035/5035/5035 5051/5051/5051 5031/5031/5031
f 5079/5079/5079 5080/5080/5080 5051/5051/5051
f 5051/5051/5051 5080/5080/5080 5050/5050/5050
f 5081/5081/5081 5050/5050/5050 5082/5082/5082
f 5082/5082/5082 5050/5050/5050 5080/5080/5080
f 5039/5039/5039 5060/5060/5060 5078/5078/5078
f 5078/5078/5078 5060/5060/5060 5083/5083/5083
f 5040/5040/5040 5072/5072/5072 5056/5056/5056
f 5056/5056/5056 5072/5072/5072 5073/5073/5073
f 5084/5084/5084 5072/5072/5072 5041/5041/5041
f 5041/5041/5041 5072/5072/5072 5040/5040/5040
f 5029/5029/5029 5028/5028/5028 5057/5057/5057
f 5029/5029/5029 5057/5057/5057 5059/5059/5059
f 5029/5029/5029 5059/5059/5059 5061/5061/5061
f 5029/5029/5029 5061/5061/5061 5038/5038/5038
f 5029/5029/5029 5038/5038/5038 5036/5036/5036
f 5029/5029/5029 5036/5036/5036 5034/5034/5034
f 5029/5029/5029 5034/5034/5034 5030/5030/5030
f 5029/5029/5029 5030/5030/5030 5032/5032/5032
f 5029/5029/5029 5032/5032/5032 5085/5085/5085
f 5086/5086/5086 5087/5087/5087 5088/5088/5088
f 5088/5088/5088 5087/5087/5087 5089/5089/5089
f 5047/5047/5047 5086/5086/5086 5049/5049/5049
f 5049/5049/5049 5086/5086/5086 5088/5088/5088
f 5090/5090/5090 5091/5091/5091 5092/5092/5092
f 5092/5092/5092 5091/5091/5091 5093/5093/5093
f 5091/5091/5091 5090/5090/5090 5094/5094/5094
f 5094/5094/5094 5090/5090/5090 5095/5095/5095
f 5096/5096/5096 5094/5094/5094 5097/5097/5097
f 5097/5097/5097 5094/5094/5094 5095/5095/5095
f 5080/5080/5080 5090/5090/5090 5082/5082/5082
f 5082/5082/5082 5090/5090/5090 5092/5092/5092
f 5095/5095/5095 5090/5090/5090 5079/5079/5079
f 5079/5079/5079 5090/5090/5090 5080/5080/5080
f 5098/5098/5098 5097/5097/5097 5052/5052/5052
f 5052/5052/5052 5097/5097/5097 5053/5053/5053
f 5088/5088/5088 5089/5089/5089 5071/5071/5071
f 5071/5071/5071 5089/5089/5089 5099/5099/5099
f 5049/5049/5049 5088/5088/5088 5070/5070/5070
f 5070/5070/5070 5088/5088/5088 5071/5071/5071
f 5070/5070/5070 5072/5072/5072 5100/5100/5100
f 5100/5100/5100 5072/5072/5072 5084/5084/5084
f 5053/5053/5053 5079/5079/5079 5055/5055/5055
f 5055/5055/5055 5079/5079/5079 5051/5051/5051
f 5101/5101/5101 5033/5033/5033 5081/5081/5081
f 5081/5081/5081 5033/5033/5033 5050/5050/5050
f 5032/5032/5032 5033/5033/5033 5085/5085/5085
f 5085/5085/5085 5033/5033/5033 5101/5101/5101
f 5102/5102/5102 5045/5045/5045 4976/4976/4976
f 4976/4976/4976 5045/5045/5045 4928/4928/4928
f 5103/5103/5103 5044/5044/5044 5102/5102/5102
f 5102/5102/5102 5044/5044/5044 5045/5045/5045
f 5063/5063/5063 5062/5062/5062 5104/5104/5104
f 5104/5104/5104 5062/5062/5062 5105/5105/5105
f 5106/5106/5106 5107/5107/5107 5108/5108/5108
f 5108/5108/5108 5107/5107/5107 5069/5069/5069
f 5109/5109/5109 5110/5110/5110 5106/5106/5106
f 5106/5106/5106 5110/5110/5110 5107/5107/5107
f 5111/5111/5111 5110/5110/5110 5112/5112/5112
f 5112/5112/5112 5110/5110/5110 5109/5109/5109
f 4982/4982/4982 5111/5111/5111 4981/4981/4981
f 4981/4981/4981 5111/5111/5111 5112/5112/5112
f 5113/5113/5113 5114/5114/5114 5115/5115/5115
f 5115/5115/5115 5114/5114/5114 5116/5116/5116
f 5114/5114/5114 5117/5117/5117 5116/5116/5116
f 5116/5116/5116 5117/5117/5117 5118/5118/5118
f 5118/5118/5118 5117/5117/5117 5074/5074/5074
f 5118/5118/5118 5074/5074/5074 5119/5119/5119
f 5119/5119/5119 5074/5074/5074 5076/5076/5076
f 5049/5049/5049 5070/5070/5070 5048/5048/5048
f 5048/5048/5048 5070/5070/5070 5100/5100/5100
f 5097/5097/5097 5095/5095/5095 5053/5053/5053
f 5053/5053/5053 5095/5095/5095 5079/5079/5079
f 5060/5060/5060 5058/5058/5058 5083/5083/5083
f 5083/5083/5083 5058/5058/5058 5120/5120/5120
f 5058/5058/5058 5056/5056/5056 5120/5120/5120
f 5120/5120/5120 5056/5056/5056 5073/5073/5073
f 5071/5071/5071 5099/5099/5099 5073/5073/5073
f 5073/5073/5073 5099/5099/5099 5120/5120/5120
f 5087/5087/5087 5121/5121/5121 5089/5089/5089
f 5089/5089/5089 5121/5121/5121 5122/5122/5122
f 5089/5089/5089 5122/5122/5122 5099/5099/5099
f 5099/5099/5099 5122/5122/5122 5123/5123/5123
f 5083/5083/5083 5120/5120/5120 5123/5123/5123
f 5123/5123/5123 5120/5120/5120 5099/5099/5099
f 5121/5121/5121 5124/5124/5124 5122/5122/5122
f 5122/5122/5122 5124/5124/5124 5125/5125/5125
f 5122/5122/5122 5125/5125/5125 5123/5123/5123
f 5123/5123/5123 5125/5125/5125 5126/5126/5126
f 5078/5078/5078 5083/5083/5083 5126/5126/5126
f 5126/5126/5126 5083/5083/5083 5123/5123/5123
f 5098/5098/5098 5125/5125/5125 5127/5127/5127
f 5127/5127/5127 5125/5125/5125 5124/5124/5124
f 5127/5127/5127 5096/5096/5096 5098/5098/5098
f 5098/5098/5098 5096/5096/5096 5097/5097/5097
f 5054/5054/5054 5055/5055/5055 5037/5037/5037
f 5037/5037/5037 5055/5055/5055 5035/5035/5035
f 5125/5125/5125 5098/5098/5098 5126/5126/5126
f 5126/5126/5126 5098/5098/5098 5052/5052/5052
f 5054/5054/5054 5078/5078/5078 5052/5052/5052
f 5052/5052/5052 5078/5078/5078 5126/5126/5126
f 5128/5128/5128 5129/5129/5129 5130/5130/5130
f 5130/5130/5130 5129/5129/5129 5131/5131/5131
f 5132/5132/5132 5130/5130/5130 5133/5133/5133
f 5133/5133/5133 5130/5130/5130 5131/5131/5131
f 5134/5134/5134 5135/5135/5135 5136/5136/5136
f 5136/5136/5136 5135/5135/5135 5137/5137/5137
f 5138/5138/5138 5139/5139/5139 5140/5140/5140
f 5140/5140/5140 5139/5139/5139 5141/5141/5141
f 5142/5142/5142 5138/5138/5138 5143/5143/5143
f 5143/5143/5143 5138/5138/5138 5140/5140/5140
f 5144/5144/5144 5145/5145/5145 5142/5142/5142
f 5142/5142/5142 5145/5145/5145 5138/5138/5138
f 5145/5145/5145 5144/5144/5144 5146/5146/5146
f 5146/5146/5146 5144/5144/5144 5147/5147/5147
f 5148/5148/5148 5149/5149/5149 5147/5147/5147
f 5147/5147/5147 5149/5149/5149 5146/5146/5146
f 5076/5076/5076 5150/5150/5150 5119/5119/5119
f 5119/5119/5119 5150/5150/5150 5151/5151/5151
f 5091/5091/5091 5142/5142/5142 5093/5093/5093
f 5093/5093/5093 5142/5142/5142 5143/5143/5143
f 5142/5142/5142 5091/5091/5091 5144/5144/5144
f 5144/5144/5144 5091/5091/5091 5094/5094/5094
f 5096/5096/5096 5147/5147/5147 5094/5094/5094
f 5094/5094/5094 5147/5147/5147 5144/5144/5144
f 5148/5148/5148 5147/5147/5147 5127/5127/5127
f 5127/5127/5127 5147/5147/5147 5096/5096/5096
f 5118/5118/5118 5119/5119/5119 5086/5086/5086
f 5086/5086/5086 5119/5119/5119 5087/5087/5087
f 5116/5116/5116 5118/5118/5118 5047/5047/5047
f 5047/5047/5047 5118/5118/5118 5086/5086/5086
f 5115/5115/5115 5116/5116/5116 5046/5046/5046
f 5046/5046/5046 5116/5116/5116 5047/5047/5047
f 5145/5145/5145 5152/5152/5152 5138/5138/5138
f 5138/5138/5138 5152/5152/5152 5139/5139/5139
f 5152/5152/5152 5145/5145/5145 5153/5153/5153
f 5153/5153/5153 5145/5145/5145 5146/5146/5146
f 5146/5146/5146 5154/5154/5154 5153/5153/5153
f 5155/5155/5155 5149/5149/5149 5156/5156/5156
f 5156/5156/5156 5149/5149/5149 5148/5148/5148
f 5156/5156/5156 5151/5151/5151 5155/5155/5155
f 5155/5155/5155 5151/5151/5151 5150/5150/5150
f 5156/5156/5156 5148/5148/5148 5124/5124/5124
f 5124/5124/5124 5148/5148/5148 5127/5127/5127
f 5151/5151/5151 5156/5156/5156 5121/5121/5121
f 5121/5121/5121 5156/5156/5156 5124/5124/5124
f 5119/5119/5119 5151/5151/5151 5087/5087/5087
f 5087/5087/5087 5151/5151/5151 5121/5121/5121
f 5157/5157/5157 5158/5158/5158 5154/5154/5154
f 5154/5154/5154 5158/5158/5158 5153/5153/5153
f 5149/5149/5149 5154/5154/5154 5146/5146/5146
f 5154/5154/5154 5149/5149/5149 5157/5157/5157
f 5157/5157/5157 5149/5149/5149 5155/5155/5155
f 5159/5159/5159 5157/5157/5157 5155/5155/5155
f 5160/5160/5160 5159/5159/5159 5150/5150/5150
f 5150/5150/5150 5159/5159/5159 5155/5155/5155
f 5077/5077/5077 5160/5160/5160 5076/5076/5076
f 5076/5076/5076 5160/5160/5160 5150/5150/5150
f 5019/5019/5019 5017/5017/5017 5007/5007/5007
f 5007/5007/5007 5006/5006/5006 5008/5008/5008
f 5020/5020/5020 5025/5025/5025 4990/4990/4990
f 4990/4990/4990 5025/5025/5025 5161/5161/5161
f 4989/4989/4989 5020/5020/5020 4990/4990/4990
f 4987/4987/4987 4990/4990/4990 4988/4988/4988
f 5006/5006/5006 5005/5005/5005 5008/5008/5008
f 5008/5008/5008 5005/5005/5005 5162/5162/5162
f 5163/5163/5163 5164/5164/5164 5165/5165/5165
f 5165/5165/5165 5164/5164/5164 5166/5166/5166
f 4879/4879/4879 5167/5167/5167 4888/4888/4888
f 4811/4811/4811 4812/4812/4812 5168/5168/5168
f 5168/5168/5168 4812/4812/4812 4824/4824/4824
f 5168/5168/5168 4824/4824/4824 4823/4823/4823
f 5168/5168/5168 4823/4823/4823 4831/4831/4831
f 5168/5168/5168 4831/4831/4831 4819/4819/4819
f 5168/5168/5168 4819/4819/4819 4821/4821/4821
f 5167/5167/5167 4876/4876/4876 4875/4875/4875
f 5167/5167/5167 4875/4875/4875 4888/4888/4888
f 4881/4881/4881 5167/5167/5167 4879/4879/4879
f 4865/4865/4865 5167/5167/5167 4881/4881/4881
f 4863/4863/4863 5167/5167/5167 4865/4865/4865
f 4849/4849/4849 5167/5167/5167 4863/4863/4863
f 4851/4851/4851 5167/5167/5167 4849/4849/4849
f 4799/4799/4799 5168/5168/5168 4798/4798/4798
f 4811/4811/4811 5168/5168/5168 4799/4799/4799
f 5169/5169/5169 4921/4921/4921 5163/5163/5163
f 5163/5163/5163 4921/4921/4921 5164/5164/5164
f 4814/4814/4814 4836/4836/4836 5170/5170/5170
f 5170/5170/5170 4836/4836/4836 5171/5171/5171
f 5172/5172/5172 5173/5173/5173 5174/5174/5174
f 5174/5174/5174 5173/5173/5173 5175/5175/5175
f 5176/5176/5176 5166/5166/5166 4946/4946/4946
f 4946/4946/4946 5166/5166/5166 5164/5164/5164
f 5172/5172/5172 5176/5176/5176 4945/4945/4945
f 4945/4945/4945 5176/5176/5176 4946/4946/4946
f 4806/4806/4806 4814/4814/4814 4818/4818/4818
f 4818/4818/4818 4814/4814/4814 5170/5170/5170
f 5173/5173/5173 4978/4978/4978 5175/5175/5175
f 5175/5175/5175 4978/4978/4978 4977/4977/4977
f 4921/4921/4921 4920/4920/4920 5164/5164/5164
f 5164/5164/5164 4920/4920/4920 4946/4946/4946
f 4975/4975/4975 4923/4923/4923 5169/5169/5169
f 5169/5169/5169 4923/4923/4923 4921/4921/4921
f 5064/5064/5064 5042/5042/5042 5062/5062/5062
f 5062/5062/5062 5042/5042/5042 5044/5044/5044
f 5062/5062/5062 5044/5044/5044 5105/5105/5105
f 5105/5105/5105 5044/5044/5044 5103/5103/5103
f 5135/5135/5135 5132/5132/5132 5137/5137/5137
f 5137/5137/5137 5132/5132/5132 5133/5133/5133
f 5000/5000/5000 5177/5177/5177 5002/5002/5002
f 5002/5002/5002 5177/5177/5177 5178/5178/5178
f 5002/5002/5002 5178/5178/5178 5004/5004/5004
f 5004/5004/5004 5178/5178/5178 5179/5179/5179
f 5180/5180/5180 5005/5005/5005 5179/5179/5179
f 5179/5179/5179 5005/5005/5005 5004/5004/5004
f 5005/5005/5005 5180/5180/5180 5162/5162/5162
f 5162/5162/5162 5180/5180/5180 5181/5181/5181
f 5139/5139/5139 5131/5131/5131 5141/5141/5141
f 5141/5141/5141 5131/5131/5131 5129/5129/5129
f 5133/5133/5133 5131/5131/5131 5152/5152/5152
f 5152/5152/5152 5131/5131/5131 5139/5139/5139
f 5137/5137/5137 5133/5133/5133 5153/5153/5153
f 5153/5153/5153 5133/5133/5133 5152/5152/5152
f 5136/5136/5136 5137/5137/5137 5158/5158/5158
f 5158/5158/5158 5137/5137/5137 5153/5153/5153
f 5023/5023/5023 5009/5009/5009 5182/5182/5182
f 5183/5183/5183 5184/5184/5184 4844/4844/4844
f 4844/4844/4844 5184/5184/5184 4843/4843/4843
f 4844/4844/4844 4834/4834/4834 5183/5183/5183
f 5183/5183/5183 4834/4834/4834 5185/5185/5185
f 4833/4833/4833 5185/5185/5185 4834/4834/4834
f 4836/4836/4836 5184/5184/5184 5171/5171/5171
f 4836/4836/4836 4843/4843/4843 5184/5184/5184
f 5186/5186/5186 4890/4890/4890 4889/4889/4889
f 5187/5187/5187 4893/4893/4893 5186/5186/5186
f 5186/5186/5186 4893/4893/4893 4890/4890/4890
f 5187/5187/5187 4892/4892/4892 4893/4893/4893
f 5023/5023/5023 5182/5182/5182 5021/5021/5021
f 5021/5021/5021 5182/5182/5182 5024/5024/5024
f 5159/5159/5159 5188/5188/5188 5157/5157/5157
f 5186/5186/5186 5189/5189/5189 5187/5187/5187
f 5189/5189/5189 5186/5186/5186 5190/5190/5190
f 5190/5190/5190 5186/5186/5186 4889/4889/4889
f 5190/5190/5190 4889/4889/4889 4873/4873/4873
f 5191/5191/5191 5069/5069/5069 5192/5192/5192
f 5192/5192/5192 5069/5069/5069 5065/5065/5065
f 5193/5193/5193 5191/5191/5191 5194/5194/5194
f 5194/5194/5194 5191/5191/5191 5192/5192/5192
f 5195/5195/5195 5196/5196/5196 5197/5197/5197
f 5197/5197/5197 5196/5196/5196 5191/5191/5191
f 5104/5104/5104 5198/5198/5198 5063/5063/5063
f 5063/5063/5063 5198/5198/5198 5199/5199/5199
f 5200/5200/5200 5201/5201/5201 5198/5198/5198
f 5198/5198/5198 5201/5201/5201 5199/5199/5199
f 5108/5108/5108 5069/5069/5069 5196/5196/5196
f 5196/5196/5196 5069/5069/5069 5191/5191/5191
f 5202/5202/5202 5203/5203/5203 5204/5204/5204
f 5077/5077/5077 5202/5202/5202 5160/5160/5160
f 5202/5202/5202 5204/5204/5204 5160/5160/5160
f 5160/5160/5160 5204/5204/5204 5159/5159/5159
f 5204/5204/5204 5188/5188/5188 5159/5159/5159
f 5188/5188/5188 5158/5158/5158 5157/5157/5157
f 5205/5205/5205 5134/5134/5134 5206/5206/5206
f 5206/5206/5206 5134/5134/5134 5136/5136/5136
f 5203/5203/5203 5207/5207/5207 5206/5206/5206
f 5206/5206/5206 5207/5207/5207 5205/5205/5205
f 5192/5192/5192 5199/5199/5199 5194/5194/5194
f 5194/5194/5194 5199/5199/5199 5201/5201/5201
f 5063/5063/5063 5199/5199/5199 5065/5065/5065
f 5065/5065/5065 5199/5199/5199 5192/5192/5192
f 5206/5206/5206 5136/5136/5136 5188/5188/5188
f 5188/5188/5188 5136/5136/5136 5158/5158/5158
f 5203/5203/5203 5206/5206/5206 5204/5204/5204
f 5204/5204/5204 5206/5206/5206 5188/5188/5188
f 5208/5208/5208 5209/5209/5209 5210/5210/5210
f 5211/5211/5211 5212/5212/5212 4848/4848/4848
f 4848/4848/4848 5212/5212/5212 5213/5213/5213
f 5214/5214/5214 5215/5215/5215 5216/5216/5216
f 4847/4847/4847 5217/5217/5217 4846/4846/4846
f 4846/4846/4846 5217/5217/5217 5218/5218/5218
f 5219/5219/5219 5220/5220/5220 5214/5214/5214
f 5216/5216/5216 5215/5215/5215 5218/5218/5218
f 5218/5218/5218 5215/5215/5215 4846/4846/4846
f 5221/5221/5221 5215/5215/5215 5214/5214/5214
f 5221/5221/5221 5214/5214/5214 5220/5220/5220
f 5217/5217/5217 4847/4847/4847 5213/5213/5213
f 5213/5213/5213 4847/4847/4847 4848/4848/4848
f 5211/5211/5211 4848/4848/4848 4800/4800/4800
f 5222/5222/5222 4904/4904/4904 5223/5223/5223
f 5223/5223/5223 4904/4904/4904 5224/5224/5224
f 5187/5187/5187 5189/5189/5189 5225/5225/5225
f 5226/5226/5226 5227/5227/5227 5228/5228/5228
f 5229/5229/5229 5230/5230/5230 5225/5225/5225
f 5225/5225/5225 5230/5230/5230 5187/5187/5187
f 5231/5231/5231 5232/5232/5232 4902/4902/4902
f 4902/4902/4902 5232/5232/5232 4903/4903/4903
f 5230/5230/5230 4892/4892/4892 5187/5187/5187
f 5233/5233/5233 5226/5226/5226 5234/5234/5234
f 4902/4902/4902 5228/5228/5228 5231/5231/5231
f 5231/5231/5231 5228/5228/5228 5227/5227/5227
f 5235/5235/5235 5226/5226/5226 5228/5228/5228
f 5235/5235/5235 5234/5234/5234 5226/5226/5226
f 5228/5228/5228 4902/4902/4902 5230/5230/5230
f 5230/5230/5230 4902/4902/4902 4892/4892/4892
f 5235/5235/5235 5228/5228/5228 5229/5229/5229
f 5229/5229/5229 5228/5228/5228 5230/5230/5230
f 4904/4904/4904 4903/4903/4903 5224/5224/5224
f 5224/5224/5224 4903/4903/4903 5232/5232/5232
f 5222/5222/5222 4854/4854/4854 4904/4904/4904
f 5236/5236/5236 5237/5237/5237 5238/5238/5238
f 5238/5238/5238 5237/5237/5237 5239/5239/5239
f 5240/5240/5240 5241/5241/5241 5242/5242/5242
f 5242/5242/5242 5241/5241/5241 5243/5243/5243
f 5244/5244/5244 5243/5243/5243 5245/5245/5245
f 5245/5245/5245 5243/5243/5243 5241/5241/5241
f 5246/5246/5246 5247/5247/5247 5248/5248/5248
f 5248/5248/5248 5247/5247/5247 5249/5249/5249
f 5250/5250/5250 5251/5251/5251 5252/5252/5252
f 5253/5253/5253 5254/5254/5254 5255/5255/5255
f 5255/5255/5255 5256/5256/5256 5257/5257/5257
f 5257/5257/5257 5256/5256/5256 5258/5258/5258
f 5259/5259/5259 5260/5260/5260 5256/5256/5256
f 5261/5261/5261 5262/5262/5262 5258/5258/5258
f 5253/5253/5253 5263/5263/5263 5264/5264/5264
f 5264/5264/5264 5263/5263/5263 5265/5265/5265
f 5266/5266/5266 5257/5257/5257 5267/5267/5267
f 5267/5267/5267 5257/5257/5257 5268/5268/5268
f 5269/5269/5269 5268/5268/5268 5258/5258/5258
f 5258/5258/5258 5268/5268/5268 5257/5257/5257
f 5262/5262/5262 5270/5270/5270 5258/5258/5258
f 5258/5258/5258 5270/5270/5270 5271/5271/5271
f 5272/5272/5272 5273/5273/5273 5263/5263/5263
f 5263/5263/5263 5273/5273/5273 5265/5265/5265
f 5274/5274/5274 5275/5275/5275 5276/5276/5276
f 5276/5276/5276 5275/5275/5275 5277/5277/5277
f 5278/5278/5278 5279/5279/5279 5274/5274/5274
f 5274/5274/5274 5279/5279/5279 5275/5275/5275
f 5280/5280/5280 5281/5281/5281 5282/5282/5282
f 5282/5282/5282 5281/5281/5281 5283/5283/5283
f 5284/5284/5284 5285/5285/5285 5286/5286/5286
f 5286/5286/5286 5285/5285/5285 5287/5287/5287
f 5288/5288/5288 5289/5289/5289 5244/5244/5244
f 5244/5244/5244 5289/5289/5289 5243/5243/5243
f 5242/5242/5242 5243/5243/5243 5290/5290/5290
f 5290/5290/5290 5243/5243/5243 5289/5289/5289
f 5291/5291/5291 5236/5236/5236 5292/5292/5292
f 5292/5292/5292 5236/5236/5236 5238/5238/5238
f 5293/5293/5293 5246/5246/5246 5294/5294/5294
f 5294/5294/5294 5246/5246/5246 5248/5248/5248
f 5277/5277/5277 5275/5275/5275 5288/5288/5288
f 5288/5288/5288 5275/5275/5275 5289/5289/5289
f 5290/5290/5290 5289/5289/5289 5279/5279/5279
f 5279/5279/5279 5289/5289/5289 5275/5275/5275
f 5283/5283/5283 5291/5291/5291 5282/5282/5282
f 5282/5282/5282 5291/5291/5291 5292/5292/5292
f 5293/5293/5293 5294/5294/5294 5284/5284/5284
f 5284/5284/5284 5294/5294/5294 5285/5285/5285
f 5253/5253/5253 5255/5255/5255 5266/5266/5266
f 5266/5266/5266 5255/5255/5255 5257/5257/5257
f 5254/5254/5254 5256/5256/5256 5255/5255/5255
f 5295/5295/5295 5296/5296/5296 5297/5297/5297
f 5298/5298/5298 5299/5299/5299 5300/5300/5300
f 5300/5300/5300 5299/5299/5299 5301/5301/5301
f 5302/5302/5302 5303/5303/5303 5304/5304/5304
f 5305/5305/5305 5306/5306/5306 5307/5307/5307
f 5307/5307/5307 5306/5306/5306 5308/5308/5308
f 5298/5298/5298 5309/5309/5309 5310/5310/5310
f 5310/5310/5310 5309/5309/5309 5311/5311/5311
f 5295/5295/5295 5302/5302/5302 5312/5312/5312
f 5313/5313/5313 5314/5314/5314 5315/5315/5315
f 5315/5315/5315 5314/5314/5314 5316/5316/5316
f 5317/5317/5317 5318/5318/5318 5319/5319/5319
f 5319/5319/5319 5318/5318/5318 5304/5304/5304
f 5308/5308/5308 5306/5306/5306 5320/5320/5320
f 5320/5320/5320 5306/5306/5306 5321/5321/5321
f 5318/5318/5318 5322/5322/5322 5304/5304/5304
f 5304/5304/5304 5322/5322/5322 5302/5302/5302
f 5323/5323/5323 5296/5296/5296 5324/5324/5324
f 5324/5324/5324 5296/5296/5296 5312/5312/5312
f 5318/5318/5318 5317/5317/5317 5320/5320/5320
f 5320/5320/5320 5317/5317/5317 5325/5325/5325
f 5304/5304/5304 5303/5303/5303 5319/5319/5319
f 5312/5312/5312 5296/5296/5296 5295/5295/5295
f 5326/5326/5326 5327/5327/5327 5313/5313/5313
f 5313/5313/5313 5327/5327/5327 5314/5314/5314
f 5328/5328/5328 5329/5329/5329 4988/4988/4988
f 4988/4988/4988 5329/5329/5329 4985/4985/4985
f 5296/5296/5296 5330/5330/5330 5297/5297/5297
f 5323/5323/5323 5330/5330/5330 5296/5296/5296
f 5331/5331/5331 5332/5332/5332 5333/5333/5333
f 5333/5333/5333 5332/5332/5332 5334/5334/5334
f 5325/5325/5325 5335/5335/5335 5320/5320/5320
f 5320/5320/5320 5335/5335/5335 5308/5308/5308
f 5336/5336/5336 5337/5337/5337 5299/5299/5299
f 5299/5299/5299 5337/5337/5337 5301/5301/5301
f 5321/5321/5321 5322/5322/5322 5320/5320/5320
f 5320/5320/5320 5322/5322/5322 5318/5318/5318
f 5338/5338/5338 5310/5310/5310 5339/5339/5339
f 5339/5339/5339 5310/5310/5310 5311/5311/5311
f 5335/5335/5335 5340/5340/5340 5308/5308/5308
f 5308/5308/5308 5340/5340/5340 5307/5307/5307
f 5341/5341/5341 4983/4983/4983 5329/5329/5329
f 5329/5329/5329 4983/4983/4983 4985/4985/4985
f 5342/5342/5342 5341/5341/5341 5343/5343/5343
f 5343/5343/5343 5341/5341/5341 5329/5329/5329
f 5344/5344/5344 5328/5328/5328 5345/5345/5345
f 5306/5306/5306 5346/5346/5346 5347/5347/5347
f 5347/5347/5347 5346/5346/5346 5348/5348/5348
f 5324/5324/5324 5312/5312/5312 5322/5322/5322
f 5322/5322/5322 5312/5312/5312 5302/5302/5302
f 5306/5306/5306 5347/5347/5347 5321/5321/5321
f 5321/5321/5321 5347/5347/5347 5332/5332/5332
f 5333/5333/5333 5334/5334/5334 5349/5349/5349
f 5349/5349/5349 5334/5334/5334 5348/5348/5348
f 5339/5339/5339 5311/5311/5311 5350/5350/5350
f 5350/5350/5350 5311/5311/5311 5351/5351/5351
f 5309/5309/5309 5352/5352/5352 5311/5311/5311
f 5311/5311/5311 5352/5352/5352 5351/5351/5351
f 5324/5324/5324 5332/5332/5332 5323/5323/5323
f 5323/5323/5323 5332/5332/5332 5331/5331/5331
f 5332/5332/5332 5324/5324/5324 5321/5321/5321
f 5321/5321/5321 5324/5324/5324 5322/5322/5322
f 5301/5301/5301 5337/5337/5337 5353/5353/5353
f 5353/5353/5353 5337/5337/5337 5354/5354/5354
f 5300/5300/5300 5301/5301/5301 5355/5355/5355
f 5355/5355/5355 5301/5301/5301 5353/5353/5353
f 5352/5352/5352 5305/5305/5305 5351/5351/5351
f 5351/5351/5351 5305/5305/5305 5307/5307/5307
f 5353/5353/5353 5348/5348/5348 5355/5355/5355
f 5355/5355/5355 5348/5348/5348 5346/5346/5346
f 5349/5349/5349 5348/5348/5348 5354/5354/5354
f 5354/5354/5354 5348/5348/5348 5353/5353/5353
f 5344/5344/5344 5345/5345/5345 5356/5356/5356
f 5356/5356/5356 5345/5345/5345 5357/5357/5357
f 5343/5343/5343 5329/5329/5329 5344/5344/5344
f 5344/5344/5344 5329/5329/5329 5328/5328/5328
f 5307/5307/5307 5340/5340/5340 5351/5351/5351
f 5351/5351/5351 5340/5340/5340 5350/5350/5350
f 5358/5358/5358 5359/5359/5359 5360/5360/5360
f 5360/5360/5360 5359/5359/5359 5361/5361/5361
f 5362/5362/5362 5363/5363/5363 5364/5364/5364
f 5364/5364/5364 5363/5363/5363 5365/5365/5365
f 5366/5366/5366 5367/5367/5367 5362/5362/5362
f 5362/5362/5362 5367/5367/5367 5363/5363/5363
f 5368/5368/5368 5369/5369/5369 5370/5370/5370
f 5370/5370/5370 5369/5369/5369 5371/5371/5371
f 5372/5372/5372 5373/5373/5373 5374/5374/5374
f 5375/5375/5375 5376/5376/5376 5377/5377/5377
f 5376/5376/5376 5209/5209/5209 5378/5378/5378
f 5378/5378/5378 5209/5209/5209 5379/5379/5379
f 5379/5379/5379 5380/5380/5380 5381/5381/5381
f 5378/5378/5378 5382/5382/5382 5383/5383/5383
f 5384/5384/5384 5385/5385/5385 5386/5386/5386
f 5386/5386/5386 5385/5385/5385 5375/5375/5375
f 5387/5387/5387 5388/5388/5388 5209/5209/5209
f 5209/5209/5209 5388/5388/5388 5210/5210/5210
f 5379/5379/5379 5209/5209/5209 5208/5208/5208
f 5389/5389/5389 5390/5390/5390 5379/5379/5379
f 5379/5379/5379 5390/5390/5390 5380/5380/5380
f 5384/5384/5384 5391/5391/5391 5385/5385/5385
f 5385/5385/5385 5391/5391/5391 5392/5392/5392
f 5388/5388/5388 5393/5393/5393 5210/5210/5210
f 5210/5210/5210 5393/5393/5393 5394/5394/5394
f 5210/5210/5210 5394/5394/5394 5208/5208/5208
f 5208/5208/5208 5394/5394/5394 5395/5395/5395
f 5396/5396/5396 5397/5397/5397 5389/5389/5389
f 5389/5389/5389 5397/5397/5397 5390/5390/5390
f 5391/5391/5391 5398/5398/5398 5392/5392/5392
f 5392/5392/5392 5398/5398/5398 5399/5399/5399
f 5400/5400/5400 5366/5366/5366 5401/5401/5401
f 5401/5401/5401 5366/5366/5366 5362/5362/5362
f 5401/5401/5401 5362/5362/5362 5402/5402/5402
f 5402/5402/5402 5362/5362/5362 5364/5364/5364
f 5360/5360/5360 5361/5361/5361 5403/5403/5403
f 5403/5403/5403 5361/5361/5361 5404/5404/5404
f 5405/5405/5405 5406/5406/5406 5368/5368/5368
f 5368/5368/5368 5406/5406/5406 5369/5369/5369
f 5393/5393/5393 5400/5400/5400 5394/5394/5394
f 5394/5394/5394 5400/5400/5400 5401/5401/5401
f 5394/5394/5394 5401/5401/5401 5395/5395/5395
f 5395/5395/5395 5401/5401/5401 5402/5402/5402
f 5403/5403/5403 5404/5404/5404 5396/5396/5396
f 5396/5396/5396 5404/5404/5404 5397/5397/5397
f 5399/5399/5399 5398/5398/5398 5405/5405/5405
f 5405/5405/5405 5398/5398/5398 5406/5406/5406
f 5375/5375/5375 5387/5387/5387 5376/5376/5376
f 5376/5376/5376 5387/5387/5387 5209/5209/5209
f 5377/5377/5377 5376/5376/5376 5378/5378/5378
f 5407/5407/5407 5408/5408/5408 5409/5409/5409
f 5410/5410/5410 5411/5411/5411 5412/5412/5412
f 5412/5412/5412 5411/5411/5411 5413/5413/5413
f 5414/5414/5414 5193/5193/5193 5415/5415/5415
f 5415/5415/5415 5193/5193/5193 5194/5194/5194
f 5412/5412/5412 5416/5416/5416 5410/5410/5410
f 5410/5410/5410 5416/5416/5416 5417/5417/5417
f 5418/5418/5418 5299/5299/5299 5419/5419/5419
f 5419/5419/5419 5299/5299/5299 5298/5298/5298
f 5420/5420/5420 5421/5421/5421 5422/5422/5422
f 5423/5423/5423 5424/5424/5424 5425/5425/5425
f 5425/5425/5425 5424/5424/5424 5426/5426/5426
f 5427/5427/5427 5428/5428/5428 5310/5310/5310
f 5310/5310/5310 5428/5428/5428 5298/5298/5298
f 5407/5407/5407 5429/5429/5429 5420/5420/5420
f 5430/5430/5430 5415/5415/5415 5201/5201/5201
f 5201/5201/5201 5415/5415/5415 5194/5194/5194
f 5431/5431/5431 5195/5195/5195 5414/5414/5414
f 5414/5414/5414 5195/5195/5195 5197/5197/5197
f 5432/5432/5432 5433/5433/5433 5434/5434/5434
f 5434/5434/5434 5433/5433/5433 5417/5417/5417
f 5435/5435/5435 5416/5416/5416 5436/5436/5436
f 5436/5436/5436 5416/5416/5416 5437/5437/5437
f 5421/5421/5421 5438/5438/5438 5439/5439/5439
f 5439/5439/5439 5438/5438/5438 5440/5440/5440
f 5441/5441/5441 5442/5442/5442 5410/5410/5410
f 5410/5410/5410 5442/5442/5442 5411/5411/5411
f 5433/5433/5433 5441/5441/5441 5417/5417/5417
f 5417/5417/5417 5441/5441/5441 5410/5410/5410
f 5443/5443/5443 5430/5430/5430 5200/5200/5200
f 5200/5200/5200 5430/5430/5430 5201/5201/5201
f 5433/5433/5433 5414/5414/5414 5441/5441/5441
f 5441/5441/5441 5414/5414/5414 5415/5415/5415
f 5442/5442/5442 5441/5441/5441 5430/5430/5430
f 5430/5430/5430 5441/5441/5441 5415/5415/5415
f 5424/5424/5424 5444/5444/5444 5426/5426/5426
f 5426/5426/5426 5444/5444/5444 5445/5445/5445
f 5438/5438/5438 5421/5421/5421 5446/5446/5446
f 5446/5446/5446 5421/5421/5421 5420/5420/5420
f 5411/5411/5411 5447/5447/5447 5413/5413/5413
f 5429/5429/5429 5409/5409/5409 5448/5448/5448
f 5448/5448/5448 5409/5409/5409 5449/5449/5449
f 5075/5075/5075 5074/5074/5074 5450/5450/5450
f 5450/5450/5450 5074/5074/5074 5117/5117/5117
f 5432/5432/5432 5431/5431/5431 5433/5433/5433
f 5433/5433/5433 5431/5431/5431 5414/5414/5414
f 5451/5451/5451 5440/5440/5440 5444/5444/5444
f 5444/5444/5444 5440/5440/5440 5438/5438/5438
f 5452/5452/5452 5453/5453/5453 5454/5454/5454
f 5421/5421/5421 5439/5439/5439 5422/5422/5422
f 5429/5429/5429 5407/5407/5407 5409/5409/5409
f 5437/5437/5437 5416/5416/5416 5455/5455/5455
f 5455/5455/5455 5416/5416/5416 5412/5412/5412
f 5442/5442/5442 5430/5430/5430 5456/5456/5456
f 5456/5456/5456 5430/5430/5430 5443/5443/5443
f 5411/5411/5411 5442/5442/5442 5447/5447/5447
f 5447/5447/5447 5442/5442/5442 5456/5456/5456
f 5114/5114/5114 5457/5457/5457 5117/5117/5117
f 5117/5117/5117 5457/5457/5457 5450/5450/5450
f 5409/5409/5409 5408/5408/5408 5458/5458/5458
f 5449/5449/5449 5409/5409/5409 5458/5458/5458
f 5447/5447/5447 5459/5459/5459 5460/5460/5460
f 5461/5461/5461 5462/5462/5462 5463/5463/5463
f 5463/5463/5463 5462/5462/5462 5464/5464/5464
f 5434/5434/5434 5417/5417/5417 5435/5435/5435
f 5435/5435/5435 5417/5417/5417 5416/5416/5416
f 5451/5451/5451 5444/5444/5444 5465/5465/5465
f 5465/5465/5465 5444/5444/5444 5424/5424/5424
f 5466/5466/5466 5467/5467/5467 5468/5468/5468
f 5468/5468/5468 5467/5467/5467 5202/5202/5202
f 5418/5418/5418 5469/5469/5469 5299/5299/5299
f 5299/5299/5299 5469/5469/5469 5336/5336/5336
f 5452/5452/5452 5466/5466/5466 5470/5470/5470
f 5470/5470/5470 5466/5466/5466 5468/5468/5468
f 5471/5471/5471 5472/5472/5472 5470/5470/5470
f 5470/5470/5470 5472/5472/5472 5452/5452/5452
f 5438/5438/5438 5446/5446/5446 5444/5444/5444
f 5444/5444/5444 5446/5446/5446 5445/5445/5445
f 5427/5427/5427 5310/5310/5310 5473/5473/5473
f 5473/5473/5473 5310/5310/5310 5338/5338/5338
f 5424/5424/5424 5423/5423/5423 5465/5465/5465
f 5465/5465/5465 5423/5423/5423 5474/5474/5474
f 5475/5475/5475 5457/5457/5457 5113/5113/5113
f 5113/5113/5113 5457/5457/5457 5114/5114/5114
f 5476/5476/5476 5477/5477/5477 5467/5467/5467
f 5454/5454/5454 5476/5476/5476 5452/5452/5452
f 5452/5452/5452 5476/5476/5476 5466/5466/5466
f 5467/5467/5467 5477/5477/5477 5203/5203/5203
f 5203/5203/5203 5477/5477/5477 5207/5207/5207
f 5467/5467/5467 5203/5203/5203 5202/5202/5202
f 5457/5457/5457 5475/5475/5475 5478/5478/5478
f 5478/5478/5478 5475/5475/5475 5479/5479/5479
f 5480/5480/5480 5471/5471/5471 5450/5450/5450
f 5481/5481/5481 5425/5425/5425 5461/5461/5461
f 5461/5461/5461 5425/5425/5425 5426/5426/5426
f 5448/5448/5448 5446/5446/5446 5429/5429/5429
f 5429/5429/5429 5446/5446/5446 5420/5420/5420
f 5445/5445/5445 5462/5462/5462 5426/5426/5426
f 5426/5426/5426 5462/5462/5462 5461/5461/5461
f 5482/5482/5482 5461/5461/5461 5483/5483/5483
f 5483/5483/5483 5461/5461/5461 5463/5463/5463
f 5484/5484/5484 5427/5427/5427 5485/5485/5485
f 5485/5485/5485 5427/5427/5427 5473/5473/5473
f 5428/5428/5428 5427/5427/5427 5486/5486/5486
f 5486/5486/5486 5427/5427/5427 5484/5484/5484
f 5449/5449/5449 5464/5464/5464 5448/5448/5448
f 5448/5448/5448 5464/5464/5464 5462/5462/5462
f 5446/5446/5446 5448/5448/5448 5445/5445/5445
f 5445/5445/5445 5448/5448/5448 5462/5462/5462
f 5487/5487/5487 5488/5488/5488 5418/5418/5418
f 5418/5418/5418 5488/5488/5488 5469/5469/5469
f 5419/5419/5419 5486/5486/5486 5418/5418/5418
f 5418/5418/5418 5486/5486/5486 5487/5487/5487
f 5486/5486/5486 5484/5484/5484 5425/5425/5425
f 5425/5425/5425 5484/5484/5484 5423/5423/5423
f 5487/5487/5487 5486/5486/5486 5481/5481/5481
f 5481/5481/5481 5486/5486/5486 5425/5425/5425
f 5488/5488/5488 5487/5487/5487 5483/5483/5483
f 5483/5483/5483 5487/5487/5487 5482/5482/5482
f 5450/5450/5450 5471/5471/5471 5075/5075/5075
f 5075/5075/5075 5471/5471/5471 5470/5470/5470
f 5470/5470/5470 5468/5468/5468 5075/5075/5075
f 5075/5075/5075 5468/5468/5468 5077/5077/5077
f 5468/5468/5468 5202/5202/5202 5077/5077/5077
f 5480/5480/5480 5489/5489/5489 5471/5471/5471
f 5489/5489/5489 5472/5472/5472 5471/5471/5471
f 5450/5450/5450 5457/5457/5457 5480/5480/5480
f 5480/5480/5480 5457/5457/5457 5478/5478/5478
f 5423/5423/5423 5484/5484/5484 5474/5474/5474
f 5474/5474/5474 5484/5484/5484 5485/5485/5485
f 5453/5453/5453 5490/5490/5490 5454/5454/5454
f 5452/5452/5452 5472/5472/5472 5453/5453/5453
f 5025/5025/5025 5491/5491/5491 5161/5161/5161
f 5161/5161/5161 5491/5491/5491 5492/5492/5492
f 5492/5492/5492 5493/5493/5493 5345/5345/5345
f 5345/5345/5345 5493/5493/5493 5357/5357/5357
f 5328/5328/5328 5161/5161/5161 5345/5345/5345
f 5345/5345/5345 5161/5161/5161 5492/5492/5492
f 4988/4988/4988 4990/4990/4990 5328/5328/5328
f 5328/5328/5328 4990/4990/4990 5161/5161/5161
f 5357/5357/5357 5493/5493/5493 5494/5494/5494
f 5268/5268/5268 5274/5274/5274 5267/5267/5267
f 5267/5267/5267 5274/5274/5274 5276/5276/5276
f 5273/5273/5273 5272/5272/5272 5287/5287/5287
f 5287/5287/5287 5272/5272/5272 5286/5286/5286
f 5271/5271/5271 5270/5270/5270 5280/5280/5280
f 5280/5280/5280 5270/5270/5270 5281/5281/5281
f 5268/5268/5268 5269/5269/5269 5274/5274/5274
f 5274/5274/5274 5269/5269/5269 5278/5278/5278
f 5297/5297/5297 5330/5330/5330 5495/5495/5495
f 5413/5413/5413 5496/5496/5496 5412/5412/5412
f 5497/5497/5497 5498/5498/5498 5499/5499/5499
f 5476/5476/5476 5467/5467/5467 5466/5466/5466
f 5500/5500/5500 5501/5501/5501 5373/5373/5373
f 5373/5373/5373 5501/5501/5501 5374/5374/5374
f 5500/5500/5500 5373/5373/5373 5372/5372/5372
f 5502/5502/5502 5503/5503/5503 5504/5504/5504
f 5251/5251/5251 5505/5505/5505 5252/5252/5252
f 5502/5502/5502 5504/5504/5504 5506/5506/5506
f 5326/5326/5326 5507/5507/5507 5508/5508/5508
f 5009/5009/5009 5008/5008/5008 5509/5509/5509
f 5183/5183/5183 5185/5185/5185 5510/5510/5510
f 5510/5510/5510 5185/5185/5185 5511/5511/5511
f 5184/5184/5184 5183/5183/5183 5512/5512/5512
f 5512/5512/5512 5183/5183/5183 5510/5510/5510
f 5513/5513/5513 5511/5511/5511 5514/5514/5514
f 5514/5514/5514 5511/5511/5511 5185/5185/5185
f 5514/5514/5514 5185/5185/5185 4833/4833/4833
f 5171/5171/5171 5184/5184/5184 5512/5512/5512
f 5215/5215/5215 5514/5514/5514 4846/4846/4846
f 4846/4846/4846 5514/5514/5514 4833/4833/4833
f 5514/5514/5514 5215/5215/5215 5513/5513/5513
f 5513/5513/5513 5215/5215/5215 5221/5221/5221
f 5507/5507/5507 5515/5515/5515 5508/5508/5508
f 5508/5508/5508 5515/5515/5515 5516/5516/5516
f 5176/5176/5176 5172/5172/5172 5517/5517/5517
f 5517/5517/5517 5172/5172/5172 5518/5518/5518
f 5517/5517/5517 5518/5518/5518 5519/5519/5519
f 5519/5519/5519 5518/5518/5518 5520/5520/5520
f 5521/5521/5521 5522/5522/5522 5520/5520/5520
f 5520/5520/5520 5522/5522/5522 5519/5519/5519
f 5327/5327/5327 5523/5523/5523 5314/5314/5314
f 5314/5314/5314 5523/5523/5523 5524/5524/5524
f 5166/5166/5166 5176/5176/5176 5525/5525/5525
f 5525/5525/5525 5176/5176/5176 5517/5517/5517
f 5526/5526/5526 5525/5525/5525 5519/5519/5519
f 5519/5519/5519 5525/5525/5525 5517/5517/5517
f 5527/5527/5527 5526/5526/5526 5522/5522/5522
f 5522/5522/5522 5526/5526/5526 5519/5519/5519
f 5521/5521/5521 5520/5520/5520 5528/5528/5528
f 5528/5528/5528 5520/5520/5520 5529/5529/5529
f 5524/5524/5524 5530/5530/5530 5531/5531/5531
f 5531/5531/5531 5530/5530/5530 5532/5532/5532
f 5515/5515/5515 5533/5533/5533 5516/5516/5516
f 5516/5516/5516 5533/5533/5533 5534/5534/5534
f 5523/5523/5523 5534/5534/5534 5524/5524/5524
f 5524/5524/5524 5534/5534/5534 5530/5530/5530
f 5535/5535/5535 5526/5526/5526 5536/5536/5536
f 5536/5536/5536 5526/5526/5526 5527/5527/5527
f 5534/5534/5534 5522/5522/5522 5530/5530/5530
f 5530/5530/5530 5522/5522/5522 5521/5521/5521
f 5522/5522/5522 5534/5534/5534 5527/5527/5527
f 5527/5527/5527 5534/5534/5534 5533/5533/5533
f 5515/5515/5515 5507/5507/5507 5537/5537/5537
f 5530/5530/5530 5521/5521/5521 5532/5532/5532
f 5532/5532/5532 5521/5521/5521 5528/5528/5528
f 5520/5520/5520 5518/5518/5518 5529/5529/5529
f 5529/5529/5529 5518/5518/5518 5538/5538/5538
f 5165/5165/5165 5166/5166/5166 5539/5539/5539
f 5539/5539/5539 5166/5166/5166 5525/5525/5525
f 5539/5539/5539 5525/5525/5525 5535/5535/5535
f 5535/5535/5535 5525/5525/5525 5526/5526/5526
f 5536/5536/5536 5527/5527/5527 5540/5540/5540
f 5540/5540/5540 5527/5527/5527 5533/5533/5533
f 5515/5515/5515 5537/5537/5537 5533/5533/5533
f 5533/5533/5533 5537/5537/5537 5540/5540/5540
f 5537/5537/5537 5507/5507/5507 5541/5541/5541
f 5174/5174/5174 5538/5538/5538 5172/5172/5172
f 5172/5172/5172 5538/5538/5538 5518/5518/5518
f 5531/5531/5531 5316/5316/5316 5524/5524/5524
f 5524/5524/5524 5316/5316/5316 5314/5314/5314
f 5024/5024/5024 5542/5542/5542 5025/5025/5025
f 5025/5025/5025 5542/5542/5542 5491/5491/5491
f 5182/5182/5182 5543/5543/5543 5024/5024/5024
f 5024/5024/5024 5543/5543/5543 5542/5542/5542
f 5494/5494/5494 5544/5544/5544 5545/5545/5545
f 5546/5546/5546 5547/5547/5547 5548/5548/5548
f 5546/5546/5546 5548/5548/5548 5493/5493/5493
f 5493/5493/5493 5548/5548/5548 5544/5544/5544
f 5491/5491/5491 5546/5546/5546 5492/5492/5492
f 5492/5492/5492 5546/5546/5546 5493/5493/5493
f 5549/5549/5549 5509/5509/5509 5162/5162/5162
f 5162/5162/5162 5509/5509/5509 5008/5008/5008
f 5547/5547/5547 5542/5542/5542 5550/5550/5550
f 5550/5550/5550 5542/5542/5542 5543/5543/5543
f 5542/5542/5542 5547/5547/5547 5491/5491/5491
f 5491/5491/5491 5547/5547/5547 5546/5546/5546
f 5550/5550/5550 5551/5551/5551 5547/5547/5547
f 5547/5547/5547 5551/5551/5551 5552/5552/5552
f 5509/5509/5509 5549/5549/5549 5543/5543/5543
f 5543/5543/5543 5549/5549/5549 5550/5550/5550
f 5009/5009/5009 5509/5509/5509 5182/5182/5182
f 5182/5182/5182 5509/5509/5509 5543/5543/5543
f 5494/5494/5494 5493/5493/5493 5544/5544/5544
f 5549/5549/5549 5162/5162/5162 5553/5553/5553
f 5553/5553/5553 5162/5162/5162 5181/5181/5181
f 5549/5549/5549 5553/5553/5553 5550/5550/5550
f 5550/5550/5550 5553/5553/5553 5551/5551/5551
f 5548/5548/5548 5547/5547/5547 5552/5552/5552
f 5554/5554/5554 5555/5555/5555 5556/5556/5556
f 5556/5556/5556 5555/5555/5555 5557/5557/5557
f 5558/5558/5558 5559/5559/5559 5560/5560/5560
f 5560/5560/5560 5559/5559/5559 5561/5561/5561
f 5562/5562/5562 5563/5563/5563 5564/5564/5564
f 5565/5565/5565 5566/5566/5566 5567/5567/5567
f 5568/5568/5568 5569/5569/5569 5563/5563/5563
f 5570/5570/5570 5554/5554/5554 5571/5571/5571
f 5571/5571/5571 5554/5554/5554 5556/5556/5556
f 5559/5559/5559 5572/5572/5572 5561/5561/5561
f 5561/5561/5561 5572/5572/5572 5573/5573/5573
f 5574/5574/5574 5575/5575/5575 5576/5576/5576
f 5577/5577/5577 5574/5574/5574 5578/5578/5578
f 5578/5578/5578 5574/5574/5574 5579/5579/5579
f 5568/5568/5568 5562/5562/5562 5575/5575/5575
f 5580/5580/5580 5568/5568/5568 5574/5574/5574
f 5581/5581/5581 5565/5565/5565 5576/5576/5576
f 5576/5576/5576 5565/5565/5565 5579/5579/5579
f 5582/5582/5582 5578/5578/5578 5565/5565/5565
f 5565/5565/5565 5578/5578/5578 5579/5579/5579
f 5564/5564/5564 5563/5563/5563 5557/5557/5557
f 5557/5557/5557 5563/5563/5563 5556/5556/5556
f 5563/5563/5563 5569/5569/5569 5556/5556/5556
f 5556/5556/5556 5569/5569/5569 5571/5571/5571
f 5554/5554/5554 5570/5570/5570 5559/5559/5559
f 5559/5559/5559 5570/5570/5570 5572/5572/5572
f 5555/5555/5555 5554/5554/5554 5558/5558/5558
f 5558/5558/5558 5554/5554/5554 5559/5559/5559
f 5565/5565/5565 5581/5581/5581 5566/5566/5566
f 5565/5565/5565 5567/5567/5567 5582/5582/5582
f 5574/5574/5574 5576/5576/5576 5579/5579/5579
f 5580/5580/5580 5574/5574/5574 5577/5577/5577
f 5568/5568/5568 5580/5580/5580 5569/5569/5569
f 5562/5562/5562 5568/5568/5568 5563/5563/5563
f 5574/5574/5574 5568/5568/5568 5575/5575/5575
f 5583/5583/5583 5584/5584/5584 5585/5585/5585
f 5585/5585/5585 5584/5584/5584 5586/5586/5586
f 5587/5587/5587 5588/5588/5588 5589/5589/5589
f 5589/5589/5589 5588/5588/5588 5590/5590/5590
f 5591/5591/5591 5592/5592/5592 5589/5589/5589
f 5589/5589/5589 5592/5592/5592 5587/5587/5587
f 5589/5589/5589 5593/5593/5593 5591/5591/5591
f 5591/5591/5591 5593/5593/5593 5594/5594/5594
f 5595/5595/5595 5589/5589/5589 5590/5590/5590
f 5584/5584/5584 5583/5583/5583 5596/5596/5596
f 5596/5596/5596 5583/5583/5583 5597/5597/5597
f 5591/5591/5591 5594/5594/5594 5598/5598/5598
f 5596/5596/5596 5595/5595/5595 5584/5584/5584
f 5584/5584/5584 5595/5595/5595 5590/5590/5590
f 5584/5584/5584 5590/5590/5590 5586/5586/5586
f 5586/5586/5586 5590/5590/5590 5588/5588/5588
f 5599/5599/5599 5597/5597/5597 5600/5600/5600
f 5600/5600/5600 5597/5597/5597 5583/5583/5583
f 5585/5585/5585 5601/5601/5601 5583/5583/5583
f 5583/5583/5583 5601/5601/5601 5600/5600/5600
f 5602/5602/5602 5603/5603/5603 5600/5600/5600
f 5600/5600/5600 5603/5603/5603 5599/5599/5599
f 5602/5602/5602 5600/5600/5600 5604/5604/5604
f 5604/5604/5604 5600/5600/5600 5601/5601/5601
f 5605/5605/5605 5606/5606/5606 5602/5602/5602
f 5602/5602/5602 5606/5606/5606 5603/5603/5603
f 5605/5605/5605 5602/5602/5602 5607/5607/5607
f 5607/5607/5607 5602/5602/5602 5604/5604/5604
f 5606/5606/5606 5605/5605/5605 5608/5608/5608
f 5608/5608/5608 5605/5605/5605 5609/5609/5609
f 5607/5607/5607 5610/5610/5610 5605/5605/5605
f 5605/5605/5605 5610/5610/5610 5609/5609/5609
f 5591/5591/5591 5598/5598/5598 5611/5611/5611
f 5591/5591/5591 5611/5611/5611 5592/5592/5592
f 5595/5595/5595 5593/5593/5593 5589/5589/5589
f 5612/5612/5612 5613/5613/5613 5614/5614/5614
f 5614/5614/5614 5613/5613/5613 5615/5615/5615
f 5616/5616/5616 5612/5612/5612 5617/5617/5617
f 5617/5617/5617 5612/5612/5612 5614/5614/5614
f 5618/5618/5618 5619/5619/5619 5620/5620/5620
f 5613/5613/5613 5621/5621/5621 5615/5615/5615
f 5615/5615/5615 5621/5621/5621 5622/5622/5622
f 5612/5612/5612 5616/5616/5616 5623/5623/5623
f 5623/5623/5623 5616/5616/5616 5624/5624/5624
f 5613/5613/5613 5612/5612/5612 5625/5625/5625
f 5625/5625/5625 5612/5612/5612 5623/5623/5623
f 5621/5621/5621 5613/5613/5613 5626/5626/5626
f 5626/5626/5626 5613/5613/5613 5625/5625/5625
f 5618/5618/5618 5620/5620/5620 5627/5627/5627
f 5618/5618/5618 5627/5627/5627 5628/5628/5628
f 5629/5629/5629 5624/5624/5624 5630/5630/5630
f 5630/5630/5630 5624/5624/5624 5616/5616/5616
f 5630/5630/5630 5616/5616/5616 5631/5631/5631
f 5631/5631/5631 5616/5616/5616 5617/5617/5617
f 5626/5626/5626 5619/5619/5619 5621/5621/5621
f 5621/5621/5621 5619/5619/5619 5618/5618/5618
f 5621/5621/5621 5618/5618/5618 5622/5622/5622
f 5622/5622/5622 5618/5618/5618 5628/5628/5628
f 5632/5632/5632 5633/5633/5633 5634/5634/5634
f 5634/5634/5634 5633/5633/5633 5635/5635/5635
f 5633/5633/5633 5636/5636/5636 5635/5635/5635
f 5635/5635/5635 5636/5636/5636 5637/5637/5637
f 5638/5638/5638 5639/5639/5639 5640/5640/5640
f 5637/5637/5637 5636/5636/5636 5641/5641/5641
f 5641/5641/5641 5636/5636/5636 5638/5638/5638
f 5642/5642/5642 5643/5643/5643 5644/5644/5644
f 5644/5644/5644 5643/5643/5643 5632/5632/5632
f 5644/5644/5644 5632/5632/5632 5645/5645/5645
f 5645/5645/5645 5632/5632/5632 5634/5634/5634
f 5646/5646/5646 5642/5642/5642 5647/5647/5647
f 5647/5647/5647 5642/5642/5642 5644/5644/5644
f 5645/5645/5645 5648/5648/5648 5644/5644/5644
f 5644/5644/5644 5648/5648/5648 5647/5647/5647
f 5638/5638/5638 5640/5640/5640 5649/5649/5649
f 5641/5641/5641 5638/5638/5638 5649/5649/5649
f 5636/5636/5636 5650/5650/5650 5638/5638/5638
f 5638/5638/5638 5650/5650/5650 5639/5639/5639
f 5650/5650/5650 5636/5636/5636 5651/5651/5651
f 5651/5651/5651 5636/5636/5636 5633/5633/5633
f 5651/5651/5651 5633/5633/5633 5643/5643/5643
f 5643/5643/5643 5633/5633/5633 5632/5632/5632
f 5652/5652/5652 5653/5653/5653 5654/5654/5654
f 5654/5654/5654 5653/5653/5653 5655/5655/5655
f 5656/5656/5656 5657/5657/5657 5658/5658/5658
f 5658/5658/5658 5657/5657/5657 5659/5659/5659
f 5660/5660/5660 5661/5661/5661 5662/5662/5662
f 5654/5654/5654 5655/5655/5655 5659/5659/5659
f 5659/5659/5659 5655/5655/5655 5658/5658/5658
f 5656/5656/5656 5663/5663/5663 5657/5657/5657
f 5657/5657/5657 5663/5663/5663 5664/5664/5664
f 5665/5665/5665 5664/5664/5664 5666/5666/5666
f 5666/5666/5666 5664/5664/5664 5663/5663/5663
f 5666/5666/5666 5662/5662/5662 5665/5665/5665
f 5665/5665/5665 5662/5662/5662 5667/5667/5667
f 5660/5660/5660 5662/5662/5662 5668/5668/5668
f 5668/5668/5668 5662/5662/5662 5666/5666/5666
f 5669/5669/5669 5668/5668/5668 5663/5663/5663
f 5663/5663/5663 5668/5668/5668 5666/5666/5666
f 5669/5669/5669 5663/5663/5663 5670/5670/5670
f 5670/5670/5670 5663/5663/5663 5656/5656/5656
f 5670/5670/5670 5656/5656/5656 5671/5671/5671
f 5671/5671/5671 5656/5656/5656 5658/5658/5658
f 5671/5671/5671 5658/5658/5658 5672/5672/5672
f 5672/5672/5672 5658/5658/5658 5655/5655/5655
f 5653/5653/5653 5673/5673/5673 5655/5655/5655
f 5655/5655/5655 5673/5673/5673 5672/5672/5672
f 5674/5674/5674 5667/5667/5667 5662/5662/5662
f 5661/5661/5661 5674/5674/5674 5662/5662/5662
f 5675/5675/5675 5676/5676/5676 5653/5653/5653
f 5653/5653/5653 5676/5676/5676 5673/5673/5673
f 5677/5677/5677 5675/5675/5675 5652/5652/5652
f 5652/5652/5652 5675/5675/5675 5653/5653/5653
f 5678/5678/5678 5679/5679/5679 5680/5680/5680
f 5680/5680/5680 5679/5679/5679 5681/5681/5681
f 5680/5680/5680 5682/5682/5682 5678/5678/5678
f 5678/5678/5678 5682/5682/5682 5683/5683/5683
f 5684/5684/5684 5685/5685/5685 5686/5686/5686
f 5686/5686/5686 5685/5685/5685 5687/5687/5687
f 5688/5688/5688 5685/5685/5685 5689/5689/5689
f 5689/5689/5689 5685/5685/5685 5684/5684/5684
f 5690/5690/5690 5685/5685/5685 5691/5691/5691
f 5692/5692/5692 5684/5684/5684 5693/5693/5693
f 5693/5693/5693 5684/5684/5684 5686/5686/5686
f 5689/5689/5689 5684/5684/5684 5694/5694/5694
f 5694/5694/5694 5684/5684/5684 5692/5692/5692
f 5692/5692/5692 5693/5693/5693 5695/5695/5695
f 5695/5695/5695 5693/5693/5693 5696/5696/5696
f 5694/5694/5694 5692/5692/5692 5697/5697/5697
f 5697/5697/5697 5692/5692/5692 5695/5695/5695
f 5695/5695/5695 5696/5696/5696 5680/5680/5680
f 5680/5680/5680 5696/5696/5696 5682/5682/5682
f 5697/5697/5697 5695/5695/5695 5681/5681/5681
f 5681/5681/5681 5695/5695/5695 5680/5680/5680
f 5685/5685/5685 5688/5688/5688 5691/5691/5691
f 5690/5690/5690 5687/5687/5687 5685/5685/5685
f 5698/5698/5698 5699/5699/5699 5700/5700/5700
f 5700/5700/5700 5699/5699/5699 5701/5701/5701
f 5699/5699/5699 5698/5698/5698 5702/5702/5702
f 5702/5702/5702 5698/5698/5698 5703/5703/5703
f 5704/5704/5704 5701/5701/5701 5705/5705/5705
f 5705/5705/5705 5701/5701/5701 5699/5699/5699
f 5702/5702/5702 5706/5706/5706 5699/5699/5699
f 5699/5699/5699 5706/5706/5706 5705/5705/5705
f 5707/5707/5707 5708/5708/5708 5709/5709/5709
f 5709/5709/5709 5708/5708/5708 5710/5710/5710
f 5711/5711/5711 5709/5709/5709 5712/5712/5712
f 5712/5712/5712 5709/5709/5709 5710/5710/5710
f 5709/5709/5709 5713/5713/5713 5707/5707/5707
f 5707/5707/5707 5713/5713/5713 5714/5714/5714
f 5711/5711/5711 5715/5715/5715 5709/5709/5709
f 5709/5709/5709 5715/5715/5715 5713/5713/5713
f 5708/5708/5708 5703/5703/5703 5710/5710/5710
f 5710/5710/5710 5703/5703/5703 5698/5698/5698
f 5710/5710/5710 5698/5698/5698 5712/5712/5712
f 5712/5712/5712 5698/5698/5698 5700/5700/5700
f 5716/5716/5716 5717/5717/5717 5718/5718/5718
f 5718/5718/5718 5717/5717/5717 5719/5719/5719
f 5720/5720/5720 5721/5721/5721 5722/5722/5722
f 5722/5722/5722 5721/5721/5721 5723/5723/5723
f 5717/5717/5717 5724/5724/5724 5719/5719/5719
f 5719/5719/5719 5724/5724/5724 5725/5725/5725
f 5721/5721/5721 5726/5726/5726 5727/5727/5727
f 5728/5728/5728 5716/5716/5716 5729/5729/5729
f 5729/5729/5729 5716/5716/5716 5718/5718/5718
f 5729/5729/5729 5720/5720/5720 5728/5728/5728
f 5728/5728/5728 5720/5720/5720 5722/5722/5722
f 5729/5729/5729 5718/5718/5718 5730/5730/5730
f 5730/5730/5730 5718/5718/5718 5731/5731/5731
f 5732/5732/5732 5731/5731/5731 5719/5719/5719
f 5719/5719/5719 5731/5731/5731 5718/5718/5718
f 5733/5733/5733 5732/5732/5732 5725/5725/5725
f 5725/5725/5725 5732/5732/5732 5719/5719/5719
f 5721/5721/5721 5734/5734/5734 5726/5726/5726
f 5723/5723/5723 5721/5721/5721 5735/5735/5735
f 5736/5736/5736 5734/5734/5734 5720/5720/5720
f 5720/5720/5720 5734/5734/5734 5721/5721/5721
f 5730/5730/5730 5736/5736/5736 5729/5729/5729
f 5729/5729/5729 5736/5736/5736 5720/5720/5720
f 5721/5721/5721 5727/5727/5727 5735/5735/5735
f 5737/5737/5737 5738/5738/5738 5739/5739/5739
f 5739/5739/5739 5738/5738/5738 5740/5740/5740
f 5741/5741/5741 5742/5742/5742 5743/5743/5743
f 5743/5743/5743 5742/5742/5742 5744/5744/5744
f 5745/5745/5745 5746/5746/5746 5737/5737/5737
f 5737/5737/5737 5746/5746/5746 5738/5738/5738
f 5742/5742/5742 5747/5747/5747 5748/5748/5748
f 5739/5739/5739 5740/5740/5740 5749/5749/5749
f 5749/5749/5749 5740/5740/5740 5750/5750/5750
f 5749/5749/5749 5750/5750/5750 5744/5744/5744
f 5744/5744/5744 5750/5750/5750 5743/5743/5743
f 5751/5751/5751 5739/5739/5739 5752/5752/5752
f 5752/5752/5752 5739/5739/5739 5749/5749/5749
f 5739/5739/5739 5751/5751/5751 5737/5737/5737
f 5737/5737/5737 5751/5751/5751 5753/5753/5753
f 5754/5754/5754 5745/5745/5745 5753/5753/5753
f 5753/5753/5753 5745/5745/5745 5737/5737/5737
f 5742/5742/5742 5748/5748/5748 5755/5755/5755
f 5741/5741/5741 5756/5756/5756 5742/5742/5742
f 5742/5742/5742 5755/5755/5755 5744/5744/5744
f 5744/5744/5744 5755/5755/5755 5757/5757/5757
f 5752/5752/5752 5749/5749/5749 5757/5757/5757
f 5757/5757/5757 5749/5749/5749 5744/5744/5744
f 5742/5742/5742 5756/5756/5756 5747/5747/5747
f 5758/5758/5758 5759/5759/5759 5760/5760/5760
f 5760/5760/5760 5759/5759/5759 5761/5761/5761
f 5759/5759/5759 5762/5762/5762 5761/5761/5761
f 5761/5761/5761 5762/5762/5762 5763/5763/5763
f 5764/5764/5764 5765/5765/5765 5758/5758/5758
f 5758/5758/5758 5765/5765/5765 5759/5759/5759
f 5762/5762/5762 5759/5759/5759 5766/5766/5766
f 5766/5766/5766 5759/5759/5759 5765/5765/5765
f 5767/5767/5767 5768/5768/5768 5769/5769/5769
f 5769/5769/5769 5768/5768/5768 5770/5770/5770
f 5771/5771/5771 5772/5772/5772 5769/5769/5769
f 5769/5769/5769 5772/5772/5772 5767/5767/5767
f 5769/5769/5769 5770/5770/5770 5773/5773/5773
f 5773/5773/5773 5770/5770/5770 5774/5774/5774
f 5771/5771/5771 5769/5769/5769 5775/5775/5775
f 5775/5775/5775 5769/5769/5769 5773/5773/5773
f 5761/5761/5761 5763/5763/5763 5767/5767/5767
f 5767/5767/5767 5763/5763/5763 5768/5768/5768
f 5760/5760/5760 5761/5761/5761 5772/5772/5772
f 5772/5772/5772 5761/5761/5761 5767/5767/5767
f 5776/5776/5776 5777/5777/5777 5778/5778/5778
f 5778/5778/5778 5777/5777/5777 5779/5779/5779
f 5780/5780/5780 5781/5781/5781 5779/5779/5779
f 5779/5779/5779 5781/5781/5781 5778/5778/5778
f 5782/5782/5782 5783/5783/5783 5784/5784/5784
f 5784/5784/5784 5783/5783/5783 5785/5785/5785
f 5782/5782/5782 5784/5784/5784 5786/5786/5786
f 5786/5786/5786 5784/5784/5784 5787/5787/5787
f 5788/5788/5788 5789/5789/5789 5784/5784/5784
f 5790/5790/5790 5791/5791/5791 5782/5782/5782
f 5782/5782/5782 5791/5791/5791 5783/5783/5783
f 5790/5790/5790 5782/5782/5782 5792/5792/5792
f 5792/5792/5792 5782/5782/5782 5786/5786/5786
f 5790/5790/5790 5793/5793/5793 5791/5791/5791
f 5791/5791/5791 5793/5793/5793 5794/5794/5794
f 5792/5792/5792 5795/5795/5795 5790/5790/5790
f 5790/5790/5790 5795/5795/5795 5793/5793/5793
f 5793/5793/5793 5778/5778/5778 5794/5794/5794
f 5794/5794/5794 5778/5778/5778 5781/5781/5781
f 5795/5795/5795 5776/5776/5776 5793/5793/5793
f 5793/5793/5793 5776/5776/5776 5778/5778/5778
f 5784/5784/5784 5789/5789/5789 5787/5787/5787
f 5788/5788/5788 5784/5784/5784 5785/5785/5785
f 5796/5796/5796 5797/5797/5797 5798/5798/5798
f 5798/5798/5798 5797/5797/5797 5799/5799/5799
f 5800/5800/5800 5801/5801/5801 5802/5802/5802
f 5802/5802/5802 5801/5801/5801 5803/5803/5803
f 5804/5804/5804 5805/5805/5805 5806/5806/5806
f 5802/5802/5802 5796/5796/5796 5800/5800/5800
f 5800/5800/5800 5796/5796/5796 5798/5798/5798
f 5807/5807/5807 5808/5808/5808 5801/5801/5801
f 5801/5801/5801 5808/5808/5808 5803/5803/5803
f 5809/5809/5809 5810/5810/5810 5807/5807/5807
f 5807/5807/5807 5810/5810/5810 5808/5808/5808
f 5811/5811/5811 5805/5805/5805 5809/5809/5809
f 5809/5809/5809 5805/5805/5805 5810/5810/5810
f 5810/5810/5810 5805/5805/5805 5812/5812/5812
f 5812/5812/5812 5805/5805/5805 5804/5804/5804
f 5813/5813/5813 5808/5808/5808 5812/5812/5812
f 5812/5812/5812 5808/5808/5808 5810/5810/5810
f 5803/5803/5803 5808/5808/5808 5814/5814/5814
f 5814/5814/5814 5808/5808/5808 5813/5813/5813
f 5802/5802/5802 5803/5803/5803 5815/5815/5815
f 5815/5815/5815 5803/5803/5803 5814/5814/5814
f 5796/5796/5796 5802/5802/5802 5816/5816/5816
f 5816/5816/5816 5802/5802/5802 5815/5815/5815
f 5797/5797/5797 5796/5796/5796 5817/5817/5817
f 5817/5817/5817 5796/5796/5796 5816/5816/5816
f 5818/5818/5818 5805/5805/5805 5811/5811/5811
f 5806/5806/5806 5805/5805/5805 5818/5818/5818
f 5819/5819/5819 5797/5797/5797 5820/5820/5820
f 5820/5820/5820 5797/5797/5797 5817/5817/5817
f 5797/5797/5797 5819/5819/5819 5799/5799/5799
f 5799/5799/5799 5819/5819/5819 5821/5821/5821
f 5822/5822/5822 5823/5823/5823 5824/5824/5824
f 5824/5824/5824 5823/5823/5823 5825/5825/5825
f 5826/5826/5826 5827/5827/5827 5825/5825/5825
f 5825/5825/5825 5827/5827/5827 5824/5824/5824
f 5828/5828/5828 5829/5829/5829 5830/5830/5830
f 5826/5826/5826 5831/5831/5831 5827/5827/5827
f 5827/5827/5827 5831/5831/5831 5828/5828/5828
f 5822/5822/5822 5832/5832/5832 5833/5833/5833
f 5833/5833/5833 5832/5832/5832 5834/5834/5834
f 5823/5823/5823 5822/5822/5822 5835/5835/5835
f 5835/5835/5835 5822/5822/5822 5833/5833/5833
f 5836/5836/5836 5837/5837/5837 5834/5834/5834
f 5834/5834/5834 5837/5837/5837 5833/5833/5833
f 5835/5835/5835 5833/5833/5833 5838/5838/5838
f 5838/5838/5838 5833/5833/5833 5837/5837/5837
f 5828/5828/5828 5839/5839/5839 5829/5829/5829
f 5831/5831/5831 5839/5839/5839 5828/5828/5828
f 5827/5827/5827 5828/5828/5828 5840/5840/5840
f 5840/5840/5840 5828/5828/5828 5830/5830/5830
f 5840/5840/5840 5841/5841/5841 5827/5827/5827
f 5827/5827/5827 5841/5841/5841 5824/5824/5824
f 5841/5841/5841 5832/5832/5832 5824/5824/5824
f 5824/5824/5824 5832/5832/5832 5822/5822/5822
f 5842/5842/5842 5843/5843/5843 5844/5844/5844
f 5844/5844/5844 5843/5843/5843 5845/5845/5845
f 5846/5846/5846 5847/5847/5847 5842/5842/5842
f 5842/5842/5842 5847/5847/5847 5843/5843/5843
f 5848/5848/5848 5849/5849/5849 5850/5850/5850
f 5844/5844/5844 5845/5845/5845 5851/5851/5851
f 5851/5851/5851 5845/5845/5845 5852/5852/5852
f 5853/5853/5853 5846/5846/5846 5854/5854/5854
f 5854/5854/5854 5846/5846/5846 5842/5842/5842
f 5854/5854/5854 5842/5842/5842 5855/5855/5855
f 5855/5855/5855 5842/5842/5842 5844/5844/5844
f 5855/5855/5855 5844/5844/5844 5856/5856/5856
f 5856/5856/5856 5844/5844/5844 5851/5851/5851
f 5848/5848/5848 5857/5857/5857 5849/5849/5849
f 5848/5848/5848 5858/5858/5858 5857/5857/5857
f 5859/5859/5859 5860/5860/5860 5853/5853/5853
f 5853/5853/5853 5860/5860/5860 5846/5846/5846
f 5860/5860/5860 5861/5861/5861 5846/5846/5846
f 5846/5846/5846 5861/5861/5861 5847/5847/5847
f 5848/5848/5848 5850/5850/5850 5851/5851/5851
f 5851/5851/5851 5850/5850/5850 5856/5856/5856
f 5858/5858/5858 5848/5848/5848 5852/5852/5852
f 5852/5852/5852 5848/5848/5848 5851/5851/5851
f 5862/5862/5862 5863/5863/5863 5864/5864/5864
f 5864/5864/5864 5863/5863/5863 5865/5865/5865
f 5866/5866/5866 5867/5867/5867 5868/5868/5868
f 5868/5868/5868 5867/5867/5867 5869/5869/5869
f 5870/5870/5870 5868/5868/5868 5871/5871/5871
f 5871/5871/5871 5868/5868/5868 5869/5869/5869
f 5868/5868/5868 5870/5870/5870 5872/5872/5872
f 5872/5872/5872 5870/5870/5870 5873/5873/5873
f 5874/5874/5874 5866/5866/5866 5868/5868/5868
f 5875/5875/5875 5862/5862/5862 5876/5876/5876
f 5876/5876/5876 5862/5862/5862 5864/5864/5864
f 5870/5870/5870 5877/5877/5877 5873/5873/5873
f 5866/5866/5866 5874/5874/5874 5864/5864/5864
f 5864/5864/5864 5874/5874/5874 5876/5876/5876
f 5867/5867/5867 5866/5866/5866 5865/5865/5865
f 5865/5865/5865 5866/5866/5866 5864/5864/5864
f 5878/5878/5878 5879/5879/5879 5875/5875/5875
f 5875/5875/5875 5879/5879/5879 5862/5862/5862
f 5863/5863/5863 5862/5862/5862 5880/5880/5880
f 5880/5880/5880 5862/5862/5862 5879/5879/5879
f 5881/5881/5881 5879/5879/5879 5882/5882/5882
f 5882/5882/5882 5879/5879/5879 5878/5878/5878
f 5880/5880/5880 5879/5879/5879 5883/5883/5883
f 5883/5883/5883 5879/5879/5879 5881/5881/5881
f 5884/5884/5884 5881/5881/5881 5885/5885/5885
f 5885/5885/5885 5881/5881/5881 5882/5882/5882
f 5883/5883/5883 5881/5881/5881 5886/5886/5886
f 5886/5886/5886 5881/5881/5881 5884/5884/5884
f 5887/5887/5887 5884/5884/5884 5888/5888/5888
f 5888/5888/5888 5884/5884/5884 5885/5885/5885
f 5886/5886/5886 5884/5884/5884 5889/5889/5889
f 5889/5889/5889 5884/5884/5884 5887/5887/5887
f 5870/5870/5870 5890/5890/5890 5877/5877/5877
f 5870/5870/5870 5871/5871/5871 5890/5890/5890
f 5874/5874/5874 5868/5868/5868 5872/5872/5872
f 5891/5891/5891 5892/5892/5892 5893/5893/5893
f 5893/5893/5893 5892/5892/5892 5894/5894/5894
f 5895/5895/5895 5896/5896/5896 5897/5897/5897
f 5897/5897/5897 5896/5896/5896 5898/5898/5898
f 5899/5899/5899 5900/5900/5900 5901/5901/5901
f 5902/5902/5902 5903/5903/5903 5904/5904/5904
f 5905/5905/5905 5901/5901/5901 5906/5906/5906
f 5907/5907/5907 5908/5908/5908 5894/5894/5894
f 5894/5894/5894 5908/5908/5908 5893/5893/5893
f 5909/5909/5909 5910/5910/5910 5895/5895/5895
f 5895/5895/5895 5910/5910/5910 5896/5896/5896
f 5911/5911/5911 5912/5912/5912 5913/5913/5913
f 5914/5914/5914 5915/5915/5915 5911/5911/5911
f 5911/5911/5911 5915/5915/5915 5916/5916/5916
f 5905/5905/5905 5913/5913/5913 5899/5899/5899
f 5917/5917/5917 5911/5911/5911 5905/5905/5905
f 5916/5916/5916 5902/5902/5902 5912/5912/5912
f 5912/5912/5912 5902/5902/5902 5918/5918/5918
f 5919/5919/5919 5902/5902/5902 5915/5915/5915
f 5915/5915/5915 5902/5902/5902 5916/5916/5916
f 5893/5893/5893 5901/5901/5901 5891/5891/5891
f 5891/5891/5891 5901/5901/5901 5900/5900/5900
f 5908/5908/5908 5906/5906/5906 5893/5893/5893
f 5893/5893/5893 5906/5906/5906 5901/5901/5901
f 5894/5894/5894 5896/5896/5896 5907/5907/5907
f 5907/5907/5907 5896/5896/5896 5910/5910/5910
f 5892/5892/5892 5898/5898/5898 5894/5894/5894
f 5894/5894/5894 5898/5898/5898 5896/5896/5896
f 5902/5902/5902 5904/5904/5904 5918/5918/5918
f 5902/5902/5902 5919/5919/5919 5903/5903/5903
f 5911/5911/5911 5916/5916/5916 5912/5912/5912
f 5917/5917/5917 5914/5914/5914 5911/5911/5911
f 5905/5905/5905 5906/5906/5906 5917/5917/5917
f 5899/5899/5899 5901/5901/5901 5905/5905/5905
f 5911/5911/5911 5913/5913/5913 5905/5905/5905

# Group Hair Total Faces: 1552

# Total groups: 4, Total vertices: 5919, Total uvs: 5919, Total normals: 5919
