# Blender 4.3.2
# www.blender.org
mtllib sand.mtl
o Icosphere.016
v 3.349511 -1.615838 1.425327
v 1.881711 -1.973422 0.642970
v 2.337275 -1.176287 0.130526
v 2.222596 -0.954626 2.530778
v 1.249366 -0.388841 1.267895
v 2.678160 -0.157490 2.018335
v 2.780152 -2.167863 0.368271
v 2.910131 -1.940423 0.222061
v 3.168957 -1.877371 0.360021
v 3.198942 -2.065836 0.591494
v 2.958648 -2.245370 0.596595
v 2.687503 -2.245193 1.105216
v 2.747615 -2.065541 1.438105
v 2.426084 -1.876886 1.753511
v 2.167262 -1.939941 1.615550
v 2.328823 -2.167568 1.214884
v 3.274403 -1.143764 0.845528
v 3.214292 -1.323413 0.512637
v 2.985591 -1.018349 0.476093
v 2.758321 -0.607885 0.867793
v 3.082855 -0.727668 1.014719
v 1.477017 -1.403244 1.646585
v 1.655512 -1.480750 1.874908
v 1.574280 -1.112563 2.185212
v 1.345580 -0.807499 2.148668
v 1.476559 -0.748719 1.717594
v 2.392609 -0.190971 1.045754
v 2.133788 -0.254026 0.907793
v 1.812256 -0.065372 1.223199
v 1.872368 0.114281 1.556089
v 2.231048 0.036655 1.446420
v 1.649741 -0.190489 2.439243
v 1.779719 0.036951 2.293034
v 1.601223 0.114458 2.064709
v 1.360929 -0.065076 2.069811
v 1.390915 -0.253542 2.301284
vn 0.9867 -0.0372 -0.1581
vn -0.3433 -0.3612 -0.8670
vn 0.5739 -0.7595 0.3062
vn 0.4199 0.2090 -0.8832
vn 0.4131 -0.5319 0.7392
vn 0.5956 0.7776 -0.2016
vn -0.2240 -0.6565 0.7203
vn 0.9196 0.3544 0.1695
vn -0.7300 -0.0219 -0.6831
vn -0.9335 -0.2888 -0.2124
vn 0.7124 0.0431 0.7004
vn -0.5956 -0.7776 0.2016
vn -0.9281 -0.2822 0.2430
vn -0.5308 0.7988 -0.2832
vn 0.2692 0.6696 -0.6922
vn -0.3858 0.5478 -0.7423
vn -0.4199 -0.2090 0.8832
vn 0.2480 0.9597 0.1319
vn 0.3433 0.3612 0.8670
vn 0.4743 -0.6516 -0.5920
vn -0.0427 -0.8760 0.4805
vn 0.7517 0.5140 -0.4132
vn -0.9481 -0.1747 0.2655
vn 0.0427 0.8760 -0.4805
vn -0.4743 0.6516 0.5920
vn -0.2480 -0.9597 -0.1319
vn -0.9865 -0.1639 -0.0057
vn -0.9513 0.1518 -0.2683
vn -0.7435 -0.5941 -0.3069
vn -0.9060 -0.0463 0.4207
vn 0.4869 0.7289 -0.4813
vn 0.5727 0.7551 -0.3192
vt 0.272728 0.157461
vt 0.337699 0.044927
vt 0.389575 0.044927
vt 0.428608 0.112534
vt 0.402669 0.157461
vt 0.701335 0.044927
vt 0.753211 0.044926
vt 0.818182 0.157461
vt 0.636364 0.157461
vt 0.155881 0.044927
vt 0.207757 0.044927
vt 0.142786 0.157461
vt 0.116848 0.112534
vt 0.519517 0.044927
vt 0.571393 0.044927
vt 0.506422 0.157461
vt 0.480484 0.112534
vt 0.116848 0.202387
vt 0.142786 0.157461
vt 0.181819 0.314921
vt 0.428608 0.202387
vt 0.493579 0.314921
vt 0.363637 0.314921
vt 0.064972 0.202387
vt 0.051877 0.314921
vt 0.025938 0.269995
vt 0.402669 0.157461
vt 0.727273 0.314921
vt 0.883153 0.269995
vt 0.948124 0.157461
vt 0.974062 0.202387
vt 0.935029 0.269995
vt 0.883153 0.269995
vt 0.857214 0.314921
vt 0.792244 0.427455
vt 0.571393 0.359848
vt 0.597331 0.314921
vt 0.662302 0.427455
vt 0.610426 0.427455
vt 0.480484 0.202387
vt 0.506422 0.157461
vt 0.571393 0.269995
vt 0.519517 0.269995
vt 0.025938 0.359848
vt 0.051877 0.314921
vt 0.116848 0.427455
vt 0.064972 0.427455
vt 0.519517 0.359848
vt 0.480484 0.427455
vt 0.428608 0.427456
vt 0.298666 0.427456
vt 0.246790 0.427455
vt 0.883153 0.044926
vt 0.974062 0.112534
vt 0.844120 0.427455
vt 0.935029 0.044927
vt 0.883153 0.359848
vt 0.480484 0.202387
s 0
usemtl Material.032
f 1/1/1 10/2/1 9/3/1 18/4/1 17/5/1
f 8/6/2 7/7/2 2/8/2 3/9/2
f 11/10/3 10/11/3 1/1/3 13/12/3 12/13/3
f 9/14/4 8/15/4 3/9/4 19/16/4 18/17/4
f 14/18/5 13/19/5 1/1/5 4/20/5
f 21/21/6 31/22/6 6/23/6
f 15/24/7 14/18/7 4/20/7 24/25/7 23/26/7
f 1/1/8 17/27/8 21/21/8 6/23/8
f 3/9/9 2/8/9 5/28/9
f 2/8/10 22/29/10 5/28/10
f 1/1/11 6/23/11 4/20/11
f 2/8/12 16/30/12 15/31/12 23/32/12 22/33/12
f 5/28/13 26/34/13 35/35/13
f 30/36/14 29/37/14 5/28/14 35/38/14 34/39/14
f 20/40/15 19/41/15 3/9/15 28/42/15 27/43/15
f 3/9/16 5/28/16 29/37/16 28/42/16
f 25/44/17 24/45/17 4/20/17 32/46/17 36/47/17
f 6/23/18 31/22/18 30/48/18 34/49/18 33/50/18
f 4/20/19 6/23/19 33/51/19 32/52/19
f 7/53/20 8/6/20 9/14/20 10/2/20 11/10/20
f 12/54/21 13/12/21 14/18/21 15/24/21 16/30/21
f 17/27/22 18/4/22 19/16/22 21/21/22
f 22/29/23 23/32/23 24/25/23 26/34/23
f 27/43/24 28/42/24 29/37/24 30/36/24 31/22/24
f 32/46/25 33/51/25 34/49/25 35/38/25 36/55/25
f 7/53/26 11/56/26 12/54/26 16/30/26 2/8/26
f 35/35/27 26/34/27 36/55/27
f 36/55/28 26/34/28 25/57/28
f 26/34/29 24/25/29 25/44/29
f 5/28/30 22/29/30 26/34/30
f 21/21/31 19/16/31 20/40/31
f 31/22/32 21/21/32 20/58/32 27/43/32
o Cube.001
v 0.854856 0.030594 1.057652
v -0.829656 -0.604232 0.260336
v 1.006585 -0.180985 0.296592
v -0.433448 -0.745005 -0.412772
v 0.604372 1.034206 0.600377
v -1.534407 0.386078 -0.361467
v 0.898589 0.635424 -0.185660
v -0.780693 -0.019944 -1.033563
v 1.568331 -0.235412 0.647838
v 0.948015 -0.095203 0.705033
v 0.991229 -0.037727 0.960477
v 0.537826 -0.167411 1.059977
v 0.038655 -0.353769 0.741827
v -0.720752 -0.695917 0.670284
v -0.841804 -0.739514 0.111819
v -0.846601 -0.914625 -0.118068
v -0.942033 -1.303541 -0.520023
v -0.093089 -0.781500 -0.328272
v 0.331091 -0.484139 -0.044878
v 0.827091 -0.388156 0.133477
v 1.122162 0.493514 -0.091790
v 1.065194 0.216981 0.064876
v 1.205366 -0.016057 0.200868
v -0.624620 -0.727339 -0.696445
v -0.871498 -0.638718 -1.081037
v -0.763873 -0.222624 -0.970196
v -0.449624 0.152420 -1.082545
v 0.193418 0.458169 -1.012457
v 0.512125 0.496805 -0.424172
v 0.810474 1.119915 0.496720
v 0.813195 0.929134 0.250973
v 0.929599 0.823969 0.011792
v -1.077211 0.061265 -1.056663
v -0.927029 0.163103 -0.632049
v -1.441682 0.295459 -0.636001
v -0.939912 0.607691 -0.116095
v -0.395612 0.885599 0.180004
v 0.194126 0.997907 0.430876
v 0.962302 0.321177 1.146753
v 1.151396 0.839839 1.349784
v 0.679088 0.792828 0.700270
v -0.964914 0.117453 -0.205027
v -0.919783 -0.125215 -0.067541
v -1.163015 -0.486405 0.142342
v 0.581922 -0.288570 0.788921
v 0.145106 -0.642753 0.742657
v -0.503229 -0.900124 0.467470
v 1.009778 -0.601556 0.845194
v 0.280115 -0.761851 0.505794
v -0.297690 -0.861543 0.206013
v 0.763919 -0.408474 0.410149
v 0.433753 -0.916439 0.188400
v -0.126301 -0.644677 0.009067
v 0.950983 -0.255605 -0.140281
v 0.400985 -0.457759 -0.400223
v -0.129948 -0.448189 -0.444977
v 0.552608 0.027803 -0.188587
v 0.220990 -0.148673 -0.480439
v -0.240577 -0.466690 -0.943878
v 0.768261 0.283449 -0.469656
v 0.220690 0.063173 -0.764725
v -0.312825 -0.093025 -0.815239
v 0.357375 0.660119 -0.245834
v -0.109848 0.534254 -0.559816
v -0.607429 0.336270 -0.833767
v 0.380105 0.982425 -0.073087
v -0.225653 0.823526 -0.422976
v -0.837446 0.552084 -0.731302
v 0.268598 1.078242 0.181384
v -0.345976 0.960573 -0.140933
v -0.890861 0.626496 -0.417164
v 0.263623 0.783288 0.663225
v -0.369642 0.651109 0.469749
v -0.848031 0.351427 0.100618
v 0.379899 0.595954 1.099416
v -0.314213 0.322544 0.745736
v -0.856931 0.044793 0.322484
v 0.464395 0.187957 1.207621
v -0.200978 -0.070198 0.926926
v -0.829344 -0.309852 0.561093
v 1.489841 0.143605 0.558281
v 2.059353 0.617844 0.529509
v 1.074067 0.614274 0.230522
v 1.640385 0.285264 0.937123
v 1.388635 0.573822 0.720337
v 1.168899 0.812353 0.513120
v 1.276774 0.324685 1.055144
v 1.190124 0.628410 0.903938
v 1.165198 0.977547 0.786557
v -1.027553 -0.185686 -0.855663
v -0.998203 -0.442606 -0.732116
v -1.183433 -0.955103 -0.746767
v -1.598197 -0.221290 -0.912347
v -1.447943 -0.515868 -0.682729
v -0.925726 -0.563212 -0.305246
v -1.233522 -0.021380 -0.472987
v -1.369169 -0.346057 -0.366136
v -0.928571 -0.466367 -0.106730
vn -0.0815 -0.4729 0.8774
vn 0.1555 -0.9529 0.2602
vn 0.5717 -0.8129 -0.1116
vn -0.0778 -0.9827 -0.1682
vn 0.3391 -0.7585 0.5565
vn -0.0061 -0.5517 0.8340
vn -0.0512 -0.4071 0.9119
vn -0.7262 -0.6551 0.2085
vn -0.2431 -0.9557 0.1662
vn 0.2884 -0.9100 0.2980
vn 0.5458 -0.8126 -0.2042
vn 0.2427 -0.8491 -0.4692
vn 0.6525 -0.5410 -0.5307
vn 0.4779 -0.7434 -0.4680
vn 0.5973 -0.7072 0.3784
vn 0.3094 -0.1807 0.9336
vn 0.4387 0.2404 -0.8659
vn 0.4966 -0.6499 -0.5753
vn 0.5784 -0.7231 -0.3776
vn 0.5123 -0.1608 -0.8436
vn 0.6978 -0.7155 0.0334
vn 0.3241 -0.9361 -0.1367
vn 0.4070 -0.7401 -0.5354
vn 0.4445 -0.5327 -0.7202
vn 0.4322 -0.8682 -0.2438
vn 0.1773 0.2783 -0.9440
vn 0.3021 -0.4968 -0.8136
vn 0.2964 -0.5513 -0.7799
vn 0.6980 0.0889 -0.7106
vn 0.4248 0.4680 -0.7750
vn 0.6153 -0.6643 -0.4244
vn 0.5095 0.2361 -0.8274
vn 0.3740 0.4635 -0.8033
vn 0.2067 0.5309 -0.8218
vn 0.0092 0.9187 -0.3948
vn -0.2646 0.8820 -0.3900
vn 0.1073 0.7431 -0.6605
vn 0.1177 0.9538 -0.2764
vn -0.2343 0.8513 -0.4695
vn -0.1113 0.5268 -0.8427
vn -0.6308 0.6186 -0.4684
vn -0.3126 0.4196 -0.8522
vn -0.3580 0.9116 -0.2019
vn -0.5087 0.8596 0.0489
vn -0.2735 0.9415 0.1968
vn -0.2147 0.9384 0.2707
vn 0.2892 0.8576 -0.4253
vn 0.3013 0.6951 -0.6528
vn -0.4487 0.6689 0.5927
vn -0.6925 0.4129 0.5915
vn -0.4758 0.1927 0.8582
vn -0.6198 0.2923 0.7283
vn -0.2340 0.5231 0.8195
vn -0.3681 0.6706 0.6441
vn -0.6520 0.4630 0.6004
vn -0.5586 -0.1204 0.8207
vn -0.9751 0.0728 0.2096
vn -0.8733 0.4189 0.2487
vn -0.7613 -0.4630 0.4540
vn -0.2095 -0.2170 0.9534
vn -0.2174 -0.5325 0.8180
vn 0.2116 -0.3461 0.9140
vn -0.1216 -0.0874 0.9887
vn -0.2618 0.9289 0.2620
vn 0.7285 -0.0847 0.6798
vn 0.2141 0.9752 -0.0569
vn 0.4431 0.6420 0.6257
vn 0.8740 0.4563 0.1673
vn 0.6227 -0.3722 -0.6883
vn 0.6120 -0.5119 -0.6028
vn 0.4920 0.3256 -0.8074
vn 0.7799 0.5488 -0.3009
vn 0.7169 0.6153 -0.3279
vn 0.5932 0.6673 -0.4502
vn -0.2048 0.5751 0.7920
vn 0.2107 0.9484 0.2370
vn 0.8028 -0.1366 0.5804
vn 0.2983 -0.4206 0.8568
vn 0.3926 -0.7506 0.5315
vn 0.4212 -0.4843 0.7668
vn 0.0620 -0.5239 -0.8496
vn -0.8567 -0.5159 -0.0003
vn -0.8847 0.2063 0.4181
vn -0.4403 -0.7692 0.4631
vn -0.2431 -0.5181 -0.8200
vn -0.7441 0.0740 -0.6640
vn -0.3208 -0.5201 -0.7916
vn 0.4656 -0.4834 -0.7413
vn -0.8721 -0.1185 0.4748
vn -0.9761 -0.1815 0.1197
vn -0.6214 -0.7738 -0.1232
vn -0.9284 -0.0187 0.3712
vn -0.6828 0.3782 0.6252
vn -0.6464 -0.6047 0.4653
vn -0.6175 0.5081 -0.6004
vn -0.4905 0.5661 -0.6625
vt 0.437500 0.062500
vt 0.500000 0.062500
vt 0.500000 0.125000
vt 0.437500 0.125000
vt 0.562500 0.062500
vt 0.562500 0.125000
vt 0.500000 0.187500
vt 0.437500 0.187500
vt 0.562500 0.187500
vt 0.375000 0.000000
vt 0.437500 0.000000
vt 0.375000 0.062500
vt 0.500000 0.000000
vt 0.562500 0.000000
vt 0.625000 0.000000
vt 0.625000 0.062500
vt 0.625000 0.125000
vt 0.625000 0.187500
vt 0.625000 0.250000
vt 0.562500 0.250000
vt 0.500000 0.250000
vt 0.437500 0.250000
vt 0.375000 0.187500
vt 0.375000 0.250000
vt 0.375000 0.125000
vt 0.437500 0.312500
vt 0.500000 0.312500
vt 0.500000 0.375000
vt 0.437500 0.375000
vt 0.562500 0.312500
vt 0.562500 0.375000
vt 0.500000 0.437500
vt 0.437500 0.437500
vt 0.562500 0.437500
vt 0.375000 0.312500
vt 0.625000 0.312500
vt 0.625000 0.375000
vt 0.625000 0.437500
vt 0.625000 0.500000
vt 0.562500 0.500000
vt 0.500000 0.500000
vt 0.437500 0.500000
vt 0.375000 0.437500
vt 0.375000 0.500000
vt 0.375000 0.375000
vt 0.437500 0.562500
vt 0.500000 0.562500
vt 0.500000 0.625000
vt 0.437500 0.625000
vt 0.562500 0.562500
vt 0.562500 0.625000
vt 0.500000 0.687500
vt 0.437500 0.687500
vt 0.562500 0.687500
vt 0.375000 0.562500
vt 0.625000 0.562500
vt 0.625000 0.625000
vt 0.625000 0.687500
vt 0.625000 0.750000
vt 0.562500 0.750000
vt 0.500000 0.750000
vt 0.437500 0.750000
vt 0.375000 0.687500
vt 0.375000 0.750000
vt 0.375000 0.625000
vt 0.437500 0.812500
vt 0.500000 0.812500
vt 0.500000 0.875000
vt 0.437500 0.875000
vt 0.562500 0.812500
vt 0.562500 0.875000
vt 0.500000 0.937500
vt 0.437500 0.937500
vt 0.562500 0.937500
vt 0.375000 0.812500
vt 0.625000 0.812500
vt 0.625000 0.875000
vt 0.625000 0.937500
vt 0.625000 1.000000
vt 0.562500 1.000000
vt 0.500000 1.000000
vt 0.437500 1.000000
vt 0.375000 0.937500
vt 0.375000 1.000000
vt 0.375000 0.875000
vt 0.187500 0.562500
vt 0.250000 0.562500
vt 0.250000 0.625000
vt 0.187500 0.625000
vt 0.312500 0.562500
vt 0.312500 0.625000
vt 0.250000 0.687500
vt 0.187500 0.687500
vt 0.312500 0.687500
vt 0.125000 0.500000
vt 0.187500 0.500000
vt 0.125000 0.562500
vt 0.250000 0.500000
vt 0.312500 0.500000
vt 0.312500 0.750000
vt 0.250000 0.750000
vt 0.187500 0.750000
vt 0.125000 0.687500
vt 0.125000 0.750000
vt 0.125000 0.625000
vt 0.687500 0.562500
vt 0.750000 0.562500
vt 0.750000 0.625000
vt 0.687500 0.625000
vt 0.812500 0.562500
vt 0.812500 0.625000
vt 0.750000 0.687500
vt 0.687500 0.687500
vt 0.812500 0.687500
vt 0.687500 0.500000
vt 0.750000 0.500000
vt 0.812500 0.500000
vt 0.875000 0.500000
vt 0.875000 0.562500
vt 0.875000 0.625000
vt 0.875000 0.687500
vt 0.875000 0.750000
vt 0.812500 0.750000
vt 0.750000 0.750000
vt 0.687500 0.750000
s 0
usemtl Material.020
f 81/59/33 82/60/33 85/61/33 84/62/33
f 82/60/34 83/63/34 86/64/34 85/61/34
f 84/62/35 85/61/35 88/65/35 87/66/35
f 85/61/36 86/64/36 89/67/36 88/65/36
f 37/68/37 48/69/37 81/59/37 47/70/37
f 48/69/38 49/71/38 82/60/38 81/59/38
f 49/71/39 50/72/39 83/63/39 82/60/39
f 50/72/40 38/73/40 51/74/40 83/63/40
f 83/63/41 51/74/41 52/75/41 86/64/41
f 86/64/42 52/75/42 53/76/42 89/67/42
f 89/67/43 53/76/43 40/77/43 54/78/43
f 88/65/44 89/67/44 54/78/44 55/79/44
f 87/66/45 88/65/45 55/79/45 56/80/45
f 45/81/46 87/66/46 56/80/46 39/82/46
f 46/83/47 84/62/47 87/66/47 45/81/47
f 47/70/48 81/59/48 84/62/48 46/83/48
f 90/84/49 91/85/49 94/86/49 93/87/49
f 91/85/50 92/88/50 95/89/50 94/86/50
f 93/87/51 94/86/51 97/90/51 96/91/51
f 94/86/52 95/89/52 98/92/52 97/90/52
f 39/82/53 56/80/53 90/84/53 59/93/53
f 56/80/54 55/79/54 91/85/54 90/84/54
f 55/79/55 54/78/55 92/88/55 91/85/55
f 54/78/56 40/77/56 60/94/56 92/88/56
f 92/88/57 60/94/57 61/95/57 95/89/57
f 95/89/58 61/95/58 62/96/58 98/92/58
f 98/92/59 62/96/59 44/97/59 63/98/59
f 97/90/60 98/92/60 63/98/60 64/99/60
f 96/91/61 97/90/61 64/99/61 65/100/61
f 57/101/62 96/91/62 65/100/62 43/102/62
f 58/103/63 93/87/63 96/91/63 57/101/63
f 59/93/64 90/84/64 93/87/64 58/103/64
f 99/104/65 100/105/65 103/106/65 102/107/65
f 100/105/66 101/108/66 104/109/66 103/106/66
f 102/107/67 103/106/67 106/110/67 105/111/67
f 103/106/68 104/109/68 107/112/68 106/110/68
f 43/102/69 65/100/69 99/104/69 68/113/69
f 65/100/70 64/99/70 100/105/70 99/104/70
f 64/99/71 63/98/71 101/108/71 100/105/71
f 63/98/72 44/97/72 69/114/72 101/108/72
f 101/108/73 69/114/73 70/115/73 104/109/73
f 104/109/74 70/115/74 71/116/74 107/112/74
f 107/112/75 71/116/75 42/117/75 72/118/75
f 106/110/76 107/112/76 72/118/76 73/119/76
f 105/111/77 106/110/77 73/119/77 74/120/77
f 66/121/78 105/111/78 74/120/78 41/122/78
f 67/123/79 102/107/79 105/111/79 66/121/79
f 68/113/80 99/104/80 102/107/80 67/123/80
f 108/124/81 109/125/81 112/126/81 111/127/81
f 109/125/82 110/128/82 113/129/82 112/126/82
f 111/127/83 112/126/83 115/130/83 114/131/83
f 112/126/84 113/129/84 116/132/84 115/130/84
f 41/122/85 74/120/85 108/124/85 77/133/85
f 74/120/86 73/119/86 109/125/86 108/124/86
f 73/119/87 72/118/87 110/128/87 109/125/87
f 72/118/88 42/117/88 78/134/88 110/128/88
f 110/128/89 78/134/89 79/135/89 113/129/89
f 113/129/90 79/135/90 80/136/90 116/132/90
f 116/132/91 80/136/91 38/137/91 50/138/91
f 115/130/92 116/132/92 50/138/92 49/139/92
f 114/131/93 115/130/93 49/139/93 48/140/93
f 75/141/94 114/131/94 48/140/94 37/142/94
f 76/143/95 111/127/95 114/131/95 75/141/95
f 77/133/96 108/124/96 111/127/96 76/143/96
f 117/144/97 118/145/97 121/146/97 120/147/97
f 118/145/98 119/148/98 122/149/98 121/146/98
f 120/147/99 121/146/99 124/150/99 123/151/99
f 121/146/100 122/149/100 125/152/100 124/150/100
f 39/153/101 59/154/101 117/144/101 45/155/101
f 59/154/102 58/156/102 118/145/102 117/144/102
f 58/156/103 57/157/103 119/148/103 118/145/103
f 57/157/104 43/102/104 68/113/104 119/148/104
f 119/148/105 68/113/105 67/123/105 122/149/105
f 122/149/106 67/123/106 66/121/106 125/152/106
f 125/152/107 66/121/107 41/122/107 77/158/107
f 124/150/108 125/152/108 77/158/108 76/159/108
f 123/151/109 124/150/109 76/159/109 75/160/109
f 47/161/110 123/151/110 75/160/110 37/162/110
f 46/163/111 120/147/111 123/151/111 47/161/111
f 45/155/112 117/144/112 120/147/112 46/163/112
f 126/164/113 127/165/113 130/166/113 129/167/113
f 127/165/114 128/168/114 131/169/114 130/166/114
f 129/167/115 130/166/115 133/170/115 132/171/115
f 130/166/116 131/169/116 134/172/116 133/170/116
f 44/97/117 62/173/117 126/164/117 69/114/117
f 62/173/118 61/174/118 127/165/118 126/164/118
f 61/174/119 60/175/119 128/168/119 127/165/119
f 60/175/120 40/176/120 53/177/120 128/168/120
f 128/168/121 53/177/121 52/178/121 131/169/121
f 131/169/122 52/178/122 51/179/122 134/172/122
f 134/172/123 51/179/123 38/180/123 80/181/123
f 133/170/124 134/172/124 80/181/124 79/182/124
f 132/171/125 133/170/125 79/182/125 78/183/125
f 71/116/126 132/171/126 78/183/126 42/117/126
f 70/115/127 129/167/127 132/171/127 71/116/127
f 69/114/128 126/164/128 129/167/128 70/115/128
o Icosphere.015
v 0.559388 1.858178 3.976202
v -0.606030 2.398268 4.409295
v -1.052253 1.100682 4.289732
v 0.550305 1.515700 2.537360
v -0.867466 1.777209 2.816360
v 0.616929 0.582255 2.662962
v -0.317794 1.754617 4.772141
v -0.268143 1.511413 4.781827
v -0.007162 1.474956 4.669946
v 0.129206 1.787857 4.656136
v -0.068917 1.837177 4.688139
v -0.013371 2.187300 4.447631
v 0.320682 2.576941 4.173142
v 0.417357 2.490736 3.779197
v 0.156124 2.318483 4.180983
v -0.157391 2.128160 4.002189
v 0.548828 1.077892 4.066553
v 0.430569 1.148186 4.393183
v 0.253726 0.747210 4.077133
v 0.325705 0.603758 3.502584
v 0.616923 0.706348 3.606183
v -0.028231 2.200485 3.354555
v 0.243165 2.179856 3.636364
v 0.259767 1.979474 2.905318
v -0.034736 1.836420 2.396808
v -0.236603 1.789249 2.519771
v -0.121690 0.218133 2.982491
v -0.871320 0.266946 2.773736
v -0.954805 0.532410 2.307110
v -0.303150 0.342172 2.377488
v 0.071743 0.287842 2.691505
v 0.146241 0.942962 2.150435
v 0.162603 0.715452 2.494673
v -0.058362 0.492958 2.218164
v -0.352961 0.860580 2.255684
v -0.068125 1.050296 2.059638
vn 0.8141 0.0680 0.5768
vn -0.6069 0.1000 0.7885
vn 0.6596 0.2765 0.6989
vn -0.0115 -0.6748 0.7380
vn 0.9760 0.2178 -0.0043
vn 0.4767 -0.8716 0.1147
vn -0.2030 0.8507 -0.4849
vn 0.9986 0.0387 0.0348
vn -0.9461 0.3226 0.0295
vn -0.2596 0.9134 -0.3135
vn 0.9974 0.0682 -0.0225
vn 0.1828 0.9821 0.0457
vn -0.4109 0.2966 -0.8621
vn -0.2289 0.1602 -0.9602
vn -0.1114 -0.8837 0.4545
vn -0.9987 0.0040 -0.0502
vn 0.4610 0.4606 -0.7585
vn 0.4661 -0.5861 -0.6628
vn 0.6144 -0.2579 -0.7457
vn 0.2969 0.0301 0.9544
vn -0.7334 0.6613 -0.1575
vn 0.6621 -0.5755 0.4799
vn 0.1220 0.9193 -0.3740
vn -0.0728 -0.9514 -0.2992
vn 0.2486 -0.4016 -0.8814
vn 0.2472 0.8115 0.5295
vn -0.6639 0.2803 -0.6933
vn -0.5456 0.3498 -0.7615
vn -0.2853 0.9529 -0.1028
vn -0.2014 0.8977 -0.3919
vn 0.2359 -0.9355 0.2631
vn 0.4013 -0.8890 0.2206
vt 0.272728 0.157461
vt 0.337699 0.044927
vt 0.389575 0.044927
vt 0.428608 0.112534
vt 0.402669 0.157461
vt 0.701335 0.044927
vt 0.753211 0.044926
vt 0.818182 0.157461
vt 0.636364 0.157461
vt 0.155881 0.044927
vt 0.207757 0.044927
vt 0.142786 0.157461
vt 0.116848 0.112534
vt 0.519517 0.044927
vt 0.571393 0.044927
vt 0.506422 0.157461
vt 0.480484 0.112534
vt 0.116848 0.202387
vt 0.142786 0.157461
vt 0.181819 0.314921
vt 0.428608 0.202387
vt 0.493579 0.314921
vt 0.363637 0.314921
vt 0.064972 0.202387
vt 0.051877 0.314921
vt 0.025938 0.269995
vt 0.402669 0.157461
vt 0.727273 0.314921
vt 0.883153 0.269995
vt 0.948124 0.157461
vt 0.974062 0.202387
vt 0.935029 0.269995
vt 0.883153 0.269995
vt 0.857214 0.314921
vt 0.792244 0.427455
vt 0.571393 0.359848
vt 0.597331 0.314921
vt 0.662302 0.427455
vt 0.610426 0.427455
vt 0.480484 0.202387
vt 0.506422 0.157461
vt 0.571393 0.269995
vt 0.519517 0.269995
vt 0.025938 0.359848
vt 0.051877 0.314921
vt 0.116848 0.427455
vt 0.064972 0.427455
vt 0.519517 0.359848
vt 0.480484 0.427455
vt 0.428608 0.427456
vt 0.298666 0.427456
vt 0.246790 0.427455
vt 0.883153 0.044926
vt 0.974062 0.112534
vt 0.844120 0.427455
vt 0.935029 0.044927
vt 0.883153 0.359848
vt 0.480484 0.202387
s 0
usemtl Material.029
f 135/184/129 144/185/129 143/186/129 152/187/129 151/188/129
f 142/189/130 141/190/130 136/191/130 137/192/130
f 145/193/131 144/194/131 135/184/131 147/195/131 146/196/131
f 143/197/132 142/198/132 137/192/132 153/199/132 152/200/132
f 148/201/133 147/202/133 135/184/133 138/203/133
f 155/204/134 165/205/134 140/206/134
f 149/207/135 148/201/135 138/203/135 158/208/135 157/209/135
f 135/184/136 151/210/136 155/204/136 140/206/136
f 137/192/137 136/191/137 139/211/137
f 136/191/138 156/212/138 139/211/138
f 135/184/139 140/206/139 138/203/139
f 136/191/140 150/213/140 149/214/140 157/215/140 156/216/140
f 139/211/141 160/217/141 169/218/141
f 164/219/142 163/220/142 139/211/142 169/221/142 168/222/142
f 154/223/143 153/224/143 137/192/143 162/225/143 161/226/143
f 137/192/144 139/211/144 163/220/144 162/225/144
f 159/227/145 158/228/145 138/203/145 166/229/145 170/230/145
f 140/206/146 165/205/146 164/231/146 168/232/146 167/233/146
f 138/203/147 140/206/147 167/234/147 166/235/147
f 141/236/148 142/189/148 143/197/148 144/185/148 145/193/148
f 146/237/149 147/195/149 148/201/149 149/207/149 150/213/149
f 151/210/150 152/187/150 153/199/150 155/204/150
f 156/212/151 157/215/151 158/208/151 160/217/151
f 161/226/152 162/225/152 163/220/152 164/219/152 165/205/152
f 166/229/153 167/234/153 168/232/153 169/221/153 170/238/153
f 141/236/154 145/239/154 146/237/154 150/213/154 136/191/154
f 169/218/155 160/217/155 170/238/155
f 170/238/156 160/217/156 159/240/156
f 160/217/157 158/208/157 159/227/157
f 139/211/158 156/212/158 160/217/158
f 155/204/159 153/199/159 154/223/159
f 165/205/160 155/204/160 154/241/160 161/226/160
o Icosphere.014
v 1.891876 1.844106 2.701600
v 1.075474 1.181757 4.039197
v 1.951938 0.622110 3.883740
v 0.602974 1.029122 1.924625
v 0.713586 -0.267843 3.005279
v 1.479438 0.469475 1.769167
v 1.867641 1.722545 4.017239
v 2.117711 1.562865 3.972884
v 2.261671 1.679663 3.737017
v 2.100574 1.911525 3.635596
v 1.857050 1.938028 3.808780
v 1.365205 1.937409 3.508276
v 1.281888 1.910493 3.135398
v 0.914138 1.677963 2.913714
v 0.770181 1.561169 3.149582
v 1.048951 1.721513 3.517041
v 2.295395 1.263333 2.955642
v 2.378714 1.290245 3.328520
v 2.312533 0.914670 3.292932
v 2.042445 0.568900 2.867423
v 2.177722 0.871122 2.689604
v 0.377190 0.780110 3.118761
v 0.366600 0.995591 2.910303
v 0.242379 0.736562 2.515433
v 0.176198 0.360986 2.479845
v 0.533871 0.263151 2.742397
v 1.784730 0.090063 2.658783
v 1.640774 -0.026732 2.894651
v 1.273024 -0.259262 2.672966
v 1.189707 -0.286177 2.300089
v 1.505961 -0.070281 2.291324
v 0.437201 0.088367 1.835481
v 0.687271 -0.071313 1.791126
v 0.697862 -0.286797 1.999585
v 0.454337 -0.260293 2.172769
v 0.293241 -0.028431 2.071348
vn 0.8435 0.4882 -0.2237
vn 0.1038 -0.1119 0.9883
vn 0.0494 0.9953 -0.0829
vn 0.8772 -0.1961 0.4383
vn -0.2467 0.8441 -0.4761
vn 0.8077 -0.3889 -0.4431
vn -0.7691 0.6179 -0.1634
vn 0.7278 0.2218 -0.6489
vn -0.1968 -0.5363 0.8208
vn -0.6952 -0.2942 0.6558
vn 0.1799 0.5147 -0.8383
vn -0.8077 0.3889 0.4431
vn -0.9406 -0.1741 0.2913
vn -0.0167 -0.9994 0.0294
vn 0.7927 -0.5981 0.1180
vn 0.2745 -0.8441 0.4606
vn -0.8772 0.1961 -0.4383
vn 0.4078 -0.6244 -0.6662
vn -0.1038 0.1119 -0.9883
vn 0.5005 0.6145 0.6098
vn -0.5613 0.8250 0.0659
vn 0.9670 -0.1510 -0.2052
vn -0.9364 -0.2662 0.2285
vn 0.5613 -0.8250 -0.0659
vn -0.5005 -0.6145 -0.6098
vn -0.4078 0.6244 0.6662
vn -0.8132 -0.3676 0.4513
vn -0.5460 -0.6790 0.4908
vn -0.5868 0.0267 0.8093
vn -0.9509 -0.3082 0.0275
vn 0.8632 -0.4795 -0.1583
vn 0.8482 -0.4137 -0.3308
vt 0.272728 0.157461
vt 0.337699 0.044927
vt 0.389575 0.044927
vt 0.428608 0.112534
vt 0.402669 0.157461
vt 0.701335 0.044927
vt 0.753211 0.044926
vt 0.818182 0.157461
vt 0.636364 0.157461
vt 0.155881 0.044927
vt 0.207757 0.044927
vt 0.142786 0.157461
vt 0.116848 0.112534
vt 0.519517 0.044927
vt 0.571393 0.044927
vt 0.506422 0.157461
vt 0.480484 0.112534
vt 0.116848 0.202387
vt 0.142786 0.157461
vt 0.181819 0.314921
vt 0.428608 0.202387
vt 0.493579 0.314921
vt 0.363637 0.314921
vt 0.064972 0.202387
vt 0.051877 0.314921
vt 0.025938 0.269995
vt 0.402669 0.157461
vt 0.727273 0.314921
vt 0.883153 0.269995
vt 0.948124 0.157461
vt 0.974062 0.202387
vt 0.935029 0.269995
vt 0.883153 0.269995
vt 0.857214 0.314921
vt 0.792244 0.427455
vt 0.571393 0.359848
vt 0.597331 0.314921
vt 0.662302 0.427455
vt 0.610426 0.427455
vt 0.480484 0.202387
vt 0.506422 0.157461
vt 0.571393 0.269995
vt 0.519517 0.269995
vt 0.025938 0.359848
vt 0.051877 0.314921
vt 0.116848 0.427455
vt 0.064972 0.427455
vt 0.519517 0.359848
vt 0.480484 0.427455
vt 0.428608 0.427456
vt 0.298666 0.427456
vt 0.246790 0.427455
vt 0.883153 0.044926
vt 0.974062 0.112534
vt 0.844120 0.427455
vt 0.935029 0.044927
vt 0.883153 0.359848
vt 0.480484 0.202387
s 0
usemtl Material.028
f 171/242/161 180/243/161 179/244/161 188/245/161 187/246/161
f 178/247/162 177/248/162 172/249/162 173/250/162
f 181/251/163 180/252/163 171/242/163 183/253/163 182/254/163
f 179/255/164 178/256/164 173/250/164 189/257/164 188/258/164
f 184/259/165 183/260/165 171/242/165 174/261/165
f 191/262/166 201/263/166 176/264/166
f 185/265/167 184/259/167 174/261/167 194/266/167 193/267/167
f 171/242/168 187/268/168 191/262/168 176/264/168
f 173/250/169 172/249/169 175/269/169
f 172/249/170 192/270/170 175/269/170
f 171/242/171 176/264/171 174/261/171
f 172/249/172 186/271/172 185/272/172 193/273/172 192/274/172
f 175/269/173 196/275/173 205/276/173
f 200/277/174 199/278/174 175/269/174 205/279/174 204/280/174
f 190/281/175 189/282/175 173/250/175 198/283/175 197/284/175
f 173/250/176 175/269/176 199/278/176 198/283/176
f 195/285/177 194/286/177 174/261/177 202/287/177 206/288/177
f 176/264/178 201/263/178 200/289/178 204/290/178 203/291/178
f 174/261/179 176/264/179 203/292/179 202/293/179
f 177/294/180 178/247/180 179/255/180 180/243/180 181/251/180
f 182/295/181 183/253/181 184/259/181 185/265/181 186/271/181
f 187/268/182 188/245/182 189/257/182 191/262/182
f 192/270/183 193/273/183 194/266/183 196/275/183
f 197/284/184 198/283/184 199/278/184 200/277/184 201/263/184
f 202/287/185 203/292/185 204/290/185 205/279/185 206/296/185
f 177/294/186 181/297/186 182/295/186 186/271/186 172/249/186
f 205/276/187 196/275/187 206/296/187
f 206/296/188 196/275/188 195/298/188
f 196/275/189 194/266/189 195/285/189
f 175/269/190 192/270/190 196/275/190
f 191/262/191 189/257/191 190/281/191
f 201/263/192 191/262/192 190/299/192 197/284/192
o Icosphere.013
v 3.137615 1.788749 4.614692
v -0.674771 -3.726138 2.895314
v 0.115994 -0.645163 4.566768
v 2.039056 -1.814415 4.528085
v 0.884155 -0.707524 2.378819
v 1.112616 -2.087786 4.841745
v 1.676687 -0.980630 2.421073
v 2.021329 -1.838403 2.850657
v -0.076596 -0.382358 3.689120
v 2.464166 -1.646953 3.754032
v 0.470424 -0.027132 3.021200
v 0.600992 -1.127912 5.012713
v -0.960248 -2.960496 2.811019
v -0.957512 -2.569406 2.833637
v -0.843383 -3.275051 3.560822
v -0.800615 -2.986052 3.822248
v -0.164757 -3.737432 3.539185
v 0.092458 -3.598678 3.804314
v 0.137800 -3.708650 2.776009
v 0.500643 -3.558427 2.771732
v -0.154430 -2.921964 2.183555
v -0.353841 -3.228474 2.325966
v 2.657553 1.799379 4.008634
v 2.333025 1.633197 3.708274
v 1.938166 1.590370 4.720232
v 2.372765 1.772289 4.726991
v 2.585008 0.957885 5.314433
v 2.835533 1.320312 5.150603
v 3.399598 0.595911 4.670364
v 3.406327 1.068072 4.694036
v 3.296325 1.364153 3.988267
v 3.236777 1.018737 3.674230
vn 0.2082 0.3895 -0.8972
vn -0.0170 0.9994 0.0310
vn -0.7411 0.5809 0.3366
vn 0.0222 -0.1638 0.9862
vn 0.8097 -0.4772 0.3415
vn -0.2374 0.5867 -0.7743
vn 0.0846 0.7261 0.6824
vn 0.6741 0.3244 0.6636
vn 0.9370 0.3494 0.0005
vn 0.6877 -0.0847 -0.7210
vn -0.6309 0.7559 -0.1746
vn -0.4560 0.3139 0.8328
vn 0.4432 -0.3243 0.8357
vn 0.9066 -0.2724 -0.3223
vn -0.9236 0.2707 0.2715
vn -0.6644 0.0226 0.7470
vn 0.4066 -0.6876 0.6016
vn 0.7351 -0.6396 -0.2248
vn 0.0718 0.0542 -0.9960
vn 0.4151 -0.3059 -0.8568
vn -0.6741 -0.3244 -0.6636
vn -0.9370 -0.3494 -0.0005
vn -0.5099 -0.7666 0.3904
vn 0.0170 -0.9994 -0.0310
vn -0.0846 -0.7261 -0.6824
vn -0.5343 0.3393 -0.7742
vn -0.2957 -0.3699 0.8808
vn 0.6249 -0.7542 0.2015
vn -0.6151 0.0430 -0.7873
vn -0.9878 0.0010 0.1560
vn -0.3887 -0.5942 0.7042
vn 0.3795 -0.9180 0.1149
vn 0.2201 -0.5333 -0.8168
vn -0.7884 0.4719 -0.3947
vn -0.3768 0.9196 -0.1109
vn 0.3728 0.5851 -0.7202
vn -0.2326 0.5284 0.8165
vn 0.6064 -0.0537 0.7933
vn 0.9865 -0.0125 -0.1634
vn 0.5099 0.7666 -0.3904
vt 0.270276 0.163713
vt 0.454575 0.163941
vt 0.406999 0.239816
vt 0.322447 0.243578
vt 0.181819 0.000000
vt 0.248672 0.115795
vt 0.114966 0.115795
vt 0.090728 0.163939
vt 0.140105 0.242670
vt 0.042800 0.240789
vt 0.818911 0.163823
vt 0.866355 0.240899
vt 0.765034 0.249516
vt 0.636038 0.164173
vt 0.683356 0.238854
vt 0.591032 0.235980
vt 0.271921 0.164090
vt 0.227494 0.235808
vt 0.909091 0.000000
vt 0.975945 0.115795
vt 0.842238 0.115795
vt 0.727273 0.000000
vt 0.794127 0.115795
vt 0.660419 0.115795
vt 0.545455 0.000000
vt 0.612309 0.115795
vt 0.478602 0.115795
vt 0.453968 0.163904
vt 0.505756 0.246161
vt 0.272368 0.164168
vt 0.089502 0.163751
vt 0.818328 0.163878
vt 1.000705 0.163874
vt 0.951891 0.240789
vt 0.634984 0.164004
vt 0.820589 0.163463
vt 0.452414 0.163586
vt 0.636687 0.164167
vt 0.181574 0.309591
vt -0.000834 0.309698
vt 0.909078 0.309590
vt 0.728491 0.309309
vt 0.544436 0.309491
vt 0.363248 0.309539
vt 0.544622 0.309400
vt 0.362110 0.309764
vt 0.201703 0.349362
vt 0.343753 0.349362
vt 0.272728 0.472382
vt 0.019885 0.349362
vt 0.161935 0.349362
vt 0.090910 0.472382
vt 0.747157 0.349362
vt 0.889207 0.349362
vt 0.818182 0.472382
vt 0.565339 0.349362
vt 0.707389 0.349362
vt 0.636364 0.472382
vt 0.383521 0.349362
vt 0.525571 0.349362
vt 0.454546 0.472382
vt 0.363710 0.309536
vt 0.179822 0.309920
vt 0.909971 0.309720
vt 0.728405 0.309197
vt 0.730212 0.309780
vt 0.542829 0.309901
vt 0.181172 0.309624
vt 0.296784 0.115795
vt 0.430490 0.115795
vt 0.363637 0.000000
s 0
usemtl Material.027
f 230/300/193 238/301/193 213/302/193 211/303/193
f 207/304/194 229/305/194 232/306/194
f 231/307/195 215/308/195 209/309/195
f 233/310/196 218/311/196 212/312/196
f 235/313/197 210/314/197 216/315/197
f 230/316/198 211/303/198 217/317/198
f 207/318/199 232/319/199 234/320/199
f 207/321/200 234/322/200 236/323/200
f 207/324/201 236/325/201 237/326/201
f 238/327/202 214/328/202 213/302/202
f 230/329/203 217/317/203 215/308/203 231/330/203
f 233/331/204 231/332/204 209/333/204 218/311/204
f 235/334/205 233/335/205 212/312/205 210/314/205
f 238/336/206 235/337/206 216/315/206 214/328/206
f 209/309/207 215/308/207 220/338/207 222/339/207
f 218/311/208 209/333/208 222/340/208
f 210/314/209 212/312/209 224/341/209
f 214/328/210 216/315/210 226/342/210
f 211/303/211 213/302/211 227/343/211
f 213/302/212 214/328/212 226/344/212 227/345/212
f 219/346/213 228/347/213 208/348/213
f 221/349/214 219/350/214 208/351/214
f 223/352/215 221/353/215 208/354/215
f 225/355/216 223/356/216 208/357/216
f 228/358/217 225/359/217 208/360/217
f 217/317/218 211/303/218 227/361/218 220/362/218
f 212/312/219 218/311/219 222/363/219 224/364/219
f 216/315/220 210/314/220 224/365/220 226/366/220
f 228/347/221 219/346/221 220/362/221 227/361/221
f 219/350/222 221/349/222 222/339/222 220/338/222
f 221/353/223 223/352/223 224/364/223 222/363/223
f 223/356/224 225/355/224 226/366/224 224/365/224
f 225/359/225 228/358/225 227/345/225 226/344/225
f 220/367/226 215/308/226 217/317/226
f 230/329/227 231/330/227 232/306/227 229/305/227
f 238/301/228 230/300/228 229/368/228 237/369/228
f 231/332/229 233/331/229 234/320/229 232/319/229
f 233/335/230 235/334/230 236/323/230 234/322/230
f 235/337/231 238/336/231 237/326/231 236/325/231
f 229/368/232 207/370/232 237/369/232
o Icosphere.012
v -0.006518 -1.407698 3.310697
v 1.045747 -0.556478 3.235688
v 0.145326 0.331496 3.781473
v -1.050194 -1.143831 2.296421
v -0.207111 0.055518 2.212306
v -1.716711 -0.885119 2.913152
v 0.653018 -0.629016 3.920908
v 0.455592 -0.589500 4.066403
v 0.276263 -0.808818 4.025186
v 0.460142 -1.045736 3.861626
v 0.583888 -0.882036 3.837158
v 0.700392 -1.036021 3.454756
v 0.731978 -1.459894 3.057151
v 0.417634 -1.482548 2.787624
v 0.596135 -1.215590 3.182867
v 0.461981 -0.839719 3.097987
v -0.548711 -1.128471 3.805854
v -0.275779 -1.073836 4.025254
v -0.692913 -0.737322 3.956703
v -1.140973 -0.699875 3.564649
v -1.107068 -1.016803 3.631524
v 0.118793 -0.925481 2.535662
v 0.162878 -1.196645 2.814991
v -0.394863 -1.072918 2.316519
v -0.679570 -0.700962 1.933938
v -0.578465 -0.507868 2.036834
v -1.564052 -0.098317 3.284474
v -1.381037 0.600727 2.991645
v -1.404391 0.627141 2.449485
v -1.736884 0.082388 2.691333
v -1.736782 -0.276004 3.028466
v -1.558305 -0.528307 2.233495
v -1.549564 -0.494463 2.644963
v -1.793679 -0.184130 2.507530
v -1.390698 -0.044553 2.303898
v -1.451727 -0.358764 2.073452
vn 0.0847 -0.8347 0.5442
vn 0.7171 0.4556 0.5275
vn 0.3640 -0.7766 0.5142
vn -0.1078 0.1824 0.9773
vn -0.1744 -0.9847 -0.0005
vn -0.7674 -0.1436 0.6249
vn 0.4545 -0.0691 -0.8881
vn -0.2975 -0.9456 0.1315
vn 0.5900 0.7621 -0.2666
vn 0.6155 -0.0547 -0.7862
vn -0.3059 -0.9496 0.0677
vn 0.7107 -0.5239 -0.4695
vn -0.1020 0.3565 -0.9287
vn -0.3228 0.2449 -0.9142
vn -0.3873 0.3761 0.8418
vn 0.3217 0.9319 -0.1674
vn -0.2225 -0.5223 -0.8232
vn -0.9704 -0.1633 -0.1778
vn -0.8167 -0.4103 -0.4057
vn 0.4412 -0.3753 0.8152
vn 0.6726 0.4612 -0.5788
vn -0.4064 -0.4553 0.7921
vn 0.4547 -0.4061 -0.7927
vn -0.8638 0.4342 0.2555
vn -0.8737 -0.0064 -0.4864
vn 0.8224 -0.5679 0.0334
vn 0.0654 0.5819 -0.8107
vn 0.0401 0.4535 -0.8904
vn 0.7696 -0.0644 -0.6353
vn 0.5405 -0.0959 -0.8358
vn -0.6516 0.0892 0.7533
vn -0.6967 -0.0772 0.7132
vt 0.272728 0.157461
vt 0.337699 0.044927
vt 0.389575 0.044927
vt 0.428608 0.112534
vt 0.402669 0.157461
vt 0.701335 0.044927
vt 0.753211 0.044926
vt 0.818182 0.157461
vt 0.636364 0.157461
vt 0.155881 0.044927
vt 0.207757 0.044927
vt 0.142786 0.157461
vt 0.116848 0.112534
vt 0.519517 0.044927
vt 0.571393 0.044927
vt 0.506422 0.157461
vt 0.480484 0.112534
vt 0.116848 0.202387
vt 0.142786 0.157461
vt 0.181819 0.314921
vt 0.428608 0.202387
vt 0.493579 0.314921
vt 0.363637 0.314921
vt 0.064972 0.202387
vt 0.051877 0.314921
vt 0.025938 0.269995
vt 0.402669 0.157461
vt 0.727273 0.314921
vt 0.883153 0.269995
vt 0.948124 0.157461
vt 0.974062 0.202387
vt 0.935029 0.269995
vt 0.883153 0.269995
vt 0.857214 0.314921
vt 0.792244 0.427455
vt 0.571393 0.359848
vt 0.597331 0.314921
vt 0.662302 0.427455
vt 0.610426 0.427455
vt 0.480484 0.202387
vt 0.506422 0.157461
vt 0.571393 0.269995
vt 0.519517 0.269995
vt 0.025938 0.359848
vt 0.051877 0.314921
vt 0.116848 0.427455
vt 0.064972 0.427455
vt 0.519517 0.359848
vt 0.480484 0.427455
vt 0.428608 0.427456
vt 0.298666 0.427456
vt 0.246790 0.427455
vt 0.883153 0.044926
vt 0.974062 0.112534
vt 0.844120 0.427455
vt 0.935029 0.044927
vt 0.883153 0.359848
vt 0.480484 0.202387
s 0
usemtl Material.026
f 239/371/233 248/372/233 247/373/233 256/374/233 255/375/233
f 246/376/234 245/377/234 240/378/234 241/379/234
f 249/380/235 248/381/235 239/371/235 251/382/235 250/383/235
f 247/384/236 246/385/236 241/379/236 257/386/236 256/387/236
f 252/388/237 251/389/237 239/371/237 242/390/237
f 259/391/238 269/392/238 244/393/238
f 253/394/239 252/388/239 242/390/239 262/395/239 261/396/239
f 239/371/240 255/397/240 259/391/240 244/393/240
f 241/379/241 240/378/241 243/398/241
f 240/378/242 260/399/242 243/398/242
f 239/371/243 244/393/243 242/390/243
f 240/378/244 254/400/244 253/401/244 261/402/244 260/403/244
f 243/398/245 264/404/245 273/405/245
f 268/406/246 267/407/246 243/398/246 273/408/246 272/409/246
f 258/410/247 257/411/247 241/379/247 266/412/247 265/413/247
f 241/379/248 243/398/248 267/407/248 266/412/248
f 263/414/249 262/415/249 242/390/249 270/416/249 274/417/249
f 244/393/250 269/392/250 268/418/250 272/419/250 271/420/250
f 242/390/251 244/393/251 271/421/251 270/422/251
f 245/423/252 246/376/252 247/384/252 248/372/252 249/380/252
f 250/424/253 251/382/253 252/388/253 253/394/253 254/400/253
f 255/397/254 256/374/254 257/386/254 259/391/254
f 260/399/255 261/402/255 262/395/255 264/404/255
f 265/413/256 266/412/256 267/407/256 268/406/256 269/392/256
f 270/416/257 271/421/257 272/419/257 273/408/257 274/425/257
f 245/423/258 249/426/258 250/424/258 254/400/258 240/378/258
f 273/405/259 264/404/259 274/425/259
f 274/425/260 264/404/260 263/427/260
f 264/404/261 262/395/261 263/414/261
f 243/398/262 260/399/262 264/404/262
f 259/391/263 257/386/263 258/410/263
f 269/392/264 259/391/264 258/428/264 265/413/264
o Icosphere.011
v 3.917991 -0.692873 3.969507
v 3.797509 -0.429414 5.645950
v 3.891181 -1.464337 5.485575
v 2.251757 -0.333338 4.122995
v 2.153503 -1.199604 5.572855
v 2.345429 -1.368262 3.962620
v 4.566367 -0.660138 5.120510
v 4.593091 -0.955421 5.074754
v 4.614336 -1.001876 4.779135
v 4.600740 -0.735307 4.642189
v 4.571093 -0.524100 4.853168
v 4.116301 -0.180775 4.766528
v 3.843728 -0.163835 4.497974
v 3.368320 -0.061251 4.541769
v 3.347079 -0.014796 4.837384
v 3.809352 -0.088663 4.976296
v 3.952046 -1.360582 4.312534
v 4.224618 -1.377526 4.581089
v 3.944397 -1.580699 4.745100
v 3.345291 -1.640819 4.640128
v 3.503367 -1.553288 4.310572
v 2.639571 -0.244388 5.297998
v 2.644297 -0.108353 5.030658
v 2.198541 -0.216977 4.863470
v 1.918320 -0.420150 5.027482
v 2.215579 -0.731987 5.171808
v 2.795859 -1.782880 4.771186
v 2.774618 -1.736425 5.066802
v 2.299210 -1.633841 5.110596
v 2.026638 -1.616901 4.842042
v 2.333586 -1.709013 4.632274
v 1.549847 -0.842254 4.533816
v 1.576571 -1.137538 4.488060
v 1.571846 -1.273576 4.755402
v 1.542198 -1.062369 4.966381
v 1.528602 -0.795800 4.829435
vn 0.6552 -0.3185 -0.6851
vn 0.5460 -0.0798 0.8340
vn 0.5703 0.6192 -0.5398
vn 0.6401 -0.7506 0.1640
vn 0.0889 0.7101 -0.6984
vn -0.0061 -0.8912 -0.4536
vn -0.1746 0.9707 -0.1651
vn 0.1931 -0.4406 -0.8767
vn 0.0267 -0.1507 0.9882
vn -0.2130 0.3687 0.9048
vn -0.0591 0.1476 -0.9873
vn 0.0061 0.8912 0.4536
vn -0.4885 0.6045 0.6292
vn -0.5835 -0.6501 0.4867
vn 0.1747 -0.9784 0.1108
vn -0.0814 -0.7319 0.6765
vn -0.6401 0.7506 -0.1640
vn -0.5028 -0.7668 -0.3991
vn -0.5460 0.0798 -0.8340
vn 0.9950 0.0809 0.0588
vn 0.1967 0.9706 -0.1384
vn 0.3600 -0.8340 -0.4180
vn -0.5756 0.5356 0.6180
vn -0.1967 -0.9706 0.1384
vn -0.9950 -0.0809 -0.0588
vn 0.5028 0.7668 0.3991
vn -0.4392 0.3927 0.8080
vn -0.4453 -0.0101 0.8953
vn 0.1254 0.5127 0.8494
vn -0.7210 0.5038 0.4758
vn 0.1317 -0.9719 -0.1950
vn 0.0655 -0.9296 -0.3628
vt 0.272728 0.157461
vt 0.337699 0.044927
vt 0.389575 0.044927
vt 0.428608 0.112534
vt 0.402669 0.157461
vt 0.701335 0.044927
vt 0.753211 0.044926
vt 0.818182 0.157461
vt 0.636364 0.157461
vt 0.155881 0.044927
vt 0.207757 0.044927
vt 0.142786 0.157461
vt 0.116848 0.112534
vt 0.519517 0.044927
vt 0.571393 0.044927
vt 0.506422 0.157461
vt 0.480484 0.112534
vt 0.116848 0.202387
vt 0.142786 0.157461
vt 0.181819 0.314921
vt 0.428608 0.202387
vt 0.493579 0.314921
vt 0.363637 0.314921
vt 0.064972 0.202387
vt 0.051877 0.314921
vt 0.025938 0.269995
vt 0.402669 0.157461
vt 0.727273 0.314921
vt 0.883153 0.269995
vt 0.948124 0.157461
vt 0.974062 0.202387
vt 0.935029 0.269995
vt 0.883153 0.269995
vt 0.857214 0.314921
vt 0.792244 0.427455
vt 0.571393 0.359848
vt 0.597331 0.314921
vt 0.662302 0.427455
vt 0.610426 0.427455
vt 0.480484 0.202387
vt 0.506422 0.157461
vt 0.571393 0.269995
vt 0.519517 0.269995
vt 0.025938 0.359848
vt 0.051877 0.314921
vt 0.116848 0.427455
vt 0.064972 0.427455
vt 0.519517 0.359848
vt 0.480484 0.427455
vt 0.428608 0.427456
vt 0.298666 0.427456
vt 0.246790 0.427455
vt 0.883153 0.044926
vt 0.974062 0.112534
vt 0.844120 0.427455
vt 0.935029 0.044927
vt 0.883153 0.359848
vt 0.480484 0.202387
s 0
usemtl Material.025
f 275/429/265 284/430/265 283/431/265 292/432/265 291/433/265
f 282/434/266 281/435/266 276/436/266 277/437/266
f 285/438/267 284/439/267 275/429/267 287/440/267 286/441/267
f 283/442/268 282/443/268 277/437/268 293/444/268 292/445/268
f 288/446/269 287/447/269 275/429/269 278/448/269
f 295/449/270 305/450/270 280/451/270
f 289/452/271 288/446/271 278/448/271 298/453/271 297/454/271
f 275/429/272 291/455/272 295/449/272 280/451/272
f 277/437/273 276/436/273 279/456/273
f 276/436/274 296/457/274 279/456/274
f 275/429/275 280/451/275 278/448/275
f 276/436/276 290/458/276 289/459/276 297/460/276 296/461/276
f 279/456/277 300/462/277 309/463/277
f 304/464/278 303/465/278 279/456/278 309/466/278 308/467/278
f 294/468/279 293/469/279 277/437/279 302/470/279 301/471/279
f 277/437/280 279/456/280 303/465/280 302/470/280
f 299/472/281 298/473/281 278/448/281 306/474/281 310/475/281
f 280/451/282 305/450/282 304/476/282 308/477/282 307/478/282
f 278/448/283 280/451/283 307/479/283 306/480/283
f 281/481/284 282/434/284 283/442/284 284/430/284 285/438/284
f 286/482/285 287/440/285 288/446/285 289/452/285 290/458/285
f 291/455/286 292/432/286 293/444/286 295/449/286
f 296/457/287 297/460/287 298/453/287 300/462/287
f 301/471/288 302/470/288 303/465/288 304/464/288 305/450/288
f 306/474/289 307/479/289 308/477/289 309/466/289 310/483/289
f 281/481/290 285/484/290 286/482/290 290/458/290 276/436/290
f 309/463/291 300/462/291 310/483/291
f 310/483/292 300/462/292 299/485/292
f 300/462/293 298/453/293 299/472/293
f 279/456/294 296/457/294 300/462/294
f 295/449/295 293/444/295 294/468/295
f 305/450/296 295/449/296 294/486/296 301/471/296
o Icosphere.010
v 3.796013 0.262577 2.828891
v 3.625256 -1.353634 2.325811
v 3.879611 -0.776580 1.484458
v 2.093198 0.092495 2.854470
v 2.121377 -0.841492 1.444137
v 2.347553 0.669548 2.013117
v 4.423995 -0.837308 2.451848
v 4.496565 -0.672664 2.211793
v 4.526675 -0.387668 2.300507
v 4.472713 -0.376172 2.595387
v 4.409252 -0.654063 2.688923
v 3.907210 -0.688500 2.969962
v 3.637053 -0.433493 3.063183
v 3.151208 -0.482023 3.070482
v 3.121102 -0.767017 2.981770
v 3.588332 -0.894630 2.919646
v 3.931179 0.233781 2.090269
v 4.201337 -0.021226 1.997044
v 3.955031 -0.062713 1.706672
v 3.373230 0.101052 1.615844
v 3.517909 0.349896 1.857509
v 2.454900 -1.033982 2.481420
v 2.440157 -0.850737 2.718491
v 2.017777 -0.621373 2.632256
v 1.771472 -0.662860 2.341884
v 2.112633 -0.682411 2.042447
v 2.851707 0.082931 1.357158
v 2.821601 -0.202063 1.268447
v 2.335756 -0.250593 1.275745
v 2.065598 0.004414 1.368967
v 2.384476 0.210544 1.419283
v 1.476244 -0.011421 2.127135
v 1.548813 0.153222 1.887080
v 1.563557 -0.030023 1.650006
v 1.500096 -0.307914 1.743541
v 1.446133 -0.296417 2.038421
vn 0.7011 0.7059 0.1008
vn 0.5464 -0.7585 -0.3551
vn 0.4706 0.1831 0.8631
vn 0.7479 0.1240 -0.6521
vn -0.0180 0.3226 0.9463
vn 0.1354 0.7880 -0.6006
vn -0.3222 -0.2502 0.9130
vn 0.2648 0.9642 0.0109
vn 0.0434 -0.8300 -0.5561
vn -0.2735 -0.9577 -0.0898
vn -0.0749 0.8328 0.5485
vn -0.1354 -0.7880 0.6006
vn -0.5806 -0.7889 0.2013
vn -0.4785 -0.1211 -0.8697
vn 0.3239 0.3024 -0.8965
vn 0.0289 -0.2942 -0.9553
vn -0.7479 -0.1240 0.6521
vn -0.3750 0.7220 -0.5814
vn -0.5464 0.7585 0.3551
vn 0.9699 -0.1597 0.1837
vn 0.0444 -0.3012 0.9525
vn 0.4879 0.7051 -0.5146
vn -0.6558 -0.7432 0.1326
vn -0.0444 0.3012 -0.9525
vn -0.9699 0.1597 -0.1837
vn 0.3750 -0.7220 0.5814
vn -0.5001 -0.8641 -0.0578
vn -0.4441 -0.7715 -0.4556
vn 0.0388 -0.9933 0.1090
vn -0.7935 -0.5909 0.1455
vn 0.2824 0.5788 -0.7650
vn 0.2114 0.7171 -0.6641
vt 0.272728 0.157461
vt 0.337699 0.044927
vt 0.389575 0.044927
vt 0.428608 0.112534
vt 0.402669 0.157461
vt 0.701335 0.044927
vt 0.753211 0.044926
vt 0.818182 0.157461
vt 0.636364 0.157461
vt 0.155881 0.044927
vt 0.207757 0.044927
vt 0.142786 0.157461
vt 0.116848 0.112534
vt 0.519517 0.044927
vt 0.571393 0.044927
vt 0.506422 0.157461
vt 0.480484 0.112534
vt 0.116848 0.202387
vt 0.142786 0.157461
vt 0.181819 0.314921
vt 0.428608 0.202387
vt 0.493579 0.314921
vt 0.363637 0.314921
vt 0.064972 0.202387
vt 0.051877 0.314921
vt 0.025938 0.269995
vt 0.402669 0.157461
vt 0.727273 0.314921
vt 0.883153 0.269995
vt 0.948124 0.157461
vt 0.974062 0.202387
vt 0.935029 0.269995
vt 0.883153 0.269995
vt 0.857214 0.314921
vt 0.792244 0.427455
vt 0.571393 0.359848
vt 0.597331 0.314921
vt 0.662302 0.427455
vt 0.610426 0.427455
vt 0.480484 0.202387
vt 0.506422 0.157461
vt 0.571393 0.269995
vt 0.519517 0.269995
vt 0.025938 0.359848
vt 0.051877 0.314921
vt 0.116848 0.427455
vt 0.064972 0.427455
vt 0.519517 0.359848
vt 0.480484 0.427455
vt 0.428608 0.427456
vt 0.298666 0.427456
vt 0.246790 0.427455
vt 0.883153 0.044926
vt 0.974062 0.112534
vt 0.844120 0.427455
vt 0.935029 0.044927
vt 0.883153 0.359848
vt 0.480484 0.202387
s 0
usemtl Material.024
f 311/487/297 320/488/297 319/489/297 328/490/297 327/491/297
f 318/492/298 317/493/298 312/494/298 313/495/298
f 321/496/299 320/497/299 311/487/299 323/498/299 322/499/299
f 319/500/300 318/501/300 313/495/300 329/502/300 328/503/300
f 324/504/301 323/505/301 311/487/301 314/506/301
f 331/507/302 341/508/302 316/509/302
f 325/510/303 324/504/303 314/506/303 334/511/303 333/512/303
f 311/487/304 327/513/304 331/507/304 316/509/304
f 313/495/305 312/494/305 315/514/305
f 312/494/306 332/515/306 315/514/306
f 311/487/307 316/509/307 314/506/307
f 312/494/308 326/516/308 325/517/308 333/518/308 332/519/308
f 315/514/309 336/520/309 345/521/309
f 340/522/310 339/523/310 315/514/310 345/524/310 344/525/310
f 330/526/311 329/527/311 313/495/311 338/528/311 337/529/311
f 313/495/312 315/514/312 339/523/312 338/528/312
f 335/530/313 334/531/313 314/506/313 342/532/313 346/533/313
f 316/509/314 341/508/314 340/534/314 344/535/314 343/536/314
f 314/506/315 316/509/315 343/537/315 342/538/315
f 317/539/316 318/492/316 319/500/316 320/488/316 321/496/316
f 322/540/317 323/498/317 324/504/317 325/510/317 326/516/317
f 327/513/318 328/490/318 329/502/318 331/507/318
f 332/515/319 333/518/319 334/511/319 336/520/319
f 337/529/320 338/528/320 339/523/320 340/522/320 341/508/320
f 342/532/321 343/537/321 344/535/321 345/524/321 346/541/321
f 317/539/322 321/542/322 322/540/322 326/516/322 312/494/322
f 345/521/323 336/520/323 346/541/323
f 346/541/324 336/520/324 335/543/324
f 336/520/325 334/511/325 335/530/325
f 315/514/326 332/515/326 336/520/326
f 331/507/327 329/502/327 330/526/327
f 341/508/328 331/507/328 330/544/328 337/529/328
o Icosphere.009
v -0.924004 0.673870 0.949880
v -0.016301 0.304000 1.886223
v -1.047247 -0.499995 2.319675
v -1.989439 1.553208 1.478324
v -1.342402 1.059044 2.700391
v -2.692020 0.935174 1.352035
v -0.397403 -0.255191 1.472591
v -0.599505 -0.388946 1.418077
v -0.742313 -0.245667 1.215506
v -0.522807 -0.010869 1.099830
v -0.425841 -0.067226 1.273412
v -0.284366 0.334808 1.316649
v -0.184747 0.871239 1.113984
v -0.490009 1.146958 1.166558
v -0.357703 0.663978 1.259141
v -0.548074 0.590859 1.612544
v -1.506175 0.147838 0.911313
v -1.246466 -0.093196 0.903149
v -1.710366 -0.143805 1.175505
v -2.156266 0.226719 1.316046
v -2.073966 0.298360 1.009193
v -0.870137 1.159731 1.730875
v -0.786261 1.019454 1.374807
v -1.353226 1.457389 1.623041
v -1.689792 1.665573 2.080383
v -1.620579 1.483429 2.222257
v -2.665852 0.255102 1.915115
v -2.591780 0.209530 2.689932
v -2.615458 0.689380 2.943633
v -2.860831 0.726360 2.307849
v -2.807224 0.574111 1.843037
v -2.586594 1.385749 1.984655
v -2.585871 0.999358 1.838952
v -2.874344 1.009466 2.141387
v -2.496636 1.104782 2.408957
v -2.506621 1.450531 2.219442
vn 0.2099 -0.1432 -0.9672
vn 0.6341 -0.7215 0.2780
vn 0.4769 -0.1611 -0.8641
vn -0.1411 -0.9517 -0.2727
vn -0.0193 0.4309 -0.9022
vn -0.7398 -0.4474 -0.5026
vn 0.4654 0.7979 0.3831
vn -0.1478 0.3041 -0.9411
vn 0.4662 -0.1256 0.8757
vn 0.6216 0.6882 0.3743
vn -0.1551 0.3640 -0.9184
vn 0.7865 0.5945 -0.1675
vn -0.1502 0.6944 0.7037
vn -0.3510 0.7447 0.5676
vn -0.4464 -0.8912 -0.0801
vn 0.1741 -0.2677 0.9477
vn -0.1333 0.9808 -0.1423
vn -0.9321 0.3003 -0.2025
vn -0.7404 0.5996 -0.3037
vn 0.4889 -0.6086 -0.6250
vn 0.5965 0.2779 0.7530
vn -0.3359 -0.4923 -0.8030
vn 0.5174 0.8547 0.0414
vn -0.9224 -0.3521 0.1586
vn -0.8590 0.5052 0.0835
vn 0.9005 0.1511 -0.4079
vn -0.0206 0.4801 0.8770
vn -0.0251 0.6083 0.7933
vn 0.7743 0.5449 0.3218
vn 0.5542 0.7559 0.3485
vn -0.6624 -0.6704 -0.3342
vn -0.6808 -0.5604 -0.4716
vt 0.272728 0.157461
vt 0.337699 0.044927
vt 0.389575 0.044927
vt 0.428608 0.112534
vt 0.402669 0.157461
vt 0.701335 0.044927
vt 0.753211 0.044926
vt 0.818182 0.157461
vt 0.636364 0.157461
vt 0.155881 0.044927
vt 0.207757 0.044927
vt 0.142786 0.157461
vt 0.116848 0.112534
vt 0.519517 0.044927
vt 0.571393 0.044927
vt 0.506422 0.157461
vt 0.480484 0.112534
vt 0.116848 0.202387
vt 0.142786 0.157461
vt 0.181819 0.314921
vt 0.428608 0.202387
vt 0.493579 0.314921
vt 0.363637 0.314921
vt 0.064972 0.202387
vt 0.051877 0.314921
vt 0.025938 0.269995
vt 0.402669 0.157461
vt 0.727273 0.314921
vt 0.883153 0.269995
vt 0.948124 0.157461
vt 0.974062 0.202387
vt 0.935029 0.269995
vt 0.883153 0.269995
vt 0.857214 0.314921
vt 0.792244 0.427455
vt 0.571393 0.359848
vt 0.597331 0.314921
vt 0.662302 0.427455
vt 0.610426 0.427455
vt 0.480484 0.202387
vt 0.506422 0.157461
vt 0.571393 0.269995
vt 0.519517 0.269995
vt 0.025938 0.359848
vt 0.051877 0.314921
vt 0.116848 0.427455
vt 0.064972 0.427455
vt 0.519517 0.359848
vt 0.480484 0.427455
vt 0.428608 0.427456
vt 0.298666 0.427456
vt 0.246790 0.427455
vt 0.883153 0.044926
vt 0.974062 0.112534
vt 0.844120 0.427455
vt 0.935029 0.044927
vt 0.883153 0.359848
vt 0.480484 0.202387
s 0
usemtl Material.023
f 347/545/329 356/546/329 355/547/329 364/548/329 363/549/329
f 354/550/330 353/551/330 348/552/330 349/553/330
f 357/554/331 356/555/331 347/545/331 359/556/331 358/557/331
f 355/558/332 354/559/332 349/553/332 365/560/332 364/561/332
f 360/562/333 359/563/333 347/545/333 350/564/333
f 367/565/334 377/566/334 352/567/334
f 361/568/335 360/562/335 350/564/335 370/569/335 369/570/335
f 347/545/336 363/571/336 367/565/336 352/567/336
f 349/553/337 348/552/337 351/572/337
f 348/552/338 368/573/338 351/572/338
f 347/545/339 352/567/339 350/564/339
f 348/552/340 362/574/340 361/575/340 369/576/340 368/577/340
f 351/572/341 372/578/341 381/579/341
f 376/580/342 375/581/342 351/572/342 381/582/342 380/583/342
f 366/584/343 365/585/343 349/553/343 374/586/343 373/587/343
f 349/553/344 351/572/344 375/581/344 374/586/344
f 371/588/345 370/589/345 350/564/345 378/590/345 382/591/345
f 352/567/346 377/566/346 376/592/346 380/593/346 379/594/346
f 350/564/347 352/567/347 379/595/347 378/596/347
f 353/597/348 354/550/348 355/558/348 356/546/348 357/554/348
f 358/598/349 359/556/349 360/562/349 361/568/349 362/574/349
f 363/571/350 364/548/350 365/560/350 367/565/350
f 368/573/351 369/576/351 370/569/351 372/578/351
f 373/587/352 374/586/352 375/581/352 376/580/352 377/566/352
f 378/590/353 379/595/353 380/593/353 381/582/353 382/599/353
f 353/597/354 357/600/354 358/598/354 362/574/354 348/552/354
f 381/579/355 372/578/355 382/599/355
f 382/599/356 372/578/356 371/601/356
f 372/578/357 370/569/357 371/588/357
f 351/572/358 368/573/358 372/578/358
f 367/565/359 365/560/359 366/584/359
f 377/566/360 367/565/360 366/602/360 373/587/360
o Icosphere.008
v 1.676870 -2.087656 3.672501
v -1.221250 2.081004 -1.031506
v -0.929549 -0.792301 1.106366
v 1.152030 -0.400946 0.344338
v -0.146936 1.153244 2.098055
v 0.277308 -0.500795 -0.161921
v 0.678114 1.173425 1.945202
v 1.149060 1.124588 1.042473
v -1.154968 -0.097643 1.692078
v 1.550942 0.195801 0.885338
v -0.665484 0.314789 2.371665
v -0.378324 -1.025217 0.550453
v -1.621664 1.852973 -0.351447
v -1.679868 1.666427 -0.011913
v -1.462184 1.301164 -0.938712
v -1.466522 0.939475 -0.787533
v -0.719837 1.467592 -1.248581
v -0.489017 1.150734 -1.203546
v -0.420511 2.122262 -0.852830
v -0.085393 2.036035 -0.667085
v -0.827588 2.344463 0.063788
v -0.977872 2.360449 -0.298363
v 1.204904 -1.510268 3.876828
v 0.912078 -1.145083 3.813231
v 0.522151 -2.011645 3.285182
v 0.923157 -2.126491 3.504319
v 1.255559 -2.326600 2.554132
v 1.447785 -2.350690 2.982414
v 2.120630 -1.650832 2.620428
v 2.053769 -1.873017 3.032380
v 1.903655 -1.353614 3.585156
v 1.900521 -0.919282 3.403985
vn 0.1509 0.6294 0.7623
vn -0.1722 -0.4507 0.8759
vn -0.8245 -0.4965 0.2715
vn 0.0411 -0.8223 -0.5676
vn 0.8718 -0.1645 -0.4614
vn -0.3206 0.4672 0.8240
vn -0.0337 -0.9301 0.3657
vn 0.6112 -0.7855 0.0965
vn 0.8713 -0.2168 0.4403
vn 0.6972 0.6368 0.3293
vn -0.7396 -0.1173 0.6628
vn -0.5046 -0.8518 -0.1411
vn 0.4828 -0.6489 -0.5881
vn 0.9400 0.3406 0.0203
vn -0.9562 -0.2929 -0.0024
vn -0.6647 -0.6356 -0.3927
vn 0.5046 -0.2808 -0.8164
vn 0.8270 0.4209 -0.3728
vn 0.0689 0.8708 0.4868
vn 0.4631 0.8730 0.1529
vn -0.6112 0.7855 -0.0965
vn -0.8713 0.2168 -0.4403
vn -0.3871 0.0099 -0.9220
vn 0.1722 0.4507 -0.8759
vn 0.0337 0.9301 -0.3657
vn -0.5755 0.5936 0.5625
vn -0.2403 -0.6166 -0.7497
vn 0.7332 0.0927 -0.6737
vn -0.6092 0.7370 0.2927
vn -0.9769 -0.0694 -0.2021
vn -0.2962 -0.3552 -0.8866
vn 0.5168 0.2582 -0.8163
vn 0.3056 0.9475 -0.0940
vn -0.8495 0.2133 0.4825
vn -0.5144 -0.2627 0.8163
vn 0.2820 0.3748 0.8832
vn -0.3171 -0.9443 0.0879
vn 0.6023 -0.7373 -0.3060
vn 0.9775 0.0811 0.1948
vn 0.3871 -0.0099 0.9220
vt 0.270276 0.163713
vt 0.454575 0.163941
vt 0.406999 0.239816
vt 0.322447 0.243578
vt 0.181819 0.000000
vt 0.248672 0.115795
vt 0.114966 0.115795
vt 0.090728 0.163939
vt 0.140105 0.242670
vt 0.042800 0.240789
vt 0.818911 0.163823
vt 0.866355 0.240899
vt 0.765034 0.249516
vt 0.636038 0.164173
vt 0.683356 0.238854
vt 0.591032 0.235980
vt 0.271921 0.164090
vt 0.227494 0.235808
vt 0.909091 0.000000
vt 0.975945 0.115795
vt 0.842238 0.115795
vt 0.727273 0.000000
vt 0.794127 0.115795
vt 0.660419 0.115795
vt 0.545455 0.000000
vt 0.612309 0.115795
vt 0.478602 0.115795
vt 0.453968 0.163904
vt 0.505756 0.246161
vt 0.272368 0.164168
vt 0.089502 0.163751
vt 0.818328 0.163878
vt 1.000705 0.163874
vt 0.951891 0.240789
vt 0.634984 0.164004
vt 0.820589 0.163463
vt 0.452414 0.163586
vt 0.636687 0.164167
vt 0.181574 0.309591
vt -0.000834 0.309698
vt 0.909078 0.309590
vt 0.728491 0.309309
vt 0.544436 0.309491
vt 0.363248 0.309539
vt 0.544622 0.309400
vt 0.362110 0.309764
vt 0.201703 0.349362
vt 0.343753 0.349362
vt 0.272728 0.472382
vt 0.019885 0.349362
vt 0.161935 0.349362
vt 0.090910 0.472382
vt 0.747157 0.349362
vt 0.889207 0.349362
vt 0.818182 0.472382
vt 0.565339 0.349362
vt 0.707389 0.349362
vt 0.636364 0.472382
vt 0.383521 0.349362
vt 0.525571 0.349362
vt 0.454546 0.472382
vt 0.363710 0.309536
vt 0.179822 0.309920
vt 0.909971 0.309720
vt 0.728405 0.309197
vt 0.730212 0.309780
vt 0.542829 0.309901
vt 0.181172 0.309624
vt 0.296784 0.115795
vt 0.430490 0.115795
vt 0.363637 0.000000
s 0
usemtl Material.019
f 406/603/361 414/604/361 389/605/361 387/606/361
f 383/607/362 405/608/362 408/609/362
f 407/610/363 391/611/363 385/612/363
f 409/613/364 394/614/364 388/615/364
f 411/616/365 386/617/365 392/618/365
f 406/619/366 387/606/366 393/620/366
f 383/621/367 408/622/367 410/623/367
f 383/624/368 410/625/368 412/626/368
f 383/627/369 412/628/369 413/629/369
f 414/630/370 390/631/370 389/605/370
f 406/632/371 393/620/371 391/611/371 407/633/371
f 409/634/372 407/635/372 385/636/372 394/614/372
f 411/637/373 409/638/373 388/615/373 386/617/373
f 414/639/374 411/640/374 392/618/374 390/631/374
f 385/612/375 391/611/375 396/641/375 398/642/375
f 394/614/376 385/636/376 398/643/376
f 386/617/377 388/615/377 400/644/377
f 390/631/378 392/618/378 402/645/378
f 387/606/379 389/605/379 403/646/379
f 389/605/380 390/631/380 402/647/380 403/648/380
f 395/649/381 404/650/381 384/651/381
f 397/652/382 395/653/382 384/654/382
f 399/655/383 397/656/383 384/657/383
f 401/658/384 399/659/384 384/660/384
f 404/661/385 401/662/385 384/663/385
f 393/620/386 387/606/386 403/664/386 396/665/386
f 388/615/387 394/614/387 398/666/387 400/667/387
f 392/618/388 386/617/388 400/668/388 402/669/388
f 404/650/389 395/649/389 396/665/389 403/664/389
f 395/653/390 397/652/390 398/642/390 396/641/390
f 397/656/391 399/655/391 400/667/391 398/666/391
f 399/659/392 401/658/392 402/669/392 400/668/392
f 401/662/393 404/661/393 403/648/393 402/647/393
f 396/670/394 391/611/394 393/620/394
f 406/632/395 407/633/395 408/609/395 405/608/395
f 414/604/396 406/603/396 405/671/396 413/672/396
f 407/635/397 409/634/397 410/623/397 408/622/397
f 409/638/398 411/637/398 412/626/398 410/625/398
f 411/640/399 414/639/399 413/629/399 412/628/399
f 405/671/400 383/673/400 413/672/400
o Icosphere.007
v 0.450019 -0.293896 4.374004
v -0.262173 -1.160918 3.095161
v 0.691581 -0.846801 2.783319
v -0.691579 0.846796 3.804149
v -0.387780 0.413631 2.197214
v 0.262175 1.160914 3.492306
v 0.436482 -1.428073 3.695971
v 0.708605 -1.338447 3.606994
v 0.834188 -1.185561 3.832502
v 0.639683 -1.180693 4.060848
v 0.393886 -1.330571 3.976469
v -0.089943 -1.023351 4.037628
v -0.165661 -0.669317 4.162649
v -0.491382 -0.343858 4.000058
v -0.616963 -0.496747 3.774553
v -0.368865 -0.916696 3.797771
v 0.937221 -0.306089 3.802037
v 1.012942 -0.660122 3.677013
v 1.006145 -0.463844 3.348179
v 0.795806 0.086543 3.185721
v 0.883630 0.108994 3.550468
v -0.883628 -0.108999 3.036999
v -0.926223 -0.011498 3.317496
v -1.006144 0.463839 3.239288
v -1.012941 0.660118 2.910454
v -0.646111 0.438671 2.759350
v 0.616964 0.496742 2.812914
v 0.491384 0.343853 2.587409
v 0.165662 0.669313 2.424819
v 0.089944 1.023347 2.549839
v 0.368866 0.916691 2.789697
v -0.708603 1.338443 2.980474
v -0.436481 1.428068 2.891496
v -0.393884 1.330567 2.610998
v -0.639681 1.180688 2.526619
v -0.834186 1.185556 2.754965
vn 0.7589 -0.0665 0.6478
vn 0.1136 -0.8521 -0.5109
vn -0.1053 -0.3511 0.9304
vn 0.8942 -0.3761 -0.2430
vn -0.3718 0.0895 0.9240
vn 0.8612 0.5063 -0.0452
vn -0.8547 -0.0588 0.5158
vn 0.6887 0.4388 0.5773
vn -0.1164 -0.4990 -0.8587
vn -0.6453 -0.4166 -0.6403
vn 0.1032 0.5252 0.8447
vn -0.8612 -0.5063 0.0452
vn -0.9040 -0.1208 -0.4101
vn 0.1386 0.3987 -0.9066
vn 0.8752 0.0897 -0.4754
vn 0.3993 -0.0775 -0.9135
vn -0.8942 0.3761 0.2430
vn 0.5042 0.8366 -0.2142
vn -0.1136 0.8521 0.5109
vn 0.3950 -0.8475 0.3546
vn -0.6831 -0.3687 0.6304
vn 0.9800 0.1790 0.0866
vn -0.8852 -0.0252 -0.4646
vn 0.6831 0.3687 -0.6304
vn -0.3950 0.8475 -0.3546
vn -0.5042 -0.8366 0.2142
vn -0.7491 -0.1923 -0.6340
vn -0.4370 -0.1153 -0.8920
vn -0.5890 -0.6992 -0.4052
vn -0.8916 0.1750 -0.4176
vn 0.9282 0.2836 -0.2409
vn 0.9043 0.4126 -0.1100
vt 0.272728 0.157461
vt 0.337699 0.044927
vt 0.389575 0.044927
vt 0.428608 0.112534
vt 0.402669 0.157461
vt 0.701335 0.044927
vt 0.753211 0.044926
vt 0.818182 0.157461
vt 0.636364 0.157461
vt 0.155881 0.044927
vt 0.207757 0.044927
vt 0.142786 0.157461
vt 0.116848 0.112534
vt 0.519517 0.044927
vt 0.571393 0.044927
vt 0.506422 0.157461
vt 0.480484 0.112534
vt 0.116848 0.202387
vt 0.142786 0.157461
vt 0.181819 0.314921
vt 0.428608 0.202387
vt 0.493579 0.314921
vt 0.363637 0.314921
vt 0.064972 0.202387
vt 0.051877 0.314921
vt 0.025938 0.269995
vt 0.402669 0.157461
vt 0.727273 0.314921
vt 0.883153 0.269995
vt 0.948124 0.157461
vt 0.974062 0.202387
vt 0.935029 0.269995
vt 0.883153 0.269995
vt 0.857214 0.314921
vt 0.792244 0.427455
vt 0.571393 0.359848
vt 0.597331 0.314921
vt 0.662302 0.427455
vt 0.610426 0.427455
vt 0.480484 0.202387
vt 0.506422 0.157461
vt 0.571393 0.269995
vt 0.519517 0.269995
vt 0.025938 0.359848
vt 0.051877 0.314921
vt 0.116848 0.427455
vt 0.064972 0.427455
vt 0.519517 0.359848
vt 0.480484 0.427455
vt 0.428608 0.427456
vt 0.298666 0.427456
vt 0.246790 0.427455
vt 0.883153 0.044926
vt 0.974062 0.112534
vt 0.844120 0.427455
vt 0.935029 0.044927
vt 0.883153 0.359848
vt 0.480484 0.202387
s 0
usemtl Material.018
f 415/674/401 424/675/401 423/676/401 432/677/401 431/678/401
f 422/679/402 421/680/402 416/681/402 417/682/402
f 425/683/403 424/684/403 415/674/403 427/685/403 426/686/403
f 423/687/404 422/688/404 417/682/404 433/689/404 432/690/404
f 428/691/405 427/692/405 415/674/405 418/693/405
f 435/694/406 445/695/406 420/696/406
f 429/697/407 428/691/407 418/693/407 438/698/407 437/699/407
f 415/674/408 431/700/408 435/694/408 420/696/408
f 417/682/409 416/681/409 419/701/409
f 416/681/410 436/702/410 419/701/410
f 415/674/411 420/696/411 418/693/411
f 416/681/412 430/703/412 429/704/412 437/705/412 436/706/412
f 419/701/413 440/707/413 449/708/413
f 444/709/414 443/710/414 419/701/414 449/711/414 448/712/414
f 434/713/415 433/714/415 417/682/415 442/715/415 441/716/415
f 417/682/416 419/701/416 443/710/416 442/715/416
f 439/717/417 438/718/417 418/693/417 446/719/417 450/720/417
f 420/696/418 445/695/418 444/721/418 448/722/418 447/723/418
f 418/693/419 420/696/419 447/724/419 446/725/419
f 421/726/420 422/679/420 423/687/420 424/675/420 425/683/420
f 426/727/421 427/685/421 428/691/421 429/697/421 430/703/421
f 431/700/422 432/677/422 433/689/422 435/694/422
f 436/702/423 437/705/423 438/698/423 440/707/423
f 441/716/424 442/715/424 443/710/424 444/709/424 445/695/424
f 446/719/425 447/724/425 448/722/425 449/711/425 450/728/425
f 421/726/426 425/729/426 426/727/426 430/703/426 416/681/426
f 449/708/427 440/707/427 450/728/427
f 450/728/428 440/707/428 439/730/428
f 440/707/429 438/698/429 439/717/429
f 419/701/430 436/702/430 440/707/430
f 435/694/431 433/689/431 434/713/431
f 445/695/432 435/694/432 434/731/432 441/716/432
o Icosphere.006
v -0.876665 -1.353572 3.654752
v -2.114609 -1.889005 3.789922
v -2.353037 -1.198139 2.622449
v -0.823152 0.091113 3.967261
v -2.266106 -0.168711 3.885533
v -0.613127 0.368948 3.089633
v -1.732219 -1.964357 3.099180
v -1.645450 -1.873518 2.884875
v -1.381257 -1.776016 2.936390
v -1.295073 -1.906213 3.240223
v -1.498655 -1.941637 3.243207
v -1.496629 -1.877137 3.666706
v -1.225405 -1.818956 4.178378
v -1.113974 -1.433821 4.284321
v -1.347858 -1.704424 3.921805
v -1.626838 -1.439524 3.785865
v -0.766452 -1.103296 2.918318
v -0.896299 -1.419352 2.824184
v -1.006657 -0.951112 2.578187
v -0.909562 -0.376879 2.707398
v -0.638493 -0.535064 2.794370
v -1.506310 -0.895027 4.146889
v -1.236827 -1.160348 4.044510
v -1.184582 -0.416683 4.182677
v -1.449999 0.124387 4.233429
v -1.642875 0.048072 4.110669
v -1.288251 0.288667 2.525715
v -2.035001 0.510819 2.556038
v -2.155704 0.825433 2.982218
v -1.482874 0.795300 2.871816
v -1.106125 0.507691 2.739741
v -1.130825 0.712702 3.567297
v -1.081536 0.497329 3.218423
v -1.263463 0.857356 3.108563
v -1.611835 0.688908 3.379865
v -1.358674 0.764685 3.672655
vn 0.7899 -0.6086 -0.0756
vn -0.6201 -0.7100 -0.3336
vn 0.6041 -0.7961 0.0365
vn 0.0887 -0.3790 -0.9211
vn 0.9303 -0.1594 0.3303
vn 0.6055 0.2317 -0.7613
vn -0.3296 0.0915 0.9397
vn 0.9803 -0.1203 0.1569
vn -0.9849 -0.0948 0.1450
vn -0.3964 -0.0857 0.9141
vn 0.9748 -0.0810 0.2076
vn 0.0277 -0.4712 0.8816
vn -0.4465 0.6821 0.5792
vn -0.2448 0.8154 0.5247
vn 0.0243 -0.0272 -0.9993
vn -0.9869 0.1162 -0.1122
vn 0.3888 0.4557 0.8008
vn 0.5557 0.8130 -0.1735
vn 0.6518 0.7379 0.1754
vn 0.2825 -0.8958 -0.3431
vn -0.8262 -0.0851 0.5569
vn 0.7404 -0.2371 -0.6290
vn -0.0199 -0.0613 0.9979
vn 0.0778 0.6790 -0.7300
vn 0.3136 0.9479 0.0553
vn 0.1147 -0.8402 0.5300
vn -0.6949 0.5550 0.4572
vn -0.5884 0.5786 0.5648
vn -0.4292 -0.2908 0.8551
vn -0.3359 -0.0125 0.9418
vn 0.3767 0.1423 -0.9153
vn 0.5331 0.1489 -0.8328
vt 0.272728 0.157461
vt 0.337699 0.044927
vt 0.389575 0.044927
vt 0.428608 0.112534
vt 0.402669 0.157461
vt 0.701335 0.044927
vt 0.753211 0.044926
vt 0.818182 0.157461
vt 0.636364 0.157461
vt 0.155881 0.044927
vt 0.207757 0.044927
vt 0.142786 0.157461
vt 0.116848 0.112534
vt 0.519517 0.044927
vt 0.571393 0.044927
vt 0.506422 0.157461
vt 0.480484 0.112534
vt 0.116848 0.202387
vt 0.142786 0.157461
vt 0.181819 0.314921
vt 0.428608 0.202387
vt 0.493579 0.314921
vt 0.363637 0.314921
vt 0.064972 0.202387
vt 0.051877 0.314921
vt 0.025938 0.269995
vt 0.402669 0.157461
vt 0.727273 0.314921
vt 0.883153 0.269995
vt 0.948124 0.157461
vt 0.974062 0.202387
vt 0.935029 0.269995
vt 0.883153 0.269995
vt 0.857214 0.314921
vt 0.792244 0.427455
vt 0.571393 0.359848
vt 0.597331 0.314921
vt 0.662302 0.427455
vt 0.610426 0.427455
vt 0.480484 0.202387
vt 0.506422 0.157461
vt 0.571393 0.269995
vt 0.519517 0.269995
vt 0.025938 0.359848
vt 0.051877 0.314921
vt 0.116848 0.427455
vt 0.064972 0.427455
vt 0.519517 0.359848
vt 0.480484 0.427455
vt 0.428608 0.427456
vt 0.298666 0.427456
vt 0.246790 0.427455
vt 0.883153 0.044926
vt 0.974062 0.112534
vt 0.844120 0.427455
vt 0.935029 0.044927
vt 0.883153 0.359848
vt 0.480484 0.202387
s 0
usemtl Material.017
f 451/732/433 460/733/433 459/734/433 468/735/433 467/736/433
f 458/737/434 457/738/434 452/739/434 453/740/434
f 461/741/435 460/742/435 451/732/435 463/743/435 462/744/435
f 459/745/436 458/746/436 453/740/436 469/747/436 468/748/436
f 464/749/437 463/750/437 451/732/437 454/751/437
f 471/752/438 481/753/438 456/754/438
f 465/755/439 464/749/439 454/751/439 474/756/439 473/757/439
f 451/732/440 467/758/440 471/752/440 456/754/440
f 453/740/441 452/739/441 455/759/441
f 452/739/442 472/760/442 455/759/442
f 451/732/443 456/754/443 454/751/443
f 452/739/444 466/761/444 465/762/444 473/763/444 472/764/444
f 455/759/445 476/765/445 485/766/445
f 480/767/446 479/768/446 455/759/446 485/769/446 484/770/446
f 470/771/447 469/772/447 453/740/447 478/773/447 477/774/447
f 453/740/448 455/759/448 479/768/448 478/773/448
f 475/775/449 474/776/449 454/751/449 482/777/449 486/778/449
f 456/754/450 481/753/450 480/779/450 484/780/450 483/781/450
f 454/751/451 456/754/451 483/782/451 482/783/451
f 457/784/452 458/737/452 459/745/452 460/733/452 461/741/452
f 462/785/453 463/743/453 464/749/453 465/755/453 466/761/453
f 467/758/454 468/735/454 469/747/454 471/752/454
f 472/760/455 473/763/455 474/756/455 476/765/455
f 477/774/456 478/773/456 479/768/456 480/767/456 481/753/456
f 482/777/457 483/782/457 484/780/457 485/769/457 486/786/457
f 457/784/458 461/787/458 462/785/458 466/761/458 452/739/458
f 485/766/459 476/765/459 486/786/459
f 486/786/460 476/765/460 475/788/460
f 476/765/461 474/756/461 475/775/461
f 455/759/462 472/760/462 476/765/462
f 471/752/463 469/747/463 470/771/463
f 481/753/464 471/752/464 470/789/464 477/774/464
o Cube.007
v 3.233987 -1.538596 3.824196
v 1.506437 -1.718829 4.751227
v 3.294592 -2.151344 4.341755
v 1.815500 -2.321139 5.165445
v 2.850793 -2.333432 3.116750
v 0.652847 -2.584221 4.129531
v 3.062314 -2.911172 3.813113
v 1.334468 -3.128630 4.780426
v 3.901753 -1.902177 4.236082
v 3.286664 -1.814268 4.088910
v 3.360301 -1.617486 3.926808
v 2.935512 -1.403258 4.003961
v 2.412201 -1.530459 4.312322
v 1.677041 -1.331133 4.656838
v 1.483841 -1.792037 4.937335
v 1.460210 -1.922078 5.194369
v 1.338915 -2.100826 5.719028
v 2.165987 -2.283150 5.159822
v 2.602379 -2.222401 4.766712
v 3.109899 -2.181073 4.600112
v 3.306381 -2.801954 3.899359
v 3.291728 -2.536013 4.081899
v 3.465817 -2.337598 4.232807
v 1.586366 -2.551999 5.272827
v 1.283175 -2.894339 5.359958
v 1.374515 -2.988720 4.935986
v 1.642258 -3.296894 4.643795
v 2.264912 -3.463996 4.333509
v 2.657824 -3.005093 4.043381
v 3.033912 -2.494290 3.082674
v 3.016665 -2.632999 3.360628
v 3.106404 -2.819838 3.557746
v 1.032483 -3.137626 4.718979
v 1.231825 -2.825367 4.443335
v 0.713277 -2.805092 4.328888
v 1.257754 -2.551713 3.820058
v 1.815965 -2.490037 3.438263
v 2.424868 -2.405507 3.225113
v 3.331275 -1.599092 3.522870
v 3.508319 -1.667404 2.966113
v 2.955864 -2.153513 3.291146
v 1.256430 -2.419165 4.300992
v 1.337538 -2.200565 4.460561
v 1.152352 -1.822293 4.697810
v 2.950601 -1.600513 4.229700
v 2.538457 -1.423646 4.572119
v 1.878862 -1.459218 4.927048
v 3.403719 -1.483990 4.485227
v 2.647906 -1.605396 4.780695
v 2.043150 -1.740766 5.003430
v 3.087012 -1.915818 4.499779
v 2.767261 -1.846825 5.055846
v 2.169626 -2.035101 4.891346
v 3.185017 -2.500781 4.597498
v 2.620648 -2.561456 4.895392
v 2.089325 -2.522956 4.909440
v 2.764265 -2.602228 4.365051
v 2.409368 -2.736192 4.652092
v 1.912788 -2.942989 5.141581
v 2.920084 -2.994941 4.253884
v 2.354599 -3.079641 4.583238
v 1.831971 -2.975544 4.749405
v 2.517616 -2.891247 3.820212
v 2.022045 -3.045360 4.071971
v 1.507227 -3.128445 4.371792
v 2.540416 -2.877419 3.454796
v 1.905457 -3.028025 3.752720
v 1.278424 -3.092866 4.134377
v 2.458295 -2.673734 3.259504
v 1.815425 -2.815867 3.508403
v 1.263447 -2.835896 3.932349
v 2.541052 -2.117965 3.318379
v 1.898486 -2.136100 3.525042
v 1.396925 -2.263929 3.957499
v 2.729492 -1.667420 3.298981
v 2.015048 -1.759098 3.702466
v 1.440907 -1.934520 4.138836
v 2.857467 -1.410912 3.620128
v 2.180341 -1.448417 3.978245
v 1.526720 -1.575472 4.356067
v 3.784380 -2.130687 3.933028
v 4.308569 -2.446047 3.513685
v 3.294417 -2.558183 3.651946
v 3.974895 -1.876214 3.641138
v 3.675444 -2.152926 3.475611
v 3.412567 -2.404851 3.350914
v 3.629071 -1.731161 3.557104
v 3.500628 -1.981456 3.348596
v 3.434512 -2.230432 3.084142
v 1.127107 -2.861251 4.855050
v 1.191745 -2.646588 5.033584
v 1.043971 -2.413437 5.503671
v 0.558196 -2.808057 4.915262
v 0.759586 -2.501573 5.081354
v 1.330792 -2.225865 4.958251
v 0.964328 -2.557577 4.543366
v 0.868601 -2.303426 4.791310
v 1.348243 -2.089416 4.785413
vn 0.0745 0.9960 0.0497
vn 0.2586 0.6123 0.7471
vn 0.6084 0.1565 0.7781
vn -0.0286 0.2790 0.9599
vn 0.4666 0.7656 0.4429
vn 0.1487 0.9790 0.1391
vn 0.1043 0.9942 -0.0247
vn -0.6411 0.5768 0.5062
vn -0.1479 0.5915 0.7926
vn 0.3920 0.6071 0.6912
vn 0.5701 0.0779 0.8179
vn 0.2369 -0.0960 0.9668
vn 0.6109 -0.3453 0.7125
vn 0.4617 -0.1763 0.8693
vn 0.6934 0.5448 0.4716
vn 0.4471 0.8615 -0.2407
vn 0.2968 -0.9426 0.1529
vn 0.4586 -0.3146 0.8311
vn 0.5720 -0.1199 0.8115
vn 0.4018 -0.7640 0.5049
vn 0.7459 0.2249 0.6269
vn 0.3693 0.2249 0.9017
vn 0.3821 -0.2269 0.8958
vn 0.3788 -0.4855 0.7879
vn 0.4565 0.0837 0.8858
vn 0.0251 -0.9878 0.1540
vn 0.2226 -0.5620 0.7967
vn 0.2256 -0.5079 0.8313
vn 0.5853 -0.7801 0.2211
vn 0.2791 -0.9559 -0.0916
vn 0.5977 -0.1924 0.7783
vn 0.3724 -0.9175 0.1398
vn 0.2253 -0.9714 -0.0751
vn 0.0526 -0.9905 -0.1268
vn -0.1119 -0.7434 -0.6594
vn -0.3791 -0.6810 -0.6265
vn -0.0387 -0.9212 -0.3872
vn 0.0090 -0.6696 -0.7427
vn -0.3579 -0.7436 -0.5648
vn -0.2640 -0.9580 -0.1121
vn -0.7325 -0.5823 -0.3527
vn -0.4564 -0.8897 -0.0099
vn -0.4476 -0.5113 -0.7336
vn -0.5582 -0.2421 -0.7936
vn -0.3115 -0.1814 -0.9328
vn -0.2430 -0.1233 -0.9622
vn 0.1649 -0.7882 -0.5929
vn 0.1574 -0.9241 -0.3484
vn -0.4103 0.3147 -0.8559
vn -0.6328 0.4601 -0.6228
vn -0.3660 0.7578 -0.5402
vn -0.5334 0.6220 -0.5733
vn -0.1565 0.5455 -0.8234
vn -0.3237 0.3473 -0.8801
vn -0.5952 0.4405 -0.6721
vn -0.4302 0.8700 -0.2410
vn -0.9397 0.3076 -0.1497
vn -0.8589 0.1798 -0.4795
vn -0.6560 0.7197 0.2274
vn -0.0601 0.9752 -0.2131
vn -0.0636 0.9895 0.1300
vn 0.3598 0.9294 -0.0823
vn 0.0222 0.9380 -0.3458
vn -0.2900 -0.1198 -0.9495
vn 0.8193 0.5291 -0.2208
vn 0.1328 -0.4978 -0.8571
vn 0.4771 0.2170 -0.8516
vn 0.8532 -0.1801 -0.4895
vn 0.5475 -0.5529 0.6281
vn 0.5588 -0.4157 0.7176
vn 0.3514 -0.9349 0.0504
vn 0.6892 -0.6225 -0.3709
vn 0.6184 -0.6650 -0.4188
vn 0.4757 -0.7770 -0.4124
vn -0.1352 0.4943 -0.8587
vn 0.1718 -0.2236 -0.9594
vn 0.8827 0.4510 -0.1317
vn 0.4430 0.8965 0.0090
vn 0.5154 0.7316 0.4462
vn 0.5567 0.8242 0.1044
vn -0.0176 -0.5453 0.8381
vn -0.8088 0.3517 0.4713
vn -0.8314 0.4229 -0.3604
vn -0.3154 0.8079 0.4978
vn -0.3153 -0.4740 0.8222
vn -0.8317 -0.5081 0.2238
vn -0.3880 -0.4357 0.8122
vn 0.3931 -0.5285 0.7524
vn -0.7875 0.6094 -0.0917
vn -0.9346 0.3354 0.1186
vn -0.5746 0.3150 0.7554
vn -0.8647 0.4833 -0.1369
vn -0.6160 0.5033 -0.6060
vn -0.5306 0.7721 0.3497
vn -0.7294 -0.6553 -0.1962
vn -0.6168 -0.7550 -0.2227
vt 0.437500 0.062500
vt 0.500000 0.062500
vt 0.500000 0.125000
vt 0.437500 0.125000
vt 0.562500 0.062500
vt 0.562500 0.125000
vt 0.500000 0.187500
vt 0.437500 0.187500
vt 0.562500 0.187500
vt 0.375000 0.000000
vt 0.437500 0.000000
vt 0.375000 0.062500
vt 0.500000 0.000000
vt 0.562500 0.000000
vt 0.625000 0.000000
vt 0.625000 0.062500
vt 0.625000 0.125000
vt 0.625000 0.187500
vt 0.625000 0.250000
vt 0.562500 0.250000
vt 0.500000 0.250000
vt 0.437500 0.250000
vt 0.375000 0.187500
vt 0.375000 0.250000
vt 0.375000 0.125000
vt 0.437500 0.312500
vt 0.500000 0.312500
vt 0.500000 0.375000
vt 0.437500 0.375000
vt 0.562500 0.312500
vt 0.562500 0.375000
vt 0.500000 0.437500
vt 0.437500 0.437500
vt 0.562500 0.437500
vt 0.375000 0.312500
vt 0.625000 0.312500
vt 0.625000 0.375000
vt 0.625000 0.437500
vt 0.625000 0.500000
vt 0.562500 0.500000
vt 0.500000 0.500000
vt 0.437500 0.500000
vt 0.375000 0.437500
vt 0.375000 0.500000
vt 0.375000 0.375000
vt 0.437500 0.562500
vt 0.500000 0.562500
vt 0.500000 0.625000
vt 0.437500 0.625000
vt 0.562500 0.562500
vt 0.562500 0.625000
vt 0.500000 0.687500
vt 0.437500 0.687500
vt 0.562500 0.687500
vt 0.375000 0.562500
vt 0.625000 0.562500
vt 0.625000 0.625000
vt 0.625000 0.687500
vt 0.625000 0.750000
vt 0.562500 0.750000
vt 0.500000 0.750000
vt 0.437500 0.750000
vt 0.375000 0.687500
vt 0.375000 0.750000
vt 0.375000 0.625000
vt 0.437500 0.812500
vt 0.500000 0.812500
vt 0.500000 0.875000
vt 0.437500 0.875000
vt 0.562500 0.812500
vt 0.562500 0.875000
vt 0.500000 0.937500
vt 0.437500 0.937500
vt 0.562500 0.937500
vt 0.375000 0.812500
vt 0.625000 0.812500
vt 0.625000 0.875000
vt 0.625000 0.937500
vt 0.625000 1.000000
vt 0.562500 1.000000
vt 0.500000 1.000000
vt 0.437500 1.000000
vt 0.375000 0.937500
vt 0.375000 1.000000
vt 0.375000 0.875000
vt 0.187500 0.562500
vt 0.250000 0.562500
vt 0.250000 0.625000
vt 0.187500 0.625000
vt 0.312500 0.562500
vt 0.312500 0.625000
vt 0.250000 0.687500
vt 0.187500 0.687500
vt 0.312500 0.687500
vt 0.125000 0.500000
vt 0.187500 0.500000
vt 0.125000 0.562500
vt 0.250000 0.500000
vt 0.312500 0.500000
vt 0.312500 0.750000
vt 0.250000 0.750000
vt 0.187500 0.750000
vt 0.125000 0.687500
vt 0.125000 0.750000
vt 0.125000 0.625000
vt 0.687500 0.562500
vt 0.750000 0.562500
vt 0.750000 0.625000
vt 0.687500 0.625000
vt 0.812500 0.562500
vt 0.812500 0.625000
vt 0.750000 0.687500
vt 0.687500 0.687500
vt 0.812500 0.687500
vt 0.687500 0.500000
vt 0.750000 0.500000
vt 0.812500 0.500000
vt 0.875000 0.500000
vt 0.875000 0.562500
vt 0.875000 0.625000
vt 0.875000 0.687500
vt 0.875000 0.750000
vt 0.812500 0.750000
vt 0.750000 0.750000
vt 0.687500 0.750000
s 0
usemtl Material.031
f 531/790/465 532/791/465 535/792/465 534/793/465
f 532/791/466 533/794/466 536/795/466 535/792/466
f 534/793/467 535/792/467 538/796/467 537/797/467
f 535/792/468 536/795/468 539/798/468 538/796/468
f 487/799/469 498/800/469 531/790/469 497/801/469
f 498/800/470 499/802/470 532/791/470 531/790/470
f 499/802/471 500/803/471 533/794/471 532/791/471
f 500/803/472 488/804/472 501/805/472 533/794/472
f 533/794/473 501/805/473 502/806/473 536/795/473
f 536/795/474 502/806/474 503/807/474 539/798/474
f 539/798/475 503/807/475 490/808/475 504/809/475
f 538/796/476 539/798/476 504/809/476 505/810/476
f 537/797/477 538/796/477 505/810/477 506/811/477
f 495/812/478 537/797/478 506/811/478 489/813/478
f 496/814/479 534/793/479 537/797/479 495/812/479
f 497/801/480 531/790/480 534/793/480 496/814/480
f 540/815/481 541/816/481 544/817/481 543/818/481
f 541/816/482 542/819/482 545/820/482 544/817/482
f 543/818/483 544/817/483 547/821/483 546/822/483
f 544/817/484 545/820/484 548/823/484 547/821/484
f 489/813/485 506/811/485 540/815/485 509/824/485
f 506/811/486 505/810/486 541/816/486 540/815/486
f 505/810/487 504/809/487 542/819/487 541/816/487
f 504/809/488 490/808/488 510/825/488 542/819/488
f 542/819/489 510/825/489 511/826/489 545/820/489
f 545/820/490 511/826/490 512/827/490 548/823/490
f 548/823/491 512/827/491 494/828/491 513/829/491
f 547/821/492 548/823/492 513/829/492 514/830/492
f 546/822/493 547/821/493 514/830/493 515/831/493
f 507/832/494 546/822/494 515/831/494 493/833/494
f 508/834/495 543/818/495 546/822/495 507/832/495
f 509/824/496 540/815/496 543/818/496 508/834/496
f 549/835/497 550/836/497 553/837/497 552/838/497
f 550/836/498 551/839/498 554/840/498 553/837/498
f 552/838/499 553/837/499 556/841/499 555/842/499
f 553/837/500 554/840/500 557/843/500 556/841/500
f 493/833/501 515/831/501 549/835/501 518/844/501
f 515/831/502 514/830/502 550/836/502 549/835/502
f 514/830/503 513/829/503 551/839/503 550/836/503
f 513/829/504 494/828/504 519/845/504 551/839/504
f 551/839/505 519/845/505 520/846/505 554/840/505
f 554/840/506 520/846/506 521/847/506 557/843/506
f 557/843/507 521/847/507 492/848/507 522/849/507
f 556/841/508 557/843/508 522/849/508 523/850/508
f 555/842/509 556/841/509 523/850/509 524/851/509
f 516/852/510 555/842/510 524/851/510 491/853/510
f 517/854/511 552/838/511 555/842/511 516/852/511
f 518/844/512 549/835/512 552/838/512 517/854/512
f 558/855/513 559/856/513 562/857/513 561/858/513
f 559/856/514 560/859/514 563/860/514 562/857/514
f 561/858/515 562/857/515 565/861/515 564/862/515
f 562/857/516 563/860/516 566/863/516 565/861/516
f 491/853/517 524/851/517 558/855/517 527/864/517
f 524/851/518 523/850/518 559/856/518 558/855/518
f 523/850/519 522/849/519 560/859/519 559/856/519
f 522/849/520 492/848/520 528/865/520 560/859/520
f 560/859/521 528/865/521 529/866/521 563/860/521
f 563/860/522 529/866/522 530/867/522 566/863/522
f 566/863/523 530/867/523 488/868/523 500/869/523
f 565/861/524 566/863/524 500/869/524 499/870/524
f 564/862/525 565/861/525 499/870/525 498/871/525
f 525/872/526 564/862/526 498/871/526 487/873/526
f 526/874/527 561/858/527 564/862/527 525/872/527
f 527/864/528 558/855/528 561/858/528 526/874/528
f 567/875/529 568/876/529 571/877/529 570/878/529
f 568/876/530 569/879/530 572/880/530 571/877/530
f 570/878/531 571/877/531 574/881/531 573/882/531
f 571/877/532 572/880/532 575/883/532 574/881/532
f 489/884/533 509/885/533 567/875/533 495/886/533
f 509/885/534 508/887/534 568/876/534 567/875/534
f 508/887/535 507/888/535 569/879/535 568/876/535
f 507/888/536 493/833/536 518/844/536 569/879/536
f 569/879/537 518/844/537 517/854/537 572/880/537
f 572/880/538 517/854/538 516/852/538 575/883/538
f 575/883/539 516/852/539 491/853/539 527/889/539
f 574/881/540 575/883/540 527/889/540 526/890/540
f 573/882/541 574/881/541 526/890/541 525/891/541
f 497/892/542 573/882/542 525/891/542 487/893/542
f 496/894/543 570/878/543 573/882/543 497/892/543
f 495/886/544 567/875/544 570/878/544 496/894/544
f 576/895/545 577/896/545 580/897/545 579/898/545
f 577/896/546 578/899/546 581/900/546 580/897/546
f 579/898/547 580/897/547 583/901/547 582/902/547
f 580/897/548 581/900/548 584/903/548 583/901/548
f 494/828/549 512/904/549 576/895/549 519/845/549
f 512/904/550 511/905/550 577/896/550 576/895/550
f 511/905/551 510/906/551 578/899/551 577/896/551
f 510/906/552 490/907/552 503/908/552 578/899/552
f 578/899/553 503/908/553 502/909/553 581/900/553
f 581/900/554 502/909/554 501/910/554 584/903/554
f 584/903/555 501/910/555 488/911/555 530/912/555
f 583/901/556 584/903/556 530/912/556 529/913/556
f 582/902/557 583/901/557 529/913/557 528/914/557
f 521/847/558 582/902/558 528/914/558 492/848/558
f 520/846/559 579/898/559 582/902/559 521/847/559
f 519/845/560 576/895/560 579/898/560 520/846/560
o Cube.006
v -0.507701 1.417552 3.619003
v 1.809689 -0.473329 5.106989
v -1.088285 0.227748 3.950663
v 0.887792 -1.447879 5.224282
v -1.037955 1.933535 5.389612
v 1.842041 -0.226448 7.410143
v -1.729308 0.516674 5.409315
v 0.560427 -1.461018 6.916276
v -1.646954 0.669259 3.075924
v -0.793265 0.837490 3.721478
v -0.727039 1.231006 3.512899
v 0.073010 1.167704 3.669998
v 0.706275 0.505185 4.188460
v 1.968753 -0.043593 4.530614
v 1.813388 -0.814768 5.102210
v 1.778214 -1.303540 5.121234
v 1.892750 -2.259293 5.137131
v 0.469299 -1.347543 4.808709
v -0.143797 -0.612503 4.512680
v -0.807737 -0.229212 4.024157
v -1.908971 0.499483 4.968089
v -1.560222 0.383868 4.561676
v -1.537156 0.310093 4.051593
v 0.973403 -1.807896 5.672443
v 1.032834 -2.222446 6.342169
v 0.698019 -1.605427 6.614852
v -0.055167 -1.297814 6.867215
v -1.127717 -0.803103 6.586773
v -1.237430 0.020003 5.809890
v -1.455056 1.917909 5.402248
v -1.501909 1.392180 5.411705
v -1.761020 0.981800 5.412511
v 0.927720 -1.428900 7.287377
v 0.920214 -0.759984 6.879503
v 1.585988 -0.667875 7.480580
v 1.002603 0.392346 6.915500
v 0.234799 1.133670 6.481194
v -0.528697 1.636741 5.862493
v -0.780940 1.866522 3.770520
v -1.236590 2.723592 4.002713
v -0.937901 1.798036 4.960462
v 1.275850 -0.271556 6.467106
v 1.443709 -0.363599 6.027592
v 2.147835 -0.524619 5.638983
v -0.091870 0.691737 3.745187
v 0.725373 0.193558 3.769437
v 1.645378 -0.508482 4.298213
v -0.489811 0.455581 2.967983
v 0.449067 -0.227615 3.736200
v 1.156370 -0.777614 4.403842
v -0.526755 0.093781 3.801038
v 0.115442 -0.789087 3.721059
v 0.651393 -0.768659 4.680529
v -1.242330 -0.416969 4.318113
v -0.488517 -1.028134 4.809355
v 0.248391 -1.126868 5.323948
v -0.864390 -0.200844 5.028966
v -0.463625 -0.802288 5.388333
v 0.100956 -1.793169 5.859778
v -1.510741 -0.251155 5.388391
v -0.772070 -0.927034 5.889514
v 0.064260 -1.218749 6.224942
v -0.996397 0.414224 5.964127
v -0.443134 -0.172177 6.519053
v 0.223069 -0.791316 6.982255
v -1.112059 0.996706 6.148005
v -0.360725 0.313981 6.819533
v 0.493425 -0.442340 7.331200
v -0.844675 1.416566 6.118297
v -0.087603 0.814156 6.818509
v 0.727429 0.035229 7.171723
v -0.352345 1.699156 5.345825
v 0.523018 1.242573 5.927107
v 1.161392 0.390508 6.346847
v -0.129869 2.056029 4.631073
v 0.816025 1.231670 5.254080
v 1.500073 0.328922 5.804498
v 0.061162 1.745720 3.998049
v 1.002864 1.034111 4.545865
v 1.825241 0.238549 5.160835
v -1.817408 0.971472 3.653866
v -2.947387 1.521591 3.718485
v -1.705244 1.039812 4.848645
v -1.878597 1.626734 3.332764
v -1.824549 1.648788 4.077129
v -1.780900 1.630231 4.728426
v -1.298491 1.785004 3.585041
v -1.451411 1.923777 4.142159
v -1.699572 2.162473 4.665452
v 1.132212 -1.444488 6.780495
v 1.322619 -1.571763 6.351536
v 1.889501 -2.181911 5.949118
v 1.946252 -1.612848 7.289804
v 2.051465 -1.635348 6.615235
v 1.562762 -1.156449 5.758704
v 1.577806 -0.794275 6.791942
v 2.037831 -1.034888 6.445798
v 1.635875 -0.795877 5.687118
vn 0.5677 0.3413 -0.7491
vn 0.3016 -0.4240 -0.8540
vn -0.2444 -0.5862 -0.7724
vn 0.3503 -0.7783 -0.5210
vn 0.1875 -0.0630 -0.9802
vn 0.5146 0.2613 -0.8166
vn 0.5316 0.4124 -0.7399
vn 0.9318 -0.3178 -0.1755
vn 0.6084 -0.5195 -0.6000
vn 0.1869 -0.3596 -0.9142
vn -0.2572 -0.6569 -0.7087
vn -0.0848 -0.8973 -0.4331
vn -0.5677 -0.7164 -0.4056
vn -0.3230 -0.8130 -0.4844
vn -0.1189 -0.1476 -0.9819
vn 0.1510 0.5989 -0.7865
vn -0.7871 -0.4652 0.4052
vn -0.4125 -0.8308 -0.3736
vn -0.3822 -0.7260 -0.5717
vn -0.7000 -0.7086 0.0889
vn -0.3321 -0.4059 -0.8514
vn 0.0017 -0.7006 -0.7135
vn -0.2889 -0.8655 -0.4091
vn -0.4640 -0.8651 -0.1903
vn -0.1553 -0.7299 -0.6657
vn -0.6061 -0.5140 0.6070
vn -0.3899 -0.9199 -0.0425
vn -0.3531 -0.9308 -0.0941
vn -0.8970 -0.4334 0.0871
vn -0.8212 -0.2478 0.5140
vn -0.4522 -0.7202 -0.5261
vn -0.8317 -0.4351 0.3450
vn -0.7869 -0.2749 0.5525
vn -0.6744 -0.2542 0.6932
vn -0.4813 0.3102 0.8198
vn -0.2320 0.2736 0.9334
vn -0.6035 0.0009 0.7974
vn -0.5420 0.4283 0.7231
vn -0.2771 0.1955 0.9407
vn -0.4086 -0.2911 0.8651
vn 0.1449 0.0199 0.9892
vn -0.2019 -0.3806 0.9024
vn -0.0916 0.4286 0.8988
vn 0.1503 0.5736 0.8052
vn -0.0242 0.7523 0.6584
vn -0.0456 0.8090 0.5860
vn -0.7109 0.2633 0.6522
vn -0.7496 -0.0137 0.6617
vn 0.3714 0.8591 0.3521
vn 0.6701 0.6753 0.3080
vn 0.6629 0.7427 -0.0945
vn 0.7021 0.7025 0.1163
vn 0.3246 0.9456 0.0218
vn 0.3212 0.9035 0.2839
vn 0.6211 0.7173 0.3157
vn 0.8302 0.5034 -0.2394
vn 0.8881 0.1483 0.4350
vn 0.6935 0.4117 0.5913
vn 0.9865 -0.0092 -0.1634
vn 0.6156 0.5596 -0.5549
vn 0.6827 0.2496 -0.6867
vn 0.2858 0.4695 -0.8354
vn 0.5079 0.6766 -0.5332
vn -0.0052 0.7934 0.6086
vn -0.3375 0.4963 -0.7999
vn -0.5492 0.6126 0.5684
vn -0.3702 0.9181 -0.1416
vn -0.8464 0.4771 -0.2368
vn -0.6612 -0.7251 -0.1925
vn -0.5705 -0.7537 -0.3263
vn -0.8408 -0.3620 0.4026
vn -0.9751 0.1816 0.1276
vn -0.9548 0.2015 0.2187
vn -0.9134 0.1369 0.3833
vn 0.2709 0.9610 0.0563
vn -0.4260 0.8151 0.3926
vn -0.4202 0.3919 -0.8184
vn 0.2163 0.3825 -0.8983
vn 0.1295 -0.0734 -0.9889
vn 0.0997 0.2802 -0.9547
vn -0.1884 -0.9786 0.0824
vn 0.9156 -0.3902 0.0975
vn 0.8422 0.3979 0.3638
vn 0.8233 -0.1855 -0.5364
vn 0.0819 -0.9705 0.2268
vn 0.3605 -0.4924 0.7922
vn 0.1598 -0.9550 0.2499
vn -0.5074 -0.8473 -0.1569
vn 0.9676 0.2270 0.1108
vn 0.9449 -0.0868 0.3156
vn 0.7589 -0.6386 -0.1277
vn 0.9414 0.2119 0.2624
vn 0.6867 0.6782 0.2617
vn 0.9425 -0.0874 -0.3226
vn 0.1227 -0.1512 0.9809
vn -0.0298 -0.1521 0.9879
vt 0.437500 0.062500
vt 0.500000 0.062500
vt 0.500000 0.125000
vt 0.437500 0.125000
vt 0.562500 0.062500
vt 0.562500 0.125000
vt 0.500000 0.187500
vt 0.437500 0.187500
vt 0.562500 0.187500
vt 0.375000 0.000000
vt 0.437500 0.000000
vt 0.375000 0.062500
vt 0.500000 0.000000
vt 0.562500 0.000000
vt 0.625000 0.000000
vt 0.625000 0.062500
vt 0.625000 0.125000
vt 0.625000 0.187500
vt 0.625000 0.250000
vt 0.562500 0.250000
vt 0.500000 0.250000
vt 0.437500 0.250000
vt 0.375000 0.187500
vt 0.375000 0.250000
vt 0.375000 0.125000
vt 0.437500 0.312500
vt 0.500000 0.312500
vt 0.500000 0.375000
vt 0.437500 0.375000
vt 0.562500 0.312500
vt 0.562500 0.375000
vt 0.500000 0.437500
vt 0.437500 0.437500
vt 0.562500 0.437500
vt 0.375000 0.312500
vt 0.625000 0.312500
vt 0.625000 0.375000
vt 0.625000 0.437500
vt 0.625000 0.500000
vt 0.562500 0.500000
vt 0.500000 0.500000
vt 0.437500 0.500000
vt 0.375000 0.437500
vt 0.375000 0.500000
vt 0.375000 0.375000
vt 0.437500 0.562500
vt 0.500000 0.562500
vt 0.500000 0.625000
vt 0.437500 0.625000
vt 0.562500 0.562500
vt 0.562500 0.625000
vt 0.500000 0.687500
vt 0.437500 0.687500
vt 0.562500 0.687500
vt 0.375000 0.562500
vt 0.625000 0.562500
vt 0.625000 0.625000
vt 0.625000 0.687500
vt 0.625000 0.750000
vt 0.562500 0.750000
vt 0.500000 0.750000
vt 0.437500 0.750000
vt 0.375000 0.687500
vt 0.375000 0.750000
vt 0.375000 0.625000
vt 0.437500 0.812500
vt 0.500000 0.812500
vt 0.500000 0.875000
vt 0.437500 0.875000
vt 0.562500 0.812500
vt 0.562500 0.875000
vt 0.500000 0.937500
vt 0.437500 0.937500
vt 0.562500 0.937500
vt 0.375000 0.812500
vt 0.625000 0.812500
vt 0.625000 0.875000
vt 0.625000 0.937500
vt 0.625000 1.000000
vt 0.562500 1.000000
vt 0.500000 1.000000
vt 0.437500 1.000000
vt 0.375000 0.937500
vt 0.375000 1.000000
vt 0.375000 0.875000
vt 0.187500 0.562500
vt 0.250000 0.562500
vt 0.250000 0.625000
vt 0.187500 0.625000
vt 0.312500 0.562500
vt 0.312500 0.625000
vt 0.250000 0.687500
vt 0.187500 0.687500
vt 0.312500 0.687500
vt 0.125000 0.500000
vt 0.187500 0.500000
vt 0.125000 0.562500
vt 0.250000 0.500000
vt 0.312500 0.500000
vt 0.312500 0.750000
vt 0.250000 0.750000
vt 0.187500 0.750000
vt 0.125000 0.687500
vt 0.125000 0.750000
vt 0.125000 0.625000
vt 0.687500 0.562500
vt 0.750000 0.562500
vt 0.750000 0.625000
vt 0.687500 0.625000
vt 0.812500 0.562500
vt 0.812500 0.625000
vt 0.750000 0.687500
vt 0.687500 0.687500
vt 0.812500 0.687500
vt 0.687500 0.500000
vt 0.750000 0.500000
vt 0.812500 0.500000
vt 0.875000 0.500000
vt 0.875000 0.562500
vt 0.875000 0.625000
vt 0.875000 0.687500
vt 0.875000 0.750000
vt 0.812500 0.750000
vt 0.750000 0.750000
vt 0.687500 0.750000
s 0
usemtl Material.030
f 629/915/561 630/916/561 633/917/561 632/918/561
f 630/916/562 631/919/562 634/920/562 633/917/562
f 632/918/563 633/917/563 636/921/563 635/922/563
f 633/917/564 634/920/564 637/923/564 636/921/564
f 585/924/565 596/925/565 629/915/565 595/926/565
f 596/925/566 597/927/566 630/916/566 629/915/566
f 597/927/567 598/928/567 631/919/567 630/916/567
f 598/928/568 586/929/568 599/930/568 631/919/568
f 631/919/569 599/930/569 600/931/569 634/920/569
f 634/920/570 600/931/570 601/932/570 637/923/570
f 637/923/571 601/932/571 588/933/571 602/934/571
f 636/921/572 637/923/572 602/934/572 603/935/572
f 635/922/573 636/921/573 603/935/573 604/936/573
f 593/937/574 635/922/574 604/936/574 587/938/574
f 594/939/575 632/918/575 635/922/575 593/937/575
f 595/926/576 629/915/576 632/918/576 594/939/576
f 638/940/577 639/941/577 642/942/577 641/943/577
f 639/941/578 640/944/578 643/945/578 642/942/578
f 641/943/579 642/942/579 645/946/579 644/947/579
f 642/942/580 643/945/580 646/948/580 645/946/580
f 587/938/581 604/936/581 638/940/581 607/949/581
f 604/936/582 603/935/582 639/941/582 638/940/582
f 603/935/583 602/934/583 640/944/583 639/941/583
f 602/934/584 588/933/584 608/950/584 640/944/584
f 640/944/585 608/950/585 609/951/585 643/945/585
f 643/945/586 609/951/586 610/952/586 646/948/586
f 646/948/587 610/952/587 592/953/587 611/954/587
f 645/946/588 646/948/588 611/954/588 612/955/588
f 644/947/589 645/946/589 612/955/589 613/956/589
f 605/957/590 644/947/590 613/956/590 591/958/590
f 606/959/591 641/943/591 644/947/591 605/957/591
f 607/949/592 638/940/592 641/943/592 606/959/592
f 647/960/593 648/961/593 651/962/593 650/963/593
f 648/961/594 649/964/594 652/965/594 651/962/594
f 650/963/595 651/962/595 654/966/595 653/967/595
f 651/962/596 652/965/596 655/968/596 654/966/596
f 591/958/597 613/956/597 647/960/597 616/969/597
f 613/956/598 612/955/598 648/961/598 647/960/598
f 612/955/599 611/954/599 649/964/599 648/961/599
f 611/954/600 592/953/600 617/970/600 649/964/600
f 649/964/601 617/970/601 618/971/601 652/965/601
f 652/965/602 618/971/602 619/972/602 655/968/602
f 655/968/603 619/972/603 590/973/603 620/974/603
f 654/966/604 655/968/604 620/974/604 621/975/604
f 653/967/605 654/966/605 621/975/605 622/976/605
f 614/977/606 653/967/606 622/976/606 589/978/606
f 615/979/607 650/963/607 653/967/607 614/977/607
f 616/969/608 647/960/608 650/963/608 615/979/608
f 656/980/609 657/981/609 660/982/609 659/983/609
f 657/981/610 658/984/610 661/985/610 660/982/610
f 659/983/611 660/982/611 663/986/611 662/987/611
f 660/982/612 661/985/612 664/988/612 663/986/612
f 589/978/613 622/976/613 656/980/613 625/989/613
f 622/976/614 621/975/614 657/981/614 656/980/614
f 621/975/615 620/974/615 658/984/615 657/981/615
f 620/974/616 590/973/616 626/990/616 658/984/616
f 658/984/617 626/990/617 627/991/617 661/985/617
f 661/985/618 627/991/618 628/992/618 664/988/618
f 664/988/619 628/992/619 586/993/619 598/994/619
f 663/986/620 664/988/620 598/994/620 597/995/620
f 662/987/621 663/986/621 597/995/621 596/996/621
f 623/997/622 662/987/622 596/996/622 585/998/622
f 624/999/623 659/983/623 662/987/623 623/997/623
f 625/989/624 656/980/624 659/983/624 624/999/624
f 665/1000/625 666/1001/625 669/1002/625 668/1003/625
f 666/1001/626 667/1004/626 670/1005/626 669/1002/626
f 668/1003/627 669/1002/627 672/1006/627 671/1007/627
f 669/1002/628 670/1005/628 673/1008/628 672/1006/628
f 587/1009/629 607/1010/629 665/1000/629 593/1011/629
f 607/1010/630 606/1012/630 666/1001/630 665/1000/630
f 606/1012/631 605/1013/631 667/1004/631 666/1001/631
f 605/1013/632 591/958/632 616/969/632 667/1004/632
f 667/1004/633 616/969/633 615/979/633 670/1005/633
f 670/1005/634 615/979/634 614/977/634 673/1008/634
f 673/1008/635 614/977/635 589/978/635 625/1014/635
f 672/1006/636 673/1008/636 625/1014/636 624/1015/636
f 671/1007/637 672/1006/637 624/1015/637 623/1016/637
f 595/1017/638 671/1007/638 623/1016/638 585/1018/638
f 594/1019/639 668/1003/639 671/1007/639 595/1017/639
f 593/1011/640 665/1000/640 668/1003/640 594/1019/640
f 674/1020/641 675/1021/641 678/1022/641 677/1023/641
f 675/1021/642 676/1024/642 679/1025/642 678/1022/642
f 677/1023/643 678/1022/643 681/1026/643 680/1027/643
f 678/1022/644 679/1025/644 682/1028/644 681/1026/644
f 592/953/645 610/1029/645 674/1020/645 617/970/645
f 610/1029/646 609/1030/646 675/1021/646 674/1020/646
f 609/1030/647 608/1031/647 676/1024/647 675/1021/647
f 608/1031/648 588/1032/648 601/1033/648 676/1024/648
f 676/1024/649 601/1033/649 600/1034/649 679/1025/649
f 679/1025/650 600/1034/650 599/1035/650 682/1028/650
f 682/1028/651 599/1035/651 586/1036/651 628/1037/651
f 681/1026/652 682/1028/652 628/1037/652 627/1038/652
f 680/1027/653 681/1026/653 627/1038/653 626/1039/653
f 619/972/654 680/1027/654 626/1039/654 590/973/654
f 618/971/655 677/1023/655 680/1027/655 619/972/655
f 617/970/656 674/1020/656 677/1023/656 618/971/656
o Cube.005
v -1.860015 -0.766718 3.268685
v 0.713366 -1.475816 1.260023
v -2.250825 -0.519103 1.984682
v -0.046665 -1.101253 0.213383
v -2.475400 -2.545308 2.894009
v 0.692119 -3.661769 0.493427
v -2.938344 -1.911736 1.526484
v -0.378915 -2.599121 -0.571591
v -2.865653 0.123693 2.678231
v -2.052646 -0.592366 2.667840
v -2.047019 -0.575871 3.117776
v -1.247879 -0.748912 3.103693
v -0.522729 -0.981775 2.376581
v 0.807447 -1.149453 1.913337
v 0.770097 -1.326903 0.957991
v 0.811166 -1.134143 0.508931
v 1.072695 -0.751300 -0.334792
v -0.472976 -0.738331 0.424217
v -1.190904 -0.738472 1.123061
v -1.903168 -0.411933 1.583969
v -3.110305 -1.493139 1.676351
v -2.745215 -1.102579 1.796084
v -2.707680 -0.612544 1.952983
v 0.090948 -1.359237 -0.288908
v 0.209744 -1.792170 -0.938810
v -0.218618 -2.275773 -0.551766
v -1.012061 -2.579377 -0.489522
v -2.146616 -2.458255 -0.074958
v -2.377866 -2.098292 0.978625
v -2.885081 -2.519794 2.817281
v -2.849746 -2.301870 2.337764
v -3.041953 -2.109664 1.935689
v -0.023472 -2.974381 -0.652161
v -0.132182 -2.889493 0.119100
v 0.507308 -3.519462 0.034106
v -0.230057 -3.416881 1.142931
v -1.100896 -3.283643 1.885625
v -1.929274 -2.883194 2.495729
v -2.200661 -1.074126 3.566429
v -2.785423 -1.614258 4.168436
v -2.352744 -2.107728 2.971595
v 0.145904 -2.750316 0.781224
v 0.328855 -2.326743 0.911361
v 1.051937 -1.958795 1.031789
v -1.337291 -0.602860 2.624049
v -0.452747 -0.472728 2.281554
v 0.561730 -0.718956 1.554172
v -1.688691 0.227750 2.693170
v -0.660043 -0.243966 1.882138
v 0.119801 -0.664598 1.201378
v -1.674346 -0.367988 2.006777
v -0.902281 0.032150 1.341892
v -0.382209 -0.881467 1.020847
v -2.305200 -0.566040 1.230195
v -1.468771 -0.804877 0.577187
v -0.728805 -1.280979 0.368946
v -1.970018 -1.326809 1.169012
v -1.483003 -1.425100 0.532893
v -0.774382 -1.471219 -0.476358
v -2.603008 -1.582946 0.880561
v -1.771547 -1.802145 0.163487
v -0.902229 -2.041872 -0.126130
v -2.202007 -2.422274 1.297068
v -1.567947 -2.714536 0.611167
v -0.816642 -2.918318 -0.048932
v -2.407944 -2.826982 1.721657
v -1.564008 -3.198006 0.926873
v -0.606042 -3.400978 0.149376
v -2.208851 -2.997724 2.145766
v -1.371910 -3.429131 1.411075
v -0.448053 -3.476650 0.676231
v -1.761433 -2.456132 2.798034
v -0.829529 -2.850653 2.260888
v -0.069247 -2.914359 1.407875
v -1.592499 -1.978558 3.454623
v -0.534053 -2.259823 2.581123
v 0.278379 -2.423293 1.632931
v -1.351501 -1.289397 3.476518
v -0.314228 -1.550327 2.735389
v 0.617782 -1.827584 1.874054
v -3.084712 -0.513811 2.675650
v -4.286832 -0.723483 2.983232
v -2.992233 -1.629374 2.237801
v -3.244891 -0.497552 3.390002
v -3.199725 -1.182708 3.096729
v -3.157923 -1.765874 2.805856
v -2.698056 -0.834539 3.502377
v -2.874268 -1.385175 3.365364
v -3.159869 -1.940760 3.318956
v 0.184222 -2.525099 -0.419785
v 0.394853 -2.097742 -0.322521
v 1.052227 -1.516807 -0.615689
v 1.011233 -2.972491 -0.677261
v 1.123012 -2.361711 -0.392529
v 0.571372 -1.756294 0.336158
v 0.523303 -2.843665 0.216613
v 1.017347 -2.462550 0.214195
v 0.588038 -1.849973 0.698689
vn 0.5126 0.4901 0.7050
vn 0.3693 0.9288 0.0308
vn -0.1454 0.9637 -0.2241
vn 0.4703 0.7751 -0.4220
vn 0.2013 0.8979 0.3915
vn 0.4730 0.5889 0.6553
vn 0.4658 0.4542 0.7594
vn 0.9709 0.2256 -0.0799
vn 0.6856 0.7178 -0.1215
vn 0.2464 0.9642 0.0984
vn -0.1475 0.9371 -0.3164
vn 0.0585 0.7778 -0.6257
vn -0.4468 0.7113 -0.5426
vn -0.1897 0.8057 -0.5612
vn -0.0881 0.9575 0.2746
vn 0.0612 0.4448 0.8935
vn -0.7078 -0.1112 -0.6976
vn -0.2760 0.7197 -0.6371
vn -0.2610 0.8518 -0.4542
vn -0.5819 0.2712 -0.7667
vn -0.2595 0.9648 -0.0413
vn 0.1151 0.9412 -0.3177
vn -0.1483 0.7575 -0.6358
vn -0.3227 0.5725 -0.7537
vn -0.0357 0.9218 -0.3859
vn -0.5228 -0.2858 -0.8031
vn -0.2420 0.4570 -0.8559
vn -0.2036 0.5055 -0.8385
vn -0.8193 0.1705 -0.5475
vn -0.7761 -0.2992 -0.5552
vn -0.3314 0.8133 -0.4782
vn -0.7562 -0.0664 -0.6510
vn -0.7381 -0.3249 -0.5912
vn -0.6312 -0.4689 -0.6178
vn -0.5289 -0.8366 -0.1424
vn -0.2777 -0.9418 -0.1896
vn -0.6014 -0.6763 -0.4254
vn -0.6066 -0.7950 -0.0036
vn -0.3102 -0.9119 -0.2686
vn -0.3640 -0.6276 -0.6882
vn 0.1337 -0.9119 -0.3881
vn -0.1462 -0.6384 -0.7557
vn -0.1629 -0.9865 -0.0171
vn 0.0542 -0.9811 0.1858
vn -0.1450 -0.9117 0.3844
vn -0.1745 -0.8689 0.4632
vn -0.7474 -0.6487 -0.1436
vn -0.7427 -0.5370 -0.4001
vn 0.2311 -0.7093 0.6659
vn 0.5551 -0.6132 0.5620
vn 0.5401 -0.2780 0.7944
vn 0.5836 -0.4540 0.6732
vn 0.1736 -0.4445 0.8788
vn 0.1751 -0.6629 0.7280
vn 0.5001 -0.6344 0.5895
vn 0.7435 -0.0578 0.6663
vn 0.8515 -0.5201 0.0672
vn 0.6173 -0.7587 0.2081
vn 0.9770 0.0797 0.1978
vn 0.5247 0.2188 0.8227
vn 0.6401 0.4644 0.6121
vn 0.2148 0.5341 0.8177
vn 0.4000 0.1574 0.9029
vn -0.1324 -0.8856 0.4452
vn -0.4053 0.5359 0.7406
vn -0.6414 -0.7331 0.2263
vn -0.5074 -0.2349 0.8291
vn -0.9087 0.0728 0.4112
vn -0.5393 0.5294 -0.6549
vn -0.4443 0.6557 -0.6104
vn -0.7769 -0.1487 -0.6118
vn -0.9922 -0.1214 -0.0270
vn -0.9759 -0.2136 -0.0457
vn -0.9261 -0.3377 -0.1684
vn 0.1179 -0.4782 0.8703
vn -0.5500 -0.6692 0.4996
vn -0.4707 0.6030 0.6441
vn 0.1600 0.6328 0.7576
vn 0.1457 0.9143 0.3780
vn 0.0611 0.7356 0.6746
vn -0.0346 0.3546 -0.9344
vn 0.9644 0.0110 -0.2642
vn 0.7678 -0.5584 0.3141
vn 0.8456 0.5031 0.1786
vn 0.2302 0.2011 -0.9521
vn 0.4275 -0.5323 -0.7307
vn 0.3046 0.1680 -0.9375
vn -0.3686 0.5380 -0.7581
vn 0.9198 -0.2666 0.2879
vn 0.9449 -0.3166 -0.0833
vn 0.8497 0.3311 -0.4104
vn 0.8954 -0.3951 0.2055
vn 0.5713 -0.5738 0.5868
vn 0.9467 0.2598 0.1905
vn 0.1384 -0.8301 -0.5402
vn -0.0122 -0.8250 -0.5650
vt 0.437500 0.062500
vt 0.500000 0.062500
vt 0.500000 0.125000
vt 0.437500 0.125000
vt 0.562500 0.062500
vt 0.562500 0.125000
vt 0.500000 0.187500
vt 0.437500 0.187500
vt 0.562500 0.187500
vt 0.375000 0.000000
vt 0.437500 0.000000
vt 0.375000 0.062500
vt 0.500000 0.000000
vt 0.562500 0.000000
vt 0.625000 0.000000
vt 0.625000 0.062500
vt 0.625000 0.125000
vt 0.625000 0.187500
vt 0.625000 0.250000
vt 0.562500 0.250000
vt 0.500000 0.250000
vt 0.437500 0.250000
vt 0.375000 0.187500
vt 0.375000 0.250000
vt 0.375000 0.125000
vt 0.437500 0.312500
vt 0.500000 0.312500
vt 0.500000 0.375000
vt 0.437500 0.375000
vt 0.562500 0.312500
vt 0.562500 0.375000
vt 0.500000 0.437500
vt 0.437500 0.437500
vt 0.562500 0.437500
vt 0.375000 0.312500
vt 0.625000 0.312500
vt 0.625000 0.375000
vt 0.625000 0.437500
vt 0.625000 0.500000
vt 0.562500 0.500000
vt 0.500000 0.500000
vt 0.437500 0.500000
vt 0.375000 0.437500
vt 0.375000 0.500000
vt 0.375000 0.375000
vt 0.437500 0.562500
vt 0.500000 0.562500
vt 0.500000 0.625000
vt 0.437500 0.625000
vt 0.562500 0.562500
vt 0.562500 0.625000
vt 0.500000 0.687500
vt 0.437500 0.687500
vt 0.562500 0.687500
vt 0.375000 0.562500
vt 0.625000 0.562500
vt 0.625000 0.625000
vt 0.625000 0.687500
vt 0.625000 0.750000
vt 0.562500 0.750000
vt 0.500000 0.750000
vt 0.437500 0.750000
vt 0.375000 0.687500
vt 0.375000 0.750000
vt 0.375000 0.625000
vt 0.437500 0.812500
vt 0.500000 0.812500
vt 0.500000 0.875000
vt 0.437500 0.875000
vt 0.562500 0.812500
vt 0.562500 0.875000
vt 0.500000 0.937500
vt 0.437500 0.937500
vt 0.562500 0.937500
vt 0.375000 0.812500
vt 0.625000 0.812500
vt 0.625000 0.875000
vt 0.625000 0.937500
vt 0.625000 1.000000
vt 0.562500 1.000000
vt 0.500000 1.000000
vt 0.437500 1.000000
vt 0.375000 0.937500
vt 0.375000 1.000000
vt 0.375000 0.875000
vt 0.187500 0.562500
vt 0.250000 0.562500
vt 0.250000 0.625000
vt 0.187500 0.625000
vt 0.312500 0.562500
vt 0.312500 0.625000
vt 0.250000 0.687500
vt 0.187500 0.687500
vt 0.312500 0.687500
vt 0.125000 0.500000
vt 0.187500 0.500000
vt 0.125000 0.562500
vt 0.250000 0.500000
vt 0.312500 0.500000
vt 0.312500 0.750000
vt 0.250000 0.750000
vt 0.187500 0.750000
vt 0.125000 0.687500
vt 0.125000 0.750000
vt 0.125000 0.625000
vt 0.687500 0.562500
vt 0.750000 0.562500
vt 0.750000 0.625000
vt 0.687500 0.625000
vt 0.812500 0.562500
vt 0.812500 0.625000
vt 0.750000 0.687500
vt 0.687500 0.687500
vt 0.812500 0.687500
vt 0.687500 0.500000
vt 0.750000 0.500000
vt 0.812500 0.500000
vt 0.875000 0.500000
vt 0.875000 0.562500
vt 0.875000 0.625000
vt 0.875000 0.687500
vt 0.875000 0.750000
vt 0.812500 0.750000
vt 0.750000 0.750000
vt 0.687500 0.750000
s 0
usemtl Material.022
f 727/1040/657 728/1041/657 731/1042/657 730/1043/657
f 728/1041/658 729/1044/658 732/1045/658 731/1042/658
f 730/1043/659 731/1042/659 734/1046/659 733/1047/659
f 731/1042/660 732/1045/660 735/1048/660 734/1046/660
f 683/1049/661 694/1050/661 727/1040/661 693/1051/661
f 694/1050/662 695/1052/662 728/1041/662 727/1040/662
f 695/1052/663 696/1053/663 729/1044/663 728/1041/663
f 696/1053/664 684/1054/664 697/1055/664 729/1044/664
f 729/1044/665 697/1055/665 698/1056/665 732/1045/665
f 732/1045/666 698/1056/666 699/1057/666 735/1048/666
f 735/1048/667 699/1057/667 686/1058/667 700/1059/667
f 734/1046/668 735/1048/668 700/1059/668 701/1060/668
f 733/1047/669 734/1046/669 701/1060/669 702/1061/669
f 691/1062/670 733/1047/670 702/1061/670 685/1063/670
f 692/1064/671 730/1043/671 733/1047/671 691/1062/671
f 693/1051/672 727/1040/672 730/1043/672 692/1064/672
f 736/1065/673 737/1066/673 740/1067/673 739/1068/673
f 737/1066/674 738/1069/674 741/1070/674 740/1067/674
f 739/1068/675 740/1067/675 743/1071/675 742/1072/675
f 740/1067/676 741/1070/676 744/1073/676 743/1071/676
f 685/1063/677 702/1061/677 736/1065/677 705/1074/677
f 702/1061/678 701/1060/678 737/1066/678 736/1065/678
f 701/1060/679 700/1059/679 738/1069/679 737/1066/679
f 700/1059/680 686/1058/680 706/1075/680 738/1069/680
f 738/1069/681 706/1075/681 707/1076/681 741/1070/681
f 741/1070/682 707/1076/682 708/1077/682 744/1073/682
f 744/1073/683 708/1077/683 690/1078/683 709/1079/683
f 743/1071/684 744/1073/684 709/1079/684 710/1080/684
f 742/1072/685 743/1071/685 710/1080/685 711/1081/685
f 703/1082/686 742/1072/686 711/1081/686 689/1083/686
f 704/1084/687 739/1068/687 742/1072/687 703/1082/687
f 705/1074/688 736/1065/688 739/1068/688 704/1084/688
f 745/1085/689 746/1086/689 749/1087/689 748/1088/689
f 746/1086/690 747/1089/690 750/1090/690 749/1087/690
f 748/1088/691 749/1087/691 752/1091/691 751/1092/691
f 749/1087/692 750/1090/692 753/1093/692 752/1091/692
f 689/1083/693 711/1081/693 745/1085/693 714/1094/693
f 711/1081/694 710/1080/694 746/1086/694 745/1085/694
f 710/1080/695 709/1079/695 747/1089/695 746/1086/695
f 709/1079/696 690/1078/696 715/1095/696 747/1089/696
f 747/1089/697 715/1095/697 716/1096/697 750/1090/697
f 750/1090/698 716/1096/698 717/1097/698 753/1093/698
f 753/1093/699 717/1097/699 688/1098/699 718/1099/699
f 752/1091/700 753/1093/700 718/1099/700 719/1100/700
f 751/1092/701 752/1091/701 719/1100/701 720/1101/701
f 712/1102/702 751/1092/702 720/1101/702 687/1103/702
f 713/1104/703 748/1088/703 751/1092/703 712/1102/703
f 714/1094/704 745/1085/704 748/1088/704 713/1104/704
f 754/1105/705 755/1106/705 758/1107/705 757/1108/705
f 755/1106/706 756/1109/706 759/1110/706 758/1107/706
f 757/1108/707 758/1107/707 761/1111/707 760/1112/707
f 758/1107/708 759/1110/708 762/1113/708 761/1111/708
f 687/1103/709 720/1101/709 754/1105/709 723/1114/709
f 720/1101/710 719/1100/710 755/1106/710 754/1105/710
f 719/1100/711 718/1099/711 756/1109/711 755/1106/711
f 718/1099/712 688/1098/712 724/1115/712 756/1109/712
f 756/1109/713 724/1115/713 725/1116/713 759/1110/713
f 759/1110/714 725/1116/714 726/1117/714 762/1113/714
f 762/1113/715 726/1117/715 684/1118/715 696/1119/715
f 761/1111/716 762/1113/716 696/1119/716 695/1120/716
f 760/1112/717 761/1111/717 695/1120/717 694/1121/717
f 721/1122/718 760/1112/718 694/1121/718 683/1123/718
f 722/1124/719 757/1108/719 760/1112/719 721/1122/719
f 723/1114/720 754/1105/720 757/1108/720 722/1124/720
f 763/1125/721 764/1126/721 767/1127/721 766/1128/721
f 764/1126/722 765/1129/722 768/1130/722 767/1127/722
f 766/1128/723 767/1127/723 770/1131/723 769/1132/723
f 767/1127/724 768/1130/724 771/1133/724 770/1131/724
f 685/1134/725 705/1135/725 763/1125/725 691/1136/725
f 705/1135/726 704/1137/726 764/1126/726 763/1125/726
f 704/1137/727 703/1138/727 765/1129/727 764/1126/727
f 703/1138/728 689/1083/728 714/1094/728 765/1129/728
f 765/1129/729 714/1094/729 713/1104/729 768/1130/729
f 768/1130/730 713/1104/730 712/1102/730 771/1133/730
f 771/1133/731 712/1102/731 687/1103/731 723/1139/731
f 770/1131/732 771/1133/732 723/1139/732 722/1140/732
f 769/1132/733 770/1131/733 722/1140/733 721/1141/733
f 693/1142/734 769/1132/734 721/1141/734 683/1143/734
f 692/1144/735 766/1128/735 769/1132/735 693/1142/735
f 691/1136/736 763/1125/736 766/1128/736 692/1144/736
f 772/1145/737 773/1146/737 776/1147/737 775/1148/737
f 773/1146/738 774/1149/738 777/1150/738 776/1147/738
f 775/1148/739 776/1147/739 779/1151/739 778/1152/739
f 776/1147/740 777/1150/740 780/1153/740 779/1151/740
f 690/1078/741 708/1154/741 772/1145/741 715/1095/741
f 708/1154/742 707/1155/742 773/1146/742 772/1145/742
f 707/1155/743 706/1156/743 774/1149/743 773/1146/743
f 706/1156/744 686/1157/744 699/1158/744 774/1149/744
f 774/1149/745 699/1158/745 698/1159/745 777/1150/745
f 777/1150/746 698/1159/746 697/1160/746 780/1153/746
f 780/1153/747 697/1160/747 684/1161/747 726/1162/747
f 779/1151/748 780/1153/748 726/1162/748 725/1163/748
f 778/1152/749 779/1151/749 725/1163/749 724/1164/749
f 717/1097/750 778/1152/750 724/1164/750 688/1098/750
f 716/1096/751 775/1148/751 778/1152/751 717/1097/751
f 715/1095/752 772/1145/752 775/1148/752 716/1096/752
